fold,endpoint,epoch,age,candidate_exposures,candidate_share,drift_count,drift_mean,drift_minimum,drift_median,drift_p05,drift_p95,drift_maximum
0,control,1,1,0,,0,,,,,,
0,control,1,2,0,,0,,,,,,
0,control,1,3,0,,0,,,,,,
0,control,1,4,0,,0,,,,,,
0,control,1,5,0,,0,,,,,,
0,control,1,6,0,,0,,,,,,
0,control,1,7,0,,0,,,,,,
0,control,1,8,0,,0,,,,,,
0,control,2,1,0,,0,,,,,,
0,control,2,2,0,,0,,,,,,
0,control,2,3,0,,0,,,,,,
0,control,2,4,0,,0,,,,,,
0,control,2,5,0,,0,,,,,,
0,control,2,6,0,,0,,,,,,
0,control,2,7,0,,0,,,,,,
0,control,2,8,0,,0,,,,,,
0,control,3,1,0,,0,,,,,,
0,control,3,2,0,,0,,,,,,
0,control,3,3,0,,0,,,,,,
0,control,3,4,0,,0,,,,,,
0,control,3,5,0,,0,,,,,,
0,control,3,6,0,,0,,,,,,
0,control,3,7,0,,0,,,,,,
0,control,3,8,0,,0,,,,,,
0,control,4,1,0,,0,,,,,,
0,control,4,2,0,,0,,,,,,
0,control,4,3,0,,0,,,,,,
0,control,4,4,0,,0,,,,,,
0,control,4,5,0,,0,,,,,,
0,control,4,6,0,,0,,,,,,
0,control,4,7,0,,0,,,,,,
0,control,4,8,0,,0,,,,,,
0,control,5,1,0,,0,,,,,,
0,control,5,2,0,,0,,,,,,
0,control,5,3,0,,0,,,,,,
0,control,5,4,0,,0,,,,,,
0,control,5,5,0,,0,,,,,,
0,control,5,6,0,,0,,,,,,
0,control,5,7,0,,0,,,,,,
0,control,5,8,0,,0,,,,,,
0,control,6,1,478,0.17996987951807228,478,0.09315492839369315,0.054544247686862946,0.09471489489078522,0.06471176221966743,0.1191428430378437,0.1309061199426651
0,control,6,2,437,0.16453313253012047,437,0.1779127858187023,0.1045149490237236,0.17948026955127716,0.1213056355714798,0.23534282743930818,0.26948970556259155
0,control,6,3,391,0.14721385542168675,391,0.25308312628122853,0.1609138697385788,0.2520565092563629,0.1765654906630516,0.33763018250465393,0.3867933452129364
0,control,6,4,350,0.13177710843373494,350,0.31675749169928685,0.19509081542491913,0.3094179779291153,0.22913072630763054,0.42932398319244386,0.48571595549583435
0,control,6,5,312,0.11746987951807229,312,0.36648819180062187,0.22995169460773468,0.3519352376461029,0.275858111679554,0.4932385310530662,0.5660725235939026
0,control,6,6,271,0.10203313253012049,271,0.40621614280222085,0.2725421190261841,0.388502299785614,0.3135285973548889,0.5478110611438751,0.6160162687301636
0,control,6,7,227,0.08546686746987951,227,0.43750997668846064,0.318068265914917,0.42704784870147705,0.33884456753730774,0.5708037495613097,0.6330269575119019
0,control,6,8,190,0.07153614457831325,190,0.46092760594267596,0.35379093885421753,0.4445246011018753,0.3675906524062157,0.5796060234308241,0.6357778310775757
0,control,7,1,520,0.13068610203568737,520,0.0823953934945166,0.050900641828775406,0.07909409701824188,0.06267126947641373,0.10616547800600529,0.12145277112722397
0,control,7,2,526,0.1321940185976376,526,0.15793140056921956,0.09631579369306564,0.15407397598028183,0.12119016237556934,0.20358114689588547,0.22597317397594452
0,control,7,3,533,0.13395325458657953,533,0.22728235818319875,0.14573317766189575,0.22576302289962769,0.17223316729068755,0.29055699110031125,0.31463050842285156
0,control,7,4,505,0.12691631063081177,505,0.28718606251301154,0.19388101994991302,0.2884698212146759,0.21930423378944397,0.3608276903629303,0.3928394913673401
0,control,7,5,495,0.1244031163608947,495,0.34249298701984715,0.2248750925064087,0.34252065420150757,0.2627131849527359,0.42711301743984215,0.48903998732566833
0,control,7,6,486,0.12214124151796935,486,0.3873508107147099,0.25531965494155884,0.3872217684984207,0.3011809438467026,0.47573141008615494,0.5409024953842163
0,control,7,7,473,0.11887408896707716,473,0.4241456570257344,0.29082319140434265,0.42464232444763184,0.3404121041297913,0.5141939997673035,0.5795336365699768
0,control,7,8,441,0.11083186730334255,441,0.45173440532349135,0.32591328024864197,0.45333242416381836,0.3664487302303314,0.5331102609634399,0.5951910614967346
0,control,8,1,557,0.13591996095656417,557,0.07803165136135887,0.039069488644599915,0.0779586210846901,0.047153235971927644,0.1095586210489273,0.12340324372053146
0,control,8,2,527,0.1285993167398731,527,0.14796014445386757,0.08063674718141556,0.14386458694934845,0.09290467649698257,0.20496491342782974,0.23264425992965698
0,control,8,3,528,0.12884333821376281,528,0.21335669677478797,0.11414208263158798,0.2105478271842003,0.1392455592751503,0.29078652411699296,0.3242766559123993
0,control,8,4,543,0.13250366032210834,543,0.27507664666650045,0.1396513730287552,0.2754318416118622,0.1877393901348114,0.36705986559391024,0.4163711965084076
0,control,8,5,518,0.1264031234748658,518,0.32581934189013995,0.1780250072479248,0.3251176029443741,0.22959632202982902,0.4273927107453346,0.4860171973705292
0,control,8,6,496,0.12103465104929234,496,0.37044593460497355,0.20934543013572693,0.37227606773376465,0.2658192440867424,0.4737101122736931,0.5222697257995605
0,control,8,7,480,0.1171303074670571,480,0.40509887762988606,0.23491649329662323,0.4076317697763443,0.30788382291793825,0.5118045508861541,0.5588177442550659
0,control,8,8,449,0.10956564177647633,449,0.43039375218357434,0.3112703561782837,0.42860570549964905,0.3387905180454254,0.5359452962875366,0.5895881056785583
0,control,9,1,516,0.13316129032258064,516,0.0823496651308712,0.05483878776431084,0.0799410380423069,0.06257441453635693,0.10748538747429848,0.13094934821128845
0,control,9,2,514,0.13264516129032258,514,0.16086019353817874,0.10337043553590775,0.15417880564928055,0.12562299594283105,0.21630858927965163,0.2476554960012436
0,control,9,3,517,0.13341935483870968,517,0.23288617339309456,0.14946456253528595,0.22549669444561005,0.17931933999061583,0.3035171091556549,0.34535279870033264
0,control,9,4,494,0.12748387096774194,494,0.29669975573838,0.18259474635124207,0.29186318814754486,0.226157958060503,0.3769388273358345,0.4334830343723297
0,control,9,5,483,0.12464516129032258,483,0.34855033617705783,0.21681281924247742,0.3418194353580475,0.2747325003147125,0.43347427546977996,0.5009123682975769
0,control,9,6,467,0.12051612903225807,467,0.3871850001224869,0.26052552461624146,0.3788692057132721,0.3168734937906265,0.4786733269691467,0.5493946075439453
0,control,9,7,448,0.11561290322580645,448,0.4141868732736579,0.29729050397872925,0.40671494603157043,0.33944172561168673,0.5164953380823135,0.5884748697280884
0,control,9,8,436,0.11251612903225806,436,0.4300293293567972,0.280668169260025,0.4221924990415573,0.35528939962387085,0.5353051573038101,0.6034452319145203
0,control,10,1,532,0.13273453093812376,532,0.060104145472379106,0.04012148454785347,0.06049960106611252,0.045591524057090285,0.07647544853389263,0.08763422071933746
0,control,10,2,537,0.1339820359281437,537,0.11889331033054455,0.07715525478124619,0.11883368343114853,0.08773086965084076,0.15445982813835143,0.19570821523666382
0,control,10,3,527,0.1314870259481038,527,0.17361870526815049,0.10884515196084976,0.1743239164352417,0.12762545347213744,0.21789346784353256,0.27464959025382996
0,control,10,4,515,0.1284930139720559,515,0.22558156552824002,0.13919366896152496,0.22747665643692017,0.1670925572514534,0.28027881383895875,0.327106237411499
0,control,10,5,497,0.12400199600798403,497,0.27174362651179257,0.17062145471572876,0.27567633986473083,0.20550815761089325,0.32945106029510496,0.4063607454299927
0,control,10,6,479,0.11951097804391217,479,0.3123426567413115,0.20373599231243134,0.31303733587265015,0.24474746882915496,0.3799405753612518,0.44967421889305115
0,control,10,7,478,0.11926147704590818,478,0.3482556263273231,0.24603581428527832,0.345634788274765,0.28207080364227294,0.430231599509716,0.5208259224891663
0,control,10,8,443,0.11052894211576847,443,0.37751640974802575,0.26757580041885376,0.37160685658454895,0.3196502536535263,0.4526745110750198,0.5272416472434998
0,control,11,1,555,0.13612950699043413,555,0.048835512861475215,0.03431851044297218,0.04819576442241669,0.03828408569097519,0.06179581582546234,0.07504168897867203
0,control,11,2,556,0.1363747853814079,556,0.09343327327276306,0.065121591091156,0.09321878850460052,0.07401333376765251,0.11477965861558914,0.13453972339630127
0,control,11,3,532,0.13048810399803779,532,0.1348412091234573,0.09617245942354202,0.13426611572504044,0.10897040404379368,0.15981635227799415,0.1857261061668396
0,control,11,4,535,0.13122393917095904,535,0.17433413554017788,0.12559816241264343,0.17448052763938904,0.14352638721466066,0.20264598727226255,0.23764388263225555
0,control,11,5,524,0.12852587687024772,524,0.2111867141860132,0.15654107928276062,0.21035975962877274,0.1764512315392494,0.24723690971732137,0.2846528887748718
0,control,11,6,486,0.11920529801324503,486,0.24360481085478033,0.19440938532352448,0.24298612773418427,0.21050211042165756,0.2806442528963089,0.32161521911621094
0,control,11,7,468,0.11479028697571744,468,0.27250698530393785,0.21841953694820404,0.2728531062602997,0.23823732733726502,0.3107275605201721,0.3560662269592285
0,control,11,8,421,0.10326220259995095,421,0.29792225180357484,0.2352609485387802,0.2970742881298065,0.2589477300643921,0.3399192988872528,0.3840210437774658
0,control,12,1,519,0.1354384133611691,519,0.05094862992737105,0.03350839763879776,0.05060702562332153,0.03920928351581097,0.06361865773797035,0.07943936437368393
0,control,12,2,513,0.13387265135699375,513,0.09805155764778688,0.06497631222009659,0.09744875133037567,0.07674839794635772,0.1220360279083252,0.1457449048757553
0,control,12,3,501,0.13074112734864302,501,0.14070509693877187,0.09522552043199539,0.13925880193710327,0.11152586340904236,0.17596836388111115,0.203566774725914
0,control,12,4,479,0.125,479,0.17813709222698013,0.12695124745368958,0.17522233724594116,0.1458929032087326,0.21933744251728057,0.25519925355911255
0,control,12,5,462,0.12056367432150313,462,0.2105470329716608,0.14970006048679352,0.2086862102150917,0.17342697978019714,0.25645937472581865,0.2896749973297119
0,control,12,6,472,0.12317327766179541,472,0.23927759720107256,0.16438089311122894,0.23513485491275787,0.19739281833171846,0.29000074416399,0.3247823119163513
0,control,12,7,444,0.11586638830897704,444,0.2614644965878478,0.18557773530483246,0.25572502613067627,0.22025636285543443,0.3166093826293945,0.35808393359184265
0,control,12,8,442,0.11534446764091857,442,0.2818347651899131,0.2082493007183075,0.2778937667608261,0.2386603347957134,0.3370947107672691,0.3842884302139282
0,control,13,1,531,0.13477157360406092,531,0.04051042903782958,0.025669574737548828,0.04023629426956177,0.03204031474888325,0.04972480796277523,0.06358828395605087
0,control,13,2,518,0.1314720812182741,518,0.07778517411424847,0.05205061286687851,0.0768878422677517,0.06312649212777614,0.09524981565773487,0.11556930094957352
0,control,13,3,503,0.12766497461928933,503,0.11411874677623006,0.08041825145483017,0.11268002539873123,0.0919227011501789,0.1451809525489807,0.17673708498477936
0,control,13,4,500,0.12690355329949238,500,0.14851339761912824,0.10444764792919159,0.1460648849606514,0.11747123636305332,0.1910593472421169,0.23041070997714996
0,control,13,5,486,0.1233502538071066,486,0.17850418442499982,0.1212586984038353,0.1745583340525627,0.14149175956845284,0.2270153872668743,0.2685936987400055
0,control,13,6,488,0.12385786802030457,488,0.20514407592108014,0.13986948132514954,0.2027343437075615,0.16219662949442865,0.2552895575761795,0.29694128036499023
0,control,13,7,468,0.11878172588832488,468,0.2269528618353045,0.15718357264995575,0.2230781763792038,0.17844482511281967,0.2866899237036705,0.31663456559181213
0,control,13,8,446,0.1131979695431472,446,0.2445010129579514,0.16628190875053406,0.24385835230350494,0.19378133863210678,0.3056960999965668,0.3463984429836273
0,control,14,1,540,0.13537227375282027,540,0.03715075111637513,0.02504284307360649,0.036557428538799286,0.028917348198592662,0.04719427265226841,0.055290643125772476
0,control,14,2,525,0.13161193281524192,525,0.0718095325714066,0.04770473390817642,0.07036446779966354,0.057676558196544644,0.0903616040945053,0.10457982867956161
0,control,14,3,531,0.13311606919027325,531,0.10475066973496291,0.07204047590494156,0.10323983430862427,0.08343778178095818,0.13082265108823776,0.1459619700908661
0,control,14,4,538,0.13487089496114316,538,0.13470031121627993,0.09522588551044464,0.13333667069673538,0.10548644252121449,0.16569668650627134,0.18588270246982574
0,control,14,5,516,0.12935572825269492,516,0.16185931226079778,0.11102157831192017,0.1604308784008026,0.12639079242944717,0.1971426159143448,0.22096748650074005
0,control,14,6,472,0.11832539483579844,472,0.18678225788398314,0.13127431273460388,0.18741673231124878,0.1477799594402313,0.22520205229520798,0.26000532507896423
0,control,14,7,441,0.1105540235648032,441,0.20921823797988243,0.14806850254535675,0.2099456638097763,0.16386403143405914,0.2527429461479187,0.28615471720695496
0,control,14,8,426,0.10679368262722487,426,0.22847914272490802,0.16313566267490387,0.2286398559808731,0.17964119836688042,0.27203449606895447,0.30803367495536804
0,control,15,1,526,0.13438937148696986,526,0.03186008921636715,0.0185320395976305,0.03064793534576893,0.022700538393110037,0.04317416902631521,0.05115211755037308
0,control,15,2,520,0.13285641287685232,520,0.06200117017500675,0.03807666525244713,0.05936647765338421,0.04501097723841667,0.08605962693691252,0.10425956547260284
0,control,15,3,498,0.12723556463975472,498,0.09017250033087998,0.054541926831007004,0.08658074960112572,0.06581986919045449,0.12319190949201583,0.15219911932945251
0,control,15,4,485,0.12391415431783342,485,0.11632068862312848,0.0675516128540039,0.11427217721939087,0.08186164498329163,0.15504882931709288,0.19000306725502014
0,control,15,5,478,0.12212570260602963,478,0.14272970592439424,0.0830792486667633,0.14354806393384933,0.09836311973631381,0.18695851191878318,0.21542702615261078
0,control,15,6,474,0.12110373019928462,474,0.1637373315131111,0.1009005457162857,0.16597536206245422,0.11472731418907642,0.20877326130867,0.23759812116622925
0,control,15,7,474,0.12110373019928462,474,0.18624668566800873,0.11897775530815125,0.1862863451242447,0.13204915970563888,0.24379837214946745,0.27189329266548157
0,control,15,8,459,0.1172713336739908,459,0.2030915524769972,0.12635698914527893,0.20165258646011353,0.1507444202899933,0.25890539586544037,0.2832863926887512
0,control,16,1,532,0.1383975026014568,532,0.01979926292420386,0.013810619711875916,0.019138329662382603,0.015879547875374555,0.027333412040024995,0.031036054715514183
0,control,16,2,525,0.136576482830385,525,0.038410996493129505,0.027244549244642258,0.03679546341300011,0.03105698712170124,0.053658856451511375,0.06580925732851028
0,control,16,3,508,0.13215400624349635,508,0.056742488149934864,0.0403839610517025,0.05406833626329899,0.04512001797556877,0.07888556383550166,0.09538432955741882
0,control,16,4,489,0.12721123829344433,489,0.07429364853079577,0.050695016980171204,0.07090064138174057,0.05778759717941284,0.10533380657434463,0.12436293065547943
0,control,16,5,477,0.1240894901144641,477,0.0904050461432469,0.059033386409282684,0.08652033656835556,0.0687515914440155,0.12618851363658906,0.15837781131267548
0,control,16,6,448,0.11654526534859522,448,0.1064022963068315,0.0688440129160881,0.1001710519194603,0.07987252920866013,0.15689103007316582,0.193780779838562
0,control,16,7,437,0.11368366285119667,437,0.12442325355668363,0.0782058909535408,0.114562027156353,0.09218718260526657,0.19201700985431672,0.2546880543231964
0,control,16,8,428,0.1113423517169615,428,0.1410659830146861,0.09405949711799622,0.12657955288887024,0.10430063717067242,0.21927584856748578,0.2628980576992035
0,control,17,1,550,0.13781007266349285,550,0.017525774530050428,0.010566926561295986,0.017571276053786278,0.012049341108649969,0.02358944471925497,0.030845824629068375
0,control,17,2,545,0.13655725382109746,545,0.033609614606707465,0.01990830898284912,0.03420663997530937,0.023432590439915656,0.04393032044172287,0.05196665599942207
0,control,17,3,531,0.13304936106239038,531,0.04830381729887367,0.027954932302236557,0.04825912043452263,0.034821683540940285,0.06323666125535965,0.07492179423570633
0,control,17,4,524,0.13129541468303682,524,0.06211660284804934,0.04029877483844757,0.06227041035890579,0.045802860893309115,0.08126081600785255,0.0935952365398407
0,control,17,5,499,0.1250313204710599,499,0.07387188766039685,0.04903692379593849,0.07407208532094955,0.055259689688682556,0.09188434556126594,0.10621513426303864
0,control,17,6,460,0.11525933350037584,460,0.08571395414840915,0.05591560900211334,0.08551773056387901,0.06506364159286022,0.10768556371331214,0.11957268416881561
0,control,17,7,450,0.11275369581558507,450,0.09631522158781687,0.06486692279577255,0.09606580436229706,0.07519299015402794,0.11878344640135763,0.13477301597595215
0,control,17,8,432,0.10824354798296167,432,0.10672991222667473,0.07420319318771362,0.1055821031332016,0.08510424718260765,0.1314712718129158,0.14843237400054932
0,control,18,1,534,0.13018039980497317,534,0.009492082338194164,0.006088221445679665,0.009152031037956476,0.00683200997300446,0.015235538501292466,0.01891462877392769
0,control,18,2,523,0.12749878108239884,523,0.01803905236575731,0.010480139404535294,0.01649242825806141,0.011958160437643528,0.03325075209140777,0.04281396418809891
0,control,18,3,527,0.12847391516333495,527,0.027175388138112128,0.014761119149625301,0.02327822707593441,0.017307733930647374,0.0527397222816944,0.06797861307859421
0,control,18,4,533,0.12993661628473915,533,0.036404516855446975,0.018752599135041237,0.030090678483247757,0.022409652173519135,0.06782179474830627,0.08484423160552979
0,control,18,5,526,0.12823013164310093,526,0.04576285338886224,0.02316625602543354,0.03600503131747246,0.027505200821906328,0.089235695078969,0.1092752069234848
0,control,18,6,521,0.12701121404193078,521,0.054910634885651136,0.027791429311037064,0.04247894138097763,0.03239976242184639,0.10271712392568588,0.11862477660179138
0,control,18,7,476,0.11604095563139932,476,0.0635807722368661,0.033653222024440765,0.04965175315737724,0.03754230309277773,0.11621055565774441,0.1354874223470688
0,control,18,8,462,0.11262798634812286,462,0.07423329267054152,0.0381881408393383,0.05788889341056347,0.04205802958458662,0.1248479526489973,0.1433245986700058
0,control,19,1,527,0.13890353189246177,527,0.00570196343013271,0.004016004502773285,0.005430666729807854,0.004526053043082357,0.008855348546057937,0.011964380741119385
0,control,19,2,518,0.13653136531365315,518,0.010004757240083801,0.006864564027637243,0.009188687428832054,0.007596016488969326,0.017796836514025926,0.024243758991360664
0,control,19,3,504,0.13284132841328414,504,0.014474240567771688,0.009524325840175152,0.01300695538520813,0.010754201235249639,0.024702862650156015,0.03134365379810333
0,control,19,4,486,0.12809699525566684,486,0.018978357723235716,0.011861927807331085,0.01690022274851799,0.013725666096433997,0.03093780903145671,0.03866804763674736
0,control,19,5,469,0.12361623616236163,469,0.02322301629192031,0.013993489556014538,0.020353278145194054,0.016376446932554245,0.03875627219676971,0.04377394914627075
0,control,19,6,450,0.11860832894043226,450,0.027506954852077697,0.016159504652023315,0.024228527210652828,0.018894893396645785,0.04350392092019319,0.048127271234989166
0,control,19,7,432,0.11386399578281498,432,0.03176513991611837,0.018483934924006462,0.028854073956608772,0.021570047363638878,0.04737030863761901,0.05253114178776741
0,control,19,8,408,0.10753821823932525,408,0.036947415908798575,0.020764091983437538,0.0354610700160265,0.02461815029382706,0.05241892430931329,0.05738383159041405
0,control,20,1,538,0.13336638572136836,538,0.0034797851798612778,0.0025192711036652327,0.0033061779104173183,0.0028363925870507956,0.005346945230849087,0.007101194933056831
0,control,20,2,527,0.13063956370847793,527,0.004708634361189983,0.003030714811757207,0.004103664308786392,0.0034305864945054056,0.009615017287433147,0.014409086667001247
0,control,20,3,511,0.12667327714427368,511,0.006291911853459133,0.0035166821908205748,0.0050134663470089436,0.004104761406779289,0.013225445989519358,0.01694295182824135
0,control,20,4,516,0.1279127416955875,516,0.007977601684911479,0.00413159467279911,0.006055710604414344,0.004890733165666461,0.016431617084890604,0.02126900665462017
0,control,20,5,503,0.12469013386217154,503,0.009623573243129206,0.004973814822733402,0.007096730172634125,0.0057271331083029505,0.02035987079143524,0.024769531562924385
0,control,20,6,490,0.12146752602875557,490,0.011843298786148733,0.005701660644263029,0.00836806371808052,0.006637368001975119,0.023790648952126497,0.028447717428207397
0,control,20,7,490,0.12146752602875557,490,0.01423321047664753,0.006554146762937307,0.00996454106643796,0.007516168383881449,0.027119581494480363,0.032122742384672165
0,control,20,8,459,0.11378284581060982,459,0.01636704429273934,0.007725864183157682,0.014345871284604073,0.008401209022849798,0.02865528110414743,0.033670756965875626
0,instance_memory,1,1,0,,0,,,,,,
0,instance_memory,1,2,0,,0,,,,,,
0,instance_memory,1,3,0,,0,,,,,,
0,instance_memory,1,4,0,,0,,,,,,
0,instance_memory,1,5,0,,0,,,,,,
0,instance_memory,1,6,0,,0,,,,,,
0,instance_memory,1,7,0,,0,,,,,,
0,instance_memory,1,8,0,,0,,,,,,
0,instance_memory,2,1,0,,0,,,,,,
0,instance_memory,2,2,0,,0,,,,,,
0,instance_memory,2,3,0,,0,,,,,,
0,instance_memory,2,4,0,,0,,,,,,
0,instance_memory,2,5,0,,0,,,,,,
0,instance_memory,2,6,0,,0,,,,,,
0,instance_memory,2,7,0,,0,,,,,,
0,instance_memory,2,8,0,,0,,,,,,
0,instance_memory,3,1,0,,0,,,,,,
0,instance_memory,3,2,0,,0,,,,,,
0,instance_memory,3,3,0,,0,,,,,,
0,instance_memory,3,4,0,,0,,,,,,
0,instance_memory,3,5,0,,0,,,,,,
0,instance_memory,3,6,0,,0,,,,,,
0,instance_memory,3,7,0,,0,,,,,,
0,instance_memory,3,8,0,,0,,,,,,
0,instance_memory,4,1,0,,0,,,,,,
0,instance_memory,4,2,0,,0,,,,,,
0,instance_memory,4,3,0,,0,,,,,,
0,instance_memory,4,4,0,,0,,,,,,
0,instance_memory,4,5,0,,0,,,,,,
0,instance_memory,4,6,0,,0,,,,,,
0,instance_memory,4,7,0,,0,,,,,,
0,instance_memory,4,8,0,,0,,,,,,
0,instance_memory,5,1,0,,0,,,,,,
0,instance_memory,5,2,0,,0,,,,,,
0,instance_memory,5,3,0,,0,,,,,,
0,instance_memory,5,4,0,,0,,,,,,
0,instance_memory,5,5,0,,0,,,,,,
0,instance_memory,5,6,0,,0,,,,,,
0,instance_memory,5,7,0,,0,,,,,,
0,instance_memory,5,8,0,,0,,,,,,
0,instance_memory,6,1,478,0.17996987951807228,478,0.08760464514087433,0.0488506518304348,0.07875533401966095,0.05293422844260931,0.14332385882735252,0.1628865897655487
0,instance_memory,6,2,437,0.16453313253012047,437,0.17441864381597572,0.09895554929971695,0.16045501828193665,0.10419196784496307,0.28176363110542296,0.3349568247795105
0,instance_memory,6,3,391,0.14721385542168675,391,0.2617093716054926,0.14511530101299286,0.2515796720981598,0.15467846393585205,0.4096798747777939,0.49095961451530457
0,instance_memory,6,4,350,0.13177710843373494,350,0.3455470255443028,0.19261102378368378,0.3295091688632965,0.2050748847424984,0.5260082215070725,0.5976186990737915
0,instance_memory,6,5,312,0.11746987951807229,312,0.42325465748898494,0.23586596548557281,0.4101642817258835,0.25454228222370145,0.6290236979722976,0.6861134767532349
0,instance_memory,6,6,271,0.10203313253012049,271,0.4980204104277481,0.2884451150894165,0.48268452286720276,0.3151283413171768,0.7131957709789276,0.7464796900749207
0,instance_memory,6,7,227,0.08546686746987951,227,0.5728292601749235,0.3563831150531769,0.5743783116340637,0.3872758984565735,0.7821679413318634,0.8138457536697388
0,instance_memory,6,8,190,0.07153614457831325,190,0.635829822170107,0.4074680209159851,0.6338188946247101,0.45028842240571976,0.828263708949089,0.8718906044960022
0,instance_memory,7,1,520,0.13068610203568737,520,0.0847084734445581,0.06277446448802948,0.08434377610683441,0.06734521314501762,0.10596718117594718,0.11585087329149246
0,instance_memory,7,2,526,0.1321940185976376,526,0.1665280929309787,0.11868150532245636,0.16879082471132278,0.12685874477028847,0.20204295590519905,0.2313011735677719
0,instance_memory,7,3,533,0.13395325458657953,533,0.2406297643681181,0.15877993404865265,0.24548979103565216,0.1788105845451355,0.2903421103954315,0.3182052671909332
0,instance_memory,7,4,505,0.12691631063081177,505,0.3096909148563253,0.20943564176559448,0.3162185549736023,0.23007974326610564,0.3727177560329437,0.41041210293769836
0,instance_memory,7,5,495,0.1244031163608947,495,0.37105527679727535,0.2459411770105362,0.3856230676174164,0.2706025630235672,0.4448250234127044,0.48460447788238525
0,instance_memory,7,6,486,0.12214124151796935,486,0.4276120624056569,0.2830560803413391,0.44840107858181,0.31320495903491974,0.5043752044439316,0.529885470867157
0,instance_memory,7,7,473,0.11887408896707716,473,0.4786761465460755,0.3239213228225708,0.5015854239463806,0.35978140830993655,0.5692908644676209,0.613807737827301
0,instance_memory,7,8,441,0.11083186730334255,441,0.5244216438458891,0.37138885259628296,0.5456750392913818,0.4007495045661926,0.6231967210769653,0.6629238724708557
0,instance_memory,8,1,557,0.13591996095656417,557,0.09277296896281534,0.06194640323519707,0.0930071622133255,0.07183431088924408,0.11313062161207198,0.12801899015903473
0,instance_memory,8,2,527,0.1285993167398731,527,0.18263708838249293,0.12622295320034027,0.18373335897922516,0.14321091026067734,0.21700933575630188,0.24879257380962372
0,instance_memory,8,3,528,0.12884333821376281,528,0.2701516812385032,0.1928054690361023,0.27278538048267365,0.22010916024446486,0.31449615955352783,0.3476324677467346
0,instance_memory,8,4,543,0.13250366032210834,543,0.3532733557742384,0.26591503620147705,0.3561805188655853,0.29527390003204346,0.4018651515245438,0.4384484887123108
0,instance_memory,8,5,518,0.1264031234748658,518,0.43071424057815066,0.33668607473373413,0.43386827409267426,0.37203159332275393,0.480887471139431,0.5161682963371277
0,instance_memory,8,6,496,0.12103465104929234,496,0.506179862144974,0.4139101803302765,0.5076619684696198,0.4491059482097626,0.554723396897316,0.6043984889984131
0,instance_memory,8,7,480,0.1171303074670571,480,0.5722908147921165,0.47057339549064636,0.5738594830036163,0.5167990088462829,0.6216377675533294,0.657093346118927
0,instance_memory,8,8,449,0.10956564177647633,449,0.6335995181366171,0.5263221263885498,0.6335775256156921,0.5793524980545044,0.6860038042068481,0.7234562039375305
0,instance_memory,9,1,516,0.13316129032258064,516,0.08450721829494302,0.04717990383505821,0.0762333832681179,0.05270789563655853,0.12895631417632103,0.1419689953327179
0,instance_memory,9,2,514,0.13264516129032258,514,0.16942461655413593,0.09189344197511673,0.16189687699079514,0.10526993870735168,0.25124483555555344,0.27729108929634094
0,instance_memory,9,3,517,0.13341935483870968,517,0.251828503735522,0.13929376006126404,0.2406492829322815,0.16103815138339997,0.3625814437866211,0.39704325795173645
0,instance_memory,9,4,494,0.12748387096774194,494,0.33451314973324414,0.19655956327915192,0.3320474177598953,0.21764426156878472,0.45642289966344834,0.5011044144630432
0,instance_memory,9,5,483,0.12464516129032258,483,0.41266385782085835,0.2548225224018097,0.4214076101779938,0.2770002633333206,0.5348939895629883,0.5821704864501953
0,instance_memory,9,6,467,0.12051612903225807,467,0.48336436814873834,0.30583202838897705,0.4953051805496216,0.3414907693862915,0.6018820643424988,0.6461859345436096
0,instance_memory,9,7,448,0.11561290322580645,448,0.5463040028033512,0.3633972704410553,0.5610157251358032,0.3993939757347107,0.6624260097742081,0.7130164504051208
0,instance_memory,9,8,436,0.11251612903225806,436,0.5971659829310321,0.42132511734962463,0.6140018999576569,0.4550282284617424,0.71255923807621,0.7631993889808655
0,instance_memory,10,1,532,0.13273453093812376,532,0.07439980256770339,0.036177895963191986,0.07764327898621559,0.04311410766094923,0.10311734117567539,0.11891581118106842
0,instance_memory,10,2,537,0.1339820359281437,537,0.14728155284010055,0.07379581779241562,0.14659014344215393,0.0877488449215889,0.20433130860328674,0.22836178541183472
0,instance_memory,10,3,527,0.1314870259481038,527,0.2170019381214817,0.11213351786136627,0.22210925817489624,0.12854677587747573,0.29920600950717924,0.32967785000801086
0,instance_memory,10,4,515,0.1284930139720559,515,0.2827041716251558,0.1497473418712616,0.28714847564697266,0.17504945248365403,0.38723598122596736,0.4125756025314331
0,instance_memory,10,5,497,0.12400199600798403,497,0.3422546671849621,0.18732281029224396,0.3480561077594757,0.21771189868450164,0.4705946385860443,0.5118178725242615
0,instance_memory,10,6,479,0.11951097804391217,479,0.4025249605636756,0.22473110258579254,0.40979716181755066,0.26230457723140715,0.5492170512676239,0.6074689626693726
0,instance_memory,10,7,478,0.11926147704590818,478,0.46354504397224683,0.2729661762714386,0.4758962243795395,0.2990604639053345,0.6197926789522171,0.6867386698722839
0,instance_memory,10,8,443,0.11052894211576847,443,0.5261608816296468,0.29674115777015686,0.5485907196998596,0.3345379769802094,0.6755190014839172,0.7383556365966797
0,instance_memory,11,1,555,0.13612950699043413,555,0.0625035694993294,0.03708651289343834,0.06635323166847229,0.04168978594243526,0.07955006211996078,0.08850627392530441
0,instance_memory,11,2,556,0.1363747853814079,556,0.12248728499352503,0.07239982485771179,0.1297828108072281,0.08318166434764862,0.15495096519589424,0.17326056957244873
0,instance_memory,11,3,532,0.13048810399803779,532,0.18168760331949793,0.1087326779961586,0.19227280467748642,0.1249238595366478,0.22670084238052368,0.25151708722114563
0,instance_memory,11,4,535,0.13122393917095904,535,0.24008710668465802,0.1486048698425293,0.2548404932022095,0.1654421553015709,0.2945434510707855,0.3128119707107544
0,instance_memory,11,5,524,0.12852587687024772,524,0.3003743054302594,0.19927184283733368,0.3142980486154556,0.21129464656114577,0.3739676460623741,0.4191426932811737
0,instance_memory,11,6,486,0.11920529801324503,486,0.35723116162995744,0.2344938963651657,0.36834776401519775,0.25540679693222046,0.4494831711053848,0.508246660232544
0,instance_memory,11,7,468,0.11479028697571744,468,0.4118871156476502,0.28342029452323914,0.4209968000650406,0.30372770726680753,0.5286234080791473,0.578662097454071
0,instance_memory,11,8,421,0.10326220259995095,421,0.4675387533430249,0.3332122564315796,0.4676259756088257,0.3547733426094055,0.6021726727485657,0.6538338661193848
0,instance_memory,12,1,519,0.1354384133611691,519,0.054557883096338466,0.03330753371119499,0.049958519637584686,0.03886331059038639,0.07939642444252967,0.08659540116786957
0,instance_memory,12,2,513,0.13387265135699375,513,0.10819761710673513,0.06661143153905869,0.09952855855226517,0.07639477998018265,0.1588450014591217,0.17549850046634674
0,instance_memory,12,3,501,0.13074112734864302,501,0.16040592530589856,0.10194414854049683,0.14689621329307556,0.11271177977323532,0.2302251011133194,0.2623389959335327
0,instance_memory,12,4,479,0.125,479,0.20785706778035531,0.13750846683979034,0.19282396137714386,0.14656445980072022,0.2931576639413833,0.324008047580719
0,instance_memory,12,5,462,0.12056367432150313,462,0.25578270913847595,0.1650255173444748,0.2440793588757515,0.1813962899148464,0.35254763215780255,0.3850778341293335
0,instance_memory,12,6,472,0.12317327766179541,472,0.308842145664207,0.19351449608802795,0.30533014237880707,0.2114781253039837,0.41939579844474795,0.45405158400535583
0,instance_memory,12,7,444,0.11586638830897704,444,0.35647011088492636,0.2262515276670456,0.3604097217321396,0.24093517288565636,0.4718707293272018,0.5227726101875305
0,instance_memory,12,8,442,0.11534446764091857,442,0.4083182068701783,0.2565505802631378,0.41078753769397736,0.2755304217338562,0.5343850821256637,0.5945205688476562
0,instance_memory,13,1,531,0.13477157360406092,531,0.049755263273830466,0.03305579349398613,0.047322265803813934,0.03719666600227356,0.08222075551748276,0.10004056245088577
0,instance_memory,13,2,518,0.1314720812182741,518,0.09953582626282018,0.06660927087068558,0.09309570491313934,0.07360116988420487,0.15761522650718687,0.1731177717447281
0,instance_memory,13,3,503,0.12766497461928933,503,0.15090840272827605,0.10219290852546692,0.1378675401210785,0.10948070138692856,0.23755663633346555,0.25718966126441956
0,instance_memory,13,4,500,0.12690355329949238,500,0.20538505247235297,0.13291321694850922,0.18266421556472778,0.14637066423892975,0.3131847500801086,0.3517444431781769
0,instance_memory,13,5,486,0.1233502538071066,486,0.25480699848858906,0.16619473695755005,0.22901981323957443,0.18266452848911285,0.3727542385458946,0.41540583968162537
0,instance_memory,13,6,488,0.12385786802030457,488,0.3047279024221858,0.19766820967197418,0.2785002440214157,0.21975758895277978,0.428272071480751,0.46691301465034485
0,instance_memory,13,7,468,0.11878172588832488,468,0.3524431660452969,0.22609303891658783,0.3280414789915085,0.25386885106563567,0.4779995560646057,0.509032130241394
0,instance_memory,13,8,446,0.1131979695431472,446,0.39563509795163243,0.25729939341545105,0.39671529829502106,0.2897997945547104,0.5210494250059128,0.5654783844947815
0,instance_memory,14,1,540,0.13537227375282027,540,0.052809456728950696,0.0348246730864048,0.05332912132143974,0.04027613550424576,0.06626272946596146,0.07370226085186005
0,instance_memory,14,2,525,0.13161193281524192,525,0.10426535861832754,0.06970369815826416,0.10417947918176651,0.07899913489818573,0.1292197436094284,0.14416632056236267
0,instance_memory,14,3,531,0.13311606919027325,531,0.15465897353972868,0.10548371076583862,0.15643812716007233,0.11817426607012749,0.18922048062086105,0.21255116164684296
0,instance_memory,14,4,538,0.13487089496114316,538,0.20290927057151015,0.14605292677879333,0.2060207799077034,0.15886638686060905,0.24580003097653386,0.27860227227211
0,instance_memory,14,5,516,0.12935572825269492,516,0.2470771773436735,0.1789497435092926,0.2514825910329819,0.1961376555263996,0.292633019387722,0.3280861973762512
0,instance_memory,14,6,472,0.11832539483579844,472,0.29072086449901935,0.21180963516235352,0.2925907075405121,0.23611330315470697,0.3479327231645584,0.3910391628742218
0,instance_memory,14,7,441,0.1105540235648032,441,0.3304555087673421,0.25030386447906494,0.33229902386665344,0.27668607234954834,0.3866632580757141,0.44354644417762756
0,instance_memory,14,8,426,0.10679368262722487,426,0.36916746017238905,0.2899318039417267,0.3681859076023102,0.32031363993883133,0.4202612042427063,0.452027827501297
0,instance_memory,15,1,526,0.13438937148696986,526,0.04334821225898234,0.026259522885084152,0.04111180454492569,0.029937272891402245,0.06245969794690609,0.06902280449867249
0,instance_memory,15,2,520,0.13285641287685232,520,0.08576092262250873,0.05276716873049736,0.08388745039701462,0.05904321037232876,0.12539069354534146,0.14084523916244507
0,instance_memory,15,3,498,0.12723556463975472,498,0.12581535965862523,0.07929258793592453,0.12086647748947144,0.08808657675981521,0.17700445055961608,0.20427075028419495
0,instance_memory,15,4,485,0.12391415431783342,485,0.16554709311920343,0.10510337352752686,0.15858733654022217,0.1183743879199028,0.2270556002855301,0.26989850401878357
0,instance_memory,15,5,478,0.12212570260602963,478,0.21035913063143089,0.1300695687532425,0.2041851058602333,0.14849153086543082,0.28760352581739423,0.3405236303806305
0,instance_memory,15,6,474,0.12110373019928462,474,0.2506685310400991,0.15911370515823364,0.24591436237096786,0.18219831064343453,0.3323618292808533,0.38546833395957947
0,instance_memory,15,7,474,0.12110373019928462,474,0.29517764396934065,0.1923595368862152,0.2861908972263336,0.21837296187877656,0.39175963401794434,0.4484722316265106
0,instance_memory,15,8,459,0.1172713336739908,459,0.33582475216560115,0.23014171421527863,0.32982656359672546,0.2573092311620712,0.43616099953651427,0.504134476184845
0,instance_memory,16,1,532,0.1383975026014568,532,0.03086293314030408,0.020010093227028847,0.026613383553922176,0.021760669723153114,0.05834822580218315,0.06905937194824219
0,instance_memory,16,2,525,0.136576482830385,525,0.06360855402691024,0.03995199128985405,0.05320213362574577,0.0432586133480072,0.11323785632848739,0.13911865651607513
0,instance_memory,16,3,508,0.13215400624349635,508,0.09745170008097812,0.05876626446843147,0.08051446825265884,0.06529359742999077,0.17483644783496854,0.20458264648914337
0,instance_memory,16,4,489,0.12721123829344433,489,0.13310010453918472,0.0771123394370079,0.11148487031459808,0.08757576644420624,0.22717887461185451,0.25510841608047485
0,instance_memory,16,5,477,0.1240894901144641,477,0.16759008373791817,0.09586917608976364,0.14150744676589966,0.10914141237735749,0.27596873641014097,0.31538742780685425
0,instance_memory,16,6,448,0.11654526534859522,448,0.2015027372898268,0.11382515728473663,0.17349061369895935,0.1307537779211998,0.3210623741149902,0.3501392602920532
0,instance_memory,16,7,437,0.11368366285119667,437,0.2404876656881459,0.13205790519714355,0.20725958049297333,0.155113685131073,0.3696601986885071,0.3993074893951416
0,instance_memory,16,8,428,0.1113423517169615,428,0.27859625133259275,0.15137264132499695,0.2537260502576828,0.17914746850728988,0.41025033742189404,0.4458695352077484
0,instance_memory,17,1,550,0.13781007266349285,550,0.020181754678487776,0.015454091131687164,0.019691232591867447,0.01713205864652991,0.024979081284254787,0.030322302132844925
0,instance_memory,17,2,545,0.13655725382109746,545,0.040061741476075365,0.03002997674047947,0.0393470823764801,0.03414513841271401,0.04856031537055969,0.05567970499396324
0,instance_memory,17,3,531,0.13304936106239038,531,0.059803278432727536,0.04532746598124504,0.058616530150175095,0.05125787854194641,0.07233381643891335,0.08179742842912674
0,instance_memory,17,4,524,0.13129541468303682,524,0.07974904897900029,0.06075290963053703,0.07849524170160294,0.06845619827508927,0.09474913701415061,0.1073484942317009
0,instance_memory,17,5,499,0.1250313204710599,499,0.09892517994185966,0.07579758018255234,0.09742171317338943,0.08550978600978851,0.11756100207567215,0.13108991086483002
0,instance_memory,17,6,460,0.11525933350037584,460,0.1190930297355289,0.09106294810771942,0.1161695346236229,0.10320785716176033,0.14195844680070874,0.1748582273721695
0,instance_memory,17,7,450,0.11275369581558507,450,0.13841589608126217,0.10654855519533157,0.13547709584236145,0.12096312381327153,0.16390557214617726,0.19447475671768188
0,instance_memory,17,8,432,0.10824354798296167,432,0.15870972615839155,0.12197582423686981,0.15576887130737305,0.13867797404527665,0.1912156343460083,0.21440699696540833
0,instance_memory,18,1,534,0.13018039980497317,534,0.013220861095460725,0.009192867204546928,0.012844313867390156,0.010858195461332798,0.020224496349692332,0.02391744777560234
0,instance_memory,18,2,523,0.12749878108239884,523,0.026928983678610328,0.017620466649532318,0.02553844451904297,0.02151618879288435,0.04086975380778313,0.04759465530514717
0,instance_memory,18,3,527,0.12847391516333495,527,0.04145211344355085,0.029806271195411682,0.038193125277757645,0.03288556821644306,0.06229212246835232,0.07241321355104446
0,instance_memory,18,4,533,0.12993661628473915,533,0.05636140993511476,0.03982970863580704,0.05136049538850784,0.04484472647309303,0.08233445584774017,0.09611719101667404
0,instance_memory,18,5,526,0.12823013164310093,526,0.07142242083163089,0.051775723695755005,0.06441346555948257,0.05625961720943451,0.10607001930475235,0.12158721685409546
0,instance_memory,18,6,521,0.12701121404193078,521,0.08649558709816374,0.06058332696557045,0.0779619961977005,0.0666160061955452,0.1264277696609497,0.13594670593738556
0,instance_memory,18,7,476,0.11604095563139932,476,0.10161848533742067,0.07174555212259293,0.09186364710330963,0.0793430432677269,0.1432902105152607,0.16467851400375366
0,instance_memory,18,8,462,0.11262798634812286,462,0.11881214485088468,0.08190164715051651,0.10733699798583984,0.09041997008025646,0.16004860699176787,0.1792888343334198
0,instance_memory,19,1,527,0.13890353189246177,527,0.005509873601189148,0.003938734997063875,0.005039157345890999,0.00433279643766582,0.011205245461314916,0.013240305706858635
0,instance_memory,19,2,518,0.13653136531365315,518,0.010783718222874472,0.007245737127959728,0.009366961661726236,0.00793144404888153,0.02226042682304978,0.02769359201192856
0,instance_memory,19,3,504,0.13284132841328414,504,0.016295392413638414,0.010739707387983799,0.013880799524486065,0.011649062531068921,0.030609379243105642,0.03534392639994621
0,instance_memory,19,4,486,0.12809699525566684,486,0.02221211653448059,0.014331878162920475,0.018414026126265526,0.01535297161899507,0.04153352603316307,0.04941464960575104
0,instance_memory,19,5,469,0.12361623616236163,469,0.028398585503797796,0.01783180981874466,0.02290697768330574,0.01911047548055649,0.053709772974252695,0.06246999278664589
0,instance_memory,19,6,450,0.11860832894043226,450,0.03546214772181378,0.02103882096707821,0.027626093477010727,0.022851388063281776,0.06649743691086767,0.07883937656879425
0,instance_memory,19,7,432,0.11386399578281498,432,0.044050847995094955,0.024878403171896935,0.03297596797347069,0.026972506195306778,0.07968028709292412,0.09226305037736893
0,instance_memory,19,8,408,0.10753821823932525,408,0.05427557966836235,0.02817113883793354,0.04562060534954071,0.03101803557947278,0.09381836168467998,0.10734910517930984
0,instance_memory,20,1,538,0.13336638572136836,538,0.002522721100290441,0.0018476988188922405,0.0023220463190227747,0.0020499910693615674,0.004666513809934257,0.00564516382291913
0,instance_memory,20,2,527,0.13063956370847793,527,0.003683561277160495,0.0024300653021782637,0.003033206332474947,0.002631746814586222,0.008771783858537673,0.010371649637818336
0,instance_memory,20,3,511,0.12667327714427368,511,0.005314871715290614,0.0030839196406304836,0.003955748863518238,0.003356166766025126,0.012940989807248116,0.016081491485238075
0,instance_memory,20,4,516,0.1279127416955875,516,0.0070904455623271795,0.003775122808292508,0.004919852828606963,0.004122270504012704,0.016724941320717335,0.020569482818245888
0,instance_memory,20,5,503,0.12469013386217154,503,0.008716993788386848,0.0043320562690496445,0.005903708748519421,0.004898495273664594,0.02057812549173832,0.024494066834449768
0,instance_memory,20,6,490,0.12146752602875557,490,0.011151751574623038,0.00523384241387248,0.007055978523567319,0.005835027759894728,0.025590975768864155,0.028161808848381042
0,instance_memory,20,7,490,0.12146752602875557,490,0.013964677703737908,0.005907274782657623,0.008988786023110151,0.006705795740708708,0.028799817897379395,0.03563107177615166
0,instance_memory,20,8,459,0.11378284581060982,459,0.01677377925869199,0.0066794417798519135,0.013121141120791435,0.007730909436941147,0.0331374391913414,0.03694971650838852
1,control,1,1,0,,0,,,,,,
1,control,1,2,0,,0,,,,,,
1,control,1,3,0,,0,,,,,,
1,control,1,4,0,,0,,,,,,
1,control,1,5,0,,0,,,,,,
1,control,1,6,0,,0,,,,,,
1,control,1,7,0,,0,,,,,,
1,control,1,8,0,,0,,,,,,
1,control,2,1,0,,0,,,,,,
1,control,2,2,0,,0,,,,,,
1,control,2,3,0,,0,,,,,,
1,control,2,4,0,,0,,,,,,
1,control,2,5,0,,0,,,,,,
1,control,2,6,0,,0,,,,,,
1,control,2,7,0,,0,,,,,,
1,control,2,8,0,,0,,,,,,
1,control,3,1,0,,0,,,,,,
1,control,3,2,0,,0,,,,,,
1,control,3,3,0,,0,,,,,,
1,control,3,4,0,,0,,,,,,
1,control,3,5,0,,0,,,,,,
1,control,3,6,0,,0,,,,,,
1,control,3,7,0,,0,,,,,,
1,control,3,8,0,,0,,,,,,
1,control,4,1,0,,0,,,,,,
1,control,4,2,0,,0,,,,,,
1,control,4,3,0,,0,,,,,,
1,control,4,4,0,,0,,,,,,
1,control,4,5,0,,0,,,,,,
1,control,4,6,0,,0,,,,,,
1,control,4,7,0,,0,,,,,,
1,control,4,8,0,,0,,,,,,
1,control,5,1,0,,0,,,,,,
1,control,5,2,0,,0,,,,,,
1,control,5,3,0,,0,,,,,,
1,control,5,4,0,,0,,,,,,
1,control,5,5,0,,0,,,,,,
1,control,5,6,0,,0,,,,,,
1,control,5,7,0,,0,,,,,,
1,control,5,8,0,,0,,,,,,
1,control,6,1,490,0.17550143266475646,490,0.09957866343308468,0.07262331992387772,0.09867309406399727,0.07963535375893116,0.12188820019364358,0.14234602451324463
1,control,6,2,447,0.1601002865329513,447,0.18894173191564462,0.13344039022922516,0.1880631148815155,0.1531434416770935,0.22729094624519347,0.2743072807788849
1,control,6,3,412,0.14756446991404013,412,0.2684596275313965,0.19228509068489075,0.2664431035518646,0.22164999917149544,0.3251377016305923,0.37628069519996643
1,control,6,4,376,0.1346704871060172,376,0.3374112588452532,0.2570652663707733,0.33556830883026123,0.27941932529211044,0.3977024182677269,0.4549104869365692
1,control,6,5,329,0.11783667621776504,329,0.39037181568363155,0.3058378994464874,0.389066219329834,0.33093628883361814,0.45043781995773313,0.5272536873817444
1,control,6,6,291,0.10422636103151862,291,0.43232892950375873,0.3434310555458069,0.43170222640037537,0.377116322517395,0.4941619336605072,0.5773186087608337
1,control,6,7,247,0.08846704871060172,247,0.46535449423770675,0.3618085980415344,0.4636567234992981,0.40424068868160246,0.530795270204544,0.6093437671661377
1,control,6,8,200,0.07163323782234957,200,0.48748715326189995,0.3743206858634949,0.48787063360214233,0.4180995151400566,0.5546319782733917,0.6340882778167725
1,control,7,1,544,0.13236009732360096,544,0.09778013194034643,0.05390289053320885,0.09570218622684479,0.0761007010936737,0.1265940770506859,0.15275287628173828
1,control,7,2,531,0.1291970802919708,531,0.18694036503071615,0.10846804827451706,0.1830121874809265,0.14860526472330093,0.23955826461315155,0.2821800112724304
1,control,7,3,517,0.12579075425790753,517,0.269659283918615,0.18658339977264404,0.2663901746273041,0.21662866771221162,0.33181112408637997,0.3850938081741333
1,control,7,4,506,0.12311435523114356,506,0.339797060892516,0.24391737580299377,0.3373096287250519,0.2802693620324135,0.411911316215992,0.47859862446784973
1,control,7,5,514,0.12506082725060827,514,0.3988103559856749,0.2802915871143341,0.3978951722383499,0.3307382225990295,0.4673141837120056,0.5433076024055481
1,control,7,6,513,0.12481751824817518,513,0.4425496196421499,0.3140445649623871,0.4416065812110901,0.37148885130882264,0.5075362324714661,0.5879226326942444
1,control,7,7,498,0.12116788321167883,498,0.4739287520747587,0.3654370605945587,0.47576312720775604,0.4060417577624321,0.5387863397598266,0.6248647570610046
1,control,7,8,487,0.11849148418491484,487,0.4934719169409123,0.3876313269138336,0.4931201934814453,0.423819500207901,0.5590456664562226,0.6347782015800476
1,control,8,1,556,0.1377601585728444,556,0.082752025585702,0.05950282886624336,0.08246845006942749,0.06469648145139217,0.10321452841162682,0.11843916773796082
1,control,8,2,544,0.13478691774033696,544,0.15801852395045846,0.1002015769481659,0.15562278777360916,0.12261822856962681,0.19532116055488585,0.23270167410373688
1,control,8,3,533,0.13206144697720515,533,0.22617005110905272,0.13652321696281433,0.22562694549560547,0.18083269894123077,0.2803280413150787,0.32529333233833313
1,control,8,4,511,0.12661050545094152,511,0.28453801668553436,0.1807795912027359,0.2823067605495453,0.23393845558166504,0.3483782410621643,0.3891460597515106
1,control,8,5,508,0.12586719524281467,508,0.33764462563113906,0.23552893102169037,0.33518311381340027,0.2772917464375496,0.40326457321643827,0.4553866982460022
1,control,8,6,482,0.11942517343904856,482,0.38375307699951394,0.26469308137893677,0.38106870651245117,0.3176431104540825,0.4547640547156334,0.5040794014930725
1,control,8,7,472,0.11694747274529237,472,0.4219555097742606,0.2885754704475403,0.4241534322500229,0.34232164472341536,0.49453318417072295,0.542559027671814
1,control,8,8,430,0.10654112983151635,430,0.4500934281321459,0.2910670042037964,0.4569575935602188,0.36403915733098985,0.5210524082183837,0.5671654939651489
1,control,9,1,544,0.13242453748782862,544,0.08938699059517068,0.0608045719563961,0.08694042265415192,0.0690638542175293,0.1182728085666895,0.14975598454475403
1,control,9,2,543,0.1321811100292113,543,0.17154764069817124,0.11510510742664337,0.16817592084407806,0.1363323673605919,0.22162473052740098,0.26931557059288025
1,control,9,3,547,0.13315481986368063,547,0.24540504927609041,0.15522940456867218,0.24056334793567657,0.19705154448747636,0.30930954217910755,0.36794427037239075
1,control,9,4,524,0.12755598831548198,524,0.3086721192732567,0.20366163551807404,0.30439120531082153,0.2526941359043121,0.3869803234934806,0.4414575695991516
1,control,9,5,505,0.12293086660175268,505,0.3610303219592217,0.275066614151001,0.3549169600009918,0.29825782775878906,0.4427629590034485,0.49603211879730225
1,control,9,6,508,0.12366114897760468,508,0.3997015635094305,0.30087608098983765,0.3941041976213455,0.3284034997224808,0.47740958631038666,0.5331493616104126
1,control,9,7,488,0.11879259980525804,488,0.4282218572668365,0.29192662239074707,0.42598915100097656,0.3492610678076744,0.5057954221963883,0.5708996653556824
1,control,9,8,449,0.10929892891918208,449,0.4447443970460403,0.2782405614852905,0.4464869797229767,0.36254674196243286,0.5230356574058532,0.5885237455368042
1,control,10,1,545,0.13453468279437175,545,0.07068417634849154,0.05162337049841881,0.07031264901161194,0.05767665952444077,0.08440682739019394,0.10551588982343674
1,control,10,2,546,0.13478153542335225,546,0.13691316731956416,0.09188425540924072,0.13644833117723465,0.11094977892935276,0.1643786020576954,0.18722505867481232
1,control,10,3,525,0.12959763021476178,525,0.1971059061515899,0.13425423204898834,0.19647537171840668,0.16107432544231415,0.23151440918445587,0.27365025877952576
1,control,10,4,514,0.1268822512959763,514,0.25231631288616574,0.17780332267284393,0.2515013813972473,0.2112149827182293,0.29564483016729354,0.3306923806667328
1,control,10,5,497,0.12268575660330783,497,0.3002165145797269,0.2155902236700058,0.29716241359710693,0.25600486993789673,0.34981323480606075,0.381571888923645
1,control,10,6,476,0.11750185139471736,476,0.3411516638300499,0.24816377460956573,0.34050410985946655,0.2873278930783272,0.3939725086092949,0.44108396768569946
1,control,10,7,476,0.11750185139471736,476,0.3745126503230143,0.2757114768028259,0.3728511482477188,0.3161838427186012,0.42825863510370255,0.46629005670547485
1,control,10,8,472,0.11651444087879535,472,0.40394079969343494,0.29710569977760315,0.40235529839992523,0.34992607682943344,0.4632469490170479,0.5102518796920776
1,control,11,1,535,0.1327543424317618,535,0.06878561234780561,0.04059090465307236,0.0674705058336258,0.05195121318101883,0.09024533927440642,0.10647355020046234
1,control,11,2,521,0.12928039702233252,521,0.13342106050584687,0.08036342263221741,0.13136157393455505,0.10191569477319717,0.16785477101802826,0.18953710794448853
1,control,11,3,530,0.1315136476426799,530,0.19308748108879575,0.12295053154230118,0.19371386617422104,0.14997988939285278,0.23585296273231504,0.27095553278923035
1,control,11,4,531,0.13176178660049628,531,0.24490767271168487,0.16121461987495422,0.24526311457157135,0.19313983619213104,0.2934015244245529,0.34780606627464294
1,control,11,5,515,0.12779156327543426,515,0.29158532868311243,0.19722478091716766,0.29114586114883423,0.23405080735683442,0.3435218811035156,0.42090320587158203
1,control,11,6,501,0.12431761786600497,501,0.3306018972468233,0.22870898246765137,0.32994404435157776,0.27244994044303894,0.38295796513557434,0.4593556821346283
1,control,11,7,455,0.11290322580645161,455,0.3594285097095993,0.2569887042045593,0.36028802394866943,0.297986513376236,0.4169131845235824,0.4858497083187103
1,control,11,8,442,0.10967741935483871,442,0.3826613937972358,0.2730911076068878,0.38344721496105194,0.3139064863324165,0.4477009117603302,0.5156553983688354
1,control,12,1,558,0.13546977421704298,558,0.0559564793489099,0.032807376235723495,0.05606677755713463,0.0398644108325243,0.07113506197929383,0.08931732922792435
1,control,12,2,549,0.13328477785870357,549,0.10795818347287091,0.061374563723802567,0.10857860743999481,0.07621710896492004,0.13574964702129363,0.16576437652111053
1,control,12,3,543,0.13182811361981064,543,0.1570058350432424,0.09616401791572571,0.15942838788032532,0.1168812409043312,0.19273894131183622,0.2419779896736145
1,control,12,4,530,0.12867200776887594,530,0.20235907016497737,0.12746943533420563,0.20504923164844513,0.1516021855175495,0.24632152393460274,0.3004052937030792
1,control,12,5,534,0.12964311726147124,534,0.2424735529592421,0.16115549206733704,0.2419651746749878,0.18415101915597915,0.2958926975727081,0.3432939350605011
1,control,12,6,496,0.12041757708181597,496,0.27512898548476156,0.18689116835594177,0.27467359602451324,0.2120829038321972,0.33060410618782043,0.37068971991539
1,control,12,7,469,0.11386258800679777,469,0.3070260714620415,0.21213214099407196,0.3085252046585083,0.2420120894908905,0.37294421195983884,0.40049588680267334
1,control,12,8,440,0.10682204418548191,440,0.32663677968084814,0.23096396028995514,0.3293801099061966,0.2644011005759239,0.3872830688953399,0.4317722022533417
1,control,13,1,539,0.13559748427672955,539,0.04506087854352533,0.027430709451436996,0.04431268572807312,0.03387329950928688,0.06135500669479368,0.07798301428556442
1,control,13,2,546,0.13735849056603774,546,0.08814608591571177,0.05911184474825859,0.08564795926213264,0.06683903560042381,0.11976976506412029,0.14756599068641663
1,control,13,3,512,0.12880503144654087,512,0.12814445726689883,0.08837169408798218,0.12463858351111412,0.0989180251955986,0.16938858330249787,0.22062046825885773
1,control,13,4,508,0.12779874213836478,508,0.16624401163632477,0.1122562438249588,0.16277318447828293,0.12902132496237756,0.21782775819301603,0.25164759159088135
1,control,13,5,485,0.1220125786163522,485,0.19906526653422524,0.13352550566196442,0.19447959959506989,0.15445284843444823,0.2658695876598358,0.28996986150741577
1,control,13,6,486,0.12226415094339622,486,0.22908309549706463,0.15367837250232697,0.22362305223941803,0.17861658334732056,0.29691312462091446,0.32395410537719727
1,control,13,7,470,0.11823899371069183,470,0.25527012173799757,0.18605682253837585,0.24840539693832397,0.20019110962748526,0.32455666512250886,0.355485737323761
1,control,13,8,429,0.1079245283018868,429,0.27661827685949686,0.2027749866247177,0.2677555978298187,0.21722487807273866,0.34694864153861993,0.38051754236221313
1,control,14,1,536,0.13359920239282153,536,0.04216635664716474,0.027469918131828308,0.04203249700367451,0.032272255048155785,0.05240857508033514,0.06378211826086044
1,control,14,2,536,0.13359920239282153,536,0.08078952700789295,0.05239170417189598,0.07963570952415466,0.06322207488119602,0.10263940691947937,0.11648914963006973
1,control,14,3,542,0.13509471585244268,542,0.11643737762121696,0.0772625058889389,0.11518634110689163,0.09124847576022148,0.14525350853800773,0.17473071813583374
1,control,14,4,521,0.1298604187437687,521,0.1499240416425661,0.10299619287252426,0.14905986189842224,0.114903524518013,0.18753749132156372,0.22581903636455536
1,control,14,5,509,0.12686939182452642,509,0.1806169679362788,0.1186685711145401,0.17995132505893707,0.13710139989852904,0.22847099006175994,0.26665109395980835
1,control,14,6,464,0.1156530408773679,464,0.20540181585940823,0.13804225623607635,0.2027990072965622,0.15484476760029792,0.2645863145589828,0.31206145882606506
1,control,14,7,449,0.11191425722831505,449,0.22936736930053855,0.1517518013715744,0.22766710817813873,0.17291642725467682,0.28973681926727296,0.3414868116378784
1,control,14,8,455,0.11340977068793619,455,0.25061408654674067,0.16596239805221558,0.2509743869304657,0.1906174823641777,0.3143337935209274,0.36973515152931213
1,control,15,1,545,0.13672854992473657,545,0.03465278340383954,0.021076666191220284,0.032986052334308624,0.02611108496785164,0.05289821848273275,0.06169455498456955
1,control,15,2,541,0.13572503763171098,541,0.0674279981573386,0.043264131993055344,0.06379766762256622,0.05093565583229065,0.09700468927621841,0.13262730836868286
1,control,15,3,524,0.13146011038635222,524,0.0997714999465997,0.06474023312330246,0.09348934516310692,0.07418387234210969,0.1435814782977104,0.16724681854248047
1,control,15,4,499,0.1251881585549423,499,0.1290845240285258,0.08374816924333572,0.12182507663965225,0.09551097303628922,0.17890238612890244,0.2080191969871521
1,control,15,5,498,0.1249372804816859,498,0.15770566912300615,0.10131070017814636,0.15018996596336365,0.11700354181230069,0.21761320680379867,0.2453768402338028
1,control,15,6,479,0.12017059708981435,479,0.18391123102950652,0.11663934588432312,0.17605365812778473,0.13599064499139785,0.24868579655885695,0.28015708923339844
1,control,15,7,460,0.1154039136979428,460,0.20832614995863127,0.13023459911346436,0.20850322395563126,0.15341403782367707,0.26975897103548047,0.30841997265815735
1,control,15,8,440,0.11038635223281486,440,0.22957086214287714,0.14118388295173645,0.22994964569807053,0.16964942812919617,0.29409798681735994,0.34319332242012024
1,control,16,1,550,0.13346275175928174,550,0.02576842181215232,0.014246396720409393,0.02488654386252165,0.01832036776468158,0.03845586143434046,0.04551009088754654
1,control,16,2,544,0.1320067944673623,544,0.05030910435529864,0.02313343808054924,0.048603298142552376,0.03548364844173193,0.07073596641421319,0.08467886596918106
1,control,16,3,543,0.13176413491870906,543,0.07476966006211373,0.046257756650447845,0.07314974069595337,0.05642789863049984,0.09882880598306655,0.12593065202236176
1,control,16,4,543,0.13176413491870906,543,0.09926453190229655,0.06745471060276031,0.09665284305810928,0.07556474953889847,0.12945744395256042,0.15253964066505432
1,control,16,5,512,0.12424168891045863,512,0.12116675262222998,0.0772990807890892,0.11904763802886009,0.09184698425233365,0.1553365148603916,0.18600119650363922
1,control,16,6,494,0.11987381703470032,494,0.14298161615425276,0.08956551551818848,0.1415010690689087,0.10925502888858318,0.17993029505014418,0.2031666785478592
1,control,16,7,477,0.11574860470759524,477,0.16477253875330058,0.115096814930439,0.16402724385261536,0.12883402705192565,0.20270708799362183,0.22801658511161804
1,control,16,8,458,0.11113807328318369,458,0.1836578599034959,0.1272614598274231,0.18369793146848679,0.1415587343275547,0.2246388375759124,0.2574924826622009
1,control,17,1,560,0.1362862010221465,560,0.016986874043608883,0.01111933495849371,0.016967241652309895,0.013586962036788464,0.020443975646048784,0.02270650863647461
1,control,17,2,548,0.1333657824288148,548,0.03225018420888886,0.022068241611123085,0.032238611951470375,0.025926520489156245,0.03877099920064211,0.04297469183802605
1,control,17,3,527,0.1282550498904843,527,0.04701417768321069,0.030043214559555054,0.04670461267232895,0.03849780522286892,0.055987071990966794,0.06169412285089493
1,control,17,4,515,0.12533463129715258,515,0.061692855152690296,0.035574741661548615,0.06151461601257324,0.05086983777582645,0.07429302856326103,0.07946521788835526
1,control,17,5,501,0.12192747627159893,501,0.07581509785827048,0.04059620201587677,0.07577570527791977,0.061651911586523056,0.09131892770528793,0.10843872278928757
1,control,17,6,494,0.1202238987588221,494,0.08864062916683524,0.04713303968310356,0.08887497708201408,0.07044643983244896,0.10571074970066548,0.11834360659122467
1,control,17,7,503,0.12241421270382088,503,0.10108415849847538,0.05400314927101135,0.10136688500642776,0.07837334051728248,0.12130712792277336,0.13602544367313385
1,control,17,8,461,0.11219274762715989,461,0.11460552560145322,0.06093646213412285,0.11343196034431458,0.09077443927526474,0.1406073421239853,0.1691487580537796
1,control,18,1,534,0.13333333333333333,534,0.013393211654607164,0.008182699792087078,0.013325938023626804,0.009885112615302205,0.017008023709058757,0.02039499022066593
1,control,18,2,512,0.1278401997503121,512,0.026168015891016694,0.016145803034305573,0.025734863243997097,0.019860097207129,0.03379762563854456,0.04001414030790329
1,control,18,3,519,0.1295880149812734,519,0.03915084241342108,0.02569212019443512,0.03889741748571396,0.030808497592806815,0.04821011498570441,0.05437052249908447
1,control,18,4,507,0.12659176029962546,507,0.051657827574708284,0.035795290023088455,0.05166526138782501,0.04175842329859734,0.06148980669677258,0.06827159970998764
1,control,18,5,508,0.12684144818976278,508,0.06343029994576231,0.04514222592115402,0.06329869106411934,0.05129798520356417,0.07472780346870422,0.083218514919281
1,control,18,6,485,0.12109862671660425,485,0.07468272833940909,0.0525621622800827,0.07457143068313599,0.06059288308024406,0.08819596320390702,0.09803209453821182
1,control,18,7,465,0.11610486891385768,465,0.08495380521141073,0.058632344007492065,0.085045225918293,0.06807060539722443,0.09998662769794464,0.11124886572360992
1,control,18,8,475,0.11860174781523096,475,0.09449522302338952,0.06339151412248611,0.09457898885011673,0.0756748966872692,0.11181233525276184,0.12264445424079895
1,control,19,1,525,0.12638420799229658,525,0.005921799601720912,0.004202584736049175,0.005683088209480047,0.0048007391393184665,0.009186772443354125,0.011640974320471287
1,control,19,2,549,0.13216177178623015,549,0.010502122870166336,0.00683383084833622,0.009568335488438606,0.00786206591874361,0.01851105391979218,0.02527839131653309
1,control,19,3,542,0.13047664901299952,542,0.015252961778868939,0.009611144661903381,0.013689752202481031,0.011081385519355535,0.02598986113443969,0.03512062504887581
1,control,19,4,544,0.130958112662494,544,0.02056184073958053,0.011968795210123062,0.017974923364818096,0.01432881159707904,0.038702855445444606,0.05007041245698929
1,control,19,5,528,0.1271064034665383,528,0.02598407157612118,0.0147999357432127,0.02216760814189911,0.01750246128067374,0.04890789315104484,0.06420119851827621
1,control,19,6,514,0.12373615792007703,514,0.03109023196383557,0.017776543274521828,0.026309171691536903,0.02061420539394021,0.05934666115790605,0.08009130507707596
1,control,19,7,496,0.11940298507462686,496,0.03826439068577583,0.02041804790496826,0.030588416382670403,0.023892905097454786,0.07629278488457203,0.09324780851602554
1,control,19,8,456,0.1097737120847376,456,0.043268635697466765,0.02299404889345169,0.03437419980764389,0.027065842412412167,0.08566058799624443,0.1043141707777977
1,control,20,1,542,0.1390813446240698,542,0.0036755855288872034,0.0025752061046659946,0.0035530769964680076,0.003013728349469602,0.005251230252906672,0.006510940846055746
1,control,20,2,523,0.13420579933282012,523,0.004706783903082459,0.0032183886505663395,0.004362603183835745,0.003574721491895616,0.008194979839026926,0.010825512930750847
1,control,20,3,511,0.13112650756992558,511,0.006125558652949689,0.003551625646650791,0.005389642436057329,0.00429421104490757,0.01147828670218587,0.015144627541303635
1,control,20,4,497,0.12753400051321528,497,0.007769565298493719,0.004158864263445139,0.006519469898194075,0.005034146551042795,0.015526173636317253,0.020556824281811714
1,control,20,5,490,0.12573774698486015,490,0.009839910796216251,0.005039238836616278,0.007809167494997382,0.005940152681432664,0.020904821809381247,0.02501044049859047
1,control,20,6,452,0.11598665640236079,452,0.011735540716826455,0.005591283552348614,0.0090624475851655,0.006793153262697161,0.024173393473029135,0.029343754053115845
1,control,20,7,447,0.1147036181678214,447,0.01449467120608794,0.006419253535568714,0.010389279574155807,0.007712864968925715,0.02893767766654491,0.033885408192873
1,control,20,8,435,0.11162432640492687,435,0.01734992060489182,0.006716344505548477,0.012764313258230686,0.008662974834442139,0.0334301248192787,0.040919698774814606
1,instance_memory,1,1,0,,0,,,,,,
1,instance_memory,1,2,0,,0,,,,,,
1,instance_memory,1,3,0,,0,,,,,,
1,instance_memory,1,4,0,,0,,,,,,
1,instance_memory,1,5,0,,0,,,,,,
1,instance_memory,1,6,0,,0,,,,,,
1,instance_memory,1,7,0,,0,,,,,,
1,instance_memory,1,8,0,,0,,,,,,
1,instance_memory,2,1,0,,0,,,,,,
1,instance_memory,2,2,0,,0,,,,,,
1,instance_memory,2,3,0,,0,,,,,,
1,instance_memory,2,4,0,,0,,,,,,
1,instance_memory,2,5,0,,0,,,,,,
1,instance_memory,2,6,0,,0,,,,,,
1,instance_memory,2,7,0,,0,,,,,,
1,instance_memory,2,8,0,,0,,,,,,
1,instance_memory,3,1,0,,0,,,,,,
1,instance_memory,3,2,0,,0,,,,,,
1,instance_memory,3,3,0,,0,,,,,,
1,instance_memory,3,4,0,,0,,,,,,
1,instance_memory,3,5,0,,0,,,,,,
1,instance_memory,3,6,0,,0,,,,,,
1,instance_memory,3,7,0,,0,,,,,,
1,instance_memory,3,8,0,,0,,,,,,
1,instance_memory,4,1,0,,0,,,,,,
1,instance_memory,4,2,0,,0,,,,,,
1,instance_memory,4,3,0,,0,,,,,,
1,instance_memory,4,4,0,,0,,,,,,
1,instance_memory,4,5,0,,0,,,,,,
1,instance_memory,4,6,0,,0,,,,,,
1,instance_memory,4,7,0,,0,,,,,,
1,instance_memory,4,8,0,,0,,,,,,
1,instance_memory,5,1,0,,0,,,,,,
1,instance_memory,5,2,0,,0,,,,,,
1,instance_memory,5,3,0,,0,,,,,,
1,instance_memory,5,4,0,,0,,,,,,
1,instance_memory,5,5,0,,0,,,,,,
1,instance_memory,5,6,0,,0,,,,,,
1,instance_memory,5,7,0,,0,,,,,,
1,instance_memory,5,8,0,,0,,,,,,
1,instance_memory,6,1,490,0.17550143266475646,490,0.09547343798437898,0.049987081438302994,0.08272545784711838,0.05752035416662693,0.16080331057310102,0.18112622201442719
1,instance_memory,6,2,447,0.1601002865329513,447,0.18664864919062962,0.10443909466266632,0.1606399118900299,0.11351202353835106,0.3024636209011078,0.35827428102493286
1,instance_memory,6,3,412,0.14756446991404013,412,0.27076916125358885,0.16079461574554443,0.2273603305220604,0.1727607950568199,0.4219786673784256,0.48048871755599976
1,instance_memory,6,4,376,0.1346704871060172,376,0.34716212198613805,0.21731948852539062,0.2980860322713852,0.23036528378725052,0.519536018371582,0.5768009424209595
1,instance_memory,6,5,329,0.11783667621776504,329,0.41880665742155265,0.2734208405017853,0.37735816836357117,0.28709460496902467,0.5996231317520141,0.6592110395431519
1,instance_memory,6,6,291,0.10422636103151862,291,0.4808190292918805,0.320844441652298,0.465143084526062,0.33964061737060547,0.6611806750297546,0.7289525270462036
1,instance_memory,6,7,247,0.08846704871060172,247,0.5399783965547075,0.3674493730068207,0.5389577150344849,0.39239823818206787,0.7106501400470733,0.7756509184837341
1,instance_memory,6,8,200,0.07163323782234957,200,0.6010521544516086,0.4298061728477478,0.6071245670318604,0.45869687497615813,0.7387579590082168,0.8004452586174011
1,instance_memory,7,1,544,0.13236009732360096,544,0.09391917052733548,0.07220029085874557,0.09226439148187637,0.07808285392820835,0.11750815026462078,0.132451593875885
1,instance_memory,7,2,531,0.1291970802919708,531,0.18451241761614373,0.1378389298915863,0.18268512189388275,0.15238703042268753,0.2277301624417305,0.2519902288913727
1,instance_memory,7,3,517,0.12579075425790753,517,0.2709261638110565,0.19905737042427063,0.2684316337108612,0.22087751030921937,0.3289728045463562,0.3624305725097656
1,instance_memory,7,4,506,0.12311435523114356,506,0.35086986083876004,0.22546382248401642,0.34434011578559875,0.2740490734577179,0.42404458671808243,0.4539293944835663
1,instance_memory,7,5,514,0.12506082725060827,514,0.4188529076743219,0.27797365188598633,0.41588452458381653,0.3148562714457512,0.5109602451324463,0.5488093495368958
1,instance_memory,7,6,513,0.12481751824817518,513,0.4829526732423384,0.32940635085105896,0.48096534609794617,0.3659499228000641,0.592280888557434,0.641173779964447
1,instance_memory,7,7,498,0.12116788321167883,498,0.5386289417384619,0.377237468957901,0.5386016368865967,0.41695942878723147,0.6650537431240082,0.7095591425895691
1,instance_memory,7,8,487,0.11849148418491484,487,0.5869261923511905,0.417199045419693,0.5878088474273682,0.45193994641304014,0.7285874605178833,0.7693290114402771
1,instance_memory,8,1,556,0.1377601585728444,556,0.09664813926269253,0.044377874583005905,0.09697897732257843,0.06341333128511906,0.12995592132210732,0.15026162564754486
1,instance_memory,8,2,544,0.13478691774033696,544,0.1900795067605727,0.0879044458270073,0.18776778131723404,0.1275888852775097,0.25443992763757706,0.28509944677352905
1,instance_memory,8,3,533,0.13206144697720515,533,0.2791923942921533,0.14066851139068604,0.2805771231651306,0.18521732091903687,0.3693715751171112,0.4035041034221649
1,instance_memory,8,4,511,0.12661050545094152,511,0.36364362218258667,0.20831423997879028,0.3576304316520691,0.252718985080719,0.4749421626329422,0.52354896068573
1,instance_memory,8,5,508,0.12586719524281467,508,0.4440054518617983,0.2697097361087799,0.44116051495075226,0.3154671788215637,0.571103423833847,0.6204134821891785
1,instance_memory,8,6,482,0.11942517343904856,482,0.5140524649397467,0.32642480731010437,0.5198259055614471,0.37793711125850676,0.6559954822063446,0.7026157379150391
1,instance_memory,8,7,472,0.11694747274529237,472,0.581201902701188,0.3880332410335541,0.5823871791362762,0.4383221253752708,0.726649421453476,0.7723448872566223
1,instance_memory,8,8,430,0.10654112983151635,430,0.6408900254687597,0.4380577504634857,0.6491082310676575,0.48597557842731476,0.7808224797248838,0.8443572521209717
1,instance_memory,9,1,544,0.13242453748782862,544,0.07636639304623447,0.04647408798336983,0.07375932857394218,0.051815885864198205,0.1052365615963936,0.1304939091205597
1,instance_memory,9,2,543,0.1321811100292113,543,0.15173216434418607,0.09468181431293488,0.151716947555542,0.10600118041038513,0.20314621776342393,0.2419479340314865
1,instance_memory,9,3,547,0.13315481986368063,547,0.22565160582771684,0.1461227536201477,0.21937589347362518,0.16156496107578278,0.29626636803150175,0.340025395154953
1,instance_memory,9,4,524,0.12755598831548198,524,0.29783305665122645,0.20078948140144348,0.29274363815784454,0.21608912646770478,0.38313119858503336,0.4309627115726471
1,instance_memory,9,5,505,0.12293086660175268,505,0.36569446118751375,0.2559036314487457,0.36565497517585754,0.2720453321933746,0.4689333856105804,0.5271785855293274
1,instance_memory,9,6,508,0.12366114897760468,508,0.43588685807515315,0.3049541413784027,0.4350820481777191,0.32934684455394747,0.5675855040550232,0.6298086643218994
1,instance_memory,9,7,488,0.11879259980525804,488,0.5025713371693111,0.3503075838088989,0.500439465045929,0.38065848499536514,0.6490242928266525,0.6961692571640015
1,instance_memory,9,8,449,0.10929892891918208,449,0.5640065553857383,0.3970318138599396,0.5623988509178162,0.4257230281829834,0.7216196894645691,0.7977721095085144
1,instance_memory,10,1,545,0.13453468279437175,545,0.08038102484761028,0.0492313988506794,0.08195789158344269,0.060668192058801654,0.09802294373512267,0.1049175038933754
1,instance_memory,10,2,546,0.13478153542335225,546,0.15863810546505144,0.10397066920995712,0.16032560169696808,0.12217826209962368,0.19273460283875465,0.20823144912719727
1,instance_memory,10,3,525,0.12959763021476178,525,0.23457854143210818,0.15335534512996674,0.2372148185968399,0.18404091596603395,0.28511806726455685,0.3081185817718506
1,instance_memory,10,4,514,0.1268822512959763,514,0.31000698244757224,0.2080693542957306,0.3164433240890503,0.24592771157622337,0.3698393389582634,0.4053013026714325
1,instance_memory,10,5,497,0.12268575660330783,497,0.38374703241066194,0.2700956463813782,0.3925530016422272,0.304518985748291,0.4531385004520416,0.48936736583709717
1,instance_memory,10,6,476,0.11750185139471736,476,0.45349155954954,0.328804075717926,0.46122652292251587,0.3675936982035637,0.5285084694623947,0.5649586319923401
1,instance_memory,10,7,476,0.11750185139471736,476,0.5163384604604304,0.3847946226596832,0.5200439393520355,0.4267878159880638,0.5948159694671631,0.6290530562400818
1,instance_memory,10,8,472,0.11651444087879535,472,0.5751323151260109,0.4403648376464844,0.5764876008033752,0.4889261558651924,0.6527670860290528,0.7062643766403198
1,instance_memory,11,1,535,0.1327543424317618,535,0.07146317201936356,0.04399307444691658,0.07234858721494675,0.05458489619195461,0.08799566105008125,0.09458672255277634
1,instance_memory,11,2,521,0.12928039702233252,521,0.14359450433224497,0.0881798267364502,0.14595797657966614,0.10985946655273438,0.17322421073913574,0.18414942920207977
1,instance_memory,11,3,530,0.1315136476426799,530,0.2153552553423171,0.12361515313386917,0.2207004353404045,0.16289634332060815,0.2557585000991821,0.27031761407852173
1,instance_memory,11,4,531,0.13176178660049628,531,0.2834815881627203,0.1639484018087387,0.2892199456691742,0.22067099064588547,0.3346303850412369,0.3503676652908325
1,instance_memory,11,5,515,0.12779156327543426,515,0.3489452207262076,0.20488078892230988,0.3529788553714752,0.2806331902742386,0.41034153699874876,0.43303337693214417
1,instance_memory,11,6,501,0.12431761786600497,501,0.4113543777170771,0.25361940264701843,0.4126436710357666,0.34048396348953247,0.48259851336479187,0.5044401288032532
1,instance_memory,11,7,455,0.11290322580645161,455,0.4674210771099552,0.3052850067615509,0.467838853597641,0.39001242220401766,0.5472052335739135,0.5723389983177185
1,instance_memory,11,8,442,0.10967741935483871,442,0.5207596027473519,0.35850289463996887,0.5181179940700531,0.43286793678998947,0.6039386421442031,0.6791782975196838
1,instance_memory,12,1,558,0.13546977421704298,558,0.06475095246588031,0.045911453664302826,0.06434443220496178,0.052375867031514645,0.07784106470644474,0.08900762349367142
1,instance_memory,12,2,549,0.13328477785870357,549,0.12850742789836964,0.0949346274137497,0.12720195949077606,0.10642031580209732,0.1547109842300415,0.1802717000246048
1,instance_memory,12,3,543,0.13182811361981064,543,0.19092647970052054,0.14503459632396698,0.19020810723304749,0.15899528115987777,0.22748836725950242,0.2560926377773285
1,instance_memory,12,4,530,0.12867200776887594,530,0.25073537359822473,0.1900269091129303,0.24976550042629242,0.20995606556534768,0.2953660413622856,0.3398708403110504
1,instance_memory,12,5,534,0.12964311726147124,534,0.31164584663253597,0.24013401567935944,0.3089524209499359,0.2596971496939659,0.3728653475642204,0.41269928216934204
1,instance_memory,12,6,496,0.12041757708181597,496,0.3682042481077294,0.2778942286968231,0.36591634154319763,0.30768854916095734,0.43250860273838043,0.4563019573688507
1,instance_memory,12,7,469,0.11386258800679777,469,0.42627055812746223,0.3154459297657013,0.4211874008178711,0.35215343832969664,0.508776533603668,0.5532763004302979
1,instance_memory,12,8,440,0.10682204418548191,440,0.48020635254003785,0.36056581139564514,0.47777682542800903,0.39665285050868987,0.5794890195131301,0.621432900428772
1,instance_memory,13,1,539,0.13559748427672955,539,0.05287592174530251,0.037614524364471436,0.050069358199834824,0.0420606717467308,0.06873308867216107,0.07552559673786163
1,instance_memory,13,2,546,0.13735849056603774,546,0.10510396403379929,0.07493727654218674,0.09936202690005302,0.08473404124379158,0.13300491124391556,0.15080364048480988
1,instance_memory,13,3,512,0.12880503144654087,512,0.15521586600516457,0.11722004413604736,0.14732825756072998,0.12670109421014786,0.1990634374320507,0.22655442357063293
1,instance_memory,13,4,508,0.12779874213836478,508,0.2067782850129398,0.15773552656173706,0.19837000221014023,0.16853508055210115,0.2728840261697769,0.32852602005004883
1,instance_memory,13,5,485,0.1220125786163522,485,0.25532926379405346,0.20020398497581482,0.24809780716896057,0.207290980219841,0.3370174169540404,0.3773738443851471
1,instance_memory,13,6,486,0.12226415094339622,486,0.30750811216517243,0.2341797947883606,0.2970605045557022,0.24698177352547646,0.39423177391290665,0.48179492354393005
1,instance_memory,13,7,470,0.11823899371069183,470,0.35987962839451243,0.268564373254776,0.34571078419685364,0.28227003663778305,0.4734340235590934,0.5270002484321594
1,instance_memory,13,8,429,0.1079245283018868,429,0.40639560240687744,0.29952749609947205,0.3865964412689209,0.31998183131217955,0.5310415983200073,0.5641161203384399
1,instance_memory,14,1,536,0.13359920239282153,536,0.050049632481897054,0.037433426827192307,0.04790462180972099,0.04222247935831547,0.06493108347058296,0.07441408932209015
1,instance_memory,14,2,536,0.13359920239282153,536,0.10027772854012784,0.07521815598011017,0.0953688807785511,0.08390787057578564,0.12965265288949013,0.14900419116020203
1,instance_memory,14,3,542,0.13509471585244268,542,0.15141894877286854,0.11276908963918686,0.1435399129986763,0.12454885803163052,0.19296611100435257,0.2114168256521225
1,instance_memory,14,4,521,0.1298604187437687,521,0.20205832454384862,0.15006306767463684,0.1907208114862442,0.1648002713918686,0.2585982382297516,0.2812782824039459
1,instance_memory,14,5,509,0.12686939182452642,509,0.25247449218524226,0.18601219356060028,0.24089546501636505,0.20393986403942108,0.31870849132537843,0.3379230201244354
1,instance_memory,14,6,464,0.1156530408773679,464,0.2978351777740594,0.22034387290477753,0.2829549312591553,0.24127233549952506,0.3749816805124283,0.3969123065471649
1,instance_memory,14,7,449,0.11191425722831505,449,0.3469309261222194,0.2534530460834503,0.3362061083316803,0.277695769071579,0.4287718296051025,0.4519369304180145
1,instance_memory,14,8,455,0.11340977068793619,455,0.395105462873375,0.2853628098964691,0.39760062098503113,0.3139972686767578,0.4769503653049469,0.5004644393920898
1,instance_memory,15,1,545,0.13672854992473657,545,0.042693001264279044,0.030529621988534927,0.04123274236917496,0.03442828059196472,0.055816446244716635,0.06467629969120026
1,instance_memory,15,2,541,0.13572503763171098,541,0.08416595952430406,0.05886417627334595,0.08192883431911469,0.0682910680770874,0.1053851842880249,0.12441463023424149
1,instance_memory,15,3,524,0.13146011038635222,524,0.12471849334831456,0.0882105678319931,0.12285317480564117,0.10139089971780776,0.15458258241415024,0.16800354421138763
1,instance_memory,15,4,499,0.1251881585549423,499,0.1639776202683936,0.11661679297685623,0.16377508640289307,0.13520922362804413,0.19472028017044066,0.21642093360424042
1,instance_memory,15,5,498,0.1249372804816859,498,0.2042981648899944,0.14245903491973877,0.20462120324373245,0.16931564137339591,0.23969368413090705,0.2616707682609558
1,instance_memory,15,6,479,0.12017059708981435,479,0.2439690699532535,0.1698826402425766,0.2421177327632904,0.2029105618596077,0.29263180792331694,0.30739137530326843
1,instance_memory,15,7,460,0.1154039136979428,460,0.2830891480912333,0.19899767637252808,0.2819182872772217,0.23607980832457542,0.33228595554828644,0.355194628238678
1,instance_memory,15,8,440,0.11038635223281486,440,0.3216385221616788,0.22963520884513855,0.322945237159729,0.26949255764484403,0.3676866129040718,0.3883531987667084
1,instance_memory,16,1,550,0.13346275175928174,550,0.03471490935507146,0.023057781159877777,0.03321008384227753,0.026320989895612,0.05332630574703216,0.06744223088026047
1,instance_memory,16,2,544,0.1320067944673623,544,0.06960733367732781,0.046322137117385864,0.06564954295754433,0.053480470180511476,0.10471029803156855,0.1279698759317398
1,instance_memory,16,3,543,0.13176413491870906,543,0.10563473668271885,0.07220941036939621,0.09826134890317917,0.08126025348901748,0.1523614838719368,0.18560677766799927
1,instance_memory,16,4,543,0.13176413491870906,543,0.1429381990740093,0.09772733598947525,0.13329702615737915,0.1089624971151352,0.20267407745122906,0.2259507179260254
1,instance_memory,16,5,512,0.12424168891045863,512,0.17631872803031,0.12137937545776367,0.16263610869646072,0.1358046628534794,0.2415724366903305,0.2750210165977478
1,instance_memory,16,6,494,0.11987381703470032,494,0.21182393394259788,0.14395372569561005,0.19568222761154175,0.16334463730454446,0.2850595250725746,0.3135961890220642
1,instance_memory,16,7,477,0.11574860470759524,477,0.2488558760354104,0.16668693721294403,0.23354540765285492,0.19113858342170714,0.32498156428337094,0.3538282513618469
1,instance_memory,16,8,458,0.11113807328318369,458,0.2845739065689811,0.19088083505630493,0.27382224798202515,0.21988992691040038,0.36616321504116056,0.4139629006385803
1,instance_memory,17,1,560,0.1362862010221465,560,0.01964597343134561,0.011791315861046314,0.018907896243035793,0.015509139141067864,0.03153746929019689,0.036423809826374054
1,instance_memory,17,2,548,0.1333657824288148,548,0.039430738783638626,0.024260008707642555,0.037075191736221313,0.03041746122762561,0.0647132571786642,0.07319693267345428
1,instance_memory,17,3,527,0.1282550498904843,527,0.06018421328865147,0.03722189739346504,0.0554671436548233,0.04574984461069107,0.09467034265398978,0.11291222274303436
1,instance_memory,17,4,515,0.12533463129715258,515,0.08232882788893088,0.050762515515089035,0.0737759992480278,0.06156193763017655,0.1285868763923645,0.14709489047527313
1,instance_memory,17,5,501,0.12192747627159893,501,0.10544633038505585,0.06520085781812668,0.09141317009925842,0.07755561918020248,0.1646154373884201,0.19412894546985626
1,instance_memory,17,6,494,0.1202238987588221,494,0.1290791587308351,0.08003649860620499,0.11101270839571953,0.09411535672843456,0.19663346707820892,0.21572767198085785
1,instance_memory,17,7,503,0.12241421270382088,503,0.15492479997885156,0.10425963252782822,0.13530835509300232,0.11154569536447526,0.22328075468540187,0.24237821996212006
1,instance_memory,17,8,461,0.11219274762715989,461,0.18134524826760406,0.12119291722774506,0.17023350298404694,0.12875741720199585,0.25115638971328735,0.2849593460559845
1,instance_memory,18,1,534,0.13333333333333333,534,0.0128246074008724,0.010061578825116158,0.012474004179239273,0.01094128079712391,0.016254486422985732,0.022177480161190033
1,instance_memory,18,2,512,0.1278401997503121,512,0.02562016851879889,0.019738003611564636,0.024369371123611927,0.021469553001224995,0.03894338887184858,0.04297040030360222
1,instance_memory,18,3,519,0.1295880149812734,519,0.03968558457961776,0.029436133801937103,0.03674868866801262,0.03207373581826687,0.058490961045026775,0.0669790729880333
1,instance_memory,18,4,507,0.12659176029962546,507,0.05368256570378234,0.03902071714401245,0.04927752539515495,0.0424757394939661,0.07836252525448799,0.09352963417768478
1,instance_memory,18,5,508,0.12684144818976278,508,0.06769748810150726,0.04884881153702736,0.061867913231253624,0.05311309639364481,0.09651143066585063,0.10727369040250778
1,instance_memory,18,6,485,0.12109862671660425,485,0.08145735088697414,0.05828480422496796,0.07503525912761688,0.06339170336723328,0.11147581338882445,0.12829411029815674
1,instance_memory,18,7,465,0.11610486891385768,465,0.09479567134572614,0.06778396666049957,0.08811698108911514,0.07425339818000794,0.12737263143062585,0.14072413742542267
1,instance_memory,18,8,475,0.11860174781523096,475,0.1100837840218293,0.07708219438791275,0.10494937002658844,0.08512522578239441,0.14495296776294708,0.1617404967546463
1,instance_memory,19,1,525,0.12638420799229658,525,0.006722715153758015,0.0041942172683775425,0.006216478534042835,0.005166633334010839,0.013756932690739632,0.015980729833245277
1,instance_memory,19,2,549,0.13216177178623015,549,0.013520334817584474,0.007438387721776962,0.011751796118915081,0.00969547089189291,0.026471599191427234,0.0299531240016222
1,instance_memory,19,3,542,0.13047664901299952,542,0.02049001994992974,0.013305767439305782,0.01755563449114561,0.014398242440074682,0.0360948184505105,0.04438599944114685
1,instance_memory,19,4,544,0.130958112662494,544,0.028216396667309764,0.01764703169465065,0.023457998409867287,0.01939989337697625,0.05181896258145571,0.058248914778232574
1,instance_memory,19,5,528,0.1271064034665383,528,0.036154593930184616,0.021700171753764153,0.03014206700026989,0.02434678329154849,0.0619158823043108,0.07060278952121735
1,instance_memory,19,6,514,0.12373615792007703,514,0.04356459959080363,0.02630157582461834,0.036325473338365555,0.0296602051705122,0.07196023054420946,0.08435812592506409
1,instance_memory,19,7,496,0.11940298507462686,496,0.05289682800761394,0.029929302632808685,0.04404922015964985,0.03452098183333874,0.08882599882781506,0.10004562139511108
1,instance_memory,19,8,456,0.1097737120847376,456,0.06020593948727637,0.03350311890244484,0.054685210809111595,0.03905479144304991,0.09637850522994995,0.10427265614271164
1,instance_memory,20,1,542,0.1390813446240698,542,0.002711552501109693,0.001958979293704033,0.002507048426195979,0.002169512794353068,0.00523318720515817,0.006202465854585171
1,instance_memory,20,2,523,0.13420579933282012,523,0.0038422317276165657,0.002410555724054575,0.0032420435454696417,0.0027291092788800596,0.008747812453657387,0.01086739357560873
1,instance_memory,20,3,511,0.13112650756992558,511,0.005453121545861262,0.003025519195944071,0.004125923849642277,0.0034449162194505334,0.013948028441518545,0.017476335167884827
1,instance_memory,20,4,497,0.12753400051321528,497,0.007347807107339623,0.0035861919168382883,0.005113361403346062,0.004174857027828693,0.018749508261680602,0.0227531548589468
1,instance_memory,20,5,490,0.12573774698486015,490,0.009794735700386215,0.004096976015716791,0.006252594059333205,0.004937110817991197,0.024601075612008565,0.03009362705051899
1,instance_memory,20,6,452,0.11598665640236079,452,0.011952004232649914,0.0047645578160882,0.007437330903485417,0.005809553107246757,0.02828215677291155,0.033692795783281326
1,instance_memory,20,7,447,0.1147036181678214,447,0.01563631815489973,0.005493604578077793,0.008925013244152069,0.006666153017431497,0.03639085255563259,0.04138069599866867
1,instance_memory,20,8,435,0.11162432640492687,435,0.0194108824074354,0.006272842176258564,0.01384979672729969,0.007644408382475376,0.04128228276968002,0.0450030080974102
2,control,1,1,0,,0,,,,,,
2,control,1,2,0,,0,,,,,,
2,control,1,3,0,,0,,,,,,
2,control,1,4,0,,0,,,,,,
2,control,1,5,0,,0,,,,,,
2,control,1,6,0,,0,,,,,,
2,control,1,7,0,,0,,,,,,
2,control,1,8,0,,0,,,,,,
2,control,2,1,0,,0,,,,,,
2,control,2,2,0,,0,,,,,,
2,control,2,3,0,,0,,,,,,
2,control,2,4,0,,0,,,,,,
2,control,2,5,0,,0,,,,,,
2,control,2,6,0,,0,,,,,,
2,control,2,7,0,,0,,,,,,
2,control,2,8,0,,0,,,,,,
2,control,3,1,0,,0,,,,,,
2,control,3,2,0,,0,,,,,,
2,control,3,3,0,,0,,,,,,
2,control,3,4,0,,0,,,,,,
2,control,3,5,0,,0,,,,,,
2,control,3,6,0,,0,,,,,,
2,control,3,7,0,,0,,,,,,
2,control,3,8,0,,0,,,,,,
2,control,4,1,0,,0,,,,,,
2,control,4,2,0,,0,,,,,,
2,control,4,3,0,,0,,,,,,
2,control,4,4,0,,0,,,,,,
2,control,4,5,0,,0,,,,,,
2,control,4,6,0,,0,,,,,,
2,control,4,7,0,,0,,,,,,
2,control,4,8,0,,0,,,,,,
2,control,5,1,0,,0,,,,,,
2,control,5,2,0,,0,,,,,,
2,control,5,3,0,,0,,,,,,
2,control,5,4,0,,0,,,,,,
2,control,5,5,0,,0,,,,,,
2,control,5,6,0,,0,,,,,,
2,control,5,7,0,,0,,,,,,
2,control,5,8,0,,0,,,,,,
2,control,6,1,515,0.1805750350631136,515,0.09509802641509806,0.060925982892513275,0.09368167072534561,0.07281811386346818,0.12193080037832259,0.13880258798599243
2,control,6,2,473,0.1658485273492286,473,0.18145854689228105,0.1198427602648735,0.18136177957057953,0.14453050792217254,0.21933523714542388,0.24474669992923737
2,control,6,3,426,0.14936886395511922,426,0.26057568545772436,0.1955626755952835,0.25921912491321564,0.21642262488603592,0.30490079522132874,0.3485974073410034
2,control,6,4,378,0.13253856942496495,378,0.3292580391600649,0.24150772392749786,0.32850857079029083,0.2721824958920479,0.38213178664445874,0.43192005157470703
2,control,6,5,328,0.1150070126227209,328,0.3835894678060601,0.27503207325935364,0.38222429156303406,0.32870337963104246,0.4479462906718254,0.48705464601516724
2,control,6,6,285,0.09992987377279103,285,0.42635983040458275,0.29939013719558716,0.427816241979599,0.36447968482971194,0.49232046604156493,0.5278406739234924
2,control,6,7,237,0.08309957924263675,237,0.4583617701560636,0.33070510625839233,0.45984020829200745,0.3954102635383606,0.5207232475280762,0.5680123567581177
2,control,6,8,210,0.07363253856942496,210,0.48097915621030896,0.35613298416137695,0.48350851237773895,0.4167944729328156,0.535714852809906,0.5826599597930908
2,control,7,1,530,0.1278032312515071,530,0.08889878761937034,0.057739727199077606,0.08801353722810745,0.06951330415904522,0.11288240328431123,0.13036485016345978
2,control,7,2,533,0.12852664576802508,533,0.17098315690572446,0.11898841708898544,0.168876051902771,0.13700384497642518,0.21179135143756866,0.23726269602775574
2,control,7,3,539,0.129973474801061,539,0.24234703901968552,0.1597873717546463,0.23970888555049896,0.19612373411655426,0.2980683118104935,0.33869051933288574
2,control,7,4,542,0.13069688931757897,542,0.30634030537521706,0.1988067626953125,0.30557815730571747,0.24909407645463943,0.3685491606593132,0.44788530468940735
2,control,7,5,531,0.12804436942367978,531,0.35958462672943,0.2516450881958008,0.3574410378932953,0.2993059307336807,0.426043376326561,0.5192428231239319
2,control,7,6,498,0.12008680974198216,498,0.4007034583623151,0.3111970126628876,0.3967687487602234,0.3415957987308502,0.46464718580245973,0.5624877214431763
2,control,7,7,499,0.12032794791415481,499,0.4328653136331715,0.331182599067688,0.43039074540138245,0.3717117071151733,0.49572821855545046,0.5884548425674438
2,control,7,8,475,0.1145406317820111,475,0.45578194260597227,0.33949005603790283,0.45317065715789795,0.3945841997861862,0.5249272167682648,0.5995592474937439
2,control,8,1,544,0.1363066900526184,544,0.08884939428090173,0.06430076062679291,0.08776085823774338,0.07091065309941769,0.1095662035048008,0.12665320932865143
2,control,8,2,531,0.13304936106239038,531,0.16918023665858303,0.12440267205238342,0.16663619875907898,0.13862087577581406,0.21102256327867508,0.24114489555358887
2,control,8,3,509,0.12753695815585067,509,0.24278489952588597,0.18443290889263153,0.23747418820858002,0.20357621610164642,0.29987668395042416,0.33760493993759155
2,control,8,4,499,0.1250313204710599,499,0.3059206236459927,0.22919689118862152,0.3012179434299469,0.2569860130548477,0.3737137883901596,0.43013349175453186
2,control,8,5,505,0.12653470308193435,505,0.3615578628412568,0.2746371924877167,0.3569490611553192,0.3103180408477783,0.4344109535217284,0.4729771614074707
2,control,8,6,513,0.12853921322976697,513,0.4076374656508076,0.3110286593437195,0.4049137830734253,0.35156101584434507,0.4806690752506256,0.5268346071243286
2,control,8,7,458,0.1147582059634177,458,0.4403387638028532,0.3416053354740143,0.43948738276958466,0.37552329897880554,0.5093079149723053,0.5846930146217346
2,control,8,8,432,0.10824354798296167,432,0.4608061807575049,0.35850369930267334,0.4599015414714813,0.3930922940373421,0.5305655270814895,0.6005060076713562
2,control,9,1,549,0.13149700598802394,549,0.08285555381918214,0.05884337052702904,0.08115080744028091,0.06704724431037903,0.10339581966400148,0.12082120776176453
2,control,9,2,553,0.13245508982035928,553,0.16030154354317924,0.11224430054426193,0.1585244983434677,0.12645899653434753,0.19758947789669037,0.23370754718780518
2,control,9,3,546,0.13077844311377246,546,0.23284589933170066,0.15984003245830536,0.23201827704906464,0.19081992283463478,0.2813076078891754,0.3417333662509918
2,control,9,4,533,0.12766467065868264,533,0.2935307350771512,0.19077767431735992,0.29276394844055176,0.24185039103031158,0.3484477639198303,0.41895970702171326
2,control,9,5,522,0.12502994011976049,522,0.34327099831967517,0.21904106438159943,0.34529419243335724,0.28432894200086595,0.3979984909296036,0.4386519491672516
2,control,9,6,494,0.11832335329341317,494,0.3850491771451857,0.2604790925979614,0.3861841857433319,0.32898178845644,0.440376578271389,0.4962288439273834
2,control,9,7,493,0.11808383233532935,493,0.4195851831116976,0.2955532968044281,0.4187502861022949,0.35619052648544314,0.47838172912597654,0.5462228059768677
2,control,9,8,485,0.11616766467065869,485,0.44716330772822666,0.32080525159835815,0.44872042536735535,0.3745147228240967,0.5150668859481812,0.5769461989402771
2,control,10,1,537,0.13223344003939916,537,0.06483941428099708,0.03839714825153351,0.0648466944694519,0.05168431997299194,0.08016101121902465,0.09740167111158371
2,control,10,2,529,0.13026348190100961,529,0.12608516631764138,0.07887265831232071,0.12526333332061768,0.09887985587120056,0.15355042815208433,0.19150489568710327
2,control,10,3,522,0.12853976852991875,522,0.1826835250003813,0.11730806529521942,0.17991893738508224,0.14263366982340814,0.22742418870329856,0.27098938822746277
2,control,10,4,521,0.12829352376262004,521,0.23778050174067894,0.15114493668079376,0.234553262591362,0.19103485345840454,0.29471758008003235,0.35348179936408997
2,control,10,5,519,0.12780103422802266,519,0.28906167874216804,0.18031077086925507,0.2827850580215454,0.2277636781334877,0.3725580066442489,0.473136305809021
2,control,10,6,492,0.1211524255109579,492,0.33287608332750274,0.20394597947597504,0.32695096731185913,0.2669552266597748,0.4333090096712112,0.5098024010658264
2,control,10,7,475,0.11696626446688008,475,0.37039074028793134,0.23345482349395752,0.36474257707595825,0.2974773317575455,0.4696427404880523,0.5319786071777344
2,control,10,8,466,0.11475006156119183,466,0.40063595592719803,0.25750622153282166,0.3944687098264694,0.3191617950797081,0.5004928112030029,0.5446456670761108
2,control,11,1,551,0.13840743531775937,551,0.06399148079260723,0.03961460664868355,0.06290049850940704,0.048307182267308235,0.08239709213376045,0.10351627320051193
2,control,11,2,533,0.1338859583019342,533,0.12145814869909305,0.07905786484479904,0.11804111301898956,0.09336920082569122,0.158823424577713,0.21670164167881012
2,control,11,3,513,0.12886209495101733,513,0.17396023929061016,0.11014240235090256,0.1698618233203888,0.13151440322399138,0.22629489600658415,0.3192383646965027
2,control,11,4,504,0.12660135644310475,504,0.2191176318400909,0.13279952108860016,0.21480721235275269,0.16349396035075187,0.2949384212493896,0.3911663293838501
2,control,11,5,499,0.12534539060537553,499,0.25674275480554193,0.16331668198108673,0.2534874677658081,0.197336608171463,0.3273209482431411,0.4032328128814697
2,control,11,6,491,0.12333584526500879,491,0.2885700643912352,0.1956709772348404,0.285386860370636,0.22361189126968384,0.3622524291276932,0.4049918055534363
2,control,11,7,461,0.1158000502386335,461,0.3097273920078857,0.21878042817115784,0.3083425760269165,0.2501542270183563,0.37584999203681946,0.4503835141658783
2,control,11,8,429,0.10776186887716654,429,0.3284196055782981,0.24075333774089813,0.32766780257225037,0.2670825898647308,0.3913406670093536,0.43936142325401306
2,control,12,1,552,0.13288396726047183,552,0.05594936062487355,0.0373799167573452,0.055694110691547394,0.0435348505154252,0.06939037702977657,0.0762706995010376
2,control,12,2,547,0.13168030813673567,547,0.10938632117764824,0.07276950031518936,0.10856790840625763,0.08544052988290787,0.13411540687084197,0.1533576250076294
2,control,12,3,547,0.13168030813673567,547,0.1591886800919852,0.109293632209301,0.15886755287647247,0.12400777414441108,0.1961141660809517,0.22023223340511322
2,control,12,4,527,0.12686567164179105,527,0.20642899047491448,0.14108999073505402,0.20565518736839294,0.15589867234230043,0.25372268855571745,0.28850001096725464
2,control,12,5,517,0.12445835339431872,517,0.2517630610636632,0.1648271232843399,0.2497328668832779,0.18656713962554933,0.311430025100708,0.4292815029621124
2,control,12,6,505,0.12156957149735195,505,0.29013729355122786,0.18368607759475708,0.2872239351272583,0.22039729058742524,0.3596764743328094,0.44248050451278687
2,control,12,7,495,0.11916225324987964,495,0.3244533172159484,0.2002035677433014,0.323080837726593,0.2559609621763229,0.39918783605098723,0.45808759331703186
2,control,12,8,464,0.11169956668271545,464,0.3492113435319785,0.22042787075042725,0.34914229810237885,0.28492370396852496,0.4201819583773613,0.4776080548763275
2,control,13,1,541,0.13305459911460896,541,0.049249287515658324,0.02997059002518654,0.049091216176748276,0.03812776133418083,0.06099642440676689,0.07155140489339828
2,control,13,2,540,0.13280865715691098,540,0.09416470747027132,0.06263792514801025,0.09322661906480789,0.07583415322005749,0.11655384711921216,0.13660044968128204
2,control,13,3,526,0.1293654697491392,526,0.13783146666199989,0.09124750643968582,0.13624539971351624,0.11059369519352913,0.16977977752685547,0.19868580996990204
2,control,13,4,519,0.12764387604525332,519,0.17744339558947292,0.11810325086116791,0.17501260340213776,0.14403965771198274,0.21616560369729995,0.25349342823028564
2,control,13,5,514,0.1264141662567634,514,0.21272411151038997,0.14190806448459625,0.21001196652650833,0.1733739674091339,0.2549675330519676,0.287544846534729
2,control,13,6,497,0.1222331529758977,497,0.2418011696165956,0.16665244102478027,0.23964543640613556,0.19971055984497071,0.28763821721076965,0.32927826046943665
2,control,13,7,478,0.11756025577963601,478,0.26902703766294106,0.1884211152791977,0.2685129791498184,0.22535240203142165,0.316062881052494,0.3668988049030304
2,control,13,8,451,0.11091982292179045,451,0.29204448152275675,0.2045571208000183,0.29154086112976074,0.24397685378789902,0.3453011214733124,0.3933672308921814
2,control,14,1,538,0.13313536253402622,538,0.03969295050768826,0.020787598565220833,0.039189333096146584,0.02871839040890336,0.05405466500669717,0.06375293433666229
2,control,14,2,534,0.1321455085374907,534,0.07714549221154232,0.0404277965426445,0.07627402991056442,0.051892931945621966,0.10780359730124472,0.13062113523483276
2,control,14,3,524,0.12967087354615195,524,0.11272578443336578,0.06066771224141121,0.11345652118325233,0.07361327856779099,0.1535886988043785,0.18787527084350586
2,control,14,4,513,0.12694877505567928,513,0.14714458295766839,0.07602988928556442,0.1459072232246399,0.09547944366931915,0.2027006089687347,0.25610455870628357
2,control,14,5,503,0.12447414006434052,503,0.17875213867745865,0.09069886058568954,0.17484532296657562,0.12024145573377609,0.24593202322721477,0.30538830161094666
2,control,14,6,494,0.12224696857213561,494,0.20908577142939394,0.10512343049049377,0.20281478762626648,0.14459753260016442,0.2937770560383796,0.35112112760543823
2,control,14,7,484,0.11977233358079684,484,0.23597466352988372,0.12239866703748703,0.22960712760686874,0.16518254727125167,0.32492270320653915,0.37785181403160095
2,control,14,8,451,0.11160603810937887,451,0.2585297840794016,0.13845695555210114,0.25000789761543274,0.17950379848480225,0.35550543665885925,0.38969293236732483
2,control,15,1,533,0.1337180130456598,533,0.03080967801848451,0.01901629939675331,0.029877953231334686,0.02240418866276741,0.041984570771455766,0.05161045119166374
2,control,15,2,531,0.133216256899147,531,0.059645122853712845,0.03493115305900574,0.05777423828840256,0.04278651811182499,0.08202189952135086,0.09435539692640305
2,control,15,3,522,0.13095835423983943,522,0.08831178407645089,0.0488283596932888,0.08692808449268341,0.06303738802671432,0.11749952211976052,0.13847076892852783
2,control,15,4,523,0.13120923231309584,523,0.11676073493168869,0.07010889053344727,0.11465009301900864,0.08880734667181969,0.14961005002260205,0.16954021155834198
2,control,15,5,480,0.12042147516307075,480,0.14352169623598457,0.08628804236650467,0.1421184167265892,0.10874282866716385,0.1808497667312622,0.218235582113266
2,control,15,6,473,0.11866532865027597,473,0.1674937583332838,0.09561394155025482,0.16672740876674652,0.13104991912841796,0.20614656209945678,0.23369182646274567
2,control,15,7,468,0.11741093828399397,468,0.19019114789672387,0.13687419891357422,0.18839573860168457,0.14979245737195016,0.23653488233685493,0.26982179284095764
2,control,15,8,456,0.11440040140491721,456,0.2112500664304223,0.14524148404598236,0.20815955847501755,0.1695123128592968,0.26744531840085983,0.3040052652359009
2,control,16,1,566,0.13215036189586737,566,0.02274797173618428,0.013227494433522224,0.02220430225133896,0.016381438355892897,0.03102806629613042,0.039511650800704956
2,control,16,2,542,0.12654681298155498,542,0.0437126386072143,0.024689173325896263,0.04339265823364258,0.03154038917273283,0.058000083640217776,0.068961501121521
2,control,16,3,539,0.12584636936726593,539,0.06440668310520821,0.03687657043337822,0.06372673064470291,0.04832298904657364,0.0816788174211979,0.09670912474393845
2,control,16,4,549,0.1281811814148961,549,0.08301735497698975,0.050123315304517746,0.08253835886716843,0.06541357338428497,0.10369214862585069,0.12324413657188416
2,control,16,5,548,0.12794770021013308,548,0.10068258821257274,0.06348852068185806,0.10077539458870888,0.07812767773866654,0.12388156875967979,0.1437830775976181
2,control,16,6,540,0.12607985057202895,540,0.11740410641111709,0.07070791721343994,0.11668885499238968,0.0933791097253561,0.14234083220362662,0.1634490042924881
2,control,16,7,516,0.12047630165771656,516,0.13398050111104814,0.08327192813158035,0.13415955007076263,0.10659895092248917,0.16095870733261108,0.1795586496591568
2,control,16,8,483,0.112771421900537,483,0.14842674859623978,0.0895535796880722,0.1493009328842163,0.1172688864171505,0.17818165570497513,0.19653885066509247
2,control,17,1,538,0.1362025316455696,538,0.015427835725358649,0.009627043269574642,0.015323660336434841,0.011449699848890304,0.01972695207223296,0.024308590218424797
2,control,17,2,546,0.13822784810126582,546,0.029278306853394588,0.018954450264573097,0.02930265013128519,0.02198732877150178,0.036568145267665386,0.04211779683828354
2,control,17,3,534,0.1351898734177215,534,0.04235537662362673,0.028836682438850403,0.04216253012418747,0.03244535177946091,0.05207493863999843,0.06070874258875847
2,control,17,4,503,0.12734177215189874,503,0.05484032278387969,0.03793863579630852,0.054847728461027145,0.04227536432445049,0.06841199919581413,0.0771717056632042
2,control,17,5,490,0.1240506329113924,490,0.06768044424148238,0.04559411481022835,0.06680867448449135,0.05310732256621122,0.0893735647201538,0.10813046991825104
2,control,17,6,476,0.12050632911392405,476,0.07933955198983435,0.05331312492489815,0.07814589887857437,0.06282681040465832,0.10189937241375446,0.12242405861616135
2,control,17,7,439,0.11113924050632912,439,0.09225612243208907,0.0613577663898468,0.08972399681806564,0.07182437255978584,0.12199538573622704,0.1525217890739441
2,control,17,8,424,0.10734177215189873,424,0.10616105485637232,0.06853745132684708,0.10150238126516342,0.0807833805680275,0.14635255336761474,0.18789629638195038
2,control,18,1,549,0.12957281095114467,549,0.010304000836802147,0.006922177970409393,0.009844607673585415,0.007986448891460895,0.016031218320131303,0.02326086536049843
2,control,18,2,545,0.12862874675477934,545,0.019799588724902464,0.012505782768130302,0.018392011523246765,0.014813526906073094,0.03227187544107436,0.046690087765455246
2,control,18,3,556,0.13122492329478405,556,0.029491889364213396,0.017223812639713287,0.02693263068795204,0.021129938773810863,0.046950140967965126,0.05814644321799278
2,control,18,4,554,0.13075289119660136,554,0.0388652356644077,0.021553801372647285,0.03562593460083008,0.02740178070962429,0.058952928707003596,0.07041539996862411
2,control,18,5,546,0.12886476280387066,546,0.04794152731915097,0.026069937273859978,0.044052472338080406,0.03302554599940777,0.07276436313986778,0.0819678083062172
2,control,18,6,527,0.12438045787113523,527,0.056950696894238075,0.029651062563061714,0.051800522953271866,0.03893907368183136,0.08560683876276017,0.10387642681598663
2,control,18,7,490,0.11564786405475572,490,0.06582711241683181,0.03284352272748947,0.06142856925725937,0.045392466522753236,0.09521161541342735,0.12197776138782501
2,control,18,8,470,0.11092754307292896,470,0.07503478952703324,0.03652016445994377,0.07229823619127274,0.0516779076308012,0.10485998615622519,0.1292250007390976
2,control,19,1,527,0.1319809666917105,527,0.007057403420156444,0.004160470329225063,0.006787506397813559,0.004849118459969759,0.011485320702195167,0.015226071700453758
2,control,19,2,536,0.13423491109441524,536,0.012947835273164978,0.0069509390741586685,0.012644727248698473,0.008115255972370505,0.019747126381844282,0.026622002944350243
2,control,19,3,517,0.12947658402203857,517,0.01884765981568647,0.00958740059286356,0.018693260848522186,0.011981727182865142,0.027601197734475134,0.03373916819691658
2,control,19,4,513,0.1284748309541698,513,0.025138935813095717,0.01221406925469637,0.025293927639722824,0.016891465708613395,0.03501437380909919,0.04087825492024422
2,control,19,5,493,0.12346606561482594,493,0.03110837507199564,0.01781126856803894,0.03128580376505852,0.02159756198525429,0.04037367030978203,0.045857373625040054
2,control,19,6,471,0.1179564237415477,471,0.037134740568871456,0.022883892059326172,0.03723922371864319,0.02698063850402832,0.04681560955941677,0.055775292217731476
2,control,19,7,469,0.11745554720761332,469,0.043615200074274406,0.029945077374577522,0.04325646162033081,0.033374062925577166,0.05375362634658813,0.06336642801761627
2,control,19,8,467,0.11695467067367894,467,0.04939282133505227,0.03300612419843674,0.04881177470088005,0.038985802605748174,0.06155919730663299,0.0677812248468399
2,control,20,1,561,0.13793951315465947,561,0.0035516282974338946,0.00250398856587708,0.0034065654035657644,0.0028879267629235983,0.00510032195597887,0.0065363990142941475
2,control,20,2,558,0.13720186869928694,558,0.004579312016596637,0.002844881499186158,0.004152046982198954,0.0034250628552399574,0.008598562190309167,0.012224668636918068
2,control,20,3,538,0.13228423899680353,538,0.0058906806860513795,0.003323571290820837,0.005055909277871251,0.0041062837233766915,0.011633579805493354,0.015111573971807957
2,control,20,4,521,0.12810425374969264,521,0.007419386932236677,0.003935957793146372,0.006037912797182798,0.004866426344960928,0.015360133722424507,0.01939643919467926
2,control,20,5,504,0.12392426850258176,504,0.009236784258280836,0.004717894829809666,0.007120852591469884,0.005663155205547809,0.019541325327008956,0.023561453446745872
2,control,20,6,471,0.11581017949348414,471,0.011396182804801471,0.005287452135235071,0.008377110585570335,0.006503774551674724,0.024586939252912998,0.030548954382538795
2,control,20,7,468,0.11507253503811163,468,0.014170680155293046,0.006438460201025009,0.009799933526664972,0.007477160845883191,0.030200299900025127,0.034433070570230484
2,control,20,8,446,0.10966314236537988,446,0.01728372917836323,0.006982677616178989,0.011732524260878563,0.008217544760555029,0.03841827251017094,0.04694339632987976
2,instance_memory,1,1,0,,0,,,,,,
2,instance_memory,1,2,0,,0,,,,,,
2,instance_memory,1,3,0,,0,,,,,,
2,instance_memory,1,4,0,,0,,,,,,
2,instance_memory,1,5,0,,0,,,,,,
2,instance_memory,1,6,0,,0,,,,,,
2,instance_memory,1,7,0,,0,,,,,,
2,instance_memory,1,8,0,,0,,,,,,
2,instance_memory,2,1,0,,0,,,,,,
2,instance_memory,2,2,0,,0,,,,,,
2,instance_memory,2,3,0,,0,,,,,,
2,instance_memory,2,4,0,,0,,,,,,
2,instance_memory,2,5,0,,0,,,,,,
2,instance_memory,2,6,0,,0,,,,,,
2,instance_memory,2,7,0,,0,,,,,,
2,instance_memory,2,8,0,,0,,,,,,
2,instance_memory,3,1,0,,0,,,,,,
2,instance_memory,3,2,0,,0,,,,,,
2,instance_memory,3,3,0,,0,,,,,,
2,instance_memory,3,4,0,,0,,,,,,
2,instance_memory,3,5,0,,0,,,,,,
2,instance_memory,3,6,0,,0,,,,,,
2,instance_memory,3,7,0,,0,,,,,,
2,instance_memory,3,8,0,,0,,,,,,
2,instance_memory,4,1,0,,0,,,,,,
2,instance_memory,4,2,0,,0,,,,,,
2,instance_memory,4,3,0,,0,,,,,,
2,instance_memory,4,4,0,,0,,,,,,
2,instance_memory,4,5,0,,0,,,,,,
2,instance_memory,4,6,0,,0,,,,,,
2,instance_memory,4,7,0,,0,,,,,,
2,instance_memory,4,8,0,,0,,,,,,
2,instance_memory,5,1,0,,0,,,,,,
2,instance_memory,5,2,0,,0,,,,,,
2,instance_memory,5,3,0,,0,,,,,,
2,instance_memory,5,4,0,,0,,,,,,
2,instance_memory,5,5,0,,0,,,,,,
2,instance_memory,5,6,0,,0,,,,,,
2,instance_memory,5,7,0,,0,,,,,,
2,instance_memory,5,8,0,,0,,,,,,
2,instance_memory,6,1,515,0.1805750350631136,515,0.095327691770005,0.057341866195201874,0.09095104783773422,0.0652522474527359,0.13680357486009595,0.15489311516284943
2,instance_memory,6,2,473,0.1658485273492286,473,0.18532580308946947,0.11657127737998962,0.17645321786403656,0.1281041145324707,0.25853163599967954,0.2902083396911621
2,instance_memory,6,3,426,0.14936886395511922,426,0.27102329309137774,0.1697062999010086,0.26031406223773956,0.19006143510341644,0.36387287080287933,0.419615775346756
2,instance_memory,6,4,378,0.13253856942496495,378,0.35003687599033273,0.22379037737846375,0.33671098947525024,0.24773504510521888,0.468395359814167,0.5190134644508362
2,instance_memory,6,5,328,0.1150070126227209,328,0.4201594425774202,0.27939385175704956,0.4028521627187729,0.3089024156332016,0.5525454968214035,0.5910755395889282
2,instance_memory,6,6,285,0.09992987377279103,285,0.48277953748117414,0.3245593011379242,0.4685192108154297,0.37642422914505,0.6168605208396912,0.6573800444602966
2,instance_memory,6,7,237,0.08309957924263675,237,0.5446432666688026,0.37884315848350525,0.5362890958786011,0.4349577069282532,0.6729274988174438,0.7044017314910889
2,instance_memory,6,8,210,0.07363253856942496,210,0.5943815820273899,0.46781349182128906,0.5939209461212158,0.49127696752548217,0.7079411327838897,0.7420082092285156
2,instance_memory,7,1,530,0.1278032312515071,530,0.08962234350026778,0.04775111749768257,0.08821110054850578,0.050870662555098534,0.13825396969914436,0.15868201851844788
2,instance_memory,7,2,533,0.12852664576802508,533,0.17773771030202815,0.09100038558244705,0.17779552936553955,0.1015862137079239,0.2612018585205078,0.29163411259651184
2,instance_memory,7,3,539,0.129973474801061,539,0.26223653953017906,0.13336582481861115,0.2612694203853607,0.1571265771985054,0.3682865023612976,0.4099709987640381
2,instance_memory,7,4,542,0.13069688931757897,542,0.34181884813682617,0.17734630405902863,0.3342701941728592,0.21116799265146255,0.4657625526189804,0.5166214108467102
2,instance_memory,7,5,531,0.12804436942367978,531,0.41279450850298177,0.2294009029865265,0.39598631858825684,0.2752339094877243,0.5550733506679535,0.6094295382499695
2,instance_memory,7,6,498,0.12008680974198216,498,0.4718557757187081,0.29276642203330994,0.45391249656677246,0.33499438017606736,0.6323647558689117,0.6919708251953125
2,instance_memory,7,7,499,0.12032794791415481,499,0.5235016470203897,0.32601189613342285,0.4982031583786011,0.3923399358987808,0.6806627988815307,0.7348996996879578
2,instance_memory,7,8,475,0.1145406317820111,475,0.5712381963353408,0.3502189815044403,0.5465480089187622,0.44146174788475034,0.7363318204879761,0.7977107763290405
2,instance_memory,8,1,544,0.1363066900526184,544,0.08492916568374152,0.05986974388360977,0.08457058668136597,0.067214709892869,0.1040737796574831,0.11614739894866943
2,instance_memory,8,2,531,0.13304936106239038,531,0.1663428884273195,0.12900018692016602,0.1627456545829773,0.13993265479803085,0.20211700350046158,0.2349654734134674
2,instance_memory,8,3,509,0.12753695815585067,509,0.24405002406631798,0.19782812893390656,0.24050651490688324,0.21150112748146058,0.29047183394432063,0.3405125141143799
2,instance_memory,8,4,499,0.1250313204710599,499,0.31993064983096536,0.2596293091773987,0.316789448261261,0.2767308533191681,0.37201294302940363,0.415357381105423
2,instance_memory,8,5,505,0.12653470308193435,505,0.39741521123612283,0.3162008225917816,0.39026886224746704,0.3420936703681946,0.4787778913974762,0.5399168729782104
2,instance_memory,8,6,513,0.12853921322976697,513,0.47385095324200266,0.37444859743118286,0.46432992815971375,0.4047240138053894,0.5916684627532959,0.6733993887901306
2,instance_memory,8,7,458,0.1147582059634177,458,0.5377266241082979,0.42760685086250305,0.5261311829090118,0.45667530596256256,0.679210141301155,0.7554356455802917
2,instance_memory,8,8,432,0.10824354798296167,432,0.5960562133264763,0.4659022092819214,0.5800918936729431,0.5053664922714234,0.7349307328462601,0.800431489944458
2,instance_memory,9,1,549,0.13149700598802394,549,0.0889808247459608,0.06784321367740631,0.08973716199398041,0.07504891157150269,0.10167963951826096,0.11315988004207611
2,instance_memory,9,2,553,0.13245508982035928,553,0.17604726563741674,0.13112416863441467,0.17615394294261932,0.1525871604681015,0.19942202270030976,0.21732687950134277
2,instance_memory,9,3,546,0.13077844311377246,546,0.26099628865063845,0.20512764155864716,0.2608833760023117,0.23020854219794273,0.2968471124768257,0.31724250316619873
2,instance_memory,9,4,533,0.12766467065868264,533,0.342467105019607,0.26308634877204895,0.341460257768631,0.2991663455963135,0.3910138845443725,0.43232959508895874
2,instance_memory,9,5,522,0.12502994011976049,522,0.41807504540659,0.3225654661655426,0.41808898746967316,0.3699303507804871,0.47105014771223064,0.5074694752693176
2,instance_memory,9,6,494,0.11832335329341317,494,0.4888066176460822,0.38548386096954346,0.4889073520898819,0.43494040369987486,0.5436294257640838,0.5836917757987976
2,instance_memory,9,7,493,0.11808383233532935,493,0.5538385271058847,0.44478869438171387,0.5538408756256104,0.4956724762916565,0.6111055612564087,0.6538539528846741
2,instance_memory,9,8,485,0.11616766467065869,485,0.6111924046708136,0.4976978600025177,0.6107516288757324,0.5525127410888672,0.66851886510849,0.6945940852165222
2,instance_memory,10,1,537,0.13223344003939916,537,0.07669575927255318,0.052556443959474564,0.07701701670885086,0.061679935455322264,0.09284829944372176,0.10626209527254105
2,instance_memory,10,2,529,0.13026348190100961,529,0.15284192709988143,0.10467702150344849,0.153224915266037,0.12081080675125122,0.1899014115333557,0.209036722779274
2,instance_memory,10,3,522,0.12853976852991875,522,0.2285836027556909,0.15479813516139984,0.22913899272680283,0.17519785910844804,0.2796711802482605,0.2947726547718048
2,instance_memory,10,4,521,0.12829352376262004,521,0.3027382030825697,0.20689307153224945,0.30495691299438477,0.23144608736038208,0.3636649250984192,0.3872903287410736
2,instance_memory,10,5,519,0.12780103422802266,519,0.373841668197415,0.25840896368026733,0.38076889514923096,0.28865973055362704,0.4454601198434829,0.4870850443840027
2,instance_memory,10,6,492,0.1211524255109579,492,0.44158072933191206,0.31532934308052063,0.45063067972660065,0.35075599402189256,0.5254501968622207,0.5819781422615051
2,instance_memory,10,7,475,0.11696626446688008,475,0.5045395723142122,0.3731483221054077,0.5111773610115051,0.40534386932849886,0.593355518579483,0.6524850726127625
2,instance_memory,10,8,466,0.11475006156119183,466,0.5646946507590012,0.4310377836227417,0.5695424973964691,0.4661516547203064,0.6561756581068039,0.7109935283660889
2,instance_memory,11,1,551,0.13840743531775937,551,0.07318219842013993,0.04550543054938316,0.07332905381917953,0.05487794242799282,0.09153266996145248,0.10159054398536682
2,instance_memory,11,2,533,0.1338859583019342,533,0.1458438992304605,0.10035593062639236,0.14573058485984802,0.11101308763027191,0.17773611843585968,0.19364969432353973
2,instance_memory,11,3,513,0.12886209495101733,513,0.2164072068172124,0.15503399074077606,0.21961970627307892,0.1713668465614319,0.26277358531951905,0.2906273305416107
2,instance_memory,11,4,504,0.12660135644310475,504,0.28573753492581466,0.20075993239879608,0.28721751272678375,0.2292692206799984,0.34493620693683624,0.37397196888923645
2,instance_memory,11,5,499,0.12534539060537553,499,0.3526090712012174,0.2595949172973633,0.34957435727119446,0.2879669427871704,0.4234877526760101,0.45421263575553894
2,instance_memory,11,6,491,0.12333584526500879,491,0.41677688113783623,0.30871155858039856,0.41598111391067505,0.3428979814052582,0.4943748712539673,0.531608521938324
2,instance_memory,11,7,461,0.1158000502386335,461,0.47573967429924424,0.3352261781692505,0.4804345369338989,0.3886043429374695,0.5554608702659607,0.5904507637023926
2,instance_memory,11,8,429,0.10776186887716654,429,0.5270292886765131,0.36038658022880554,0.5327571034431458,0.43665631413459777,0.6182348489761351,0.6557921171188354
2,instance_memory,12,1,552,0.13288396726047183,552,0.0663567005008783,0.04966503009200096,0.06401596963405609,0.053317475505173205,0.08505811691284178,0.09806127846240997
2,instance_memory,12,2,547,0.13168030813673567,547,0.13233272012125638,0.10062920302152634,0.12770524621009827,0.1098742738366127,0.16740545779466628,0.19337154924869537
2,instance_memory,12,3,547,0.13168030813673567,547,0.19697029341073533,0.14812995493412018,0.18975982069969177,0.16432734429836274,0.24647326618433,0.27881187200546265
2,instance_memory,12,4,527,0.12686567164179105,527,0.2610737524742872,0.19467392563819885,0.2536333203315735,0.21456618160009383,0.3207551449537277,0.3471947908401489
2,instance_memory,12,5,517,0.12445835339431872,517,0.323371989872285,0.23361264169216156,0.319549024105072,0.2685907244682312,0.39286940097808837,0.41513770818710327
2,instance_memory,12,6,505,0.12156957149735195,505,0.3818500924228442,0.27028098702430725,0.38190358877182007,0.31695972084999086,0.45623009800910946,0.489643394947052
2,instance_memory,12,7,495,0.11916225324987964,495,0.4380684905582004,0.30574265122413635,0.44114771485328674,0.3580577939748764,0.5175776600837706,0.5638290643692017
2,instance_memory,12,8,464,0.11169956668271545,464,0.49359630600645626,0.3638489544391632,0.49244309961795807,0.4110614523291588,0.5818103402853012,0.6310393810272217
2,instance_memory,13,1,541,0.13305459911460896,541,0.05231961287392816,0.03107495792210102,0.04857337474822998,0.036624182015657425,0.07640869170427322,0.08686993271112442
2,instance_memory,13,2,540,0.13280865715691098,540,0.10160528155802577,0.05929839611053467,0.09721163660287857,0.07183573767542839,0.14486716017127038,0.1596645712852478
2,instance_memory,13,3,526,0.1293654697491392,526,0.15019509250106922,0.08793806284666061,0.14075393229722977,0.10735417902469635,0.21304810419678688,0.24155955016613007
2,instance_memory,13,4,519,0.12764387604525332,519,0.1979134688602477,0.11800938099622726,0.18931983411312103,0.14344270378351212,0.27168909311294553,0.31355127692222595
2,instance_memory,13,5,514,0.1264141662567634,514,0.24595343985446233,0.1449631303548813,0.2406953051686287,0.1801188051700592,0.32779970616102216,0.3714945912361145
2,instance_memory,13,6,497,0.1222331529758977,497,0.2923392485265041,0.17555658519268036,0.2870945632457733,0.21611293852329255,0.3875203549861908,0.4453970789909363
2,instance_memory,13,7,478,0.11756025577963601,478,0.34285887817084537,0.20936961472034454,0.33552975952625275,0.2524541079998016,0.4513951003551483,0.5069707036018372
2,instance_memory,13,8,451,0.11091982292179045,451,0.38817812885651304,0.24869342148303986,0.37768295407295227,0.2888643592596054,0.5100665390491486,0.5803210139274597
2,instance_memory,14,1,538,0.13313536253402622,538,0.048672129694358565,0.02925419993698597,0.0479115080088377,0.03563902862370014,0.0640297319740057,0.07436341047286987
2,instance_memory,14,2,534,0.1321455085374907,534,0.0974215276762564,0.0567023903131485,0.0961386114358902,0.0707112692296505,0.137248944491148,0.1530020534992218
2,instance_memory,14,3,524,0.12967087354615195,524,0.14605377546248546,0.08676984161138535,0.14334270358085632,0.10545821785926819,0.19994874596595763,0.22751349210739136
2,instance_memory,14,4,513,0.12694877505567928,513,0.1944554181039682,0.11904143542051315,0.1894543170928955,0.14050134122371674,0.27117942571640014,0.3116611838340759
2,instance_memory,14,5,503,0.12447414006434052,503,0.24181252430613426,0.15414655208587646,0.23528385162353516,0.1770619735121727,0.3399596333503723,0.37956637144088745
2,instance_memory,14,6,494,0.12224696857213561,494,0.2894542528851795,0.18567417562007904,0.2813296765089035,0.21440381705760955,0.3864590436220169,0.424743115901947
2,instance_memory,14,7,484,0.11977233358079684,484,0.33717458217966656,0.22044576704502106,0.3259700983762741,0.25590511709451674,0.4352463379502296,0.4884922504425049
2,instance_memory,14,8,451,0.11160603810937887,451,0.3828533162298858,0.25529879331588745,0.3662876784801483,0.29614119231700897,0.4942799508571625,0.5373826622962952
2,instance_memory,15,1,533,0.1337180130456598,533,0.04366023787498251,0.027897905558347702,0.042388565838336945,0.03409998789429665,0.06160857751965522,0.06978610903024673
2,instance_memory,15,2,531,0.133216256899147,531,0.0873601860287836,0.056240275502204895,0.08513107895851135,0.06815698370337486,0.11514242365956306,0.12821336090564728
2,instance_memory,15,3,522,0.13095835423983943,522,0.13155757450280975,0.0869542807340622,0.1274549663066864,0.10261942446231842,0.17229062914848328,0.1987587809562683
2,instance_memory,15,4,523,0.13120923231309584,523,0.17690944734312608,0.11720380932092667,0.17235632240772247,0.13802400529384612,0.2268949896097183,0.24973858892917633
2,instance_memory,15,5,480,0.12042147516307075,480,0.2192111663830777,0.1498110443353653,0.21421029418706894,0.17274670153856278,0.2783530503511429,0.3131714165210724
2,instance_memory,15,6,473,0.11866532865027597,473,0.26153958621917267,0.1832263320684433,0.2568399906158447,0.20949751436710357,0.325753515958786,0.35904011130332947
2,instance_memory,15,7,468,0.11741093828399397,468,0.30382612287106675,0.21615304052829742,0.2995123565196991,0.24746621623635293,0.3707209289073944,0.40145862102508545
2,instance_memory,15,8,456,0.11440040140491721,456,0.3446927024868497,0.2495429813861847,0.34074579179286957,0.2842557430267334,0.4105553552508354,0.43490728735923767
2,instance_memory,16,1,566,0.13215036189586737,566,0.0316289352325479,0.020843513309955597,0.029560651630163193,0.023381197825074196,0.04321956727653742,0.04987340793013573
2,instance_memory,16,2,542,0.12654681298155498,542,0.06174602912828271,0.04173564910888672,0.05792657099664211,0.04629011023789644,0.08289801478385923,0.09427513927221298
2,instance_memory,16,3,539,0.12584636936726593,539,0.09295506324750373,0.06256850063800812,0.08653075993061066,0.07010268718004227,0.1296389266848564,0.15962029993534088
2,instance_memory,16,4,549,0.1281811814148961,549,0.12475489008024959,0.08149982243776321,0.11748316138982773,0.094170843064785,0.1734606564044953,0.19805017113685608
2,instance_memory,16,5,548,0.12794770021013308,548,0.1569061832380121,0.10004198551177979,0.1486137956380844,0.11753319054841996,0.21801822036504745,0.2550960183143616
2,instance_memory,16,6,540,0.12607985057202895,540,0.18959108933254523,0.12117917090654373,0.18045198172330856,0.14244921654462814,0.2609350278973579,0.29783764481544495
2,instance_memory,16,7,516,0.12047630165771656,516,0.22318072850967563,0.14358516037464142,0.2146071195602417,0.16470623388886452,0.3137992098927498,0.36056846380233765
2,instance_memory,16,8,483,0.112771421900537,483,0.2567738857945547,0.16899415850639343,0.2479499727487564,0.18998258411884308,0.3463461518287659,0.39557647705078125
2,instance_memory,17,1,538,0.1362025316455696,538,0.024399009006977303,0.01711653172969818,0.02313655149191618,0.019543564599007367,0.03995794877409935,0.04683082550764084
2,instance_memory,17,2,546,0.13822784810126582,546,0.050707731423251357,0.035377949476242065,0.0467974990606308,0.03948795981705189,0.08204310759902,0.09814304113388062
2,instance_memory,17,3,534,0.1351898734177215,534,0.0773584521567442,0.05302252620458603,0.07030917331576347,0.058608430251479146,0.12106329202651976,0.1399686187505722
2,instance_memory,17,4,503,0.12734177215189874,503,0.1027944405705744,0.0696893259882927,0.09343741834163666,0.07766732797026635,0.15257371366024017,0.1689140349626541
2,instance_memory,17,5,490,0.1240506329113924,490,0.12939545627759427,0.08672976493835449,0.11749706789851189,0.09952648952603341,0.18836045637726784,0.2244674265384674
2,instance_memory,17,6,476,0.12050632911392405,476,0.15553604243244945,0.10351675003767014,0.14269567281007767,0.11877700500190258,0.21760526299476624,0.25291991233825684
2,instance_memory,17,7,439,0.11113924050632912,439,0.1837936764867268,0.1208273246884346,0.16835974156856537,0.1415861502289772,0.24959006905555725,0.2773893177509308
2,instance_memory,17,8,424,0.10734177215189873,424,0.21150982678639438,0.1351490169763565,0.20003139227628708,0.16089743599295617,0.2784102991223335,0.304372102022171
2,instance_memory,18,1,549,0.12957281095114467,549,0.013496987092459679,0.009453150443732738,0.01296625379472971,0.01088454108685255,0.021818815544247628,0.026592973619699478
2,instance_memory,18,2,545,0.12862874675477934,545,0.02763487594800258,0.019682416692376137,0.025745006278157234,0.0217447929084301,0.043053118884563445,0.05248287692666054
2,instance_memory,18,3,556,0.13122492329478405,556,0.04257366848814723,0.02917732484638691,0.03876166231930256,0.032924327068030834,0.0664199236780405,0.07927758246660233
2,instance_memory,18,4,554,0.13075289119660136,554,0.05777930712414778,0.038618896156549454,0.05210762470960617,0.04339232873171568,0.0872874964028597,0.09953055530786514
2,instance_memory,18,5,546,0.12886476280387066,546,0.07272502124964536,0.04759574308991432,0.06604327261447906,0.05442980024963617,0.10536215454339981,0.1201072707772255
2,instance_memory,18,6,527,0.12438045787113523,527,0.08812286306801738,0.05677957087755203,0.07963453978300095,0.06516352519392968,0.1282119035720825,0.14605380594730377
2,instance_memory,18,7,490,0.11564786405475572,490,0.10476123413869314,0.06498507410287857,0.09488670527935028,0.07727107480168342,0.15108861327171325,0.1790757179260254
2,instance_memory,18,8,470,0.11092754307292896,470,0.1237011101493176,0.07646817713975906,0.11366399377584457,0.09012869596481324,0.17801391705870623,0.20354756712913513
2,instance_memory,19,1,527,0.1319809666917105,527,0.005952849279933625,0.0037910642568022013,0.005526395048946142,0.004263285314664245,0.01104937894269824,0.013184926472604275
2,instance_memory,19,2,536,0.13423491109441524,536,0.01167853479968634,0.006566581781953573,0.010576602071523666,0.007779894396662712,0.02160753170028329,0.026258885860443115
2,instance_memory,19,3,517,0.12947658402203857,517,0.017555199032090966,0.009427945129573345,0.015776773914694786,0.01165593508630991,0.03240725025534629,0.0402970090508461
2,instance_memory,19,4,513,0.1284748309541698,513,0.024430027146248208,0.012544343248009682,0.02127014473080635,0.01581094190478325,0.04644378498196602,0.05367281287908554
2,instance_memory,19,5,493,0.12346606561482594,493,0.030845096822200876,0.017966367304325104,0.026827989146113396,0.01967000849545002,0.05520695969462394,0.06066092476248741
2,instance_memory,19,6,471,0.1179564237415477,471,0.03788834937992496,0.02157650515437126,0.03227543830871582,0.023997305892407894,0.06582509726285934,0.07516448199748993
2,instance_memory,19,7,469,0.11745554720761332,469,0.047752898003755095,0.025971686467528343,0.03963032364845276,0.029002457112073898,0.08305364251136779,0.09376876801252365
2,instance_memory,19,8,467,0.11695467067367894,467,0.05749657225637543,0.029016826301813126,0.049006663262844086,0.03350079730153084,0.09568364396691323,0.11518122255802155
2,instance_memory,20,1,561,0.13793951315465947,561,0.0025662716223697267,0.0018264151876792312,0.0024078721180558205,0.0020922606345266104,0.004101759288460016,0.005151532124727964
2,instance_memory,20,2,558,0.13720186869928694,558,0.003478013854857708,0.002181647578254342,0.0030038312543183565,0.0025712118134833873,0.007681755791418254,0.009605314582586288
2,instance_memory,20,3,538,0.13228423899680353,538,0.004650372111664386,0.0027845888398587704,0.0037162263179197907,0.0031460024300031366,0.010778073873370882,0.013511577621102333
2,instance_memory,20,4,521,0.12810425374969264,521,0.006054518135682807,0.0032565505243837833,0.0045233373530209064,0.0037375285755842924,0.014600848779082298,0.018015841022133827
2,instance_memory,20,5,504,0.12392426850258176,504,0.007774515421636078,0.003794062417000532,0.005392333026975393,0.004449857515282929,0.01899613151326775,0.02208121120929718
2,instance_memory,20,6,471,0.11581017949348414,471,0.009802807095774989,0.004467081278562546,0.006401253864169121,0.005105678224936128,0.02298976294696331,0.029790211468935013
2,instance_memory,20,7,468,0.11507253503811163,468,0.012325278676361738,0.00497191958129406,0.007654985878616571,0.005940766725689173,0.02728353133425116,0.03110518492758274
2,instance_memory,20,8,446,0.10966314236537988,446,0.014970793645628498,0.005532511975616217,0.009479222819209099,0.0065610583405941725,0.03233677055686712,0.03798198699951172
