query_index,identity,control_ap,candidate_ap,delta_ap_points,control_first_rank,candidate_first_rank
0,502,0.41030398411583224,0.0836989218770621,-32.660506223877015,1,67
1,502,0.402295741992919,0.07297236106329007,-32.932338092962894,1,75
2,502,0.41257142610075337,0.09020471269856208,-32.23667134021913,1,35
3,502,0.40252952295596106,0.0815641439679813,-32.096537898797976,1,63
4,502,0.4044556380084787,0.10243305258547122,-30.202258542300754,1,39
5,502,0.27085171387018386,0.04398276392340287,-22.6868949946781,1,113
6,502,0.28795109412172465,0.0626048875163445,-22.534620660538014,1,8
7,502,0.28478337411295324,0.06955224080267251,-21.52311333102807,1,5
8,502,0.3059737641249077,0.20996280429841616,-9.601095982649152,1,1
9,502,0.3347549757850273,0.25380662794655234,-8.094834783847492,1,1
10,502,0.641898744597752,0.12639982627793245,-51.54989183198195,1,1
11,502,0.6104098486742674,0.09419495872629792,-51.62148899479695,1,4
12,502,0.5926353768456684,0.07805413480879608,-51.45812420368723,1,16
13,502,0.65778327388512,0.14326480998163388,-51.45184639034861,1,1
14,502,0.6406707726789777,0.14853868440866425,-49.21320882703134,1,1
15,502,0.631006151176952,0.11672084428110233,-51.428530689584974,1,7
16,502,0.6331199612720925,0.11365028811364425,-51.94696731584483,1,22
17,502,0.6327266404017726,0.11319370660415225,-51.95329337976203,1,74
18,502,0.629248238040358,0.11286246861176848,-51.63857694285895,1,85
19,502,0.6322201585829722,0.10896830709756601,-52.32518514854062,1,33
20,502,0.7120482082080685,0.029088488123622882,-68.29597200844456,1,130
21,502,0.7037613692968903,0.029709269993351488,-67.40520993035388,1,71
22,502,0.7191794844037837,0.03436724774829272,-68.4812236655491,1,10
23,502,0.7279957475997074,0.03976199883915875,-68.82337487605487,1,4
24,502,0.7557655780384898,0.0289674121725075,-72.67981658659822,1,136
25,502,0.863619540862865,0.3077865419208273,-55.58329989420376,1,1
26,502,0.8353025480608307,0.33302399143509037,-50.227855662574036,1,1
27,502,0.826043326758685,0.3476986632405071,-47.83446635181779,1,1
28,502,0.8388661746545689,0.35130307102999425,-48.75631036245747,1,1
29,502,0.8310133707099222,0.35124421500436176,-47.976915570556045,1,1
30,502,0.7085042335096952,0.34013295312357356,-36.83712803861216,1,1
31,502,0.6779703083462867,0.3372800447416582,-34.06902636046285,1,1
32,502,0.6961757503244315,0.3351014067630773,-36.107434356135414,1,1
33,502,0.7026444898674639,0.34080376838976534,-36.184072147769854,1,1
34,502,0.6671415643354651,0.33607647762529996,-33.10650867101651,1,1
35,502,0.9059231278020262,0.04129593354766455,-86.46271942543616,1,38
36,502,0.9184784614532745,0.03517656410787585,-88.33018973453987,1,66
37,502,0.9162750159957074,0.03297860874281394,-88.32964072528935,1,210
38,502,0.9052862007007865,0.0330113076949384,-87.2274893005848,1,197
39,502,0.9258107911558078,0.033428695305387,-89.23820958504207,1,470
40,504,0.8487394098719389,0.13019650911473435,-71.85429007572046,1,11
41,504,0.8014841629872925,0.13536555824172292,-66.61186047455696,1,44
42,504,0.8040033229202802,0.13677642534581486,-66.72268975744653,1,8
43,504,0.827081615699548,0.198533668269297,-62.8547947430251,1,2
44,504,0.7875712976583297,0.1558985793697311,-63.16727182885986,1,12
45,504,0.49494242837865576,0.09017928247777697,-40.47631459008788,1,60
46,504,0.5067290670003416,0.15416761219759148,-35.256145480275016,1,4
47,504,0.504057048799254,0.09526985513500466,-40.87871936642493,1,41
48,504,0.5294741446798712,0.1471806641249221,-38.22934805549491,1,4
49,504,0.5118508381102593,0.1438279086363919,-36.802292947386746,1,6
50,504,0.9124911515271132,0.23881865529261811,-67.36724962344951,1,3
51,504,0.8889574893839798,0.23383485282896402,-65.51226365550158,1,9
52,504,0.8728434669528989,0.2575212173941842,-61.53222495587147,1,10
53,504,0.8864631897475226,0.30639916100105885,-58.006402874646376,1,16
54,504,0.8625414019028339,0.3168604663750217,-54.56809355278123,1,18
55,504,0.9133734710374942,0.20505704696219074,-70.83164240753035,1,7
56,504,0.9088331445069419,0.2666180560884788,-64.2215088418463,1,1
57,504,0.9280826495431741,0.30151490716128165,-62.65677423818925,1,1
58,504,0.9162929047804846,0.19966106854059115,-71.66318362398934,1,9
59,504,0.886960673707683,0.18693236298347954,-70.00283107242034,1,34
60,504,0.9988746256428711,0.2013706373759094,-79.75039882669617,1,6
61,504,0.9996015940336644,0.17957942601287324,-82.00221680207912,1,23
62,504,0.9989577048770889,0.2708359461939573,-72.81217586831316,1,5
63,504,0.9998678362573101,0.17857050066469968,-82.12973355926104,1,20
64,504,0.9993802926326691,0.23535485909180878,-76.40254335408603,1,7
65,504,0.9663974956095668,0.27730036237129485,-68.90971332382719,1,29
66,504,0.9603504792062377,0.2899833108954118,-67.03671683108259,1,20
67,504,0.9663670783327845,0.2728306162159421,-69.35364621168422,1,22
68,504,0.9669306063572226,0.2829933277377256,-68.3937278619497,1,22
69,504,0.9702823495111962,0.2681873099893285,-70.20950395218676,1,18
70,504,0.9743549538077393,0.24901094574619337,-72.5344008061546,1,8
71,504,0.9743874213402066,0.24748842995035558,-72.6898991389851,1,28
72,504,0.9738591859699246,0.23212511733333077,-74.17340686365938,1,15
73,504,0.974465621519307,0.26037434861793707,-71.409127290137,1,2
74,504,0.9746070142821418,0.23750441984424162,-73.71025944379002,1,27
75,506,0.9694384506922296,0.14269951939745307,-82.67389312947765,1,51
76,506,0.9844429486953644,0.17692001058935886,-80.75229381060056,1,7
77,506,0.9693952244946461,0.1641963462798192,-80.5198878214827,1,47
78,506,0.963954762483036,0.21786195633564745,-74.60928061473886,1,11
79,506,0.9611382712084212,0.14915825591165544,-81.19800152967657,1,24
80,506,0.8719789050409047,0.1487987506504794,-72.31801543904253,1,58
81,506,0.8767198458042591,0.13237932775979852,-74.43405180444606,1,20
82,506,0.8639882523114584,0.11817190217335098,-74.58163501381074,1,3
83,506,0.8582355474956258,0.104967051670338,-75.32684958252878,1,5
84,506,0.8427377115729855,0.06199779837931579,-78.07399131936698,1,16
85,506,0.8772129531130191,0.08447521253736764,-79.27377405756513,1,230
86,506,0.8848078431007528,0.08970383900920752,-79.51040040915453,1,219
87,506,0.8672962508400168,0.07767267856589584,-78.9623572274121,1,242
88,506,0.8742142397783146,0.10654239172278608,-76.76718480555284,1,205
89,506,0.8671554732942527,0.07897090067423954,-78.81845726200132,1,236
90,506,0.8276349595553302,0.29424390980080456,-53.33910497545256,1,9
91,506,0.817890734639008,0.30440746879148917,-51.34832658475188,1,2
92,506,0.8178323443001954,0.3240654913240672,-49.376685297612816,1,1
93,506,0.8124661354437849,0.29517981963400547,-51.72863158097793,1,4
94,506,0.8153346885460545,0.2920370700141018,-52.329761853195265,1,8
95,506,0.1632843444574742,0.26395060922720626,10.066626476973205,20,6
96,506,0.2585530810657242,0.27957264305545226,2.101956198972804,8,1
97,506,0.21148551508502006,0.2944010547244074,8.291553963938735,17,3
98,506,0.25042742173413507,0.342702963583166,9.227554184903092,12,1
99,506,0.35026169613039176,0.2869160445759081,-6.334565155448368,1,1
100,506,0.8732278007679231,0.2663698269444108,-60.685797382351225,1,57
101,506,0.868489938928071,0.26148889677222065,-60.700104215585036,1,60
102,506,0.9007842473033542,0.2583815404127018,-64.24027068906524,1,59
103,506,0.8950815394868381,0.21058213111820792,-68.44994083686302,1,16
104,506,0.8986933477178539,0.25308648548596563,-64.56068622318882,1,65
105,506,0.8564542466872399,0.14580979050388304,-71.0644456183357,1,1
106,506,0.862151126545779,0.09189766498488788,-77.02534615608911,1,1
107,506,0.8654746244933618,0.09380472046789788,-77.16699040254639,1,1
108,506,0.8635565771833597,0.13106815285051157,-73.2488424332848,1,1
109,506,0.8797401914153455,0.1770514953326721,-70.26886960826735,1,3
110,506,0.7962642834239224,0.31236377686785555,-48.390050655606686,1,3
111,506,0.791110421818051,0.2948199387370999,-49.629048308095115,1,1
112,506,0.7908527110049155,0.3467695644848256,-44.40831465200899,1,1
113,506,0.7924328662844284,0.3758574896145512,-41.65753766698773,1,1
114,506,0.7889184094240841,0.3010825446881401,-48.7835864735944,1,2
115,508,0.627631187471566,0.039819671709784385,-58.78115157617816,1,1072
116,508,0.6093513975545034,0.038767734160217636,-57.05836633942858,1,1163
117,508,0.6223972441440465,0.038620472809068634,-58.377677133497784,1,1185
118,508,0.643367577867162,0.036119347073513504,-60.72482307936485,1,1346
119,508,0.6627916283804121,0.03754742199295858,-62.52442063874535,1,1269
120,508,0.9412109321064412,0.16784558173264952,-77.33653503737918,1,116
121,508,0.9311378317979835,0.17956939376194556,-75.15684380360379,1,106
122,508,0.9395448832217095,0.1654423050434923,-77.41025781782172,1,69
123,508,0.9637477222264036,0.16218615502027342,-80.15615672061301,1,39
124,508,0.9396871411508699,0.16011076391187218,-77.95763772389978,1,45
125,508,0.8308516741307246,0.10838779653719306,-72.24638775935315,1,1
126,508,0.9451639555189697,0.13259446148792003,-81.25694940310497,1,1
127,508,0.9218461673343816,0.19957508271111757,-72.22710846232641,1,1
128,508,0.881744519879924,0.20203357363625116,-67.97109462436728,1,1
129,508,0.9110083716366463,0.2215419164925147,-68.94664551441316,1,1
130,508,0.8696615815223656,0.24853386033675434,-62.112772118561125,1,5
131,508,0.8740296051366798,0.24090755049450227,-63.312205464217755,1,5
132,508,0.8587902756235541,0.22497637148211705,-63.38139041414371,1,9
133,508,0.8489964809842304,0.22299687475387406,-62.599960623035635,1,4
134,508,0.880508828304552,0.24424698037160697,-63.626184793294506,1,4
135,508,0.9296677067217165,0.1391033600845002,-79.05643466372163,1,1
136,508,0.9271385444827519,0.10021460057120389,-82.6923943911548,1,20
137,508,0.9264699734598032,0.15878241869953497,-76.76875547602681,1,1
138,508,0.9157494410874327,0.15114907311938186,-76.46003679680508,1,1
139,508,0.9383452616355911,0.12020363988109942,-81.81416217544917,1,2
140,508,0.8214555057236763,0.20099272805622134,-62.0462777667455,1,8
141,508,0.7613661075437727,0.15973029186104823,-60.16358156827244,1,20
142,508,0.8553331578979034,0.3076050120686045,-54.77281458292988,1,1
143,508,0.7063363154159583,0.16394245430910684,-54.23938611068515,1,26
144,508,0.7236427652041186,0.3002314191058613,-42.34113460982573,1,1
145,508,0.7168075814517397,0.15817142026992817,-55.863616118181156,1,27
146,508,0.6929074565787751,0.16503131285545994,-52.78761437233152,1,13
147,508,0.7098733586680467,0.1567758734388722,-55.309748522917445,1,32
148,508,0.7076089041410598,0.1942696232880383,-51.33392808530215,1,5
149,508,0.7102554060868901,0.16175456754371728,-54.850083854317276,1,15
150,508,0.8547409129118126,0.14533796426831627,-70.94029486434964,1,98
151,508,0.870444085532406,0.16421588892817043,-70.62281966042356,1,10
152,508,0.8791193182403302,0.16509249629412706,-71.40268219462031,1,8
153,508,0.8836006877092684,0.15978489288378486,-72.38157948254835,1,18
154,508,0.9004692670314713,0.16169017073255487,-73.87790962989165,1,19
155,510,0.5201021643821038,0.10990394115980891,-41.01982232222949,1,21
156,510,0.5229370598815943,0.1275174822289706,-39.54195776526237,1,9
157,510,0.5153620606797582,0.11620609820529698,-39.915596247446125,1,23
158,510,0.5051658701410306,0.12744852502300208,-37.771734511802855,1,8
159,510,0.5055028835972062,0.10127248490460344,-40.42303986926027,1,36
160,510,0.4484831107455465,0.09282320467609412,-35.565990606945235,1,13
161,510,0.404256562544278,0.051924001723636704,-35.23325608206413,1,260
162,510,0.3795300002912342,0.05805835486466115,-32.1471645426573,1,250
163,510,0.4856566331083173,0.07087808150959234,-41.4778551598725,1,153
164,510,0.47255925923227216,0.08985672614850918,-38.2702533083763,1,35
165,510,0.22186374475199244,0.02958603945643093,-19.22777052955615,26,1028
166,510,0.263875436005346,0.03852493147702588,-22.535050452832014,22,796
167,510,0.23234564285470916,0.03320700415380626,-19.91386387009029,26,1092
168,510,0.3034826044236873,0.03144941322392457,-27.20331911997627,22,1062
169,510,0.3169383901992526,0.038790971454383566,-27.814741874486902,10,791
170,510,0.6637364680656208,0.12407522928007673,-53.966123878554406,1,5
171,510,0.6852285802406123,0.12077515579231342,-56.44534244482988,1,24
172,510,0.6794588884654861,0.11800673696394465,-56.14521515015414,1,26
173,510,0.6583863568305323,0.11988022926681331,-53.850612756371895,1,7
174,510,0.6697520291774773,0.13672822553714106,-53.30238036403363,1,3
175,510,0.6341315152560445,0.07691273667240377,-55.721877858364074,1,180
176,510,0.5779687934897897,0.07967034121207973,-49.829845227770996,1,117
177,510,0.610046231670851,0.08958187279824015,-52.04643588726109,1,91
178,510,0.552819888393783,0.08628155676784842,-46.65383316259346,1,93
179,510,0.5777617838666717,0.0806075885718504,-49.715419529482126,1,110
180,510,0.7584296635494986,0.06857612979174367,-68.98535337577549,1,100
181,510,0.6949873166505834,0.06899335766945994,-62.599395898112355,1,11
182,510,0.666097139790098,0.07973748133581235,-58.63596584542856,1,148
183,510,0.7982543649904629,0.08743266068788151,-71.08217043025815,1,72
184,510,0.7909391335946008,0.08171691630991931,-70.92222172846814,1,126
185,510,0.3695202852049015,0.07205259687363433,-29.746768833126712,1,1
186,510,0.35917883184754046,0.05653788681063212,-30.264094503690835,1,62
187,510,0.3429469180243975,0.05044303957923471,-29.25038784451628,1,378
188,510,0.39439193117559007,0.05181215705358137,-34.257977412200866,1,122
189,510,0.2154172345166561,0.04926581983592077,-16.61514146807353,3,734
190,510,0.7714192266590488,0.0638947452404371,-70.75244814186117,1,186
191,510,0.7785287452228014,0.06895902607580004,-70.95697191470013,1,134
192,510,0.8163451040430969,0.07059898853292121,-74.57461155101757,1,178
193,510,0.7687155818367918,0.07250663035035877,-69.6208951486433,1,193
194,510,0.7676420763995907,0.05135850397909924,-71.62835724204915,1,231
195,512,0.5019213831626438,0.06419785397374356,-43.77235291889002,1,76
196,512,0.5733042701856015,0.06813913943307572,-50.516513075252576,1,46
197,512,0.49114151870420225,0.09128908172248204,-39.98524369817203,1,3
198,512,0.5629333324112349,0.06515870258264145,-49.77746298285935,1,61
199,512,0.37990898185651206,0.062073493321674354,-31.783548853483772,3,37
200,512,0.8353809595445173,0.08083693712193829,-75.4544022422579,1,39
201,512,0.836182866236553,0.08066495838781607,-75.5517907848737,1,17
202,512,0.8582380348487895,0.06420952827583412,-79.40285065729553,1,60
203,512,0.8087543927371301,0.04779971529766693,-76.09546774394632,1,66
204,512,0.8112328956632883,0.10861758691795313,-70.26153087453352,1,4
205,512,0.9142945274312095,0.03443363146561703,-87.98608959655925,1,515
206,512,0.8759578666925796,0.03491856301533868,-84.10393036772409,1,509
207,512,0.9903084077872103,0.03540914045282714,-95.48992673343831,1,492
208,512,0.9332750808098643,0.03556566362761991,-89.77094171822444,1,481
209,512,0.9018956003313798,0.04452621741807494,-85.73693829133049,1,121
210,512,0.40474500599997604,0.02707705058745284,-37.76679554125232,1,701
211,512,0.3816960100296511,0.026965593503542714,-35.47304165261084,1,717
212,512,0.339233108960926,0.026626487119327677,-31.26066218415983,3,733
213,512,0.3969234384156824,0.027095064794563434,-36.982837362111894,1,709
214,512,0.4998373241977267,0.02584947948410093,-47.398784471362575,1,818
215,514,0.978535386733931,0.1174911556650101,-86.10442310689209,1,19
216,514,0.9003307704195482,0.4219231038227274,-47.84076665968208,1,1
217,514,0.9184672551673821,0.41030605870049,-50.816119646689216,1,1
218,514,0.8505333351290394,0.3977463781411452,-45.27869569878942,1,3
219,514,0.8471334826657179,0.3915314435391154,-45.56020391266025,1,2
220,514,1.0,0.41930513632714067,-58.069486367285926,1,1
221,514,1.0,0.4221619610048649,-57.78380389951351,1,1
222,514,1.0,0.2732678781981092,-72.67321218018907,1,1
223,514,0.9997434940538389,0.4311995957659559,-56.8543898287883,1,1
224,514,0.9992615682338202,0.44001181526235694,-55.92497529714633,1,1
225,514,1.0,0.07329681471724095,-92.67031852827591,1,358
226,514,0.9998723064644852,0.08487381202541083,-91.49984944390744,1,324
227,514,0.9989503310656018,0.08725251877043719,-91.16978122951647,1,313
228,514,1.0,0.06162740145508581,-93.83725985449142,1,435
229,514,1.0,0.09010468949161488,-90.98953105083851,1,304
230,514,1.0,0.3519609312782011,-64.8039068721799,1,1
231,514,1.0,0.3982206681789096,-60.177933182109044,1,1
232,514,1.0,0.14661738995837834,-85.33826100416216,1,3
233,514,1.0,0.2356997245626601,-76.43002754373398,1,1
234,514,1.0,0.2717248128910353,-72.82751871089647,1,1
235,514,1.0,0.36710965230589293,-63.289034769410705,1,1
236,514,0.9999036918138042,0.41318781316352426,-58.671587865027995,1,1
237,514,1.0,0.4730677788113613,-52.69322211886387,1,1
238,514,1.0,0.3679040715416969,-63.20959284583031,1,1
239,514,1.0,0.4055134018217671,-59.44865981782329,1,1
240,514,1.0,0.4263176347349466,-57.368236526505335,1,1
241,514,0.9827144024611344,0.40189377146504984,-58.08206309960846,1,1
242,514,1.0,0.2993487982784967,-70.06512017215033,1,1
243,514,0.9994204612655234,0.3306978503747017,-66.87226108908217,1,1
244,514,0.9799022792817196,0.4870792058502762,-49.28230734314434,1,1
245,514,0.9348131711844995,0.32125508169404954,-61.355808949045,1,2
246,514,0.9717899659966044,0.24005546433424518,-73.17345016623592,1,26
247,514,0.971802990249613,0.2450847379814744,-72.67182522681385,1,37
248,514,0.9787985844348204,0.23995602916932968,-73.88425552654907,1,26
249,514,0.9643384907451478,0.19078269526165523,-77.35557954834925,1,11
250,514,0.9957782546270881,0.02779390470369435,-96.79843499233938,1,1774
251,514,0.9975656686102908,0.026619707253554392,-97.09459613567364,1,1963
252,514,0.990486251431318,0.027942511165956353,-96.25437402653615,1,1763
253,514,0.9916156762127349,0.030492338662049243,-96.11233375506856,1,1408
254,514,0.9942769564715351,0.03171293959061112,-96.2564016880924,1,1282
255,516,1.0,0.30338744675375273,-69.66125532462473,1,1
256,516,1.0,0.2722158051327399,-72.77841948672601,1,2
257,516,1.0,0.2738734149705982,-72.61265850294019,1,2
258,516,1.0,0.2760301838041048,-72.39698161958952,1,1
259,516,0.999646783625731,0.26357282052667613,-73.6073963099055,1,2
260,516,0.9987842881549835,0.05799007329340075,-94.07942148615828,1,120
261,516,0.9610635512475693,0.07253529295204189,-88.85282582955274,1,123
262,516,0.9727028554248908,0.12307551259919679,-84.9627342825694,1,5
263,516,0.9118461167166512,0.29659949698365207,-61.524661973299914,1,1
264,516,0.9202041552848105,0.08097538340451078,-83.92287718802997,1,80
265,516,1.0,0.10662722174338853,-89.33727782566115,1,77
266,516,1.0,0.10626488442883897,-89.3735115571161,1,84
267,516,1.0,0.10679308130588652,-89.32069186941135,1,71
268,516,1.0,0.10699261992866392,-89.3007380071336,1,72
269,516,1.0,0.10626461852453768,-89.37353814754623,1,73
270,516,1.0,0.02979084769319208,-97.0209152306808,1,255
271,516,1.0,0.0307341861450317,-96.92658138549683,1,214
272,516,1.0,0.03088840156345626,-96.91115984365437,1,214
273,516,1.0,0.03454743354427319,-96.54525664557269,1,154
274,516,1.0,0.030808130279613297,-96.91918697203867,1,214
275,518,0.8879158634479967,0.15906365701910535,-72.88522064288914,1,10
276,518,0.8771323973003398,0.17132705303958123,-70.58053442607586,1,1
277,518,0.9176577259660871,0.15874357565922,-75.8914150306867,1,27
278,518,0.9327009407432441,0.1667995253041093,-76.59014154391348,1,1
279,518,0.9435355398849379,0.15874488829051783,-78.479065159442,1,58
280,518,0.9467983653460292,0.3075293457734313,-63.926901957259794,1,1
281,518,0.9568121218349319,0.3066960928159215,-65.01160290190104,1,1
282,518,0.9621863719031832,0.3060525142799752,-65.6133857623208,1,1
283,518,0.944364400948642,0.3064610258173776,-63.79033751312644,1,1
284,518,0.9468775145056674,0.3086471922205468,-63.823032228512055,1,1
285,518,1.0,0.06981093145773079,-93.01890685422693,1,77
286,518,1.0,0.09931010999983904,-90.0689890000161,1,11
287,518,1.0,0.08502649459327266,-91.49735054067274,1,12
288,518,1.0,0.08444204769518972,-91.55579523048102,1,12
289,518,1.0,0.0756896249444859,-92.4310375055514,1,21
290,518,0.8228288251002582,0.12210249137720519,-70.0726333723053,1,165
291,518,0.8439531457128155,0.12336343395526611,-72.05897117575495,1,162
292,518,0.8616586539787743,0.1235351064096357,-73.81235475691386,1,142
293,518,0.8762652825579522,0.12083092650152139,-75.54343560564308,1,169
294,518,0.9341057496561572,0.12210786465808016,-81.19978849980771,1,141
295,518,0.9569446270213037,0.3130801160946958,-64.38645109266079,1,1
296,518,0.96602207640832,0.30664502751517353,-65.93770488931466,1,1
297,518,0.9785409380797094,0.30636292029716644,-67.2178017782543,1,1
298,518,0.9592914754366062,0.32357215089186625,-63.57193245447399,1,1
299,518,0.8994681002292757,0.3106214189043057,-58.884668132497,1,1
300,520,1.0,0.02278751757378642,-97.72124824262136,1,503
301,520,1.0,0.02579525495734752,-97.42047450426526,1,347
302,520,1.0,0.03249799234340894,-96.75020076565912,1,209
303,520,1.0,0.02655215519090022,-97.34478448090998,1,338
304,520,1.0,0.02435316707345941,-97.56468329265407,1,397
305,520,1.0,0.2346835564961376,-76.53164435038624,1,1
306,520,1.0,0.16640421368148584,-83.35957863185142,1,4
307,520,1.0,0.08821219719110145,-91.17878028088985,1,3
308,520,1.0,0.106567722915294,-89.3432277084706,1,6
309,520,1.0,0.09433250259086347,-90.56674974091365,1,7
310,520,1.0,0.037092190797186474,-96.29078092028135,1,83
311,520,1.0,0.044659181748241454,-95.53408182517586,1,212
312,520,1.0,0.044692254203596286,-95.53077457964038,1,199
313,520,1.0,0.046528551292722785,-95.34714487072772,1,193
314,520,1.0,0.04215577296996892,-95.78442270300312,1,113
315,520,1.0,0.07155732214293781,-92.84426778570622,1,22
316,520,1.0,0.2092853764018772,-79.07146235981229,1,1
317,520,1.0,0.1867773895850964,-81.32226104149036,1,1
318,520,1.0,0.17964866443134866,-82.03513355686513,1,1
319,520,1.0,0.25321877849946656,-74.67812215005334,1,1
320,520,1.0,0.03350718618750245,-96.64928138124975,1,486
321,520,1.0,0.03258138133681522,-96.74186186631847,1,559
322,520,1.0,0.032921258455968695,-96.70787415440313,1,519
323,520,1.0,0.0345320370773149,-96.54679629226851,1,407
324,520,1.0,0.04533695686134475,-95.46630431386552,1,158
325,520,1.0,0.07923491051077168,-92.07650894892284,1,17
326,520,1.0,0.04874797820218941,-95.12520217978106,1,156
327,520,1.0,0.18785199825407234,-81.21480017459277,1,5
328,520,1.0,0.1408341505143162,-85.91658494856837,1,11
329,520,1.0,0.16165954734954535,-83.83404526504546,1,3
330,520,1.0,0.06887656447035395,-93.1123435529646,1,56
331,520,1.0,0.05909194331996195,-94.09080566800381,1,96
332,520,1.0,0.061680677063640964,-93.8319322936359,1,181
333,520,1.0,0.06348808550634341,-93.65119144936565,1,144
334,520,1.0,0.08312782997245574,-91.68721700275442,1,34
335,522,0.33987083215873926,0.04636007250689966,-29.35107596518396,1,114
336,522,0.31067355287684084,0.04167616475323927,-26.89973881236016,1,39
337,522,0.33131167705565706,0.04817884522454104,-28.313283183111604,1,109
338,522,0.30347760424701914,0.05151483374967035,-25.196277049734878,1,113
339,522,0.3152218437093118,0.03376816665181714,-28.145367705749464,1,160
340,522,0.6445410055771974,0.0457248378469161,-59.881616773028135,1,210
341,522,0.5664904606299854,0.045435698866239646,-52.10547617637458,1,295
342,522,0.48280304223850523,0.04555282954263954,-43.72502126958657,1,226
343,522,0.49960353311391564,0.0459434107446245,-45.366012236929116,1,193
344,522,0.5689318149283029,0.04506839404536358,-52.38634208829394,1,176
345,522,0.8481209454084009,0.039017919884505,-80.9103025523896,1,450
346,522,0.8333059809537319,0.039072679371148396,-79.42333015825834,1,428
347,522,0.8408340357908127,0.03916053808742634,-80.16734977033863,1,437
348,522,0.8564715243078956,0.03878960192074048,-81.76819223871551,1,368
349,522,0.8537855430958551,0.038416020144831343,-81.53695229510237,1,180
350,522,0.6507239064286682,0.01567031605648043,-63.50535903721878,1,3471
351,522,0.5422251920752538,0.01568250669297738,-52.65426853822765,1,3469
352,522,0.5414793754710772,0.01595601453298206,-52.552336093809515,1,3414
353,522,0.6762510878940017,0.01560633050275376,-66.06447573912479,1,3488
354,522,0.7108747795450115,0.016200477285533418,-69.46743022594781,1,3261
355,522,0.6967571655140402,0.04498990956029967,-65.17672559537405,1,178
356,522,0.6130159252757417,0.04488042502294196,-56.813550025279966,1,309
357,522,0.6869799444839648,0.0441965209842756,-64.27834234996892,1,227
358,522,0.4985234370295458,0.04389562109268145,-45.46278159368644,1,194
359,522,0.4302749390324172,0.03912039109930204,-39.115454793311514,1,208
360,522,0.759775634246399,0.03511540846253638,-72.46602257838627,1,361
361,522,0.7451482627912069,0.03523539133908483,-70.99128714521221,1,350
362,522,0.7522674050153351,0.035752147717719944,-71.65152572976152,1,299
363,522,0.7539484182839546,0.035227265366248435,-71.87211529177063,1,361
364,522,0.7442720246932569,0.035123142418377495,-70.91488822748795,1,386
365,522,0.9634416726213033,0.0392752671463283,-92.4166405474975,1,355
366,522,0.9542723731851318,0.043303250611417654,-91.09691225737141,1,235
367,522,0.9251940726627672,0.03986040270982563,-88.53336699529416,1,265
368,522,0.9114965304704932,0.044869960518580554,-86.66265699519127,1,181
369,522,0.9608352812438435,0.044344037354886866,-91.64912438889566,1,214
370,524,0.7842481165878327,0.02894624394215866,-75.5301872645674,1,1451
371,524,0.7713301654613798,0.029900844397898443,-74.14293210634814,1,1320
372,524,0.7828987012662807,0.030545248523341097,-75.23534527429396,1,1223
373,524,0.8064244875591752,0.029970569142008838,-77.64539184171664,1,1309
374,524,0.8040731250437355,0.030506491120350664,-77.35666339233849,1,1235
375,524,0.974098887031215,0.13286626293912498,-84.123262409209,1,3
376,524,0.9549303345934371,0.11296841510612093,-84.19619194873162,1,9
377,524,0.9600063735868597,0.09330959966325768,-86.6696773923602,1,2
378,524,0.958129868483201,0.12129318667617266,-83.68366818070284,1,1
379,524,0.9704874340305734,0.14615027113921866,-82.43371628913548,1,1
380,524,0.9914859385458762,0.07938512220679493,-91.21008163390812,1,107
381,524,0.9268363165587453,0.07399314931331258,-85.28431672454327,1,178
382,524,0.967063059572191,0.08078914950926298,-88.6273910062928,1,102
383,524,0.9793008291321786,0.09282059490459087,-88.64802342275878,1,58
384,524,0.9999354317998385,0.09816304546608827,-90.17723863337503,1,26
385,524,0.37315530024557414,0.02303475010408253,-35.01205501414916,1,2931
386,524,0.35226405779875536,0.023117527620189995,-32.91465301785654,7,2927
387,524,0.28415747015962173,0.02292950504948757,-26.122796511013412,41,2947
388,524,0.28011526615545707,0.022877124079008097,-25.723814207644896,31,2954
389,524,0.331806270006189,0.022962363348473836,-30.884390665771516,5,2932
390,524,0.9609092125954185,0.07984912531252104,-88.10600872828974,1,16
391,524,0.9468815389879267,0.1437666487677373,-80.31148902201895,1,3
392,524,0.9557274436017722,0.12484809380925976,-83.08793497925124,1,1
393,524,0.9740520079770963,0.11575523396378815,-85.82967740133081,1,1
394,524,0.9157664075576508,0.16550113909426584,-75.0265268463385,1,2
395,524,0.9824510916526681,0.059426836383234,-92.30242552694341,1,72
396,524,0.997237853435127,0.04555758369438581,-95.16802697407412,1,306
397,524,0.9985313211323033,0.0737740358640325,-92.47572852682707,1,4
398,524,1.0,0.1119291424293059,-88.80708575706942,1,1
399,524,1.0,0.10833167376569193,-89.1668326234308,1,1
400,524,0.8158399473493674,0.11064099729942281,-70.51989500499445,1,1
401,524,0.8354471524044105,0.09894970087227108,-73.64974515321394,1,8
402,524,0.8161408724704423,0.10717074013707266,-70.89701323333696,1,18
403,524,0.7917393050830938,0.08540774731251095,-70.63315577705828,1,36
404,524,0.7137054292024867,0.14406889137789028,-56.963653782459645,1,1
405,524,0.9575488733000347,0.17587339368195468,-78.167547961808,1,1
406,524,0.9774222364986643,0.15084999579137742,-82.65722407072869,1,5
407,524,0.9241054641815276,0.1435094049686507,-78.05960592128768,1,12
408,524,0.9308496967316305,0.12251937978956708,-80.83303169420634,1,23
409,524,0.9337570852971993,0.0971949008817525,-83.65621844154467,1,3
410,526,0.5827555562638213,0.0215594838405674,-56.11960724232539,1,596
411,526,0.6024915737030248,0.024673163746848047,-57.78184099561767,1,400
412,526,0.6040282413140292,0.023740959628990827,-58.02872816850384,1,523
413,526,0.6112793247338262,0.023682478130008334,-58.75968466038179,1,570
414,526,0.6203458823609137,0.023150072445876767,-59.7195809915037,1,610
415,526,0.7441195829599639,0.01699934663557308,-72.71202363243908,1,873
416,526,0.7110274900620287,0.017171471709286627,-69.3856018352742,1,881
417,526,0.6862768518260488,0.017216297470343825,-66.9060554355705,1,878
418,526,0.6915989250928977,0.017353609960732062,-67.42453151321655,1,839
419,526,0.6777715903344834,0.017358736751315527,-66.0412853583168,1,858
420,526,1.0,0.026279148344509066,-97.3720851655491,1,305
421,526,1.0,0.02051633107409079,-97.94836689259093,1,373
422,526,1.0,0.028937887784002508,-97.10621122159975,1,305
423,526,1.0,0.026377115269431775,-97.36228847305682,1,235
424,526,1.0,0.020092802826711637,-97.99071971732883,1,362
425,528,0.9215650625565903,0.0475310465643765,-87.40340159922138,1,641
426,528,0.9185566374294939,0.03605944439326955,-88.24971930362243,1,922
427,528,0.8894733318456232,0.04448221237572345,-84.49911194698997,1,755
428,528,0.9030289620817638,0.047713760263190984,-85.53152018185727,1,640
429,528,0.8793568820202544,0.046577236941729556,-83.27796450785249,1,672
430,528,0.9462480650901932,0.06428415364548445,-88.19639114447088,1,236
431,528,0.9481019066422133,0.10239967980454451,-84.57022268376689,1,209
432,528,0.9804455765107859,0.06628693187342137,-91.41586446373645,1,417
433,528,0.9621312522305239,0.1111105417733045,-85.10207104572194,1,218
434,528,0.9691578568085901,0.1359913872999278,-83.31664695086623,1,128
435,528,0.9373995814886532,0.0936697781412496,-84.37298033474036,1,25
436,528,0.9367904091050037,0.08898425068806305,-84.78061584169406,1,23
437,528,0.9372806749334855,0.13513804472572205,-80.21426302077634,1,1
438,528,0.9378400377328429,0.09951592564881202,-83.83241120840307,1,4
439,528,0.9454007107182821,0.1769104997833591,-76.8490210934923,1,1
440,528,0.9465228514075186,0.2533593354990026,-69.3163515908516,1,1
441,528,0.9473172812904102,0.24592959094302727,-70.13876903473829,1,1
442,528,0.9484087369232675,0.2584317570671649,-68.99769798561026,1,1
443,528,0.9565542443194727,0.26433066523356197,-69.22235790859106,1,1
444,528,0.9566530707634129,0.3181620076801222,-63.84910630832907,1,1
445,528,0.9991328410508015,0.05462916905020182,-94.45036720005997,1,329
446,528,0.9982202025492298,0.056058334706119005,-94.21618678431109,1,282
447,528,0.9983640771820083,0.05348306760819887,-94.48810095738094,1,387
448,528,0.998901771949661,0.05731245491091818,-94.15893170387429,1,238
449,528,0.9983250752639302,0.05190714232444518,-94.64179329394851,1,473
450,528,0.9997780484829586,0.37044581937093,-62.933222911202854,1,1
451,528,0.9991676982287341,0.2869669038576987,-71.22007943710354,1,1
452,528,0.9978683352828462,0.37262043592847205,-62.52478993543742,1,1
453,528,1.0,0.36567979685794505,-63.432020314205495,1,1
454,528,0.9993514187047642,0.2928871182652984,-70.64643004394657,1,1
455,528,0.8538768832171381,0.060270149726557184,-79.36067334905809,1,76
456,528,0.851720164942945,0.047153920178025416,-80.45662447649195,1,142
457,528,0.8580672467305384,0.04083445958755225,-81.7232787142986,1,191
458,528,0.8541194678327827,0.0728963964947381,-78.12230713380445,1,80
459,528,0.8798492632125654,0.0963846949048115,-78.3464568307754,1,57
460,530,0.7448008032755343,0.035210102120752866,-70.95907011547816,1,1036
461,530,0.724468630635151,0.0371279347365283,-68.73406958986227,1,895
462,530,0.7214026728426429,0.03968506002295864,-68.17176128196843,1,786
463,530,0.8111871178410788,0.03787091351846105,-77.33162043226177,1,877
464,530,0.8151114867857806,0.04155807150022786,-77.35534152855527,1,717
465,530,1.0,0.06328236658446587,-93.67176334155342,1,91
466,530,1.0,0.06398251304728354,-93.60174869527165,1,45
467,530,1.0,0.09182761547894971,-90.81723845210503,1,2
468,530,1.0,0.07977358680987345,-92.02264131901265,1,2
469,530,1.0,0.06299156518180815,-93.70084348181919,1,17
470,530,1.0,0.05839934565923901,-94.1600654340761,1,60
471,530,0.9999114054451803,0.06749828725475054,-93.24131181904298,1,44
472,530,0.9994341585563175,0.08436950792800657,-91.50646506283108,1,41
473,530,0.9993095563205223,0.04957628128381075,-94.97332750367116,1,174
474,530,0.9999114054451803,0.09307985864750455,-90.68315467976757,1,34
475,530,1.0,0.04562607815001962,-95.43739218499803,1,62
476,530,1.0,0.04962675155749349,-95.03732484425065,1,50
477,530,1.0,0.04360528208967782,-95.63947179103222,1,94
478,530,1.0,0.04268462070135299,-95.7315379298647,1,95
479,530,1.0,0.05404703837250236,-94.59529616274976,1,42
480,530,0.9584334237332389,0.06793572511317784,-89.04976986200612,1,69
481,530,0.953846319358815,0.06350820866498917,-89.03381106938258,1,313
482,530,0.9067182396135423,0.06433263423961942,-84.23856053739229,1,71
483,530,0.9292937410285557,0.06469750323884779,-86.45962377897078,1,318
484,530,0.940739616858793,0.06457098100867444,-87.61686358501186,1,67
485,530,1.0,0.06947987320851863,-93.05201267914813,1,15
486,530,1.0,0.06662743077222696,-93.3372569227773,1,40
487,530,1.0,0.06614115193935577,-93.38588480606442,1,34
488,530,1.0,0.07229812782121249,-92.77018721787876,1,15
489,530,1.0,0.0684045320853346,-93.15954679146654,1,17
490,530,0.8317939149333025,0.07172437032779314,-76.00695446055093,1,32
491,530,0.8395111560254522,0.06483865809143362,-77.46724979340186,1,14
492,530,0.8203805437758745,0.06627058194278344,-75.41099618330911,1,181
493,530,0.7313091772023829,0.07636612430045754,-65.49430529019253,1,33
494,530,0.7510473934868022,0.06396388161402768,-68.70835118727744,1,116
495,532,0.9891651723704227,0.10788612487031482,-88.12790475001079,1,1
496,532,0.9958448016598632,0.06460932235597924,-93.1235479303884,1,1
497,532,0.9933009416608788,0.1273858299931276,-86.59151116677512,1,1
498,532,0.999249884521415,0.11543362645318965,-88.38162580682254,1,1
499,532,1.0,0.11226506640756012,-88.77349335924399,1,1
500,532,0.8103015769662828,0.13764551673147518,-67.26560602348076,1,1
501,532,0.7387252253217,0.07026390870224385,-66.84613166194562,1,1
502,532,0.8375026278832188,0.027111701197161497,-81.03909266860573,1,10
503,532,0.7959905405634764,0.16768621717479346,-62.83043233886829,1,1
504,532,0.735148402042151,0.16064585933727407,-57.4502542704877,1,1
505,532,0.9005884969844273,0.3254604041967444,-57.512809278768295,1,1
506,532,0.9164121101751711,0.2369311104158017,-67.94809997593694,1,1
507,532,0.9033211621517904,0.21937828371008655,-68.39428784417039,1,1
508,532,0.9128417052590394,0.2773241842347756,-63.551752102426384,1,1
509,532,0.9295558700321208,0.19680727367375103,-73.27485963583698,1,2
510,532,0.8584281432760518,0.08392364701975245,-77.45044962562993,1,28
511,532,0.8972289002397345,0.17972530311796692,-71.75035971217676,1,1
512,532,0.8730737540494533,0.1607838630676547,-71.22898909817987,1,1
513,532,0.9335929526594556,0.2374450712673702,-69.61478813920854,1,1
514,532,0.9170377545389647,0.3075229138010106,-60.95148407379541,1,1
515,532,0.973289536092448,0.05117847517819503,-92.2111060914253,1,321
516,532,0.984308499982009,0.056496295312088614,-92.78122046699202,1,280
517,532,0.9754807360481754,0.050477086008290296,-92.50036500398852,1,286
518,532,0.9864248491274062,0.057280563819107067,-92.91442853082992,1,288
519,532,0.9818334463215821,0.0542607734288214,-92.75726728927607,1,266
520,532,1.0,0.038088256564229504,-96.19117434357705,1,678
521,532,0.998324735726533,0.03820916666353938,-96.01155690629936,1,644
522,532,0.9981361235645672,0.03928949729180592,-95.88466262727613,1,459
523,532,0.9998073713995502,0.0384168879712275,-96.13904834283227,1,606
524,532,0.9961909217017861,0.03862448145028165,-95.75664402515045,1,571
525,532,0.9627611762740431,0.10440729628659615,-85.8353879987447,1,10
526,532,0.9494288885050965,0.11293083726368922,-83.64980512414073,1,4
527,532,0.9504184096705892,0.0935922264391848,-85.68261832314043,1,18
528,532,0.9651188708690981,0.11927624077304703,-84.58426300960511,1,2
529,532,0.9562028331888766,0.10728095784685418,-84.89218753420224,1,3
530,532,0.8282364267531391,0.05066805281717532,-77.75683739359638,1,185
531,532,0.8417801939973893,0.04560805594080492,-79.61721380565844,1,355
532,532,0.8416265264498255,0.045599600911421095,-79.60269255384044,1,363
533,532,0.8473618075597126,0.04623931069308158,-80.11224968666309,1,293
534,532,0.8381183455365528,0.04761570080508053,-79.05026447314724,1,262
535,534,1.0,0.7808601118951156,-21.913988810488437,1,1
536,534,1.0,0.8058578044161147,-19.414219558388535,1,1
537,534,1.0,0.7904790616881866,-20.95209383118134,1,1
538,534,1.0,0.8107963680328717,-18.92036319671283,1,1
539,534,1.0,0.7915972445831905,-20.840275541680953,1,1
540,534,1.0,0.821205767412219,-17.879423258778104,1,1
541,534,1.0,0.8146342956179613,-18.53657043820387,1,1
542,534,1.0,0.8274441302123953,-17.255586978760473,1,1
543,534,1.0,0.8279371464291737,-17.206285357082628,1,1
544,534,1.0,0.8246481795484559,-17.535182045154407,1,1
545,534,1.0,0.18646984459681953,-81.35301554031804,1,7
546,534,1.0,0.17828600588853605,-82.1713994111464,1,10
547,534,1.0,0.08872661017145847,-91.12733898285416,1,83
548,534,1.0,0.07759096336052246,-92.24090366394775,1,114
549,534,1.0,0.11831833467619726,-88.16816653238028,1,37
550,534,1.0,0.6607530413422357,-33.924695865776435,1,1
551,534,1.0,0.6724503265110048,-32.75496734889952,1,1
552,534,1.0,0.6418788924779351,-35.81211075220649,1,1
553,534,1.0,0.6282315049889816,-37.17684950110184,1,1
554,534,1.0,0.5902589844686702,-40.97410155313298,1,1
555,534,1.0,0.5224984115277741,-47.75015884722259,1,6
556,534,1.0,0.6733999664981081,-32.66000335018919,1,1
557,534,1.0,0.5430138737171984,-45.69861262828015,1,8
558,534,1.0,0.5012470989213023,-49.87529010786977,1,26
559,534,1.0,0.4867381633913809,-51.326183660861915,1,25
560,534,1.0,0.33055250000751946,-66.94474999924806,1,3
561,534,1.0,0.2851530376013883,-71.48469623986117,1,3
562,534,1.0,0.2557748676425988,-74.42251323574011,1,1
563,534,1.0,0.2764840227881226,-72.35159772118773,1,3
564,534,1.0,0.2263421162256258,-77.36578837743741,1,3
565,534,1.0,0.7278436681363266,-27.215633186367338,1,1
566,534,1.0,0.6865002413138236,-31.34997586861764,1,1
567,534,1.0,0.5919120650484437,-40.808793495155626,1,3
568,534,1.0,0.6211916958918533,-37.88083041081467,1,2
569,534,1.0,0.6228772883668486,-37.71227116331514,1,1
570,536,0.512079850511824,0.06986988541750679,-44.22099650943173,1,89
571,536,0.49623232680662654,0.03908483555203632,-45.71474912545902,1,330
572,536,0.5192149744699166,0.03219258592494427,-48.70223885449723,1,813
573,536,0.47527750979001904,0.0800483629581169,-39.522914683190216,1,79
574,536,0.4939783535319852,0.034814501999288955,-45.91638515326962,1,418
575,536,0.2519631534216094,0.0318493920397304,-22.011376138187902,72,110
576,536,0.2559485225158919,0.024215358380245345,-23.173316413564653,63,189
577,536,0.25903911562811655,0.018952273828060254,-24.00868418000563,54,660
578,536,0.2471413306659538,0.022961836955989,-22.41794937099648,62,300
579,536,0.25428688533149674,0.016845723151122306,-23.74411621803744,66,881
580,536,0.7181144501857918,0.10689844887323448,-61.121600131255725,1,3
581,536,0.7067956135197101,0.07050601721350765,-63.628959630620244,1,13
582,536,0.7496490083587557,0.06091962725047821,-68.87293811082775,1,18
583,536,0.708950792209542,0.062128878058491176,-64.68219141510508,1,16
584,536,0.7205548841415403,0.06048555408991093,-66.00693300516294,1,21
585,536,0.5238370407953759,0.053365932336173844,-47.0471108459202,1,117
586,536,0.538727725243998,0.05661455236897107,-48.211317287502695,1,87
587,536,0.5566172992409393,0.05665105967702248,-49.99662395639168,1,96
588,536,0.5908139618000232,0.14224724686521054,-44.85667149348127,1,3
589,536,0.5842097498459773,0.15462081667068128,-42.9588933175296,1,15
590,538,0.8297372715387558,0.16604637282075066,-66.36908987180051,1,6
591,538,0.7932307347877382,0.13794685392054332,-65.52838808671949,1,1
592,538,0.7954510809639213,0.22292630838257296,-57.252477258134824,1,1
593,538,0.7641908210125985,0.19357698594601044,-57.0613835066588,1,1
594,538,0.7858758602752037,0.2278107198771199,-55.806514039808384,1,1
595,538,0.8075359583050674,0.16760666500760094,-63.99292932974665,1,1
596,538,0.9280642513877979,0.18008575287446849,-74.79784985133294,1,1
597,538,0.7473582695604861,0.1681091505279209,-57.92491190325653,1,21
598,538,0.839813863124058,0.16111638254948885,-67.86974805745692,1,6
599,538,0.8658390356794304,0.1910051282620094,-67.4833907417421,1,5
600,538,0.7342004573696769,0.053934947237551885,-68.0265510132125,1,51
601,538,0.9196337132320296,0.06998098102102764,-84.96527322110019,1,29
602,538,0.8130822129145042,0.04066665547647604,-77.24155574380282,1,356
603,538,0.8791049406446768,0.03336229003031956,-84.57426506143572,1,833
604,538,0.9931890008504206,0.05816660864043437,-93.50223922099863,1,52
605,538,0.8702661889922184,0.23561733998783088,-63.464884900438754,1,1
606,538,0.8604038530564151,0.22433094904352646,-63.607290401288864,1,1
607,538,0.8803327743706227,0.22308056205192328,-65.72522123186995,1,1
608,538,0.8799565670026999,0.2006476354023681,-67.93089316003318,1,1
609,538,0.8813046387678108,0.12382641238751287,-75.74782263802979,1,5
610,538,0.9891963502450927,0.15746459383343678,-83.17317564116559,1,43
611,538,0.990528911057648,0.16804622488379517,-82.24826861738528,1,41
612,538,0.9895243564679351,0.19722657103604185,-79.22977854318933,1,1
613,538,0.9864417423200078,0.16120743431483459,-82.52343080051732,1,14
614,538,0.9952785576057405,0.31769113490502804,-67.75874227007124,1,1
615,538,0.8558144534376023,0.170138230620715,-68.56762228168873,1,7
616,538,0.8637983265320146,0.1711140952182598,-69.26842313137549,1,6
617,538,0.8647710394820842,0.13935916923876285,-72.54118702433215,1,16
618,538,0.8536649531347235,0.1721947037937686,-68.14702493409548,1,1
619,538,0.8693404349657934,0.16864864534632681,-70.06917896194665,1,1
620,538,0.8821071170618388,0.06129210932361626,-82.08150077382224,1,490
621,538,0.83735970054861,0.055256033384426195,-78.21036671641838,1,546
622,538,0.8003408639845929,0.05691052148261333,-74.34303425019796,1,528
623,538,0.8209776490615222,0.05077608870024718,-77.0201560361275,1,582
624,538,0.8206687207510025,0.05212096445912179,-76.85477562918808,1,576
625,538,0.9523381963037718,0.15192766470615807,-80.04105315976138,1,12
626,538,0.9584696211658772,0.15337850665875033,-80.5091114507127,1,7
627,538,0.9304450962052409,0.15644882297718196,-77.39962732280588,1,18
628,538,0.9316708382763865,0.15652356676349313,-77.51472715128934,1,12
629,538,0.9343877230274276,0.17786659305294567,-75.65211299744819,1,2
630,540,0.696406075894096,0.041471264448023355,-65.49348114460726,1,67
631,540,0.6769574686119998,0.041685205542308944,-63.527226306969084,1,10
632,540,0.6684973234845673,0.04177621689562723,-62.672110658894,1,14
633,540,0.6712285601162306,0.044453543871012406,-62.67750162452182,1,3
634,540,0.6900175647605125,0.04252546909443939,-64.7492095666073,1,6
635,540,0.48779984365893164,0.1445664698932552,-34.32333737656764,1,1
636,540,0.5433358904170303,0.03903337145653068,-50.430251896049974,1,162
637,540,0.47142616567939105,0.03357455579261889,-43.78516098867722,1,653
638,540,0.20801616088454128,0.029658929667956493,-17.83572312165848,1,1047
639,540,0.3411363242838415,0.03138249367229052,-30.9753830611551,1,884
640,540,0.6311735429529076,0.18262854640295953,-44.854499654994804,1,1
641,540,0.6277737741577406,0.19426554766091414,-43.35082264968265,1,1
642,540,0.6827140816766621,0.19024526938415598,-49.24688122925062,1,1
643,540,0.6878070303548246,0.12815912053013306,-55.96479098246916,1,2
644,540,0.6975061828719382,0.08065109617749346,-61.68550866944448,1,10
645,540,0.5115644667784431,0.04291972430814404,-46.86447424702991,1,267
646,540,0.762492489611884,0.09340188975440922,-66.90905998574748,1,51
647,540,0.6216965365632053,0.06949613566610516,-55.22004008971002,1,185
648,540,0.5490778580829819,0.04809035874870678,-50.09874993342751,1,257
649,540,0.5373821189440539,0.04098533719050351,-49.63967817535504,1,304
650,540,0.8963608208128767,0.09583987371107591,-80.05209471018007,1,8
651,540,0.90609804336035,0.11641931126665792,-78.96787320936922,1,3
652,540,0.9242235933527779,0.09225748285221097,-83.19661105005669,1,29
653,540,0.8666617373593015,0.0878348035409834,-77.88269338183181,1,61
654,540,0.9039937930869093,0.08682994254063417,-81.71638505462752,1,51
655,540,0.7464887642811592,0.08084056503546114,-66.5648199245698,1,5
656,540,0.7471528768900184,0.07180641758414619,-67.53464593058722,1,25
657,540,0.7653201431054616,0.06341281911826206,-70.19073239871996,1,46
658,540,0.7344419175155504,0.06146388881040102,-67.29780287051494,1,61
659,540,0.7435167548960518,0.0613408179972639,-68.2175936898788,1,73
660,540,0.736078620582845,0.07775907246278838,-65.83195481200566,1,74
661,540,0.776380978449907,0.07086592044297005,-70.5515058006937,1,111
662,540,0.751208419843909,0.08091294802680876,-67.02954718171002,1,79
663,540,0.7798154672183172,0.06381021895774458,-71.60052482605725,1,189
664,540,0.8341779086334151,0.0630680507684355,-77.11098578649796,1,305
665,540,0.07665247216081603,0.07205661341777754,-0.4595858743038486,6,5
666,540,0.08358335962519045,0.0764553400988635,-0.7128019526326954,5,3
667,540,0.11565187689088442,0.05530590226222068,-6.034597462866374,1,51
668,540,0.09587603115912166,0.0737682130307003,-2.2107818128421357,1,4
669,540,0.08162778565029491,0.1109918725405024,2.936408689020749,5,1
670,542,0.5380153988627778,0.07487311703126263,-46.31422818315152,1,13
671,542,0.5645659756230702,0.05468026461456321,-50.9885711008507,1,2
672,542,0.5345074887752718,0.03788442011326879,-49.662306866200296,1,37
673,542,0.5685362593150425,0.03076974337943226,-53.77665159356102,1,8
674,542,0.5446899040440428,0.02457431988822691,-52.0115584155816,1,18
675,542,0.7781237769755172,0.02413509386068767,-75.39886831148294,1,531
676,542,0.7721030836179309,0.023702798479995582,-74.84002851379353,1,669
677,542,0.7730210349070428,0.02296674495145434,-75.00542899555884,1,1008
678,542,0.6376354825902399,0.023804481128897104,-61.38310014613428,1,648
679,542,0.6713871025706993,0.023755022264193223,-64.76320803065062,1,664
680,542,0.20291732284244202,0.0270221397090805,-17.589518313336153,1,701
681,542,0.21044355915855698,0.027049806916156154,-18.339375224240083,1,705
682,542,0.22928996372683338,0.027376262901123893,-20.191370082570952,1,773
683,542,0.23262767712159169,0.026892721669021177,-20.57349554525705,1,686
684,542,0.13297487190027935,0.027188060727694363,-10.578681117258498,7,732
685,542,0.3799973246949518,0.02451354891473824,-35.54837757802136,1,318
686,542,0.37107777362847844,0.02343290053221714,-34.764487309626126,1,350
687,542,0.366159125495304,0.027978703197611,-33.818042229769304,1,232
688,542,0.37396696465365475,0.025017275566090548,-34.89496890875642,1,271
689,542,0.3780701103856837,0.027788534500578936,-35.02815758851048,1,241
690,542,0.4917567136482166,0.05944503735966324,-43.23116762885534,1,17
691,542,0.6273449085884715,0.03752455714761249,-58.9820351440859,1,28
692,542,0.6430716780021993,0.03587330373267297,-60.71983742695264,1,33
693,542,0.6374694647647527,0.03667800437864052,-60.07914603861122,1,26
694,542,0.6789723604360999,0.03338144413302657,-64.55909163030734,1,29
695,542,0.5735911213705375,0.02506726114494873,-54.852386022558875,1,589
696,542,0.5976725132235078,0.025042170826258918,-57.26303423972489,1,627
697,542,0.6394413986385513,0.025136564287792183,-61.430483435075914,1,608
698,542,0.6223180451174318,0.025182393458735318,-59.71356516586965,1,714
699,542,0.6399891106155875,0.025539442533970537,-61.444966808161695,1,854
700,542,0.105914903391026,0.02180030105900851,-8.411460233201748,27,459
701,542,0.13197394324864814,0.021631755006985925,-11.03421882416622,18,472
702,542,0.1243691907199217,0.021342103198754275,-10.302708752116741,22,493
703,542,0.14026708476505703,0.021344268789088267,-11.892281597596877,21,496
704,542,0.17017650950931842,0.021867623534320035,-14.83088859749984,16,448
705,544,0.3027221122010594,0.05497637691010239,-24.7745735290957,26,324
706,544,0.350942232415426,0.03791249711097475,-31.302973530445122,26,839
707,544,0.32286557189835285,0.0647571905042702,-25.810838139408265,26,269
708,544,0.3735789878266963,0.04794469673807119,-32.563429108862515,26,474
709,544,0.36755093734845456,0.04739762885832963,-32.01533084901249,26,518
710,544,0.9261244807869381,0.06836825535745186,-85.77562254294862,1,182
711,544,0.9353458167939395,0.06783805450829086,-86.75077622856486,1,161
712,544,0.9237115904300337,0.06795103841348359,-85.57605520165501,1,275
713,544,0.9542611828373253,0.06948872673154417,-88.47724561057811,1,267
714,544,0.9512372283731872,0.06940789213522838,-88.18293362379589,1,241
715,544,0.8853067502573346,0.09460362207096625,-79.07031281863684,1,57
716,544,0.9209708219128196,0.09222501745499405,-82.87458044578257,1,58
717,544,0.9153228606314034,0.08529770637893329,-83.00251542524701,1,111
718,544,0.8635826924113136,0.08619143418289867,-77.73912582284149,1,117
719,544,0.8338796038961191,0.08905129178963336,-74.48283121064858,1,190
720,544,1.0,0.11246405988643114,-88.75359401135688,1,8
721,544,0.9947334340578463,0.10826695007162598,-88.64664839862203,1,6
722,544,0.9993492453478184,0.060440184790892956,-93.89090605569254,1,107
723,544,0.9984863915280903,0.06133540834882409,-93.71509831792662,1,84
724,544,0.9982003510106086,0.08464104808755867,-91.35593029230499,1,16
725,544,0.9949915071660101,0.16872400049673553,-82.62675066692746,1,1
726,544,0.988621312738857,0.07500462480922356,-91.36166879296334,1,11
727,544,0.9913786068078051,0.2255062259955282,-76.5872380812277,1,1
728,544,0.9953353890718423,0.2196867592562766,-77.56486298155657,1,1
729,544,0.9909842617317004,0.11945850148700039,-87.15257602447,1,1
730,544,0.986492747774272,0.09566141344095107,-89.0831334333321,1,5
731,544,0.998068620397911,0.08508484962913773,-91.29837707687733,1,13
732,544,0.9929407143259448,0.1087328269134219,-88.42078874125228,1,6
733,544,0.9920837220472152,0.13377017554958504,-85.83135464976301,1,3
734,544,0.9976860261682776,0.08494244023205091,-91.27435859362268,1,19
735,544,1.0,0.10279012096561163,-89.72098790343883,1,1
736,544,1.0,0.09274778583577292,-90.72522141642271,1,2
737,544,1.0,0.11220551448558039,-88.77944855144196,1,1
738,544,1.0,0.12620711090638878,-87.37928890936112,1,1
739,544,1.0,0.162739370950011,-83.7260629049989,1,1
740,546,1.0,0.0756287791556444,-92.43712208443556,1,233
741,546,1.0,0.08715707839591744,-91.28429216040826,1,112
742,546,1.0,0.09374480182706547,-90.62551981729345,1,75
743,546,1.0,0.081800416380833,-91.8199583619167,1,192
744,546,1.0,0.1041059167410693,-89.58940832589307,1,51
745,546,0.8058441065716767,0.47973789552606994,-32.61062110456068,1,1
746,546,0.8591818104775668,0.41446307906735425,-44.471873141021256,1,1
747,546,0.8650643195767431,0.37465818983015486,-49.04061297465883,1,1
748,546,0.878924614367942,0.18497856093024315,-69.39460534376988,1,1
749,546,0.8380934053984742,0.5155640594598841,-32.25293459385901,1,1
750,546,0.8983724367740894,0.16732138027775392,-73.10510564963354,1,20
751,546,0.8719958117900495,0.18615150264510005,-68.58443091449494,1,13
752,546,0.8836915034018856,0.29015137171901645,-59.354013168286926,1,3
753,546,0.8654114397182494,0.326964208441797,-53.84472312764523,1,2
754,546,0.8542168504310725,0.12364872626946924,-73.05681241616033,1,3
755,546,0.7701030106190834,0.6890936802580003,-8.100933036108305,1,1
756,546,0.7604239887693635,0.6788220851514885,-8.1601903617875,1,1
757,546,0.771603608395544,0.6699412999557952,-10.166230843974876,1,1
758,546,0.7653593737063171,0.6842044228677069,-8.115495083861024,1,1
759,546,0.7702512017714342,0.6697191561272344,-10.053204564419982,1,1
760,548,0.8746654453321593,0.2346700561971374,-63.999538913502185,1,27
761,548,0.742468667712052,0.30860768846187486,-43.386097925017715,1,1
762,548,0.8524257232299343,0.1835674226917591,-66.88583005381751,1,3
763,548,0.7753124183915474,0.1997850490341476,-57.55273693573998,1,5
764,548,0.826386732811725,0.23315490999617322,-59.32318228155518,1,1
765,548,0.09128987377726888,0.15875155166777782,6.746167789050894,319,10
766,548,0.10070026173027394,0.14423151366506642,4.353125193479249,282,3
767,548,0.11200471267176529,0.20872918094408513,9.672446827231983,186,1
768,548,0.1150043170240125,0.13665035651187346,2.1646039487860964,155,11
769,548,0.13910428087445925,0.21732926308172804,7.822498220726878,165,1
770,548,0.6230340396491932,0.071705846659893,-55.13281929893002,1,114
771,548,0.612245903290854,0.06369481855051268,-54.85510847403414,1,84
772,548,0.6068963749287082,0.0677684537831673,-53.91279211455409,1,95
773,548,0.6117813073951212,0.06399842096636481,-54.77828864287564,1,91
774,548,0.6218660463296849,0.0662925678173516,-55.55734785123333,1,96
775,548,0.8547858503331861,0.313347810541833,-54.143803979135306,1,1
776,548,0.8558526904303111,0.17285657738532365,-68.29961130449874,1,6
777,548,0.8318025365515848,0.15154450903786323,-68.02580275137215,1,19
778,548,0.8401475219146524,0.13622250638258904,-70.39250155320633,1,21
779,548,0.8445267159411805,0.1870327318937498,-65.74939840474306,1,5
780,548,0.7531646222606914,0.18168437431902523,-57.14802479416661,1,10
781,548,0.7236729673398198,0.1969132497236484,-52.675971761617134,1,20
782,548,0.7219718839306325,0.20052303908626684,-52.144884484436574,1,14
783,548,0.7326315768275468,0.25836159781590473,-47.4269979011642,1,2
784,548,0.7963724593516401,0.20728759024432009,-58.90848691073201,1,4
785,548,0.6675596290015954,0.04189596990970354,-62.56636590918918,1,307
786,548,0.6924426604131104,0.04296891916661233,-64.94737412464981,1,303
787,548,0.5287213643270963,0.03934991349468471,-48.937145083241155,1,381
788,548,0.6984942099319075,0.04071187422491894,-65.77823357069886,1,399
789,548,0.6429293161053352,0.04141306581362048,-60.15162502917148,1,352
790,550,0.5820379011874512,0.23501806362944966,-34.70198375580016,1,13
791,550,0.6165921532908075,0.24163607104118626,-37.495608224962126,1,7
792,550,0.6028860175294725,0.24229359893837982,-36.059241859109264,1,5
793,550,0.641982271622443,0.26767149323921535,-37.43107783832277,1,2
794,550,0.5778156480167236,0.23928344062022625,-33.853220739649736,1,1
795,550,0.6063879952148616,0.24912308240388475,-35.72649128109769,1,7
796,550,0.5560096482048767,0.22497411564076433,-33.103553256411246,1,25
797,550,0.5626386205629293,0.21453097451986455,-34.81076460430648,1,17
798,550,0.5221950644205576,0.2162347993845587,-30.596026503599894,1,4
799,550,0.5317600871903926,0.20534107578615152,-32.6419011404241,1,26
800,550,0.5478072972726719,0.27514785303962663,-27.26594442330452,1,10
801,550,0.6633275293858477,0.22085581127085402,-44.24717181149937,1,40
802,550,0.5505107245160681,0.2198426932054328,-33.06680313106353,11,42
803,550,0.5814790872561513,0.24854511170814492,-33.293397554800634,3,23
804,550,0.5199601288931424,0.3036933758769873,-21.626675301615506,4,3
805,550,0.4258295870796351,0.04815363663964722,-37.76759504399879,6,871
806,550,0.5143000484401785,0.0474168070115832,-46.688324142859535,1,945
807,550,0.4256348368350655,0.04483039652631664,-38.08044403087488,3,1228
808,550,0.6348823219118934,0.04529478404431319,-58.958753786758024,1,1175
809,550,0.5930254679248208,0.04320297435625978,-54.98224935685611,1,1324
810,550,0.7845885002605412,0.17116564523797778,-61.34228550225633,1,152
811,550,0.7787609851066727,0.16819386858090515,-61.05671165257676,1,181
812,550,0.8186789735663017,0.1707775497483534,-64.79014238179484,1,152
813,550,0.8358352493469617,0.16821691306085548,-66.76183362861062,1,180
814,550,0.807479404920515,0.1625195469676007,-64.49598579529142,1,178
815,550,0.8443028893530999,0.14563177251356252,-69.86711168395374,1,63
816,550,0.8123238097645672,0.14403501863778803,-66.82887911267792,1,63
817,550,0.8368366282328139,0.14917299826826683,-68.76636299645472,1,56
818,550,0.8802659057205717,0.15578708418693313,-72.44788215336386,1,66
819,550,0.8806121441081124,0.1404513427558041,-74.01608013523084,1,63
820,550,0.8183223997604891,0.25787670529635726,-56.044569446413185,1,5
821,550,0.8357337143453245,0.2613277390774754,-57.440597526784906,1,7
822,550,0.8062876087314248,0.28387630458915614,-52.241130414226866,1,2
823,550,0.7924490774744855,0.2757912809481376,-51.66577965263479,1,2
824,550,0.7738363380359117,0.33176954315730783,-44.206679487860384,1,1
825,550,0.6192432027231732,0.18405529225539713,-43.51879104677761,1,80
826,550,0.6203326706865758,0.1764695637320535,-44.38631069545224,1,40
827,550,0.6236560275505415,0.22509351736074287,-39.85625101897986,1,51
828,550,0.6305047005189098,0.18249145358005872,-44.801324693885114,1,70
829,550,0.6279206514109993,0.1714878880444061,-45.64327633665932,1,72
830,552,0.9999354317998385,0.3272800392562347,-67.26553925436038,1,12
831,552,0.9939734785963787,0.4314963488941318,-56.2477129702247,1,1
832,552,0.9998704967349035,0.3858105470795496,-61.405994965535385,1,4
833,552,1.0,0.38903904163089204,-61.096095836910806,1,11
834,552,0.9999675324675324,0.36266983297268623,-63.72976994948463,1,1
835,552,0.9984934431839156,0.3752764863990739,-62.321695678484176,1,1
836,552,0.9921497679226958,0.33039314402715403,-66.17566238955418,1,1
837,552,1.0,0.23922519924825947,-76.07748007517405,1,1
838,552,1.0,0.34254233493721314,-65.74576650627868,1,4
839,552,0.99371681938884,0.35507903250289763,-63.863778688594245,1,1
840,552,1.0,0.510029893522486,-48.9970106477514,1,1
841,552,1.0,0.3903227566470095,-60.967724335299046,1,1
842,552,1.0,0.43763955370387847,-56.23604462961216,1,1
843,552,1.0,0.49259856702992366,-50.740143297007634,1,1
844,552,1.0,0.4955979174695449,-50.44020825304551,1,1
845,552,0.9999675324675324,0.46911338940312075,-53.08541430644117,1,4
846,552,0.9995259558872531,0.4509154910076647,-54.861046487958845,1,5
847,552,1.0,0.43985957560285116,-56.014042439714885,1,2
848,552,1.0,0.4362138615376648,-56.37861384623353,1,2
849,552,0.9999348794063079,0.4244876468770181,-57.544723252928975,1,9
850,552,1.0,0.44311879944224425,-55.68812005577557,1,1
851,552,1.0,0.49945074444426685,-50.05492555557331,1,1
852,552,1.0,0.47425325296858467,-52.57467470314153,1,1
853,552,1.0,0.49767840732608337,-50.232159267391665,1,1
854,552,1.0,0.5038570508562096,-49.614294914379045,1,1
855,552,1.0,0.13099219376739243,-86.90078062326076,1,334
856,552,1.0,0.14238774710480165,-85.76122528951984,1,288
857,552,1.0,0.14624976489131664,-85.37502351086835,1,255
858,552,1.0,0.14810051128943114,-85.18994887105688,1,241
859,552,1.0,0.13634021450304212,-86.36597854969578,1,319
860,552,1.0,0.071729327425263,-92.8270672574737,1,454
861,552,1.0,0.09553776050865888,-90.44622394913411,1,145
862,552,1.0,0.07417501301772579,-92.58249869822743,1,410
863,552,1.0,0.06972929362009708,-93.02707063799029,1,515
864,552,1.0,0.09488662599600364,-90.51133740039964,1,109
865,552,0.997604087633403,0.28788171061302353,-70.97223770203796,1,30
866,552,0.9976667418692189,0.3450818514447595,-65.25848904244593,1,18
867,552,0.9980940917385741,0.30557711598529835,-69.25169757532757,1,27
868,552,0.9982770800627944,0.3408445713806945,-65.74325086820998,1,22
869,552,0.9984200844516912,0.322155025547249,-67.62650589044421,1,27
870,554,0.8421038124679111,0.07505219278705419,-76.70516196808569,1,81
871,554,0.8077156032142777,0.07754510728884059,-73.01704959254371,1,74
872,554,0.8664703029020318,0.10015375430398138,-76.63165485980502,1,3
873,554,0.8283995044974412,0.09894261437101069,-72.94568901264304,1,2
874,554,0.8401284920294302,0.1147513560571196,-72.53771359723106,1,1
875,554,0.29308842754007036,0.10859531986464888,-18.449310767542148,1,85
876,554,0.28551480899600923,0.1527296390763236,-13.278516991968564,1,41
877,554,0.2793774816203644,0.16481588148131193,-11.456160013905247,1,36
878,554,0.28026009750295644,0.18161245294898995,-9.86476445539665,1,30
879,554,0.2823591144513686,0.19341296417292483,-8.894615027844374,1,31
880,554,0.7771156761350542,0.46366757640722417,-31.344809972783,1,1
881,554,0.7658924231752795,0.4462076552378407,-31.968476793743882,1,1
882,554,0.7656019323676546,0.4512899158921698,-31.43120164754848,1,1
883,554,0.7619795886242481,0.4779958358205666,-28.39837528036815,1,1
884,554,0.7513174850490781,0.4731856626508924,-27.813182239818573,1,1
885,554,0.828859099238232,0.5299957845127717,-29.886331472546026,1,1
886,554,0.8599138415743555,0.47778714495244523,-38.212669662191026,1,2
887,554,0.8390262110116993,0.3664925313531734,-47.25336796585259,1,3
888,554,0.8586618505689994,0.4649335469437896,-39.37283036252098,1,2
889,554,0.846705733060172,0.273994455665752,-57.27112773944201,1,1
890,554,0.7977027642552155,0.05618766199347441,-74.15151022617411,1,36
891,554,0.8572197375524119,0.04411996578422333,-81.30997717681886,1,179
892,554,0.9027889445782072,0.05025325423577018,-85.2535690342437,1,53
893,554,0.894295865669136,0.05110265887258923,-84.31932067965468,1,48
894,554,0.8716173632191804,0.061437741295327135,-81.01796219238533,1,31
895,554,0.5147994694934821,0.07404594471029263,-44.07535247831895,1,5
896,554,0.5404290524696277,0.06180372415182906,-47.862532831779866,1,15
897,554,0.5599069555243161,0.0531430687472826,-50.67638867770336,1,72
898,554,0.5653357997507155,0.05349473272804241,-51.18410670226731,1,53
899,554,0.5510520689934343,0.05304892402157546,-49.80031449718588,1,79
900,554,0.9400803026135233,0.36557477202009075,-57.45055305934326,1,2
901,554,0.9635807645902136,0.299323018100381,-66.42577464898326,1,8
902,554,0.9838895972602774,0.4975389901172928,-48.635060714298454,1,1
903,554,0.9729254705488848,0.5193283345163073,-45.359713603257745,1,1
904,554,0.9806753354390211,0.5128968847777241,-46.7778450661297,1,1
905,556,0.9991539305468916,0.16194312773945782,-83.72108028074338,1,5
906,556,0.9961010497820374,0.07614049924350766,-91.99605505385297,1,43
907,556,0.9938935208643831,0.11528009783879063,-87.86134230255924,1,14
908,556,0.9997404200731583,0.13897312382701926,-86.0767296246139,1,30
909,556,0.9724993214871298,0.10744267704894249,-86.50566444381873,1,25
910,556,0.526399592093455,0.04752749820073571,-47.88720938927193,1,223
911,556,0.5543548261015286,0.04388222571103063,-51.0472600390498,1,144
912,556,0.44385318469729373,0.04435461875574286,-39.94985659415509,1,140
913,556,0.32921904249131795,0.04336969922417185,-28.584934326714613,3,152
914,556,0.4189908183200979,0.051053690253865004,-36.79371280662328,3,289
915,556,0.6995343058765785,0.19101031369746188,-50.85239921791166,1,1
916,556,0.6980014533889504,0.20130671748290865,-49.66947359060418,1,1
917,556,0.6663968766325241,0.2005442296095317,-46.58526470229924,1,1
918,556,0.6722812702325969,0.1720552497428115,-50.022602048978534,1,2
919,556,0.6750712606515826,0.16643677111538902,-50.86344895361936,1,7
920,556,0.8498416740868305,0.16155954070210313,-68.82821333847275,1,9
921,556,0.8747790502901152,0.1615619328249662,-71.3217117465149,1,9
922,556,0.8835363327502023,0.18760630625918248,-69.59300264910198,1,3
923,556,0.8899422617218686,0.19608426229119133,-69.38579994306772,1,3
924,556,0.8848177391826543,0.1890881683454667,-69.57295708371876,1,3
925,556,0.6099730410550955,0.029723340105219376,-58.024970094987616,1,389
926,556,0.6165292984472847,0.03260860235735014,-58.392069608993445,1,311
927,556,0.6597676599208584,0.03358460162434153,-62.61830582965169,1,285
928,556,0.6808255241648521,0.03138454364677682,-64.94409805180753,1,352
929,556,0.7416722372022062,0.0356115187361643,-70.6060718466042,1,216
930,556,0.9658971790022971,0.2864604059403074,-67.94367730619896,1,1
931,556,0.9703159913931229,0.12161121815581087,-84.8704773237312,1,58
932,556,0.9742045522615034,0.26610121084567984,-70.81033414158236,1,1
933,556,0.9744424149496077,0.2854097584719479,-68.90326564776599,1,1
934,556,0.9610548226337619,0.23966129986936827,-72.13935227643937,1,1
935,556,0.9030152988558842,0.19387188020632096,-70.91434186495633,1,41
936,556,0.9468783553750573,0.20269794150246015,-74.41804138725972,1,10
937,556,0.9461658476548291,0.19974708241386077,-74.64187652409684,1,10
938,556,0.9260545081165177,0.2078581858643426,-71.81963222521752,1,9
939,556,0.9265626057554812,0.19363191474398134,-73.29306910114998,1,26
940,556,0.9107976402247745,0.3106739976407774,-60.01236425839971,1,3
941,556,0.9047534113239947,0.24422343455348997,-66.05299767705047,1,4
942,556,0.8972913754226313,0.278876768257261,-61.84146071653702,1,1
943,556,0.9082019104658898,0.23765934303278194,-67.05425674331079,1,6
944,556,0.9118288180814794,0.24079362960557052,-67.10351884759089,1,6
945,558,0.6930006216288175,0.10730558500241885,-58.56950366263987,1,88
946,558,0.7061353400478828,0.13072395109173146,-57.54113889561514,1,54
947,558,0.723045184001454,0.114162431660011,-60.88827523414431,1,59
948,558,0.6973689306693146,0.09749406470526066,-59.98748659640539,1,113
949,558,0.6792989737681674,0.12050256967465893,-55.87964040935085,1,47
950,558,0.748667056955421,0.08405291456063285,-66.46141423947883,1,33
951,558,0.7449793348105399,0.11674639805778976,-62.82329367527502,1,13
952,558,0.7416842174609418,0.09270572802002454,-64.89784894409173,1,28
953,558,0.782868030736997,0.08601355531999,-69.6854475417007,1,48
954,558,0.7574782727743226,0.0601666202828121,-69.73116524915105,1,189
955,558,0.9454037353831907,0.11048523568983486,-83.49184996933559,1,66
956,558,0.9387997106878538,0.11323458932388096,-82.55651213639729,1,54
957,558,0.9633660402120102,0.11855528494029537,-84.48107552717148,1,46
958,558,0.9449808240581437,0.1119053658299411,-83.30754582282025,1,50
959,558,0.9528478310543941,0.11407544989608023,-83.87723811583139,1,47
960,558,0.9254435957676583,0.10140320780394488,-82.40403879637135,1,21
961,558,0.9319344815300578,0.10660781728643505,-82.53266642436226,1,8
962,558,0.916439239923258,0.16824225066440746,-74.81969892588506,1,4
963,558,0.9068219444615507,0.19193617839504254,-71.48857660665082,1,4
964,558,0.9097864616339333,0.21256842082622285,-69.72180408077105,1,2
965,558,0.7270725037184314,0.09762616241075904,-62.94463413076723,1,80
966,558,0.7364635054374578,0.10578684633259663,-63.06766591048611,1,60
967,558,0.7183801690255708,0.1123653629795405,-60.60148060460303,1,53
968,558,0.7342786364304305,0.11038025707255218,-62.38983793578783,1,53
969,558,0.7505417039002072,0.10601205009140265,-64.45296538088046,1,65
970,558,0.9792457329866142,0.08291903021862901,-89.63267027679852,1,119
971,558,0.9745416519454333,0.08820444984315338,-88.63372021022799,1,14
972,558,0.9777701649312881,0.09464774061043577,-88.31224243208523,1,17
973,558,0.978136401782433,0.09098470200877154,-88.71516997736614,1,10
974,558,0.9777382812733975,0.09079639341974202,-88.69418878536554,1,60
975,558,0.9933499144816613,0.11396032970241841,-87.93895847792429,1,21
976,558,0.9894439052951443,0.11417275179896068,-87.52711534961836,1,11
977,558,0.9880195821380373,0.11320160542595524,-87.4817976712082,1,14
978,558,0.9949472712711726,0.11236464973878642,-88.2582621532386,1,14
979,558,0.9853541626617708,0.11429343971172358,-87.10607229500472,1,15
980,558,0.8425707648605375,0.0780969397384995,-76.4473825122038,1,70
981,558,0.846673332526156,0.07058437688848272,-77.60889556376732,1,107
982,558,0.8710232534716172,0.07822612940103132,-79.27971240705858,1,83
983,558,0.8496034085029596,0.06852216349975043,-78.10812450032091,1,147
984,558,0.8394252701302316,0.06546560274269203,-77.39596673875396,1,158
985,560,0.9794089706439147,0.0354607546274707,-94.39482160164441,1,72
986,560,0.9998666627158738,0.0354992117241875,-96.43674509916863,1,78
987,560,0.9866421582617526,0.03593455165803011,-95.07076066037226,1,51
988,560,0.9643778909868294,0.026460912929349812,-93.79169780574796,1,201
989,560,0.8861057412111101,0.02745409950800915,-85.8651641703101,1,227
990,560,1.0,0.07380729622739013,-92.61927037726099,1,90
991,560,1.0,0.12776273856169523,-87.22372614383048,1,30
992,560,1.0,0.1560173026485566,-84.39826973514434,1,12
993,560,1.0,0.11047998741951753,-88.95200125804826,1,50
994,560,1.0,0.25682992617846867,-74.31700738215314,1,1
995,560,1.0,0.047491585812266666,-95.25084141877333,1,203
996,560,1.0,0.044446576919590426,-95.55534230804096,1,310
997,560,1.0,0.04442649076977623,-95.55735092302238,1,338
998,560,1.0,0.0480068776077002,-95.19931223922998,1,258
999,560,1.0,0.04025395625402397,-95.9746043745976,1,463
1000,560,1.0,0.029794950817559503,-97.02050491824406,1,88
1001,560,1.0,0.04020696729703346,-95.97930327029665,1,14
1002,560,1.0,0.08074133589805985,-91.92586641019402,1,10
1003,560,1.0,0.07045248746186172,-92.95475125381382,1,8
1004,560,1.0,0.09142203856125224,-90.85779614387478,1,7
1005,560,1.0,0.021124396661202454,-97.88756033387975,1,2046
1006,560,1.0,0.021743473121765104,-97.82565268782349,1,1614
1007,560,1.0,0.021284579498167595,-97.87154205018324,1,1887
1008,560,1.0,0.021320000366862192,-97.86799996331378,1,1850
1009,560,1.0,0.021821060353796464,-97.81789396462035,1,1578
1010,560,1.0,0.30981582170721367,-69.01841782927863,1,1
1011,560,1.0,0.31724663820558807,-68.2753361794412,1,1
1012,560,1.0,0.305315325896699,-69.4684674103301,1,1
1013,560,1.0,0.30996625017578483,-69.00337498242152,1,1
1014,560,1.0,0.31502721290363267,-68.49727870963673,1,1
1015,560,1.0,0.2957338157144373,-70.42661842855627,1,1
1016,560,1.0,0.19767091584060276,-80.23290841593973,1,7
1017,560,1.0,0.07469347398998098,-92.5306526010019,1,48
1018,560,1.0,0.09745424869431155,-90.25457513056885,1,30
1019,560,1.0,0.07441641360160976,-92.55835863983903,1,47
1020,562,0.8358393460676055,0.21224858072022454,-62.35907653473809,1,8
1021,562,0.8276311788207527,0.1009114372023567,-72.67197416183959,1,21
1022,562,0.7928606245435096,0.024066484355940755,-76.87941401875689,1,157
1023,562,0.8187978820863053,0.026816181560216843,-79.19817005260884,1,118
1024,562,0.8380543880818508,0.04093413760236566,-79.71202504794852,1,11
1025,562,0.7672031191471149,0.1142841391944484,-65.29189799526665,1,4
1026,562,0.7639737900520722,0.1350013958412028,-62.89723942108694,1,3
1027,562,0.7535398757598303,0.1985531955977029,-55.49866801621274,1,1
1028,562,0.7952942925086144,0.2404989045725128,-55.47953879361016,1,1
1029,562,0.7775505331171374,0.21678152474081983,-56.07690083763176,1,2
1030,562,0.9693399657942381,0.38221187281815894,-58.71280929760792,1,1
1031,562,0.9702628189934889,0.24189997946299738,-72.83628395304915,1,1
1032,562,1.0,0.2880361635605014,-71.19638364394987,1,1
1033,562,0.9743089683744119,0.047707931010712266,-92.66010373636998,1,13
1034,562,0.9673859916668135,0.10500154007805726,-86.23844515887562,1,4
1035,564,1.0,0.018216938453451757,-98.17830615465482,1,280
1036,564,1.0,0.023654532021360072,-97.63454679786399,1,20
1037,564,1.0,0.020294241269687277,-97.97057587303128,1,356
1038,564,1.0,0.01943141303123335,-98.05685869687667,1,723
1039,564,1.0,0.019031937696639214,-98.09680623033607,1,1321
1040,564,1.0,0.036158991403325874,-96.38410085966741,1,3
1041,564,1.0,0.09617460307950207,-90.38253969204979,1,1
1042,564,1.0,0.12662679331305723,-87.33732066869428,1,1
1043,564,1.0,0.13507535362075063,-86.49246463792494,1,1
1044,564,1.0,0.0726851615430931,-92.73148384569069,1,1
1045,564,1.0,0.015018175324476779,-98.49818246755233,1,899
1046,564,1.0,0.014736072875512119,-98.52639271244878,1,923
1047,564,1.0,0.014825850693326289,-98.51741493066737,1,913
1048,564,1.0,0.015135302939979613,-98.48646970600203,1,863
1049,564,1.0,0.015574875486845859,-98.44251245131541,1,768
1050,564,1.0,0.011624698337142907,-98.83753016628572,1,446
1051,564,1.0,0.013767743432872697,-98.62322565671273,1,32
1052,564,1.0,0.012569707391950423,-98.74302926080496,1,66
1053,564,1.0,0.012487283948672925,-98.7512716051327,1,90
1054,564,1.0,0.012137836495189014,-98.7862163504811,1,240
1055,564,1.0,0.025696556165942627,-97.43034438340574,1,382
1056,564,1.0,0.02544057991369493,-97.4559420086305,1,439
1057,564,1.0,0.03041257055269675,-96.95874294473032,1,14
1058,564,1.0,0.037729687949902765,-96.22703120500972,1,1
1059,564,1.0,0.029995637689068756,-97.00043623109312,1,19
1060,564,1.0,0.027788603314649697,-97.22113966853503,1,124
1061,564,1.0,0.03256752134802105,-96.74324786519789,1,80
1062,564,1.0,0.06828157218410247,-93.17184278158976,1,6
1063,564,1.0,0.15725558449244081,-84.27444155075592,1,1
1064,564,1.0,0.17536718243632482,-82.46328175636752,1,1
1065,564,0.9976146322087444,0.024436974975141343,-97.31776572336031,1,718
1066,564,0.9988650154917127,0.020820922279258986,-97.80440932124537,1,1564
1067,564,0.998908003757078,0.02044159375226623,-97.84664100048117,1,1453
1068,564,1.0,0.02064003659613873,-97.93599634038613,1,1537
1069,564,0.9989510101342937,0.02242188929668265,-97.6529120837611,1,1161
1070,566,0.8954518360861539,0.09494847583936192,-80.0503360246792,1,24
1071,566,0.8957480347243554,0.08463848285026704,-81.11095518740883,1,62
1072,566,0.8704226024040949,0.17962808655152623,-69.07945158525686,1,1
1073,566,0.832955471513003,0.08987418312950028,-74.30812883835027,1,34
1074,566,0.8946949703106384,0.12005708860244982,-77.46378817081886,1,4
1075,566,0.8160893183146544,0.4246848703240394,-39.1404447990615,1,1
1076,566,0.8470274929330978,0.29060617958976437,-55.642131334333335,1,1
1077,566,0.7781180152248296,0.2592606925824796,-51.88573226423501,1,13
1078,566,0.7235763787772698,0.20921144789107451,-51.43649308861953,1,7
1079,566,0.7601937942662714,0.1684677359549649,-59.17260583113065,1,21
1080,566,0.866192398376977,0.39142297239075236,-47.476942598622465,1,1
1081,566,0.8238516499277505,0.38950373360336593,-43.434791632438454,1,1
1082,566,0.8414175403808859,0.36895474230978104,-47.24627980711048,1,1
1083,566,0.8189827289720759,0.37952318402034424,-43.94595449517317,1,1
1084,566,0.8646215781933568,0.38658275615646787,-47.8038822036889,1,1
1085,566,0.8701318545774989,0.38209021169939433,-48.80416428781045,1,1
1086,566,0.8626005203554873,0.3881720044417147,-47.44285159137726,1,1
1087,566,0.7892739514464078,0.35134582910840223,-43.792812233800554,1,1
1088,566,0.7790261963605741,0.37795634213785395,-40.10698542227202,1,1
1089,566,0.7554964727344958,0.3708056732155564,-38.46907995189394,1,1
1090,566,0.8636082370995336,0.2556456925679676,-60.79625445315659,1,8
1091,566,0.8885897021906335,0.23169554133080406,-65.68941608598294,1,20
1092,566,0.863540510641221,0.20344732999658724,-66.00931806446337,1,23
1093,566,0.8819187246471103,0.2358362362323258,-64.60824884147844,1,13
1094,566,0.8920929398629199,0.27690984021769305,-61.518309964522686,1,7
1095,566,0.740593058010936,0.14872740016216934,-59.18656578487666,1,24
1096,566,0.7974794083518714,0.18706214033170307,-61.041726802016825,1,8
1097,566,0.7865035660192343,0.2052406020899781,-58.126296392925624,1,12
1098,566,0.7772683513867261,0.12735439639936885,-64.99139549873573,1,60
1099,566,0.825851267827461,0.12151225976203835,-70.43390080654225,1,67
1100,566,0.7886308812855825,0.26783418853062746,-52.0796692754955,1,4
1101,566,0.782282983230869,0.2906054975894496,-49.16774856414194,1,3
1102,566,0.7806113740448999,0.3582662575699406,-42.23451164749593,1,1
1103,566,0.7192025838063725,0.32030933738429124,-39.88932464220812,1,1
1104,566,0.789394411207293,0.3373382605497056,-45.20561506575874,1,1
1105,566,0.4299183181876507,0.08774082971175319,-34.21774884758975,4,204
1106,566,0.5549146585814512,0.11149697490819213,-44.341768367325905,1,144
1107,566,0.5009538156801591,0.1109475918742189,-39.00062238059402,1,65
1108,566,0.510195888474886,0.09957485392663397,-41.0621034548252,24,156
1109,566,0.5382481090638669,0.0883570733030577,-44.98910357608092,27,218
1110,568,0.9963934426229508,0.03823115948329975,-95.8162283139651,1,101
1111,568,0.9914942528735632,0.10314115965997744,-88.83530932135857,1,28
1112,568,0.9978571428571429,0.05278756296368698,-94.50695798934558,1,51
1113,568,0.990487569573284,0.04243141325784954,-94.80561563154345,1,65
1114,568,0.9961290322580645,0.03087528507703556,-96.5253747181029,1,151
1115,568,1.0,0.031443290137957464,-96.85567098620426,1,78
1116,568,0.9996078431372548,0.04160747715137871,-95.80003659858761,1,29
1117,568,1.0,0.07003482344747082,-92.99651765525292,1,8
1118,568,1.0,0.08265043739943194,-91.7349562600568,1,4
1119,568,1.0,0.12512981934122222,-87.48701806587778,1,1
1120,568,0.9686774077199019,0.011057433863931425,-95.76199738559704,1,1689
1121,568,0.9969893411910219,0.009852617794022425,-98.71367233969994,1,1937
1122,568,0.6893897480086819,0.014176969717960763,-67.52127782907212,1,1219
1123,568,0.9576661576853895,0.01570020847674762,-94.1965949208642,1,1091
1124,568,1.0,0.014844633691723633,-98.51553663082764,1,1195
1125,570,0.7797421429162232,0.13904894047807925,-64.0693202438144,1,27
1126,570,0.7839735588406156,0.17461877635418244,-60.935478248643314,1,5
1127,570,0.8207497555438842,0.16435300560009333,-65.63967499437908,1,8
1128,570,0.7861578938542287,0.1462230612622212,-63.99348325920076,1,20
1129,570,0.6981566276817551,0.14144478828191365,-55.67118393998415,1,17
1130,570,0.9174565576787574,0.13031067827483084,-78.71458794039266,1,36
1131,570,0.9035427356721693,0.12613044120303604,-77.74122944691332,1,38
1132,570,0.9235530319060337,0.13279233454385303,-79.07606973621806,1,32
1133,570,0.910585580037282,0.1052868501138443,-80.52987299234377,1,39
1134,570,0.8933200943428881,0.12273799161760506,-77.0582102725283,1,43
1135,570,0.8938134260586501,0.05832211546320231,-83.54913105954478,1,253
1136,570,0.877029551386327,0.05398429034037614,-82.30452610459508,1,377
1137,570,0.8935672709570169,0.0668897402454919,-82.6677530711525,1,184
1138,570,0.9397766633491076,0.07539245319037836,-86.43842101587292,1,86
1139,570,0.9293610420161595,0.07318805678786373,-85.61729852282957,1,108
1140,570,0.8550972423031215,0.12291392544916183,-73.21833168539597,1,16
1141,570,0.9076659099098974,0.12403079138924444,-78.36351185206529,1,45
1142,570,0.8822253642339634,0.12714644227220115,-75.50789219617621,1,30
1143,570,0.898898172720481,0.18378552250180819,-71.51126502186729,1,14
1144,570,0.8620520802126114,0.17260624526619717,-68.94458349464142,1,22
1145,570,0.9060096522591278,0.21696484273284652,-68.90448095262812,1,1
1146,570,0.9146953652534361,0.1159342277198381,-79.8761137533598,1,42
1147,570,0.9227211044905537,0.10809168021289295,-81.46294242776607,1,81
1148,570,0.8818087086224974,0.10822547832644967,-77.35832302960478,1,163
1149,570,0.8845631617864732,0.2111962964919928,-67.33668652944804,1,1
1150,570,0.9807813772427258,0.15042276758278894,-83.03586096599369,1,15
1151,570,0.9836834542030416,0.15914976976117876,-82.45336844418628,1,29
1152,570,0.9864475598773144,0.12928967900321855,-85.71578808740958,1,55
1153,570,0.9928100507089955,0.12122288114679731,-87.15871695621982,1,39
1154,570,0.9938231142209846,0.14211181560413919,-85.17112986168453,1,58
1155,570,0.9694547764763115,0.1255036243676293,-84.39511521086823,1,1
1156,570,0.9885073158938985,0.14608366099888717,-84.24236548950114,1,8
1157,570,0.9644269797584631,0.15550869613471355,-80.89182836237497,1,3
1158,570,0.9708220460523741,0.14086449983065685,-82.99575462217173,1,2
1159,570,0.971767961845663,0.10924052329726432,-86.25274385483988,1,27
1160,572,1.0,0.2747298885142579,-72.5270111485742,1,1
1161,572,1.0,0.27566973861339755,-72.43302613866025,1,1
1162,572,1.0,0.2687314064039144,-73.12685935960856,1,1
1163,572,1.0,0.2626984894912522,-73.73015105087478,1,1
1164,572,1.0,0.24143199616093947,-75.85680038390605,1,1
1165,572,0.9555349755083568,0.053429075864270294,-90.21058996440865,1,138
1166,572,0.937686206488211,0.070054596917641,-86.763160957057,1,102
1167,572,0.9322772125247566,0.04642025508679552,-88.58569574379611,1,67
1168,572,0.9577697082278801,0.04758097114548492,-91.01887370823952,1,185
1169,572,0.9708486453562515,0.04774234404203797,-92.31063013142136,1,134
1170,572,0.9665452886448647,0.28160317076945024,-68.49421178754145,1,1
1171,572,0.9313991807982045,0.27338819739532044,-65.8010983402884,1,1
1172,572,0.9823659788671936,0.10253382142917174,-87.98321574380218,1,30
1173,572,0.8880915746443514,0.2549345658997417,-63.315700874460966,1,1
1174,572,0.8733842966456692,0.2627765534345045,-61.060774321116476,1,1
1175,572,0.9947205991288329,0.10205933310247194,-89.26612660263609,1,86
1176,572,0.9829660784598133,0.1072094873031061,-87.57565911567072,1,100
1177,572,0.9873056997549423,0.11003984298541204,-87.72658567695302,1,91
1178,572,0.9973271887849405,0.10508649753298556,-89.2240691251955,1,153
1179,572,0.967687485791857,0.10804735088358743,-85.96401349082696,1,91
1180,572,1.0,0.0854764210152616,-91.45235789847384,1,20
1181,572,1.0,0.0871365349207894,-91.28634650792105,1,61
1182,572,1.0,0.08018304110550341,-91.98169588944965,1,94
1183,572,1.0,0.08444013326132711,-91.55598667386728,1,67
1184,572,1.0,0.08548644361178091,-91.45135563882191,1,97
1185,572,0.9908400658132207,0.026824883237418058,-96.40151825758026,1,510
1186,572,0.9906099655501193,0.03076025961760492,-95.98497059325143,1,399
1187,572,0.9879001078060455,0.027502072961600423,-96.0398034844445,1,508
1188,572,0.9835126458218503,0.026949991763700335,-95.65626540581499,1,528
1189,572,0.9945604757382113,0.027459176051642293,-96.7101299686569,1,530
1190,572,0.9367362404024974,0.1443602816687152,-79.23759587337823,1,21
1191,572,0.958017674237917,0.1572876337585726,-80.07300404793443,1,7
1192,572,0.945811013190441,0.13228205298793036,-81.35289602025107,1,62
1193,572,0.9521653129728179,0.13207738515185025,-82.00879278209676,1,47
1194,572,0.9705363050180326,0.15487195688001673,-81.56643481380158,1,30
1195,572,0.9994613945578231,0.08059194419801471,-91.88694503598084,1,117
1196,572,0.9999354317998385,0.09476775442924952,-90.51676773705888,1,71
1197,572,1.0,0.09372703722140176,-90.62729627785983,1,71
1198,572,1.0,0.11705049908001379,-88.29495009199863,1,18
1199,572,1.0,0.08687106295515122,-91.31289370448488,1,61
1200,574,0.7518946819453588,0.17750612293113333,-57.43885590142255,1,2
1201,574,0.8112194460044939,0.10008728859787336,-71.11321574066206,1,39
1202,574,0.8277580427811287,0.22094297047361805,-60.68150723075107,1,1
1203,574,0.8323780955550609,0.33878978497587836,-49.35883105791826,1,1
1204,574,0.8440685581837433,0.07974628507782973,-76.43222731059134,1,16
1205,574,0.9005279652978845,0.03190602072348114,-86.86219445744034,1,79
1206,574,0.908840664918932,0.029821339038508126,-87.90193258804238,1,431
1207,574,0.9266367554024308,0.029448335638885083,-89.71884197635458,1,598
1208,574,0.9323353568904328,0.028836729509072102,-90.34986273813607,1,801
1209,574,0.9333100713870645,0.03311044929967816,-90.01996220873862,1,395
1210,574,0.9429967811781675,0.21377254135793022,-72.92242398202373,1,2
1211,574,0.9284750688933472,0.2191329244866625,-70.93421444066847,1,1
1212,574,0.9319152423860806,0.22433992567410976,-70.75753167119709,1,2
1213,574,0.9441862260688951,0.1484285530346737,-79.57576730342214,1,11
1214,574,0.9362898567653393,0.15350505800512482,-78.27847987602145,1,6
1215,574,0.9407711412573295,0.017988245220182497,-92.2782896037147,1,3215
1216,574,0.9799159642943054,0.018086326215723383,-96.1829638078582,1,3210
1217,574,0.9796395904696518,0.01809544763038086,-96.1544142839271,1,3206
1218,574,0.9850665818489199,0.01827914155545563,-96.67874402934643,1,3178
1219,574,0.9923651601056073,0.018134984114156916,-97.42301759914504,1,3208
1220,574,0.7835090731793023,0.05777621116132052,-72.57328620179818,1,84
1221,574,0.7724133038886322,0.21390774919078107,-55.850555469785114,1,3
1222,574,0.7989091426485415,0.13342624343647935,-66.54828992120622,1,3
1223,574,0.7963693289410501,0.10385122217811847,-69.25181067629316,1,5
1224,574,0.7908209186658627,0.17213279215644456,-61.86881265094182,1,5
1225,574,0.987478228339675,0.07024517446456277,-91.72330538751122,1,7
1226,574,0.9858217304443315,0.044256078801037005,-94.15656516432945,1,68
1227,574,0.9721862324510103,0.045744185941301675,-92.64420465097086,1,86
1228,574,0.9779613953230879,0.06978253098637564,-90.81788643367122,1,8
1229,574,0.974073307257394,0.17117473153007173,-80.28985757273223,1,13
1230,574,0.8808655145916837,0.3104817790104651,-57.03837355812187,1,1
1231,574,0.7940217386849637,0.2844277350319784,-50.959400365298535,1,1
1232,574,0.7921127144033636,0.3085811161271763,-48.35315982761873,1,1
1233,574,0.827646404250649,0.3137032960080506,-51.39431082425984,1,1
1234,574,0.8285713517532435,0.2888573497910472,-53.97140019621962,1,1
1235,576,1.0,0.5520627306574496,-44.79372693425504,1,1
1236,576,1.0,0.3652290870157415,-63.47709129842585,1,1
1237,576,1.0,0.45832537077943614,-54.16746292205639,1,1
1238,576,1.0,0.25959456291917943,-74.04054370808207,1,1
1239,576,1.0,0.5363560969970445,-46.364390300295554,1,1
1240,576,0.9934014590617977,0.2949715982540821,-69.84298608077155,1,23
1241,576,1.0,0.1496927132264313,-85.03072867735688,1,34
1242,576,1.0,0.33813934656921735,-66.18606534307827,1,3
1243,576,1.0,0.6648742278624645,-33.512577213753545,1,1
1244,576,1.0,0.08486195985305119,-91.51380401469488,1,158
1245,576,0.9597580466317758,0.17298754368500682,-78.6770502946769,1,38
1246,576,0.948599195294215,0.2622034492607882,-68.63957460334268,1,14
1247,576,0.950275440248904,0.29056533514558974,-65.97101051033142,1,6
1248,576,0.9538265656144506,0.4180322636732742,-53.57943019411764,1,5
1249,576,0.958029166388529,0.4051768867650873,-55.285227962344166,1,4
1250,576,0.9938213466997907,0.20214829753110758,-79.16730491686832,1,6
1251,576,0.9945757792418363,0.16091107712894243,-83.36647021128938,1,17
1252,576,0.9744165490128971,0.16803185460987635,-80.63846944030207,1,14
1253,576,0.9870100437344361,0.15565566300017716,-83.13543807342589,1,47
1254,576,0.9777375838310514,0.16721915799965012,-81.05184258314011,1,18
1255,576,1.0,0.25193744221272013,-74.80625577872799,1,16
1256,576,1.0,0.20570108031225678,-79.42989196877433,1,25
1257,576,1.0,0.30031586119368947,-69.96841388063105,1,5
1258,576,1.0,0.2677905522506852,-73.22094477493148,1,8
1259,576,1.0,0.26264052464525034,-73.73594753547496,1,1
1260,576,1.0,0.3105937450017954,-68.94062549982046,1,1
1261,576,0.9995781970649894,0.5234900367270952,-47.608816033789424,1,1
1262,576,0.9986954484113759,0.45664333780707766,-54.205211060429825,1,1
1263,576,0.9999558498896247,0.4610951848260488,-53.88606650635759,1,1
1264,576,1.0,0.39784149873870195,-60.2158501261298,1,1
1265,576,0.8530871849336378,0.12885700097131184,-72.42301839623259,1,37
1266,576,0.8787853182857844,0.12186618280408613,-75.69191354816984,1,99
1267,576,0.8567836645702507,0.12437303516004553,-73.24106294102052,1,30
1268,576,0.8402016685541847,0.14547767418983534,-69.47239943643493,1,15
1269,576,0.8561791466532259,0.13422704623982365,-72.19521004134023,1,26
1270,578,0.6083439685869272,0.08874172155733757,-51.96022470295895,1,25
1271,578,0.6276934671535568,0.0932849648402512,-53.44085023133056,1,32
1272,578,0.7536933977737524,0.09110301897021458,-66.25903788035379,1,23
1273,578,0.5804356337549443,0.09072936074024733,-48.9706273014697,1,30
1274,578,0.567795551854044,0.11876141995863841,-44.90341318954055,1,5
1275,578,0.3092448217265605,0.06641091974471917,-24.28339019818413,1,17
1276,578,0.305801750115628,0.11204857264239836,-19.375317747322963,1,1
1277,578,0.408100931180768,0.14857124254318174,-25.95296886375863,1,1
1278,578,0.3447929389420142,0.12467986938896189,-22.01130695530523,1,1
1279,578,0.3850345305742665,0.22743081557215314,-15.760371500211336,1,1
1280,578,0.8810810439534774,0.13336174073881185,-74.77193032146656,1,1
1281,578,0.8744590502604761,0.07250800938456571,-80.19510408759103,1,37
1282,578,0.8891028938264263,0.0735677889755895,-81.55351048508368,1,60
1283,578,0.9226171724700124,0.07690137943082671,-84.57157930391857,1,153
1284,578,0.9121863789469339,0.08314989834282768,-82.90364806041062,1,49
1285,578,0.7446933514232487,0.04310687769948521,-70.15864737237635,1,260
1286,578,0.7482742910252145,0.06138962938517226,-68.68846616400423,1,50
1287,578,0.7709331233369807,0.05071641381606036,-72.02167095209204,1,132
1288,578,0.8256251989281554,0.04803829040706825,-77.75869085210871,1,146
1289,578,0.8212057890760497,0.07562126794579734,-74.55845211302523,1,11
1290,578,0.6367108041516377,0.08568792993575769,-55.102287421588,1,1
1291,578,0.5557232470180622,0.09774339527091298,-45.797985174714924,1,1
1292,578,0.6037520504864554,0.08286358774894932,-52.08884627375061,1,1
1293,578,0.5920983604674043,0.13348998455618408,-45.860837591122014,1,1
1294,578,0.6067049149195751,0.07602546066032322,-53.06794542592519,1,5
1295,578,0.8601421553590703,0.18046990904437943,-67.9672246314691,1,1
1296,578,0.8320897973952697,0.12832142879245825,-70.37683686028114,1,1
1297,578,0.8599952505794042,0.10208886052937588,-75.79063900500283,1,2
1298,578,0.8169658259968818,0.1366096211069349,-68.0356204889947,1,1
1299,578,0.8655071127873042,0.2756647472797601,-58.98423655075441,1,1
1300,578,0.8992188535173272,0.1430099602344169,-75.62088932829103,1,1
1301,578,0.8980093259019818,0.05544635077995292,-84.25629751220288,1,61
1302,578,0.8833657485646059,0.05294473777426233,-83.04210107903435,1,89
1303,578,0.8622082352838822,0.05789200694081026,-80.4316228343072,1,36
1304,578,0.8805470422410037,0.048443156089922404,-83.21038861510812,1,100
1305,578,0.7343891380451908,0.10283695563920398,-63.155218240598685,1,43
1306,578,0.7815173634288983,0.10655598021201194,-67.49613832168863,1,31
1307,578,0.7807944323706352,0.12129511812975212,-65.9499314240883,1,5
1308,578,0.79005910282598,0.13409801774840743,-65.59610850775725,1,1
1309,578,0.8404562314480284,0.0976631015304752,-74.27931299175532,1,68
1310,580,0.6015132133331523,0.1445715561975236,-45.694165713562874,4,45
1311,580,0.6857492324290448,0.11254170616423564,-57.32075262648092,1,44
1312,580,0.6200203742247192,0.13227263868852895,-48.77477355361903,1,46
1313,580,0.6137947542316171,0.1484739161222339,-46.53208381093832,1,45
1314,580,0.5840834969920806,0.06880025526604494,-51.52832417260357,3,157
1315,580,0.42897049938329707,0.04539243985289865,-38.35780595303984,32,319
1316,580,0.4904378696557545,0.0673617846678946,-42.30760849878599,11,94
1317,580,0.5262303627739123,0.06252183026022139,-46.37085325136909,12,66
1318,580,0.5101297016218649,0.05274087292749144,-45.73888286943735,11,241
1319,580,0.5014833767750966,0.06586840805638601,-43.56149687187106,13,93
1320,580,0.887586586480048,0.3914790348915408,-49.610755158850715,1,8
1321,580,0.8777302381090556,0.3946157276188217,-48.31145104902339,1,8
1322,580,0.8964977788580383,0.39423335200625687,-50.22644268517814,1,10
1323,580,0.924945935811052,0.39895451552328853,-52.59914202877635,1,8
1324,580,0.9053357402331295,0.38372671181909496,-52.16090284140344,1,11
1325,580,0.8647397792100686,0.40614399721079597,-45.85957819992726,1,1
1326,580,0.84324447887412,0.3959203202344778,-44.73241586396422,1,2
1327,580,0.8650078610082,0.4255821275314305,-43.942573347676955,1,1
1328,580,0.8547840938338692,0.41699859600964007,-43.778549782422914,1,2
1329,580,0.8647745985821833,0.40738359272011326,-45.739100586207,1,1
1330,580,0.8822405388535542,0.10208865541479394,-78.01518834387603,1,223
1331,580,0.8974764114069225,0.10482975525817742,-79.2646656148745,1,145
1332,580,0.8716934017150385,0.10745857172460867,-76.42348299904297,1,185
1333,580,0.8354430466045615,0.08869836115179498,-74.67446854527665,1,86
1334,580,0.8142174774939143,0.09259063897020663,-72.16268385237076,1,110
1335,580,0.9232679158105296,0.12997889294463522,-79.32890228658944,1,111
1336,580,0.8774224474472527,0.13584526394086702,-74.15771835063858,1,88
1337,580,0.8662224871881027,0.1312229215863375,-73.49995656017651,1,96
1338,580,0.9151597637269407,0.13605814621545653,-77.91016175114842,1,93
1339,580,0.9101872694026795,0.13545614757065513,-77.47311218320243,1,99
1340,580,0.8806505564847869,0.20727281290005903,-67.33777435847279,1,72
1341,580,0.8561200561585973,0.1967762334220248,-65.93438227365725,1,68
1342,580,0.8955587584798888,0.18855560251646605,-70.70031559634226,1,69
1343,580,0.8804784342702477,0.22181955714002802,-65.86588771302198,1,76
1344,580,0.8829423558717541,0.22661986084510333,-65.63224950266508,1,72
1345,580,0.8686663760535817,0.42244891766255427,-44.621745839102736,1,1
1346,580,0.8696123944117062,0.4119035461800778,-45.770884823162845,1,1
1347,580,0.8524008619910689,0.4377946270975288,-41.460623489354006,1,1
1348,580,0.8772435955689785,0.4326438874040441,-44.45997081649344,1,1
1349,580,0.8791275133393929,0.43410951636170986,-44.5017996977683,1,1
1350,582,0.9190361497863607,0.14778989351107957,-77.1246256275281,1,28
1351,582,0.926549128394043,0.16944465572636416,-75.71044726676789,1,17
1352,582,0.9297761594189472,0.15049454872705542,-77.92816106918919,1,19
1353,582,0.9354771210323739,0.15472440274068722,-78.07527182916867,1,14
1354,582,0.9252537619221357,0.1541288595403632,-77.11249023817726,1,29
1355,582,0.8222239834803546,0.19834956313221613,-62.38744203481386,1,16
1356,582,0.7923216286567465,0.19539607780673576,-59.692555085001075,1,26
1357,582,0.792321543513052,0.19888240673545543,-59.34391367775965,1,17
1358,582,0.7569306716325432,0.16749337366889164,-58.94372979636516,1,84
1359,582,0.729597233402942,0.10380297422788944,-62.57942591750526,1,31
1360,582,0.20011725946695402,0.15461614150623734,-4.550111796071668,1,1
1361,582,0.1814187409637505,0.10392448439228509,-7.74942565714654,1,11
1362,582,0.1722492808899894,0.08954093244333727,-8.270834844665211,4,10
1363,582,0.26300489544298233,0.10572467479497782,-15.72802206480045,1,6
1364,582,0.2583956382292553,0.1381739133214069,-12.022172490784842,1,1
1365,582,0.9569808212538727,0.1213191217774631,-83.56616994764097,1,51
1366,582,0.9547359967450098,0.11990154956635271,-83.48344471786571,1,7
1367,582,0.9614896242933355,0.1190095438055982,-84.24800804877373,1,8
1368,582,0.9495231906776082,0.12059324310122362,-82.89299475763845,1,21
1369,582,0.9575093017984491,0.11604525692525015,-84.1464044873199,1,24
1370,582,0.9148509104324736,0.09136661945648378,-82.34842909759898,1,48
1371,582,0.9151267297086432,0.10915260631265494,-80.59741233959883,1,53
1372,582,0.9206229901500091,0.09630733899422884,-82.43156511557802,1,49
1373,582,0.9177314488840761,0.087729780893256,-83.00016679908201,1,66
1374,582,0.9052394159811833,0.10635996905133019,-79.88794469298531,1,33
1375,582,0.8902102990229677,0.15722025369102166,-73.2990045331946,1,26
1376,582,0.8939692881738496,0.18556471449322925,-70.84045736806203,1,8
1377,582,0.8986133153274585,0.1544858202159961,-74.41274951114623,1,25
1378,582,0.921147197868801,0.16583395965539377,-75.5313238213407,1,11
1379,582,0.9205500829599058,0.14865418775529937,-77.18958952046064,1,63
1380,582,0.8361892485213193,0.13255716903012743,-70.36320794911919,1,3
1381,582,0.8267633539533378,0.13049908722461506,-69.62642667287227,1,13
1382,582,0.8684145984510214,0.13664887560304972,-73.17657228479717,1,9
1383,582,0.8401246636607483,0.1348409546477689,-70.52837090129795,1,12
1384,582,0.893236933734245,0.16777211162424085,-72.54648221100041,1,14
1385,582,0.8750108313628965,0.1315166783267671,-74.34941530361294,1,74
1386,582,0.8909173566596574,0.13701935405178547,-75.3898002607872,1,48
1387,582,0.8769486384855739,0.13880766424318777,-73.81409742423861,1,17
1388,582,0.9005468668072393,0.21974954630944793,-68.07973204977912,1,1
1389,582,0.877982807447108,0.13799306313928963,-73.99897443078184,1,29
1390,584,0.6463814936732712,0.04368262922239422,-60.26988644508771,1,71
1391,584,0.6500707765111026,0.0450370227387808,-60.503375377232175,1,58
1392,584,0.6885442326336262,0.04242182731949086,-64.61224053141353,1,78
1393,584,0.6297523050807141,0.04184745395101346,-58.79048511297007,1,107
1394,584,0.6929219173688922,0.050590572258389026,-64.23313451105031,1,14
1395,584,0.9435482722384843,0.08438747905540024,-85.9160793183084,1,1
1396,584,0.9249624588847165,0.06388965298751856,-86.10728058971979,1,12
1397,584,0.7310797746516221,0.06820057817135196,-66.28791964802701,1,4
1398,584,0.8873797826383664,0.05088253595140397,-83.64972466869624,1,23
1399,584,0.8686535084490284,0.05068155415829762,-81.79719542907307,1,22
1400,584,0.7071430645537419,0.028799928463027973,-67.8343136090714,1,614
1401,584,0.7261526446209283,0.027861600061529858,-69.82910445593986,1,763
1402,584,0.7140926274073554,0.027677976100419468,-68.64146513069359,1,771
1403,584,0.7446492482675419,0.025803840252862937,-71.88454080146789,1,1106
1404,584,0.7330982633629772,0.02782176115594946,-70.52765022070278,1,801
1405,584,0.7857079158934159,0.05200275209012045,-73.37051638032955,1,10
1406,584,0.7682873521235365,0.05144083498032332,-71.68465171432132,1,45
1407,584,0.7684727693912692,0.048662050669195045,-71.98107187220741,1,24
1408,584,0.6845976564019249,0.051178938200767576,-63.341871820115735,1,6
1409,584,0.7338281750533562,0.05085450537222397,-68.29736696811321,1,8
1410,584,0.8065017588671693,0.04015990219034742,-76.6341856676822,1,99
1411,584,0.8143601833977524,0.04421209079763216,-77.01480926001203,1,62
1412,584,0.8019225906959869,0.04091180140831272,-76.10107892876742,1,62
1413,584,0.8090619624437246,0.0352606798352958,-77.38012826084288,1,224
1414,584,0.7994378199124522,0.03471183069637075,-76.47259892160815,1,332
1415,584,0.967625374375804,0.08225269343018858,-88.53726809456154,1,1
1416,584,0.9698966355182413,0.06702579863248977,-90.28708368857515,1,44
1417,584,0.950097009585103,0.06293240961102708,-88.7164599974076,1,50
1418,584,0.9144731214404149,0.06328771787686335,-85.11854035635515,1,49
1419,584,0.9478997287223283,0.1582215402443458,-78.96781884779826,1,1
1420,584,0.25500052221585656,0.028173788370614388,-22.682673384524218,1,321
1421,584,0.39668600903669,0.03005364589237533,-36.66323631443147,1,128
1422,584,0.24277571931725586,0.026804337499503665,-21.597138181775218,5,675
1423,584,0.2609163124780108,0.027322120922916995,-23.35941915550938,1,504
1424,584,0.4390130078808977,0.029328563729956687,-40.968444415094105,1,174
1425,584,0.6893957412260004,0.06095878305154991,-62.84369581744505,1,2
1426,584,0.7193624060792657,0.046212900346827894,-67.31495057324378,1,21
1427,584,0.7369871073117542,0.047151709226491596,-68.98353980852626,1,14
1428,584,0.7087797448347547,0.04932323987963115,-65.94565049551235,1,11
1429,584,0.694878872853183,0.06334837902410367,-63.15304938290793,1,2
1430,586,1.0,0.1989506217034596,-80.10493782965405,1,2
1431,586,1.0,0.19755618269930808,-80.2443817300692,1,1
1432,586,1.0,0.200658285061702,-79.9341714938298,1,2
1433,586,1.0,0.13714362442864783,-86.28563755713522,1,13
1434,586,1.0,0.19168575864784382,-80.83142413521563,1,2
1435,586,1.0,0.2093819398917328,-79.06180601082671,1,1
1436,586,1.0,0.16065848042248235,-83.93415195775177,1,15
1437,586,1.0,0.14605699092193694,-85.39430090780631,1,61
1438,586,1.0,0.15411816454474733,-84.58818354552527,1,9
1439,586,1.0,0.17094107962221358,-82.90589203777864,1,7
1440,586,1.0,0.2582167574575092,-74.17832425424908,1,1
1441,586,1.0,0.0977037286592383,-90.22962713407617,1,2
1442,586,1.0,0.14094471688654261,-85.90552831134573,1,1
1443,586,1.0,0.08126738018377382,-91.87326198162262,1,18
1444,586,1.0,0.12073152457489929,-87.92684754251006,1,1
1445,586,1.0,0.04710696684124858,-95.28930331587515,1,628
1446,586,1.0,0.04618980871509456,-95.38101912849054,1,645
1447,586,1.0,0.04847993819335441,-95.15200618066456,1,580
1448,586,1.0,0.047075093751613,-95.2924906248387,1,614
1449,586,1.0,0.047560575604553755,-95.24394243954463,1,628
1450,586,1.0,0.22007528086175215,-77.99247191382479,1,2
1451,586,1.0,0.22663063896758598,-77.3369361032414,1,3
1452,586,1.0,0.17098737700121522,-82.90126229987848,1,2
1453,586,1.0,0.23859550994222245,-76.14044900577775,1,6
1454,586,1.0,0.24315879530170212,-75.68412046982978,1,4
1455,586,1.0,0.14098861153546502,-85.90113884645349,1,31
1456,586,1.0,0.12034400238084537,-87.96559976191546,1,31
1457,586,1.0,0.12814102329459773,-87.18589767054023,1,18
1458,586,1.0,0.14587535118309092,-85.41246488169091,1,29
1459,586,1.0,0.13957613493576965,-86.04238650642304,1,28
1460,586,1.0,0.25392998913825077,-74.60700108617493,1,1
1461,586,1.0,0.2444821541354706,-75.55178458645294,1,1
1462,586,1.0,0.26819645134880904,-73.18035486511909,1,1
1463,586,1.0,0.24961708774773075,-75.03829122522693,1,1
1464,586,1.0,0.19008178289934377,-80.99182171006562,1,1
1465,586,1.0,0.24910976367067528,-75.08902363293247,1,1
1466,586,1.0,0.2569126028996587,-74.30873971003413,1,1
1467,586,1.0,0.2606355004532345,-73.93644995467655,1,1
1468,586,1.0,0.25573316149314346,-74.42668385068565,1,1
1469,586,1.0,0.26759213286678457,-73.24078671332155,1,1
1470,588,0.9018272598444964,0.12719574010265805,-77.46315197418383,1,80
1471,588,0.8941484781785646,0.18141459143914315,-71.27338867394214,1,2
1472,588,0.892005827410191,0.12685290173798724,-76.51529256722037,1,30
1473,588,0.8908395619567007,0.19051529268787387,-70.03242692688268,1,2
1474,588,0.8884770706524344,0.12138562076099212,-76.70914498914424,1,86
1475,588,0.7929646486132246,0.03590264196794311,-75.70620066452814,1,428
1476,588,0.8060398769470898,0.037100552267972896,-76.89393246791168,1,283
1477,588,0.7923859455292599,0.03946982670720841,-75.29161188220515,1,232
1478,588,0.7956855341739616,0.03630101274541832,-75.93845214285433,1,638
1479,588,0.8014312883266784,0.03573237474008732,-76.56989135865912,1,821
1480,588,0.8411128856586304,0.1531291705687838,-68.79837150898466,1,2
1481,588,0.8512470036493182,0.18814253173818477,-66.31044719111334,1,1
1482,588,0.8708105308982909,0.15774790073456205,-71.30626301637288,1,1
1483,588,0.8730175538461133,0.15148673207760513,-72.15308217685083,1,2
1484,588,0.8296943953713143,0.16514408333484903,-66.45503120364653,1,1
1485,588,0.5926835965135314,0.13330155991631135,-45.93820365972201,1,101
1486,588,0.6041437732147368,0.13223012078852917,-47.19136524262076,1,95
1487,588,0.5436810189893698,0.13199166285838135,-41.168935613098846,1,50
1488,588,0.5672731327509213,0.13451115635960725,-43.276197639131404,1,72
1489,588,0.5711825028548452,0.1355418657178279,-43.56406371370173,1,22
1490,588,0.8620998273104533,0.11255751516022887,-74.95423121502245,1,83
1491,588,0.8662776070635183,0.10722576540148963,-75.90518416620287,1,73
1492,588,0.884684669337446,0.12186436003544929,-76.28203093019967,1,42
1493,588,0.8937108823403025,0.10523249756337694,-78.84783847769256,1,96
1494,588,0.8793121451223007,0.09697823559089,-78.23339095314107,1,14
1495,588,0.9434837864871087,0.14224516997620984,-80.1238616510899,1,5
1496,588,0.9747373741591182,0.13546881317792664,-83.92685609811916,1,44
1497,588,0.9494819989841056,0.16955328157238816,-77.99287174117174,1,1
1498,588,0.9789191079545784,0.1478444575048101,-83.10746504497682,1,30
1499,588,0.9680538708575974,0.14869086309614038,-81.93630077614571,1,28
1500,588,0.8974524300818146,0.06176316949275141,-83.56892605890633,1,150
1501,588,0.8748209182983169,0.0618704972200151,-81.29504210783017,1,158
1502,588,0.8895996077813416,0.06170588453927665,-82.7893723242065,1,137
1503,588,0.8947410616540079,0.06809879141065683,-82.66422702433512,1,65
1504,588,0.8866130779631807,0.06017248659294633,-82.64405913702345,1,126
1505,588,0.7816167897687634,0.1400653169920298,-64.15514727767335,1,87
1506,588,0.7661490773576736,0.14301328957792747,-62.31357877797461,1,105
1507,588,0.7904454710790944,0.14247996162726906,-64.79655094518253,1,107
1508,588,0.7763897703564681,0.14887994007239302,-62.750983028407504,1,30
1509,588,0.7582657097534856,0.14773325113675748,-61.05324586167281,1,26
1510,590,0.9880195823739587,0.38688720202219185,-60.113238035176686,1,2
1511,590,0.9798957786261447,0.40365584288251516,-57.62399357436296,1,8
1512,590,0.993483030741756,0.4423287604591683,-55.11542702825878,1,22
1513,590,1.0,0.4467782445567551,-55.322175544324494,1,25
1514,590,1.0,0.3454099330848275,-65.45900669151725,1,14
1515,590,1.0,0.03924177521261872,-96.07582247873813,1,422
1516,590,1.0,0.04191930620756775,-95.80806937924322,1,141
1517,590,1.0,0.0668702708756762,-93.31297291243239,1,105
1518,590,0.998217192594467,0.05023207367564946,-94.79851189188176,1,120
1519,590,0.9999122807017545,0.08334813418649227,-91.65641465152623,1,1
1520,590,0.9572256103893392,0.230886229880376,-72.63393805089632,1,1
1521,590,0.9798421983686849,0.2915591570103674,-68.82830413583176,1,1
1522,590,0.9569890038919406,0.3164531029690493,-64.05359009228913,1,1
1523,590,0.9302768372798683,0.3101533947761034,-62.01234425037649,1,1
1524,590,0.9147456547203903,0.31624303078810806,-59.85026239322821,1,1
1525,590,1.0,0.05337510656664527,-94.66248934333548,1,324
1526,590,1.0,0.05256483074518195,-94.74351692548181,1,339
1527,590,1.0,0.06389442831192418,-93.61055716880759,1,155
1528,590,1.0,0.12420385897590734,-87.57961410240927,1,60
1529,590,1.0,0.0662575218742546,-93.37424781257454,1,137
1530,590,0.9982216985496118,0.3897413552777896,-60.84803432718222,1,1
1531,590,0.9980524321224863,0.3178461355491703,-68.0206296573316,1,2
1532,590,0.9964003672028696,0.07259004708290177,-92.3810320119968,1,17
1533,590,0.9954683361656187,0.28606617363384107,-70.94021625317777,1,1
1534,590,0.9943429276286093,0.3800442120440062,-61.42987155846031,1,2
1535,590,0.997899526121325,0.31942835320059654,-67.84711729207285,1,1
1536,590,0.9898034333909669,0.33865229630097937,-65.11511370899875,1,1
1537,590,0.9984548292363972,0.24872655260906976,-74.97282766273274,1,1
1538,590,0.9996487518317377,0.2622219561485049,-73.74267956832328,1,2
1539,590,0.9998666627158738,0.20262093673817097,-79.72457259777028,1,5
1540,590,1.0,0.0837428591438718,-91.62571408561281,1,27
1541,590,1.0,0.08886573870536822,-91.11342612946318,1,25
1542,590,1.0,0.06549930601279308,-93.45006939872069,1,48
1543,590,1.0,0.13170963000456729,-86.82903699954328,1,2
1544,590,1.0,0.08773204956430099,-91.2267950435699,1,26
1545,592,0.8242301856964745,0.22784384877239552,-59.63863369240791,1,1
1546,592,0.8763842976836309,0.07248380873464634,-80.39004889489846,1,1
1547,592,0.8539436357680955,0.07172711118390475,-78.22165245841907,1,1
1548,592,0.8445006060489416,0.12384681959520664,-72.0653786453735,1,1
1549,592,0.8669104639190244,0.15095500120913674,-71.59554627098876,1,1
1550,592,0.99269632368752,0.03397559411125055,-95.87207295762695,1,33
1551,592,0.9875709006470366,0.058560129248059416,-92.90107713989771,1,1
1552,592,0.9341785643100005,0.12006617562378427,-81.41123886862161,1,1
1553,592,0.9524295273109111,0.04963270011341695,-90.27968271974942,1,2
1554,592,1.0,0.056099708899439556,-94.39002911005603,1,2
1555,592,0.4993379981590566,0.06181694876775482,-43.75210493913018,1,13
1556,592,0.5668251624646469,0.0722554542769726,-49.456970818767424,1,1
1557,592,0.5831036273482486,0.024209746912833043,-55.88938804354156,1,433
1558,592,0.5765252262624614,0.028408771977968456,-54.811645428449296,1,214
1559,592,0.5714816256007517,0.0255947149466794,-54.588691065407225,1,348
1560,592,0.8530336957817394,0.11268015070809873,-74.03535450736408,1,15
1561,592,0.8565210945554423,0.06648096272057011,-79.00401318348722,1,21
1562,592,0.8597168073718391,0.15269715044229265,-70.70196569295464,1,10
1563,592,0.8600127305786325,0.15287021306999066,-70.7142517508642,1,8
1564,592,0.8318065295627227,0.08512537756524459,-74.6681151997478,1,12
1565,592,1.0,0.025642281322710868,-97.43577186772892,1,688
1566,592,0.9968642445341196,0.02799295303405697,-96.88712915000626,1,269
1567,592,0.8978208895263399,0.07735128135605963,-82.04696081702802,1,87
1568,592,0.8873354874659843,0.028841001607808135,-85.84944858581763,1,329
1569,592,0.9558901345416727,0.09536024718023559,-86.0529887361437,1,69
1570,592,0.9040083308073621,0.056640114931566586,-84.73682158757954,1,1
1571,592,0.9057446941421211,0.03197308187710431,-87.37716122650167,1,1
1572,592,0.902926826996515,0.08280564146308633,-82.01211855334287,1,1
1573,592,0.916128589843732,0.161726319814619,-75.44022700291131,1,1
1574,592,0.9202999065684894,0.09239366497622256,-82.79062415922668,1,1
1575,594,0.9499466576937897,0.04750983105716993,-90.24368266366199,1,903
1576,594,0.9459158956034794,0.05328987835251235,-89.26260172509672,1,622
1577,594,0.9230398450743333,0.06337199986136367,-85.96678452129697,1,382
1578,594,0.9052386254448349,0.06672727377419262,-83.85113516706423,1,381
1579,594,0.9085681926165174,0.06218759283407195,-84.63805997824456,1,440
1580,594,1.0,0.07750345122207863,-92.24965487779212,1,185
1581,594,1.0,0.07761524482606207,-92.2384755173938,1,106
1582,594,1.0,0.07875598697405208,-92.12440130259479,1,59
1583,594,1.0,0.07789483266930003,-92.21051673307,1,102
1584,594,1.0,0.0782024463425291,-92.1797553657471,1,85
1585,594,0.8524430612224873,0.07598555721840473,-77.64575040040825,1,95
1586,594,0.8769059766862669,0.07528666082855577,-80.16193158577111,1,120
1587,594,0.8685827865395847,0.07446037444005353,-79.41224120995312,1,114
1588,594,0.8883887331901595,0.08020989461969014,-80.81788385704694,1,71
1589,594,0.9062381926988589,0.07630296346139726,-82.99352292374616,1,94
1590,594,0.9469989536757248,0.08716964734211757,-85.98293063336074,1,33
1591,594,0.9525732209408371,0.0872425792796343,-86.53306416612028,1,33
1592,594,0.9462136558900182,0.09615132823601338,-85.00623276540048,1,6
1593,594,0.933122155605422,0.08834207297140367,-84.47800826340183,1,23
1594,594,0.9264303335818931,0.0868873083265215,-83.95430252553716,1,70
1595,594,1.0,0.05112982513962207,-94.88701748603779,1,278
1596,594,1.0,0.058350569048419676,-94.16494309515804,1,187
1597,594,1.0,0.06013199370249081,-93.98680062975092,1,137
1598,594,1.0,0.054470789470924194,-94.55292105290758,1,201
1599,594,1.0,0.0545659433132604,-94.54340566867397,1,220
1600,594,0.8346963741615555,0.07447562209787954,-76.0220752063676,1,230
1601,594,0.8959053732657556,0.07379498211907115,-82.21103911466845,1,269
1602,594,0.9015855016564148,0.07610039907581503,-82.54851025805998,1,184
1603,594,0.9254388537947419,0.07399834591234586,-85.1440507882396,1,262
1604,594,0.8687248812504873,0.07573406173682966,-79.29908195136576,1,1
1605,594,0.730681476659153,0.05553880028685055,-67.51426763723025,1,7
1606,594,0.7325612504388522,0.04436907123422748,-68.81921792046248,1,178
1607,594,0.7754327500716357,0.04233361283434247,-73.30991372372932,1,220
1608,594,0.9127574373150482,0.04214486032042532,-87.06125769946229,1,226
1609,594,0.7892299287146265,0.037923078844979974,-75.13068498696465,1,354
1610,596,0.9857395515294785,0.13428017249730426,-85.14593790321742,1,191
1611,596,0.9896070996944679,0.13442741106371686,-85.5179688630751,1,164
1612,596,0.9757297433683381,0.11844604775333283,-85.72836956150053,1,221
1613,596,0.9734869076859799,0.12481177815137408,-84.86751295346058,1,208
1614,596,0.9781501632192999,0.12213979413786635,-85.60103690814336,1,206
1615,596,0.7300922827010126,0.3730134781822725,-35.707880451874004,1,1
1616,596,0.6905676438078016,0.7262670083000307,3.56993644922291,1,1
1617,596,0.7605861497586006,0.5876008043537322,-17.29853454048684,1,1
1618,596,0.7243100593421743,0.4712797234795334,-25.30303358626409,1,1
1619,596,0.6991048663056761,0.5090623272034996,-19.00425391021765,1,1
1620,596,0.9960302823970111,0.6539701079514453,-34.20601744455658,1,1
1621,596,0.9871160693957635,0.6302140340506754,-35.690203534508804,1,1
1622,596,0.9567563865358274,0.6232385070743801,-33.351787946144725,1,1
1623,596,0.9492768393592824,0.6263723059445137,-32.290453341476876,1,1
1624,596,0.9701793484028525,0.5663347056123174,-40.38446427905351,1,1
1625,596,0.9760922485485118,0.15341272040441942,-82.26795281440924,1,46
1626,596,0.9798292586631443,0.15899293865481334,-82.08363200083309,1,52
1627,596,0.9948842615368985,0.19692374356825637,-79.7960517968642,1,56
1628,596,0.9987318144695873,0.2586332851798515,-74.00985292897357,1,29
1629,596,0.9989635892713318,0.3061967624389642,-69.27668268323676,1,14
1630,596,0.9706104613634637,0.5275682432995162,-44.30422180639475,1,1
1631,596,0.9727017346214111,0.31321593803744585,-65.94857965839653,1,37
1632,596,0.9780778122486111,0.4705372811021395,-50.75405311464716,1,1
1633,596,0.9868742840249505,0.4390668932139226,-54.780739081102794,1,1
1634,596,0.9802430243094865,0.43126948440602675,-54.89735399034598,1,1
1635,596,0.9925733480896426,0.6155380457866232,-37.70353023030194,1,1
1636,596,0.9897883424268188,0.5174556505875346,-47.233269183928414,1,20
1637,596,1.0,0.5618114060375311,-43.81885939624689,1,1
1638,596,1.0,0.6732335160698074,-32.676648393019256,1,1
1639,596,1.0,0.6738890274924463,-32.61109725075537,1,1
1640,596,0.9406350763810727,0.6412207911385995,-29.941428524247314,1,1
1641,596,0.9834579225874985,0.6764501388204714,-30.700778376702708,1,1
1642,596,0.9861658836643099,0.630395876604123,-35.577000706018694,1,1
1643,596,0.9702609528570016,0.6467741799058846,-32.348677295111706,1,1
1644,596,0.9654635033908374,0.6017603304724032,-36.37031729184342,1,1
1645,596,1.0,0.4073841827741983,-59.26158172258017,1,1
1646,596,1.0,0.5425981825529413,-45.740181744705865,1,1
1647,596,1.0,0.4659915552292668,-53.40084447707332,1,1
1648,596,1.0,0.4780586324910518,-52.19413675089481,1,1
1649,596,1.0,0.5791301120499309,-42.08698879500691,1,1
1650,598,1.0,0.023734916416813526,-97.62650835831865,1,184
1651,598,1.0,0.025274343310929433,-97.47256566890705,1,198
1652,598,1.0,0.028688398007816675,-97.13116019921834,1,126
1653,598,1.0,0.022324948989065382,-97.76750510109346,1,213
1654,598,1.0,0.019580267321228063,-98.0419732678772,1,293
1655,598,0.7941643677035626,0.028658817677890837,-76.55055500256718,1,542
1656,598,0.8371388146109695,0.023306481537732727,-81.38323330732368,1,1349
1657,598,0.8106809386199313,0.020495177372147667,-79.01857612477836,1,743
1658,598,0.64270543789395,0.02200138399428529,-62.07040538996647,1,354
1659,598,0.8023177755947125,0.02448689453032008,-77.78308810643925,1,87
1660,598,0.7601687963870128,0.016801593079569577,-74.33672033074433,1,105
1661,598,0.7352806211285652,0.059757951353213906,-67.55226697753513,1,17
1662,598,0.7545068414927824,0.04770652709247633,-70.6800314400306,1,9
1663,598,0.7514848561381325,0.05922447126752414,-69.22603848706083,1,10
1664,598,0.639413854533014,0.02161682015505079,-61.77970343779632,1,23
1665,598,0.793934535289418,0.04258744567606582,-75.13470896133522,1,20
1666,598,0.7335787538928743,0.06070414378103888,-67.28746101118355,1,9
1667,598,0.7682939793405832,0.029243155155641697,-73.90508241849415,1,6
1668,598,0.686226331738907,0.028163582135353624,-65.80627496035534,1,49
1669,598,0.7518160017604284,0.02742754652508758,-72.43884552353408,1,57
1670,598,0.7332288089993068,0.024613499956460134,-70.86153090428466,1,202
1671,598,0.7813676694298154,0.024825724273009935,-75.65419451568054,1,262
1672,598,0.7901466629435479,0.025027306543348185,-76.51193564001997,1,294
1673,598,0.7889007646136473,0.0249778838724121,-76.39228807412353,1,286
1674,598,0.7954452066923625,0.025200472009766706,-77.02447346825959,1,297
1675,600,0.9998412698412699,0.04301460274697012,-95.68266670942998,1,280
1676,600,0.99972049689441,0.04900143280222583,-95.07190640921841,1,139
1677,600,1.0,0.03925882079877905,-96.07411792012209,1,393
1678,600,0.999264080630263,0.04593126708390197,-95.3332813546361,1,183
1679,600,0.9996620583717358,0.14243951112622133,-85.72225472455145,1,1
1680,600,0.9990026954177897,0.05777422912110091,-94.12284662966889,1,84
1681,600,0.9985592185592186,0.05143446548218768,-94.71247530770309,1,95
1682,600,0.9890065139627544,0.06601267025284636,-92.2993843709908,1,72
1683,600,0.998808256567278,0.054768526326123175,-94.40397302411549,1,92
1684,600,0.9640099640974412,0.02191506547047048,-94.20948986269707,1,1747
1685,600,1.0,0.08481174726539599,-91.51882527346041,1,1
1686,600,1.0,0.09595727123763563,-90.40427287623643,1,84
1687,600,1.0,0.09299897847408789,-90.70010215259121,1,1
1688,600,1.0,0.0802904510924477,-91.97095489075522,1,1
1689,600,1.0,0.0856953571116691,-91.4304642888331,1,1
1690,600,1.0,0.08564963447966685,-91.43503655203331,1,70
1691,600,1.0,0.09231937803458427,-90.76806219654158,1,21
1692,600,0.9990028371044952,0.08588525518379904,-91.31175819206962,1,44
1693,600,0.9988877187484193,0.08556236661342016,-91.33253521349991,1,44
1694,600,0.8752955886799412,0.08802721571796228,-78.7268372961979,1,92
1695,600,1.0,0.11000863346549189,-88.9991366534508,1,1
1696,600,1.0,0.0604153842077882,-93.95846157922118,1,104
1697,600,1.0,0.0639599511551072,-93.60400488448929,1,103
1698,600,1.0,0.0734611727254314,-92.65388272745686,1,21
1699,600,0.9997802197802197,0.09167696768088973,-90.810325209933,1,4
1700,600,0.9999675324675324,0.09257224243919435,-90.7395290028338,1,10
1701,600,0.9994670614359734,0.04460707500073384,-95.48599864352396,1,168
1702,600,0.9992857142857143,0.061490278024964484,-93.779543626075,1,21
1703,600,0.9992857142857143,0.041456540626385326,-95.78291736593289,1,288
1704,600,1.0,0.048141456977899566,-95.18585430221005,1,84
1705,600,0.9993838687467463,0.06878031955832582,-93.06035491884205,1,15
1706,600,0.9991755622938913,0.06512013734548978,-93.40554249484015,1,6
1707,600,0.9999354317998385,0.06438123139434042,-93.5554200405498,1,16
1708,600,0.998956977183653,0.0731218106079534,-92.58351665756996,1,34
1709,600,0.9968913771821292,0.07212575342551678,-92.47656237566125,1,34
1710,600,1.0,0.031340664370513756,-96.86593356294863,1,1179
1711,600,1.0,0.031331309740321986,-96.8668690259678,1,1179
1712,600,1.0,0.0312475690443697,-96.87524309556304,1,1219
1713,600,1.0,0.031866853927291675,-96.81331460727083,1,774
1714,600,1.0,0.031655310297032495,-96.83446897029675,1,909
