query_index,identity,control_ap,candidate_ap,delta_ap_points,control_first_rank,candidate_first_rank
0,502,0.4195329593120815,0.4198593196470711,0.032636033498961714,1,1
1,502,0.3998152571581745,0.39998117934847804,0.016592219030353572,1,1
2,502,0.41861280752853497,0.41900632015443096,0.039351262589598646,1,1
3,502,0.4021303705332623,0.4023623619260093,0.023199139274704406,1,1
4,502,0.4071260882556749,0.4075008598509576,0.03747715952826525,1,1
5,502,0.28045794741390634,0.2804618539948908,0.0003906580984480712,1,1
6,502,0.29625298773979786,0.2962625886809824,0.0009600941184517708,1,1
7,502,0.2914984325837349,0.2915007595270883,0.00023269433533923412,1,1
8,502,0.3116567506328515,0.31165943283324193,0.0002682200390458078,1,1
9,502,0.3372795569568485,0.33730065916201074,0.0021102205162215615,1,1
10,502,0.6467801343239171,0.6467658526974008,-0.001428162651628817,1,1
11,502,0.6158866224130991,0.615837200122015,-0.004942229108406693,1,1
12,502,0.5980378008079265,0.5980767504364103,0.003894962848383088,1,1
13,502,0.6531370094643049,0.6530731596357034,-0.0063849828601414416,1,1
14,502,0.6401357633418933,0.6401201557020368,-0.0015607639856418665,1,1
15,502,0.6282251679720133,0.6282369896215168,0.0011821649503418463,1,1
16,502,0.6312116557888334,0.6312337422901222,0.0022086501288764993,1,1
17,502,0.632966490557042,0.6329975691639094,0.0031078606867351866,1,1
18,502,0.6282463006475135,0.628254726088919,0.0008425441405446321,1,1
19,502,0.6320327925129282,0.6320500524732078,0.0017259960279569775,1,1
20,502,0.7355616516949437,0.7355780086433085,0.0016356948364770751,1,1
21,502,0.7290565613843529,0.7291152261158579,0.005866473150495377,1,1
22,502,0.7333174880356947,0.7333940128691362,0.0076524833441449225,1,1
23,502,0.7501379597685552,0.750163988804289,0.0026029035733787786,1,1
24,502,0.76650896058563,0.7665201483694185,0.001118778378850216,1,1
25,502,0.8561425536118109,0.8561624446845079,0.001989107269695367,1,1
26,502,0.8230149206214317,0.8229959857837686,-0.001893483766302051,1,1
27,502,0.8168907164220303,0.8168907164220303,0.0,1,1
28,502,0.8280146286582486,0.8280313936580874,0.001676499983882529,1,1
29,502,0.815567138853034,0.815567138853034,0.0,1,1
30,502,0.6983914459984477,0.6983532441417062,-0.003820185674152654,1,1
31,502,0.6547850934287148,0.6548352308885691,0.005013745985427143,1,1
32,502,0.6763613439054569,0.6764102081531183,0.004886424766137321,1,1
33,502,0.6847585361326414,0.6847528109010477,-0.0005725231593700641,1,1
34,502,0.6511997887312595,0.6512141699638305,0.0014381232571025748,1,1
35,502,0.8715382204152853,0.8715382204152853,0.0,1,1
36,502,0.8871811715552732,0.8871342917357264,-0.004687981954676346,1,1
37,502,0.885959258786263,0.8859401587265562,-0.0019100059706844696,1,1
38,502,0.855187495336263,0.8551384438739217,-0.004905146234135405,1,1
39,502,0.899390428118188,0.899390428118188,0.0,1,1
40,504,0.8149074786408166,0.8149074786408166,0.0,1,1
41,504,0.7589700497705589,0.7589700497705589,0.0,1,1
42,504,0.7781711516952047,0.7782490737731268,0.007792207792212125,1,1
43,504,0.7902571111921052,0.7902064588937663,-0.005065229833889351,1,1
44,504,0.7593846353809252,0.7593282458194508,-0.005638956147435703,1,1
45,504,0.5198703736399266,0.5198056368062396,-0.006473683368701799,1,1
46,504,0.5286559638250886,0.5285616520755101,-0.009431174957852395,1,1
47,504,0.5253137072047609,0.5252813827887576,-0.003232441600331537,1,1
48,504,0.5438075846281769,0.5437529928509371,-0.005459177723976527,1,1
49,504,0.5339651574661038,0.5338845706186907,-0.008058684741318878,1,1
50,504,0.9063802652732508,0.9062032187694598,-0.017704650379102294,1,1
51,504,0.8919976147218192,0.89163585369453,-0.03617610272891314,1,1
52,504,0.8790963099799721,0.8787454030351411,-0.03509069448309754,1,1
53,504,0.888569749560848,0.8884312356599893,-0.013851390085872772,1,1
54,504,0.8744521608813729,0.8741383867207366,-0.031377416063627095,1,1
55,504,0.9172024589222224,0.9171487294658381,-0.005372945638426607,1,1
56,504,0.9108104197707572,0.9108104197707572,0.0,1,1
57,504,0.9386142889198432,0.9386142889198432,0.0,1,1
58,504,0.9300978210379016,0.9300978210379016,0.0,1,1
59,504,0.9134585919424052,0.9134369688286768,-0.0021623113728441723,1,1
60,504,0.9986162451164569,0.9986162451164569,0.0,1,1
61,504,0.9995577382573583,0.9995577382573583,0.0,1,1
62,504,0.9987816509796662,0.9987816509796662,0.0,1,1
63,504,0.9997780484829586,0.9997780484829586,0.0,1,1
64,504,0.9992440112376122,0.9992440112376122,0.0,1,1
65,504,0.9702398436357758,0.9702398436357758,0.0,1,1
66,504,0.9645574931646528,0.9645574931646528,0.0,1,1
67,504,0.9700305383233778,0.9700028522005728,-0.0027686122805015145,1,1
68,504,0.9703551383843114,0.9703551383843114,0.0,1,1
69,504,0.972733255829391,0.972733255829391,0.0,1,1
70,504,0.9743874213402066,0.9743874213402066,0.0,1,1
71,504,0.9743874213402066,0.9743874213402066,0.0,1,1
72,504,0.974197997504374,0.974197997504374,0.0,1,1
73,504,0.9744613960119857,0.9744613960119857,0.0,1,1
74,504,0.9745345885000385,0.9745345885000385,0.0,1,1
75,506,0.9373096159274868,0.9373512254156972,0.0041609488210303525,1,1
76,506,0.964261965279159,0.9642815683720507,0.0019603092891729013,1,1
77,506,0.9322891300941366,0.9320954497914595,-0.019368030267707947,1,1
78,506,0.9093095087846976,0.9092564925211573,-0.005301626354037303,1,1
79,506,0.9108841525462023,0.9108403649162077,-0.004378762999457386,1,1
80,506,0.8798252108667638,0.8796869573252241,-0.013825354153973457,1,1
81,506,0.8832310012926493,0.8830858248470678,-0.014517644558154075,1,1
82,506,0.8693138890002727,0.8687697301398842,-0.05441588603884995,1,1
83,506,0.8697383002271437,0.8693033906467553,-0.043490958038838734,1,1
84,506,0.8494359898414401,0.8491279894904519,-0.030800035098821343,1,1
85,506,0.870615365258634,0.8707251425846169,0.010977732598282941,1,1
86,506,0.8757666375613005,0.8759022670218162,0.013562946051570712,1,1
87,506,0.8617112136460943,0.8618010070798728,0.00897934337785733,1,1
88,506,0.866790232659947,0.8669329902162599,0.014275755631287801,1,1
89,506,0.8627423864758476,0.8628300341873738,0.008764771152625084,1,1
90,506,0.829041367978864,0.8291734545904368,0.013208661157282364,1,1
91,506,0.8173508732201713,0.8174426448260059,0.009177160583462296,1,1
92,506,0.8182262104726087,0.8185581281543794,0.033191768177076586,1,1
93,506,0.811132960066308,0.8111511215562099,0.0018161489901968864,1,1
94,506,0.8149780584867505,0.8150036110664909,0.002555257974035108,1,1
95,506,0.1468128797129737,0.14671588340978217,-0.009699630319151553,17,17
96,506,0.21716228894315237,0.2171444841575553,-0.0017804785597069772,7,7
97,506,0.17837402066662195,0.17832435951851172,-0.004966114811022493,16,16
98,506,0.21663285270180935,0.2166398181058408,0.0006965404031444855,13,13
99,506,0.31400599013799496,0.3136742332994338,-0.03317568385611813,1,1
100,506,0.8767126883194178,0.8769035441739665,0.019085585454869936,1,1
101,506,0.8700213850003556,0.8702323715467473,0.021098654639162273,1,1
102,506,0.8994147658830416,0.8995397793787269,0.012501349568527775,1,1
103,506,0.8970563125716168,0.8970940466899229,0.003773411830609863,1,1
104,506,0.8960910335809061,0.8962161084606249,0.01250748797188006,1,1
105,506,0.8544821326825968,0.8545207312735098,0.003859859091304152,1,1
106,506,0.8628906655884153,0.862921705287054,0.003103969863871292,1,1
107,506,0.8680235237902012,0.8680392574900163,0.0015733699815112523,1,1
108,506,0.8640585525508462,0.864067252483701,0.0008699932854794312,1,1
109,506,0.8803792013635982,0.8804147915387275,0.0035590175129329715,1,1
110,506,0.8007175326049136,0.8008940597801676,0.01765271752539599,1,1
111,506,0.7967536321012743,0.797055562311826,0.0301930210551693,1,1
112,506,0.7947828007643576,0.7950780008346007,0.02952000702430846,1,1
113,506,0.7982824611770454,0.7984789948196352,0.019653364258986894,1,1
114,506,0.7913523306452005,0.7915596120608448,0.020728141564430036,1,1
115,508,0.6089120041889856,0.6089416060490002,0.0029601860014549786,1,1
116,508,0.5912558883690993,0.5914280868572408,0.01721984881415395,1,1
117,508,0.6071100070180722,0.606878578199902,-0.023142881817017624,1,1
118,508,0.6334036109020325,0.6334220973426129,0.001848644058044524,1,1
119,508,0.6535867585785698,0.6535108562087629,-0.007590236980692389,1,1
120,508,0.9290196905939245,0.9290068080690294,-0.0012882524895174718,1,1
121,508,0.9203659000947817,0.9203237316242308,-0.004216847055094064,1,1
122,508,0.9255253003404198,0.9255445949562525,0.0019294615832721185,1,1
123,508,0.9350682288642851,0.9349707812485586,-0.009744761572649807,1,1
124,508,0.92536044592001,0.9253507661041879,-0.0009679815822116744,1,1
125,508,0.8606548125664069,0.860413219126453,-0.024159343995389104,1,1
126,508,0.955855978534895,0.9558004491902901,-0.005552934460495429,1,1
127,508,0.9490300506453722,0.9489708270764837,-0.00592235688884335,1,1
128,508,0.9103848087908643,0.9102328087708598,-0.015200002000448354,1,1
129,508,0.926046417125497,0.9258833412630344,-0.016307586246255834,1,1
130,508,0.849103490671935,0.8489984078193274,-0.010508285260757422,1,1
131,508,0.8526939899409548,0.8527246571597029,0.0030667218748114955,1,1
132,508,0.8435974107809112,0.8436028515739609,0.0005440793049649173,1,1
133,508,0.8336332775721392,0.8336362137077536,0.0002936135614417523,1,1
134,508,0.8584335203473026,0.8584750238927924,0.004150354548981827,1,1
135,508,0.9239081580285947,0.9238655158582583,-0.004264217033644879,1,1
136,508,0.9234459448686961,0.9234068639030765,-0.003908096561966445,1,1
137,508,0.9183101861575966,0.9180052957755818,-0.03048903820148663,1,1
138,508,0.9053660790353122,0.9051120185781695,-0.025406045714271297,1,1
139,508,0.9310302341551006,0.9309698729480218,-0.006036120707875181,1,1
140,508,0.8501769723822703,0.8502887970526448,0.011182467037451627,1,1
141,508,0.7903965975464353,0.7904443970335082,0.004779948707289705,1,1
142,508,0.8740640624433816,0.874123053124067,0.005899068068537794,1,1
143,508,0.7140701322517377,0.7141485633201912,0.007843106845351056,1,1
144,508,0.7746630242920557,0.7748297039906786,0.01666796986229402,1,1
145,508,0.7065825165709343,0.7064798222548049,-0.010269431612941471,1,1
146,508,0.6860676658015388,0.6860578951699352,-0.0009770631603567281,1,1
147,508,0.7048581037012404,0.7047828117798328,-0.007529192140753871,1,1
148,508,0.701738509847806,0.701707552361348,-0.003095748645798313,1,1
149,508,0.7009686101974759,0.7009535852883901,-0.0015024909085781246,1,1
150,508,0.8395620805022784,0.8396372239293841,0.007514342710568389,1,1
151,508,0.8663858516629396,0.866431930732186,0.004607906924647409,1,1
152,508,0.8769901710897173,0.8770271486944768,0.003697760475951384,1,1
153,508,0.8824809666736402,0.8825056219514107,0.002465527777051335,1,1
154,508,0.8981937013516589,0.8982531705658432,0.005946921418431561,1,1
155,510,0.5428922631811748,0.5428743268397666,-0.0017936341408231193,1,1
156,510,0.5464116340313512,0.546398387632427,-0.001324639892419377,1,1
157,510,0.5357954068645232,0.535706862929804,-0.008854393471924293,1,1
158,510,0.5233289232975387,0.5232905211587451,-0.0038402138793580676,1,1
159,510,0.5200921079757596,0.5200765803940834,-0.0015527581676111346,1,1
160,510,0.4240720569639959,0.42411087499333067,0.003881802933475287,1,1
161,510,0.3739271323684774,0.37377923084593495,-0.014790152254245958,1,1
162,510,0.36843830785584714,0.36898182391568024,0.05435160598331046,1,1
163,510,0.4553007674554041,0.45516162293395657,-0.013914452144753175,1,1
164,510,0.4485615800622999,0.44901087145845653,0.04492913961566258,1,1
165,510,0.14955931650874438,0.14939310548218476,-0.016621102655961506,26,26
166,510,0.17970430314490637,0.17944360854507846,-0.026069459982791532,22,22
167,510,0.14831615475608345,0.14799573447019465,-0.032042028588880056,26,26
168,510,0.1927172424503766,0.19225084415687893,-0.046639829349767736,24,24
169,510,0.18315492815007142,0.1834790038971679,0.0324075747096475,19,19
170,510,0.6461290341246053,0.6460396063894048,-0.008942773520048686,1,1
171,510,0.6693728884553738,0.6693300420923268,-0.004284636304696665,1,1
172,510,0.6550741567874575,0.655040177440916,-0.0033979346541479494,1,1
173,510,0.6422704907537988,0.6422989696412791,0.00284788874802544,1,1
174,510,0.6523991508510065,0.6523883606016776,-0.0010790249328929136,1,1
175,510,0.5763486025246181,0.5761566014844236,-0.019200104019445607,1,1
176,510,0.5362089033464484,0.5360853567887756,-0.012354655767288225,1,1
177,510,0.5729455143894977,0.5727125948715122,-0.023291951798554145,1,1
178,510,0.5193675936661377,0.5190778300610253,-0.028976360511245858,1,1
179,510,0.5441139815555208,0.5438110233238569,-0.03029582316639301,1,1
180,510,0.7746040190678605,0.7746492053180457,0.004518625018523625,1,1
181,510,0.6971231173585971,0.6972090702859445,0.008595292734736582,1,1
182,510,0.6531647493962687,0.6531582140308556,-0.0006535365413062877,1,1
183,510,0.8113652911793822,0.8114677462948734,0.010245511549122899,1,1
184,510,0.8147240140670708,0.814648405619821,-0.007560844724985305,1,1
185,510,0.3042782190663554,0.3042513576725202,-0.002686139383517583,1,1
186,510,0.2944027961444808,0.2943436646803532,-0.005913146412755976,1,1
187,510,0.26327295635705705,0.2627047822315763,-0.05681741254807693,1,1
188,510,0.2890521274180455,0.2888421301854834,-0.0209997232562098,1,1
189,510,0.19916821085903713,0.19873070918617292,-0.04375016728642156,3,3
190,510,0.7224842214355146,0.7225303845106339,0.004616307511928763,1,1
191,510,0.7359632080035908,0.7360974178679452,0.013420986435441762,1,1
192,510,0.7722126500563491,0.7723047505818381,0.009210052548902503,1,1
193,510,0.7214588133104658,0.7216490299252205,0.01902166147547124,1,1
194,510,0.7274917144887252,0.7276435574209127,0.0151842932187507,1,1
195,512,0.4378746303850849,0.4378746303850849,0.0,1,1
196,512,0.5425271088869578,0.5428798425730248,0.03527336860670305,1,1
197,512,0.44974520940451496,0.4503435000028056,0.05982905982906406,1,1
198,512,0.5474804525797622,0.5477627106442783,0.028225806451609436,1,1
199,512,0.3636920790673939,0.3637993587608805,0.010727969348656163,16,16
200,512,0.8487231681368326,0.8487231681368326,0.0,1,1
201,512,0.8469362928678827,0.8469362928678827,0.0,1,1
202,512,0.8762066377781448,0.8762765258480326,0.006988806988783569,1,1
203,512,0.8214068015430371,0.8214068015430371,0.0,1,1
204,512,0.8236830742237451,0.8237401811577737,0.005710693402860567,1,1
205,512,0.9233383700296001,0.9235808501385749,0.024248010897487404,1,1
206,512,0.8910208237945078,0.8908886916623756,-0.013213213213214559,1,1
207,512,0.97485226292074,0.97485226292074,0.0,1,1
208,512,0.9150096910887606,0.9152407235679924,0.023103247923172976,1,1
209,512,0.8892061976509552,0.8892061976509552,0.0,1,1
210,512,0.3779490728742886,0.37824906916726087,0.029999629297228214,1,1
211,512,0.3489434683480048,0.34920909604917133,0.026562770116650425,1,1
212,512,0.3044940111383606,0.30457416481010563,0.00801536717450202,3,3
213,512,0.36980178872803754,0.3699251150141545,0.012332628611694263,1,1
214,512,0.46754574157634476,0.46766580669640995,0.012006512006518255,1,1
215,514,0.9894654356968318,0.9894654356968318,0.0,1,1
216,514,0.9331998023900496,0.9331258176558597,-0.007398473418995799,1,1
217,514,0.9474882591483902,0.9475420465442886,0.0053787395898452495,1,1
218,514,0.9033874958841068,0.9033084593201193,-0.007903656398755565,1,1
219,514,0.9132663925894495,0.9133632914107433,0.009689882129382266,1,1
220,514,1.0,1.0,0.0,1,1
221,514,1.0,1.0,0.0,1,1
222,514,1.0,1.0,0.0,1,1
223,514,0.9992881495150728,0.9992569435106072,-0.00312060044656004,1,1
224,514,0.9980711166533554,0.9980711166533554,0.0,1,1
225,514,0.9997456410992323,0.9997456410992323,0.0,1,1
226,514,0.9994963599623972,0.9994963599623972,0.0,1,1
227,514,0.9985808230293775,0.9985808230293775,0.0,1,1
228,514,0.9999354317998385,0.9999354317998385,0.0,1,1
229,514,1.0,1.0,0.0,1,1
230,514,1.0,1.0,0.0,1,1
231,514,1.0,1.0,0.0,1,1
232,514,1.0,1.0,0.0,1,1
233,514,1.0,1.0,0.0,1,1
234,514,1.0,1.0,0.0,1,1
235,514,0.9999675324675324,0.9999675324675324,0.0,1,1
236,514,0.9995488721804512,0.9995488721804512,0.0,1,1
237,514,0.9996911196911197,0.9996911196911197,0.0,1,1
238,514,0.9998723064644852,0.9999036918138042,0.0031385349319013045,1,1
239,514,0.9998723064644852,0.9998723064644852,0.0,1,1
240,514,1.0,1.0,0.0,1,1
241,514,0.9812321363319273,0.9812607077604988,0.0028571428571488866,1,1
242,514,1.0,1.0,0.0,1,1
243,514,0.9981239450977255,0.9981239450977255,0.0,1,1
244,514,0.9793376714757325,0.9793376714757325,0.0,1,1
245,514,0.9592311685532997,0.9592539573294526,0.0022788776152915524,1,1
246,514,0.9803428558395071,0.9803428558395071,0.0,1,1
247,514,0.9800088538273605,0.9800088538273605,0.0,1,1
248,514,0.9829050353550701,0.9829323577594418,0.002732240437164357,1,1
249,514,0.980121547737504,0.980121547737504,0.0,1,1
250,514,0.9962596160838298,0.9962596160838298,0.0,1,1
251,514,0.997691559648823,0.997691559648823,0.0,1,1
252,514,0.9909882879623011,0.9909509429441264,-0.0037345018174650413,1,1
253,514,0.9896103182375076,0.9896103182375076,0.0,1,1
254,514,0.9944072771777922,0.9944072771777922,0.0,1,1
255,516,1.0,1.0,0.0,1,1
256,516,1.0,1.0,0.0,1,1
257,516,1.0,1.0,0.0,1,1
258,516,1.0,1.0,0.0,1,1
259,516,0.9918495295997409,0.9918495295997409,0.0,1,1
260,516,0.9882460719049201,0.9880663267674284,-0.017974513749163812,1,1
261,516,0.9266009942243378,0.9266009942243378,0.0,1,1
262,516,0.9316643541435778,0.9316643541435778,0.0,1,1
263,516,0.8976344421644814,0.8976344421644814,0.0,1,1
264,516,0.9064389169691137,0.9064389169691137,0.0,1,1
265,516,1.0,1.0,0.0,1,1
266,516,1.0,1.0,0.0,1,1
267,516,1.0,1.0,0.0,1,1
268,516,1.0,1.0,0.0,1,1
269,516,1.0,1.0,0.0,1,1
270,516,1.0,1.0,0.0,1,1
271,516,1.0,1.0,0.0,1,1
272,516,1.0,1.0,0.0,1,1
273,516,1.0,1.0,0.0,1,1
274,516,1.0,1.0,0.0,1,1
275,518,0.9438279588473724,0.9434036840527087,-0.042427479466367046,1,1
276,518,0.9306000047496018,0.9308154192848417,0.02154145352398773,1,1
277,518,0.9800677591004074,0.9802215289416774,0.015376984126991289,1,1
278,518,0.9859367993409515,0.9862977473947458,0.036094805379438544,1,1
279,518,0.988308175020577,0.988308175020577,0.0,1,1
280,518,0.9573832748672675,0.9574020943130978,0.0018819445830264847,1,1
281,518,0.9449212160284094,0.9448455114110337,-0.007570461737571588,1,1
282,518,0.893482412407253,0.8934573870661866,-0.002502534106640919,1,1
283,518,0.891804813492881,0.8917116638749003,-0.009314961798068122,1,1
284,518,0.8785275589611927,0.8784316272966389,-0.009593166455379443,1,1
285,518,1.0,1.0,0.0,1,1
286,518,1.0,1.0,0.0,1,1
287,518,1.0,1.0,0.0,1,1
288,518,1.0,1.0,0.0,1,1
289,518,1.0,1.0,0.0,1,1
290,518,0.6885605326945905,0.6887775107862174,0.021697809162690707,1,1
291,518,0.721700708575938,0.7223724089919411,0.06717004160030626,1,1
292,518,0.7727329521806312,0.773149345924383,0.04163937437517973,1,1
293,518,0.7813640363175547,0.7816316382526164,0.026760193506170094,1,1
294,518,0.8826141577102554,0.8830148980311759,0.04007403209205229,1,1
295,518,0.9759111338461456,0.9756221847760405,-0.02889490701051267,1,1
296,518,0.9912033906091854,0.9912033906091854,0.0,1,1
297,518,0.9966663107948945,0.9966663107948945,0.0,1,1
298,518,0.9888530423208806,0.9886604719324029,-0.019257038847764196,1,1
299,518,0.9078158478411317,0.9075372541006432,-0.0278593740488442,1,1
300,520,0.9924839690998283,0.9924839690998283,0.0,1,1
301,520,1.0,1.0,0.0,1,1
302,520,0.999823980481004,0.999823980481004,0.0,1,1
303,520,1.0,1.0,0.0,1,1
304,520,0.9999114054451803,0.9999114054451803,0.0,1,1
305,520,1.0,1.0,0.0,1,1
306,520,1.0,1.0,0.0,1,1
307,520,1.0,1.0,0.0,1,1
308,520,1.0,1.0,0.0,1,1
309,520,1.0,1.0,0.0,1,1
310,520,1.0,1.0,0.0,1,1
311,520,1.0,1.0,0.0,1,1
312,520,1.0,1.0,0.0,1,1
313,520,1.0,1.0,0.0,1,1
314,520,1.0,1.0,0.0,1,1
315,520,1.0,1.0,0.0,1,1
316,520,1.0,1.0,0.0,1,1
317,520,1.0,1.0,0.0,1,1
318,520,1.0,1.0,0.0,1,1
319,520,1.0,1.0,0.0,1,1
320,520,1.0,1.0,0.0,1,1
321,520,1.0,1.0,0.0,1,1
322,520,1.0,1.0,0.0,1,1
323,520,1.0,1.0,0.0,1,1
324,520,1.0,1.0,0.0,1,1
325,520,1.0,1.0,0.0,1,1
326,520,1.0,1.0,0.0,1,1
327,520,1.0,1.0,0.0,1,1
328,520,1.0,1.0,0.0,1,1
329,520,1.0,1.0,0.0,1,1
330,520,1.0,1.0,0.0,1,1
331,520,1.0,1.0,0.0,1,1
332,520,1.0,1.0,0.0,1,1
333,520,1.0,1.0,0.0,1,1
334,520,1.0,1.0,0.0,1,1
335,522,0.3629548707723223,0.3627538828140631,-0.020098795825918003,1,1
336,522,0.3175419250446516,0.3173571261637318,-0.01847988809198231,1,1
337,522,0.3515418582162846,0.3514178554138215,-0.01240028024631079,1,1
338,522,0.3084660128659945,0.3084869550314115,0.0020942165416981684,1,1
339,522,0.3041681447767574,0.3039935357571846,-0.01746090195728356,1,1
340,522,0.6527259409726542,0.6527135911640078,-0.0012349808646394678,1,1
341,522,0.5701928791349337,0.5704036214053055,0.021074227037187754,1,1
342,522,0.49554891021464187,0.49557537139826857,0.002646118362670258,1,1
343,522,0.5121417909255968,0.5122034876153143,0.0061696689717560815,1,1
344,522,0.5717322046900284,0.5718005989317309,0.0068394241702463,1,1
345,522,0.8333401833302664,0.833341079480122,8.961498556558922e-05,1,1
346,522,0.8241515114069389,0.8241612084266003,0.0009697019661469852,1,1
347,522,0.8256310657252498,0.8255990437549132,-0.003202197033658205,1,1
348,522,0.8464453727867055,0.8464474390341028,0.00020662473972921092,1,1
349,522,0.8403389193369807,0.8403420690703111,0.0003149733330376492,1,1
350,522,0.6850025852926298,0.6842858170956576,-0.07167681969721951,1,1
351,522,0.6227838559839198,0.621938217448913,-0.0845638535006854,1,1
352,522,0.5715592794432802,0.5710555732524926,-0.05037061907876561,1,1
353,522,0.7466596892353815,0.7462553254594362,-0.04043637759453267,1,1
354,522,0.7735377492236309,0.7733187025263991,-0.021904669723182835,1,1
355,522,0.7321590163302635,0.7322198935952866,0.006087726502312929,1,1
356,522,0.6567685857400577,0.6568208230889477,0.00522373488900385,1,1
357,522,0.7136317709402236,0.7137224606531487,0.00906897129251405,1,1
358,522,0.545605592987589,0.5456984603984231,0.009286741083402994,1,1
359,522,0.5170542585094079,0.5172043009101802,0.015004240077232112,1,1
360,522,0.7460284353996264,0.7459957113345151,-0.0032724065111233713,1,1
361,522,0.7313060438623353,0.7312985915472492,-0.0007452315086142747,1,1
362,522,0.743340390439666,0.7432725482488439,-0.006784219082212051,1,1
363,522,0.7405211613148998,0.7405084033786715,-0.0012757936228235955,1,1
364,522,0.7261353881030196,0.7261453648747344,0.0009976771714770294,1,1
365,522,0.960065794174346,0.9600438556898564,-0.002193848448961422,1,1
366,522,0.9506375434156482,0.950614652895481,-0.0022890520167240247,1,1
367,522,0.9225103112493003,0.9224045155109203,-0.01057957383799879,1,1
368,522,0.9069432860101029,0.9068083588236618,-0.013492718644103618,1,1
369,522,0.9567980042425958,0.9567760657581064,-0.0021938484489392174,1,1
370,524,0.7816377398646195,0.7817558791148927,0.011813925027326366,1,1
371,524,0.7689996252369099,0.7690412807678508,0.004165553094093166,1,1
372,524,0.7820756605791072,0.7821417266036687,0.006606602456149524,1,1
373,524,0.8066059949244471,0.8066240956457732,0.001810072132613083,1,1
374,524,0.8018973616377288,0.8019332642322832,0.003590259455432676,1,1
375,524,0.9604916941827158,0.9605329827066069,0.004128852389106985,1,1
376,524,0.9618374188874139,0.9618374188874139,0.0,1,1
377,524,0.9432067931058701,0.9432146164599307,0.0007823354060576548,1,1
378,524,0.9397441231693872,0.9397519871184691,0.0007863949081921007,1,1
379,524,0.9612703594075476,0.9612703594075476,0.0,1,1
380,524,0.984451491485081,0.9844179308514904,-0.0033560633590612454,1,1
381,524,0.8777810326774121,0.8777601474570078,-0.002088522040433194,1,1
382,524,0.9317570644281717,0.931708312858841,-0.004875156933070723,1,1
383,524,0.9504289095250554,0.9503712190337953,-0.005769049126014281,1,1
384,524,0.9970981007430113,0.9970371532565352,-0.006094748647611503,1,1
385,524,0.22726949385984777,0.22747470544327378,0.020521158342601264,26,25
386,524,0.26308129025973764,0.26336076129458014,0.027947103484249336,30,29
387,524,0.24041047342646768,0.24057144555428953,0.016097212782184567,51,51
388,524,0.22971921311824706,0.2298609425506689,0.014172943242185543,45,45
389,524,0.2570571392463041,0.257266822135654,0.020968288934991586,24,24
390,524,0.8764339819523453,0.8764349155201259,9.335677805255571e-05,1,1
391,524,0.8694375046630333,0.8694376179863944,1.1332336113945018e-05,1,1
392,524,0.8665147294987408,0.8666095750514308,0.009484555269001493,1,1
393,524,0.9051386529052344,0.9052362696351239,0.009761672988950476,1,1
394,524,0.8656835203221158,0.8655993942108057,-0.008412611131014547,1,1
395,524,0.9746452800269548,0.9746452800269548,0.0,1,1
396,524,0.9980447653650117,0.9980447653650117,0.0,1,1
397,524,0.9971292068770221,0.9971552216785472,0.0026014801525087172,1,1
398,524,0.9989557003781332,0.9989557003781332,0.0,1,1
399,524,0.9998723064644852,0.9998723064644852,0.0,1,1
400,524,0.807313071875658,0.8073949359562294,0.008186408057131445,1,1
401,524,0.837525841613861,0.8375789379443628,0.005309633050176732,1,1
402,524,0.8273629304768263,0.8273993153724034,0.0036384895577112886,1,1
403,524,0.7963161393033781,0.7964317545460088,0.011561524263070666,1,1
404,524,0.7454666670279878,0.7455587557101522,0.009208868216437072,1,1
405,524,0.933677932082974,0.9337470687104662,0.006913662749219451,1,1
406,524,0.9656767976078826,0.9656767976078826,0.0,1,1
407,524,0.914142275957923,0.9142333254407029,0.009104948277993685,1,1
408,524,0.9245218051411821,0.9246024795616521,0.008067442046999496,1,1
409,524,0.9264268016589342,0.9264642045266546,0.0037402867720359723,1,1
410,526,0.5803592867748244,0.5803592867748244,0.0,1,1
411,526,0.6075138144635627,0.6075138144635627,0.0,1,1
412,526,0.6109478429594677,0.6108935135647818,-0.005432939468585918,1,1
413,526,0.6162114546802383,0.6162114546802383,0.0,1,1
414,526,0.6192859971345702,0.6192522513527929,-0.003374578177728349,1,1
415,526,0.6452415154590301,0.6451788054926247,-0.006270996640533877,1,1
416,526,0.6480496964826088,0.6479046699909924,-0.01450264916164068,1,1
417,526,0.6220897483901546,0.6220235156159861,-0.006623277416850648,1,1
418,526,0.6333565927819713,0.6332791153044938,-0.007747747747754996,1,1
419,526,0.6212526771147759,0.6212526771147759,0.0,1,1
420,526,1.0,1.0,0.0,1,1
421,526,1.0,1.0,0.0,1,1
422,526,1.0,1.0,0.0,1,1
423,526,1.0,1.0,0.0,1,1
424,526,1.0,1.0,0.0,1,1
425,528,0.943039503928464,0.943155099411316,0.01155954828520045,1,1
426,528,0.9373354753836647,0.9373354753836647,0.0,1,1
427,528,0.9197681837101894,0.9203000849203998,0.05319012102104059,1,1
428,528,0.9354799931014312,0.9357396834850155,0.025969038358431007,1,1
429,528,0.9205647271098595,0.9208341071652733,0.02693800554137704,1,1
430,528,0.9711394665968301,0.9712874587413663,0.014799214453620202,1,1
431,528,0.9686099708238813,0.9688551160101584,0.02451451862770515,1,1
432,528,0.992410222787153,0.9925414801564526,0.013125736929964216,1,1
433,528,0.9675217629007314,0.967699800510117,0.017803760938550628,1,1
434,528,0.978606584571684,0.97892802303385,0.03214384621659239,1,1
435,528,0.9766732392992541,0.9766741229426308,8.836433766923335e-05,1,1
436,528,0.9759116585719709,0.9759624522227646,0.005079365079363463,1,1
437,528,0.9816443723411366,0.9817454633493324,0.010109100819588601,1,1
438,528,0.982540304235578,0.9825944397505952,0.005413551501720626,1,1
439,528,0.973394738150048,0.9734904808623078,0.009574271225987196,1,1
440,528,0.9431111306949382,0.9430825718618253,-0.0028558833112923843,1,1
441,528,0.9452601667930467,0.9452601667930467,0.0,1,1
442,528,0.9463680088343184,0.9463241276007227,-0.00438812335956662,1,1
443,528,0.9530592331307044,0.9530592331307044,0.0,1,1
444,528,0.9584555003931473,0.9584555003931473,0.0,1,1
445,528,0.998757466880517,0.998757466880517,0.0,1,1
446,528,0.9977811455889897,0.9977364153681343,-0.004473022085538236,1,1
447,528,0.9979183723737454,0.9979183723737454,0.0,1,1
448,528,0.9985323806454655,0.9985323806454655,0.0,1,1
449,528,0.997154452191965,0.9971131171828881,-0.004133500907688159,1,1
450,528,1.0,1.0,0.0,1,1
451,528,1.0,1.0,0.0,1,1
452,528,1.0,1.0,0.0,1,1
453,528,1.0,1.0,0.0,1,1
454,528,1.0,1.0,0.0,1,1
455,528,0.7988997098758462,0.7990409951983846,0.014128532253832038,1,1
456,528,0.7981435391780083,0.7984414053993817,0.029786622137339958,1,1
457,528,0.792892780595011,0.793162293223981,0.02695126289700145,1,1
458,528,0.8094513863214025,0.8097207793947475,0.02693930733450589,1,1
459,528,0.8007895770461007,0.8013083417721828,0.051876472608214375,1,1
460,530,0.76069473628602,0.7606225080555956,-0.007222823042440929,1,1
461,530,0.7552833443266742,0.755272641985537,-0.0010702341137203142,1,1
462,530,0.7491102746255297,0.7491229106291784,0.0012636003648647254,1,1
463,530,0.8174188498747842,0.8174188498747842,0.0,1,1
464,530,0.8187052188427297,0.8186825612391047,-0.002265760362507585,1,1
465,530,1.0,1.0,0.0,1,1
466,530,1.0,1.0,0.0,1,1
467,530,1.0,1.0,0.0,1,1
468,530,1.0,1.0,0.0,1,1
469,530,1.0,1.0,0.0,1,1
470,530,1.0,1.0,0.0,1,1
471,530,1.0,1.0,0.0,1,1
472,530,0.9999114054451803,0.9999114054451803,0.0,1,1
473,530,0.9999114054451803,0.9999114054451803,0.0,1,1
474,530,1.0,1.0,0.0,1,1
475,530,1.0,1.0,0.0,1,1
476,530,1.0,1.0,0.0,1,1
477,530,1.0,1.0,0.0,1,1
478,530,1.0,1.0,0.0,1,1
479,530,1.0,1.0,0.0,1,1
480,530,0.9581348060661397,0.958213823597456,0.007901753131633882,1,1
481,530,0.9557522080140063,0.9558812655914858,0.012905757747949664,1,1
482,530,0.9201315329066976,0.9201880985632632,0.005656565656564361,1,1
483,530,0.9359979604765314,0.9361083948124311,0.011043433589974505,1,1
484,530,0.9524004797625321,0.9525314275960136,0.013094783348155392,1,1
485,530,1.0,1.0,0.0,1,1
486,530,1.0,1.0,0.0,1,1
487,530,1.0,1.0,0.0,1,1
488,530,1.0,1.0,0.0,1,1
489,530,1.0,1.0,0.0,1,1
490,530,0.8627986530231084,0.8629169451329818,0.011829210987335248,1,1
491,530,0.8736109235369988,0.8736366129084749,0.0025689371476178557,1,1
492,530,0.8572719677397337,0.857291837803471,0.0019870063737270627,1,1
493,530,0.7955398026298636,0.7956904708206313,0.015066819076769988,1,1
494,530,0.8245736835251155,0.8247314627691481,0.015777924403259647,1,1
495,532,0.9878621415699669,0.98799375510245,0.013161353248314356,1,1
496,532,0.9951715003131938,0.9952339945750586,0.0062494261864776135,1,1
497,532,0.9915700737851105,0.9915700737851105,0.0,1,1
498,532,0.9989727209698877,0.9989727209698877,0.0,1,1
499,532,1.0,1.0,0.0,1,1
500,532,0.7970264313285941,0.7971422307328885,0.011579940429440327,1,1
501,532,0.7350799883865983,0.7351013443433537,0.002135595675545332,1,1
502,532,0.8197763065752773,0.8198326975894189,0.005639101414156578,1,1
503,532,0.7852068038023947,0.7852170998089486,0.0010296006553889292,1,1
504,532,0.7152829032019575,0.7153601244460974,0.007722124413989118,1,1
505,532,0.9065826938328618,0.9065648192843897,-0.001787454847212988,1,1
506,532,0.9257672703291279,0.9256613514940624,-0.010591883506549937,1,1
507,532,0.9138252396092142,0.9137438593475219,-0.008138026169235424,1,1
508,532,0.9206710503529956,0.9205666088737582,-0.010444147923738267,1,1
509,532,0.9384200048895475,0.9383178337334555,-0.010217115609201244,1,1
510,532,0.8623463611271209,0.862315314873191,-0.003104625392991167,1,1
511,532,0.9047148588636981,0.9047625237860754,0.004766492237728848,1,1
512,532,0.8773040268408034,0.8772578058297725,-0.004622101103091136,1,1
513,532,0.9474780763283437,0.9474323602880015,-0.0045716040342203,1,1
514,532,0.938562342930764,0.9385966784203366,0.003433548957254562,1,1
515,532,0.9736831323557082,0.9736252893576473,-0.005784299806099735,1,1
516,532,0.9843329826708487,0.9843419815212664,0.0008998850417718529,1,1
517,532,0.9763799346110573,0.9763799346110573,0.0,1,1
518,532,0.9861196308536115,0.9861196308536115,0.0,1,1
519,532,0.9833776242613237,0.9833776242613237,0.0,1,1
520,532,1.0,1.0,0.0,1,1
521,532,0.9960673987092521,0.9960673987092521,0.0,1,1
522,532,0.9959965133806343,0.9959965133806343,0.0,1,1
523,532,0.9993603269329047,0.9993603269329047,0.0,1,1
524,532,0.9950590826272783,0.9950590826272783,0.0,1,1
525,532,0.9676687403520269,0.9676687403520269,0.0,1,1
526,532,0.9569296020002457,0.9569513446686051,0.002174266835941463,1,1
527,532,0.9573168077096015,0.9573168077096015,0.0,1,1
528,532,0.9704013578566589,0.970432070957136,0.003071310047708664,1,1
529,532,0.9601427708425618,0.9601666514395768,0.002388059701496914,1,1
530,532,0.8441364923228489,0.8440732616358615,-0.006323068698743661,1,1
531,532,0.8645097995938086,0.8644813173872437,-0.002848220656492817,1,1
532,532,0.8610652481113994,0.8609692975016628,-0.009595060973655034,1,1
533,532,0.8713619476711406,0.8712788228228127,-0.008312484832795342,1,1
534,532,0.859493113085836,0.8594863782603638,-0.0006734825472198835,1,1
535,534,1.0,1.0,0.0,1,1
536,534,1.0,1.0,0.0,1,1
537,534,1.0,1.0,0.0,1,1
538,534,1.0,1.0,0.0,1,1
539,534,1.0,1.0,0.0,1,1
540,534,1.0,1.0,0.0,1,1
541,534,1.0,1.0,0.0,1,1
542,534,1.0,1.0,0.0,1,1
543,534,1.0,1.0,0.0,1,1
544,534,1.0,1.0,0.0,1,1
545,534,1.0,1.0,0.0,1,1
546,534,1.0,1.0,0.0,1,1
547,534,1.0,1.0,0.0,1,1
548,534,1.0,1.0,0.0,1,1
549,534,1.0,1.0,0.0,1,1
550,534,1.0,1.0,0.0,1,1
551,534,1.0,1.0,0.0,1,1
552,534,1.0,1.0,0.0,1,1
553,534,1.0,1.0,0.0,1,1
554,534,1.0,1.0,0.0,1,1
555,534,1.0,1.0,0.0,1,1
556,534,1.0,1.0,0.0,1,1
557,534,1.0,1.0,0.0,1,1
558,534,1.0,1.0,0.0,1,1
559,534,1.0,1.0,0.0,1,1
560,534,1.0,1.0,0.0,1,1
561,534,1.0,1.0,0.0,1,1
562,534,1.0,1.0,0.0,1,1
563,534,1.0,1.0,0.0,1,1
564,534,1.0,1.0,0.0,1,1
565,534,1.0,1.0,0.0,1,1
566,534,1.0,1.0,0.0,1,1
567,534,1.0,1.0,0.0,1,1
568,534,1.0,1.0,0.0,1,1
569,534,1.0,1.0,0.0,1,1
570,536,0.5269441492432974,0.5268978813336186,-0.004626790967876548,1,1
571,536,0.5194816774784724,0.5196815355923853,0.019985811391287633,1,1
572,536,0.5284625464722822,0.5285590144954081,0.00964680231259063,1,1
573,536,0.49939607195422125,0.49918031576030825,-0.021575619391300815,1,1
574,536,0.514493270379956,0.5146784133352085,0.018514295525251523,1,1
575,536,0.2534646305258732,0.2534646305258732,0.0,88,88
576,536,0.2561127135581414,0.2561127135581414,0.0,76,76
577,536,0.2578670042134361,0.2578670042134361,0.0,83,83
578,536,0.24971436745908562,0.24969511404966477,-0.0019253409420855183,74,74
579,536,0.25442655380771034,0.25442307070077896,-0.00034831069313789875,86,86
580,536,0.7347286983302475,0.7349220796728666,0.019338134261914774,1,1
581,536,0.7316578262004039,0.732177025298717,0.05191990983131056,1,1
582,536,0.759019075923839,0.7592442219549093,0.022514603107026687,1,1
583,536,0.7289915325174817,0.7291363670196618,0.014483450218005789,1,1
584,536,0.7386248964231822,0.7388189139346563,0.01940175114740761,1,1
585,536,0.5233484977698145,0.5232194706886955,-0.01290270811190597,1,1
586,536,0.5338902579997307,0.5337778632546878,-0.011239474504287639,1,1
587,536,0.5463919239281547,0.5464998709052991,0.010794697714433532,1,1
588,536,0.5803237928948487,0.5803944504271576,0.007065753230894867,1,1
589,536,0.575815203858797,0.5759170028710172,0.010179901222018284,1,1
590,538,0.8473192899554018,0.8477214828466426,0.04021928912407713,1,1
591,538,0.7963152722120929,0.7966006283039646,0.028535609187174682,1,1
592,538,0.7976362863379448,0.7979579938710214,0.03217075330765873,1,1
593,538,0.7466180200412179,0.7470394522953131,0.04214322540951887,1,1
594,538,0.7901557264279797,0.7904146453380965,0.02589189101167566,1,1
595,538,0.6948203194914478,0.6949358612137388,0.011554172229100157,1,1
596,538,0.912585298017959,0.9131219553144296,0.05366572964706773,1,1
597,538,0.6439724450220322,0.6446014556061277,0.06290105840954796,1,1
598,538,0.6884410325362674,0.6895886696696147,0.11476371333473123,1,1
599,538,0.7057571180171115,0.7063133970666114,0.055627904949995255,1,1
600,538,0.574487795099969,0.5757912518322119,0.1303456732242969,1,1
601,538,0.8774235879425526,0.8783178299440897,0.08942420015370933,1,1
602,538,0.8851518091927697,0.8851608689262233,0.0009059733453553598,1,1
603,538,0.9056295653017865,0.9057400597613231,0.011049445953659198,1,1
604,538,0.9999675324675324,0.9999675324675324,0.0,1,1
605,538,0.9160702181441213,0.9160874625063317,0.0017244362210400155,1,1
606,538,0.9013637742866615,0.9015301782987211,0.016640401205958444,1,1
607,538,0.9259724245996231,0.9259213445237355,-0.005108007588761065,1,1
608,538,0.9286592259060175,0.9286531829523882,-0.0006042953629270542,1,1
609,538,0.9291436599419363,0.9293008783477051,0.015721840576887747,1,1
610,538,0.9601728856583909,0.9602413743649387,0.006848870654785344,1,1
611,538,0.9622194212436592,0.9624166714112354,0.019725016757621283,1,1
612,538,0.9653626020809276,0.9655827130076604,0.02201109267327972,1,1
613,538,0.9553434838537138,0.9555533215889305,0.020983773521665583,1,1
614,538,0.9810013915708417,0.9811095510294655,0.010815945862385767,1,1
615,538,0.8474417172137292,0.84779879367652,0.03570764627908174,1,1
616,538,0.8550610615633399,0.8553440479014012,0.028298633806123075,1,1
617,538,0.8511464658246106,0.8514201590848357,0.0273693260225083,1,1
618,538,0.8364099660469274,0.8367055617134981,0.029559566657066938,1,1
619,538,0.8664783404021663,0.8667632132479617,0.028487284579536976,1,1
620,538,0.8923547287365932,0.8923497241915564,-0.0005004545036713104,1,1
621,538,0.8466207075046474,0.8466767933124048,0.005608580775740002,1,1
622,538,0.8058595580237259,0.8058882939377283,0.002873591400243125,1,1
623,538,0.8252131201042245,0.8252513603054753,0.0038240201250760997,1,1
624,538,0.8283967074747306,0.8285029222013899,0.010621472665928167,1,1
625,538,0.9370377872352548,0.9371093765241003,0.007158928884554161,1,1
626,538,0.9640355805678353,0.9640641373971458,0.0028556829310466547,1,1
627,538,0.9387827675925989,0.938832801747864,0.005003415526505517,1,1
628,538,0.9451890513020869,0.9453043710360137,0.011531973392686634,1,1
629,538,0.9507405659618002,0.950994083890008,0.02535179282077138,1,1
630,540,0.6226277968308225,0.6225110878230741,-0.011670900774840565,1,1
631,540,0.6002193836212748,0.6001919344223494,-0.0027449198925388885,1,1
632,540,0.5935469747747211,0.5935169826738067,-0.002999210091436666,1,1
633,540,0.6030011283414339,0.6029629836155194,-0.003814472591456841,1,1
634,540,0.6218912564215824,0.6217153726906204,-0.017588373096200094,1,1
635,540,0.5207994407295022,0.5205919254678036,-0.02075152616985987,1,1
636,540,0.5179009248027031,0.5176377730099355,-0.026315179276759082,1,1
637,540,0.4602373775418804,0.4599047760507069,-0.03326014911734787,1,1
638,540,0.2086989377755134,0.208576209756019,-0.012272801949439471,9,9
639,540,0.3735376818467382,0.37333376395689005,-0.020391788984813752,1,1
640,540,0.7173635108148789,0.7173857037860533,0.0022192971174339604,1,1
641,540,0.7244730028234553,0.7244651439489731,-0.0007858874482180589,1,1
642,540,0.7419836661214861,0.7419747007935499,-0.0008965327936261147,1,1
643,540,0.7405268256141239,0.7405406076546954,0.0013782040571563847,1,1
644,540,0.7368612582283246,0.7369671022801244,0.010584405179980827,1,1
645,540,0.49387000747223364,0.4936443479276681,-0.02256595445655485,1,1
646,540,0.798826378923229,0.7986151307270701,-0.021124819615891965,1,1
647,540,0.6717130790855806,0.6713350191550728,-0.03780599305078791,1,1
648,540,0.55757153371507,0.5574180367111892,-0.015349700388078702,1,1
649,540,0.5252176940430715,0.5251256125068271,-0.009208153624440385,1,1
650,540,0.9389847316940031,0.9389432820613365,-0.00414496326666125,1,1
651,540,0.9428356735776894,0.9430475408565833,0.021186727889388468,1,1
652,540,0.9587001390070804,0.9587748589333198,0.0074719926239419365,1,1
653,540,0.9013793490955985,0.9012333323715763,-0.01460167240221466,1,1
654,540,0.9369830239737059,0.937087414345955,0.010439037224907466,1,1
655,540,0.7730230941792913,0.7729850760790615,-0.0038018100229741947,1,1
656,540,0.7825208758302128,0.7824837751717926,-0.003710065842021937,1,1
657,540,0.8120849621727737,0.8120370749928332,-0.0047887179940531155,1,1
658,540,0.7900561590155001,0.7898741404019282,-0.01820186135719215,1,1
659,540,0.79366707142876,0.7936252339017105,-0.0041837527049559675,1,1
660,540,0.5868649124762623,0.5870056661903539,0.014075371409161264,1,1
661,540,0.6024133660604962,0.6025296688279452,0.01163027674490058,1,1
662,540,0.5787775879165681,0.5789418399322077,0.01642520156396321,1,1
663,540,0.6132001324088531,0.6134302258459261,0.02300934370730312,1,1
664,540,0.7268313235592908,0.7271937506246557,0.03624270653649342,1,1
665,540,0.06928759958607612,0.06931420066293731,0.002660107686118518,15,15
666,540,0.08979942982508914,0.08987908458111889,0.007965475602975114,13,12
667,540,0.12401573754684052,0.12430480437639665,0.02890668295561366,1,1
668,540,0.10516443883287291,0.1052721278340653,0.010768900119238756,1,1
669,540,0.09531845299989034,0.09539769693889436,0.007924393900402005,10,10
670,542,0.5073378759424534,0.5075785527309775,0.02406767885241301,1,1
671,542,0.4973764650538923,0.49749009013024015,0.011362507634782304,1,1
672,542,0.4845566153200868,0.4845498829065006,-0.0006732413586230113,1,1
673,542,0.4881518649991032,0.4882523083553545,0.010044335625131184,1,1
674,542,0.48265556550641625,0.4826976177259504,0.004205221953412774,1,1
675,542,0.7024003549083471,0.7021207298217754,-0.02796250865716443,1,1
676,542,0.6668997829140451,0.6660590982555229,-0.08406846585221617,1,1
677,542,0.6128426315756969,0.6125832426440261,-0.02593889316707676,1,1
678,542,0.4834896849142065,0.48365467351487657,0.016498860067004628,1,1
679,542,0.5792833672718667,0.5791984049952096,-0.008496227665710787,1,1
680,542,0.09154446752807055,0.09189025767949444,0.03457901514238859,19,19
681,542,0.10045762721623178,0.10052704172105867,0.006941450482689238,14,14
682,542,0.18191739440523405,0.18219613885270783,0.02787444474737777,1,1
683,542,0.12328878056641054,0.12349420036789074,0.02054198014802,5,5
684,542,0.10075006233027668,0.10080803509053435,0.005797276025766573,28,28
685,542,0.36667611803046735,0.36669119071781003,0.001507268734268763,1,1
686,542,0.36178297983269836,0.3617923089108292,0.0009329078130837498,1,1
687,542,0.3595129676909092,0.3595351138769636,0.002214618605439478,1,1
688,542,0.3648209229124188,0.3648419597221319,0.0021036809713104176,1,1
689,542,0.3666768090436937,0.36670079781791803,0.0023988774224326104,1,1
690,542,0.4293388144200797,0.42949174114122485,0.015292672114514128,1,1
691,542,0.5457651184919441,0.546534905156789,0.07697866648449514,1,1
692,542,0.6019967305811726,0.6028367448854751,0.08400143043024721,1,1
693,542,0.5822670544343251,0.5830821621719047,0.08151077375795346,1,1
694,542,0.6695307850479689,0.669378923513395,-0.015186153457391605,1,1
695,542,0.544700405664998,0.5433670623466477,-0.1333343318350333,1,1
696,542,0.5696185720772277,0.5683650719858369,-0.12535000913908023,1,1
697,542,0.7101380069151672,0.7099521723732408,-0.018583454192633297,1,1
698,542,0.6069326740400042,0.605322565248522,-0.16101087914821566,1,1
699,542,0.6314605861722757,0.6301299020939609,-0.13306840783148255,1,1
700,542,0.10299737822287841,0.10264004962298977,-0.035732859988864274,26,26
701,542,0.12045676780701527,0.12028635872068454,-0.01704090863307306,24,23
702,542,0.11718959170311924,0.11708362881737794,-0.010596288574130086,24,24
703,542,0.12362617065349601,0.1233567364323075,-0.02694342211885109,25,25
704,542,0.13914907872778182,0.13887828341326822,-0.027079531451359995,15,15
705,544,0.3244556150701576,0.32440430306298745,-0.005131200717012341,26,26
706,544,0.34604600247061196,0.34596340572048934,-0.008259675012262102,26,26
707,544,0.33230773298050487,0.33234376062651416,0.0036027646009295644,26,26
708,544,0.3756316311156917,0.37544052369099845,-0.01911074246932487,23,23
709,544,0.36750183282620347,0.36752501678243155,0.0023183956228078895,26,26
710,544,0.9174255628154437,0.917412612585321,-0.0012950230122710238,1,1
711,544,0.9285021499787914,0.9285110277456458,0.0008877766854320512,1,1
712,544,0.9107897279163448,0.9107800436645319,-0.0009684251812913658,1,1
713,544,0.9407922917767234,0.9408264233040423,0.0034131527318903565,1,1
714,544,0.9369624765487288,0.9369191058480756,-0.004337070065318915,1,1
715,544,0.887693470965191,0.887693470965191,0.0,1,1
716,544,0.9247690199925512,0.9247380918939905,-0.003092809856075629,1,1
717,544,0.9210839895008348,0.9209726918948837,-0.01112976059510773,1,1
718,544,0.8660724078541758,0.8660014461361552,-0.0070961718020678966,1,1
719,544,0.8400729146559531,0.8400539047005301,-0.0019009955423032743,1,1
720,544,1.0,1.0,0.0,1,1
721,544,0.9946766114753692,0.9946766114753692,0.0,1,1
722,544,0.9996135729111749,0.9996135729111749,0.0,1,1
723,544,0.9984931071770243,0.9984931071770243,0.0,1,1
724,544,0.9977888395069147,0.9977888395069147,0.0,1,1
725,544,0.9740998675715244,0.974010931231785,-0.008893633973949822,1,1
726,544,0.9656996174254603,0.9656378830985557,-0.006173432690459446,1,1
727,544,0.978633014042645,0.9786032647863764,-0.002974925626864078,1,1
728,544,0.9853516809182397,0.9853516809182397,0.0,1,1
729,544,0.9766470514463305,0.9765376529563166,-0.010939849001390112,1,1
730,544,0.9717832633943779,0.9717486752957132,-0.0034588098664745104,1,1
731,544,0.9941359032495379,0.9941359032495379,0.0,1,1
732,544,0.9802660201831569,0.9802660201831569,0.0,1,1
733,544,0.9831157634972219,0.9831157634972219,0.0,1,1
734,544,0.9940452636442345,0.9940723506134026,0.0027086969168088615,1,1
735,544,1.0,1.0,0.0,1,1
736,544,1.0,1.0,0.0,1,1
737,544,1.0,1.0,0.0,1,1
738,544,1.0,1.0,0.0,1,1
739,544,1.0,1.0,0.0,1,1
740,546,1.0,1.0,0.0,1,1
741,546,1.0,1.0,0.0,1,1
742,546,1.0,1.0,0.0,1,1
743,546,1.0,1.0,0.0,1,1
744,546,1.0,1.0,0.0,1,1
745,546,0.8511452815198571,0.8511452815198571,0.0,1,1
746,546,0.9102390056869433,0.910130050971247,-0.010895471569627446,1,1
747,546,0.9321244097563967,0.9321244097563967,0.0,1,1
748,546,0.9387113601464332,0.9387113601464332,0.0,1,1
749,546,0.9003402387518249,0.9000850853228549,-0.02551534289699786,1,1
750,546,0.9259699425053805,0.9265847933694846,0.06148508641041772,1,1
751,546,0.9002341278961078,0.9006233023220903,0.03891744259825192,1,1
752,546,0.9049556785123857,0.9051559907679528,0.02003122555671588,1,1
753,546,0.878130333621153,0.8782623128522667,0.013197923111374354,1,1
754,546,0.8835862438781644,0.8840856528740104,0.049940899584599574,1,1
755,546,0.7954513852352094,0.7954767646575738,0.002537942236435775,1,1
756,546,0.7845431777919205,0.7845724343773177,0.0029256585397208212,1,1
757,546,0.798869424235783,0.798891298902273,0.002187466648995162,1,1
758,546,0.7910618793395471,0.7911152938532575,0.005341451371043693,1,1
759,546,0.797022832919991,0.797022832919991,0.0,1,1
760,548,0.8292729265214038,0.8278222041227504,-0.14507223986534035,1,1
761,548,0.7405486626009207,0.7392182244675723,-0.13304381333483217,1,1
762,548,0.794240977819198,0.7939777332980045,-0.02632445211935286,1,1
763,548,0.7315273388053889,0.7305710185598522,-0.09563202455367126,1,1
764,548,0.7977162102554354,0.7964005882217994,-0.13156220336359992,1,1
765,548,0.10118407086133559,0.10111919580403897,-0.00648750572966178,294,295
766,548,0.1158893645124035,0.11578657045566979,-0.010279405673371822,257,259
767,548,0.1329805170944028,0.13278008996228793,-0.02004271321148776,188,188
768,548,0.13997297045689353,0.1398147316397049,-0.01582388171886273,160,161
769,548,0.15920385667348583,0.15909670219671862,-0.010715447676720724,182,182
770,548,0.625807698576418,0.6253289568167351,-0.04787417596829879,1,1
771,548,0.6144710419594084,0.6139621814567019,-0.05088605027064874,1,1
772,548,0.6090843709683497,0.6086321040038516,-0.04522669644980715,1,1
773,548,0.6106711225760787,0.6100088103431056,-0.06623122329730835,1,1
774,548,0.6176215385890181,0.6171360130815896,-0.04855255074285303,1,1
775,548,0.8751516180988138,0.8748142999344819,-0.03373181643319123,1,1
776,548,0.8758460735827059,0.8755217965964344,-0.032427698627157664,1,1
777,548,0.8321680314826692,0.8317753643620976,-0.03926671205715104,1,1
778,548,0.8470122544808956,0.846658690203164,-0.03535642777315884,1,1
779,548,0.8591058933131931,0.8588817376518074,-0.02241556613856721,1,1
780,548,0.7246519307257715,0.7244259311042682,-0.022599962150327002,1,1
781,548,0.7193942697489512,0.7192988053238764,-0.009546442507479824,1,1
782,548,0.7182695651994824,0.7180931948586211,-0.01763703408612649,1,1
783,548,0.7228223494651232,0.7226445449252218,-0.01778045399014605,1,1
784,548,0.7473256746790302,0.7466462503654253,-0.06794243136049039,1,1
785,548,0.5178404731340756,0.5156840628167748,-0.21564103173007387,1,1
786,548,0.5939617909852196,0.5926402147342902,-0.1321576250929435,1,1
787,548,0.37910091069340407,0.3763915001005602,-0.2709410592843853,4,4
788,548,0.6602879732924357,0.6590713809101864,-0.12165923822493596,1,1
789,548,0.49195869567467065,0.4907356802694355,-0.12230154052351727,1,1
790,550,0.5938287035736094,0.593294709413564,-0.053399416004540345,1,1
791,550,0.6286458147076316,0.627898585028193,-0.07472296794386324,1,1
792,550,0.6135612471564761,0.6132641871487734,-0.029706000770268748,1,1
793,550,0.66053620261743,0.6598229476161857,-0.07132550012443062,1,1
794,550,0.5791186259728023,0.578648954364642,-0.04696716081602492,1,1
795,550,0.6475577101919555,0.6475190144838668,-0.0038695708088676284,1,1
796,550,0.59472937746382,0.5946182650430725,-0.011111242074757222,1,1
797,550,0.6285854552827531,0.6286447986640156,0.005934338126245553,1,1
798,550,0.5768846698945075,0.5767650093845753,-0.011966050993217348,1,1
799,550,0.5947778865802983,0.5948017268131464,0.002384023284807135,1,1
800,550,0.7772188532166306,0.7778549671238426,0.06361139072119659,1,1
801,550,0.810467879507922,0.810701301105601,0.02334215976790288,1,1
802,550,0.6930406787525946,0.6944746536277473,0.14339748751527326,1,1
803,550,0.7685839708884734,0.7687327133167099,0.014874242823648132,1,1
804,550,0.6968767673042292,0.6970707401676347,0.019397286340550046,1,1
805,550,0.46711465369530125,0.4670475336134479,-0.006712008185333351,4,4
806,550,0.5476972152394145,0.5474907063350205,-0.020650890439399827,1,1
807,550,0.49137922025536196,0.49147147666691815,0.00922564115561908,2,2
808,550,0.6654799470142785,0.6656080304724573,0.012808345817882927,1,1
809,550,0.6179819332699835,0.6180080258374103,0.0026092567426805324,1,1
810,550,0.7792226952273167,0.7792028923307645,-0.001980289655223455,1,1
811,550,0.7671950859807302,0.7670604336190028,-0.013465236172738315,1,1
812,550,0.7823353381115518,0.7821778252446415,-0.015751286691023658,1,1
813,550,0.8410303472291332,0.8409732597378826,-0.005708749125055146,1,1
814,550,0.8090895919119682,0.8090340624731591,-0.005552943880904326,1,1
815,550,0.828715845155938,0.8288425799026143,0.01267347466763491,1,1
816,550,0.7644073049455986,0.7645849073962302,0.017760245063158653,1,1
817,550,0.8064675238021355,0.8066356028135058,0.016807901137028125,1,1
818,550,0.8610399342208923,0.8612780429710954,0.02381087502031365,1,1
819,550,0.852807261058769,0.8528011240543862,-0.000613700438278908,1,1
820,550,0.8443915744681605,0.8443387146077908,-0.005285986036973611,1,1
821,550,0.8547306459093914,0.8546602785230334,-0.007036738635801676,1,1
822,550,0.8271538419020602,0.8270023923882004,-0.015144951385981376,1,1
823,550,0.8079656038802351,0.8079096509657622,-0.005595291447291206,1,1
824,550,0.8085471255984903,0.8083588829604722,-0.018824263801808794,1,1
825,550,0.6326454802005971,0.6324272810777662,-0.02181991228308311,1,1
826,550,0.6296081451814078,0.6295370095906305,-0.0071135590777315905,1,1
827,550,0.6313822146793996,0.6311821626751859,-0.020005200421369107,1,1
828,550,0.6452388440192226,0.6450856459875646,-0.015319803165803059,1,1
829,550,0.6393738438515846,0.63933860333813,-0.0035240513454604105,1,1
830,552,1.0,1.0,0.0,1,1
831,552,1.0,1.0,0.0,1,1
832,552,0.9999354317998385,0.9999354317998385,0.0,1,1
833,552,1.0,1.0,0.0,1,1
834,552,0.9999675324675324,0.9999354317998385,-0.003210066769399056,1,1
835,552,0.9945456872734018,0.9944856739500733,-0.006001332332850051,1,1
836,552,0.9802852010608958,0.9802545710574152,-0.0030630003480580648,1,1
837,552,1.0,1.0,0.0,1,1
838,552,1.0,1.0,0.0,1,1
839,552,0.9897359541259643,0.9897058712145254,-0.0030082911438911175,1,1
840,552,1.0,1.0,0.0,1,1
841,552,1.0,1.0,0.0,1,1
842,552,1.0,1.0,0.0,1,1
843,552,1.0,1.0,0.0,1,1
844,552,1.0,1.0,0.0,1,1
845,552,0.9998357855391882,0.9998357855391882,0.0,1,1
846,552,0.9983586845119471,0.9983258459967858,-0.003283851516133751,1,1
847,552,1.0,1.0,0.0,1,1
848,552,0.999902038683812,0.999902038683812,0.0,1,1
849,552,0.9997379859922616,0.9997379859922616,0.0,1,1
850,552,1.0,1.0,0.0,1,1
851,552,1.0,1.0,0.0,1,1
852,552,1.0,1.0,0.0,1,1
853,552,1.0,1.0,0.0,1,1
854,552,1.0,1.0,0.0,1,1
855,552,1.0,1.0,0.0,1,1
856,552,1.0,1.0,0.0,1,1
857,552,1.0,1.0,0.0,1,1
858,552,1.0,1.0,0.0,1,1
859,552,1.0,1.0,0.0,1,1
860,552,1.0,1.0,0.0,1,1
861,552,1.0,1.0,0.0,1,1
862,552,1.0,1.0,0.0,1,1
863,552,1.0,1.0,0.0,1,1
864,552,1.0,1.0,0.0,1,1
865,552,0.9959435263991477,0.9959097288713744,-0.003379752777332712,1,1
866,552,0.9980805850237402,0.9980229278626942,-0.005765716104599861,1,1
867,552,0.9967681076679774,0.9967422089836304,-0.0025898684346992162,1,1
868,552,0.9986073943440611,0.9986073943440611,0.0,1,1
869,552,0.9986092864442618,0.9986092864442618,0.0,1,1
870,554,0.8283444234764481,0.8283826317529864,0.003820827653833181,1,1
871,554,0.7961454041769787,0.7961123592982569,-0.003304487872179962,1,1
872,554,0.8367125455856168,0.8367125455856168,0.0,1,1
873,554,0.8040511511026902,0.8040423419159669,-0.0008809186723301998,1,1
874,554,0.8152878338999355,0.8153527478889001,0.006491398896457667,1,1
875,554,0.34438938232359745,0.3444127683205593,0.00233859969618333,1,1
876,554,0.3314042284012831,0.3314564270704446,0.005219866916150728,1,1
877,554,0.32038252328322026,0.3203818797662195,-6.435170007423885e-05,1,1
878,554,0.320415451449823,0.32044754049629065,0.0032089046467675963,1,1
879,554,0.3229384502921811,0.32296011214840936,0.002166185622826111,1,1
880,554,0.7584054563917658,0.7584431986192685,0.0037742227502635117,1,1
881,554,0.7501907450663446,0.7501895406071969,-0.0001204459147752246,1,1
882,554,0.7515893014013332,0.7516303585813032,0.004105717997004987,1,1
883,554,0.7456144221071673,0.745634884060815,0.002046195364768799,1,1
884,554,0.7370163232676586,0.7370298348890829,0.0013511621424266984,1,1
885,554,0.821631985458153,0.8216752483394869,0.004326288133393863,1,1
886,554,0.8367400376890894,0.8368191956047254,0.007915791563595231,1,1
887,554,0.8352651295780055,0.8352615865025863,-0.00035430754191656533,1,1
888,554,0.8422473403234708,0.8422469269895821,-4.1333388867137444e-05,1,1
889,554,0.8288921278014766,0.8289637428448725,0.007161504339592284,1,1
890,554,0.7958536292658408,0.7958802719165968,0.0026642650756025787,1,1
891,554,0.8504471238432653,0.8505850093271943,0.013788548392901223,1,1
892,554,0.9011455784613193,0.9011455784613193,0.0,1,1
893,554,0.8923024631168225,0.8923024631168225,0.0,1,1
894,554,0.8695997457860957,0.869675026546308,0.007528076021234842,1,1
895,554,0.5465234334338718,0.5466773456991928,0.01539122653210212,1,1
896,554,0.5678332726698142,0.5679811400928624,0.01478674230481758,1,1
897,554,0.5863316124549227,0.5864283350611408,0.009672260621806927,1,1
898,554,0.5800450566571294,0.5802252989319153,0.018024227478596888,1,1
899,554,0.5785104570314284,0.5787602738394275,0.024981680799907036,1,1
900,554,0.9512556655140505,0.9512924749657107,0.0036809451660180237,1,1
901,554,0.9723728530069196,0.9723728530069196,0.0,1,1
902,554,0.9773121504840352,0.9773121504840352,0.0,1,1
903,554,0.9738727289818212,0.9738727289818212,0.0,1,1
904,554,0.9761707655395007,0.9761707655395007,0.0,1,1
905,556,0.9913895436444435,0.991365296321752,-0.0024247322691572926,1,1
906,556,0.967719065292701,0.9675525688922949,-0.016649640040611313,1,1
907,556,0.9656212372857474,0.9653570231917573,-0.026421409399013385,1,1
908,556,0.9764788529197859,0.9764314917576847,-0.004736116210113384,1,1
909,556,0.9446146127066892,0.9443084341800734,-0.030617852661585232,1,1
910,556,0.33893603774979925,0.3389599243252744,0.0023886575475140503,1,1
911,556,0.4171115914454798,0.4165901811725627,-0.05214102729171333,1,1
912,556,0.2952092760100875,0.295266428196802,0.005715218671448197,14,14
913,556,0.2339925634358104,0.23410819301735347,0.011562958154306968,45,45
914,556,0.3009432949212977,0.30109702464873966,0.015372972744198687,6,6
915,556,0.6931552437078697,0.6935583000027418,0.04030562948720284,1,1
916,556,0.6811909752559285,0.681382512240159,0.019153698423046706,1,1
917,556,0.6546049830895775,0.6547127657103177,0.010778262074018219,1,1
918,556,0.6604175404727609,0.660585971886761,0.01684314140001364,1,1
919,556,0.6619680607778443,0.6622009867388554,0.023292596101109897,1,1
920,556,0.8652202501233046,0.8658265149596298,0.06062648363251988,1,1
921,556,0.8743572287950836,0.8749860970117792,0.06288682166956105,1,1
922,556,0.8873178039009748,0.887808906160859,0.049110225988413525,1,1
923,556,0.888837601654203,0.8892033283348088,0.03657266806057491,1,1
924,556,0.8785895827737068,0.8788293957325582,0.02398129588514486,1,1
925,556,0.4044199341149776,0.4047163101150162,0.029637600003856734,12,12
926,556,0.448707608288063,0.44916308536399624,0.04554770759332416,8,8
927,556,0.5232919363511581,0.5235052714888565,0.02133351376983894,14,14
928,556,0.565102405746226,0.5655479693368013,0.04455635905752375,18,18
929,556,0.6590132387953692,0.6592390015843905,0.022576278902131097,1,1
930,556,0.9573731257298511,0.9573082737580635,-0.006485197178762725,1,1
931,556,0.966851120119746,0.9668859725709343,0.0034852451188283062,1,1
932,556,0.9772556536800172,0.9771652194538148,-0.009043422620236274,1,1
933,556,0.9725277471030364,0.9725065830818723,-0.002116402116403293,1,1
934,556,0.954708983539464,0.9548984650620137,0.018948152254971706,1,1
935,556,0.8919861327137617,0.8921427961913277,0.01566634775660436,1,1
936,556,0.9437911936860196,0.943768359960322,-0.0022833725697557483,1,1
937,556,0.9396726783672398,0.9395528937938141,-0.011978457342565196,1,1
938,556,0.9156717490857996,0.9157397701437061,0.00680210579064866,1,1
939,556,0.9098761799771056,0.9099518842461969,0.007570426909131456,1,1
940,556,0.9118433823312392,0.9116088192011099,-0.023456313012926167,1,1
941,556,0.9058812794771133,0.9058743962453608,-0.0006883231752463637,1,1
942,556,0.8929116344848,0.8929463063503441,0.003467186554406698,1,1
943,556,0.9059151698340719,0.9058198864646353,-0.00952833694366495,1,1
944,556,0.9057793019293776,0.9057485099910983,-0.0030791938279262077,1,1
945,558,0.6991248043563779,0.6989639784522592,-0.01608259041186999,1,1
946,558,0.7156058996708851,0.7155641176058417,-0.00417820650433498,1,1
947,558,0.7292736476317305,0.7292566242537233,-0.0017023378007241519,1,1
948,558,0.7039292934094512,0.7037134758859966,-0.02158175234545645,1,1
949,558,0.6876805781907454,0.6874782907522735,-0.02022874384718376,1,1
950,558,0.7840358094922233,0.7838889353541315,-0.01468741380917793,1,1
951,558,0.7934856899848941,0.7932623691365592,-0.022332084833487365,1,1
952,558,0.7818344605639199,0.7816237283127567,-0.02107322511631926,1,1
953,558,0.8075029658400152,0.8073972030445693,-0.010576279544594058,1,1
954,558,0.7960903701901384,0.7958897287679413,-0.0200641422197112,1,1
955,558,0.9487189141131116,0.9486342419951234,-0.008467211798823815,1,1
956,558,0.9422289927938654,0.942202972946005,-0.0026019847860436762,1,1
957,558,0.9687967239535835,0.9687771094411118,-0.0019614512471677337,1,1
958,558,0.9533075575503724,0.9531590589616493,-0.014849858872312272,1,1
959,558,0.9582124036708903,0.9581739002527688,-0.003850341812150493,1,1
960,558,0.9305544818609532,0.9305880461026806,0.00335642417274018,1,1
961,558,0.9361543712503749,0.9360944745166302,-0.005989673374473536,1,1
962,558,0.9174589978880672,0.9174955524759116,0.003655458784446175,1,1
963,558,0.9065134233359308,0.906554976424694,0.004155308876319097,1,1
964,558,0.9096845409040338,0.9096389485302062,-0.0045592373827618715,1,1
965,558,0.7370140616053227,0.7370020726706729,-0.0011988934649820315,1,1
966,558,0.7463127715439071,0.746276329790454,-0.0036441753453075876,1,1
967,558,0.7279339907863425,0.7278859330472832,-0.004805773905924848,1,1
968,558,0.7448733689297025,0.744855604373,-0.0017764556702437595,1,1
969,558,0.7591270642531345,0.759028964426685,-0.009809982644948256,1,1
970,558,0.9796650452434356,0.9796650452434356,0.0,1,1
971,558,0.9760751321726447,0.9760326723970887,-0.004245977555605851,1,1
972,558,0.9786413643377403,0.978590563740243,-0.005080059749729138,1,1
973,558,0.9788939034797675,0.9788939034797675,0.0,1,1
974,558,0.978670345766127,0.9786478219240543,-0.0022523842072685873,1,1
975,558,0.9934105829488636,0.9934105829488636,0.0,1,1
976,558,0.9886397754250947,0.9886397754250947,0.0,1,1
977,558,0.9875525583223884,0.9875525583223884,0.0,1,1
978,558,0.9939749628607468,0.9939385752851889,-0.0036387575557905727,1,1
979,558,0.9836591555810431,0.9835294847101652,-0.012967087087789597,1,1
980,558,0.8492230756026621,0.8492157959698087,-0.0007279632853407492,1,1
981,558,0.8532204105312212,0.8532274622029535,0.0007051671732316578,1,1
982,558,0.8770581012168314,0.8770493117197241,-0.0008789497107253297,1,1
983,558,0.8537312801297837,0.8537035298369272,-0.0027750292856509873,1,1
984,558,0.8451510970298683,0.8450992141743752,-0.005188285549317939,1,1
985,560,0.9974245176041575,0.9974739003202069,0.0049382716049373165,1,1
986,560,1.0,1.0,0.0,1,1
987,560,0.9985414312264889,0.9985833065624818,0.004187533599298021,1,1
988,560,0.985796647417753,0.986103455905387,0.03068084876339805,1,1
989,560,0.902128528118356,0.902128528118356,0.0,1,1
990,560,1.0,1.0,0.0,1,1
991,560,1.0,1.0,0.0,1,1
992,560,1.0,1.0,0.0,1,1
993,560,1.0,1.0,0.0,1,1
994,560,1.0,1.0,0.0,1,1
995,560,1.0,1.0,0.0,1,1
996,560,1.0,1.0,0.0,1,1
997,560,1.0,1.0,0.0,1,1
998,560,1.0,1.0,0.0,1,1
999,560,1.0,1.0,0.0,1,1
1000,560,1.0,1.0,0.0,1,1
1001,560,1.0,1.0,0.0,1,1
1002,560,1.0,1.0,0.0,1,1
1003,560,1.0,1.0,0.0,1,1
1004,560,1.0,1.0,0.0,1,1
1005,560,1.0,1.0,0.0,1,1
1006,560,1.0,1.0,0.0,1,1
1007,560,1.0,1.0,0.0,1,1
1008,560,1.0,1.0,0.0,1,1
1009,560,1.0,1.0,0.0,1,1
1010,560,1.0,1.0,0.0,1,1
1011,560,1.0,1.0,0.0,1,1
1012,560,1.0,1.0,0.0,1,1
1013,560,1.0,1.0,0.0,1,1
1014,560,1.0,1.0,0.0,1,1
1015,560,1.0,1.0,0.0,1,1
1016,560,1.0,1.0,0.0,1,1
1017,560,1.0,1.0,0.0,1,1
1018,560,1.0,1.0,0.0,1,1
1019,560,1.0,1.0,0.0,1,1
1020,562,0.8331676461864247,0.8331676461864247,0.0,1,1
1021,562,0.8269319036313135,0.8269319036313135,0.0,1,1
1022,562,0.7914120715882617,0.7916924183927463,0.028034680448463245,1,1
1023,562,0.8200512404078265,0.8200512404078265,0.0,1,1
1024,562,0.8389501479926694,0.8389501479926694,0.0,1,1
1025,562,0.7660864881764425,0.7660864881764425,0.0,1,1
1026,562,0.7646684039540219,0.7646684039540219,0.0,1,1
1027,562,0.7519640875026848,0.7519640875026848,0.0,1,1
1028,562,0.7949779955118055,0.7949779955118055,0.0,1,1
1029,562,0.7777776172601253,0.7777776172601253,0.0,1,1
1030,562,0.9697743092285817,0.9697743092285817,0.0,1,1
1031,562,0.9702628189934889,0.9702628189934889,0.0,1,1
1032,562,1.0,1.0,0.0,1,1
1033,562,0.9754888010540184,0.9754888010540184,0.0,1,1
1034,562,0.9673859916668135,0.9673859916668135,0.0,1,1
1035,564,1.0,1.0,0.0,1,1
1036,564,1.0,1.0,0.0,1,1
1037,564,1.0,1.0,0.0,1,1
1038,564,1.0,1.0,0.0,1,1
1039,564,1.0,1.0,0.0,1,1
1040,564,1.0,1.0,0.0,1,1
1041,564,1.0,1.0,0.0,1,1
1042,564,1.0,1.0,0.0,1,1
1043,564,1.0,1.0,0.0,1,1
1044,564,1.0,1.0,0.0,1,1
1045,564,1.0,1.0,0.0,1,1
1046,564,1.0,1.0,0.0,1,1
1047,564,1.0,1.0,0.0,1,1
1048,564,1.0,1.0,0.0,1,1
1049,564,1.0,1.0,0.0,1,1
1050,564,1.0,1.0,0.0,1,1
1051,564,1.0,1.0,0.0,1,1
1052,564,1.0,1.0,0.0,1,1
1053,564,1.0,1.0,0.0,1,1
1054,564,1.0,1.0,0.0,1,1
1055,564,1.0,1.0,0.0,1,1
1056,564,1.0,1.0,0.0,1,1
1057,564,1.0,1.0,0.0,1,1
1058,564,1.0,1.0,0.0,1,1
1059,564,1.0,1.0,0.0,1,1
1060,564,1.0,1.0,0.0,1,1
1061,564,1.0,1.0,0.0,1,1
1062,564,1.0,1.0,0.0,1,1
1063,564,1.0,1.0,0.0,1,1
1064,564,1.0,1.0,0.0,1,1
1065,564,0.9992134240500427,0.9991304361139264,-0.008298793611627442,1,1
1066,564,0.9994724140293776,0.9994724140293776,0.0,1,1
1067,564,0.9993375728991858,0.9993375728991858,0.0,1,1
1068,564,1.0,1.0,0.0,1,1
1069,564,0.9995584166905265,0.9995584166905265,0.0,1,1
1070,566,0.9392498341447687,0.9392480781181858,-0.00017560265829219546,1,1
1071,566,0.9431842300281388,0.9432512755787652,0.006704555062642115,1,1
1072,566,0.9371478896179346,0.9371974324971734,0.004954287923875089,1,1
1073,566,0.8922849896840152,0.8922650398690254,-0.001994981498976145,1,1
1074,566,0.9478089019914845,0.9478089019914845,0.0,1,1
1075,566,0.8215476974510755,0.8215646892899838,0.001699183890835343,1,1
1076,566,0.8526165941987368,0.8525721700777993,-0.0044424120937525124,1,1
1077,566,0.7807205316503577,0.7807148852966483,-0.0005646353709365393,1,1
1078,566,0.7368897273136008,0.7369558921094445,0.006616479584364843,1,1
1079,566,0.7763254219693329,0.7764905781970715,0.01651562277386054,1,1
1080,566,0.8622841707363081,0.862231817789545,-0.00523529467630901,1,1
1081,566,0.8176642012603657,0.8176965993400284,0.003239807966270991,1,1
1082,566,0.8400473821763067,0.8400295394255533,-0.0017842750753449543,1,1
1083,566,0.813327034898793,0.813327034898793,0.0,1,1
1084,566,0.8610370201176236,0.8610578473899145,0.002082727229091308,1,1
1085,566,0.8694772008859598,0.8695424909618908,0.006529007593103486,1,1
1086,566,0.8545156868235615,0.8545066259913094,-0.0009060832252050233,1,1
1087,566,0.7985013217765666,0.7984453580798345,-0.005596369673210866,1,1
1088,566,0.7873978291223317,0.7874011163165874,0.0003287194255685577,1,1
1089,566,0.7644904746427749,0.7644709931141873,-0.0019481528587550478,1,1
1090,566,0.8667225530574433,0.866707465389779,-0.0015087667664226423,1,1
1091,566,0.8901746999344141,0.8901827630907776,0.0008063156363480317,1,1
1092,566,0.8640721415790901,0.8641116175939334,0.003947601484333152,1,1
1093,566,0.8836267271251296,0.8836890602213566,0.006233309622705185,1,1
1094,566,0.8978389454516423,0.8978444206729312,0.0005475221288908649,1,1
1095,566,0.7488705074297153,0.7489960544972184,0.012554706750311784,1,1
1096,566,0.8135729880824806,0.8136412033445134,0.006821526203282247,1,1
1097,566,0.8029199404588521,0.8030414357928336,0.012149533398153611,1,1
1098,566,0.7881282260318385,0.7881869950864593,0.0058769054620766426,1,1
1099,566,0.8408744957338766,0.8409004422478487,0.0025946513972030516,1,1
1100,566,0.8037240477916096,0.8037286953918393,0.00046476002297790586,1,1
1101,566,0.7977946029326043,0.7978564583885565,0.006185545595216446,1,1
1102,566,0.7906315845809814,0.7908770001090348,0.02454155280534609,1,1
1103,566,0.7314530640649476,0.7315416258624752,0.008856179752758653,1,1
1104,566,0.8016469546954045,0.8017161854691534,0.006923077374887399,1,1
1105,566,0.44481253705376267,0.44514137661647996,0.03288395627172869,1,1
1106,566,0.6360853076508005,0.6363056888754349,0.02203812246344139,1,1
1107,566,0.5414576337964666,0.5417497856972471,0.02921519007804685,1,1
1108,566,0.5207956383793383,0.5210309843739136,0.02353459945753089,2,2
1109,566,0.552601664852683,0.5527416609562804,0.013999610359738401,7,7
1110,568,1.0,1.0,0.0,1,1
1111,568,0.998867924528302,0.998867924528302,0.0,1,1
1112,568,1.0,1.0,0.0,1,1
1113,568,1.0,1.0,0.0,1,1
1114,568,0.9996078431372548,0.9996078431372548,0.0,1,1
1115,568,1.0,1.0,0.0,1,1
1116,568,1.0,1.0,0.0,1,1
1117,568,1.0,1.0,0.0,1,1
1118,568,1.0,1.0,0.0,1,1
1119,568,1.0,1.0,0.0,1,1
1120,568,0.9872201004835501,0.9872201004835501,0.0,1,1
1121,568,0.9969093748610556,0.9969093748610556,0.0,1,1
1122,568,0.7165560042633047,0.7165560042633047,0.0,1,1
1123,568,0.9725862013330884,0.9725862013330884,0.0,1,1
1124,568,1.0,1.0,0.0,1,1
1125,570,0.8230587489570369,0.8229985619771759,-0.0060186979860987755,1,1
1126,570,0.8214786808540507,0.8214216098096332,-0.005707104441754485,1,1
1127,570,0.8550358484582424,0.8549390561386608,-0.009679231958159562,1,1
1128,570,0.8124684598127536,0.8123688174201699,-0.009964239258375418,1,1
1129,570,0.7251395995264421,0.7250954365394061,-0.004416298703602273,1,1
1130,570,0.9248876832723331,0.9249790356852527,0.009135241291968743,1,1
1131,570,0.9117503758943173,0.9119560484121697,0.02056725178524177,1,1
1132,570,0.9347229340860604,0.9351596720149655,0.043673792890508434,1,1
1133,570,0.9117731181222162,0.9121006140123946,0.032749589017844194,1,1
1134,570,0.9029488976805715,0.9031774154012923,0.02285177207207445,1,1
1135,570,0.9124937368108593,0.912085707668997,-0.04080291418623316,1,1
1136,570,0.8922115508156677,0.8919623841155756,-0.024916670009211828,1,1
1137,570,0.9000736109093765,0.9000736109093765,0.0,1,1
1138,570,0.9536121156527744,0.9538164917126086,0.020437605983425478,1,1
1139,570,0.9547712581429513,0.9548178983068393,0.004664016388800096,1,1
1140,570,0.844262630535631,0.8441528761399502,-0.010975439568083889,1,1
1141,570,0.9107577778541113,0.9107577778541113,0.0,1,1
1142,570,0.8818612077659096,0.8819166703454991,0.005546257958954914,1,1
1143,570,0.877530386396232,0.877530386396232,0.0,1,1
1144,570,0.8532670000850788,0.8533192229944446,0.0052222909365795545,1,1
1145,570,0.899512806349029,0.8996563987839401,0.014359243491113283,1,1
1146,570,0.9229470447802453,0.9231965771830748,0.024953240282954425,1,1
1147,570,0.9262349893924733,0.9263382345247684,0.010324513229509336,1,1
1148,570,0.8883754584420884,0.8885368785736216,0.016142013153319645,1,1
1149,570,0.9011436550359012,0.9014377510892256,0.02940960533244219,1,1
1150,570,0.9894211555199058,0.9895271719759536,0.01060164560477972,1,1
1151,570,0.9925327811032175,0.9925768686484859,0.0044087545268411965,1,1
1152,570,0.9975177929767396,0.9975637564029849,0.004596342624529903,1,1
1153,570,0.9990866194633804,0.9991293324550098,0.004271299162939002,1,1
1154,570,0.9997350915921149,0.9997792377516974,0.004414615958248103,1,1
1155,570,0.9869580266907898,0.98707855093627,0.012052424548014695,1,1
1156,570,0.9999558498896247,0.9999558498896247,0.0,1,1
1157,570,0.9786407705006542,0.978776367995594,0.013559749493974316,1,1
1158,570,0.9823654711330062,0.9824575657978306,0.009209466482440476,1,1
1159,570,0.990749029915954,0.990749029915954,0.0,1,1
1160,572,1.0,1.0,0.0,1,1
1161,572,1.0,1.0,0.0,1,1
1162,572,1.0,1.0,0.0,1,1
1163,572,1.0,1.0,0.0,1,1
1164,572,1.0,1.0,0.0,1,1
1165,572,0.964745965966835,0.9644483385006044,-0.02976274662306322,1,1
1166,572,0.9607533453091206,0.9605525291662713,-0.02008161428492805,1,1
1167,572,0.9547588924656387,0.9545640909312325,-0.019480153440620818,1,1
1168,572,0.9661445613296467,0.9659947921508794,-0.014976917876730056,1,1
1169,572,0.9819011322099477,0.9818614496702652,-0.003968253968245072,1,1
1170,572,0.9803044794028519,0.9803648120223654,0.0060332619513436825,1,1
1171,572,0.948442653286284,0.948536737707878,0.009408442159408725,1,1
1172,572,0.9900540995920248,0.9900540995920248,0.0,1,1
1173,572,0.913426430217998,0.9136496583438731,0.02232281258751634,1,1
1174,572,0.9009680132067793,0.9012400266316357,0.02720134248563877,1,1
1175,572,0.9991233272043742,0.9991233272043742,0.0,1,1
1176,572,0.9908707331654607,0.9909160846393836,0.004535147392292771,1,1
1177,572,0.9942344921552662,0.9943759719093023,0.014147975403611124,1,1
1178,572,0.9973050405729805,0.9973050405729805,0.0,1,1
1179,572,0.9811487047661617,0.9812856989597553,0.0136994193593587,1,1
1180,572,1.0,1.0,0.0,1,1
1181,572,1.0,1.0,0.0,1,1
1182,572,1.0,1.0,0.0,1,1
1183,572,1.0,1.0,0.0,1,1
1184,572,1.0,1.0,0.0,1,1
1185,572,0.9869620470568192,0.9868828098738127,-0.007923718300650862,1,1
1186,572,0.9825036203116841,0.9824723657045781,-0.00312546071060682,1,1
1187,572,0.9788673938481757,0.9787621406202779,-0.010525322789778357,1,1
1188,572,0.9752549512231459,0.9751917489778399,-0.006320224530598217,1,1
1189,572,0.9824913725641522,0.9824503802327322,-0.00409923314199645,1,1
1190,572,0.950480426216008,0.9506293619814299,0.014893576542185372,1,1
1191,572,0.9688906016851105,0.9689259549689824,0.0035353283871830676,1,1
1192,572,0.9586883494417069,0.9586975270828201,0.0009177641113189416,1,1
1193,572,0.9630193573602066,0.9630068324726212,-0.0012524887585407818,1,1
1194,572,0.9753762927441437,0.9754081036962001,0.0031810952056399167,1,1
1195,572,0.9998723064644852,0.9999354317998385,0.0063125335353242384,1,1
1196,572,1.0,1.0,0.0,1,1
1197,572,1.0,1.0,0.0,1,1
1198,572,1.0,1.0,0.0,1,1
1199,572,1.0,1.0,0.0,1,1
1200,574,0.7483740268048457,0.7482578088460297,-0.011621795881600061,1,1
1201,574,0.8127118270982188,0.8126560040701316,-0.005582302808715411,1,1
1202,574,0.8235491844603297,0.8235054483637207,-0.0043736096608903985,1,1
1203,574,0.8266860285659025,0.8265333501745389,-0.015267839136356987,1,1
1204,574,0.8324919986009844,0.8323052649711479,-0.018673362983656627,1,1
1205,574,0.8660247640283181,0.8652036632811169,-0.08211007472012088,1,1
1206,574,0.8709557087498367,0.8704093598999116,-0.05463488499251046,1,1
1207,574,0.8789825259205202,0.878145857286867,-0.08366686336531703,1,1
1208,574,0.9052293102271822,0.9044227264081102,-0.08065838190720598,1,1
1209,574,0.8726015842008674,0.8720156889727425,-0.05858952281249108,1,1
1210,574,0.933230870511256,0.9331524391387069,-0.00784313725490371,1,1
1211,574,0.9192948573771392,0.9192855769620826,-0.0009280415056656111,1,1
1212,574,0.9258626739939025,0.925788704769569,-0.007396922433355879,1,1
1213,574,0.9326647302472327,0.9326843462018477,0.001961595461497101,1,1
1214,574,0.9299694081980484,0.9300073080511887,0.003789985314028854,1,1
1215,574,0.9342849414448062,0.9343311220602146,0.0046180615408397685,1,1
1216,574,0.9678939899059276,0.9678433374121871,-0.005065249374047731,1,1
1217,574,0.9600864990411189,0.9601461626440861,0.00596636029672748,1,1
1218,574,0.9666453075888347,0.9667525358222948,0.010722823346009935,1,1
1219,574,0.9779262342609417,0.9779262342609417,0.0,1,1
1220,574,0.6622010931515327,0.6622954236767523,0.009433052521956586,1,1
1221,574,0.6642943920870709,0.6643364720790442,0.004207999197336498,1,1
1222,574,0.7047203951922644,0.7048175934084607,0.009719821619635916,1,1
1223,574,0.7097173062265916,0.7096579658242308,-0.005934040236077465,1,1
1224,574,0.7077348839464118,0.7076289860630218,-0.010589788338999373,1,1
1225,574,0.9994683026584867,0.9994683026584867,0.0,1,1
1226,574,0.9973767432879576,0.997342572894654,-0.0034170393303556423,1,1
1227,574,0.9943727077094725,0.9943362969159166,-0.00364107935558744,1,1
1228,574,0.9963719025114263,0.9963484514537837,-0.0023451057642565054,1,1
1229,574,0.9901506751076088,0.9898190099019384,-0.033166520567040614,1,1
1230,574,0.8907325672723647,0.890538824029724,-0.01937432426407648,1,1
1231,574,0.798614826316104,0.7986069990523447,-0.000782726375936349,1,1
1232,574,0.7905737568021416,0.7904148292925176,-0.015892750962398505,1,1
1233,574,0.8443326864174824,0.8439683835791849,-0.036430283829747,1,1
1234,574,0.8600319342617729,0.8593062269365589,-0.07257073252140422,1,1
1235,576,1.0,1.0,0.0,1,1
1236,576,1.0,1.0,0.0,1,1
1237,576,1.0,1.0,0.0,1,1
1238,576,1.0,1.0,0.0,1,1
1239,576,1.0,1.0,0.0,1,1
1240,576,1.0,1.0,0.0,1,1
1241,576,1.0,1.0,0.0,1,1
1242,576,1.0,1.0,0.0,1,1
1243,576,1.0,1.0,0.0,1,1
1244,576,1.0,1.0,0.0,1,1
1245,576,0.9565720811372099,0.9565429553586553,-0.002912577855462839,1,1
1246,576,0.9499117876752969,0.9498598010457112,-0.005198662958572076,1,1
1247,576,0.9514292636735244,0.9514292636735244,0.0,1,1
1248,576,0.9556252661228813,0.9555976470154807,-0.002761910740067819,1,1
1249,576,0.9557269791907834,0.9557269791907834,0.0,1,1
1250,576,0.9920611560760767,0.9919726879433243,-0.008846813275242837,1,1
1251,576,0.9929918480664431,0.9929918480664431,0.0,1,1
1252,576,0.9755148107806542,0.9755148107806542,0.0,1,1
1253,576,0.9830353531122081,0.9830353531122081,0.0,1,1
1254,576,0.976060967494927,0.976060967494927,0.0,1,1
1255,576,1.0,1.0,0.0,1,1
1256,576,1.0,1.0,0.0,1,1
1257,576,1.0,1.0,0.0,1,1
1258,576,1.0,1.0,0.0,1,1
1259,576,1.0,1.0,0.0,1,1
1260,576,1.0,1.0,0.0,1,1
1261,576,1.0,1.0,0.0,1,1
1262,576,1.0,1.0,0.0,1,1
1263,576,1.0,1.0,0.0,1,1
1264,576,1.0,1.0,0.0,1,1
1265,576,0.8693623933137542,0.8693364038753403,-0.002598943841392032,1,1
1266,576,0.8900475135973022,0.8900866546107373,0.003914101343516219,1,1
1267,576,0.870992361381822,0.870956698062228,-0.0035663319594037013,1,1
1268,576,0.8575256912825002,0.8575138288862962,-0.0011862396203987657,1,1
1269,576,0.8675128545773635,0.8674734921362262,-0.003936244113733611,1,1
1270,578,0.6103356120989623,0.6105074883724686,0.017187627350634394,1,1
1271,578,0.6237534159579169,0.6240718922340396,0.031847627612269225,1,1
1272,578,0.6901191644075542,0.6902619099095785,0.014274550202431069,1,1
1273,578,0.6025284154905527,0.6027555479970887,0.02271325065360541,1,1
1274,578,0.5973660145058026,0.5976483574246529,0.028234291885032015,1,1
1275,578,0.3891750954078388,0.38963851658736126,0.046342117952247186,1,1
1276,578,0.43017889651745156,0.4313158807314674,0.11369842140158681,1,1
1277,578,0.5022584515318388,0.5026731659009288,0.0414714369090019,1,1
1278,578,0.4043508873645824,0.4047088232589473,0.03579358943648914,1,1
1279,578,0.4430596642255186,0.44321477520549907,0.015511097998044399,1,1
1280,578,0.8219078136479626,0.8214466415893703,-0.04611720585923074,1,1
1281,578,0.8075739526532335,0.8074297899625142,-0.01441626907192628,1,1
1282,578,0.823315270838423,0.8228247396330217,-0.04905312054013233,1,1
1283,578,0.8796095660650053,0.8792552544143384,-0.03543116506669053,1,1
1284,578,0.8730060343995105,0.8727600015541773,-0.024603284533319947,1,1
1285,578,0.7103850778580422,0.7093270418990532,-0.1058035958989012,1,1
1286,578,0.7573723221574895,0.7567867432976693,-0.058557885982024604,1,1
1287,578,0.7248484885859309,0.7248062372002313,-0.004225138569957654,1,1
1288,578,0.804953164159276,0.8048572951138125,-0.0095869045463437,1,1
1289,578,0.773786080338248,0.7729542166092245,-0.0831863729023552,1,1
1290,578,0.4796832149906677,0.48035319085064243,0.06699758599747474,1,1
1291,578,0.4754689295018541,0.4758253563536011,0.035642685174702704,1,1
1292,578,0.48430596962678896,0.48456106249273856,0.025509286594960212,1,1
1293,578,0.4448512777763452,0.44528719078425133,0.04359130079061302,1,1
1294,578,0.45906213167144244,0.4594864053056634,0.04242736342209841,1,1
1295,578,0.7872724682652104,0.7867531439377266,-0.05193243274838055,1,1
1296,578,0.7380569071426192,0.7376429922802638,-0.04139148623554245,1,1
1297,578,0.7706975348352206,0.7704137029155369,-0.028383191968373023,1,1
1298,578,0.7267165154056923,0.7263520104742349,-0.03645049314573434,1,1
1299,578,0.7974094560025959,0.7970060549731169,-0.040340102947900025,1,1
1300,578,0.8926895839728807,0.8929661393970988,0.027655542421811674,1,1
1301,578,0.8987088472100044,0.8988853766077715,0.017652939776702237,1,1
1302,578,0.8836133707107157,0.8839227245219285,0.030935381121288685,1,1
1303,578,0.8636055261394027,0.8641748980779622,0.05693719385595486,1,1
1304,578,0.8833681814913047,0.8834913737065578,0.012319221525314283,1,1
1305,578,0.757729217813005,0.757947879563733,0.021866175072804417,1,1
1306,578,0.7908944900687828,0.7910757979344786,0.018130786569581225,1,1
1307,578,0.7727383909965345,0.7729128867835274,0.0174495786992912,1,1
1308,578,0.8019029754240478,0.8019179103340074,0.001493490995962965,1,1
1309,578,0.839993998808672,0.8403052618032623,0.031126299459027784,1,1
1310,580,0.6978549700264113,0.6969027207927948,-0.09522492336164756,1,1
1311,580,0.7310620272095798,0.7307702553619505,-0.02917718476292963,1,1
1312,580,0.7037492414845707,0.7028275275898781,-0.0921713894692644,1,1
1313,580,0.6959820258008477,0.6957708455552153,-0.02111802456323808,1,1
1314,580,0.6737087115766933,0.6727606389862766,-0.09480725904167375,1,1
1315,580,0.41700520178800826,0.41712649170408755,0.01212899160792924,42,42
1316,580,0.4765673800688155,0.4767148918605819,0.014751179176641926,10,10
1317,580,0.5151030682801596,0.5150124727518763,-0.00905955282832771,12,12
1318,580,0.5004707401896392,0.5005436152655441,0.007287507590492126,11,11
1319,580,0.49172381639115,0.4917947561285299,0.007093973737992698,12,12
1320,580,0.8984691411768738,0.8982995129496564,-0.01696282272174443,1,1
1321,580,0.8822990367978089,0.8821291245074095,-0.016991229039931,1,1
1322,580,0.8919746926698,0.8919166473426678,-0.005804532713216126,1,1
1323,580,0.9262341099854791,0.9260004401035995,-0.023366988187956128,1,1
1324,580,0.9091514570415914,0.9091091867031557,-0.00422703384357348,1,1
1325,580,0.8586552501222185,0.8586955079270069,0.004025780478833507,1,1
1326,580,0.8424366255110497,0.8424633028486515,0.0026677337601754836,1,1
1327,580,0.859686615340805,0.8597038127552626,0.00171974144576037,1,1
1328,580,0.8391588084655106,0.8391621251457585,0.00033166802478890034,1,1
1329,580,0.8567409082979338,0.8567974856242443,0.0056577326310480736,1,1
1330,580,0.9044407569805516,0.9044500668339862,0.0009309853434613657,1,1
1331,580,0.925175912056508,0.9251815931139796,0.000568105747167369,1,1
1332,580,0.8943825319699512,0.8942373525713859,-0.014517939856528717,1,1
1333,580,0.8262526752416001,0.8260742780238213,-0.01783972177787918,1,1
1334,580,0.8354788089866417,0.8352821144872442,-0.01966944993975206,1,1
1335,580,0.9044048321239845,0.9044537171729926,0.00488850490081294,1,1
1336,580,0.8592627929324482,0.8591842400698679,-0.007855286258029448,1,1
1337,580,0.841601791110852,0.841601791110852,0.0,1,1
1338,580,0.8905756433364436,0.8905559592216433,-0.001968411480024468,1,1
1339,580,0.8819549337943551,0.8819000264504978,-0.005490734385726892,1,1
1340,580,0.8562228141407474,0.8562080144112453,-0.001479972950213515,1,1
1341,580,0.8318201980116549,0.8318343683824573,0.0014170370802424337,1,1
1342,580,0.8696163550069861,0.869634429501358,0.0018074494371966843,1,1
1343,580,0.858649492357595,0.8586658947373624,0.0016402379767410658,1,1
1344,580,0.8596654109206882,0.8597350973135073,0.006968639281912381,1,1
1345,580,0.8683992064734795,0.8683476924209078,-0.005151405257164399,1,1
1346,580,0.8675567879955536,0.867571411066655,0.0014623071101449447,1,1
1347,580,0.8501904562881223,0.8502877126652412,0.009725637711888169,1,1
1348,580,0.8767672862336453,0.8768266595089038,0.005937327525851188,1,1
1349,580,0.8793728821034129,0.8794364976767413,0.006361557332834611,1,1
1350,582,0.9292961418330911,0.9291699226894593,-0.012621914363175613,1,1
1351,582,0.9345712176417176,0.9345037178205114,-0.006749982120612952,1,1
1352,582,0.9514824821292303,0.9513495370776822,-0.013294505154803904,1,1
1353,582,0.9491970299409309,0.9490803065430549,-0.011672339787605068,1,1
1354,582,0.9483511461646095,0.9482429078312138,-0.010823833339568267,1,1
1355,582,0.8303782692265808,0.8306226468285656,0.024437760198481318,1,1
1356,582,0.813100802275791,0.8132466546216087,0.014585234581776518,1,1
1357,582,0.8144933829342562,0.8145274537971506,0.003407086289441974,1,1
1358,582,0.7968611091110313,0.7974782054502223,0.06170963391910478,1,1
1359,582,0.7695249624719204,0.7698636673756625,0.033870490374210416,1,1
1360,582,0.20351202859007422,0.20311762732417749,-0.039440126589673774,1,1
1361,582,0.18287642693436892,0.1824970343811089,-0.03793925532600273,1,1
1362,582,0.17596509973805594,0.1757329847322035,-0.02321150058524346,1,1
1363,582,0.2570541504150907,0.2568475516266944,-0.020659878839629497,1,1
1364,582,0.2533884476756804,0.25292091312825254,-0.04675345474278725,1,1
1365,582,0.946498801980792,0.9464962439366676,-0.0002558044124301162,1,1
1366,582,0.9432211484095914,0.9431928544791834,-0.0028293930407929935,1,1
1367,582,0.952688580560637,0.9525413908260583,-0.01471897345787232,1,1
1368,582,0.9429597498718876,0.9430113767465719,0.0051626874684296276,1,1
1369,582,0.9608627016639906,0.9607929388814268,-0.006976278256376478,1,1
1370,582,0.9236456834336988,0.9236319508874411,-0.0013732546257694267,1,1
1371,582,0.9260678981486022,0.9260838322246722,0.0015934076069923364,1,1
1372,582,0.9297159704363753,0.9297159704363753,0.0,1,1
1373,582,0.9252726258108473,0.9252726258108473,0.0,1,1
1374,582,0.9174599119418456,0.9174372182671955,-0.0022693674650131612,1,1
1375,582,0.8920880558539881,0.892034590773585,-0.005346508040304787,1,1
1376,582,0.8984976973667532,0.8984734227031169,-0.0024274663636303373,1,1
1377,582,0.9045609688415932,0.9043880165232476,-0.01729523183455761,1,1
1378,582,0.9279132655369436,0.9278618129640677,-0.005145257287597627,1,1
1379,582,0.9164166687900177,0.916357264091457,-0.005940469856069441,1,1
1380,582,0.8475274547142044,0.8481594992896998,0.06320445754953719,1,1
1381,582,0.8496479663212836,0.8499917201102091,0.03437537889254827,1,1
1382,582,0.8724795985118219,0.8728412561936854,0.03616576818634698,1,1
1383,582,0.868954740158488,0.8695289307988752,0.05741906403872177,1,1
1384,582,0.896131095148788,0.8966206394997087,0.04895443509207453,1,1
1385,582,0.8895043990857758,0.8897202469030534,0.02158478172775702,1,1
1386,582,0.8987626548296381,0.8988240587488279,0.006140391918973975,1,1
1387,582,0.8854518075337855,0.8855965414325754,0.014473389878988385,1,1
1388,582,0.9111676288132555,0.9114885479109146,0.03209190976590781,1,1
1389,582,0.8835371676735001,0.8836502110058035,0.011304333230344188,1,1
1390,584,0.6132233379270372,0.6133761298593822,0.015279193234496447,1,1
1391,584,0.6216987284658264,0.6212003738785458,-0.04983545872806472,1,1
1392,584,0.672414061241764,0.6721602526036319,-0.025380863813206922,1,1
1393,584,0.604383761886613,0.6044771431759973,0.00933812893842978,1,1
1394,584,0.6777045359483287,0.6776069869981696,-0.00975489501591209,1,1
1395,584,0.9485417498757706,0.9483698719414322,-0.01718779343383714,1,1
1396,584,0.9235803135447525,0.9236263775770869,0.004606403233442524,1,1
1397,584,0.7177724458553054,0.718009788812771,0.023734295746558054,1,1
1398,584,0.8313939722380214,0.8314681093205396,0.0074137082518244135,1,1
1399,584,0.8087878811182142,0.8088334182107461,0.004553709253185545,1,1
1400,584,0.7086167126246162,0.7077180307515105,-0.08986818731057111,1,1
1401,584,0.7206109878588932,0.7199322446226917,-0.067874323620154,1,1
1402,584,0.709981210831931,0.7095450464690186,-0.04361643629123835,1,1
1403,584,0.7340709998594507,0.7335176321286832,-0.05533677307675289,1,1
1404,584,0.7373966523224759,0.73642229143623,-0.09743608862459174,1,1
1405,584,0.7583800691672593,0.7580696774417116,-0.031039172554769845,1,1
1406,584,0.7361962793549118,0.735963495739511,-0.023278361540080006,1,1
1407,584,0.7424896691817048,0.7421552154773637,-0.03344537043410423,1,1
1408,584,0.629207828409636,0.628957080871252,-0.025074753838394415,1,1
1409,584,0.6909249182789746,0.690564911157007,-0.03600071219675982,1,1
1410,584,0.8086395921444887,0.8086150238890902,-0.002456825539842722,1,1
1411,584,0.8166934354736026,0.8167400956805779,0.004666020697530193,1,1
1412,584,0.8008234881268186,0.8009840183922602,0.01605302654416052,1,1
1413,584,0.8086425463647459,0.8086346961682578,-0.0007850196488079497,1,1
1414,584,0.7952918624195061,0.7952590327976067,-0.0032829621899432837,1,1
1415,584,0.9759587427003338,0.9759341212736504,-0.002462142668335776,1,1
1416,584,0.981993874727997,0.9818623986955146,-0.01314760324824249,1,1
1417,584,0.963763895446424,0.9635848377751933,-0.017905767123072014,1,1
1418,584,0.9443413388584785,0.9441970157153753,-0.014432314310319772,1,1
1419,584,0.9628334003922984,0.9626726775101863,-0.01607228821121076,1,1
1420,584,0.3185208973533934,0.3184501628029829,-0.007073455041051169,1,1
1421,584,0.41648544937091175,0.41642135169970257,-0.006409767120918453,1,1
1422,584,0.3097258211136307,0.3086517622482215,-0.10740588654091776,1,1
1423,584,0.3487993055099093,0.3488497424863056,0.0050436976396339706,1,1
1424,584,0.47264694449184064,0.4724913889070275,-0.015555558481311627,1,1
1425,584,0.6893023015867964,0.689257760171084,-0.004454141571241799,1,1
1426,584,0.7328103029485629,0.7328420282591266,0.003172531056372385,1,1
1427,584,0.737562537309647,0.7377283417227207,0.0165804413073678,1,1
1428,584,0.7097604841702038,0.7098474971947223,0.0087013024518523,1,1
1429,584,0.6985064742209492,0.6987179868949253,0.021151267397601092,1,1
1430,586,1.0,1.0,0.0,1,1
1431,586,1.0,1.0,0.0,1,1
1432,586,1.0,1.0,0.0,1,1
1433,586,1.0,1.0,0.0,1,1
1434,586,1.0,1.0,0.0,1,1
1435,586,1.0,1.0,0.0,1,1
1436,586,1.0,1.0,0.0,1,1
1437,586,1.0,1.0,0.0,1,1
1438,586,1.0,1.0,0.0,1,1
1439,586,1.0,1.0,0.0,1,1
1440,586,1.0,1.0,0.0,1,1
1441,586,1.0,1.0,0.0,1,1
1442,586,1.0,1.0,0.0,1,1
1443,586,1.0,1.0,0.0,1,1
1444,586,1.0,1.0,0.0,1,1
1445,586,1.0,1.0,0.0,1,1
1446,586,1.0,1.0,0.0,1,1
1447,586,1.0,1.0,0.0,1,1
1448,586,1.0,1.0,0.0,1,1
1449,586,1.0,1.0,0.0,1,1
1450,586,1.0,1.0,0.0,1,1
1451,586,1.0,1.0,0.0,1,1
1452,586,1.0,1.0,0.0,1,1
1453,586,1.0,1.0,0.0,1,1
1454,586,1.0,1.0,0.0,1,1
1455,586,1.0,1.0,0.0,1,1
1456,586,1.0,1.0,0.0,1,1
1457,586,1.0,1.0,0.0,1,1
1458,586,1.0,1.0,0.0,1,1
1459,586,1.0,1.0,0.0,1,1
1460,586,1.0,1.0,0.0,1,1
1461,586,1.0,1.0,0.0,1,1
1462,586,1.0,1.0,0.0,1,1
1463,586,1.0,1.0,0.0,1,1
1464,586,1.0,1.0,0.0,1,1
1465,586,1.0,1.0,0.0,1,1
1466,586,1.0,1.0,0.0,1,1
1467,586,1.0,1.0,0.0,1,1
1468,586,1.0,1.0,0.0,1,1
1469,586,1.0,1.0,0.0,1,1
1470,588,0.9092000008286949,0.9093125367703783,0.011253594168336711,1,1
1471,588,0.9050980439624415,0.9052563088476098,0.015826488516823556,1,1
1472,588,0.9046076602661444,0.9048554609274363,0.024780066129193035,1,1
1473,588,0.9049121706969312,0.9050533362802724,0.014116558334120732,1,1
1474,588,0.8991147713099391,0.8992164950838789,0.010172377393979914,1,1
1475,588,0.7870021754720891,0.7866560503149175,-0.0346125157171584,1,1
1476,588,0.801625038804136,0.8017340860269144,0.010904722277838008,1,1
1477,588,0.7887469189465625,0.7890372236875841,0.029030474102165194,1,1
1478,588,0.779755223531102,0.7798337112970655,0.007848776596341978,1,1
1479,588,0.7896337049523291,0.7897042535807582,0.0070548628429145666,1,1
1480,588,0.8473014960875527,0.8476308638652237,0.0329367777671008,1,1
1481,588,0.8596953280853199,0.8601106628992082,0.041533481388833504,1,1
1482,588,0.8778875854511758,0.8781474682542982,0.025988280312239098,1,1
1483,588,0.8786206607038433,0.8788620758259774,0.024141512213415872,1,1
1484,588,0.8365028483401546,0.8366090163875227,0.01061680473680715,1,1
1485,588,0.6011664363905459,0.6017354114462229,0.056897505567699014,1,1
1486,588,0.6148773248058578,0.615252771966682,0.037544716082427154,1,1
1487,588,0.549563798017221,0.5500502061098673,0.04864080926463288,1,1
1488,588,0.5718398101326534,0.5721950218753529,0.03552117426994794,1,1
1489,588,0.5595318611668428,0.5597004496863425,0.016858851949963505,1,1
1490,588,0.8489408503650986,0.8489162614906633,-0.0024588874435238495,1,1
1491,588,0.8531994835556217,0.8532192526149102,0.001976905928846584,1,1
1492,588,0.8712676023893959,0.8712539283771972,-0.0013674012198761076,1,1
1493,588,0.8866636837556006,0.8866336022214721,-0.0030081534128423293,1,1
1494,588,0.8534770194411526,0.8534868105842538,0.000979114310117879,1,1
1495,588,0.9342955442770248,0.9345569319165422,0.026138763951744082,1,1
1496,588,0.9790953253904566,0.9791954793227368,0.01001539322801337,1,1
1497,588,0.9381519837336018,0.9385075998957979,0.035561616219614844,1,1
1498,588,0.9889200336535741,0.9890625339741642,0.014250032059015538,1,1
1499,588,0.9740803370247574,0.9742606204169202,0.018028339216280553,1,1
1500,588,0.8928784483621222,0.8928289030493761,-0.004954531274603546,1,1
1501,588,0.8717829234399616,0.8716623872423325,-0.012053619762908419,1,1
1502,588,0.8884982062545669,0.8885275265869544,0.0029320332387561265,1,1
1503,588,0.8869683931607152,0.8869041893924893,-0.006420376822591223,1,1
1504,588,0.8734922839918358,0.873263098379968,-0.02291856118677993,1,1
1505,588,0.793682638135489,0.7940223994085729,0.03397612730838828,1,1
1506,588,0.7744663025933868,0.7745701033721255,0.01038007787387274,1,1
1507,588,0.8008035502623475,0.8011407422989438,0.033719203659632324,1,1
1508,588,0.7923843620924369,0.7925118501492079,0.012748805677098574,1,1
1509,588,0.7732940604082338,0.7734975409226922,0.020348051445839843,1,1
1510,590,0.993400597629964,0.993372453984799,-0.0028143645165013,1,1
1511,590,0.9866821506954561,0.9866964878833259,0.00143371878698062,1,1
1512,590,0.9969452546327598,0.9969452546327598,0.0,1,1
1513,590,0.9999114054451803,0.9999114054451803,0.0,1,1
1514,590,1.0,1.0,0.0,1,1
1515,590,1.0,1.0,0.0,1,1
1516,590,0.999823980481004,0.999823980481004,0.0,1,1
1517,590,0.9990112629202463,0.9990112629202463,0.0,1,1
1518,590,0.9955132058106048,0.9955132058106048,0.0,1,1
1519,590,0.99799754366278,0.99799754366278,0.0,1,1
1520,590,0.9588282112865826,0.9588900937628083,0.006188247622573861,1,1
1521,590,0.9794953021908619,0.9794953021908619,0.0,1,1
1522,590,0.9585388865529326,0.9585601007258057,0.0021214172873040837,1,1
1523,590,0.9338878238407629,0.9339491089389523,0.006128509818947858,1,1
1524,590,0.9178332594368843,0.917831553894122,-0.00017055427623535735,1,1
1525,590,1.0,1.0,0.0,1,1
1526,590,1.0,1.0,0.0,1,1
1527,590,1.0,1.0,0.0,1,1
1528,590,1.0,1.0,0.0,1,1
1529,590,1.0,1.0,0.0,1,1
1530,590,1.0,1.0,0.0,1,1
1531,590,1.0,1.0,0.0,1,1
1532,590,0.9999122807017545,0.9999122807017545,0.0,1,1
1533,590,0.9997376526530889,0.9997376526530889,0.0,1,1
1534,590,0.9997376526530889,0.9997376526530889,0.0,1,1
1535,590,0.9997800938720007,0.9997800938720007,0.0,1,1
1536,590,0.9955193915653043,0.9955193915653043,0.0,1,1
1537,590,0.9983446321463507,0.9983446321463507,0.0,1,1
1538,590,0.9998666627158738,0.9998666627158738,0.0,1,1
1539,590,1.0,1.0,0.0,1,1
1540,590,1.0,1.0,0.0,1,1
1541,590,1.0,1.0,0.0,1,1
1542,590,1.0,1.0,0.0,1,1
1543,590,1.0,1.0,0.0,1,1
1544,590,1.0,1.0,0.0,1,1
1545,592,0.6140968222499116,0.6155526246397416,0.14558023898300076,1,1
1546,592,0.650901642432036,0.6518677329028615,0.09660904708255202,1,1
1547,592,0.6535132251223249,0.654582990294469,0.10697651721440771,1,1
1548,592,0.6706204598243737,0.6717960948384784,0.11756350141046701,1,1
1549,592,0.7135174818520478,0.7153664566065422,0.18489747544944146,1,1
1550,592,0.9958419519679689,0.9958419519679689,0.0,1,1
1551,592,0.9991793319559397,0.9991793319559397,0.0,1,1
1552,592,0.9291715051163808,0.9286465414610113,-0.05249636553694703,1,1
1553,592,0.997019511308892,0.9969590188704468,-0.006049243844519214,1,1
1554,592,1.0,1.0,0.0,1,1
1555,592,0.3245525484175409,0.32490809032910256,0.035554191156167425,53,53
1556,592,0.38681829333522616,0.3868518861985667,0.0033592863340536905,3,3
1557,592,0.5461080035135225,0.5464296043745605,0.03216008610379406,1,1
1558,592,0.46701370396977876,0.4675935177957669,0.057981382598815134,1,1
1559,592,0.4503810033020982,0.45131754882455466,0.09365455224564778,1,1
1560,592,0.8163369660762059,0.8159195620805544,-0.041740399565148856,1,1
1561,592,0.8269119725486034,0.8264686083082594,-0.04433642403439686,1,1
1562,592,0.8495372029899506,0.849178602460188,-0.03586005297626649,1,1
1563,592,0.8431215959699061,0.8429325933843859,-0.018900258552023708,1,1
1564,592,0.7898355665511689,0.7890466172382627,-0.07889493129061842,1,1
1565,592,0.9832959787270582,0.9839908861604117,0.06949074333535421,1,1
1566,592,0.9592468449566042,0.9590503272924203,-0.01965176641838262,1,1
1567,592,0.9413105062515023,0.9414413073014775,0.013080104997520436,1,1
1568,592,0.9194975977526344,0.9191790452332742,-0.031855251936019346,1,1
1569,592,0.9500191491095542,0.9499996431211049,-0.001950598844935314,1,1
1570,592,0.8697609625039165,0.8698397703297617,0.007880782584512858,1,1
1571,592,0.8701397312856949,0.8700843634301928,-0.005536785550208645,1,1
1572,592,0.866327082844875,0.8664382537899872,0.011117094511214898,1,1
1573,592,0.8678416351568956,0.8680638491944396,0.02222140375439663,1,1
1574,592,0.8820667037002614,0.8822258313455715,0.01591276453101198,1,1
1575,594,0.9219522581300822,0.922284670661356,0.03324125312738069,1,1
1576,594,0.9129409369070398,0.9132664411081705,0.032550420113064416,1,1
1577,594,0.8969080981832374,0.8969196035265892,0.001150534335181419,1,1
1578,594,0.8788286689351659,0.8786636341655255,-0.01650347696403598,1,1
1579,594,0.8833292256017732,0.8834905293651375,0.016130376336431773,1,1
1580,594,1.0,1.0,0.0,1,1
1581,594,1.0,1.0,0.0,1,1
1582,594,1.0,1.0,0.0,1,1
1583,594,1.0,1.0,0.0,1,1
1584,594,1.0,1.0,0.0,1,1
1585,594,0.8181457228141937,0.8184188689585765,0.02731461443827854,1,1
1586,594,0.8423082076329094,0.8427935853503737,0.048537771746437475,1,1
1587,594,0.8415407489002575,0.8419171492535892,0.03764003533316407,1,1
1588,594,0.8588294815753192,0.8590104059243151,0.018092434899585896,1,1
1589,594,0.8737545670555326,0.8739112164270254,0.01566493714928452,1,1
1590,594,0.9013220656429195,0.9014887549756481,0.016668933272856457,1,1
1591,594,0.9043111323292006,0.9042973149097229,-0.0013817419477701876,1,1
1592,594,0.8979749525328251,0.8977661608441865,-0.020879168863863207,1,1
1593,594,0.8851197043835994,0.8850858428141146,-0.0033861569484816556,1,1
1594,594,0.8813582345731282,0.8813618299553544,0.00035953822261625135,1,1
1595,594,0.9937892632884817,0.9938270479675708,0.0037784679089103435,1,1
1596,594,0.9924306420123064,0.9924597463126152,0.0029104300308890885,1,1
1597,594,0.9939146981511594,0.9939146981511594,0.0,1,1
1598,594,0.995012715680574,0.9950519534993812,0.0039237818807214,1,1
1599,594,0.9948406635906181,0.9948406635906181,0.0,1,1
1600,594,0.6828312811044132,0.6811950150494566,-0.16362660549565922,1,1
1601,594,0.7433693903361348,0.7419855665024692,-0.13838238336656428,1,1
1602,594,0.7617837536513891,0.7599534671144975,-0.18302865368915455,1,1
1603,594,0.8427781139305256,0.8412561365506889,-0.15219773798367253,1,1
1604,594,0.6661560927701093,0.6646558414147938,-0.15002513553155072,1,1
1605,594,0.6847407739648005,0.6838250802232535,-0.09156937415469857,1,1
1606,594,0.6571798295363617,0.6565457723896354,-0.06340571467262635,1,1
1607,594,0.7169765695652296,0.7166338543623479,-0.034271520288164936,1,1
1608,594,0.866565633331763,0.8644373721725653,-0.21282611591976197,1,1
1609,594,0.7510233403904643,0.750583163753942,-0.044017663652229366,1,1
1610,596,0.9910101813226009,0.9909799401352168,-0.0030241187384039137,1,1
1611,596,0.9957186256948005,0.9956178715566234,-0.01007541381771171,1,1
1612,596,0.9879611346333538,0.9878139982926728,-0.014713634068097559,1,1
1613,596,0.9907194302123837,0.9906707232359839,-0.004870697639980381,1,1
1614,596,0.9934927230064567,0.9934344159960535,-0.005830701040321351,1,1
1615,596,0.8263862428942664,0.8263481097079963,-0.00381331862701062,1,1
1616,596,0.7753474170010113,0.7751826283553487,-0.016478864566260576,1,1
1617,596,0.8128113618728724,0.8128505296749706,0.003916780209822779,1,1
1618,596,0.801674579576218,0.8016502576828777,-0.002432189334033996,1,1
1619,596,0.7928793992754832,0.7928295297891413,-0.004986948634189137,1,1
1620,596,0.9996780515668406,0.9996780515668406,0.0,1,1
1621,596,0.9915621422494268,0.9915621422494268,0.0,1,1
1622,596,0.963697310620359,0.9637383751390355,0.004106451867647021,1,1
1623,596,0.9592318905649738,0.9592748030788165,0.004291251384269668,1,1
1624,596,0.9797500286703881,0.9797839204215,0.0033891751111903012,1,1
1625,596,1.0,1.0,0.0,1,1
1626,596,1.0,1.0,0.0,1,1
1627,596,1.0,1.0,0.0,1,1
1628,596,1.0,1.0,0.0,1,1
1629,596,1.0,1.0,0.0,1,1
1630,596,0.9737501836678756,0.973775867737038,0.0025684069162368317,1,1
1631,596,0.9757090187580599,0.9756856990853632,-0.002331967269675328,1,1
1632,596,0.9766110094850342,0.9766110094850342,0.0,1,1
1633,596,0.991350824482639,0.9913246601707603,-0.0026164311878740243,1,1
1634,596,0.9822575740918051,0.9821750723646088,-0.008250172719637128,1,1
1635,596,0.9983934559100154,0.998360041360764,-0.0033414549251431502,1,1
1636,596,0.9979847020162878,0.9979508920851295,-0.0033809931158201856,1,1
1637,596,1.0,1.0,0.0,1,1
1638,596,1.0,1.0,0.0,1,1
1639,596,1.0,1.0,0.0,1,1
1640,596,0.9692257432086273,0.9691925177972507,-0.0033225411376625047,1,1
1641,596,0.9981507528593254,0.9981507528593254,0.0,1,1
1642,596,0.9997427455042877,0.9996788292358231,-0.006391626846458109,1,1
1643,596,0.9956859617484124,0.9955576066612377,-0.01283550871746808,1,1
1644,596,0.9915840804308924,0.9915446715638973,-0.0039408866995160885,1,1
1645,596,1.0,1.0,0.0,1,1
1646,596,1.0,1.0,0.0,1,1
1647,596,1.0,1.0,0.0,1,1
1648,596,1.0,1.0,0.0,1,1
1649,596,1.0,1.0,0.0,1,1
1650,598,0.9986650251617541,0.9986650251617541,0.0,1,1
1651,598,1.0,1.0,0.0,1,1
1652,598,1.0,1.0,0.0,1,1
1653,598,1.0,1.0,0.0,1,1
1654,598,1.0,1.0,0.0,1,1
1655,598,0.7941167951984061,0.7939470075608809,-0.01697876375251761,1,1
1656,598,0.8077218842890868,0.8077743580522052,0.005247376311845464,1,1
1657,598,0.8001106232638955,0.8001106232638955,0.0,1,1
1658,598,0.620114260976494,0.6201411162851993,0.002685530870527586,1,1
1659,598,0.7919522416425234,0.7918613333538828,-0.009090828864066758,1,1
1660,598,0.5708113270065363,0.5707601019991418,-0.00512250073944065,1,1
1661,598,0.5748583949861544,0.5744821914946896,-0.03762034914648327,1,1
1662,598,0.5705457222356827,0.5706455256438148,0.00998034081320931,1,1
1663,598,0.5940408194089534,0.5939414350803487,-0.009938432860467916,1,1
1664,598,0.5379842732705811,0.537979677335619,-0.00045959349620483536,1,1
1665,598,0.6268014136925801,0.6261839765212275,-0.061743717135265275,1,1
1666,598,0.6250355995692809,0.62450692400426,-0.05286755650208974,1,1
1667,598,0.6596452329647639,0.6597535399027078,0.010830693794394719,1,1
1668,598,0.5881092964001148,0.5881033474276526,-0.000594897246219972,1,1
1669,598,0.630267077351264,0.629938126865597,-0.03289504856669456,1,1
1670,598,0.616972018478572,0.6168878632827269,-0.008415519584503706,1,1
1671,598,0.6792452496011921,0.678762352477049,-0.04828971241431779,1,1
1672,598,0.7054975571389706,0.7043231212634454,-0.11744358755251261,1,1
1673,598,0.7116722087143414,0.710666495921554,-0.10057127927874943,1,1
1674,598,0.7420450520440949,0.741353945767764,-0.0691106276330844,1,1
1675,600,0.9999675324675324,0.9999675324675324,0.0,1,1
1676,600,1.0,1.0,0.0,1,1
1677,600,1.0,1.0,0.0,1,1
1678,600,0.9995488721804512,0.9995488721804512,0.0,1,1
1679,600,1.0,1.0,0.0,1,1
1680,600,0.9998723064644852,0.9998723064644852,0.0,1,1
1681,600,0.9994139194139195,0.9994139194139195,0.0,1,1
1682,600,0.9985660696675142,0.9984665538032212,-0.009951586429290948,1,1
1683,600,0.99972049689441,0.99972049689441,0.0,1,1
1684,600,0.9741056366536528,0.9740329829144857,-0.00726537391670945,1,1
1685,600,1.0,1.0,0.0,1,1
1686,600,1.0,1.0,0.0,1,1
1687,600,1.0,1.0,0.0,1,1
1688,600,1.0,1.0,0.0,1,1
1689,600,1.0,1.0,0.0,1,1
1690,600,1.0,1.0,0.0,1,1
1691,600,1.0,1.0,0.0,1,1
1692,600,0.9989711662630114,0.9989711662630114,0.0,1,1
1693,600,0.9986629597555536,0.9986629597555536,0.0,1,1
1694,600,0.9044230464980769,0.9049127131748098,0.048966667673289166,1,1
1695,600,1.0,1.0,0.0,1,1
1696,600,1.0,1.0,0.0,1,1
1697,600,1.0,1.0,0.0,1,1
1698,600,1.0,1.0,0.0,1,1
1699,600,1.0,1.0,0.0,1,1
1700,600,0.9993362193362194,0.999361856417694,0.002563708147462762,1,1
1701,600,0.9992857142857143,0.9992857142857143,0.0,1,1
1702,600,0.9987104930467763,0.9987104930467763,0.0,1,1
1703,600,0.9992857142857143,0.9992857142857143,0.0,1,1
1704,600,1.0,1.0,0.0,1,1
1705,600,1.0,1.0,0.0,1,1
1706,600,1.0,1.0,0.0,1,1
1707,600,1.0,1.0,0.0,1,1
1708,600,1.0,1.0,0.0,1,1
1709,600,1.0,1.0,0.0,1,1
1710,600,1.0,1.0,0.0,1,1
1711,600,1.0,1.0,0.0,1,1
1712,600,1.0,1.0,0.0,1,1
1713,600,1.0,1.0,0.0,1,1
1714,600,1.0,1.0,0.0,1,1
