fold,record_index,identity,scene,positive_count,output,delta_ap_pp,rank1_repaired,rank1_new_error,control_ap,control_first_match_rank,control_last_positive_rank,control_nearest_negative_record,control_nearest_negative_identity,control_nearest_negative_scene,candidate_ap,candidate_first_match_rank,candidate_last_positive_rank,candidate_nearest_negative_record,candidate_nearest_negative_identity,candidate_nearest_negative_scene
0,0,1,2,2,baseline_only,0.0,False,False,0.11212121212121212,11,15,542,165,17,0.11212121212121212,11,15,542,165,17
0,1,1,2,2,baseline_only,0.0,False,False,0.16666666666666666,6,12,414,103,11,0.16666666666666666,6,12,414,103,11
0,2,1,2,2,baseline_only,0.0,False,False,0.5526315789473684,1,19,545,165,17,0.5526315789473684,1,19,545,165,17
0,3,1,12,3,baseline_only,0.0,False,False,0.17733990147783252,3,29,480,134,14,0.17733990147783252,3,29,480,134,14
0,4,1,12,3,baseline_only,0.0,False,False,0.11565678903140203,14,19,478,134,14,0.11565678903140203,14,19,478,134,14
0,34,9,0,20,baseline_only,0.0,False,False,0.09319529991918611,19,176,775,256,0,0.09319529991918611,19,176,775,256,0
0,35,9,0,20,baseline_only,0.0,False,False,0.1488556735865631,4,149,776,256,0,0.1488556735865631,4,149,776,256,0
0,36,9,0,20,baseline_only,0.0,False,False,0.12547371290263704,23,167,623,195,0,0.12547371290263704,23,167,623,195,0
0,37,9,0,20,baseline_only,0.0,False,False,0.16104928518187506,2,174,780,256,0,0.16104928518187506,2,174,780,256,0
0,38,9,0,20,baseline_only,0.0,False,False,0.15115011622808935,6,149,779,256,0,0.15115011622808935,6,149,779,256,0
0,39,9,0,20,baseline_only,0.0,False,False,0.1444030229985197,15,160,780,256,0,0.1444030229985197,15,160,780,256,0
0,40,9,0,20,baseline_only,0.0,False,False,0.22820036776870536,8,136,781,256,0,0.22820036776870536,8,136,781,256,0
0,41,9,0,20,baseline_only,0.0,False,False,0.07895834796250546,41,208,781,256,0,0.07895834796250546,41,208,781,256,0
0,42,9,2,25,baseline_only,0.0,False,False,0.5251834850904038,1,85,414,103,11,0.5251834850904038,1,85,414,103,11
0,43,9,2,25,baseline_only,0.0,False,False,0.8340714162022692,1,60,430,109,11,0.8340714162022692,1,60,430,109,11
0,44,9,2,25,baseline_only,0.0,False,False,0.8083077457785428,1,38,430,109,11,0.8083077457785428,1,38,430,109,11
0,45,9,12,24,baseline_only,0.0,False,False,0.5434468023587644,1,114,449,121,12,0.5434468023587644,1,114,449,121,12
0,46,9,12,24,baseline_only,0.0,False,False,0.5976270510701925,1,61,430,109,11,0.5976270510701925,1,61,430,109,11
0,47,9,12,24,baseline_only,0.0,False,False,0.6879815738712,1,71,251,54,5,0.6879815738712,1,71,251,54,5
0,48,9,12,24,baseline_only,0.0,False,False,0.45550483924474655,1,77,251,54,5,0.45550483924474655,1,77,251,54,5
0,49,9,25,23,baseline_only,0.0,False,False,0.49058692085977357,1,183,88,15,17,0.49058692085977357,1,183,88,15,17
0,50,9,25,23,baseline_only,0.0,False,False,0.6158922961447476,1,158,395,99,28,0.6158922961447476,1,158,395,99,28
0,51,9,25,23,baseline_only,0.0,False,False,0.4906141114950439,1,173,251,54,5,0.4906141114950439,1,173,251,54,5
0,52,9,25,23,baseline_only,0.0,False,False,0.6231682988613894,1,113,157,27,25,0.6231682988613894,1,113,157,27,25
0,53,9,25,23,baseline_only,0.0,False,False,0.553262725252142,1,142,156,27,25,0.553262725252142,1,142,156,27,25
0,54,9,28,20,baseline_only,0.0,False,False,0.532141987445125,1,102,388,99,27,0.532141987445125,1,102,388,99,27
0,55,9,28,20,baseline_only,0.0,False,False,0.40496279058889817,1,117,389,99,27,0.40496279058889817,1,117,389,99,27
0,56,9,28,20,baseline_only,0.0,False,False,0.3115938205393691,1,151,383,99,26,0.3115938205393691,1,151,383,99,26
0,57,9,28,20,baseline_only,0.0,False,False,0.5529286661980375,1,102,250,54,5,0.5529286661980375,1,102,250,54,5
0,58,9,28,20,baseline_only,0.0,False,False,0.37965361191138247,1,107,251,54,5,0.37965361191138247,1,107,251,54,5
0,59,9,28,20,baseline_only,0.0,False,False,0.4112110131536076,1,137,157,27,25,0.4112110131536076,1,137,157,27,25
0,60,9,28,20,baseline_only,0.0,False,False,0.386362530718806,1,172,395,99,28,0.386362530718806,1,172,395,99,28
0,61,9,28,20,baseline_only,0.0,False,False,0.3675232624821846,1,169,157,27,25,0.3675232624821846,1,169,157,27,25
0,82,15,2,7,baseline_only,0.0,False,False,0.15699769582350523,4,49,374,99,11,0.15699769582350523,4,49,374,99,11
0,83,15,2,7,baseline_only,0.0,False,False,0.20688203351516046,5,50,396,99,28,0.20688203351516046,5,50,396,99,28
0,84,15,2,7,baseline_only,0.0,False,False,0.4866580866580867,1,40,374,99,11,0.4866580866580867,1,40,374,99,11
0,85,15,12,8,baseline_only,0.0,False,False,0.3979256854256854,2,45,374,99,11,0.3979256854256854,2,45,374,99,11
0,86,15,12,8,baseline_only,0.0,False,False,0.44160436024003097,1,42,374,99,11,0.44160436024003097,1,42,374,99,11
0,87,15,17,5,baseline_only,0.0,False,False,0.14415584415584415,3,44,388,99,27,0.14415584415584415,3,44,388,99,27
0,88,15,17,5,baseline_only,0.0,False,False,0.07480083641848348,17,66,395,99,28,0.07480083641848348,17,66,395,99,28
0,89,15,17,5,baseline_only,0.0,False,False,0.14826530612244898,3,49,396,99,28,0.14826530612244898,3,49,396,99,28
0,90,15,17,5,baseline_only,0.0,False,False,0.2537029637029637,4,21,386,99,26,0.2537029637029637,4,21,386,99,26
0,91,15,17,5,baseline_only,0.0,False,False,0.20418318523581683,5,28,387,99,26,0.20418318523581683,5,28,387,99,26
0,114,21,3,7,baseline_only,0.0,False,False,0.13061994662938511,11,47,213,40,18,0.13061994662938511,11,47,213,40,18
0,115,21,3,7,baseline_only,0.0,False,False,0.13712408853604868,8,43,210,40,17,0.13712408853604868,8,43,210,40,17
0,116,21,30,2,baseline_only,0.0,False,False,0.04564102564102564,25,39,211,40,17,0.04564102564102564,25,39,211,40,17
0,117,21,30,2,baseline_only,0.0,False,False,0.05626780626780627,26,27,211,40,17,0.05626780626780627,26,27,211,40,17
0,118,21,30,2,baseline_only,0.0,False,False,0.034417344173441736,41,45,211,40,17,0.034417344173441736,41,45,211,40,17
0,119,21,30,2,baseline_only,0.0,False,False,0.028820116054158608,47,55,211,40,17,0.028820116054158608,47,55,211,40,17
0,120,21,30,2,baseline_only,0.0,False,False,0.02620841180163214,54,59,211,40,17,0.02620841180163214,54,59,211,40,17
0,121,21,30,2,baseline_only,0.0,False,False,0.040625,32,40,211,40,17,0.040625,32,40,211,40,17
0,122,21,30,2,baseline_only,0.0,False,False,0.038157894736842106,38,40,211,40,17,0.038157894736842106,38,40,211,40,17
0,150,27,4,6,baseline_only,0.0,False,False,0.12895299145299147,9,40,83,15,2,0.12895299145299147,9,40,83,15,2
0,151,27,4,6,baseline_only,0.0,False,False,0.5801587301587302,1,21,608,186,20,0.5801587301587302,1,21,608,186,20
0,152,27,25,2,baseline_only,0.0,False,False,0.09999999999999999,7,35,388,99,27,0.09999999999999999,7,35,388,99,27
0,153,27,25,2,baseline_only,0.0,False,False,0.034722222222222224,36,48,376,99,25,0.034722222222222224,36,48,376,99,25
0,154,27,25,2,baseline_only,0.0,False,False,0.04880952380952381,21,40,378,99,25,0.04880952380952381,21,40,378,99,25
0,155,27,25,2,baseline_only,0.0,False,False,0.04206349206349206,35,36,389,99,27,0.04206349206349206,35,36,389,99,27
0,156,27,25,2,baseline_only,0.0,False,False,0.03954175905395418,33,41,389,99,27,0.03954175905395418,33,41,389,99,27
0,157,27,25,2,baseline_only,0.0,False,False,0.04643206256109482,31,33,389,99,27,0.04643206256109482,31,33,389,99,27
0,169,33,4,13,baseline_only,0.0,False,False,1.0,1,13,697,234,0,1.0,1,13,697,234,0
0,170,33,4,13,baseline_only,0.0,False,False,1.0,1,13,244,48,5,1.0,1,13,244,48,5
0,171,33,4,13,baseline_only,0.0,False,False,1.0,1,13,243,48,5,1.0,1,13,243,48,5
0,172,33,5,14,baseline_only,0.0,False,False,0.8816711183307823,1,17,243,48,5,0.8816711183307823,1,17,243,48,5
0,173,33,5,14,baseline_only,0.0,False,False,0.9387816548530834,1,16,244,48,5,0.9387816548530834,1,16,244,48,5
0,174,33,9,13,baseline_only,0.0,False,False,0.9945054945054945,1,14,243,48,5,0.9945054945054945,1,14,243,48,5
0,175,33,9,13,baseline_only,0.0,False,False,0.9751850713389175,1,14,244,48,5,0.9751850713389175,1,14,244,48,5
0,176,33,9,13,baseline_only,0.0,False,False,0.9885883347421809,1,14,532,159,16,0.9885883347421809,1,14,532,159,16
0,177,33,14,11,baseline_only,0.0,False,False,0.9516705516705517,1,13,243,48,5,0.9516705516705517,1,13,243,48,5
0,178,33,14,11,baseline_only,0.0,False,False,0.9750688705234161,1,12,244,48,5,0.9750688705234161,1,12,244,48,5
0,179,33,14,11,baseline_only,0.0,False,False,0.9342069546615,1,13,244,48,5,0.9342069546615,1,13,244,48,5
0,180,33,14,11,baseline_only,0.0,False,False,0.8953791158336614,1,14,244,48,5,0.8953791158336614,1,14,244,48,5
0,181,33,14,11,baseline_only,0.0,False,False,0.9442325351416261,1,13,243,48,5,0.9442325351416261,1,13,243,48,5
0,182,33,18,13,baseline_only,0.0,False,False,0.864220909809145,1,17,244,48,5,0.864220909809145,1,17,244,48,5
0,183,33,18,13,baseline_only,0.0,False,False,0.9156870906870906,1,15,244,48,5,0.9156870906870906,1,15,244,48,5
0,184,33,18,13,baseline_only,0.0,False,False,0.9681776556776557,1,16,243,48,5,0.9681776556776557,1,16,243,48,5
0,205,40,5,10,baseline_only,0.0,False,False,0.7588028024606972,1,38,320,82,10,0.7588028024606972,1,38,320,82,10
0,206,40,5,10,baseline_only,0.0,False,False,0.7143646893646893,1,37,347,91,10,0.7143646893646893,1,37,347,91,10
0,207,40,5,10,baseline_only,0.0,False,False,0.7181699346405229,1,36,114,21,3,0.7181699346405229,1,36,114,21,3
0,208,40,6,11,baseline_only,0.0,False,False,0.6457431457431457,1,28,117,21,30,0.6457431457431457,1,28,117,21,30
0,209,40,6,11,baseline_only,0.0,False,False,0.9406172110717566,1,12,318,82,10,0.9406172110717566,1,12,318,82,10
0,210,40,17,10,baseline_only,0.0,False,False,0.42913648419129735,1,66,920,298,0,0.42913648419129735,1,66,920,298,0
0,211,40,17,10,baseline_only,0.0,False,False,0.21009802795270777,4,58,121,21,30,0.21009802795270777,4,58,121,21,30
0,212,40,17,10,baseline_only,0.0,False,False,0.4707916524380241,1,75,961,310,0,0.4707916524380241,1,75,961,310,0
0,213,40,18,11,baseline_only,0.0,False,False,0.5488275613275614,1,60,321,82,22,0.5488275613275614,1,60,321,82,22
0,214,40,18,11,baseline_only,0.0,False,False,0.9679144385026738,1,17,114,21,3,0.9679144385026738,1,17,114,21,3
0,215,40,20,10,baseline_only,0.0,False,False,0.4394851845143607,1,57,120,21,30,0.4394851845143607,1,57,120,21,30
0,216,40,20,10,baseline_only,0.0,False,False,0.6543650793650794,1,40,118,21,30,0.6543650793650794,1,40,118,21,30
0,217,40,20,10,baseline_only,0.0,False,False,0.8800000000000001,1,16,116,21,30,0.8800000000000001,1,16,116,21,30
0,264,64,0,8,baseline_only,0.0,False,False,0.15371476037991466,18,37,937,304,0,0.15371476037991466,18,37,937,304,0
0,265,64,0,8,baseline_only,0.0,False,False,0.13763353617308993,18,48,938,304,0,0.13763353617308993,18,48,938,304,0
0,266,64,0,8,baseline_only,0.0,False,False,0.2881431519976412,7,24,943,304,0,0.2881431519976412,7,24,943,304,0
0,267,64,0,8,baseline_only,0.0,False,False,0.11872394908471286,16,69,937,304,0,0.11872394908471286,16,69,937,304,0
0,268,64,0,8,baseline_only,0.0,False,False,0.2047684587446416,7,37,943,304,0,0.2047684587446416,7,37,943,304,0
0,269,64,0,8,baseline_only,0.0,False,False,0.47426739926739925,2,21,943,304,0,0.47426739926739925,2,21,943,304,0
0,270,64,7,12,baseline_only,0.0,False,False,0.6297728594361721,1,28,733,242,28,0.6297728594361721,1,28,733,242,28
0,271,64,7,12,baseline_only,0.0,False,False,0.5454863484468747,1,27,733,242,28,0.5454863484468747,1,27,733,242,28
0,272,64,21,11,baseline_only,0.0,False,False,0.44896908646908645,4,40,730,242,28,0.44896908646908645,4,40,730,242,28
0,273,64,21,11,baseline_only,0.0,False,False,0.3330049004080568,4,82,732,242,28,0.3330049004080568,4,82,732,242,28
0,274,64,21,11,baseline_only,0.0,False,False,0.4869972830200103,4,32,733,242,28,0.4869972830200103,4,32,733,242,28
0,275,64,22,11,baseline_only,0.0,False,False,0.6596549914731733,1,20,731,242,28,0.6596549914731733,1,20,731,242,28
0,276,64,22,11,baseline_only,0.0,False,False,0.6229978354978355,2,28,730,242,28,0.6229978354978355,2,28,730,242,28
0,277,64,22,11,baseline_only,0.0,False,False,0.6306561798273028,1,25,731,242,28,0.6306561798273028,1,25,731,242,28
0,296,76,9,6,baseline_only,0.0,False,False,0.7529461279461279,1,11,478,134,14,0.7529461279461279,1,11,478,134,14
0,297,76,9,6,baseline_only,0.0,False,False,0.7049242424242425,1,16,669,227,24,0.7049242424242425,1,16,669,227,24
0,298,76,11,5,baseline_only,0.0,False,False,0.8761904761904763,1,7,479,134,14,0.8761904761904763,1,7,479,134,14
0,299,76,11,5,baseline_only,0.0,False,False,0.8761904761904763,1,7,479,134,14,0.8761904761904763,1,7,479,134,14
0,300,76,11,5,baseline_only,0.0,False,False,0.5425,1,16,6,3,2,0.5425,1,16,6,3,2
0,301,76,12,5,baseline_only,0.0,False,False,0.6775757575757575,1,11,478,134,14,0.6775757575757575,1,11,478,134,14
0,302,76,12,5,baseline_only,0.0,False,False,0.8099999999999999,1,10,479,134,14,0.8099999999999999,1,10,479,134,14
0,303,76,12,5,baseline_only,0.0,False,False,0.4333333333333333,2,15,480,134,14,0.4333333333333333,2,15,480,134,14
0,318,82,10,3,baseline_only,0.0,False,False,0.8333333333333334,1,6,213,40,18,0.8333333333333334,1,6,213,40,18
0,319,82,10,3,baseline_only,0.0,False,False,0.8666666666666667,1,5,644,214,22,0.8666666666666667,1,5,644,214,22
0,320,82,10,3,baseline_only,0.0,False,False,0.8666666666666667,1,5,644,214,22,0.8666666666666667,1,5,644,214,22
0,321,82,22,3,baseline_only,0.0,False,False,0.7000000000000001,1,5,644,214,22,0.7000000000000001,1,5,644,214,22
0,322,82,22,3,baseline_only,0.0,False,False,0.8666666666666667,1,5,643,214,22,0.8666666666666667,1,5,643,214,22
0,323,82,22,3,baseline_only,0.0,False,False,0.7222222222222222,1,6,644,214,22,0.7222222222222222,1,6,644,214,22
0,346,91,10,3,baseline_only,0.0,False,False,0.8055555555555555,1,4,643,214,22,0.8055555555555555,1,4,643,214,22
0,347,91,10,3,baseline_only,0.0,False,False,0.20643939393939395,4,16,643,214,22,0.20643939393939395,4,16,643,214,22
0,348,91,13,2,baseline_only,0.0,False,False,0.31666666666666665,2,15,271,64,7,0.31666666666666665,2,15,271,64,7
0,349,91,13,2,baseline_only,0.0,False,False,0.3088235294117647,2,17,491,138,15,0.3088235294117647,2,17,491,138,15
0,350,91,13,2,baseline_only,0.0,False,False,0.7,1,5,491,138,15,0.7,1,5,491,138,15
0,373,99,11,29,baseline_only,0.0,False,False,0.7018556745918013,1,48,154,27,25,0.7018556745918013,1,48,154,27,25
0,374,99,11,29,baseline_only,0.0,False,False,0.6913258184747447,1,46,82,15,2,0.6913258184747447,1,46,82,15,2
0,375,99,25,24,baseline_only,0.0,False,False,0.674231566212362,1,45,154,27,25,0.674231566212362,1,45,154,27,25
0,376,99,25,24,baseline_only,0.0,False,False,0.7735608076296555,1,41,153,27,25,0.7735608076296555,1,41,153,27,25
0,377,99,25,24,baseline_only,0.0,False,False,0.9316044737504137,1,40,82,15,2,0.9316044737504137,1,40,82,15,2
0,378,99,25,24,baseline_only,0.0,False,False,0.8215596426195377,1,43,154,27,25,0.8215596426195377,1,43,154,27,25
0,379,99,25,24,baseline_only,0.0,False,False,0.8327027927334586,1,41,82,15,2,0.8327027927334586,1,41,82,15,2
0,380,99,25,24,baseline_only,0.0,False,False,0.8028152906233864,1,43,156,27,25,0.8028152906233864,1,43,156,27,25
0,381,99,25,24,baseline_only,0.0,False,False,0.8721818935063904,1,40,154,27,25,0.8721818935063904,1,40,154,27,25
0,382,99,26,25,baseline_only,0.0,False,False,0.855350380692486,1,39,91,15,17,0.855350380692486,1,39,91,15,17
0,383,99,26,25,baseline_only,0.0,False,False,0.930169264069264,1,40,155,27,25,0.930169264069264,1,40,155,27,25
0,384,99,26,25,baseline_only,0.0,False,False,0.8156309450692271,1,41,91,15,17,0.8156309450692271,1,41,91,15,17
0,385,99,26,25,baseline_only,0.0,False,False,0.7068710317015057,1,41,89,15,17,0.7068710317015057,1,41,89,15,17
0,386,99,26,25,baseline_only,0.0,False,False,0.7650705475102781,1,43,90,15,17,0.7650705475102781,1,43,90,15,17
0,387,99,26,25,baseline_only,0.0,False,False,0.7838359617669487,1,38,91,15,17,0.7838359617669487,1,38,91,15,17
0,388,99,27,25,baseline_only,0.0,False,False,0.7305114441043216,1,44,87,15,17,0.7305114441043216,1,44,87,15,17
0,389,99,27,25,baseline_only,0.0,False,False,0.8148939341816511,1,44,155,27,25,0.8148939341816511,1,44,155,27,25
0,390,99,27,25,baseline_only,0.0,False,False,0.8516816491833364,1,35,156,27,25,0.8516816491833364,1,35,156,27,25
0,391,99,27,25,baseline_only,0.0,False,False,0.8665481163262203,1,39,155,27,25,0.8665481163262203,1,39,155,27,25
0,392,99,27,25,baseline_only,0.0,False,False,0.7053593994674248,1,49,154,27,25,0.7053593994674248,1,49,154,27,25
0,393,99,27,25,baseline_only,0.0,False,False,0.8212631118389805,1,42,155,27,25,0.8212631118389805,1,42,155,27,25
0,394,99,28,27,baseline_only,0.0,False,False,0.821604569497461,1,43,91,15,17,0.821604569497461,1,43,91,15,17
0,395,99,28,27,baseline_only,0.0,False,False,0.888918299257791,1,45,88,15,17,0.888918299257791,1,45,88,15,17
0,396,99,28,27,baseline_only,0.0,False,False,0.7402999853387657,2,39,89,15,17,0.7402999853387657,2,39,89,15,17
0,397,99,28,27,baseline_only,0.0,False,False,0.8152274975989748,1,43,91,15,17,0.8152274975989748,1,43,91,15,17
0,398,99,30,25,baseline_only,0.0,False,False,0.8002049428407138,1,40,82,15,2,0.8002049428407138,1,40,82,15,2
0,399,99,30,25,baseline_only,0.0,False,False,0.8723107925176237,1,36,82,15,2,0.8723107925176237,1,36,82,15,2
0,400,99,30,25,baseline_only,0.0,False,False,0.7841925092174991,1,38,83,15,2,0.7841925092174991,1,38,83,15,2
0,401,99,30,25,baseline_only,0.0,False,False,0.808415631608427,1,41,90,15,17,0.808415631608427,1,41,90,15,17
0,402,99,30,25,baseline_only,0.0,False,False,0.8208325793531377,1,37,82,15,2,0.8208325793531377,1,37,82,15,2
0,403,99,30,25,baseline_only,0.0,False,False,0.7070309159499777,1,48,89,15,17,0.7070309159499777,1,48,89,15,17
0,430,109,11,1,baseline_only,0.0,False,False,0.021739130434782608,46,46,38,9,0,0.021739130434782608,46,46,38,9,0
0,431,109,11,1,baseline_only,0.0,False,False,0.037037037037037035,27,27,37,9,0,0.037037037037037035,27,27,37,9,0
0,432,109,22,2,baseline_only,0.0,False,False,0.05626780626780627,26,27,579,173,19,0.05626780626780627,26,27,579,173,19
0,449,121,12,7,baseline_only,0.0,False,False,0.41954619362762363,1,53,45,9,12,0.41954619362762363,1,53,45,9,12
0,450,121,12,7,baseline_only,0.0,False,False,0.45494505494505494,1,120,251,54,5,0.45494505494505494,1,120,251,54,5
0,451,121,13,7,baseline_only,0.0,False,False,0.3524090425316092,1,73,271,64,7,0.3524090425316092,1,73,271,64,7
0,452,121,13,7,baseline_only,0.0,False,False,0.4927154195011338,1,45,271,64,7,0.4927154195011338,1,45,271,64,7
0,453,121,17,7,baseline_only,0.0,False,False,0.36225482235334455,1,49,542,165,17,0.36225482235334455,1,49,542,165,17
0,454,121,17,7,baseline_only,0.0,False,False,0.4886125570336097,1,52,349,91,13,0.4886125570336097,1,52,349,91,13
0,455,121,19,6,baseline_only,0.0,False,False,0.4685483870967742,1,40,593,177,19,0.4685483870967742,1,40,593,177,19
0,456,121,19,6,baseline_only,0.0,False,False,0.40014568764568764,1,88,592,177,19,0.40014568764568764,1,88,592,177,19
0,457,121,19,6,baseline_only,0.0,False,False,0.1636492630738155,4,69,592,177,19,0.1636492630738155,4,69,592,177,19
0,490,138,15,4,baseline_only,0.0,False,False,0.575187969924812,1,28,271,64,7,0.575187969924812,1,28,271,64,7
0,491,138,15,4,baseline_only,0.0,False,False,0.6803030303030303,1,33,350,91,13,0.6803030303030303,1,33,350,91,13
0,492,138,21,4,baseline_only,0.0,False,False,0.675,1,20,350,91,13,0.675,1,20,350,91,13
0,493,138,21,4,baseline_only,0.0,False,False,0.18510452961672474,7,41,844,274,0,0.18510452961672474,7,41,844,274,0
0,494,138,28,4,baseline_only,0.0,False,False,0.3489583333333333,1,64,977,316,0,0.3489583333333333,1,64,977,316,0
0,495,138,28,4,baseline_only,0.0,False,False,0.7589285714285714,1,14,643,214,22,0.7589285714285714,1,14,643,214,22
0,520,155,16,3,baseline_only,0.0,False,False,1.0,1,3,644,214,22,1.0,1,3,644,214,22
0,521,155,16,3,baseline_only,0.0,False,False,1.0,1,3,747,248,29,1.0,1,3,747,248,29
0,522,155,24,2,baseline_only,0.0,False,False,1.0,1,2,5,3,2,1.0,1,2,5,3,2
0,523,155,24,2,baseline_only,0.0,False,False,1.0,1,2,747,248,29,1.0,1,2,747,248,29
0,524,155,24,2,baseline_only,0.0,False,False,1.0,1,2,747,248,29,1.0,1,2,747,248,29
0,542,165,17,4,baseline_only,0.0,False,False,0.10237781542129368,9,55,453,121,17,0.10237781542129368,9,55,453,121,17
0,543,165,17,4,baseline_only,0.0,False,False,0.32172619047619044,3,32,904,292,0,0.32172619047619044,3,32,904,292,0
0,544,165,17,4,baseline_only,0.0,False,False,0.283768315018315,6,13,984,316,0,0.283768315018315,6,13,984,316,0
0,545,165,17,4,baseline_only,0.0,False,False,0.14027777777777778,5,36,2,1,2,0.14027777777777778,5,36,2,1,2
0,546,165,19,4,baseline_only,0.0,False,False,0.09305323299888517,8,46,671,227,24,0.09305323299888517,8,46,671,227,24
0,547,165,19,4,baseline_only,0.0,False,False,0.09649192096000607,13,47,669,227,24,0.09649192096000607,13,47,669,227,24
0,548,165,19,4,baseline_only,0.0,False,False,0.07000482845919952,15,89,302,76,12,0.07000482845919952,15,89,302,76,12
0,549,165,19,4,baseline_only,0.0,False,False,0.125,5,40,669,227,24,0.125,5,40,669,227,24
0,574,173,18,4,baseline_only,0.0,False,False,1.0,1,4,667,227,24,1.0,1,4,667,227,24
0,575,173,18,4,baseline_only,0.0,False,False,1.0,1,4,548,165,19,1.0,1,4,548,165,19
0,576,173,19,2,baseline_only,0.0,False,False,1.0,1,2,548,165,19,1.0,1,2,548,165,19
0,577,173,19,2,baseline_only,0.0,False,False,1.0,1,2,456,121,19,1.0,1,2,456,121,19
0,578,173,19,2,baseline_only,0.0,False,False,1.0,1,2,594,177,19,1.0,1,2,594,177,19
0,579,173,19,2,baseline_only,0.0,False,False,1.0,1,2,432,109,22,1.0,1,2,432,109,22
0,620,195,0,2,baseline_only,0.0,False,False,0.04945054945054945,21,39,36,9,0,0.04945054945054945,21,39,36,9,0
0,621,195,0,2,baseline_only,0.0,False,False,0.03901515151515152,24,55,36,9,0,0.03901515151515152,24,55,36,9,0
0,622,195,0,2,baseline_only,0.0,False,False,0.015038444142921756,67,132,36,9,0,0.015038444142921756,67,132,36,9,0
0,623,195,0,2,baseline_only,0.0,False,False,0.010446570972886763,114,165,981,316,0,0.010446570972886763,114,165,981,316,0
0,624,195,0,2,baseline_only,0.0,False,False,0.014425072644250726,73,132,36,9,0,0.014425072644250726,73,132,36,9,0
0,625,195,0,2,baseline_only,0.0,False,False,0.016361950185479597,68,111,37,9,0,0.016361950185479597,68,111,37,9,0
0,626,195,0,2,baseline_only,0.0,False,False,0.1111111111111111,9,18,37,9,0,0.1111111111111111,9,18,37,9,0
0,627,195,22,7,baseline_only,0.0,False,False,0.06470721209084507,12,180,670,227,24,0.06470721209084507,12,180,670,227,24
0,628,195,22,7,baseline_only,0.0,False,False,0.03590321313004689,56,137,157,27,25,0.03590321313004689,56,137,157,27,25
0,696,234,0,3,baseline_only,0.0,False,False,0.00642328665287849,234,343,823,268,0,0.00642328665287849,234,343,823,268,0
0,697,234,0,3,baseline_only,0.0,False,False,0.006172703095780018,275,338,182,33,18,0.006172703095780018,275,338,182,33,18
0,698,234,0,3,baseline_only,0.0,False,False,0.007563587684069613,166,315,820,268,0,0.007563587684069613,166,315,820,268,0
0,699,234,0,3,baseline_only,0.0,False,False,0.007940997788632111,150,319,883,286,0,0.007940997788632111,150,319,883,286,0
0,700,234,0,3,baseline_only,0.0,False,False,0.0067116400459109335,211,337,823,268,0,0.0067116400459109335,211,337,823,268,0
0,701,234,0,3,baseline_only,0.0,False,False,0.0069238896363844615,227,310,820,268,0,0.0069238896363844615,227,310,820,268,0
0,702,234,0,3,baseline_only,0.0,False,False,0.007367871484133779,172,317,937,304,0,0.007367871484133779,172,317,937,304,0
0,703,234,0,3,baseline_only,0.0,False,False,0.0066242760951309015,204,336,940,304,0,0.0066242760951309015,204,336,940,304,0
0,704,234,27,8,baseline_only,0.0,False,False,0.016108253310440968,219,317,415,103,11,0.016108253310440968,219,317,415,103,11
0,705,234,27,8,baseline_only,0.0,False,False,0.01591780753654936,208,332,399,99,30,0.01591780753654936,208,332,399,99,30
0,706,234,27,8,baseline_only,0.0,False,False,0.019582927746476936,171,307,385,99,26,0.019582927746476936,171,307,385,99,26
1,7,5,2,17,baseline_only,0.0,False,False,0.8332417308751012,1,47,720,238,28,0.8332417308751012,1,47,720,238,28
1,8,5,2,17,baseline_only,0.0,False,False,0.752953278909741,1,97,720,238,28,0.752953278909741,1,97,720,238,28
1,9,5,2,17,baseline_only,0.0,False,False,0.7962929854275206,1,223,466,130,15,0.7962929854275206,1,223,466,130,15
1,10,5,11,18,baseline_only,0.0,False,False,0.7914053618987014,1,68,466,130,15,0.7914053618987014,1,68,466,130,15
1,11,5,11,18,baseline_only,0.0,False,False,0.5123377668550977,1,91,721,238,28,0.5123377668550977,1,91,721,238,28
1,12,5,12,18,baseline_only,0.0,False,False,0.7892741809847074,1,40,468,130,15,0.7892741809847074,1,40,468,130,15
1,13,5,12,18,baseline_only,0.0,False,False,0.8498075136067968,1,40,468,130,15,0.8498075136067968,1,40,468,130,15
1,14,5,17,17,baseline_only,0.0,False,False,0.7932432831039332,1,82,466,130,15,0.7932432831039332,1,82,466,130,15
1,15,5,17,17,baseline_only,0.0,False,False,0.8510047437493932,1,57,676,229,26,0.8510047437493932,1,57,676,229,26
1,16,5,17,17,baseline_only,0.0,False,False,0.48715131720264193,1,67,721,238,28,0.48715131720264193,1,67,721,238,28
1,17,5,28,16,baseline_only,0.0,False,False,0.7933359133126935,1,60,70,11,2,0.7933359133126935,1,60,70,11,2
1,18,5,28,16,baseline_only,0.0,False,False,0.8536851282775195,1,48,722,238,28,0.8536851282775195,1,48,722,238,28
1,19,5,28,16,baseline_only,0.0,False,False,0.8658491449519431,1,23,676,229,26,0.8658491449519431,1,23,676,229,26
1,20,5,28,16,baseline_only,0.0,False,False,0.716721609895952,1,35,722,238,28,0.716721609895952,1,35,722,238,28
1,21,5,30,14,baseline_only,0.0,False,False,0.6074563758237227,1,55,590,175,25,0.6074563758237227,1,55,590,175,25
1,22,5,30,14,baseline_only,0.0,False,False,0.5546844246189717,1,57,809,264,0,0.5546844246189717,1,57,809,264,0
1,23,5,30,14,baseline_only,0.0,False,False,0.8441755531041245,1,37,676,229,26,0.8441755531041245,1,37,676,229,26
1,24,5,30,14,baseline_only,0.0,False,False,0.2905276134767064,4,172,722,238,28,0.2905276134767064,4,172,722,238,28
1,25,5,30,14,baseline_only,0.0,False,False,0.5407356622627689,1,182,468,130,15,0.5407356622627689,1,182,468,130,15
1,26,5,30,14,baseline_only,0.0,False,False,0.7365446852971612,1,70,679,229,30,0.7365446852971612,1,70,679,229,30
1,62,11,0,3,baseline_only,0.0,False,False,0.02501282882298925,34,121,988,318,0,0.02501282882298925,34,121,988,318,0
1,63,11,0,3,baseline_only,0.0,False,False,0.05385058891359854,19,71,1013,324,0,0.05385058891359854,19,71,1013,324,0
1,64,11,0,3,baseline_only,0.0,False,False,0.2370748299319728,4,49,1012,324,0,0.2370748299319728,4,49,1012,324,0
1,65,11,0,3,baseline_only,0.0,False,False,0.12474974974974974,8,111,1013,324,0,0.12474974974974974,8,111,1013,324,0
1,66,11,0,3,baseline_only,0.0,False,False,0.13538011695906432,6,76,1012,324,0,0.13538011695906432,6,76,1012,324,0
1,67,11,0,3,baseline_only,0.0,False,False,0.038468830155012824,20,122,1013,324,0,0.038468830155012824,20,122,1013,324,0
1,68,11,0,3,baseline_only,0.0,False,False,0.09294871794871795,13,39,1012,324,0,0.09294871794871795,13,39,1012,324,0
1,69,11,0,3,baseline_only,0.0,False,False,0.0638201878511956,21,43,1012,324,0,0.0638201878511956,21,43,1012,324,0
1,70,11,2,8,baseline_only,0.0,False,False,0.06693567855241395,15,217,15,5,17,0.06693567855241395,15,217,15,5,17
1,71,11,2,8,baseline_only,0.0,False,False,0.464584705753184,1,99,130,23,14,0.464584705753184,1,99,130,23,14
1,72,11,2,8,baseline_only,0.0,False,False,0.26895053475935826,4,132,436,113,12,0.26895053475935826,4,132,436,113,12
1,92,17,2,5,baseline_only,0.0,False,False,0.6298771121351766,1,31,714,238,0,0.6298771121351766,1,31,714,238,0
1,93,17,2,5,baseline_only,0.0,False,False,0.7476190476190476,1,30,721,238,28,0.7476190476190476,1,30,721,238,28
1,94,17,2,5,baseline_only,0.0,False,False,0.46686371100164203,1,29,238,46,12,0.46686371100164203,1,29,238,46,12
1,95,17,17,5,baseline_only,0.0,False,False,0.5187878787878788,1,22,721,238,28,0.5187878787878788,1,22,721,238,28
1,96,17,17,5,baseline_only,0.0,False,False,0.37941176470588234,1,34,721,238,28,0.37941176470588234,1,34,721,238,28
1,97,17,17,5,baseline_only,0.0,False,False,0.41714285714285715,2,14,721,238,28,0.41714285714285715,2,14,721,238,28
1,98,17,19,6,baseline_only,0.0,False,False,0.6663038219641993,1,53,192,35,18,0.6663038219641993,1,53,192,35,18
1,99,17,19,6,baseline_only,0.0,False,False,0.7094827586206897,1,29,192,35,18,0.7094827586206897,1,29,192,35,18
1,123,23,3,11,baseline_only,0.0,False,False,0.7006639824821643,1,36,602,181,20,0.7006639824821643,1,36,602,181,20
1,124,23,3,11,baseline_only,0.0,False,False,0.6821511821511822,1,28,164,29,18,0.6821511821511822,1,28,164,29,18
1,125,23,4,11,baseline_only,0.0,False,False,0.5709653220366763,1,38,162,29,9,0.5709653220366763,1,38,162,29,9
1,126,23,4,11,baseline_only,0.0,False,False,0.7550214812509896,1,61,161,29,9,0.7550214812509896,1,61,161,29,9
1,127,23,5,11,baseline_only,0.0,False,False,0.5465799797350599,1,39,602,181,20,0.5465799797350599,1,39,602,181,20
1,128,23,5,11,baseline_only,0.0,False,False,0.4920147588596786,2,44,602,181,20,0.4920147588596786,2,44,602,181,20
1,129,23,14,11,baseline_only,0.0,False,False,0.8303030303030302,1,45,602,181,20,0.8303030303030302,1,45,602,181,20
1,130,23,14,11,baseline_only,0.0,False,False,0.43609895748933186,1,85,158,29,4,0.43609895748933186,1,85,158,29,4
1,131,23,17,10,baseline_only,0.0,False,False,0.6892576872288247,1,62,708,236,28,0.6892576872288247,1,62,708,236,28
1,132,23,17,10,baseline_only,0.0,False,False,0.3364022604082574,1,50,448,119,12,0.3364022604082574,1,50,448,119,12
1,133,23,17,10,baseline_only,0.0,False,False,0.1179815774958349,14,64,404,101,11,0.1179815774958349,14,64,404,101,11
1,134,23,18,11,baseline_only,0.0,False,False,0.7067689885871704,1,21,163,29,18,0.7067689885871704,1,21,163,29,18
1,135,23,18,11,baseline_only,0.0,False,False,0.4195123872936508,3,41,603,181,20,0.4195123872936508,3,41,603,181,20
1,158,29,4,5,baseline_only,0.0,False,False,0.73,1,20,125,23,4,0.73,1,20,125,23,4
1,159,29,4,5,baseline_only,0.0,False,False,0.4571895424836601,2,34,125,23,4,0.4571895424836601,2,34,125,23,4
1,160,29,9,4,baseline_only,0.0,False,False,0.5714285714285714,1,14,125,23,4,0.5714285714285714,1,14,125,23,4
1,161,29,9,4,baseline_only,0.0,False,False,0.24734848484848485,5,15,127,23,5,0.24734848484848485,5,15,127,23,5
1,162,29,9,4,baseline_only,0.0,False,False,0.35833333333333334,3,15,127,23,5,0.35833333333333334,3,15,127,23,5
1,163,29,18,5,baseline_only,0.0,False,False,0.4575974025974026,1,22,123,23,3,0.4575974025974026,1,22,123,23,3
1,164,29,18,5,baseline_only,0.0,False,False,0.14517500587268029,6,43,135,23,18,0.14517500587268029,6,43,135,23,18
1,185,35,4,5,baseline_only,0.0,False,False,0.8526315789473685,1,19,231,46,5,0.8526315789473685,1,19,231,46,5
1,186,35,4,5,baseline_only,0.0,False,False,0.8400000000000001,1,25,253,56,5,0.8400000000000001,1,25,253,56,5
1,187,35,4,5,baseline_only,0.0,False,False,0.8314285714285715,1,14,238,46,12,0.8314285714285715,1,14,238,46,12
1,188,35,5,6,baseline_only,0.0,False,False,0.8455555555555555,1,25,231,46,5,0.8455555555555555,1,25,231,46,5
1,189,35,5,6,baseline_only,0.0,False,False,0.8859649122807017,1,19,253,56,5,0.8859649122807017,1,19,253,56,5
1,190,35,18,5,baseline_only,0.0,False,False,1.0,1,5,499,140,16,1.0,1,5,499,140,16
1,191,35,18,5,baseline_only,0.0,False,False,1.0,1,5,231,46,5,1.0,1,5,231,46,5
1,192,35,18,5,baseline_only,0.0,False,False,0.11409892934903343,17,43,232,46,5,0.11409892934903343,17,43,232,46,5
1,222,46,0,13,baseline_only,0.0,False,False,0.0629854481666581,16,221,866,282,0,0.0629854481666581,16,221,866,282,0
1,223,46,0,13,baseline_only,0.0,False,False,0.06918973939565466,22,154,866,282,0,0.06918973939565466,22,154,866,282,0
1,224,46,0,13,baseline_only,0.0,False,False,0.10338448560331746,13,140,866,282,0,0.10338448560331746,13,140,866,282,0
1,225,46,0,13,baseline_only,0.0,False,False,0.08932656819931563,17,134,812,264,0,0.08932656819931563,17,134,812,264,0
1,226,46,0,13,baseline_only,0.0,False,False,0.048037349127596225,48,213,811,264,0,0.048037349127596225,48,213,811,264,0
1,227,46,0,13,baseline_only,0.0,False,False,0.07926242714473439,14,196,812,264,0,0.07926242714473439,14,196,812,264,0
1,228,46,0,13,baseline_only,0.0,False,False,0.09028934033821769,13,125,812,264,0,0.09028934033821769,13,125,812,264,0
1,229,46,0,13,baseline_only,0.0,False,False,0.04280647526882957,42,233,866,282,0,0.04280647526882957,42,233,866,282,0
1,230,46,5,18,baseline_only,0.0,False,False,0.39148880951116943,1,186,247,50,5,0.39148880951116943,1,186,247,50,5
1,231,46,5,18,baseline_only,0.0,False,False,0.4147622717962372,1,167,529,157,24,0.4147622717962372,1,167,529,157,24
1,232,46,5,18,baseline_only,0.0,False,False,0.42052896464195844,1,171,192,35,18,0.42052896464195844,1,171,192,35,18
1,233,46,8,19,baseline_only,0.0,False,False,0.45504656854213843,1,274,94,17,2,0.45504656854213843,1,274,94,17,2
1,234,46,8,19,baseline_only,0.0,False,False,0.5503152264517241,1,212,714,238,0,0.5503152264517241,1,212,714,238,0
1,235,46,9,18,baseline_only,0.0,False,False,0.435974032108734,1,224,191,35,18,0.435974032108734,1,224,191,35,18
1,236,46,9,18,baseline_only,0.0,False,False,0.5019271190739582,1,205,192,35,18,0.5019271190739582,1,205,192,35,18
1,237,46,9,18,baseline_only,0.0,False,False,0.4384875662269949,1,159,189,35,5,0.4384875662269949,1,159,189,35,5
1,238,46,12,19,baseline_only,0.0,False,False,0.375632620259378,3,170,187,35,4,0.375632620259378,3,170,187,35,4
1,239,46,12,19,baseline_only,0.0,False,False,0.5786934595975517,1,151,192,35,18,0.5786934595975517,1,151,192,35,18
1,240,46,17,18,baseline_only,0.0,False,False,0.2383796538911857,5,154,247,50,5,0.2383796538911857,5,154,247,50,5
1,241,46,17,18,baseline_only,0.0,False,False,0.6015808499669761,1,156,552,167,17,0.6015808499669761,1,156,552,167,17
1,242,46,17,18,baseline_only,0.0,False,False,0.47580310042546575,3,61,812,264,0,0.47580310042546575,3,61,812,264,0
1,278,68,0,7,baseline_only,0.0,False,False,0.13935132931368407,5,71,711,238,0,0.13935132931368407,5,71,711,238,0
1,279,68,0,7,baseline_only,0.0,False,False,0.4189586350944382,1,102,225,46,0,0.4189586350944382,1,102,225,46,0
1,280,68,0,7,baseline_only,0.0,False,False,0.6156084656084656,1,27,945,306,0,0.6156084656084656,1,27,945,306,0
1,281,68,0,7,baseline_only,0.0,False,False,0.5015352864190074,1,77,224,46,0,0.5015352864190074,1,77,224,46,0
1,282,68,0,7,baseline_only,0.0,False,False,0.8089700996677741,1,43,224,46,0,0.8089700996677741,1,43,224,46,0
1,283,68,0,7,baseline_only,0.0,False,False,0.3548272905215402,1,62,945,306,0,0.3548272905215402,1,62,945,306,0
1,284,68,0,7,baseline_only,0.0,False,False,0.07784339546336698,17,85,711,238,0,0.07784339546336698,17,85,711,238,0
1,285,68,8,12,baseline_only,0.0,False,False,0.8786671661671662,1,26,191,35,18,0.8786671661671662,1,26,191,35,18
1,286,68,8,12,baseline_only,0.0,False,False,0.7526312576312577,1,48,191,35,18,0.7526312576312577,1,48,191,35,18
1,287,68,29,9,baseline_only,0.0,False,False,0.8856481481481482,1,16,192,35,18,0.8856481481481482,1,16,192,35,18
1,288,68,29,9,baseline_only,0.0,False,False,0.2702753424975647,3,37,505,142,16,0.2702753424975647,3,37,505,142,16
1,289,68,29,9,baseline_only,0.0,False,False,0.5255671668715147,1,39,583,175,19,0.5255671668715147,1,39,583,175,19
1,290,68,29,9,baseline_only,0.0,False,False,0.41385457403573345,3,25,583,175,19,0.41385457403573345,3,25,583,175,19
1,291,68,29,9,baseline_only,0.0,False,False,0.752972027972028,1,18,505,142,16,0.752972027972028,1,18,505,142,16
1,304,78,10,5,baseline_only,0.0,False,False,1.0,1,5,585,175,19,1.0,1,5,585,175,19
1,305,78,10,5,baseline_only,0.0,False,False,1.0,1,5,585,175,19,1.0,1,5,585,175,19
1,306,78,16,4,baseline_only,0.0,False,False,1.0,1,4,582,175,19,1.0,1,4,582,175,19
1,307,78,16,4,baseline_only,0.0,False,False,1.0,1,4,582,175,19,1.0,1,4,582,175,19
1,308,78,16,4,baseline_only,0.0,False,False,1.0,1,4,585,175,19,1.0,1,4,585,175,19
1,309,78,22,5,baseline_only,0.0,False,False,1.0,1,5,582,175,19,1.0,1,5,582,175,19
1,310,78,22,5,baseline_only,0.0,False,False,1.0,1,5,585,175,19,1.0,1,5,585,175,19
1,324,85,0,2,baseline_only,0.0,False,False,0.0069313531656627885,182,239,889,288,0,0.0069313531656627885,182,239,889,288,0
1,325,85,0,2,baseline_only,0.0,False,False,0.008599339570720968,158,184,893,288,0,0.008599339570720968,158,184,893,288,0
1,326,85,0,2,baseline_only,0.0,False,False,0.011209672519594142,109,151,405,101,11,0.011209672519594142,109,151,405,101,11
1,327,85,0,2,baseline_only,0.0,False,False,0.007492071881606765,176,215,991,318,0,0.007492071881606765,176,215,991,318,0
1,328,85,0,2,baseline_only,0.0,False,False,0.007075243890659712,174,238,893,288,0,0.007075243890659712,174,238,893,288,0
1,329,85,0,2,baseline_only,0.0,False,False,0.008297258297258298,154,198,409,101,13,0.008297258297258298,154,198,409,101,13
1,330,85,0,2,baseline_only,0.0,False,False,0.006151718112987769,202,272,893,288,0,0.006151718112987769,202,272,893,288,0
1,331,85,0,2,baseline_only,0.0,False,False,0.01251920122887865,93,140,405,101,11,0.01251920122887865,93,140,405,101,11
1,332,85,10,8,baseline_only,0.0,False,False,0.040856332059485446,42,150,639,208,22,0.040856332059485446,42,150,639,208,22
1,333,85,10,8,baseline_only,0.0,False,False,0.03786341092309357,39,188,1029,330,0,0.03786341092309357,39,188,1029,330,0
1,351,93,10,2,baseline_only,0.0,False,False,0.037037037037037035,18,108,161,29,9,0.037037037037037035,18,108,161,29,9
1,352,93,10,2,baseline_only,0.0,False,False,0.5833333333333334,1,12,413,101,16,0.5833333333333334,1,12,413,101,16
1,353,93,28,2,baseline_only,0.0,False,False,0.06871035940803383,11,43,413,101,16,0.06871035940803383,11,43,413,101,16
1,354,93,28,2,baseline_only,0.0,False,False,0.225,4,10,785,258,0,0.225,4,10,785,258,0
1,404,101,11,7,baseline_only,0.0,False,False,0.6538548752834467,1,28,133,23,17,0.6538548752834467,1,28,133,23,17
1,405,101,11,7,baseline_only,0.0,False,False,0.597920586674386,1,47,708,236,28,0.597920586674386,1,47,708,236,28
1,406,101,11,7,baseline_only,0.0,False,False,0.5651618223046795,1,35,708,236,28,0.5651618223046795,1,35,708,236,28
1,407,101,13,7,baseline_only,0.0,False,False,0.8043040293040293,1,13,133,23,17,0.8043040293040293,1,13,133,23,17
1,408,101,13,7,baseline_only,0.0,False,False,0.6976190476190477,1,36,708,236,28,0.6976190476190477,1,36,708,236,28
1,409,101,13,7,baseline_only,0.0,False,False,0.49367232230135455,1,62,326,85,0,0.49367232230135455,1,62,326,85,0
1,410,101,15,8,baseline_only,0.0,False,False,0.4447398088023088,4,18,710,236,28,0.4447398088023088,4,18,710,236,28
1,411,101,15,8,baseline_only,0.0,False,False,0.5266369047619047,3,15,708,236,28,0.5266369047619047,3,15,708,236,28
1,412,101,16,8,baseline_only,0.0,False,False,0.723109243697479,1,17,427,107,11,0.723109243697479,1,17,427,107,11
1,413,101,16,8,baseline_only,0.0,False,False,0.7077266483516483,1,13,331,85,0,0.7077266483516483,1,13,331,85,0
1,435,113,12,3,baseline_only,0.0,False,False,0.12251082251082251,10,35,72,11,2,0.12251082251082251,10,35,72,11,2
1,436,113,12,3,baseline_only,0.0,False,False,0.19897959183673466,4,49,72,11,2,0.19897959183673466,4,49,72,11,2
1,437,113,19,2,baseline_only,0.0,False,False,0.10263157894736842,10,19,750,250,29,0.10263157894736842,10,19,750,250,29
1,438,113,19,2,baseline_only,0.0,False,False,0.20833333333333331,4,12,750,250,29,0.20833333333333331,4,12,750,250,29
1,439,113,19,2,baseline_only,0.0,False,False,0.12878787878787878,11,12,512,148,16,0.12878787878787878,11,12,512,148,16
1,464,130,13,10,baseline_only,0.0,False,False,0.6722632974180962,1,72,502,140,24,0.6722632974180962,1,72,502,140,24
1,465,130,13,10,baseline_only,0.0,False,False,0.8965811965811966,1,26,503,140,24,0.8965811965811966,1,26,503,140,24
1,466,130,15,9,baseline_only,0.0,False,False,0.419442657435489,1,117,10,5,11,0.419442657435489,1,117,10,5,11
1,467,130,15,9,baseline_only,0.0,False,False,0.6614992627287709,1,61,946,306,0,0.6614992627287709,1,61,946,306,0
1,468,130,15,9,baseline_only,0.0,False,False,0.5972041756899329,1,29,676,229,26,0.5972041756899329,1,29,676,229,26
1,469,130,16,8,baseline_only,0.0,False,False,0.6192287610050768,1,36,630,198,22,0.6192287610050768,1,36,630,198,22
1,470,130,16,8,baseline_only,0.0,False,False,0.48430341055341053,1,40,307,78,16,0.48430341055341053,1,40,307,78,16
1,471,130,16,8,baseline_only,0.0,False,False,0.6291937229437229,1,40,630,198,22,0.6291937229437229,1,40,630,198,22
1,472,130,16,8,baseline_only,0.0,False,False,0.5893554362304362,2,13,629,198,22,0.5893554362304362,2,13,629,198,22
1,473,130,22,9,baseline_only,0.0,False,False,0.725949975949976,1,20,498,140,16,0.725949975949976,1,20,498,140,16
1,474,130,22,9,baseline_only,0.0,False,False,0.6139119713832357,1,29,503,140,24,0.6139119713832357,1,29,503,140,24
1,475,130,22,9,baseline_only,0.0,False,False,0.7163418170664548,1,23,629,198,22,0.7163418170664548,1,23,629,198,22
1,496,140,15,7,baseline_only,0.0,False,False,0.07827048125097373,6,234,466,130,15,0.07827048125097373,6,234,466,130,15
1,497,140,15,7,baseline_only,0.0,False,False,0.11922157915276828,8,223,466,130,15,0.11922157915276828,8,223,466,130,15
1,498,140,16,6,baseline_only,0.0,False,False,0.34288826641767817,2,51,473,130,22,0.34288826641767817,2,51,473,130,22
1,499,140,16,6,baseline_only,0.0,False,False,0.6061072492552135,1,152,190,35,18,0.6061072492552135,1,152,190,35,18
1,500,140,16,6,baseline_only,0.0,False,False,0.3087836473269669,2,138,186,35,4,0.3087836473269669,2,138,186,35,4
1,501,140,24,5,baseline_only,0.0,False,False,0.6053030303030302,1,33,190,35,18,0.6053030303030302,1,33,190,35,18
1,502,140,24,5,baseline_only,0.0,False,False,0.5422222222222223,1,18,473,130,22,0.5422222222222223,1,18,473,130,22
1,503,140,24,5,baseline_only,0.0,False,False,0.2512566137566138,2,54,473,130,22,0.2512566137566138,2,54,473,130,22
1,504,140,24,5,baseline_only,0.0,False,False,0.26115942028985506,3,69,473,130,22,0.26115942028985506,3,69,473,130,22
1,525,157,16,4,baseline_only,0.0,False,False,0.6688679245283019,1,53,501,140,24,0.6688679245283019,1,53,501,140,24
1,526,157,16,4,baseline_only,0.0,False,False,0.7083333333333334,1,12,550,167,17,0.7083333333333334,1,12,550,167,17
1,527,157,24,2,baseline_only,0.0,False,False,1.0,1,2,237,46,9,1.0,1,2,237,46,9
1,528,157,24,2,baseline_only,0.0,False,False,0.6111111111111112,1,9,191,35,18,0.6111111111111112,1,9,191,35,18
1,529,157,24,2,baseline_only,0.0,False,False,0.060714285714285714,14,40,231,46,5,0.060714285714285714,14,40,231,46,5
1,530,157,24,2,baseline_only,0.0,False,False,0.7,1,5,645,217,22,0.7,1,5,645,217,22
1,550,167,17,2,baseline_only,0.0,False,False,0.041245791245791245,22,54,526,157,16,0.041245791245791245,22,54,526,157,16
1,551,167,17,2,baseline_only,0.0,False,False,0.3333333333333333,2,12,590,175,25,0.3333333333333333,2,12,590,175,25
1,552,167,17,2,baseline_only,0.0,False,False,0.6666666666666666,1,6,590,175,25,0.6666666666666666,1,6,590,175,25
1,553,167,18,3,baseline_only,0.0,False,False,0.18571428571428572,5,42,580,175,18,0.18571428571428572,5,42,580,175,18
1,554,167,18,3,baseline_only,0.0,False,False,0.38446969696969696,1,48,580,175,18,0.38446969696969696,1,48,580,175,18
1,580,175,18,10,baseline_only,0.0,False,False,0.5741159279317174,2,19,554,167,18,0.5741159279317174,2,19,554,167,18
1,581,175,18,10,baseline_only,0.0,False,False,0.7997619047619048,1,18,554,167,18,0.7997619047619048,1,18,554,167,18
1,582,175,19,8,baseline_only,0.0,False,False,0.3201597008182686,3,27,309,78,22,0.3201597008182686,3,27,309,78,22
1,583,175,19,8,baseline_only,0.0,False,False,0.396092938138028,1,41,553,167,18,0.396092938138028,1,41,553,167,18
1,584,175,19,8,baseline_only,0.0,False,False,0.4702681577681578,1,28,553,167,18,0.4702681577681578,1,28,553,167,18
1,585,175,19,8,baseline_only,0.0,False,False,0.33128272069061543,1,28,310,78,22,0.33128272069061543,1,28,310,78,22
1,586,175,25,6,baseline_only,0.0,False,False,0.3162722081839729,1,55,19,5,28,0.3162722081839729,1,55,19,5,28
1,587,175,25,6,baseline_only,0.0,False,False,0.47659967659967656,1,37,674,229,26,0.47659967659967656,1,37,674,229,26
1,588,175,25,6,baseline_only,0.0,False,False,0.6474358974358975,1,15,849,276,0,0.6474358974358975,1,15,849,276,0
1,589,175,25,6,baseline_only,0.0,False,False,0.3723434148434148,1,50,551,167,17,0.3723434148434148,1,50,551,167,17
1,590,175,25,6,baseline_only,0.0,False,False,0.1580267558528428,3,69,551,167,17,0.1580267558528428,3,69,551,167,17
1,591,175,25,6,baseline_only,0.0,False,False,0.43974721750613094,1,35,552,167,17,0.43974721750613094,1,35,552,167,17
1,672,229,26,5,baseline_only,0.0,False,False,0.925,1,8,132,23,17,0.925,1,8,132,23,17
1,673,229,26,5,baseline_only,0.0,False,False,0.885,1,8,602,181,20,0.885,1,8,602,181,20
1,674,229,26,5,baseline_only,0.0,False,False,0.925,1,8,463,128,13,0.925,1,8,463,128,13
1,675,229,26,5,baseline_only,0.0,False,False,1.0,1,5,132,23,17,1.0,1,5,132,23,17
1,676,229,26,5,baseline_only,0.0,False,False,0.021566532409747454,97,207,722,238,28,0.021566532409747454,97,207,722,238,28
1,677,229,26,5,baseline_only,0.0,False,False,1.0,1,5,132,23,17,1.0,1,5,132,23,17
1,678,229,26,5,baseline_only,0.0,False,False,1.0,1,5,132,23,17,1.0,1,5,132,23,17
1,679,229,30,7,baseline_only,0.0,False,False,0.7535175045628008,1,205,26,5,30,0.7535175045628008,1,205,26,5,30
1,680,229,30,7,baseline_only,0.0,False,False,0.8405514877706809,1,262,707,236,28,0.8405514877706809,1,262,707,236,28
1,681,229,30,7,baseline_only,0.0,False,False,0.731433040643567,1,209,26,5,30,0.731433040643567,1,209,26,5,30
1,682,229,30,7,baseline_only,0.0,False,False,0.8624338624338624,1,189,132,23,17,0.8624338624338624,1,189,132,23,17
1,683,229,30,7,baseline_only,0.0,False,False,0.8622974963181148,1,194,330,85,0,0.8622974963181148,1,194,330,85,0
1,711,238,0,5,baseline_only,0.0,False,False,0.08483496219804536,17,58,284,68,0,0.08483496219804536,17,58,284,68,0
1,712,238,0,5,baseline_only,0.0,False,False,0.09485661636559964,14,47,910,294,0,0.09485661636559964,14,47,910,294,0
1,713,238,0,5,baseline_only,0.0,False,False,0.20508563899868246,3,25,912,294,0,0.20508563899868246,3,25,912,294,0
1,714,238,0,5,baseline_only,0.0,False,False,0.18998853450072964,4,41,284,68,0,0.18998853450072964,4,41,284,68,0
1,715,238,0,5,baseline_only,0.0,False,False,0.059751937984496115,14,129,228,46,0,0.059751937984496115,14,129,228,46,0
1,716,238,0,5,baseline_only,0.0,False,False,0.26053030303030306,3,25,284,68,0,0.26053030303030306,3,25,284,68,0
1,717,238,0,5,baseline_only,0.0,False,False,0.044848817631585595,47,88,912,294,0,0.044848817631585595,47,88,912,294,0
1,718,238,0,5,baseline_only,0.0,False,False,0.045869139448665386,30,84,228,46,0,0.045869139448665386,30,84,228,46,0
1,719,238,28,8,baseline_only,0.0,False,False,0.13027848985079146,9,137,16,5,17,0.13027848985079146,9,137,16,5,17
1,720,238,28,8,baseline_only,0.0,False,False,0.3658272871703723,1,47,7,5,2,0.3658272871703723,1,47,7,5,2
1,721,238,28,8,baseline_only,0.0,False,False,0.08985810485810486,9,108,16,5,17,0.08985810485810486,9,108,16,5,17
1,722,238,28,8,baseline_only,0.0,False,False,0.09905553695883544,15,76,676,229,26,0.09905553695883544,15,76,676,229,26
1,723,238,28,8,baseline_only,0.0,False,False,0.47400664811379095,1,49,541,163,17,0.47400664811379095,1,49,541,163,17
2,27,7,2,5,baseline_only,0.0,False,False,0.46134615384615385,1,48,102,19,3,0.46134615384615385,1,48,102,19,3
2,28,7,2,5,baseline_only,0.0,False,False,0.6833333333333333,1,30,838,272,0,0.6833333333333333,1,30,838,272,0
2,29,7,7,4,baseline_only,0.0,False,False,0.0698191391941392,16,65,759,254,0,0.0698191391941392,16,65,759,254,0
2,30,7,7,4,baseline_only,0.0,False,False,0.525,1,30,570,171,27,0.525,1,30,570,171,27
2,31,7,7,4,baseline_only,0.0,False,False,0.05428843544515186,13,80,770,254,30,0.05428843544515186,13,80,770,254,30
2,32,7,14,5,baseline_only,0.0,False,False,0.4063726970703715,1,43,165,31,4,0.4063726970703715,1,43,165,31,4
2,33,7,14,5,baseline_only,0.0,False,False,0.3007583111748899,2,58,342,87,10,0.3007583111748899,2,58,342,87,10
2,73,13,2,7,baseline_only,0.0,False,False,0.3823850752422181,1,49,488,136,15,0.3823850752422181,1,49,488,136,15
2,74,13,2,7,baseline_only,0.0,False,False,0.3786690898163777,1,64,488,136,15,0.3786690898163777,1,64,488,136,15
2,75,13,7,7,baseline_only,0.0,False,False,0.712121212121212,1,22,931,302,0,0.712121212121212,1,22,931,302,0
2,76,13,7,7,baseline_only,0.0,False,False,0.5859977324263038,2,18,488,136,15,0.5859977324263038,2,18,488,136,15
2,77,13,10,7,baseline_only,0.0,False,False,0.5277683491969206,2,37,663,225,24,0.5277683491969206,2,37,663,225,24
2,78,13,10,7,baseline_only,0.0,False,False,0.43333769405197975,2,15,663,225,24,0.43333769405197975,2,15,663,225,24
2,79,13,28,6,baseline_only,0.0,False,False,0.844017094017094,1,26,757,252,30,0.844017094017094,1,26,757,252,30
2,80,13,28,6,baseline_only,0.0,False,False,0.49272486772486773,2,14,757,252,30,0.49272486772486773,2,14,757,252,30
2,81,13,28,6,baseline_only,0.0,False,False,0.8019841269841269,1,14,757,252,30,0.8019841269841269,1,14,757,252,30
2,100,19,3,11,baseline_only,0.0,False,False,0.7556998556998558,1,30,167,31,14,0.7556998556998558,1,30,167,31,14
2,101,19,3,11,baseline_only,0.0,False,False,0.953063098517644,1,14,342,87,10,0.953063098517644,1,14,342,87,10
2,102,19,3,11,baseline_only,0.0,False,False,0.9631641086186541,1,14,168,31,14,0.9631641086186541,1,14,168,31,14
2,103,19,5,11,baseline_only,0.0,False,False,0.7115259740259741,1,16,342,87,10,0.7115259740259741,1,16,342,87,10
2,104,19,5,11,baseline_only,0.0,False,False,0.7678158541794905,1,27,342,87,10,0.7678158541794905,1,27,342,87,10
2,105,19,5,11,baseline_only,0.0,False,False,0.8947639415342764,1,19,342,87,10,0.8947639415342764,1,19,342,87,10
2,106,19,7,11,baseline_only,0.0,False,False,0.7162638086551131,1,23,168,31,14,0.7162638086551131,1,23,168,31,14
2,107,19,7,11,baseline_only,0.0,False,False,0.8228007061011013,1,23,343,87,10,0.8228007061011013,1,23,343,87,10
2,108,19,7,11,baseline_only,0.0,False,False,0.5881023860900022,1,30,534,161,17,0.5881023860900022,1,30,534,161,17
2,109,19,9,12,baseline_only,0.0,False,False,0.7274410774410774,2,18,168,31,14,0.7274410774410774,2,18,168,31,14
2,110,19,9,12,baseline_only,0.0,False,False,0.9322131572131572,1,15,168,31,14,0.9322131572131572,1,15,168,31,14
2,111,19,12,11,baseline_only,0.0,False,False,0.7029089597271415,1,18,168,31,14,0.7029089597271415,1,18,168,31,14
2,112,19,12,11,baseline_only,0.0,False,False,0.9805194805194806,1,14,168,31,14,0.9805194805194806,1,14,168,31,14
2,113,19,12,11,baseline_only,0.0,False,False,0.8602121111212021,1,25,342,87,10,0.8602121111212021,1,25,342,87,10
2,136,25,3,12,baseline_only,0.0,False,False,0.9754901960784313,1,17,167,31,14,0.9754901960784313,1,17,167,31,14
2,137,25,3,12,baseline_only,0.0,False,False,0.8996150353058248,1,19,369,97,24,0.8996150353058248,1,19,369,97,24
2,138,25,5,12,baseline_only,0.0,False,False,0.8670330339738235,1,19,370,97,24,0.8670330339738235,1,19,370,97,24
2,139,25,5,12,baseline_only,0.0,False,False,0.911584595959596,1,20,370,97,24,0.911584595959596,1,20,370,97,24
2,140,25,7,11,baseline_only,0.0,False,False,0.5287704829206805,1,46,417,105,11,0.5287704829206805,1,46,417,105,11
2,141,25,7,11,baseline_only,0.0,False,False,0.8026954325867369,1,23,367,97,13,0.8026954325867369,1,23,367,97,13
2,142,25,7,11,baseline_only,0.0,False,False,0.6862208053384524,1,20,367,97,13,0.6862208053384524,1,20,367,97,13
2,143,25,9,10,baseline_only,0.0,False,False,0.8483531746031746,1,18,370,97,24,0.8483531746031746,1,18,370,97,24
2,144,25,9,10,baseline_only,0.0,False,False,0.8748122047035091,1,23,369,97,24,0.8748122047035091,1,23,369,97,24
2,145,25,9,10,baseline_only,0.0,False,False,0.8286752136752137,1,25,369,97,24,0.8286752136752137,1,25,369,97,24
2,146,25,9,10,baseline_only,0.0,False,False,0.9833333333333334,1,12,370,97,24,0.9833333333333334,1,12,370,97,24
2,147,25,14,11,baseline_only,0.0,False,False,0.9715909090909091,1,16,366,97,13,0.9715909090909091,1,16,366,97,13
2,148,25,14,11,baseline_only,0.0,False,False,0.9617224880382775,1,19,369,97,24,0.9617224880382775,1,19,369,97,24
2,149,25,14,11,baseline_only,0.0,False,False,0.8497405819986465,1,31,370,97,24,0.8497405819986465,1,31,370,97,24
2,165,31,4,2,baseline_only,0.0,False,False,0.8333333333333333,1,3,109,19,9,0.8333333333333333,1,3,109,19,9
2,166,31,4,2,baseline_only,0.0,False,False,1.0,1,2,111,19,12,1.0,1,2,111,19,12
2,167,31,14,2,baseline_only,0.0,False,False,0.5833333333333333,2,3,103,19,5,0.5833333333333333,2,3,103,19,5
2,168,31,14,2,baseline_only,0.0,False,False,0.6666666666666666,1,6,109,19,9,0.6666666666666666,1,6,109,19,9
2,193,38,4,9,baseline_only,0.0,False,False,1.0,1,9,631,203,22,1.0,1,9,631,203,22
2,194,38,4,9,baseline_only,0.0,False,False,0.8730210602759622,1,17,112,19,12,0.8730210602759622,1,17,112,19,12
2,195,38,4,9,baseline_only,0.0,False,False,0.9603174603174602,1,14,312,80,10,0.9603174603174602,1,14,312,80,10
2,196,38,5,10,baseline_only,0.0,False,False,1.0,1,10,312,80,10,1.0,1,10,312,80,10
2,197,38,5,10,baseline_only,0.0,False,False,1.0,1,10,312,80,10,1.0,1,10,312,80,10
2,198,38,9,10,baseline_only,0.0,False,False,1.0,1,10,534,161,17,1.0,1,10,534,161,17
2,199,38,9,10,baseline_only,0.0,False,False,1.0,1,10,107,19,7,1.0,1,10,107,19,7
2,200,38,14,8,baseline_only,0.0,False,False,1.0,1,8,311,80,10,1.0,1,8,311,80,10
2,201,38,14,8,baseline_only,0.0,False,False,0.9427083333333334,1,12,312,80,10,0.9427083333333334,1,12,312,80,10
2,202,38,14,8,baseline_only,0.0,False,False,1.0,1,8,534,161,17,1.0,1,8,534,161,17
2,203,38,14,8,baseline_only,0.0,False,False,0.900974025974026,1,14,631,203,22,0.900974025974026,1,14,631,203,22
2,204,38,18,11,baseline_only,0.0,False,False,0.9562770562770563,1,14,631,203,22,0.9562770562770563,1,14,631,203,22
2,257,60,7,2,baseline_only,0.0,False,False,0.8333333333333333,1,3,739,246,29,0.8333333333333333,1,3,739,246,29
2,258,60,7,2,baseline_only,0.0,False,False,0.6,1,10,724,240,28,0.6,1,10,724,240,28
2,259,60,7,2,baseline_only,0.0,False,False,0.5909090909090909,1,11,724,240,28,0.5909090909090909,1,11,724,240,28
2,260,60,12,3,baseline_only,0.0,False,False,0.44761904761904764,1,15,739,246,29,0.44761904761904764,1,15,739,246,29
2,261,60,12,3,baseline_only,0.0,False,False,0.6666666666666666,1,6,556,169,18,0.6666666666666666,1,6,556,169,18
2,292,71,8,1,baseline_only,0.0,False,False,0.1111111111111111,9,9,632,203,22,0.1111111111111111,9,9,632,203,22
2,293,71,8,1,baseline_only,0.0,False,False,0.5,2,2,538,161,18,0.5,2,2,538,161,18
2,294,71,8,1,baseline_only,0.0,False,False,0.1111111111111111,9,9,538,161,18,0.1111111111111111,9,9,538,161,18
2,295,71,9,3,baseline_only,0.0,False,False,0.8055555555555555,1,4,316,80,28,0.8055555555555555,1,4,316,80,28
2,311,80,10,5,baseline_only,0.0,False,False,0.8526315789473685,1,19,200,38,14,0.8526315789473685,1,19,200,38,14
2,312,80,10,5,baseline_only,0.0,False,False,0.723109243697479,1,17,201,38,14,0.723109243697479,1,17,201,38,14
2,313,80,22,5,baseline_only,0.0,False,False,0.800909090909091,1,11,536,161,17,0.800909090909091,1,11,536,161,17
2,314,80,22,5,baseline_only,0.0,False,False,0.7477124183006536,1,17,534,161,17,0.7477124183006536,1,17,534,161,17
2,315,80,28,4,baseline_only,0.0,False,False,0.45707070707070707,1,12,106,19,7,0.45707070707070707,1,12,106,19,7
2,316,80,28,4,baseline_only,0.0,False,False,0.8041666666666667,1,5,632,203,22,0.8041666666666667,1,5,632,203,22
2,317,80,28,4,baseline_only,0.0,False,False,0.46193693693693694,1,40,534,161,17,0.46193693693693694,1,40,534,161,17
2,334,87,0,2,baseline_only,0.0,False,False,0.24358974358974358,3,13,759,254,0,0.24358974358974358,3,13,759,254,0
2,335,87,0,2,baseline_only,0.0,False,False,0.08116883116883117,11,28,764,254,0,0.08116883116883117,11,28,764,254,0
2,336,87,0,2,baseline_only,0.0,False,False,0.044217687074829926,21,49,795,260,0,0.044217687074829926,21,49,795,260,0
2,337,87,0,2,baseline_only,0.0,False,False,0.07828282828282829,9,44,762,254,0,0.07828282828282829,9,44,762,254,0
2,338,87,0,2,baseline_only,0.0,False,False,0.06871035940803383,11,43,795,260,0,0.06871035940803383,11,43,795,260,0
2,339,87,0,2,baseline_only,0.0,False,False,0.12083333333333333,5,48,764,254,0,0.12083333333333333,5,48,764,254,0
2,340,87,0,2,baseline_only,0.0,False,False,0.01448602948757604,61,159,793,260,0,0.01448602948757604,61,159,793,260,0
2,341,87,0,2,baseline_only,0.0,False,False,0.075,12,30,766,254,0,0.075,12,30,766,254,0
2,342,87,10,8,baseline_only,0.0,False,False,0.1143205692604513,18,117,103,19,5,0.1143205692604513,18,117,103,19,5
2,343,87,10,8,baseline_only,0.0,False,False,0.23374285704432513,5,101,107,19,7,0.23374285704432513,5,101,107,19,7
2,357,97,0,9,baseline_only,0.0,False,False,0.6171267421267421,1,37,141,25,7,0.6171267421267421,1,37,141,25,7
2,358,97,0,9,baseline_only,0.0,False,False,0.7640640640640641,1,37,141,25,7,0.7640640640640641,1,37,141,25,7
2,359,97,0,9,baseline_only,0.0,False,False,0.47324814582987823,1,43,340,87,0,0.47324814582987823,1,43,340,87,0
2,360,97,0,9,baseline_only,0.0,False,False,0.35318258541942754,1,78,485,136,0,0.35318258541942754,1,78,485,136,0
2,361,97,0,9,baseline_only,0.0,False,False,0.6420992534036012,1,30,340,87,0,0.6420992534036012,1,30,340,87,0
2,362,97,0,9,baseline_only,0.0,False,False,0.6578652828652829,1,28,141,25,7,0.6578652828652829,1,28,141,25,7
2,363,97,0,9,baseline_only,0.0,False,False,0.7540123456790124,1,24,141,25,7,0.7540123456790124,1,24,141,25,7
2,364,97,11,14,baseline_only,0.0,False,False,0.8683118051539104,1,24,142,25,7,0.8683118051539104,1,24,142,25,7
2,365,97,11,14,baseline_only,0.0,False,False,0.8202649202649203,1,27,142,25,7,0.8202649202649203,1,27,142,25,7
2,366,97,13,14,baseline_only,0.0,False,False,0.8742205577883327,1,23,142,25,7,0.8742205577883327,1,23,142,25,7
2,367,97,13,14,baseline_only,0.0,False,False,0.8569686008374642,1,21,142,25,7,0.8569686008374642,1,21,142,25,7
2,368,97,16,15,baseline_only,0.0,False,False,0.787811316363948,1,42,138,25,5,0.787811316363948,1,42,138,25,5
2,369,97,24,12,baseline_only,0.0,False,False,0.2640727369627625,13,44,145,25,9,0.2640727369627625,13,44,145,25,9
2,370,97,24,12,baseline_only,0.0,False,False,0.37571014678857817,1,39,138,25,5,0.37571014678857817,1,39,138,25,5
2,371,97,24,12,baseline_only,0.0,False,False,0.3884262165169409,1,33,138,25,5,0.3884262165169409,1,33,138,25,5
2,372,97,24,12,baseline_only,0.0,False,False,0.4571467119774429,1,30,145,25,9,0.4571467119774429,1,30,145,25,9
2,417,105,11,7,baseline_only,0.0,False,False,0.6156084656084656,2,27,140,25,7,0.6156084656084656,2,27,140,25,7
2,418,105,11,7,baseline_only,0.0,False,False,0.9325396825396826,1,9,653,219,23,0.9325396825396826,1,9,653,219,23
2,419,105,11,7,baseline_only,0.0,False,False,0.9821428571428571,1,8,653,219,23,0.9821428571428571,1,8,653,219,23
2,420,105,15,6,baseline_only,0.0,False,False,0.8722222222222222,1,10,292,71,8,0.8722222222222222,1,10,292,71,8
2,421,105,15,6,baseline_only,0.0,False,False,0.8964646464646465,1,11,651,219,23,0.8964646464646465,1,11,651,219,23
2,422,105,15,6,baseline_only,0.0,False,False,1.0,1,6,772,254,30,1.0,1,6,772,254,30
2,423,105,15,6,baseline_only,0.0,False,False,0.9583333333333334,1,8,654,219,23,0.9583333333333334,1,8,654,219,23
2,424,105,23,7,baseline_only,0.0,False,False,0.4847152847152847,2,13,654,219,23,0.4847152847152847,2,13,654,219,23
2,425,105,23,7,baseline_only,0.0,False,False,0.6954931972789116,1,16,654,219,23,0.6954931972789116,1,16,654,219,23
2,426,105,23,7,baseline_only,0.0,False,False,0.7464285714285713,1,12,650,219,23,0.7464285714285713,1,12,650,219,23
2,440,115,12,2,baseline_only,0.0,False,False,1.0,1,2,220,44,5,1.0,1,2,220,44,5
2,441,115,12,2,baseline_only,0.0,False,False,1.0,1,2,515,151,16,1.0,1,2,515,151,16
2,442,115,16,2,baseline_only,0.0,False,False,1.0,1,2,516,151,16,1.0,1,2,516,151,16
2,443,115,16,2,baseline_only,0.0,False,False,1.0,1,2,516,151,16,1.0,1,2,516,151,16
2,482,136,0,2,baseline_only,0.0,False,False,0.09555555555555556,9,25,971,314,0,0.09555555555555556,9,25,971,314,0
2,483,136,0,2,baseline_only,0.0,False,False,0.2121212121212121,3,22,953,308,0,0.2121212121212121,3,22,953,308,0
2,484,136,0,2,baseline_only,0.0,False,False,0.05416666666666667,24,30,951,308,0,0.05416666666666667,24,30,951,308,0
2,485,136,0,2,baseline_only,0.0,False,False,0.06631578947368422,19,25,951,308,0,0.06631578947368422,19,25,951,308,0
2,486,136,0,2,baseline_only,0.0,False,False,0.07614942528735633,12,29,950,308,0,0.07614942528735633,12,29,950,308,0
2,487,136,0,2,baseline_only,0.0,False,False,0.20512820512820512,3,26,953,308,0,0.20512820512820512,3,26,953,308,0
2,488,136,15,6,baseline_only,0.0,False,False,0.19760197986004435,9,31,76,13,7,0.19760197986004435,9,31,76,13,7
2,489,136,15,6,baseline_only,0.0,False,False,0.8016233766233767,1,11,931,302,0,0.8016233766233767,1,11,931,302,0
2,515,151,16,1,baseline_only,0.0,False,False,1.0,1,1,443,115,16,1.0,1,1,443,115,16
2,516,151,16,1,baseline_only,0.0,False,False,0.5,2,2,518,153,16,0.5,2,2,518,153,16
2,517,151,22,2,baseline_only,0.0,False,False,1.0,1,2,441,115,12,1.0,1,2,441,115,12
2,534,161,17,2,baseline_only,0.0,False,False,1.0,1,2,317,80,28,1.0,1,2,317,80,28
2,535,161,17,2,baseline_only,0.0,False,False,0.6428571428571428,1,7,108,19,7,0.6428571428571428,1,7,108,19,7
2,536,161,17,2,baseline_only,0.0,False,False,1.0,1,2,312,80,10,1.0,1,2,312,80,10
2,537,161,18,3,baseline_only,0.0,False,False,0.8666666666666667,1,5,294,71,8,0.8666666666666667,1,5,294,71,8
2,538,161,18,3,baseline_only,0.0,False,False,1.0,1,3,107,19,7,1.0,1,3,107,19,7
2,558,171,18,13,baseline_only,0.0,False,False,0.9601055806938159,1,17,595,179,19,0.9601055806938159,1,17,595,179,19
2,559,171,18,13,baseline_only,0.0,False,False,0.8759089766442708,1,44,221,44,5,0.8759089766442708,1,44,221,44,5
2,560,171,18,13,baseline_only,0.0,False,False,0.8771681749622926,1,34,766,254,0,0.8771681749622926,1,34,766,254,0
2,561,171,26,10,baseline_only,0.0,False,False,0.6372082558791419,1,110,257,60,7,0.6372082558791419,1,110,257,60,7
2,562,171,26,10,baseline_only,0.0,False,False,0.9733333333333334,1,12,30,7,7,0.9733333333333334,1,12,30,7,7
2,563,171,26,10,baseline_only,0.0,False,False,0.9909090909090909,1,11,30,7,7,0.9909090909090909,1,11,30,7,7
2,564,171,26,10,baseline_only,0.0,False,False,1.0,1,10,30,7,7,1.0,1,10,30,7,7
2,565,171,26,10,baseline_only,0.0,False,False,0.9909090909090909,1,11,684,231,26,0.9909090909090909,1,11,684,231,26
2,566,171,26,10,baseline_only,0.0,False,False,0.8976190476190476,1,15,684,231,26,0.8976190476190476,1,15,684,231,26
2,567,171,27,9,baseline_only,0.0,False,False,0.8093544137022398,1,30,30,7,7,0.8093544137022398,1,30,30,7,7
2,568,171,27,9,baseline_only,0.0,False,False,0.9626543209876544,1,10,30,7,7,0.9626543209876544,1,10,30,7,7
2,569,171,27,9,baseline_only,0.0,False,False,0.9253086419753086,1,12,30,7,7,0.9253086419753086,1,12,30,7,7
2,570,171,27,9,baseline_only,0.0,False,False,0.7423206423206423,1,60,30,7,7,0.7423206423206423,1,60,30,7,7
2,571,171,27,9,baseline_only,0.0,False,False,0.8949445616112283,1,13,684,231,26,0.8949445616112283,1,13,684,231,26
2,572,171,27,9,baseline_only,0.0,False,False,0.9467813051146384,1,10,30,7,7,0.9467813051146384,1,10,30,7,7
2,573,171,27,9,baseline_only,0.0,False,False,0.7831009146798621,1,26,684,231,26,0.7831009146798621,1,26,684,231,26
2,595,179,19,4,baseline_only,0.0,False,False,1.0,1,4,949,308,0,1.0,1,4,949,308,0
2,596,179,19,4,baseline_only,0.0,False,False,0.95,1,5,949,308,0,0.95,1,5,949,308,0
2,597,179,19,4,baseline_only,0.0,False,False,1.0,1,4,949,308,0,1.0,1,4,949,308,0
2,598,179,29,3,baseline_only,0.0,False,False,1.0,1,3,949,308,0,1.0,1,3,949,308,0
2,599,179,29,3,baseline_only,0.0,False,False,1.0,1,3,949,308,0,1.0,1,3,949,308,0
2,600,179,29,3,baseline_only,0.0,False,False,0.9166666666666666,1,4,949,308,0,0.9166666666666666,1,4,949,308,0
2,601,179,29,3,baseline_only,0.0,False,False,1.0,1,3,665,225,24,1.0,1,3,665,225,24
2,684,231,26,7,baseline_only,0.0,False,False,0.2715226802183324,2,46,570,171,27,0.2715226802183324,2,46,570,171,27
2,685,231,26,7,baseline_only,0.0,False,False,0.15130067721497034,3,58,914,296,0,0.15130067721497034,3,58,914,296,0
2,686,231,26,7,baseline_only,0.0,False,False,0.5396825396825397,2,36,81,13,28,0.5396825396825397,2,36,81,13,28
2,687,231,26,7,baseline_only,0.0,False,False,0.5627705627705628,1,22,914,296,0,0.5627705627705628,1,22,914,296,0
2,688,231,26,7,baseline_only,0.0,False,False,0.36466934599926926,2,28,28,7,2,0.36466934599926926,2,28,28,7,2
2,689,231,29,5,baseline_only,0.0,False,False,0.1468170426065163,10,33,742,246,29,0.1468170426065163,10,33,742,246,29
2,690,231,29,5,baseline_only,0.0,False,False,0.15975198938992044,8,29,555,169,18,0.15975198938992044,8,29,555,169,18
2,691,231,29,5,baseline_only,0.0,False,False,0.15517202096149466,11,28,740,246,29,0.15517202096149466,11,28,740,246,29
2,692,231,29,5,baseline_only,0.0,False,False,0.2667023172905526,4,17,727,240,28,0.2667023172905526,4,17,727,240,28
2,693,231,29,5,baseline_only,0.0,False,False,0.1575487012987013,8,32,742,246,29,0.1575487012987013,8,32,742,246,29
2,694,231,29,5,baseline_only,0.0,False,False,0.19936507936507936,9,21,742,246,29,0.19936507936507936,9,21,742,246,29
2,695,231,29,5,baseline_only,0.0,False,False,0.397037037037037,2,27,740,246,29,0.397037037037037,2,27,740,246,29
2,759,254,0,8,baseline_only,0.0,False,False,0.1634759019561578,5,72,338,87,0,0.1634759019561578,5,72,338,87,0
2,760,254,0,8,baseline_only,0.0,False,False,0.3925458324355383,4,21,335,87,0,0.3925458324355383,4,21,335,87,0
2,761,254,0,8,baseline_only,0.0,False,False,0.19041319478349553,11,49,335,87,0,0.19041319478349553,11,49,335,87,0
2,762,254,0,8,baseline_only,0.0,False,False,0.18377595089255705,10,54,337,87,0,0.18377595089255705,10,54,337,87,0
2,763,254,0,8,baseline_only,0.0,False,False,0.11677416661387217,10,61,338,87,0,0.11677416661387217,10,61,338,87,0
2,764,254,0,8,baseline_only,0.0,False,False,0.06953871400560453,24,87,335,87,0,0.06953871400560453,24,87,335,87,0
2,765,254,0,8,baseline_only,0.0,False,False,0.0775857298047424,16,91,880,284,0,0.0775857298047424,16,91,880,284,0
2,766,254,0,8,baseline_only,0.0,False,False,0.07851088661439962,18,170,341,87,0,0.07851088661439962,18,170,341,87,0
2,767,254,30,8,baseline_only,0.0,False,False,0.13468760216711037,9,61,342,87,10,0.13468760216711037,9,61,342,87,10
2,768,254,30,8,baseline_only,0.0,False,False,0.544020976194151,1,42,107,19,7,0.544020976194151,1,42,107,19,7
2,769,254,30,8,baseline_only,0.0,False,False,0.4808927631508277,1,31,338,87,0,0.4808927631508277,1,31,338,87,0
2,770,254,30,8,baseline_only,0.0,False,False,0.2839281247447521,3,53,31,7,7,0.2839281247447521,3,53,31,7,7
2,771,254,30,8,baseline_only,0.0,False,False,0.12047594463884723,9,67,107,19,7,0.12047594463884723,9,67,107,19,7
2,772,254,30,8,baseline_only,0.0,False,False,0.41123511904761906,2,128,426,105,23,0.41123511904761906,2,128,426,105,23
2,773,254,30,8,baseline_only,0.0,False,False,0.5768518518518518,1,54,31,7,7,0.5768518518518518,1,54,31,7,7
2,774,254,30,8,baseline_only,0.0,False,False,0.4623431811634059,1,89,31,7,7,0.4623431811634059,1,89,31,7,7
0,0,1,2,2,fused,-0.5494505494505503,False,False,0.17692307692307693,5,13,542,165,17,0.17142857142857143,5,14,542,165,17
0,1,1,2,2,fused,-2.4999999999999964,False,False,0.29166666666666663,3,8,414,103,11,0.26666666666666666,3,10,414,103,11
0,2,1,2,2,fused,0.5494505494505475,False,False,0.5714285714285714,1,14,545,165,17,0.5769230769230769,1,13,545,165,17
0,3,1,12,3,fused,0.23809523809523725,False,False,0.1402116402116402,6,21,480,134,14,0.14259259259259258,6,20,480,134,14
0,4,1,12,3,fused,-0.05120327700972732,False,False,0.09115530762389845,14,31,480,134,14,0.09064327485380118,15,30,478,134,14
0,34,9,0,20,fused,0.0008775650630593601,False,False,0.15657809303265158,9,156,430,109,11,0.15658686868328217,9,152,430,109,11
0,35,9,0,20,fused,-1.0035363049922863,False,False,0.2340798320557187,3,158,430,109,11,0.22404446900579583,3,160,430,109,11
0,36,9,0,20,fused,0.09824596258015961,False,False,0.18412220835584245,23,199,781,256,0,0.18510466798164404,23,196,781,256,0
0,37,9,0,20,fused,-0.8989571372475941,False,False,0.18388391511561156,10,156,431,109,11,0.17489434374313562,12,157,431,109,11
0,38,9,0,20,fused,-0.0957736934370651,False,False,0.13671943207323137,19,161,430,109,11,0.13576169513886072,19,164,430,109,11
0,39,9,0,20,fused,-0.3288662614194027,False,False,0.1556804156872033,17,129,781,256,0,0.15239175307300928,18,129,781,256,0
0,40,9,0,20,fused,0.007101230670036873,False,False,0.2650802607540408,6,137,781,256,0,0.26515127306074115,6,135,781,256,0
0,41,9,0,20,fused,-0.40441891769833066,False,False,0.09244598261659025,26,220,781,256,0,0.08840179343960694,25,218,781,256,0
0,42,9,2,25,fused,-1.8786209458595882,False,False,0.5378176935247097,1,130,706,234,27,0.5190314840661138,1,147,706,234,27
0,43,9,2,25,fused,-0.1560435494952772,False,False,0.8087055539934555,1,102,251,54,5,0.8071451184985027,1,106,251,54,5
0,44,9,2,25,fused,0.02740044004672093,False,False,0.8158253736225686,1,83,157,27,25,0.8160993780230358,1,85,157,27,25
0,45,9,12,24,fused,-1.5898191636419146,False,False,0.6649120994838232,1,160,670,227,24,0.6490139078474041,1,167,670,227,24
0,46,9,12,24,fused,-1.6148583063935407,False,False,0.6183380877898706,1,116,251,54,5,0.6021895047259352,1,119,251,54,5
0,47,9,12,24,fused,-0.947063603398024,False,False,0.606181180268126,1,112,251,54,5,0.5967105442341457,1,116,251,54,5
0,48,9,12,24,fused,-0.5190265632429414,False,False,0.659207670948719,1,93,251,54,5,0.6540174053162896,1,94,251,54,5
0,49,9,25,23,fused,0.41630600189578315,False,False,0.5717516437829717,1,147,88,15,17,0.5759147038019296,1,144,88,15,17
0,50,9,25,23,fused,0.06646708856459238,False,False,0.7040657345896812,1,143,251,54,5,0.7047304054753272,1,143,251,54,5
0,51,9,25,23,fused,-0.0367748417556768,False,False,0.4852727350763521,1,211,251,54,5,0.48490498665879533,1,210,251,54,5
0,52,9,25,23,fused,-0.038374145251196534,False,False,0.6717540608814613,1,135,251,54,5,0.6713703194289493,1,141,251,54,5
0,53,9,25,23,fused,0.04085767212063107,False,False,0.6292599706002288,1,182,156,27,25,0.6296685473214351,1,182,156,27,25
0,54,9,28,20,fused,-0.5468427319808788,False,False,0.6120810128630302,1,113,156,27,25,0.6066125855432214,1,113,156,27,25
0,55,9,28,20,fused,-0.029165041324458185,False,False,0.44471830219486713,1,138,395,99,28,0.44442665178162255,1,137,395,99,28
0,56,9,28,20,fused,0.14448630744736124,False,False,0.3146532410605314,1,155,395,99,28,0.316098104135005,1,150,395,99,28
0,57,9,28,20,fused,-0.3476087312358267,False,False,0.5830200016939264,1,96,250,54,5,0.5795439143815682,1,95,250,54,5
0,58,9,28,20,fused,-0.013525009046677638,False,False,0.41110568547630244,1,183,251,54,5,0.41097043538583566,1,184,251,54,5
0,59,9,28,20,fused,0.07199122435060934,False,False,0.41544620159537216,1,134,805,262,0,0.41616611383887825,1,134,805,262,0
0,60,9,28,20,fused,1.2737918677093951,False,False,0.429781899983682,1,179,395,99,28,0.44251981866077594,1,178,395,99,28
0,61,9,28,20,fused,0.055362743295489514,False,False,0.41305250484065714,1,132,376,99,25,0.41360613227361204,1,130,376,99,25
0,82,15,2,7,fused,-0.6115907901622197,False,False,0.3814569866834675,1,41,398,99,30,0.3753410787818453,1,41,398,99,30
0,83,15,2,7,fused,-0.17006802721088454,False,False,0.3515873015873016,3,45,400,99,30,0.34988662131519277,3,45,400,99,30
0,84,15,2,7,fused,-2.703296703296698,False,False,0.7021022455805064,1,26,400,99,30,0.6750692785475394,1,25,400,99,30
0,85,15,12,8,fused,-1.7223067387874713,False,False,0.6203976705624779,1,34,150,27,4,0.6031746031746031,1,36,150,27,4
0,86,15,12,8,fused,-0.48553943119159504,False,False,0.7211179361179361,1,37,150,27,4,0.7162625418060201,1,40,379,99,25
0,87,15,17,5,fused,-0.07130124777183222,False,False,0.2970230379841364,1,39,398,99,30,0.29631002550641805,1,39,398,99,30
0,88,15,17,5,fused,-0.3455463335329867,False,False,0.16838752052545156,6,29,402,99,30,0.1649320571901217,6,31,402,99,30
0,89,15,17,5,fused,-1.7978100331041524,False,False,0.21563329143974305,4,33,396,99,28,0.19765519110870153,4,34,396,99,28
0,90,15,17,5,fused,-0.6666666666666654,False,False,0.30488413547237075,5,17,399,99,30,0.2982174688057041,5,17,399,99,30
0,91,15,17,5,fused,-1.3211233211233187,False,False,0.4126984126984127,1,18,398,99,30,0.3994871794871795,1,20,398,99,30
0,114,21,3,7,fused,-0.5357225257519471,False,False,0.16611961101990522,7,57,213,40,18,0.16076238576238575,7,56,213,40,18
0,115,21,3,7,fused,0.39970246866798675,False,False,0.1983865341008198,7,49,210,40,17,0.20238355878749967,7,49,210,40,17
0,116,21,30,2,fused,0.016233766233766933,False,False,0.16233766233766234,7,11,210,40,17,0.1625,8,10,210,40,17
0,117,21,30,2,fused,0.27472527472527514,False,False,0.10238095238095238,14,15,208,40,6,0.10512820512820513,13,15,208,40,6
0,118,21,30,2,fused,0.40596179183135794,False,False,0.07472826086956522,16,23,208,40,6,0.0787878787878788,15,22,208,40,6
0,119,21,30,2,fused,-0.10080645161290314,False,False,0.05148883374689826,26,31,208,40,6,0.05048076923076923,26,32,208,40,6
0,120,21,30,2,fused,-0.18939393939393992,False,False,0.05498533724340176,22,31,821,268,0,0.05309139784946236,24,31,821,268,0
0,121,21,30,2,fused,0.0,False,False,0.06439393939393939,22,24,819,268,0,0.06439393939393939,22,24,819,268,0
0,122,21,30,2,fused,0.16666666666666635,False,False,0.07333333333333333,15,25,823,268,0,0.075,15,24,823,268,0
0,150,27,4,6,fused,-0.05555555555555314,False,False,0.12560939906569416,6,43,85,15,12,0.12505384351013862,6,43,85,15,12
0,151,27,4,6,fused,-0.10822510822510178,False,False,0.6,1,42,392,99,27,0.598917748917749,1,44,392,99,27
0,152,27,25,2,fused,-0.060975609756097615,False,False,0.19166666666666665,3,40,398,99,30,0.19105691056910568,3,41,398,99,30
0,153,27,25,2,fused,-0.22727272727272735,False,False,0.04825581395348837,20,43,398,99,30,0.0459830866807611,22,43,398,99,30
0,154,27,25,2,fused,0.0,False,False,0.07941176470588235,10,34,373,99,11,0.07941176470588235,10,34,373,99,11
0,155,27,25,2,fused,-0.3588516746411481,False,False,0.05661881977671451,19,33,390,99,27,0.05303030303030303,22,33,390,99,27
0,156,27,25,2,fused,-0.07112375533428195,False,False,0.09845559845559845,7,37,390,99,27,0.09774436090225563,7,38,390,99,27
0,157,27,25,2,fused,-0.20483902062849446,False,False,0.04554655870445344,26,38,390,99,27,0.043498168498168496,28,39,390,99,27
0,169,33,4,13,fused,0.0,False,False,1.0,1,13,532,159,16,1.0,1,13,532,159,16
0,170,33,4,13,fused,0.0,False,False,1.0,1,13,244,48,5,1.0,1,13,244,48,5
0,171,33,4,13,fused,-0.5494505494505475,False,False,1.0,1,13,244,48,5,0.9945054945054945,1,14,244,48,5
0,172,33,5,14,fused,0.0,False,False,0.9293952079666365,1,16,243,48,5,0.9293952079666365,1,16,243,48,5
0,173,33,5,14,fused,0.0,False,False,0.8934585256013827,1,16,244,48,5,0.8934585256013827,1,16,244,48,5
0,174,33,9,13,fused,0.0,False,False,1.0,1,13,243,48,5,1.0,1,13,243,48,5
0,175,33,9,13,fused,0.0,False,False,0.9589457550996012,1,14,244,48,5,0.9589457550996012,1,14,244,48,5
0,176,33,9,13,fused,0.0,False,False,0.9821780783319245,1,14,532,159,16,0.9821780783319245,1,14,532,159,16
0,177,33,14,11,fused,0.0,False,False,0.9750688705234161,1,12,243,48,5,0.9750688705234161,1,12,243,48,5
0,178,33,14,11,fused,0.757575757575768,False,False,0.9924242424242423,1,12,244,48,5,1.0,1,11,244,48,5
0,179,33,14,11,fused,0.0,False,False,0.9686586141131596,1,13,244,48,5,0.9686586141131596,1,13,244,48,5
0,180,33,14,11,fused,0.0,False,False,0.9841597796143251,1,12,244,48,5,0.9841597796143251,1,12,244,48,5
0,181,33,14,11,fused,0.0,False,False,1.0,1,11,244,48,5,1.0,1,11,244,48,5
0,182,33,18,13,fused,0.5594405594405605,False,False,0.8394593654209039,1,16,244,48,5,0.8450537710153095,1,16,244,48,5
0,183,33,18,13,fused,0.0,False,False,0.8890509063585986,1,15,244,48,5,0.8890509063585986,1,15,244,48,5
0,184,33,18,13,fused,0.0,False,False,0.9796597633136095,1,16,244,48,5,0.9796597633136095,1,16,244,48,5
0,205,40,5,10,fused,0.0,False,False,0.792178699436764,1,31,320,82,10,0.792178699436764,1,31,320,82,10
0,206,40,5,10,fused,0.0,False,False,0.7992897842897844,1,27,320,82,10,0.7992897842897844,1,27,320,82,10
0,207,40,5,10,fused,0.0,False,False,0.703805102943034,1,29,114,21,3,0.703805102943034,1,29,114,21,3
0,208,40,6,11,fused,0.4900469058870094,False,False,0.5486917032952839,1,56,118,21,30,0.553592172354154,1,53,118,21,30
0,209,40,6,11,fused,-0.6493506493506551,False,False,0.6169355896628624,1,28,116,21,30,0.6104420831693559,1,28,116,21,30
0,210,40,17,10,fused,-0.0021753099693766487,False,False,0.47684687339171294,1,51,115,21,3,0.4768251202920192,1,49,115,21,3
0,211,40,17,10,fused,0.599270214994696,False,False,0.5472984417344173,1,64,116,21,30,0.5532911438843643,1,59,116,21,30
0,212,40,17,10,fused,0.21763411709064817,False,False,0.5406099057742388,1,69,862,280,0,0.5427862469451453,1,66,862,280,0
0,213,40,18,11,fused,-2.093378409167884,False,False,0.49220323536113014,2,38,321,82,22,0.4712694512694513,3,37,321,82,22
0,214,40,18,11,fused,-0.263157894736854,False,False,0.8946885119133924,1,19,114,21,3,0.8920569329660238,1,20,114,21,3
0,215,40,20,10,fused,0.01895575739141453,False,False,0.3512605057727009,1,41,321,82,22,0.35145006334661505,1,40,321,82,22
0,216,40,20,10,fused,2.249951677740103,False,False,0.7432498036695938,1,46,323,82,22,0.7657493204469948,1,43,323,82,22
0,217,40,20,10,fused,0.4285714285714337,False,False,0.9099999999999999,1,20,118,21,30,0.9142857142857143,1,20,118,21,30
0,264,64,0,8,fused,-0.9874871001032015,False,False,0.25586942362837506,11,23,937,304,0,0.24599455262734304,11,23,937,304,0
0,265,64,0,8,fused,-0.11546396134578252,False,False,0.2208968074409251,10,30,938,304,0,0.21974216782746728,10,29,938,304,0
0,266,64,0,8,fused,-0.2631578947368429,False,False,0.32162353470403005,8,19,937,304,0,0.3189919557566616,8,20,937,304,0
0,267,64,0,8,fused,0.1550736844854489,False,False,0.1882891414141414,10,33,937,304,0,0.1898398782589959,10,34,937,304,0
0,268,64,0,8,fused,0.01831501831501825,False,False,0.20265596273139377,8,29,943,304,0,0.20283911291454396,8,29,943,304,0
0,269,64,0,8,fused,-0.2631578947368429,False,False,0.41321509265588213,2,19,943,304,0,0.4105835137085137,2,20,943,304,0
0,270,64,7,12,fused,-3.395137122992009,False,False,0.5640489419188885,1,30,733,242,28,0.5300975706889685,1,31,733,242,28
0,271,64,7,12,fused,-0.09856630824372492,False,False,0.4961596030674978,2,38,733,242,28,0.49517393998506054,2,38,733,242,28
0,272,64,21,11,fused,-0.6086123219194994,False,False,0.41406389032475116,2,57,730,242,28,0.40797776710555617,2,58,730,242,28
0,273,64,21,11,fused,-0.33385806113079286,False,False,0.40792011019283747,4,36,732,242,28,0.40458152958152954,4,35,732,242,28
0,274,64,21,11,fused,0.0,False,False,0.4551712225967512,3,31,733,242,28,0.4551712225967512,3,31,733,242,28
0,275,64,22,11,fused,-0.14150555327026026,False,False,0.6212580522925351,1,30,730,242,28,0.6198429967598325,1,30,731,242,28
0,276,64,22,11,fused,0.962370962370962,False,False,0.6390609390609391,1,39,730,242,28,0.6486846486846487,1,39,730,242,28
0,277,64,22,11,fused,2.110389610389607,False,False,0.6287969606151425,1,24,733,242,28,0.6499008567190385,1,21,733,242,28
0,296,76,9,6,fused,0.0,False,False,0.8634920634920635,1,9,478,134,14,0.8634920634920635,1,9,478,134,14
0,297,76,9,6,fused,0.0,False,False,0.7958333333333334,1,10,480,134,14,0.7958333333333334,1,10,480,134,14
0,298,76,11,5,fused,0.0,False,False,0.850909090909091,1,11,479,134,14,0.850909090909091,1,11,479,134,14
0,299,76,11,5,fused,0.0,False,False,0.9666666666666666,1,6,480,134,14,0.9666666666666666,1,6,480,134,14
0,300,76,11,5,fused,-1.7857142857142794,False,False,0.7295238095238095,1,7,6,3,2,0.7116666666666667,1,8,6,3,2
0,301,76,12,5,fused,0.0,False,False,0.8261904761904763,1,7,478,134,14,0.8261904761904763,1,7,478,134,14
0,302,76,12,5,fused,0.0,False,False,0.835,1,8,479,134,14,0.835,1,8,479,134,14
0,303,76,12,5,fused,0.0,False,False,0.4741452991452991,2,13,480,134,14,0.4741452991452991,2,13,480,134,14
0,318,82,10,3,fused,0.0,False,False,0.8333333333333334,1,6,114,21,3,0.8333333333333334,1,6,114,21,3
0,319,82,10,3,fused,0.0,False,False,1.0,1,3,644,214,22,1.0,1,3,644,214,22
0,320,82,10,3,fused,0.0,False,False,0.9166666666666666,1,4,213,40,18,0.9166666666666666,1,4,213,40,18
0,321,82,22,3,fused,0.0,False,False,0.9166666666666666,1,4,213,40,18,0.9166666666666666,1,4,213,40,18
0,322,82,22,3,fused,0.0,False,False,0.6984126984126985,1,7,643,214,22,0.6984126984126985,1,7,643,214,22
0,323,82,22,3,fused,0.0,False,False,0.8095238095238094,1,7,644,214,22,0.8095238095238094,1,7,644,214,22
0,346,91,10,3,fused,0.0,False,False,0.8095238095238094,1,7,643,214,22,0.8095238095238094,1,7,643,214,22
0,347,91,10,3,fused,0.0,False,False,0.15138888888888888,10,16,643,214,22,0.15138888888888888,10,16,643,214,22
0,348,91,13,2,fused,3.3333333333333326,False,False,0.6666666666666666,1,6,271,64,7,0.7,1,5,271,64,7
0,349,91,13,2,fused,5.000000000000004,False,False,0.7,1,5,922,298,0,0.75,1,4,451,121,13
0,350,91,13,2,fused,0.0,False,False,0.6666666666666666,1,6,492,138,21,0.6666666666666666,1,6,492,138,21
0,373,99,11,29,fused,-0.2994495178768153,False,False,0.6639815442503161,2,45,154,27,25,0.6609870490715479,2,45,154,27,25
0,374,99,11,29,fused,0.029188147628933514,False,False,0.7949753352465423,1,44,91,15,17,0.7952672167228316,1,44,91,15,17
0,375,99,25,24,fused,0.10479229229231057,False,False,0.8319746384753488,1,43,154,27,25,0.8330225613982719,1,43,154,27,25
0,376,99,25,24,fused,-0.055370985603542255,False,False,0.8880631765796996,1,42,156,27,25,0.8875094667236642,1,43,156,27,25
0,377,99,25,24,fused,-0.5952380952380931,False,False,0.899768602220571,1,36,83,15,2,0.89381622126819,1,36,83,15,2
0,378,99,25,24,fused,-0.08717479445581322,False,False,0.9009267468309184,1,38,83,15,2,0.9000549988863603,1,38,83,15,2
0,379,99,25,24,fused,-0.7418276168276172,False,False,0.832317455543262,1,40,83,15,2,0.8248991793749858,1,39,83,15,2
0,380,99,25,24,fused,0.4546121212787857,False,False,0.8564863297081602,1,40,154,27,25,0.861032450920948,1,39,154,27,25
0,381,99,25,24,fused,-0.36357087272418376,False,False,0.9310736478935008,1,35,154,27,25,0.9274379391662589,1,35,154,27,25
0,382,99,26,25,fused,-0.6779512884775962,False,False,0.912230463983628,1,38,91,15,17,0.905450951098852,1,38,91,15,17
0,383,99,26,25,fused,0.07340465064794577,False,False,0.9110824688053595,1,46,90,15,17,0.9118165153118389,1,47,90,15,17
0,384,99,26,25,fused,0.09583504215083805,False,False,0.7272578450046794,1,41,91,15,17,0.7282161954261878,1,41,91,15,17
0,385,99,26,25,fused,-0.4967299367299338,False,False,0.6098082866276328,2,44,89,15,17,0.6048409872603334,2,44,89,15,17
0,386,99,26,25,fused,-1.3483594388292164,False,False,0.8002226916273895,1,38,90,15,17,0.7867390972390973,1,38,91,15,17
0,387,99,26,25,fused,0.0,False,False,0.8519661565172185,1,41,91,15,17,0.8519661565172185,1,41,91,15,17
0,388,99,27,25,fused,0.08472538681266739,False,False,0.8764498106757409,1,37,154,27,25,0.8772970645438676,1,36,154,27,25
0,389,99,27,25,fused,0.02555072367427247,False,False,0.8383895379712656,1,40,155,27,25,0.8386450452080083,1,41,156,27,25
0,390,99,27,25,fused,-0.14301864890099436,False,False,0.730265291766907,2,40,156,27,25,0.7288351052778971,2,40,156,27,25
0,391,99,27,25,fused,0.372377303411775,False,False,0.7769662243652603,1,46,82,15,2,0.780689997399378,1,46,82,15,2
0,392,99,27,25,fused,0.4056321295700216,False,False,0.6446224901270816,2,44,154,27,25,0.6486788114227818,2,43,154,27,25
0,393,99,27,25,fused,-0.27658041864030425,False,False,0.9083118418362558,1,38,91,15,17,0.9055460376498528,1,38,91,15,17
0,394,99,28,27,fused,-0.5126895241837848,False,False,0.8718598122070792,1,41,91,15,17,0.8667329169652414,1,41,91,15,17
0,395,99,28,27,fused,-0.036520406890783175,False,False,0.8425987512253696,1,49,56,9,28,0.8422335471564618,1,49,56,9,28
0,396,99,28,27,fused,-0.031018399456095302,False,False,0.7149460745854492,1,40,89,15,17,0.7146358905908883,1,40,89,15,17
0,397,99,28,27,fused,-0.33360618155939825,False,False,0.8576131056958638,1,46,91,15,17,0.8542770438802698,1,46,91,15,17
0,398,99,30,25,fused,-0.2412090833143421,False,False,0.6370179168461383,2,41,91,15,17,0.6346058260129949,2,41,91,15,17
0,399,99,30,25,fused,-0.24828916588752747,False,False,0.5314007148754686,4,43,91,15,17,0.5289178232165933,4,42,91,15,17
0,400,99,30,25,fused,-0.09716209716210678,False,False,0.5912837959561632,1,40,83,15,2,0.5903121749845421,1,40,83,15,2
0,401,99,30,25,fused,-0.16830280830281152,False,False,0.6791617271698476,1,41,90,15,17,0.6774786990868195,1,41,90,15,17
0,402,99,30,25,fused,0.08374384236452537,False,False,0.6569266093607848,1,41,91,15,17,0.6577640477844301,1,41,91,15,17
0,403,99,30,25,fused,-0.3923456447295415,False,False,0.7349393205240017,1,54,56,9,28,0.7310158640767063,1,52,56,9,28
0,430,109,11,1,fused,0.0,False,False,0.03571428571428571,28,28,35,9,0,0.03571428571428571,28,28,35,9,0
0,431,109,11,1,fused,0.0,False,False,0.125,8,8,37,9,0,0.125,8,8,37,9,0
0,432,109,22,2,fused,0.810983397190293,False,False,0.08448275862068966,10,29,579,173,19,0.09259259259259259,9,27,579,173,19
0,449,121,12,7,fused,3.6426364977974304,False,False,0.4803172555471588,1,88,250,54,5,0.5167436205251331,1,85,250,54,5
0,450,121,12,7,fused,-0.21850623762231236,False,False,0.45497116899414414,1,139,251,54,5,0.452786106617921,1,142,251,54,5
0,451,121,13,7,fused,0.1081205429031451,False,False,0.3721987205764584,1,171,270,64,7,0.37327992600548987,1,171,270,64,7
0,452,121,13,7,fused,-2.1323776601540945,False,False,0.6125981817057332,1,74,262,62,7,0.5912744051041923,1,74,262,62,7
0,453,121,17,7,fused,0.5318011630303987,False,False,0.37481962481962483,1,99,542,165,17,0.3801376364499288,1,98,542,165,17
0,454,121,17,7,fused,-2.1028131532333183,False,False,0.4921784098254686,1,68,492,138,21,0.47115027829313544,1,70,492,138,21
0,455,121,19,6,fused,-0.011439029970261583,False,False,0.5431375120202815,1,93,609,186,20,0.5430231217205789,1,94,609,186,20
0,456,121,19,6,fused,0.7964192294821093,False,False,0.44648692810457513,1,85,592,177,19,0.4544511203993962,1,88,592,177,19
0,457,121,19,6,fused,0.10673966556319359,False,False,0.1925833969951617,7,56,592,177,19,0.19365079365079363,7,55,592,177,19
0,490,138,15,4,fused,0.29239766081872176,False,False,0.7401315789473684,1,19,271,64,7,0.7430555555555556,1,18,271,64,7
0,491,138,15,4,fused,1.1111111111111183,False,False,0.85,1,10,643,214,22,0.8611111111111112,1,9,643,214,22
0,492,138,21,4,fused,0.17316017316016952,False,False,0.6535714285714286,1,35,350,91,13,0.6553030303030303,1,33,350,91,13
0,493,138,21,4,fused,0.08003201280512018,False,False,0.4196078431372549,2,51,843,274,0,0.4204081632653061,2,49,843,274,0
0,494,138,28,4,fused,0.389207519540663,False,False,0.3191270109815743,1,59,522,155,24,0.32301908617698094,1,56,522,155,24
0,495,138,28,4,fused,0.0,False,False,0.8928571428571428,1,7,643,214,22,0.8928571428571428,1,7,643,214,22
0,520,155,16,3,fused,0.0,False,False,1.0,1,3,644,214,22,1.0,1,3,644,214,22
0,521,155,16,3,fused,0.0,False,False,1.0,1,3,747,248,29,1.0,1,3,747,248,29
0,522,155,24,2,fused,0.0,False,False,1.0,1,2,5,3,2,1.0,1,2,5,3,2
0,523,155,24,2,fused,0.0,False,False,1.0,1,2,644,214,22,1.0,1,2,644,214,22
0,524,155,24,2,fused,0.0,False,False,1.0,1,2,747,248,29,1.0,1,2,747,248,29
0,542,165,17,4,fused,-0.2432078411059968,False,False,0.07165595440213436,12,114,453,121,17,0.0692238759910744,12,118,453,121,17
0,543,165,17,4,fused,12.474398361495137,True,False,0.2988213399503722,2,62,905,292,0,0.42356532356532356,1,63,905,292,0
0,544,165,17,4,fused,-0.7575757575757569,False,False,0.4159090909090909,2,11,982,316,0,0.4083333333333333,2,12,982,316,0
0,545,165,17,4,fused,0.3293807641633728,False,False,0.1282526350461133,11,24,2,1,2,0.13154644268774704,11,23,2,1,2
0,546,165,19,4,fused,0.2945402298850569,False,False,0.1375,5,32,669,227,24,0.14044540229885058,5,32,669,227,24
0,547,165,19,4,fused,-0.10683760683760646,False,False,0.14273504273504273,6,45,669,227,24,0.14166666666666666,6,45,669,227,24
0,548,165,19,4,fused,0.2012118406684707,False,False,0.07388606695441625,14,118,302,76,12,0.07589818536110096,14,119,302,76,12
0,549,165,19,4,fused,-0.7258333667080508,False,False,0.13550135501355012,6,41,669,227,24,0.12824302134646962,7,40,669,227,24
0,574,173,18,4,fused,0.0,False,False,1.0,1,4,456,121,19,1.0,1,4,456,121,19
0,575,173,18,4,fused,0.0,False,False,1.0,1,4,548,165,19,1.0,1,4,548,165,19
0,576,173,19,2,fused,0.0,False,False,1.0,1,2,548,165,19,1.0,1,2,548,165,19
0,577,173,19,2,fused,0.0,False,False,1.0,1,2,456,121,19,1.0,1,2,456,121,19
0,578,173,19,2,fused,0.0,False,False,1.0,1,2,456,121,19,1.0,1,2,456,121,19
0,579,173,19,2,fused,0.0,False,False,1.0,1,2,432,109,22,1.0,1,2,432,109,22
0,620,195,0,2,fused,0.14814959456840235,False,False,0.03398617511520737,28,62,542,165,17,0.035467671060891395,27,59,542,165,17
0,621,195,0,2,fused,0.11426667811172825,False,False,0.03028322440087146,27,85,542,165,17,0.03142589118198874,26,82,542,165,17
0,622,195,0,2,fused,0.031136082045993274,False,False,0.012783877274778163,109,122,36,9,0,0.013095238095238096,105,120,36,9,0
0,623,195,0,2,fused,0.0,False,False,0.007754894482583269,171,207,981,316,0,0.007754894482583269,171,207,981,316,0
0,624,195,0,2,fused,0.06579546053230266,False,False,0.013401559454191032,108,114,979,316,0,0.014059514059514059,99,111,39,9,0
0,625,195,0,2,fused,0.18862146053529766,False,False,0.01989236978666154,43,121,777,256,0,0.021778584392014518,38,116,777,256,0
0,626,195,0,2,fused,0.68321513002364,False,False,0.07,10,50,542,165,17,0.0768321513002364,9,47,542,165,17
0,627,195,22,7,fused,-0.023173445465445724,False,False,0.058378436025725775,17,174,706,234,27,0.05814670157107132,17,176,706,234,27
0,628,195,22,7,fused,0.11179169038379316,False,False,0.03597851839638039,56,201,251,54,5,0.03709643530021832,55,199,251,54,5
0,696,234,0,3,fused,0.0066746355988440455,False,False,0.006515431530537272,231,331,823,268,0,0.006582177886525712,225,330,823,268,0
0,697,234,0,3,fused,0.00493710472137341,False,False,0.007003523411170813,228,319,182,33,18,0.007052894458384547,222,318,182,33,18
0,698,234,0,3,fused,0.006911028404842957,False,False,0.009727886487017393,153,256,635,206,22,0.009796996771065823,151,256,635,206,22
0,699,234,0,3,fused,0.015935580722370793,False,False,0.009246989709156678,178,268,635,206,22,0.009406345516380386,174,267,635,206,22
0,700,234,0,3,fused,0.00931057694250224,False,False,0.007372161008441111,223,295,823,268,0,0.007465266777866133,218,294,823,268,0
0,701,234,0,3,fused,0.0058977837288453835,False,False,0.007680220035933068,192,295,820,268,0,0.007739197873221522,191,295,820,268,0
0,702,234,0,3,fused,0.008716740611792312,False,False,0.009144262979727126,180,257,350,91,13,0.00923143038584505,177,258,350,91,13
0,703,234,0,3,fused,0.014296964108424098,False,False,0.006982124746450304,232,340,820,268,0,0.007125094387534545,231,339,820,268,0
0,704,234,27,8,fused,0.02426624574450309,False,False,0.020577422660550584,176,242,58,9,28,0.020820085117995615,176,242,58,9,28
0,705,234,27,8,fused,-0.0024828894351821076,False,False,0.01408473796300797,243,343,446,117,12,0.014059909068656149,246,343,446,117,12
0,706,234,27,8,fused,0.0008956086559704785,False,False,0.018037910379763725,165,311,627,195,22,0.01804686646632343,165,311,627,195,22
1,7,5,2,17,fused,0.10786375889848543,False,False,0.7271654098319617,1,59,676,229,26,0.7282440474209465,1,58,676,229,26
1,8,5,2,17,fused,1.3093764158603305,False,False,0.7176283220451345,1,69,675,229,26,0.7307220862037378,1,69,675,229,26
1,9,5,2,17,fused,0.6390599386111084,False,False,0.5045010461285795,1,260,252,56,5,0.5108916455146906,1,255,252,56,5
1,10,5,11,18,fused,-0.2521924749873561,False,False,0.7319903408138703,1,119,466,130,15,0.7294684160639967,1,121,466,130,15
1,11,5,11,18,fused,-0.2628030675500548,False,False,0.5024384369507223,1,113,721,238,28,0.4998104062752218,1,117,721,238,28
1,12,5,12,18,fused,0.27716277764727737,False,False,0.6764279786423366,1,65,447,119,12,0.6791996064188094,1,65,447,119,12
1,13,5,12,18,fused,1.2382422104644242,False,False,0.7324364378143269,1,45,468,130,15,0.7448188599189711,1,45,468,130,15
1,14,5,17,17,fused,0.6400561771077395,False,False,0.7794453608260903,1,120,474,130,22,0.7858459225971677,1,120,474,130,22
1,15,5,17,17,fused,-0.8590102707749736,False,False,0.8287333676080478,1,80,676,229,26,0.8201432649002981,1,80,676,229,26
1,16,5,17,17,fused,0.44353189402078774,False,False,0.33106466279413865,1,106,721,238,28,0.33549998173434653,1,102,721,238,28
1,17,5,28,16,fused,-0.11038452589591241,False,False,0.49037934023982865,1,100,814,264,0,0.48927549498086953,1,103,814,264,0
1,18,5,28,16,fused,-0.2589174626155377,False,False,0.5483134408487377,1,58,722,238,28,0.5457242662225823,1,59,722,238,28
1,19,5,28,16,fused,-0.750369093856118,False,False,0.7157512766861469,1,32,676,229,26,0.7082475857475857,1,32,676,229,26
1,20,5,28,16,fused,0.13489736070381175,False,False,0.5576714567168146,2,32,722,238,28,0.5590204303238527,2,32,722,238,28
1,21,5,30,14,fused,0.19621547048444543,False,False,0.33945153357579033,2,158,590,175,25,0.3414136882806348,2,155,590,175,25
1,22,5,30,14,fused,3.7239249875106903,False,False,0.32626592607083793,1,125,809,264,0,0.36350517594594484,1,125,809,264,0
1,23,5,30,14,fused,0.21275076747340194,False,False,0.7079400757972187,1,60,676,229,26,0.7100675834719528,1,58,676,229,26
1,24,5,30,14,fused,2.284213550666994,False,False,0.2133698969367382,2,213,722,238,28,0.23621203244340813,2,205,722,238,28
1,25,5,30,14,fused,2.327865254778616,False,False,0.3847220467822447,2,208,722,238,28,0.40800069933003086,2,203,722,238,28
1,26,5,30,14,fused,2.003122886581543,False,False,0.536938750472585,2,140,679,229,30,0.5569699793384004,2,135,679,229,30
1,62,11,0,3,fused,-0.002822744758228246,False,False,0.03157593272410112,35,93,988,318,0,0.03154770527651884,36,91,988,318,0
1,63,11,0,3,fused,0.043041606886656814,False,False,0.06537094369911707,18,85,1009,324,0,0.06580135976798364,18,82,1009,324,0
1,64,11,0,3,fused,-1.680032076984761,False,False,0.17829457364341084,4,86,1009,324,0,0.16149425287356323,5,87,1009,324,0
1,65,11,0,3,fused,-0.5777186761229319,False,False,0.09525368248772505,10,94,1009,324,0,0.08947649572649573,12,96,1009,324,0
1,66,11,0,3,fused,0.0,False,False,0.166005291005291,3,56,1009,324,0,0.166005291005291,3,56,1009,324,0
1,67,11,0,3,fused,-0.03424542389545149,False,False,0.048686471332971604,16,97,1013,324,0,0.04834401709401709,16,96,1013,324,0
1,68,11,0,3,fused,0.06997775186629723,False,False,0.06715367965367965,16,77,1009,324,0,0.06785345717234262,17,76,1009,324,0
1,69,11,0,3,fused,-0.12975659710514204,False,False,0.07225349176568689,13,41,1009,324,0,0.07095592579463547,13,42,1009,324,0
1,70,11,2,8,fused,-0.3086041445914997,False,False,0.12416129883802297,8,74,20,5,28,0.12107525739210798,9,78,20,5,28
1,71,11,2,8,fused,1.464737611679101,False,False,0.6952349290780142,1,47,130,23,14,0.7098823051948052,1,44,130,23,14
1,72,11,2,8,fused,0.41723338598338433,False,False,0.39413555194805194,2,77,435,113,12,0.3983078858078858,2,74,435,113,12
1,92,17,2,5,fused,0.0,False,False,0.6976190476190476,1,30,721,238,28,0.6976190476190476,1,30,721,238,28
1,93,17,2,5,fused,-0.4308288610614164,False,False,0.6583333333333333,1,40,721,238,28,0.6540250447227192,1,43,721,238,28
1,94,17,2,5,fused,-1.3333333333333364,False,False,0.42936332767402374,1,31,233,46,8,0.4160299943406904,1,31,233,46,8
1,95,17,17,5,fused,-1.4285714285714235,False,False,0.5844444444444444,1,25,721,238,28,0.5701587301587302,1,25,721,238,28
1,96,17,17,5,fused,-0.09195402298850519,False,False,0.5671940500338066,1,51,721,238,28,0.5662745098039216,1,51,721,238,28
1,97,17,17,5,fused,4.126984126984123,False,False,0.6585281385281385,1,11,721,238,28,0.6997979797979798,1,11,721,238,28
1,98,17,19,6,fused,-0.5304621848739532,False,False,0.32257415786827554,2,34,750,250,29,0.317269536019536,2,36,750,250,29
1,99,17,19,6,fused,-0.21367521367521292,False,False,0.2441154970760234,2,32,439,113,19,0.24197874493927127,2,32,439,113,19
1,123,23,3,11,fused,0.6327994909973267,False,False,0.7049786542028148,1,61,602,181,20,0.7113066491127881,1,59,602,181,20
1,124,23,3,11,fused,0.1948051948051921,False,False,0.6381739472648564,1,70,164,29,18,0.6401219992129084,1,70,164,29,18
1,125,23,4,11,fused,-0.052395890601031336,False,False,0.5028938593873659,1,49,162,29,9,0.5023699004813555,1,50,162,29,9
1,126,23,4,11,fused,-0.06609348618146216,False,False,0.6515529721174883,1,124,162,29,9,0.6508920372556737,1,121,162,29,9
1,127,23,5,11,fused,0.05285412262155953,False,False,0.5080089169204002,1,44,602,181,20,0.5085374581466158,1,43,602,181,20
1,128,23,5,11,fused,0.16310289037562153,False,False,0.4669503896776624,2,54,602,181,20,0.4685814185814186,2,55,602,181,20
1,129,23,14,11,fused,-1.6051583204570785,False,False,0.7830320006790594,1,68,161,29,9,0.7669804174744886,1,69,161,29,9
1,130,23,14,11,fused,-0.7117953844048897,False,False,0.5098259574456636,1,120,72,11,2,0.5027080036016147,1,119,72,11,2
1,131,23,17,10,fused,0.4892900860642757,False,False,0.6004245594568175,1,74,602,181,20,0.6053174603174603,1,72,602,181,20
1,132,23,17,10,fused,-0.2738215731636795,False,False,0.29280471540843056,1,65,675,229,26,0.29006649967679377,1,64,675,229,26
1,133,23,17,10,fused,0.08335850433821013,False,False,0.08836979732386281,16,128,408,101,13,0.08920338236724491,16,126,408,101,13
1,134,23,18,11,fused,-0.4361229460043581,False,False,0.5444188832557816,1,35,163,29,18,0.540057653795738,1,36,163,29,18
1,135,23,18,11,fused,0.03187042842215382,False,False,0.33028255246793037,3,54,164,29,18,0.3306012567521519,3,54,164,29,18
1,158,29,4,5,fused,0.263157894736854,False,False,0.85,1,20,125,23,4,0.8526315789473685,1,19,125,23,4
1,159,29,4,5,fused,0.0,False,False,0.6903703703703703,1,27,125,23,4,0.6903703703703703,1,27,125,23,4
1,160,29,9,4,fused,0.0,False,False,0.6964285714285714,1,14,127,23,5,0.6964285714285714,1,14,127,23,5
1,161,29,9,4,fused,0.0,False,False,0.5317982456140351,1,19,123,23,3,0.5317982456140351,1,19,123,23,3
1,162,29,9,4,fused,-0.7148692810457602,False,False,0.6493055555555556,1,18,123,23,3,0.642156862745098,1,17,123,23,3
1,163,29,18,5,fused,0.0,False,False,0.6482142857142856,1,16,134,23,18,0.6482142857142856,1,16,134,23,18
1,164,29,18,5,fused,1.4859895119014754,False,False,0.13516480595427965,9,50,135,23,18,0.1500247010732944,9,46,135,23,18
1,185,35,4,5,fused,0.0,False,False,0.75,1,28,232,46,5,0.75,1,28,232,46,5
1,186,35,4,5,fused,0.0,False,False,0.7303030303030302,1,33,238,46,12,0.7303030303030302,1,33,238,46,12
1,187,35,4,5,fused,0.15384615384615996,False,False,0.7984615384615384,1,26,235,46,9,0.8,1,25,235,46,9
1,188,35,5,6,fused,2.2222222222222254,False,False,0.6513888888888889,1,30,231,46,5,0.6736111111111112,1,30,231,46,5
1,189,35,5,6,fused,0.0,False,False,0.8490338164251208,1,23,232,46,5,0.8490338164251208,1,23,232,46,5
1,190,35,18,5,fused,0.0,False,False,0.9666666666666666,1,6,235,46,9,0.9666666666666666,1,6,235,46,9
1,191,35,18,5,fused,0.0,False,False,0.5035897435897436,1,13,230,46,5,0.5035897435897436,1,13,235,46,9
1,192,35,18,5,fused,-0.26393976393976476,False,False,0.0991966366966367,16,39,239,46,12,0.09655723905723905,16,40,239,46,12
1,222,46,0,13,fused,-0.037449171701451484,False,False,0.05060711819053519,34,230,866,282,0,0.050232626473520677,34,229,866,282,0
1,223,46,0,13,fused,-0.01618681926026863,False,False,0.06236534612614796,19,204,812,264,0,0.062203477933545276,19,202,812,264,0
1,224,46,0,13,fused,-0.31124249096302903,False,False,0.13073993517449528,5,126,866,282,0,0.127627510264865,5,127,866,282,0
1,225,46,0,13,fused,-0.15486211590681476,False,False,0.08024250053774394,18,181,866,282,0,0.0786938793786758,20,186,866,282,0
1,226,46,0,13,fused,0.040210393198190225,False,False,0.040481211562291376,32,258,1013,324,0,0.04088331549427328,32,256,67,11,0
1,227,46,0,13,fused,0.06805270003969119,False,False,0.05009183654995977,27,239,871,282,0,0.050772363550356685,27,236,871,282,0
1,228,46,0,13,fused,0.22043924854077274,False,False,0.1053925120377275,16,180,812,264,0,0.10759690452313522,13,183,812,264,0
1,229,46,0,13,fused,0.025169492755777734,False,False,0.03550586987418994,35,261,988,318,0,0.035757564801747715,35,258,988,318,0
1,230,46,5,18,fused,-1.6997825211485962,False,False,0.3480930442895456,1,177,191,35,18,0.3310952190780596,1,171,191,35,18
1,231,46,5,18,fused,-0.40937551615015666,False,False,0.3484192770631531,1,188,188,35,5,0.34432552190165155,1,183,188,35,5
1,232,46,5,18,fused,0.6675242768995893,False,False,0.4003827768063824,1,193,189,35,5,0.4070580195753783,1,188,189,35,5
1,233,46,8,19,fused,1.1071156492455936,False,False,0.3129153113659495,3,246,94,17,2,0.32398646785840546,3,246,94,17,2
1,234,46,8,19,fused,0.25494723632158434,False,False,0.2878135214444039,1,217,99,17,19,0.29036299380761976,1,215,99,17,19
1,235,46,9,18,fused,0.031556957219719406,False,False,0.39067276875538787,1,184,191,35,18,0.39098833832758506,1,180,191,35,18
1,236,46,9,18,fused,-1.1528732423148946,False,False,0.4695597046996835,1,165,191,35,18,0.45803097227653455,1,162,191,35,18
1,237,46,9,18,fused,-0.07371081039302396,False,False,0.3565159509506054,1,211,527,157,24,0.35577884284667516,1,209,529,157,24
1,238,46,12,19,fused,-0.11560249067705253,False,False,0.376975318144111,1,130,186,35,4,0.3758192932373405,1,130,186,35,4
1,239,46,12,19,fused,0.1472250846032419,False,False,0.5302140351712437,1,112,192,35,18,0.5316862860172761,1,111,192,35,18
1,240,46,17,18,fused,0.2999623789449568,False,False,0.25220120217034,3,178,247,50,5,0.25520082595978955,3,177,247,50,5
1,241,46,17,18,fused,-0.020922264173528493,False,False,0.5487101459740551,1,102,96,17,17,0.5485009233323198,1,104,552,167,17
1,242,46,17,18,fused,-0.6315208543469453,False,False,0.5706515743112028,1,60,192,35,18,0.5643363657677334,1,63,192,35,18
1,278,68,0,7,fused,0.38235765770328056,False,False,0.15344516594516594,6,66,866,282,0,0.15726874252219875,6,66,866,282,0
1,279,68,0,7,fused,-0.6699412201186111,False,False,0.16120324565170857,5,90,808,264,0,0.15450383345052246,6,90,808,264,0
1,280,68,0,7,fused,-0.7142857142857117,False,False,0.43425344496773066,1,52,945,306,0,0.42711058782487354,1,52,945,306,0
1,281,68,0,7,fused,-1.0774956203730202,False,False,0.4441082895370635,1,83,852,276,0,0.4333333333333333,1,84,852,276,0
1,282,68,0,7,fused,-0.12036591237362115,False,False,0.8732718894009217,1,62,224,46,0,0.8720682302771855,1,67,224,46,0
1,283,68,0,7,fused,0.7644110275689231,False,False,0.3075486334884831,5,30,945,306,0,0.31519274376417233,4,28,945,306,0
1,284,68,0,7,fused,0.26546762137924784,False,False,0.09541212157667908,17,65,913,294,0,0.09806679779047156,16,64,913,294,0
1,285,68,8,12,fused,0.21299956082564409,False,False,0.768183255954995,1,46,233,46,8,0.7703132515632515,1,45,233,46,8
1,286,68,8,12,fused,-0.2452772776893819,False,False,0.6131717955247367,1,88,590,175,25,0.6107190227478428,1,87,590,175,25
1,287,68,29,9,fused,0.9129577757028717,False,False,0.5801112467779135,1,35,580,175,18,0.5892408245349422,1,34,580,175,18
1,288,68,29,9,fused,-3.4768275414441554,False,False,0.3442002203292526,1,62,505,142,16,0.3094319449148111,1,60,505,142,16
1,289,68,29,9,fused,0.2898860398860337,False,False,0.5093173322840843,1,52,583,175,19,0.5122161926829446,1,48,583,175,19
1,290,68,29,9,fused,0.4440514785342353,False,False,0.39042274597830157,2,45,583,175,19,0.3948632607636439,2,39,583,175,19
1,291,68,29,9,fused,0.2116402116402072,False,False,0.6379717813051147,1,25,583,175,19,0.6400881834215167,1,25,583,175,19
1,304,78,10,5,fused,0.0,False,False,1.0,1,5,582,175,19,1.0,1,5,582,175,19
1,305,78,10,5,fused,0.0,False,False,1.0,1,5,585,175,19,1.0,1,5,585,175,19
1,306,78,16,4,fused,0.0,False,False,1.0,1,4,582,175,19,1.0,1,4,582,175,19
1,307,78,16,4,fused,0.0,False,False,1.0,1,4,582,175,19,1.0,1,4,582,175,19
1,308,78,16,4,fused,0.0,False,False,1.0,1,4,585,175,19,1.0,1,4,585,175,19
1,309,78,22,5,fused,0.0,False,False,1.0,1,5,585,175,19,1.0,1,5,585,175,19
1,310,78,22,5,fused,0.0,False,False,1.0,1,5,585,175,19,1.0,1,5,585,175,19
1,324,85,0,2,fused,-0.014995165311239289,False,False,0.010562812449604903,117,159,985,318,0,0.01041286079649251,119,161,985,318,0
1,325,85,0,2,fused,-0.011307100859339614,False,False,0.013322884012539185,87,132,985,318,0,0.013209813003945789,87,134,985,318,0
1,326,85,0,2,fused,-0.05931965745594181,False,False,0.014754416618132402,101,102,405,101,11,0.014161220043572984,102,108,405,101,11
1,327,85,0,2,fused,-0.0019609049208148266,False,False,0.009657009657009656,154,156,991,318,0,0.009637400607801508,153,157,991,318,0
1,328,85,0,2,fused,-0.004216740459624807,False,False,0.009220354808590103,153,168,893,288,0,0.009178187403993855,155,168,893,288,0
1,329,85,0,2,fused,-0.020602919539089784,False,False,0.01093835242771413,130,141,991,318,0,0.010732323232323232,132,144,406,101,11
1,330,85,0,2,fused,-0.006242589255505294,False,False,0.006459442530535546,206,248,894,288,0,0.006397016637980493,210,249,894,288,0
1,331,85,0,2,fused,-0.0384221311475412,False,False,0.021710234824988926,61,74,413,101,16,0.021326013513513514,64,74,413,101,16
1,332,85,10,8,fused,-0.11840721489342551,False,False,0.055366605151418426,37,129,639,208,22,0.05418253300248417,37,131,639,208,22
1,333,85,10,8,fused,-0.23086741282653672,False,False,0.05253567162810306,45,107,1029,330,0,0.050226997499837694,47,114,1029,330,0
1,351,93,10,2,fused,-0.012901006278489419,False,False,0.03603428126217374,17,151,329,85,0,0.03590527119938885,17,154,329,85,0
1,352,93,10,2,fused,-0.037707390648566985,False,False,0.2696078431372549,2,51,327,85,0,0.2692307692307692,2,52,327,85,0
1,353,93,28,2,fused,-0.12807321515838077,False,False,0.02039184326269492,41,122,709,236,28,0.019111111111111113,45,125,709,236,28
1,354,93,28,2,fused,0.0,False,False,0.3026315789473684,2,19,327,85,0,0.3026315789473684,2,19,327,85,0
1,404,101,11,7,fused,0.9831125432629206,False,False,0.7108585858585859,1,18,159,29,4,0.7206897112912151,1,19,159,29,4
1,405,101,11,7,fused,0.1553954915299416,False,False,0.47064164269133213,1,63,326,85,0,0.47219559760663155,1,68,326,85,0
1,406,101,11,7,fused,-0.44244115672685824,False,False,0.5710244781673353,1,27,329,85,0,0.5666000666000667,1,26,329,85,0
1,407,101,13,7,fused,0.0,False,False,0.7440276110444177,1,17,328,85,0,0.7440276110444177,1,17,328,85,0
1,408,101,13,7,fused,1.3841839029808956,False,False,0.44356725146198833,1,36,133,23,17,0.4574090904917973,1,35,133,23,17
1,409,101,13,7,fused,-0.5172219085262553,False,False,0.48183752065739643,1,23,329,85,0,0.4766653015721339,1,25,329,85,0
1,410,101,15,8,fused,0.0,False,False,0.3684208152958153,6,18,710,236,28,0.3684208152958153,6,18,710,236,28
1,411,101,15,8,fused,1.8308080808080773,False,False,0.48364968364968364,3,14,708,236,28,0.5019577644577644,3,14,708,236,28
1,412,101,16,8,fused,-0.4091004217779082,False,False,0.533586389101095,2,28,427,107,11,0.5294953848833159,2,29,427,107,11
1,413,101,16,8,fused,3.8022138680033404,False,False,0.45085976276475503,1,40,331,85,0,0.48888190144478844,1,38,331,85,0
1,435,113,12,3,fused,0.09746588693957045,False,False,0.04908881742358878,19,61,72,11,2,0.050063476292984486,18,61,72,11,2
1,436,113,12,3,fused,-0.09079903147699714,False,False,0.09193121693121692,9,56,72,11,2,0.09102322661644695,9,59,72,11,2
1,437,113,19,2,fused,-0.17399267399267337,False,False,0.052380952380952375,21,35,512,148,16,0.05064102564102564,20,39,514,148,16
1,438,113,19,2,fused,0.0,False,False,0.1625,8,10,750,250,29,0.1625,8,10,750,250,29
1,439,113,19,2,fused,-0.07936507936507908,False,False,0.04372294372294372,33,35,512,148,16,0.04292929292929293,33,36,513,148,16
1,464,130,13,10,fused,-0.048062248392721774,False,False,0.6567863598389915,1,88,500,140,16,0.6563057373550643,1,89,500,140,16
1,465,130,13,10,fused,-0.032621341151284344,False,False,0.741782125920057,1,29,503,140,24,0.7414559125085441,1,30,503,140,24
1,466,130,15,9,fused,1.7219628213015037,False,False,0.5076066790352505,1,98,10,5,11,0.5248263072482655,1,108,10,5,11
1,467,130,15,9,fused,-0.09361009361009698,False,False,0.6254251558173127,1,28,944,306,0,0.6244890548812118,1,28,944,306,0
1,468,130,15,9,fused,-0.4847480431979134,False,False,0.47499102204984556,1,35,502,140,24,0.4701435416178664,1,38,502,140,24
1,469,130,16,8,fused,0.4307253677563794,False,False,0.4638227355719616,1,57,503,140,24,0.46812998924952537,1,59,503,140,24
1,470,130,16,8,fused,-0.15609259713033063,False,False,0.4110420698274472,1,53,503,140,24,0.40948114385614387,1,52,503,140,24
1,471,130,16,8,fused,-0.4854557267007509,False,False,0.2709564214248749,5,70,504,140,24,0.2661018641578674,5,73,504,140,24
1,472,130,16,8,fused,0.11618589743589425,False,False,0.503525641025641,2,18,629,198,22,0.5046875,2,18,629,198,22
1,473,130,22,9,fused,1.8925518925518858,False,False,0.7351148851148852,1,18,498,140,16,0.7540404040404041,1,18,498,140,16
1,474,130,22,9,fused,-0.31746031746031633,False,False,0.5777412067810986,1,29,630,198,22,0.5745666036064955,1,29,630,198,22
1,475,130,22,9,fused,6.741390513320333,False,False,0.6551169590643275,1,20,629,198,22,0.7225308641975309,1,20,629,198,22
1,496,140,15,7,fused,7.2041499482808495,True,False,0.24827826193698557,2,155,410,101,15,0.32031976141979407,1,152,410,101,15
1,497,140,15,7,fused,-0.7386075189913133,False,False,0.25706678122421034,3,181,660,223,23,0.2496807060342972,4,181,660,223,23
1,498,140,16,6,fused,-1.8117343649258544,False,False,0.33688071188071184,3,44,473,130,22,0.3187633682314533,3,47,473,130,22
1,499,140,16,6,fused,-0.010778528526844688,False,False,0.5470464022238853,1,199,464,130,13,0.5469386169386169,1,200,464,130,13
1,500,140,16,6,fused,-0.017108214782635134,False,False,0.20856532356532356,2,130,464,130,13,0.2083942414174972,2,129,464,130,13
1,501,140,24,5,fused,4.476190476190456,False,False,0.8266666666666668,1,15,469,130,16,0.8714285714285713,1,14,469,130,16
1,502,140,24,5,fused,0.21645021645021467,False,False,0.7787878787878788,1,22,468,130,15,0.780952380952381,1,21,468,130,15
1,503,140,24,5,fused,-0.2812554761580266,False,False,0.2429112554112554,3,28,474,130,22,0.24009870064967515,3,29,474,130,22
1,504,140,24,5,fused,0.1578947368421041,False,False,0.20601190476190476,5,32,471,130,16,0.2075908521303258,5,32,471,130,16
1,525,157,16,4,fused,-0.6410256410256387,False,False,0.7333333333333333,1,12,583,175,19,0.7269230769230769,1,13,583,175,19
1,526,157,16,4,fused,-1.025641025641022,False,False,0.7644230769230769,1,13,188,35,5,0.7541666666666667,1,15,188,35,5
1,527,157,24,2,fused,0.0,False,False,0.24358974358974358,3,13,237,46,9,0.24358974358974358,3,13,237,46,9
1,528,157,24,2,fused,0.8928571428571425,False,False,0.1736111111111111,8,9,230,46,5,0.18253968253968253,7,9,230,46,5
1,529,157,24,2,fused,0.11904761904762001,False,False,0.06926406926406926,21,22,231,46,5,0.07045454545454546,20,22,231,46,5
1,530,157,24,2,fused,0.0,False,False,0.8333333333333333,1,3,237,46,9,0.8333333333333333,1,3,237,46,9
1,550,167,17,2,fused,0.0,False,False,0.5833333333333333,2,3,95,17,17,0.5833333333333333,2,3,95,17,17
1,551,167,17,2,fused,0.0,False,False,0.375,2,8,590,175,25,0.375,2,8,590,175,25
1,552,167,17,2,fused,0.0,False,False,1.0,1,2,580,175,18,1.0,1,2,580,175,18
1,553,167,18,3,fused,3.333333333333327,False,False,0.28611111111111115,3,24,580,175,18,0.3194444444444444,3,24,580,175,18
1,554,167,18,3,fused,1.458444090023031,False,False,0.4454545454545455,1,22,580,175,18,0.4600389863547758,1,19,580,175,18
1,580,175,18,10,fused,-0.29239766081871066,False,False,0.5343300653594771,3,18,553,167,18,0.53140608875129,3,19,553,167,18
1,581,175,18,10,fused,0.0,False,False,0.82911490470314,1,17,553,167,18,0.82911490470314,1,17,553,167,18
1,582,175,19,8,fused,0.0,False,False,0.42727488155119736,1,28,306,78,16,0.42727488155119736,1,28,306,78,16
1,583,175,19,8,fused,0.0,False,False,0.6123137822322605,1,25,289,68,29,0.6123137822322605,1,25,289,68,29
1,584,175,19,8,fused,0.10752688172043223,False,False,0.47612981776288227,1,31,289,68,29,0.4772050865800866,1,30,289,68,29
1,585,175,19,8,fused,0.6834437403993865,False,False,0.32562353605235195,1,34,310,78,22,0.3324579734563458,1,34,310,78,22
1,586,175,25,6,fused,-1.140873015873023,False,False,0.5902777777777778,1,48,20,5,28,0.5788690476190476,1,48,20,5,28
1,587,175,25,6,fused,1.5873015873015928,False,False,0.5215927750410508,1,35,674,229,26,0.5374657909140668,1,36,674,229,26
1,588,175,25,6,fused,0.0,False,False,0.7061449579831933,1,17,551,167,17,0.7061449579831933,1,17,551,167,17
1,589,175,25,6,fused,0.2336509807774223,False,False,0.5530864197530864,1,30,551,167,17,0.5554229295608606,1,29,551,167,17
1,590,175,25,6,fused,0.08460454889026026,False,False,0.3699452003023431,2,49,551,167,17,0.3707912457912457,2,48,551,167,17
1,591,175,25,6,fused,0.6060606060605989,False,False,0.5923492456849703,1,41,677,229,26,0.5984098517455763,1,41,677,229,26
1,672,229,26,5,fused,0.12315270935960854,False,False,0.7233716475095785,1,29,62,11,0,0.7246031746031746,1,28,734,244,29
1,673,229,26,5,fused,0.0,False,False,0.6315734989648033,1,23,135,23,18,0.6315734989648033,1,23,135,23,18
1,674,229,26,5,fused,0.0,False,False,0.8099999999999999,1,20,890,288,0,0.8099999999999999,1,20,890,288,0
1,675,229,26,5,fused,2.9401154401154317,False,False,0.6472222222222223,1,12,132,23,17,0.6766233766233766,1,11,132,23,17
1,676,229,26,5,fused,-0.0014835790756107664,False,False,0.02333171048560499,82,164,722,238,28,0.02331687469484888,81,161,19,5,28
1,677,229,26,5,fused,0.0,False,False,1.0,1,5,132,23,17,1.0,1,5,132,23,17
1,678,229,26,5,fused,0.0,False,False,1.0,1,5,738,244,29,1.0,1,5,738,244,29
1,679,229,30,7,fused,-0.9323862842924413,False,False,0.6934386657888962,1,124,26,5,30,0.6841148029459718,1,121,26,5,30
1,680,229,30,7,fused,2.0481326859101756,False,False,0.8416366546618648,1,204,892,288,0,0.8621179815209665,1,201,892,288,0
1,681,229,30,7,fused,2.3877923262328182,False,False,0.6617663344407531,1,172,26,5,30,0.6856442577030812,1,170,926,300,0
1,682,229,30,7,fused,-0.010200612036725953,False,False,0.8426170468187275,1,170,892,288,0,0.8425150406983603,1,173,892,288,0
1,683,229,30,7,fused,0.0026986183074284575,False,False,0.8623242042931162,1,193,738,244,29,0.8623511904761905,1,192,738,244,29
1,711,238,0,5,fused,0.014997581035315621,False,False,0.10305886858518438,13,50,906,294,0,0.10320884439553754,12,53,906,294,0
1,712,238,0,5,fused,0.052003875533288,False,False,0.09097384097384097,13,54,906,294,0,0.09149387972917385,13,55,906,294,0
1,713,238,0,5,fused,0.0036630036630014295,False,False,0.25497737556561084,4,17,908,294,0,0.25501400560224086,4,17,908,294,0
1,714,238,0,5,fused,2.0000000000000018,False,False,0.24956488403296911,3,47,95,17,17,0.26956488403296913,3,47,95,17,17
1,715,238,0,5,fused,-0.04685098183550146,False,False,0.09395972448604027,7,78,226,46,0,0.09349121466768526,7,77,226,46,0
1,716,238,0,5,fused,-1.2667224080267574,False,False,0.18169033511557373,5,41,284,68,0,0.16902311103530615,5,41,284,68,0
1,717,238,0,5,fused,-0.057872851225077016,False,False,0.06865178041444073,23,82,226,46,0,0.06807305190218996,23,81,226,46,0
1,718,238,0,5,fused,-0.380180442471878,False,False,0.0776392572944297,20,60,911,294,0,0.07383745286971093,22,62,911,294,0
1,719,238,28,8,fused,-0.4307932617858626,False,False,0.08937998915746594,17,144,809,264,0,0.08507205653960731,19,149,809,264,0
1,720,238,28,8,fused,0.015432010977278754,False,False,0.24195427516487522,1,62,19,5,28,0.242108595274648,1,60,19,5,28
1,721,238,28,8,fused,-0.05739653822002949,False,False,0.08477824215606171,20,95,16,5,17,0.08420427677386141,19,97,16,5,17
1,722,238,28,8,fused,-0.1344012504777295,False,False,0.06819255724440616,31,108,20,5,28,0.06684854473962887,32,111,20,5,28
1,723,238,28,8,fused,0.9755291005290989,False,False,0.16099558729718405,4,85,539,163,17,0.17075087830247504,3,85,539,163,17
2,27,7,2,5,fused,-0.1675452789811585,False,False,0.11900052328623759,10,84,102,19,3,0.117325070496426,10,92,102,19,3
2,28,7,2,5,fused,-0.024574049803416376,False,False,0.5991743119266055,1,109,107,19,7,0.5989285714285714,1,112,107,19,7
2,29,7,7,4,fused,-0.1465446318387499,False,False,0.05307609057609058,22,65,767,254,30,0.05161064425770308,22,68,767,254,30
2,30,7,7,4,fused,-0.2384737678855331,False,False,0.1903140203449801,5,34,570,171,27,0.18792928266612477,5,37,570,171,27
2,31,7,7,4,fused,0.00736385281068716,False,False,0.04621267150928168,21,75,220,44,5,0.046286310037388555,20,76,220,44,5
2,32,7,14,5,fused,10.23510177765497,True,False,0.21139357096803907,2,55,112,19,12,0.31374458874458877,1,56,112,19,12
2,33,7,14,5,fused,-0.4929558602246892,False,False,0.15859448522492,3,69,110,19,9,0.15366492662267311,3,71,110,19,9
2,73,13,2,7,fused,2.7241409384266557,False,False,0.3029478458049887,3,42,459,123,13,0.33018925518925524,3,36,459,123,13
2,74,13,2,7,fused,1.9415487893748806,False,False,0.4348845598845599,1,28,685,231,26,0.4543000477783087,1,26,685,231,26
2,75,13,7,7,fused,0.619581283196835,False,False,0.7192918192918193,1,39,663,225,24,0.7254876321237876,1,38,663,225,24
2,76,13,7,7,fused,0.0,False,False,0.7477633477633477,1,18,601,179,29,0.7477633477633477,1,18,601,179,29
2,77,13,10,7,fused,0.6349206349206382,False,False,0.4361471861471861,2,44,663,225,24,0.4424963924963925,2,44,663,225,24
2,78,13,10,7,fused,1.5664482576247252,False,False,0.3778755091780302,6,17,664,225,24,0.39353999175427745,6,16,664,225,24
2,79,13,28,6,fused,0.0,False,False,0.8422619047619048,1,14,757,252,30,0.8422619047619048,1,14,757,252,30
2,80,13,28,6,fused,0.762527233115462,False,False,0.6337407690348867,1,34,757,252,30,0.6413660413660414,1,27,757,252,30
2,81,13,28,6,fused,2.941595441595435,False,False,0.6141025641025641,1,15,488,136,15,0.6435185185185185,1,15,488,136,15
2,100,19,3,11,fused,0.0,False,False,0.8334276834276835,1,15,168,31,14,0.8334276834276835,1,15,168,31,14
2,101,19,3,11,fused,-0.4166666666666763,False,False,0.9674931129476584,1,15,342,87,10,0.9633264462809916,1,16,342,87,10
2,102,19,3,11,fused,0.0,False,False,0.8910894660894662,1,15,168,31,14,0.8910894660894662,1,15,168,31,14
2,103,19,5,11,fused,0.0,False,False,0.8169112453203362,1,16,167,31,14,0.8169112453203362,1,16,167,31,14
2,104,19,5,11,fused,0.0,False,False,0.8430979307773566,1,19,342,87,10,0.8430979307773566,1,19,342,87,10
2,105,19,5,11,fused,0.5555555555555647,False,False,0.9439393939393939,1,20,342,87,10,0.9494949494949495,1,18,342,87,10
2,106,19,7,11,fused,1.0822510822510734,False,False,0.8267843267843268,1,15,168,31,14,0.8376068376068375,1,15,168,31,14
2,107,19,7,11,fused,-0.31959268801373675,False,False,0.9439393939393939,1,20,343,87,10,0.9407434670592565,1,19,343,87,10
2,108,19,7,11,fused,-0.2670749667317174,False,False,0.7738925833891508,1,23,534,161,17,0.7712218337218336,1,22,534,161,17
2,109,19,9,12,fused,0.9325396825396903,False,False,0.6510508282567106,2,21,168,31,14,0.6603762250821075,2,20,168,31,14
2,110,19,9,12,fused,0.0,False,False,0.8914484759879496,1,22,168,31,14,0.8914484759879496,1,22,168,31,14
2,111,19,12,11,fused,-0.32679738562091387,False,False,0.7399348423412594,1,17,168,31,14,0.7366668684850503,1,18,168,31,14
2,112,19,12,11,fused,1.1648957103502555,False,False,0.9606060606060606,1,15,168,31,14,0.9722550177095631,1,14,168,31,14
2,113,19,12,11,fused,0.9090909090909038,False,False,0.9085087326466638,1,29,342,87,10,0.9175996417375728,1,29,342,87,10
2,136,25,3,12,fused,0.0,False,False,0.8822051750931061,1,29,167,31,14,0.8822051750931061,1,29,167,31,14
2,137,25,3,12,fused,0.1410256410256383,False,False,0.8116392866392866,1,27,372,97,24,0.813049543049543,1,27,372,97,24
2,138,25,5,12,fused,-0.5036630036630019,False,False,0.9453444703444703,1,15,370,97,24,0.9403078403078403,1,15,370,97,24
2,139,25,5,12,fused,0.8497253234095448,False,False,0.83940438216754,1,22,372,97,24,0.8479016354016354,1,22,372,97,24
2,140,25,7,11,fused,-0.23395721925133506,False,False,0.4996707911814864,1,68,417,105,11,0.49733121898897303,1,68,417,105,11
2,141,25,7,11,fused,0.8838383838383757,False,False,0.7641052720928883,1,25,372,97,24,0.772943655931272,1,25,372,97,24
2,142,25,7,11,fused,0.4820936639118423,False,False,0.7885949834479246,1,20,369,97,24,0.793415920087043,1,20,369,97,24
2,143,25,9,10,fused,-1.1904761904761973,False,False,0.7958365164247517,1,17,370,97,24,0.7839317545199898,1,17,370,97,24
2,144,25,9,10,fused,-2.932539682539692,False,False,0.8419802867383513,1,31,165,31,4,0.8126548899129544,1,31,165,31,4
2,145,25,9,10,fused,-0.1322751322751281,False,False,0.8273941798941798,1,27,372,97,24,0.8260714285714286,1,28,372,97,24
2,146,25,9,10,fused,0.0,False,False,0.9666666666666666,1,15,507,144,16,0.9666666666666666,1,15,507,144,16
2,147,25,14,11,fused,0.0,False,False,0.9924242424242423,1,12,370,97,24,0.9924242424242423,1,12,370,97,24
2,148,25,14,11,fused,-1.0649978041282315,False,False,0.885515768816164,1,23,371,97,24,0.8748657907748817,1,24,371,97,24
2,149,25,14,11,fused,-0.060975609756097615,False,False,0.8178210678210678,1,40,372,97,24,0.8172113117235068,1,41,372,97,24
2,165,31,4,2,fused,0.0,False,False,0.8333333333333333,1,3,109,19,9,0.8333333333333333,1,3,109,19,9
2,166,31,4,2,fused,-5.714285714285716,False,False,0.45,2,5,109,19,9,0.39285714285714285,2,7,109,19,9
2,167,31,14,2,fused,0.0,False,False,0.3666666666666667,3,5,103,19,5,0.3666666666666667,3,5,103,19,5
2,168,31,14,2,fused,0.0,False,False,0.6111111111111112,1,9,109,19,9,0.6111111111111112,1,9,109,19,9
2,193,38,4,9,fused,0.0,False,False,1.0,1,9,631,203,22,1.0,1,9,631,203,22
2,194,38,4,9,fused,0.0,False,False,0.872302214693519,1,23,113,19,12,0.872302214693519,1,23,113,19,12
2,195,38,4,9,fused,-1.7107583774250368,False,False,0.9603174603174602,1,14,534,161,17,0.9432098765432099,1,15,534,161,17
2,196,38,5,10,fused,0.0,False,False,1.0,1,10,312,80,10,1.0,1,10,312,80,10
2,197,38,5,10,fused,0.0,False,False,1.0,1,10,312,80,10,1.0,1,10,312,80,10
2,198,38,9,10,fused,0.0,False,False,1.0,1,10,534,161,17,1.0,1,10,534,161,17
2,199,38,9,10,fused,0.0,False,False,1.0,1,10,534,161,17,1.0,1,10,534,161,17
2,200,38,14,8,fused,0.0,False,False,1.0,1,8,534,161,17,1.0,1,8,534,161,17
2,201,38,14,8,fused,0.0,False,False,0.9861111111111112,1,9,312,80,10,0.9861111111111112,1,9,312,80,10
2,202,38,14,8,fused,0.0,False,False,1.0,1,8,534,161,17,1.0,1,8,534,161,17
2,203,38,14,8,fused,0.0,False,False,1.0,1,8,534,161,17,1.0,1,8,534,161,17
2,204,38,18,11,fused,-0.32679738562091387,False,False,0.9469354175236528,1,17,165,31,4,0.9436674436674437,1,18,165,31,4
2,257,60,7,2,fused,0.0,False,False,1.0,1,2,739,246,29,1.0,1,2,739,246,29
2,258,60,7,2,fused,-0.4761904761904745,False,False,0.3214285714285714,2,14,728,240,28,0.31666666666666665,2,15,728,240,28
2,259,60,7,2,fused,0.0,False,False,0.6428571428571428,1,7,556,169,18,0.6428571428571428,1,7,556,169,18
2,260,60,12,3,fused,0.13227513227513088,False,False,0.2415966386554622,2,28,739,246,29,0.2429193899782135,2,27,739,246,29
2,261,60,12,3,fused,0.0,False,False,0.5119047619047619,1,12,556,169,18,0.5119047619047619,1,12,556,169,18
2,292,71,8,1,fused,0.0,False,False,0.5,2,2,632,203,22,0.5,2,2,632,203,22
2,293,71,8,1,fused,0.0,False,False,0.5,2,2,317,80,28,0.5,2,2,317,80,28
2,294,71,8,1,fused,0.0,False,False,1.0,1,1,107,19,7,1.0,1,1,107,19,7
2,295,71,9,3,fused,-1.5873015873015872,False,False,0.3194444444444444,4,8,316,80,28,0.30357142857142855,4,8,316,80,28
2,311,80,10,5,fused,0.4285714285714337,False,False,0.8357142857142857,1,28,536,161,17,0.8400000000000001,1,25,536,161,17
2,312,80,10,5,fused,0.0,False,False,0.7442424242424243,1,11,201,38,14,0.7442424242424243,1,11,201,38,14
2,313,80,22,5,fused,0.3676470588235392,False,False,0.8188235294117646,1,17,536,161,17,0.8225,1,16,536,161,17
2,314,80,22,5,fused,0.0,False,False,0.6255555555555555,1,18,536,161,17,0.6255555555555555,1,18,536,161,17
2,315,80,28,4,fused,0.0,False,False,0.6463815789473684,1,19,536,161,17,0.6463815789473684,1,19,536,161,17
2,316,80,28,4,fused,4.166666666666669,False,False,0.4083333333333333,3,20,295,71,9,0.45,2,20,295,71,9
2,317,80,28,4,fused,1.8170544733044747,False,False,0.2524891774891775,2,44,534,161,17,0.27065972222222223,2,45,534,161,17
2,334,87,0,2,fused,-1.190476190476189,False,False,0.14583333333333331,6,16,759,254,0,0.13392857142857142,7,16,759,254,0
2,335,87,0,2,fused,0.40596179183135794,False,False,0.07472826086956522,16,23,108,19,7,0.0787878787878788,15,22,764,254,0
2,336,87,0,2,fused,-0.06157635467980288,False,False,0.05357142857142857,14,56,795,260,0,0.05295566502463054,14,58,795,260,0
2,337,87,0,2,fused,-0.29239766081871343,False,False,0.11805555555555555,8,18,762,254,0,0.11513157894736842,8,19,762,254,0
2,338,87,0,2,fused,0.0,False,False,0.06876456876456877,13,33,762,254,0,0.06876456876456877,13,33,762,254,0
2,339,87,0,2,fused,-0.07936507936507908,False,False,0.08412698412698412,9,35,762,254,0,0.08333333333333333,9,36,762,254,0
2,340,87,0,2,fused,0.015364901009108818,False,False,0.015289449112978524,63,136,361,97,0,0.015443098123069612,61,138,361,97,0
2,341,87,0,2,fused,-0.15384615384615302,False,False,0.08545454545454545,11,25,766,254,0,0.08391608391608392,11,26,766,254,0
2,342,87,10,8,fused,-0.03166039142929872,False,False,0.08542552685409828,25,130,767,254,30,0.08510892293980529,25,130,767,254,30
2,343,87,10,8,fused,-0.4536040477805231,False,False,0.1356416212280778,12,103,107,19,7,0.13110558075027257,12,101,107,19,7
2,357,97,0,9,fused,-0.05285412262157063,False,False,0.668384638430139,1,43,340,87,0,0.6678560972039232,1,44,340,87,0
2,358,97,0,9,fused,1.4339981006647573,False,False,0.8001681088637611,1,46,340,87,0,0.8145080898704087,1,46,340,87,0
2,359,97,0,9,fused,-1.917690925411053,False,False,0.3713835196696762,2,68,340,87,0,0.35220661041556567,3,67,340,87,0
2,360,97,0,9,fused,0.3299607660649295,False,False,0.20478702115768685,6,93,340,87,0,0.20808662881833614,6,91,340,87,0
2,361,97,0,9,fused,-0.05050505050505638,False,False,0.6106030107841702,1,44,340,87,0,0.6100979602791197,1,45,340,87,0
2,362,97,0,9,fused,0.0,False,False,0.7049841343319604,1,37,340,87,0,0.7049841343319604,1,37,340,87,0
2,363,97,0,9,fused,0.32679738562091387,False,False,0.768978298390063,1,28,340,87,0,0.7722462722462722,1,28,340,87,0
2,364,97,11,14,fused,0.20098948670376204,False,False,0.8856127206127207,1,25,142,25,7,0.8876226154797583,1,25,142,25,7
2,365,97,11,14,fused,0.27151211361736705,False,False,0.8673326415586479,1,20,141,25,7,0.8700477626948215,1,20,141,25,7
2,366,97,13,14,fused,0.3986179452017957,False,False,0.9190193864106907,1,23,137,25,3,0.9230055658627087,1,22,137,25,3
2,367,97,13,14,fused,0.7936507936507908,False,False,0.8704342809384826,1,22,142,25,7,0.8783707888749905,1,22,142,25,7
2,368,97,16,15,fused,0.7801827801827699,False,False,0.7763080194659142,1,57,139,25,5,0.7841098472677419,1,57,139,25,5
2,369,97,24,12,fused,0.12003262003262016,False,False,0.2376790531976529,11,60,145,25,9,0.2388793793979791,10,60,145,25,9
2,370,97,24,12,fused,0.731280236735643,False,False,0.3304656691611151,2,44,139,25,5,0.3377784715284715,2,45,139,25,5
2,371,97,24,12,fused,-0.32140082140081905,False,False,0.49062483153814423,1,27,148,25,14,0.48741082332413604,1,27,148,25,14
2,372,97,24,12,fused,-0.28776897197949625,False,False,0.3452525417628392,4,36,145,25,9,0.34237485204304424,4,38,145,25,9
2,417,105,11,7,fused,0.0,False,False,0.6834267040149393,1,17,140,25,7,0.6834267040149393,1,17,140,25,7
2,418,105,11,7,fused,0.0,False,False,0.7511904761904761,1,10,653,219,23,0.7511904761904761,1,10,653,219,23
2,419,105,11,7,fused,0.7575757575757569,False,False,0.8639455782312925,1,12,653,219,23,0.87152133580705,1,11,653,219,23
2,420,105,15,6,fused,2.099567099567101,False,False,0.7668350168350169,1,11,651,219,23,0.7878306878306879,1,10,651,219,23
2,421,105,15,6,fused,0.0,False,False,0.8301587301587302,1,10,651,219,23,0.8301587301587302,1,10,651,219,23
2,422,105,15,6,fused,2.3809523809523836,False,False,0.9761904761904762,1,7,651,219,23,1.0,1,6,651,219,23
2,423,105,15,6,fused,3.3333333333333437,False,False,0.915079365079365,1,7,654,219,23,0.9484126984126985,1,7,654,219,23
2,424,105,23,7,fused,0.0,False,False,0.5636363636363636,1,14,654,219,23,0.5636363636363636,1,14,654,219,23
2,425,105,23,7,fused,0.0,False,False,0.46561533704390845,3,14,654,219,23,0.46561533704390845,3,14,654,219,23
2,426,105,23,7,fused,0.6410256410256499,False,False,0.588941217512646,1,13,651,219,23,0.5953514739229026,1,12,651,219,23
2,440,115,12,2,fused,0.0,False,False,1.0,1,2,651,219,23,1.0,1,2,651,219,23
2,441,115,12,2,fused,0.0,False,False,1.0,1,2,515,151,16,1.0,1,2,515,151,16
2,442,115,16,2,fused,0.0,False,False,1.0,1,2,516,151,16,1.0,1,2,516,151,16
2,443,115,16,2,fused,0.0,False,False,1.0,1,2,516,151,16,1.0,1,2,516,151,16
2,482,136,0,2,fused,-0.4545454545454547,False,False,0.1125,10,16,953,308,0,0.10795454545454546,11,16,953,308,0
2,483,136,0,2,fused,-0.23809523809524002,False,False,0.13333333333333333,6,20,953,308,0,0.13095238095238093,6,21,953,308,0
2,484,136,0,2,fused,-0.2313778175847138,False,False,0.05952380952380952,21,28,951,308,0,0.05721003134796238,22,29,951,308,0
2,485,136,0,2,fused,0.0,False,False,0.11513157894736842,8,19,949,308,0,0.11513157894736842,8,19,949,308,0
2,486,136,0,2,fused,0.0,False,False,0.10096153846153846,8,26,949,308,0,0.10096153846153846,8,26,949,308,0
2,487,136,0,2,fused,-0.26315789473684154,False,False,0.12406015037593984,7,19,953,308,0,0.12142857142857143,7,20,953,308,0
2,488,136,15,6,fused,-1.0890072403230282,False,False,0.21918644650842792,6,30,458,123,13,0.20829637410519763,6,30,458,123,13
2,489,136,15,6,fused,0.0,False,False,1.0,1,6,458,123,13,1.0,1,6,458,123,13
2,515,151,16,1,fused,0.0,False,False,1.0,1,1,443,115,16,1.0,1,1,443,115,16
2,516,151,16,1,fused,0.0,False,False,0.5,2,2,443,115,16,0.5,2,2,443,115,16
2,517,151,22,2,fused,0.0,False,False,1.0,1,2,441,115,12,1.0,1,2,441,115,12
2,534,161,17,2,fused,0.0,False,False,1.0,1,2,108,19,7,1.0,1,2,108,19,7
2,535,161,17,2,fused,2.976190476190474,False,False,0.19642857142857142,7,8,108,19,7,0.22619047619047616,6,7,108,19,7
2,536,161,17,2,fused,0.0,False,False,1.0,1,2,316,80,28,1.0,1,2,316,80,28
2,537,161,18,3,fused,1.7857142857142794,False,False,0.7916666666666666,1,8,343,87,10,0.8095238095238094,1,7,343,87,10
2,538,161,18,3,fused,0.0,False,False,0.8095238095238094,1,7,343,87,10,0.8095238095238094,1,7,343,87,10
2,558,171,18,13,fused,0.29239766081871066,False,False,0.958309234625024,1,19,767,254,30,0.9612332112332111,1,18,767,254,30
2,559,171,18,13,fused,-0.6735258205846417,False,False,0.811965811965812,1,36,221,44,5,0.8052305537599656,1,35,221,44,5
2,560,171,18,13,fused,-0.439560439560438,False,False,0.9441391941391941,1,22,30,7,7,0.9397435897435897,1,22,30,7,7
2,561,171,26,10,fused,-0.5797101449275366,False,False,0.846537842190016,1,54,757,252,30,0.8407407407407407,1,54,757,252,30
2,562,171,26,10,fused,0.0,False,False,0.9666666666666666,1,15,30,7,7,0.9666666666666666,1,15,30,7,7
2,563,171,26,10,fused,0.0,False,False,0.9909090909090909,1,11,30,7,7,0.9909090909090909,1,11,30,7,7
2,564,171,26,10,fused,0.0,False,False,1.0,1,10,30,7,7,1.0,1,10,30,7,7
2,565,171,26,10,fused,0.0,False,False,1.0,1,10,30,7,7,1.0,1,10,30,7,7
2,566,171,26,10,fused,0.4166666666666763,False,False,0.9102272727272727,1,16,30,7,7,0.9143939393939394,1,15,30,7,7
2,567,171,27,9,fused,-0.5503955968352292,False,False,0.8661764705882353,1,20,30,7,7,0.860672514619883,1,20,30,7,7
2,568,171,27,9,fused,0.0,False,False,0.9658119658119657,1,13,30,7,7,0.9658119658119657,1,13,30,7,7
2,569,171,27,9,fused,0.5494505494505475,False,False,0.9603174603174602,1,14,30,7,7,0.9658119658119657,1,13,30,7,7
2,570,171,27,9,fused,0.0,False,False,0.7812890812890813,1,21,30,7,7,0.7812890812890813,1,21,30,7,7
2,571,171,27,9,fused,0.0,False,False,0.9555555555555555,1,15,30,7,7,0.9555555555555555,1,15,30,7,7
2,572,171,27,9,fused,0.0,False,False,0.9765432098765433,1,10,30,7,7,0.9765432098765433,1,10,30,7,7
2,573,171,27,9,fused,0.3456221198156695,False,False,0.7940590812191065,1,31,30,7,7,0.7975153024172632,1,28,28,7,2
2,595,179,19,4,fused,0.0,False,False,1.0,1,4,607,184,20,1.0,1,4,607,184,20
2,596,179,19,4,fused,0.0,False,False,1.0,1,4,78,13,10,1.0,1,4,78,13,10
2,597,179,19,4,fused,0.0,False,False,1.0,1,4,607,184,20,1.0,1,4,607,184,20
2,598,179,29,3,fused,0.0,False,False,1.0,1,3,78,13,10,1.0,1,3,78,13,10
2,599,179,29,3,fused,0.0,False,False,1.0,1,3,556,169,18,1.0,1,3,556,169,18
2,600,179,29,3,fused,0.0,False,False,1.0,1,3,756,252,30,1.0,1,3,756,252,30
2,601,179,29,3,fused,0.0,False,False,1.0,1,3,1019,326,0,1.0,1,3,1019,326,0
2,684,231,26,7,fused,-3.8406966270743306,False,False,0.43835380305968535,1,21,80,13,28,0.39994683678894205,1,20,80,13,28
2,685,231,26,7,fused,-1.686674010842809,False,False,0.20149240855762596,3,45,914,296,0,0.18462566844919787,4,44,914,296,0
2,686,231,26,7,fused,0.0,False,False,0.8520408163265306,1,10,81,13,28,0.8520408163265306,1,10,81,13,28
2,687,231,26,7,fused,0.0,False,False,0.8523809523809524,1,15,914,296,0,0.8523809523809524,1,15,914,296,0
2,688,231,26,7,fused,-0.2506265664160401,False,False,0.4384126984126984,2,25,740,246,29,0.435906432748538,2,25,740,246,29
2,689,231,29,5,fused,0.6862745098039191,False,False,0.1274928774928775,10,39,742,246,29,0.13435562259091668,9,39,742,246,29
2,690,231,29,5,fused,-0.22246941045606372,False,False,0.16554610703697925,8,29,555,169,18,0.1633214129324186,8,31,555,169,18
2,691,231,29,5,fused,-0.8333333333333304,False,False,0.28130036630036626,5,21,740,246,29,0.27296703296703295,5,21,740,246,29
2,692,231,29,5,fused,0.0,False,False,0.3904761904761905,3,14,727,240,28,0.3904761904761905,3,14,727,240,28
2,693,231,29,5,fused,0.0,False,False,0.22010829749960187,6,23,726,240,28,0.22010829749960187,6,23,742,246,29
2,694,231,29,5,fused,0.0,False,False,0.32488413547237077,3,17,726,240,28,0.32488413547237077,3,17,726,240,28
2,695,231,29,5,fused,-0.8888888888888891,False,False,0.3428136200716846,3,31,33,7,14,0.3339247311827957,3,31,33,7,14
2,759,254,0,8,fused,0.026006425041116832,False,False,0.15837201133584128,6,91,338,87,0,0.15863207558625245,6,90,338,87,0
2,760,254,0,8,fused,-1.3103593710211359,False,False,0.2343814271203977,6,37,337,87,0,0.22127783341018634,6,37,337,87,0
2,761,254,0,8,fused,-0.4641192141192185,False,False,0.2743029174772596,6,26,335,87,0,0.2696617253360674,6,28,335,87,0
2,762,254,0,8,fused,-0.32578853990638396,False,False,0.11264609018784523,23,64,339,87,0,0.10938820478878139,23,64,339,87,0
2,763,254,0,8,fused,-0.1327519503774105,False,False,0.11692216800041563,19,54,255,58,7,0.11559464849664153,21,54,255,58,7
2,764,254,0,8,fused,-0.0362336508116734,False,False,0.08578214999587469,23,77,339,87,0,0.08541981348775796,23,76,339,87,0
2,765,254,0,8,fused,0.5188280115087998,False,False,0.09599377442147781,9,68,858,278,0,0.10118205453656581,9,65,858,278,0
2,766,254,0,8,fused,-0.028889305351716826,False,False,0.053630984957252166,33,216,341,87,0,0.053342091903735,32,215,341,87,0
2,767,254,30,8,fused,0.12118164502305379,False,False,0.1160257731686303,10,91,342,87,10,0.11723758961886084,10,89,342,87,10
2,768,254,30,8,fused,-0.20281948442955888,False,False,0.17241310176371505,7,82,30,7,7,0.17038490691941946,7,83,30,7,7
2,769,254,30,8,fused,-1.3914601536498705,False,False,0.19948138307367497,3,91,30,7,7,0.18556678153717626,4,90,30,7,7
2,770,254,30,8,fused,-0.757444730643364,False,False,0.11725792858769718,13,91,31,7,7,0.10968348128126354,15,91,31,7,7
2,771,254,30,8,fused,-0.4508043609420656,False,False,0.09112320065468522,21,104,107,19,7,0.08661515704526457,21,104,107,19,7
2,772,254,30,8,fused,0.21455297029073228,False,False,0.1651551699308756,8,217,31,7,7,0.1673006996337829,8,215,31,7,7
2,773,254,30,8,fused,-0.27128366226648604,False,False,0.1871367393571341,5,132,255,58,7,0.18442390273446924,5,131,255,58,7
2,774,254,30,8,fused,-1.074356604362689,False,False,0.19510727550895116,3,173,31,7,7,0.18436370946532427,3,172,31,7,7
0,0,1,2,2,cnn,-4.8076923076923075,False,False,0.25,3,12,542,165,17,0.20192307692307693,4,13,542,165,17
0,1,1,2,2,cnn,0.0,False,False,0.7,1,5,451,121,13,0.7,1,5,451,121,13
0,2,1,2,2,cnn,-0.11494252873563149,False,False,0.2011494252873563,3,29,544,165,17,0.19999999999999998,3,30,544,165,17
0,3,1,12,3,cnn,0.0,False,False,0.20276292335115864,4,17,480,134,14,0.20276292335115864,4,17,480,134,14
0,4,1,12,3,cnn,-0.28052156535128686,False,False,0.10826330532212886,10,28,480,134,14,0.10545808966861599,10,27,480,134,14
0,34,9,0,20,cnn,0.4341777190948387,False,False,0.12745141670775342,20,157,781,256,0,0.1317931938987018,18,154,781,256,0
0,35,9,0,20,cnn,-0.605138516589987,False,False,0.23473433503246674,3,176,430,109,11,0.22868294986656687,3,172,430,109,11
0,36,9,0,20,cnn,0.3647277696000123,False,False,0.18253615903658685,10,205,781,256,0,0.18618343673258697,10,195,781,256,0
0,37,9,0,20,cnn,-0.5677856309135781,False,False,0.21550718859613366,5,123,430,109,11,0.20982933228699788,5,117,430,109,11
0,38,9,0,20,cnn,0.4259281852548452,False,False,0.1492366129895481,21,146,430,109,11,0.15349589484209655,20,141,430,109,11
0,39,9,0,20,cnn,-0.22370439247448304,False,False,0.15794167355649388,18,177,430,109,11,0.15570462963174905,19,169,430,109,11
0,40,9,0,20,cnn,0.3833659931123973,False,False,0.2491058880527374,8,168,781,256,0,0.25293954798386137,6,164,781,256,0
0,41,9,0,20,cnn,-0.16287227650357006,False,False,0.08566158491009329,37,223,781,256,0,0.08403286214505759,38,210,781,256,0
0,42,9,2,25,cnn,-0.10068358199535332,False,False,0.5146321663450607,1,138,706,234,27,0.5136253305251072,1,147,706,234,27
0,43,9,2,25,cnn,0.38779269513113945,False,False,0.7662287924866731,1,115,706,234,27,0.7701067194379845,1,116,706,234,27
0,44,9,2,25,cnn,0.8300684136004266,False,False,0.7913247932802138,1,72,251,54,5,0.799625477416218,1,72,251,54,5
0,45,9,12,24,cnn,-0.2680672854203592,False,False,0.5037838825679748,1,186,628,195,22,0.5011032097137712,1,189,628,195,22
0,46,9,12,24,cnn,-0.13161366604600433,False,False,0.6227483354781617,1,106,251,54,5,0.6214321988177016,1,110,251,54,5
0,47,9,12,24,cnn,-0.01709748405361866,False,False,0.5496973333236571,1,94,251,54,5,0.5495263584831209,1,100,251,54,5
0,48,9,12,24,cnn,1.236351129047475,False,False,0.6188655448745798,1,78,251,54,5,0.6312290561650545,1,77,251,54,5
0,49,9,25,23,cnn,0.1935148285767463,False,False,0.5612526310013094,1,154,88,15,17,0.5631877792870769,1,153,88,15,17
0,50,9,25,23,cnn,0.21320062296427134,False,False,0.7125678147363932,1,140,251,54,5,0.7146998209660359,1,140,251,54,5
0,51,9,25,23,cnn,0.08518683568378149,False,False,0.5008604374315782,1,190,251,54,5,0.501712305788416,1,188,251,54,5
0,52,9,25,23,cnn,0.020751263964424727,False,False,0.662146833201203,1,135,251,54,5,0.6623543458408473,1,137,251,54,5
0,53,9,25,23,cnn,0.5079766834100163,False,False,0.6242764075250582,1,165,156,27,25,0.6293561743591584,1,164,156,27,25
0,54,9,28,20,cnn,-1.7667797443459476,False,False,0.5743426196137187,1,113,395,99,28,0.5566748221702592,1,114,395,99,28
0,55,9,28,20,cnn,0.32315357765537733,False,False,0.4462155962034616,1,113,390,99,27,0.44944713198001535,1,111,390,99,27
0,56,9,28,20,cnn,0.21068009274071708,False,False,0.33823338611089426,1,148,395,99,28,0.34034018703830143,1,143,395,99,28
0,57,9,28,20,cnn,0.4040664950530348,False,False,0.6259074543049179,1,88,395,99,28,0.6299481192554482,1,89,395,99,28
0,58,9,28,20,cnn,-0.02427746561791122,False,False,0.42141135678998526,1,182,251,54,5,0.42116858213380615,1,177,251,54,5
0,59,9,28,20,cnn,0.4001441383235105,False,False,0.4352029445968726,1,161,250,54,5,0.4392043859801077,1,161,250,54,5
0,60,9,28,20,cnn,0.894238862918395,False,False,0.4912169779273755,1,154,395,99,28,0.5001593665565595,1,153,395,99,28
0,61,9,28,20,cnn,0.14941413664916747,False,False,0.4244003838713716,1,137,376,99,25,0.42589452523786325,1,137,395,99,28
0,82,15,2,7,cnn,-0.9898452134476987,False,False,0.34312337620608296,1,45,398,99,30,0.333224924071606,1,45,398,99,30
0,83,15,2,7,cnn,1.3080720092915221,False,False,0.30189909297052153,4,42,400,99,30,0.31497981306343675,4,41,400,99,30
0,84,15,2,7,cnn,-2.1428571428571352,False,False,0.5865066026410564,1,28,400,99,30,0.565078031212485,1,28,400,99,30
0,85,15,12,8,cnn,0.0,False,False,0.6154011311269376,1,35,150,27,4,0.6154011311269376,1,35,150,27,4
0,86,15,12,8,cnn,-0.46309211700888975,False,False,0.6095575314325314,1,39,379,99,25,0.6049266102624425,1,43,379,99,25
0,87,15,17,5,cnn,-0.25981620718463216,False,False,0.3121548821548822,1,33,398,99,30,0.30955672008303586,1,33,398,99,30
0,88,15,17,5,cnn,-0.38961038961039113,False,False,0.11927308802308803,11,32,402,99,30,0.11537698412698412,12,32,402,99,30
0,89,15,17,5,cnn,-0.1581027667984236,False,False,0.2220779220779221,4,28,396,99,28,0.22049689440993786,4,28,396,99,28
0,90,15,17,5,cnn,-1.2605042016806733,False,False,0.2819336219336219,6,14,399,99,30,0.2693285799168152,6,17,399,99,30
0,91,15,17,5,cnn,-2.3809523809523836,False,False,0.37644110275689224,2,19,398,99,30,0.3526315789473684,2,19,398,99,30
0,114,21,3,7,cnn,-0.16537792600145873,False,False,0.14012995255761646,6,68,213,40,18,0.13847617329760187,6,70,213,40,18
0,115,21,3,7,cnn,-0.3264259738165104,False,False,0.14538621787969805,8,77,210,40,17,0.14212195814153294,9,78,210,40,17
0,116,21,30,2,cnn,-0.3205128205128194,False,False,0.09722222222222221,12,18,819,268,0,0.09401709401709402,13,18,819,268,0
0,117,21,30,2,cnn,0.4545454545454547,False,False,0.07177033492822966,19,22,208,40,6,0.07631578947368421,19,20,208,40,6
0,118,21,30,2,cnn,0.20833333333333398,False,False,0.07670454545454546,16,22,961,310,0,0.0787878787878788,15,22,961,310,0
0,119,21,30,2,cnn,-0.044563279857397914,False,False,0.03954175905395418,33,41,208,40,6,0.0390961262553802,34,41,208,40,6
0,120,21,30,2,cnn,-0.10080645161290314,False,False,0.05011520737327189,28,31,821,268,0,0.049107142857142856,28,32,821,268,0
0,121,21,30,2,cnn,0.1239283592224763,False,False,0.042483660130718956,34,36,819,268,0,0.04372294372294372,33,35,819,268,0
0,122,21,30,2,cnn,0.2893845285149632,False,False,0.06439393939393939,22,24,961,310,0,0.06728778467908902,21,23,961,310,0
0,150,27,4,6,cnn,-0.8234126984126983,False,False,0.16957671957671958,5,45,91,15,17,0.1613425925925926,6,45,91,15,17
0,151,27,4,6,cnn,-0.5462592962592994,False,False,0.5390604765604766,1,54,389,99,27,0.5335978835978836,1,54,389,99,27
0,152,27,25,2,cnn,-0.05050505050504528,False,False,0.5227272727272727,1,44,398,99,30,0.5222222222222223,1,45,398,99,30
0,153,27,25,2,cnn,-0.055370985603542255,False,False,0.06547619047619047,12,42,398,99,30,0.06492248062015504,12,43,398,99,30
0,154,27,25,2,cnn,-0.0580720092915224,False,False,0.06605691056910569,12,41,373,99,11,0.06547619047619047,12,42,373,99,11
0,155,27,25,2,cnn,0.0,False,False,0.05202702702702703,20,37,398,99,30,0.05202702702702703,20,37,398,99,30
0,156,27,25,2,cnn,0.0,False,False,0.12777777777777777,5,36,390,99,27,0.12777777777777777,5,36,390,99,27
0,157,27,25,2,cnn,-0.11494252873563218,False,False,0.05300127713920817,27,29,390,99,27,0.05185185185185185,27,30,390,99,27
0,169,33,4,13,cnn,0.0,False,False,0.9751850713389175,1,14,532,159,16,0.9751850713389175,1,14,532,159,16
0,170,33,4,13,cnn,0.0,False,False,0.9838264299802761,1,15,532,159,16,0.9838264299802761,1,15,532,159,16
0,171,33,4,13,cnn,0.0,False,False,0.9540997464074388,1,15,532,159,16,0.9540997464074388,1,15,532,159,16
0,172,33,5,14,cnn,0.0,False,False,0.8871634318062889,1,21,243,48,5,0.8871634318062889,1,21,243,48,5
0,173,33,5,14,cnn,-1.5581232492997255,False,False,0.9338169766741196,1,16,244,48,5,0.9182357441811223,1,17,244,48,5
0,174,33,9,13,cnn,0.0,False,False,0.9897435897435898,1,15,532,159,16,0.9897435897435898,1,15,532,159,16
0,175,33,9,13,cnn,1.2820512820512886,False,False,0.9255208466746928,1,14,244,48,5,0.9383413594952057,1,14,244,48,5
0,176,33,9,13,cnn,1.245421245421252,False,False,0.962730858884705,1,15,532,159,16,0.9751850713389175,1,14,532,159,16
0,177,33,14,11,cnn,0.0,False,False,0.9198818857909767,1,13,243,48,5,0.9198818857909767,1,13,243,48,5
0,178,33,14,11,cnn,0.0,False,False,0.9750688705234161,1,12,244,48,5,0.9750688705234161,1,12,244,48,5
0,179,33,14,11,cnn,0.0,False,False,0.936151727060818,1,13,532,159,16,0.936151727060818,1,13,244,48,5
0,180,33,14,11,cnn,0.0,False,False,0.9406172110717566,1,12,244,48,5,0.9406172110717566,1,12,244,48,5
0,181,33,14,11,cnn,0.0,False,False,0.9841597796143251,1,12,244,48,5,0.9841597796143251,1,12,244,48,5
0,182,33,18,13,cnn,-0.5982905982906073,False,False,0.8202285961901347,1,16,244,48,5,0.8142456902072286,1,16,244,48,5
0,183,33,18,13,cnn,0.0,False,False,0.9003024753024753,1,15,244,48,5,0.9003024753024753,1,15,244,48,5
0,184,33,18,13,cnn,0.0,False,False,0.9709114414996768,1,17,244,48,5,0.9709114414996768,1,17,244,48,5
0,205,40,5,10,cnn,0.016875981161690312,False,False,0.7388595802693547,1,49,920,298,0,0.7390283400809716,1,50,920,298,0
0,206,40,5,10,cnn,1.544117647058818,False,False,0.8120588235294118,1,25,347,91,10,0.8275,1,25,347,91,10
0,207,40,5,10,cnn,-0.4166666666666652,False,False,0.7413801549327865,1,44,114,21,3,0.7372134882661199,1,44,114,21,3
0,208,40,6,11,cnn,-1.7139133268165518,False,False,0.522118710635457,1,57,118,21,30,0.5049795773672915,1,57,118,21,30
0,209,40,6,11,cnn,-1.3621622119645793,False,False,0.474650987752592,1,39,116,21,30,0.4610293656329462,1,40,116,21,30
0,210,40,17,10,cnn,-0.37061213270099813,False,False,0.4730217282007564,1,56,114,21,3,0.4693156068737464,1,56,114,21,3
0,211,40,17,10,cnn,0.10679459681275372,False,False,0.625787257651782,1,66,114,21,3,0.6268552036199095,1,65,114,21,3
0,212,40,17,10,cnn,0.15696373432631527,False,False,0.4409197191697192,1,63,961,310,0,0.4424893565129824,1,61,961,310,0
0,213,40,18,11,cnn,-0.26051329622758246,False,False,0.48843365629079916,2,49,321,82,22,0.48582852332852333,2,48,321,82,22
0,214,40,18,11,cnn,-1.4841897233201506,False,False,0.8918483251487204,1,23,114,21,3,0.8770064279155189,1,25,114,21,3
0,215,40,20,10,cnn,3.2578729432276354,False,False,0.38861991305729965,1,58,321,82,22,0.421198642489576,1,58,120,21,30
0,216,40,20,10,cnn,0.2102963128825186,False,False,0.7821167338408718,1,33,610,186,20,0.784219696969697,1,32,610,186,20
0,217,40,20,10,cnn,0.263157894736854,False,False,0.95,1,20,119,21,30,0.9526315789473685,1,19,119,21,30
0,264,64,0,8,cnn,-0.34120845941497946,False,False,0.20703576266339238,6,31,937,304,0,0.2036236780692426,6,31,937,304,0
0,265,64,0,8,cnn,-0.4772145284159035,False,False,0.19490148332060098,7,34,937,304,0,0.19012933803644194,7,34,937,304,0
0,266,64,0,8,cnn,-0.13820638820639108,False,False,0.29399195575666165,8,40,937,304,0,0.29260989187459774,8,37,937,304,0
0,267,64,0,8,cnn,0.42321206999144934,False,False,0.1297450694125886,15,55,937,304,0,0.1339771901125031,14,54,937,304,0
0,268,64,0,8,cnn,0.12281548465759018,False,False,0.1846000362913781,10,36,937,304,0,0.185828191137954,10,37,937,304,0
0,269,64,0,8,cnn,-1.0717543326238976,False,False,0.4563649891774892,2,22,943,304,0,0.4456474458512502,2,23,943,304,0
0,270,64,7,12,cnn,-0.745933981228103,False,False,0.5025330497045393,1,37,733,242,28,0.49507370989225824,1,39,733,242,28
0,271,64,7,12,cnn,-0.20266981884228819,False,False,0.4331138786290516,2,58,733,242,28,0.4310871804406287,2,55,733,242,28
0,272,64,21,11,cnn,-0.052089525689691385,False,False,0.3038285026420444,2,61,730,242,28,0.3033076073851475,2,60,730,242,28
0,273,64,21,11,cnn,-0.526197939991041,False,False,0.4395410443009849,4,29,732,242,28,0.4342790649010745,4,28,732,242,28
0,274,64,21,11,cnn,-0.608028335301064,False,False,0.4320139901690704,3,44,733,242,28,0.42593370681605974,3,42,733,242,28
0,275,64,22,11,cnn,-1.9343082791796862,False,False,0.6159454059121465,1,41,730,242,28,0.5966023231203497,1,37,730,242,28
0,276,64,22,11,cnn,0.12950012950012635,False,False,0.6828541828541829,1,39,730,242,28,0.6841491841491841,1,39,730,242,28
0,277,64,22,11,cnn,0.9953009953009961,False,False,0.6316949254449254,1,32,730,242,28,0.6416479353979354,1,32,730,242,28
0,296,76,9,6,cnn,0.0,False,False,0.8819444444444445,1,9,478,134,14,0.8819444444444445,1,9,478,134,14
0,297,76,9,6,cnn,0.0,False,False,0.7853535353535354,1,11,480,134,14,0.7853535353535354,1,11,480,134,14
0,298,76,11,5,cnn,0.0,False,False,0.8666666666666666,1,15,479,134,14,0.8666666666666666,1,15,479,134,14
0,299,76,11,5,cnn,0.0,False,False,0.9666666666666666,1,6,480,134,14,0.9666666666666666,1,6,480,134,14
0,300,76,11,5,cnn,-6.666666666666677,False,False,0.8261904761904763,1,7,480,134,14,0.7595238095238095,1,7,480,134,14
0,301,76,12,5,cnn,-2.3809523809523725,False,False,0.8099999999999999,1,6,478,134,14,0.7861904761904762,1,7,478,134,14
0,302,76,12,5,cnn,4.0000000000000036,False,False,0.86,1,10,480,134,14,0.9,1,10,480,134,14
0,303,76,12,5,cnn,0.0,False,False,0.44904761904761903,2,20,480,134,14,0.44904761904761903,2,20,480,134,14
0,318,82,10,3,cnn,0.0,False,False,0.9166666666666666,1,4,114,21,3,0.9166666666666666,1,4,114,21,3
0,319,82,10,3,cnn,0.0,False,False,1.0,1,3,644,214,22,1.0,1,3,644,214,22
0,320,82,10,3,cnn,0.0,False,False,0.9166666666666666,1,4,213,40,18,0.9166666666666666,1,4,213,40,18
0,321,82,22,3,cnn,0.0,False,False,0.8055555555555555,1,4,213,40,18,0.8055555555555555,1,4,213,40,18
0,322,82,22,3,cnn,0.0,False,False,0.6555555555555556,1,10,643,214,22,0.6555555555555556,1,10,643,214,22
0,323,82,22,3,cnn,0.0,False,False,0.8666666666666667,1,5,644,214,22,0.8666666666666667,1,5,644,214,22
0,346,91,10,3,cnn,0.0,False,False,0.8666666666666667,1,5,643,214,22,0.8666666666666667,1,5,643,214,22
0,347,91,10,3,cnn,0.0,False,False,0.28327228327228327,3,13,643,214,22,0.28327228327228327,3,13,643,214,22
0,348,91,13,2,cnn,0.0,False,False,0.75,1,4,644,214,22,0.75,1,4,644,214,22
0,349,91,13,2,cnn,0.0,False,False,0.5,2,4,922,298,0,0.5,2,4,922,298,0
0,350,91,13,2,cnn,0.0,False,False,0.8333333333333333,1,3,643,214,22,0.8333333333333333,1,3,643,214,22
0,373,99,11,29,cnn,-0.06138912606624691,False,False,0.6550931728650039,3,46,154,27,25,0.6544792816043414,3,46,154,27,25
0,374,99,11,29,cnn,-0.12327412276702532,False,False,0.8069802323202981,1,44,82,15,2,0.8057474910926279,1,44,82,15,2
0,375,99,25,24,cnn,0.0,False,False,0.8166314833770266,1,44,155,27,25,0.8166314833770266,1,44,155,27,25
0,376,99,25,24,cnn,-0.08521076401034611,False,False,0.8852086238991657,1,41,153,27,25,0.8843565162590622,1,41,153,27,25
0,377,99,25,24,cnn,-0.9585701551427461,False,False,0.8579046052566941,1,37,83,15,2,0.8483189037052666,1,36,83,15,2
0,378,99,25,24,cnn,-0.8604550155347224,False,False,0.8467363571529162,1,41,154,27,25,0.838131806997569,1,41,154,27,25
0,379,99,25,24,cnn,-0.42538236617183367,False,False,0.7995848288052897,1,39,83,15,2,0.7953310051435714,1,39,83,15,2
0,380,99,25,24,cnn,-0.3453713993603724,False,False,0.8235405325715183,1,44,154,27,25,0.8200868185779145,1,43,154,27,25
0,381,99,25,24,cnn,-0.8076438248851958,False,False,0.9206511454626295,1,42,154,27,25,0.9125747072137775,1,42,154,27,25
0,382,99,26,25,cnn,-0.7021198716351873,False,False,0.9002308701341881,1,39,91,15,17,0.8932096714178362,1,40,91,15,17
0,383,99,26,25,cnn,-0.23333333333332984,False,False,0.9029980274402182,1,45,56,9,28,0.9006646941068849,1,45,56,9,28
0,384,99,26,25,cnn,0.01850787298492973,False,False,0.6614170090642664,2,44,83,15,2,0.6616020877941157,2,43,83,15,2
0,385,99,26,25,cnn,0.3694581280788145,False,False,0.5926879420076894,2,49,89,15,17,0.5963825232884775,2,49,89,15,17
0,386,99,26,25,cnn,0.22530562612641525,False,False,0.6806103145761813,2,43,90,15,17,0.6828633708374454,2,42,90,15,17
0,387,99,26,25,cnn,-1.6625585827436118,False,False,0.8619236627253315,1,41,91,15,17,0.8452980768978954,1,42,91,15,17
0,388,99,27,25,cnn,-0.18149607592848893,False,False,0.8444340166781593,1,38,154,27,25,0.8426190559188744,1,39,154,27,25
0,389,99,27,25,cnn,-0.4981684981685053,False,False,0.7986197025034187,1,44,156,27,25,0.7936380175217337,1,44,156,27,25
0,390,99,27,25,cnn,-0.23348973166417153,False,False,0.6991934411830397,3,54,156,27,25,0.696858543866398,3,55,156,27,25
0,391,99,27,25,cnn,-0.5016039830345709,False,False,0.7066792725050633,1,44,153,27,25,0.7016632326747176,1,44,153,27,25
0,392,99,27,25,cnn,0.08845788100541041,False,False,0.6862467502446983,1,45,154,27,25,0.6871313290547524,1,43,154,27,25
0,393,99,27,25,cnn,-0.21985733564680032,False,False,0.8721506625844193,1,38,154,27,25,0.8699520892279513,1,39,154,27,25
0,394,99,28,27,cnn,-0.8086873927947158,False,False,0.8094376350859527,1,46,155,27,25,0.8013507611580055,1,46,155,27,25
0,395,99,28,27,cnn,-0.5844558390854737,False,False,0.8219100480582561,1,50,56,9,28,0.8160654896674013,1,50,56,9,28
0,396,99,28,27,cnn,0.6214808678688954,False,False,0.6760355079884527,1,43,89,15,17,0.6822503166671416,1,43,89,15,17
0,397,99,28,27,cnn,-0.3576717400246898,False,False,0.8150723069758732,1,44,91,15,17,0.8114955895756263,1,45,91,15,17
0,398,99,30,25,cnn,-0.4885030911117805,False,False,0.6764837892683634,2,42,91,15,17,0.6715987583572456,2,42,91,15,17
0,399,99,30,25,cnn,0.2988855576263494,False,False,0.5075027464675985,3,55,91,15,17,0.510491602043862,3,55,91,15,17
0,400,99,30,25,cnn,0.101066703607533,False,False,0.5503163346366516,1,43,83,15,2,0.551327001672727,1,43,83,15,2
0,401,99,30,25,cnn,-0.8155408193905922,False,False,0.6410694120041945,1,52,90,15,17,0.6329140038102886,1,51,90,15,17
0,402,99,30,25,cnn,-1.3704592508940405,False,False,0.6600018526670058,1,46,155,27,25,0.6462972601580654,1,46,155,27,25
0,403,99,30,25,cnn,-0.2680716021068452,False,False,0.7678216446593571,1,60,153,27,25,0.7651409286382886,1,61,153,27,25
0,430,109,11,1,cnn,0.2962962962962966,False,False,0.037037037037037035,27,27,40,9,0,0.04,25,25,40,9,0
0,431,109,11,1,cnn,0.0,False,False,0.3333333333333333,3,3,40,9,0,0.3333333333333333,3,3,37,9,0
0,432,109,22,2,cnn,0.23809523809523725,False,False,0.17261904761904762,4,21,579,173,19,0.175,4,20,579,173,19
0,449,121,12,7,cnn,-0.21639211380319878,False,False,0.3815555379246068,1,70,432,109,22,0.3793916167865748,1,66,432,109,22
0,450,121,12,7,cnn,1.3146568488362875,False,False,0.4138172839856937,1,141,578,173,19,0.42696385247405655,1,143,578,173,19
0,451,121,13,7,cnn,-0.007057744101152119,False,False,0.391004792233657,1,205,1,1,2,0.39093421479264545,1,201,1,1,2
0,452,121,13,7,cnn,1.1591349826644004,False,False,0.5687608376684007,1,102,883,286,0,0.5803521874950447,1,99,883,286,0
0,453,121,17,7,cnn,-5.8731005557884295,False,True,0.33339381045324734,1,137,542,165,17,0.27466280489536304,2,129,542,165,17
0,454,121,17,7,cnn,-0.24670719351569392,False,False,0.5828412215950209,1,47,492,138,21,0.580374149659864,1,50,492,138,21
0,455,121,19,6,cnn,-0.02988177955304261,False,False,0.5443477687072265,1,118,744,248,29,0.544048950911696,1,111,609,186,20
0,456,121,19,6,cnn,1.097431220550238,False,False,0.444201981868016,1,85,594,177,19,0.4551762940735184,1,86,594,177,19
0,457,121,19,6,cnn,2.85857406935838,False,False,0.20461972667855022,6,55,592,177,19,0.23320546737213402,6,50,592,177,19
0,490,138,15,4,cnn,0.0,False,False,0.8,1,20,346,91,10,0.8,1,20,346,91,10
0,491,138,15,4,cnn,0.0,False,False,0.85,1,10,941,304,0,0.85,1,10,643,214,22
0,492,138,21,4,cnn,0.18140589569161092,False,False,0.6141581632653061,1,49,617,193,21,0.6159722222222223,1,45,619,193,21
0,493,138,21,4,cnn,0.0,False,False,0.5419491525423729,1,59,844,274,0,0.5419491525423729,1,59,844,274,0
0,494,138,28,4,cnn,0.21964475079533363,False,False,0.3044217151848938,1,62,747,248,29,0.30661816269284714,1,62,747,248,29
0,495,138,28,4,cnn,0.0,False,False,0.7291666666666666,1,8,643,214,22,0.7291666666666666,1,8,643,214,22
0,520,155,16,3,cnn,-8.333333333333337,False,False,1.0,1,3,644,214,22,0.9166666666666666,1,4,644,214,22
0,521,155,16,3,cnn,0.0,False,False,1.0,1,3,747,248,29,1.0,1,3,747,248,29
0,522,155,24,2,cnn,0.0,False,False,1.0,1,2,5,3,2,1.0,1,2,5,3,2
0,523,155,24,2,cnn,0.0,False,False,1.0,1,2,643,214,22,1.0,1,2,643,214,22
0,524,155,24,2,cnn,0.0,False,False,1.0,1,2,533,159,16,1.0,1,2,533,159,16
0,542,165,17,4,cnn,-0.2749650202211872,False,False,0.052779359055450135,17,144,620,195,0,0.050029708853238264,17,153,620,195,0
0,543,165,17,4,cnn,-1.2558402922036749,False,False,0.19694899817850636,3,61,905,292,0,0.1843905952564696,3,62,905,292,0
0,544,165,17,4,cnn,0.0,False,False,0.16356209150326798,9,20,982,316,0,0.16356209150326798,9,20,982,316,0
0,545,165,17,4,cnn,-0.21239177489177502,False,False,0.09904761904761905,15,35,979,316,0,0.0969237012987013,16,35,979,316,0
0,546,165,19,4,cnn,-12.847222222222221,False,True,0.33836206896551724,1,32,901,292,0,0.20988984674329503,2,32,901,292,0
0,547,165,19,4,cnn,-0.38049594084076793,False,False,0.10115344425689253,11,52,297,76,9,0.09734848484848485,12,55,297,76,9
0,548,165,19,4,cnn,-0.33290102806694394,False,False,0.06983835200746966,14,144,302,76,12,0.06650934172680022,14,149,302,76,12
0,549,165,19,4,cnn,-0.07102272727272652,False,False,0.13618259803921567,4,48,669,227,24,0.1354723707664884,4,48,669,227,24
0,574,173,18,4,cnn,0.0,False,False,1.0,1,4,450,121,12,1.0,1,4,450,121,12
0,575,173,18,4,cnn,0.0,False,False,1.0,1,4,302,76,12,1.0,1,4,302,76,12
0,576,173,19,2,cnn,0.0,False,False,1.0,1,2,548,165,19,1.0,1,2,548,165,19
0,577,173,19,2,cnn,0.0,False,False,1.0,1,2,445,117,12,1.0,1,2,594,177,19
0,578,173,19,2,cnn,0.0,False,False,1.0,1,2,594,177,19,1.0,1,2,594,177,19
0,579,173,19,2,cnn,0.0,False,False,1.0,1,2,432,109,22,1.0,1,2,432,109,22
0,620,195,0,2,cnn,0.317460317460317,False,False,0.03888888888888889,36,40,542,165,17,0.04206349206349206,35,36,542,165,17
0,621,195,0,2,cnn,0.2163726161078218,False,False,0.04139344262295082,20,61,542,165,17,0.043557168784029036,19,58,542,165,17
0,622,195,0,2,cnn,0.075287031808771,False,False,0.013535760014633254,77,142,36,9,0,0.014288630332720964,71,138,36,9,0
0,623,195,0,2,cnn,0.04670820833417317,False,False,0.008605794790005316,171,176,981,316,0,0.009072876873347048,164,166,981,316,0
0,624,195,0,2,cnn,0.08096682340800102,False,False,0.011972167269254382,107,137,981,316,0,0.012781835503334392,94,134,981,316,0
0,625,195,0,2,cnn,0.18274853801169588,False,False,0.027777777777777776,27,108,430,109,11,0.029605263157894735,24,114,777,256,0
0,626,195,0,2,cnn,0.5555555555555536,False,False,0.07500000000000001,10,40,542,165,17,0.08055555555555555,9,40,542,165,17
0,627,195,22,7,cnn,-0.22924393861462472,False,False,0.06272963628876037,15,177,706,234,27,0.06043719690261412,15,173,706,234,27
0,628,195,22,7,cnn,0.21165099064146542,False,False,0.04586113086091696,34,162,251,54,5,0.04797764076733162,33,154,251,54,5
0,696,234,0,3,cnn,0.014693985245167393,False,False,0.0069890906062624915,190,320,820,268,0,0.007136030458714165,182,315,820,268,0
0,697,234,0,3,cnn,0.013475621642175355,False,False,0.00673344919829529,223,334,820,268,0,0.006868205414717043,215,333,820,268,0
0,698,234,0,3,cnn,0.018907798019208652,False,False,0.008195324883808938,178,309,845,274,0,0.008384402864001024,172,310,845,274,0
0,699,234,0,3,cnn,0.028779895192814365,False,False,0.00776639330104533,203,310,820,268,0,0.008054192252973474,191,305,820,268,0
0,700,234,0,3,cnn,0.020088254068457555,False,False,0.006842129836325807,232,312,820,268,0,0.0070430123770103825,220,306,820,268,0
0,701,234,0,3,cnn,0.009614547339107087,False,False,0.00733537395085803,207,308,820,268,0,0.007431519424249101,200,306,820,268,0
0,702,234,0,3,cnn,0.022892151022315885,False,False,0.008515296864206523,189,275,350,91,13,0.008744218374429681,182,272,350,91,13
0,703,234,0,3,cnn,0.014894224556146092,False,False,0.006735553320018478,233,343,820,268,0,0.006884495565579939,225,343,820,268,0
0,704,234,27,8,cnn,0.04058940868282776,False,False,0.01966443409385519,175,245,415,103,11,0.020070328180683467,166,238,415,103,11
0,705,234,27,8,cnn,0.00763147932682437,False,False,0.013735947025792668,253,345,415,103,11,0.013812261819060912,251,345,446,117,12
0,706,234,27,8,cnn,0.03517335700145355,False,False,0.017618441916061607,159,300,627,195,22,0.017970175486076143,154,297,627,195,22
1,7,5,2,17,cnn,0.5037707390648682,False,False,0.7846445258614585,1,42,676,229,26,0.7896822332521072,1,42,676,229,26
1,8,5,2,17,cnn,0.24131729637971722,False,False,0.7486125759345574,1,45,676,229,26,0.7510257488983546,1,45,676,229,26
1,9,5,2,17,cnn,1.2926695829817147,False,False,0.49118465175137954,1,291,252,56,5,0.5041113475811967,1,284,586,175,25
1,10,5,11,18,cnn,-0.1529270394066029,False,False,0.7064164311512359,1,110,676,229,26,0.7048871607571698,1,116,466,130,15
1,11,5,11,18,cnn,-1.2411926643679905,False,False,0.44475589385134867,1,134,721,238,28,0.43234396720766877,1,143,721,238,28
1,12,5,12,18,cnn,-0.33500839502275115,False,False,0.45266916849302163,1,88,447,119,12,0.4493190845427941,1,88,447,119,12
1,13,5,12,18,cnn,-0.09621692090731049,False,False,0.680690802308393,1,52,465,130,13,0.6797286330993199,1,51,474,130,22
1,14,5,17,17,cnn,0.9050791704526384,False,False,0.7218115829651911,1,118,676,229,26,0.7308623746697175,1,121,676,229,26
1,15,5,17,17,cnn,0.0942462205429817,False,False,0.8068949618084648,1,69,676,229,26,0.8078374240138946,1,70,676,229,26
1,16,5,17,17,cnn,-1.676747574343096,False,False,0.3373600618019196,1,122,721,238,28,0.3205925860584886,1,123,721,238,28
1,17,5,28,16,cnn,-1.1433960254940312,False,False,0.445627572445668,1,126,873,282,0,0.43419361219072766,1,123,873,282,0
1,18,5,28,16,cnn,-0.5894799400518846,False,False,0.5265893904874677,1,70,722,238,28,0.5206945910869488,1,74,870,282,0
1,19,5,28,16,cnn,0.1605122854961949,False,False,0.650814667687072,1,44,676,229,26,0.6524197905420339,1,43,676,229,26
1,20,5,28,16,cnn,2.065868445647301,False,False,0.5454829233769452,2,33,722,238,28,0.5661416078334182,2,30,722,238,28
1,21,5,30,14,cnn,1.570830878209234,False,False,0.2431778838671121,2,162,590,175,25,0.2588861926492044,2,163,590,175,25
1,22,5,30,14,cnn,0.9760708323645118,False,False,0.2954658341147098,1,136,809,264,0,0.3052265424383549,1,135,809,264,0
1,23,5,30,14,cnn,-0.19054376607374746,False,False,0.6463177695320553,1,55,676,229,26,0.6444123318713179,1,55,676,229,26
1,24,5,30,14,cnn,2.5541878714160138,False,False,0.2131515180593528,3,179,722,238,28,0.23869339677351295,2,169,722,238,28
1,25,5,30,14,cnn,2.357459265766071,False,False,0.3834327785172418,2,227,722,238,28,0.4070073711749025,2,219,722,238,28
1,26,5,30,14,cnn,1.4873940874225333,False,False,0.465538054632837,2,185,679,229,30,0.4804119955070623,2,180,679,229,30
1,62,11,0,3,cnn,-0.011944577161968062,False,False,0.03895511268392624,20,91,988,318,0,0.03883566691230656,20,92,988,318,0
1,63,11,0,3,cnn,-0.23558841099163633,False,False,0.05615292712066905,18,62,1009,324,0,0.053797043010752686,20,64,1009,324,0
1,64,11,0,3,cnn,-6.016279819471312,False,False,0.24810606060606064,2,48,1009,324,0,0.1879432624113475,3,47,1009,324,0
1,65,11,0,3,cnn,-1.7488662131519284,False,False,0.12400793650793651,7,48,1009,324,0,0.10651927437641723,8,49,1009,324,0
1,66,11,0,3,cnn,-3.31168831168831,False,False,0.22857142857142856,4,20,1015,324,0,0.19545454545454546,4,22,1015,324,0
1,67,11,0,3,cnn,-0.13865356141026935,False,False,0.05490866360431578,22,46,1013,324,0,0.05352212799021309,22,47,1013,324,0
1,68,11,0,3,cnn,0.15444015444015385,False,False,0.07227589580530758,13,37,1009,324,0,0.07382029734970912,13,35,1009,324,0
1,69,11,0,3,cnn,-0.2113361308763606,False,False,0.07322615655948989,26,28,1009,324,0,0.07111279525072628,26,29,1009,324,0
1,70,11,2,8,cnn,-0.2124309868875074,False,False,0.3035011331206983,1,70,586,175,25,0.30137682325182324,1,72,586,175,25
1,71,11,2,8,cnn,-0.6065203859321522,False,False,0.4283637386578563,1,34,675,229,26,0.4222985347985348,1,35,435,113,12
1,72,11,2,8,cnn,-0.04177109440266502,False,False,0.5015018101326341,1,61,435,113,12,0.5010840991886074,1,61,435,113,12
1,92,17,2,5,cnn,5.132275132275133,False,False,0.719047619047619,1,28,907,294,0,0.7703703703703704,1,27,907,294,0
1,93,17,2,5,cnn,-0.42942154996484794,False,False,0.6767025089605735,1,31,721,238,28,0.672408293460925,1,33,721,238,28
1,94,17,2,5,cnn,0.0,False,False,0.5227272727272727,1,12,233,46,8,0.5227272727272727,1,12,233,46,8
1,95,17,17,5,cnn,-0.19762845849803368,False,False,0.5254545454545455,1,22,910,294,0,0.5234782608695652,1,23,910,294,0
1,96,17,17,5,cnn,0.545454545454549,False,False,0.5024887169568021,1,47,721,238,28,0.5079432624113476,1,47,721,238,28
1,97,17,17,5,cnn,1.1555111555111575,False,False,0.6238095238095238,1,14,721,238,28,0.6353646353646354,1,13,721,238,28
1,98,17,19,6,cnn,-0.18347840928486236,False,False,0.23239033964840417,4,31,750,250,29,0.23055555555555554,4,35,750,250,29
1,99,17,19,6,cnn,0.10697032436162712,False,False,0.20595290377899075,7,35,439,113,19,0.20702260702260702,6,35,439,113,19
1,123,23,3,11,cnn,-1.01914023137063,False,False,0.6640667124752834,1,46,161,29,9,0.6538753101615771,1,47,161,29,9
1,124,23,3,11,cnn,0.9505525548306304,False,False,0.6244045038162686,1,51,164,29,18,0.6339100293645749,1,52,164,29,18
1,125,23,4,11,cnn,-0.037927016536631886,False,False,0.5451491928764656,1,40,602,181,20,0.5447699227110993,1,40,602,181,20
1,126,23,4,11,cnn,-2.437969364846837,False,False,0.6672827501878885,1,91,162,29,9,0.6429030565394201,1,90,162,29,9
1,127,23,5,11,cnn,0.05244446420917814,False,False,0.531039821605969,1,36,602,181,20,0.5315642662480607,1,37,602,181,20
1,128,23,5,11,cnn,-0.05807200929151546,False,False,0.49837799857201187,1,41,602,181,20,0.4977972784790967,1,42,602,181,20
1,129,23,14,11,cnn,0.17825884000466363,False,False,0.7984848484848485,1,40,161,29,9,0.8002674368848951,1,41,161,29,9
1,130,23,14,11,cnn,0.38371929471600064,False,False,0.5045456593448603,1,82,164,29,18,0.5083828522920203,1,80,164,29,18
1,131,23,17,10,cnn,1.132141286184929,False,False,0.6495201140323091,1,41,602,181,20,0.6608415268941584,1,39,602,181,20
1,132,23,17,10,cnn,0.09312198824393825,False,False,0.33105118005346523,1,71,675,229,26,0.3319823999359046,1,71,675,229,26
1,133,23,17,10,cnn,-0.21208013973743334,False,False,0.11398584993293626,14,119,408,101,13,0.11186504853556192,14,119,408,101,13
1,134,23,18,11,cnn,-5.281047493602209,False,False,0.6186685621844836,1,29,163,29,18,0.5658580872484615,1,30,163,29,18
1,135,23,18,11,cnn,0.31162933629726997,False,False,0.3644900218904014,3,51,603,181,20,0.3676063152533741,3,50,603,181,20
1,158,29,4,5,cnn,0.4545454545454519,False,False,0.8054545454545454,1,22,447,119,12,0.8099999999999999,1,20,447,119,12
1,159,29,4,5,cnn,5.666666666666664,False,False,0.687816091954023,1,29,128,23,5,0.7444827586206897,1,29,128,23,5
1,160,29,9,4,cnn,0.0,False,False,0.42549019607843136,2,17,127,23,5,0.42549019607843136,2,17,127,23,5
1,161,29,9,4,cnn,0.0,False,False,0.32857142857142857,3,15,128,23,5,0.32857142857142857,3,15,128,23,5
1,162,29,9,4,cnn,3.2265786749482386,False,False,0.4403532608695652,1,23,128,23,5,0.4726190476190476,1,21,128,23,5
1,163,29,18,5,cnn,2.9999999999999916,False,False,0.7057142857142857,1,14,134,23,18,0.7357142857142857,1,14,134,23,18
1,164,29,18,5,cnn,0.8442365504554239,False,False,0.14822430116211244,6,40,135,23,18,0.15666666666666668,6,40,135,23,18
1,185,35,4,5,cnn,-1.904761904761909,False,False,0.7645833333333333,1,32,238,46,12,0.7455357142857142,1,32,238,46,12
1,186,35,4,5,cnn,0.0,False,False,0.7565891472868217,1,43,238,46,12,0.7565891472868217,1,43,238,46,12
1,187,35,4,5,cnn,0.07112375533429027,False,False,0.7406015037593985,1,38,238,46,12,0.7413127413127414,1,37,235,46,9
1,188,35,5,6,cnn,-4.713901689708133,False,False,0.8179723502304147,1,31,231,46,5,0.7708333333333334,1,30,231,46,5
1,189,35,5,6,cnn,0.11494252873562871,False,False,0.8388888888888889,1,30,232,46,5,0.8400383141762452,1,29,232,46,5
1,190,35,18,5,cnn,0.0,False,False,1.0,1,5,528,157,24,1.0,1,5,528,157,24
1,191,35,18,5,cnn,0.6666666666666765,False,False,0.46679320679320674,1,13,230,46,5,0.4734598734598735,1,13,230,46,5
1,192,35,18,5,cnn,0.4419301458775157,False,False,0.08075813075813075,21,63,239,46,12,0.08517743221690591,19,60,239,46,12
1,222,46,0,13,cnn,-0.19630979566538087,False,False,0.05670662292234872,17,266,866,282,0,0.054743524965694915,18,261,866,282,0
1,223,46,0,13,cnn,-0.07804671441018762,False,False,0.06725882835797346,11,212,866,282,0,0.06647836121387159,11,211,866,282,0
1,224,46,0,13,cnn,2.435343523703257,False,False,0.20922360917898886,1,127,866,282,0,0.23357704441602142,1,132,866,282,0
1,225,46,0,13,cnn,-0.39622277453586346,False,False,0.08092304255297536,13,171,866,282,0,0.07696081480761673,14,170,866,282,0
1,226,46,0,13,cnn,-0.04062542265912891,False,False,0.04047306517602199,21,253,1013,324,0,0.0400668109494307,20,259,1013,324,0
1,227,46,0,13,cnn,-0.17867880535512443,False,False,0.05107267864144256,27,275,866,282,0,0.04928589058789132,27,275,866,282,0
1,228,46,0,13,cnn,-0.3183041387062005,False,False,0.10931585081679913,10,200,812,264,0,0.10613280942973713,9,199,812,264,0
1,229,46,0,13,cnn,-0.0647078902085707,False,False,0.038625429958055874,20,286,866,282,0,0.037978351055970166,20,284,866,282,0
1,230,46,5,18,cnn,-0.35266471125250387,False,False,0.32674427637527287,1,171,191,35,18,0.32321762926274783,1,173,191,35,18
1,231,46,5,18,cnn,0.3029190388023184,False,False,0.3496269784665296,1,141,529,157,24,0.3526561688545528,1,142,529,157,24
1,232,46,5,18,cnn,0.07018171838311105,False,False,0.3867614130983032,1,156,529,157,24,0.3874632302821343,1,158,189,35,5
1,233,46,8,19,cnn,0.10307960042066633,False,False,0.15547642121002592,7,245,94,17,2,0.15650721721423258,7,244,94,17,2
1,234,46,8,19,cnn,0.004878387790810401,False,False,0.24600047351202167,1,209,99,17,19,0.24604925738992978,1,210,99,17,19
1,235,46,9,18,cnn,-0.2676197404153535,False,False,0.358213130656326,1,146,191,35,18,0.35553693325217245,1,148,191,35,18
1,236,46,9,18,cnn,0.24312730886076328,False,False,0.41647465008214296,1,116,191,35,18,0.4189059231707506,1,115,191,35,18
1,237,46,9,18,cnn,0.15376863247250072,False,False,0.40627230117715046,1,200,527,157,24,0.40780998750187547,1,202,527,157,24
1,238,46,12,19,cnn,-0.43545193525766357,False,False,0.31613992077678316,4,130,185,35,4,0.3117854014242065,4,141,185,35,4
1,239,46,12,19,cnn,-0.05113684111943129,False,False,0.442724553301579,1,138,192,35,18,0.4422131848903847,1,143,192,35,18
1,240,46,17,18,cnn,0.20757859083031238,False,False,0.22744781139902776,4,174,185,35,4,0.22952359730733088,4,179,185,35,4
1,241,46,17,18,cnn,-0.17236086875663803,False,False,0.4147396413630985,1,85,96,17,17,0.4130160326755321,1,92,96,17,17
1,242,46,17,18,cnn,-1.399614133164906,False,False,0.48987944869711647,1,99,192,35,18,0.4758833073654674,1,107,192,35,18
1,278,68,0,7,cnn,-0.9643338333022,False,False,0.10895687814376762,9,96,222,46,0,0.09931353981074562,10,97,222,46,0
1,279,68,0,7,cnn,-0.5201248498890976,False,False,0.1304700618151036,6,116,808,264,0,0.12526881331621262,6,117,808,264,0
1,280,68,0,7,cnn,-7.627065625404494,False,True,0.3796820207998633,1,43,849,276,0,0.30341136454581835,2,40,849,276,0
1,281,68,0,7,cnn,-0.7984593698879411,False,False,0.1951891980193867,3,106,852,276,0,0.18720460432050728,3,106,852,276,0
1,282,68,0,7,cnn,0.4541159430494601,False,False,0.680477570071969,1,109,224,46,0,0.6850187295024636,1,101,224,46,0
1,283,68,0,7,cnn,0.3094874313361695,False,False,0.35004638218923934,3,22,946,306,0,0.35314125650260103,4,20,946,306,0
1,284,68,0,7,cnn,0.0898444748601096,False,False,0.05983569156326631,30,98,913,294,0,0.06073413631186741,30,96,913,294,0
1,285,68,8,12,cnn,3.131349007104589,False,False,0.6316335100348384,1,100,233,46,8,0.6629470001058843,1,97,233,46,8
1,286,68,8,12,cnn,-0.37464774807784984,False,False,0.5153948587812079,1,128,590,175,25,0.5116483813004294,1,126,590,175,25
1,287,68,29,9,cnn,2.499217347414684,False,False,0.5041473051276973,1,68,583,175,19,0.5291394786018442,1,62,583,175,19
1,288,68,29,9,cnn,0.6825649066305006,False,False,0.2866106694394005,1,80,309,78,22,0.2934363185057055,1,76,309,78,22
1,289,68,29,9,cnn,0.41292341909084374,False,False,0.4698001328775564,1,87,583,175,19,0.47392936706846484,1,80,583,175,19
1,290,68,29,9,cnn,0.5053644099149046,False,False,0.394815896309607,3,53,583,175,19,0.39986954040875605,3,50,583,175,19
1,291,68,29,9,cnn,1.3623763623763663,False,False,0.47553080447817286,2,44,583,175,19,0.4891545681019365,2,37,583,175,19
1,304,78,10,5,cnn,0.0,False,False,1.0,1,5,582,175,19,1.0,1,5,582,175,19
1,305,78,10,5,cnn,0.0,False,False,0.9266666666666667,1,6,585,175,19,0.9266666666666667,1,6,585,175,19
1,306,78,16,4,cnn,0.0,False,False,0.95,1,5,582,175,19,0.95,1,5,582,175,19
1,307,78,16,4,cnn,0.0,False,False,1.0,1,4,582,175,19,1.0,1,4,582,175,19
1,308,78,16,4,cnn,0.0,False,False,1.0,1,4,585,175,19,1.0,1,4,585,175,19
1,309,78,22,5,cnn,0.0,False,False,1.0,1,5,585,175,19,1.0,1,5,585,175,19
1,310,78,22,5,cnn,0.0,False,False,1.0,1,5,585,175,19,1.0,1,5,585,175,19
1,324,85,0,2,cnn,0.0012484633694961195,False,False,0.008824619948090471,145,186,985,318,0,0.008837104581785432,141,189,985,318,0
1,325,85,0,2,cnn,1.890954498835057e-05,False,False,0.008497347850362925,144,199,985,318,0,0.008497536945812808,140,203,985,318,0
1,326,85,0,2,cnn,-0.02187913353144874,False,False,0.009631472821656871,143,163,890,288,0,0.009412681486342384,146,167,890,288,0
1,327,85,0,2,cnn,-0.005742283110404811,False,False,0.007513806287170773,176,214,991,318,0,0.007456383456066725,173,219,991,318,0
1,328,85,0,2,cnn,0.005442956776928812,False,False,0.00775978407557355,190,195,893,288,0,0.007814213643342838,188,194,893,288,0
1,329,85,0,2,cnn,0.014861995753715461,False,False,0.008159837753905632,157,201,985,318,0,0.008308457711442787,150,201,351,93,10
1,330,85,0,2,cnn,-0.005502289395142423,False,False,0.005244278083206613,249,309,683,229,30,0.005189255189255189,252,312,683,229,30
1,331,85,0,2,cnn,-0.002368646296404403,False,False,0.013351360486733143,97,122,890,288,0,0.013327674023769099,95,124,890,288,0
1,332,85,10,8,cnn,0.08252521825710818,False,False,0.04350428808066141,52,221,436,113,12,0.04432954026323249,51,224,436,113,12
1,333,85,10,8,cnn,-0.03414842678896336,False,False,0.029704991152738024,72,202,514,148,16,0.02936350688484839,73,202,514,148,16
1,351,93,10,2,cnn,-0.027685492801771128,False,False,0.2619047619047619,2,84,329,85,0,0.2616279069767442,2,86,329,85,0
1,352,93,10,2,cnn,0.0,False,False,0.5666666666666667,1,15,329,85,0,0.5666666666666667,1,15,406,101,11
1,353,93,28,2,cnn,-1.0393236868982054,False,False,0.07279693486590039,9,58,709,236,28,0.062403697996918334,11,59,709,236,28
1,354,93,28,2,cnn,0.5494505494505475,False,False,0.5714285714285714,1,14,926,300,0,0.5769230769230769,1,13,926,300,0
1,404,101,11,7,cnn,4.619821612855668,False,False,0.5826183104820876,1,38,133,23,17,0.6288165266106442,1,34,133,23,17
1,405,101,11,7,cnn,-0.28151866799140945,False,False,0.3727213958029555,1,97,326,85,0,0.3699062091230414,1,98,326,85,0
1,406,101,11,7,cnn,-0.09917033964220723,False,False,0.5015664160401002,1,57,329,85,0,0.5005747126436781,1,58,329,85,0
1,407,101,13,7,cnn,-2.0779220779220786,False,False,0.7990105132962276,1,21,329,85,0,0.7782312925170068,1,21,329,85,0
1,408,101,13,7,cnn,0.25855714401920027,False,False,0.3400428521955445,1,96,128,23,5,0.3426284236357365,1,96,128,23,5
1,409,101,13,7,cnn,0.6663106361266935,False,False,0.41789273849074515,1,56,329,85,0,0.4245558448520121,1,56,329,85,0
1,410,101,15,8,cnn,0.4211353746767482,False,False,0.24454577680384132,6,31,710,236,28,0.2487571305506088,6,33,710,236,28
1,411,101,15,8,cnn,1.6398225957049484,False,False,0.37937444894868994,3,31,708,236,28,0.3957726749057394,3,31,708,236,28
1,412,101,16,8,cnn,-0.33985862110861853,False,False,0.44269002394002394,1,52,427,107,11,0.43929143772893775,1,56,427,107,11
1,413,101,16,8,cnn,0.8820513676754904,False,False,0.48788819875776396,1,32,326,85,0,0.49670871243451886,1,32,326,85,0
1,435,113,12,3,cnn,-0.023707918444760764,False,False,0.025199765558905976,43,111,673,229,26,0.02496268637445837,43,114,673,229,26
1,436,113,12,3,cnn,-0.20552900511860775,False,False,0.041389811738648946,21,86,72,11,2,0.03933452168746287,22,90,72,11,2
1,437,113,19,2,cnn,-0.15985885016145707,False,False,0.02946236559139785,31,75,514,148,16,0.02786377708978328,34,76,514,148,16
1,438,113,19,2,cnn,0.32679738562091526,False,False,0.08680555555555555,16,18,750,250,29,0.0900735294117647,16,17,750,250,29
1,439,113,19,2,cnn,0.04743285388446698,False,False,0.020923520923520924,63,77,514,148,16,0.021397849462365594,62,75,514,148,16
1,464,130,13,10,cnn,0.22122342190250555,False,False,0.6170548059303681,1,92,500,140,16,0.6192670401493932,1,84,500,140,16
1,465,130,13,10,cnn,-0.062200956937796814,False,False,0.6269336219336219,1,44,499,140,16,0.6263116123642439,1,45,499,140,16
1,466,130,15,9,cnn,-0.581663692634371,False,False,0.4917548675157371,1,165,10,5,11,0.4859382305893934,1,175,10,5,11
1,467,130,15,9,cnn,0.44117647058824483,False,False,0.5107193943795251,1,40,944,306,0,0.5151311590854075,1,34,944,306,0
1,468,130,15,9,cnn,1.218934839524266,False,False,0.35274736695551934,1,82,23,5,30,0.364936715350762,1,85,23,5,30
1,469,130,16,8,cnn,1.3654423487911016,False,False,0.25757395160141155,3,91,503,140,24,0.27122837508932257,3,90,503,140,24
1,470,130,16,8,cnn,1.1043066442702532,False,False,0.34091271587022265,1,49,503,140,24,0.3519557823129252,1,49,503,140,24
1,471,130,16,8,cnn,0.1131035418119819,False,False,0.1883315852945009,7,110,503,140,24,0.1894626207126207,7,110,503,140,24
1,472,130,16,8,cnn,1.8614024864024858,False,False,0.42204861111111114,2,45,629,198,22,0.440662635975136,2,44,629,198,22
1,473,130,22,9,cnn,-0.32679738562091387,False,False,0.6951550990766677,1,17,498,140,16,0.6918871252204586,1,18,498,140,16
1,474,130,22,9,cnn,-0.5534975325080294,False,False,0.5467341524510309,1,29,498,140,16,0.5411991771259506,1,30,498,140,16
1,475,130,22,9,cnn,3.85537205557428,False,False,0.504241573026609,1,46,629,198,22,0.5427952935823518,1,43,629,198,22
1,496,140,15,7,cnn,0.5064627772472324,False,False,0.15920364404644535,2,176,825,270,0,0.16426827181891768,2,173,825,270,0
1,497,140,15,7,cnn,0.6753828840807719,False,False,0.1303224343582496,3,214,660,223,23,0.13707626319905733,3,211,660,223,23
1,498,140,16,6,cnn,-6.515602453102454,False,False,0.35261686991869917,2,64,475,130,22,0.28746084538767464,4,66,475,130,22
1,499,140,16,6,cnn,0.013520013520007534,False,False,0.4961519961519962,1,216,464,130,13,0.49628719628719625,1,220,464,130,13
1,500,140,16,6,cnn,-0.4727964561562936,False,False,0.2940277777777778,2,160,464,130,13,0.28929981321621484,2,155,464,130,13
1,501,140,24,5,cnn,4.487179487179488,False,False,0.3210569105691057,3,41,186,35,4,0.36592870544090056,2,41,186,35,4
1,502,140,24,5,cnn,0.18115942028986698,False,False,0.8416666666666666,1,24,467,130,15,0.8434782608695652,1,23,467,130,15
1,503,140,24,5,cnn,-0.10239760239760254,False,False,0.4188811188811189,1,44,473,130,22,0.41785714285714287,1,40,473,130,22
1,504,140,24,5,cnn,0.30508896354360937,False,False,0.329904046725073,2,47,471,130,16,0.3329549363605091,2,45,471,130,16
1,525,157,16,4,cnn,-0.32679738562091387,False,False,0.6056985294117647,1,17,583,175,19,0.6024305555555556,1,18,584,175,19
1,526,157,16,4,cnn,-0.6818181818181834,False,False,0.5416666666666666,1,20,185,35,4,0.5348484848484848,1,20,185,35,4
1,527,157,24,2,cnn,0.0,False,False,0.3269230769230769,2,13,237,46,9,0.3269230769230769,2,13,237,46,9
1,528,157,24,2,cnn,-0.4545454545454547,False,False,0.13333333333333333,10,12,232,46,5,0.12878787878787878,11,12,232,46,5
1,529,157,24,2,cnn,0.0,False,False,0.06620553359683795,22,23,231,46,5,0.06620553359683795,22,23,231,46,5
1,530,157,24,2,cnn,0.0,False,False,0.5714285714285714,1,14,237,46,9,0.5714285714285714,1,14,237,46,9
1,550,167,17,2,cnn,0.04713423831070873,False,False,0.10049019607843138,12,17,824,270,0,0.10096153846153846,13,16,824,270,0
1,551,167,17,2,cnn,-0.4761904761904745,False,False,0.23809523809523808,3,14,590,175,25,0.23333333333333334,3,15,590,175,25
1,552,167,17,2,cnn,0.0,False,False,0.8333333333333333,1,3,828,270,0,0.8333333333333333,1,3,828,270,0
1,553,167,18,3,cnn,0.1461988304093581,False,False,0.24853801169590642,3,38,580,175,18,0.25,3,36,580,175,18
1,554,167,18,3,cnn,0.6203473945409377,False,False,0.4322580645161291,1,31,580,175,18,0.43846153846153846,1,26,580,175,18
1,580,175,18,10,cnn,0.0,False,False,0.5553757353757354,2,21,553,167,18,0.5553757353757354,2,21,553,167,18
1,581,175,18,10,cnn,0.4285714285714226,False,False,0.7847113997113997,1,18,553,167,18,0.7889971139971139,1,18,553,167,18
1,582,175,19,8,cnn,0.0,False,False,0.3267579642579643,4,32,306,78,16,0.3267579642579643,4,32,306,78,16
1,583,175,19,8,cnn,0.057982372450138264,False,False,0.546335760691083,1,29,289,68,29,0.5469155844155844,1,30,289,68,29
1,584,175,19,8,cnn,2.0833333333333313,False,False,0.43199086452762925,1,34,289,68,29,0.45282419786096256,1,34,289,68,29
1,585,175,19,8,cnn,0.2199364879593907,False,False,0.18295479310925536,6,46,305,78,10,0.18515415798884927,6,47,305,78,10
1,586,175,25,6,cnn,-0.42302186374789663,False,False,0.39958828434438187,2,82,828,270,0,0.3953580657069029,2,86,828,270,0
1,587,175,25,6,cnn,0.25813692480358696,False,False,0.5121693121693122,1,54,853,276,0,0.514750681417348,1,54,853,276,0
1,588,175,25,6,cnn,0.16480427296367006,False,False,0.662962962962963,1,30,551,167,17,0.6646110056925997,1,31,551,167,17
1,589,175,25,6,cnn,0.5307096004770417,False,False,0.4990995115995116,1,45,551,167,17,0.504406607604282,1,43,551,167,17
1,590,175,25,6,cnn,2.4058191131361983,False,False,0.5500871080139372,1,63,551,167,17,0.5741452991452992,1,60,551,167,17
1,591,175,25,6,cnn,4.064454064454059,False,False,0.5203454510683426,1,83,828,270,0,0.5609899917128832,1,83,828,270,0
1,672,229,26,5,cnn,0.6412826939142746,False,False,0.1452132813423136,5,62,991,318,0,0.15162610828145634,5,62,991,318,0
1,673,229,26,5,cnn,-0.04830917874396046,False,False,0.49676767676767675,1,45,448,119,12,0.49628458498023714,1,46,448,119,12
1,674,229,26,5,cnn,0.16488413547237069,False,False,0.48698752228163994,1,34,890,288,0,0.48863636363636365,1,33,890,288,0
1,675,229,26,5,cnn,0.5594405594405605,False,False,0.5278062678062678,1,27,132,23,17,0.5334006734006734,1,27,132,23,17
1,676,229,26,5,cnn,0.17319885587724593,False,False,0.025828300868325126,91,136,20,5,28,0.027560289427097585,78,131,20,5,28
1,677,229,26,5,cnn,10.555555555555552,False,False,0.8211111111111112,1,9,736,244,29,0.9266666666666667,1,6,736,244,29
1,678,229,26,5,cnn,0.0,False,False,1.0,1,5,738,244,29,1.0,1,5,738,244,29
1,679,229,30,7,cnn,4.883080534519291,False,False,0.35918538189594174,1,141,26,5,30,0.40801618724113464,1,127,26,5,30
1,680,229,30,7,cnn,0.011688729142922405,False,False,0.6152915711739241,1,187,892,288,0,0.6154084584653533,1,183,892,288,0
1,681,229,30,7,cnn,1.0962562313817814,False,False,0.43009869124743577,1,144,26,5,30,0.4410612535612536,1,135,26,5,30
1,682,229,30,7,cnn,0.02466395363176499,False,False,0.7090103966114748,1,159,892,288,0,0.7092570361477925,1,153,892,288,0
1,683,229,30,7,cnn,-0.5265626714429539,False,False,0.7501335612779144,1,191,738,244,29,0.7448679345634849,1,183,738,244,29
1,711,238,0,5,cnn,0.04432624113475253,False,False,0.12462703962703962,13,48,284,68,0,0.12507030203838715,13,47,284,68,0
1,712,238,0,5,cnn,0.30188839455356775,False,False,0.09988411630872315,10,47,906,294,0,0.10290300025425883,9,48,906,294,0
1,713,238,0,5,cnn,1.6666666666666692,False,False,0.2315204678362573,4,19,908,294,0,0.24818713450292398,3,19,908,294,0
1,714,238,0,5,cnn,1.1810489252349705,False,False,0.14168157423971378,6,45,95,17,17,0.15349206349206349,5,45,910,294,0
1,715,238,0,5,cnn,0.10518892871834024,False,False,0.10647130647130647,9,78,226,46,0,0.10752319575848987,9,78,226,46,0
1,716,238,0,5,cnn,0.01111034355715107,False,False,0.08422619047619048,14,56,913,294,0,0.08433729391176199,14,55,913,294,0
1,717,238,0,5,cnn,0.02224279357564904,False,False,0.05053733069018659,29,92,284,68,0,0.05075975862594308,28,91,284,68,0
1,718,238,0,5,cnn,0.18382406200202622,False,False,0.10425073984396019,14,59,911,294,0,0.10608898046398045,13,64,911,294,0
1,719,238,28,8,cnn,0.0212526158518328,False,False,0.08722543013111844,17,113,809,264,0,0.08743795628963677,17,121,809,264,0
1,720,238,28,8,cnn,0.6736594128757545,False,False,0.25340917155987136,1,57,19,5,28,0.2601457656886289,1,55,19,5,28
1,721,238,28,8,cnn,0.01789130267377398,False,False,0.07757891741061876,26,114,97,17,17,0.0777578304373565,25,114,97,17,17
1,722,238,28,8,cnn,0.15103488067995455,False,False,0.06150615754371037,29,107,20,5,28,0.06301650635050991,29,104,20,5,28
1,723,238,28,8,cnn,0.7647873798914517,False,False,0.1475045503750026,7,97,539,163,17,0.15515242417391711,7,97,539,163,17
2,27,7,2,5,cnn,0.229745744451626,False,False,0.10718245919057279,10,105,109,19,9,0.10947991663508905,10,104,109,19,9
2,28,7,2,5,cnn,1.0338164251207704,False,False,0.3276190476190476,2,168,107,19,7,0.3379572118702553,2,161,107,19,7
2,29,7,7,4,cnn,0.094325812127289,False,False,0.04062463717636131,30,99,767,254,30,0.0415678952976342,30,92,767,254,30
2,30,7,7,4,cnn,0.032715822189505195,False,False,0.08382316857549056,17,57,570,171,27,0.08415032679738561,17,56,570,171,27
2,31,7,7,4,cnn,-0.05940310038546476,False,False,0.034245613406004974,63,83,220,44,5,0.033651582402150326,62,88,220,44,5
2,32,7,14,5,cnn,3.181036656580136,False,False,0.1911439255189255,3,64,112,19,12,0.22295429208472686,2,69,112,19,12
2,33,7,14,5,cnn,-0.10576338774082039,False,False,0.27208064627973094,2,88,110,19,9,0.27102301240232274,2,87,110,19,9
2,73,13,2,7,cnn,3.4812082582760198,False,False,0.23198630190654068,3,71,459,123,13,0.2667983844893009,3,67,459,123,13
2,74,13,2,7,cnn,-1.18158032443747,False,False,0.4126548055119484,1,52,685,231,26,0.4008390022675737,1,50,685,231,26
2,75,13,7,7,cnn,1.578771859621042,False,False,0.6324382384532761,1,38,601,179,29,0.6482259570494865,1,36,601,179,29
2,76,13,7,7,cnn,2.7077497665732864,False,False,0.5460927960927962,2,18,601,179,29,0.573170293758529,2,17,601,179,29
2,77,13,10,7,cnn,-0.026609300249225143,False,False,0.2941167911764987,2,46,663,225,24,0.29385069817400644,2,48,663,225,24
2,78,13,10,7,cnn,1.6640786749482384,False,False,0.28608030168589177,5,23,664,225,24,0.30272108843537415,5,21,664,225,24
2,79,13,28,6,cnn,0.0,False,False,0.7145927601809955,1,17,915,296,0,0.7145927601809955,1,17,915,296,0
2,80,13,28,6,cnn,-0.03628447024673909,False,False,0.6481990231990232,1,52,757,252,30,0.6478361784965558,1,53,757,252,30
2,81,13,28,6,cnn,0.9191291799987455,False,False,0.6585576259489303,1,23,488,136,15,0.6677489177489178,1,21,488,136,15
2,100,19,3,11,cnn,0.0,False,False,0.7726708756577881,1,19,168,31,14,0.7726708756577881,1,19,342,87,10
2,101,19,3,11,cnn,0.0,False,False,0.9314199689199689,1,16,342,87,10,0.9314199689199689,1,16,342,87,10
2,102,19,3,11,cnn,0.0,False,False,0.8915504949595859,1,16,168,31,14,0.8915504949595859,1,16,168,31,14
2,103,19,5,11,cnn,-1.21212121212122,False,False,0.7175212413848778,2,16,167,31,14,0.7054000292636656,2,16,167,31,14
2,104,19,5,11,cnn,-0.6613689733823258,False,False,0.8075827398408044,1,31,168,31,14,0.8009690501069812,1,29,168,31,14
2,105,19,5,11,cnn,0.8362849271940198,False,False,0.8957431457431457,1,22,168,31,14,0.9041059950150859,1,21,168,31,14
2,106,19,7,11,cnn,0.5827505827505797,False,False,0.8288160072250982,1,16,167,31,14,0.834643513052604,1,16,167,31,14
2,107,19,7,11,cnn,0.0,False,False,0.8704646363737273,1,30,343,87,10,0.8704646363737273,1,30,343,87,10
2,108,19,7,11,cnn,-2.330300392501339,False,False,0.6824977653925022,1,35,767,254,30,0.6591947614674888,1,36,767,254,30
2,109,19,9,12,cnn,1.5530303030303005,False,False,0.6299124486624487,2,33,168,31,14,0.6454427516927517,2,30,168,31,14
2,110,19,9,12,cnn,-0.5341880341880434,False,False,0.7771963684463685,1,25,168,31,14,0.7718544881044881,1,25,168,31,14
2,111,19,12,11,cnn,0.6611570247934018,False,False,0.7992177311696028,1,17,168,31,14,0.8058293014175368,1,17,168,31,14
2,112,19,12,11,cnn,0.5827505827505797,False,False,0.8915504949595859,1,16,168,31,14,0.8973780007870917,1,16,168,31,14
2,113,19,12,11,cnn,0.06747638326584093,False,False,0.8602369852369853,1,39,168,31,14,0.8609117490696437,1,38,168,31,14
2,136,25,3,12,cnn,0.635237250928733,False,False,0.8867332455763307,1,47,167,31,14,0.893085618085618,1,42,167,31,14
2,137,25,3,12,cnn,0.7440476190476275,False,False,0.800321669071669,1,27,369,97,24,0.8077621452621453,1,27,369,97,24
2,138,25,5,12,cnn,1.545329670329676,False,False,0.9298911736411736,1,15,370,97,24,0.9453444703444703,1,15,370,97,24
2,139,25,5,12,cnn,1.3237444100447138,False,False,0.8295893719806764,1,23,372,97,24,0.8428268160811235,1,23,372,97,24
2,140,25,7,11,cnn,0.2716108966109021,False,False,0.37853090025338826,1,117,417,105,11,0.3812470092194973,1,112,417,105,11
2,141,25,7,11,cnn,1.3687110337828101,False,False,0.7719091116220302,1,21,372,97,24,0.7855962219598583,1,21,372,97,24
2,142,25,7,11,cnn,0.37878787878788955,False,False,0.82652561420504,1,19,369,97,24,0.8303134929929189,1,19,369,97,24
2,143,25,9,10,cnn,0.0,False,False,0.8803418803418804,1,15,370,97,24,0.8803418803418804,1,15,371,97,24
2,144,25,9,10,cnn,0.16142629300525124,False,False,0.8339160401002506,1,30,664,225,24,0.8355303030303031,1,33,664,225,24
2,145,25,9,10,cnn,-0.22556390977442886,False,False,0.7887896825396825,1,35,369,97,24,0.7865340434419382,1,38,369,97,24
2,146,25,9,10,cnn,0.0,False,False,0.9377124183006537,1,17,507,144,16,0.9377124183006537,1,17,507,144,16
2,147,25,14,11,cnn,0.0,False,False,0.9567099567099567,1,21,370,97,24,0.9567099567099567,1,21,370,97,24
2,148,25,14,11,cnn,0.0,False,False,0.863525282146983,1,31,370,97,24,0.863525282146983,1,31,370,97,24
2,149,25,14,11,cnn,-0.11105160034983186,False,False,0.7693526170798898,1,55,369,97,24,0.7682421010763915,1,53,369,97,24
2,165,31,4,2,cnn,0.0,False,False,0.8333333333333333,1,3,109,19,9,0.8333333333333333,1,3,109,19,9
2,166,31,4,2,cnn,-11.66666666666667,False,False,0.45,2,5,109,19,9,0.3333333333333333,3,6,109,19,9
2,167,31,14,2,cnn,0.0,False,False,0.325,4,5,103,19,5,0.325,4,5,103,19,5
2,168,31,14,2,cnn,0.0,False,False,0.34090909090909094,2,11,109,19,9,0.34090909090909094,2,11,109,19,9
2,193,38,4,9,cnn,0.0,False,False,1.0,1,9,631,203,22,1.0,1,9,631,203,22
2,194,38,4,9,cnn,0.6088664421997736,False,False,0.8982323232323233,1,22,113,19,12,0.904320987654321,1,24,113,19,12
2,195,38,4,9,cnn,-2.6855860189193392,False,False,0.9062049062049061,1,21,295,71,9,0.8793490460157127,1,22,295,71,9
2,196,38,5,10,cnn,1.1111111111111183,False,False,0.954040404040404,1,12,632,203,22,0.9651515151515152,1,12,632,203,22
2,197,38,5,10,cnn,0.0,False,False,1.0,1,10,315,80,28,1.0,1,10,315,80,28
2,198,38,9,10,cnn,0.0,False,False,1.0,1,10,534,161,17,1.0,1,10,534,161,17
2,199,38,9,10,cnn,-0.909090909090915,False,False,1.0,1,10,113,19,12,0.9909090909090909,1,11,113,19,12
2,200,38,14,8,cnn,0.0,False,False,1.0,1,8,534,161,17,1.0,1,8,534,161,17
2,201,38,14,8,cnn,0.0,False,False,0.9861111111111112,1,9,535,161,17,0.9861111111111112,1,9,535,161,17
2,202,38,14,8,cnn,0.0,False,False,1.0,1,8,109,19,9,1.0,1,8,109,19,9
2,203,38,14,8,cnn,0.0,False,False,0.975,1,10,534,161,17,0.975,1,10,534,161,17
2,204,38,18,11,cnn,0.9414301113905954,False,False,0.8918483251487204,1,23,165,31,4,0.9012626262626263,1,24,165,31,4
2,257,60,7,2,cnn,0.0,False,False,0.8333333333333333,1,3,739,246,29,0.8333333333333333,1,3,739,246,29
2,258,60,7,2,cnn,0.0,False,False,0.17142857142857143,5,14,728,240,28,0.17142857142857143,5,14,728,240,28
2,259,60,7,2,cnn,0.7575757575757569,False,False,0.5833333333333334,1,12,724,240,28,0.5909090909090909,1,11,724,240,28
2,260,60,12,3,cnn,-0.2631578947368485,False,False,0.4230019493177388,1,19,739,246,29,0.42037037037037034,1,20,739,246,29
2,261,60,12,3,cnn,-2.1164021164021163,False,False,0.49523809523809526,1,15,556,169,18,0.4740740740740741,1,15,556,169,18
2,292,71,8,1,cnn,0.0,False,False,1.0,1,1,426,105,23,1.0,1,1,426,105,23
2,293,71,8,1,cnn,0.0,False,False,0.5,2,2,317,80,28,0.5,2,2,317,80,28
2,294,71,8,1,cnn,0.0,False,False,1.0,1,1,632,203,22,1.0,1,1,107,19,7
2,295,71,9,3,cnn,-1.6666666666666663,False,False,0.3222222222222222,3,10,316,80,28,0.3055555555555555,3,9,316,80,28
2,311,80,10,5,cnn,-0.18382352941176405,False,False,0.83125,1,32,204,38,18,0.8294117647058824,1,34,204,38,18
2,312,80,10,5,cnn,0.0,False,False,0.925,1,8,201,38,14,0.925,1,8,201,38,14
2,313,80,22,5,cnn,0.5494505494505697,False,False,0.8714285714285713,1,14,536,161,17,0.876923076923077,1,13,536,161,17
2,314,80,22,5,cnn,-0.001719986240111826,False,False,0.6026315789473684,1,19,109,19,9,0.6026143790849673,1,18,109,19,9
2,315,80,28,4,cnn,2.2835497835497764,False,False,0.6726190476190477,1,21,194,38,4,0.6954545454545454,1,22,194,38,4
2,316,80,28,4,cnn,12.65384615384615,True,False,0.43846153846153846,2,26,536,161,17,0.565,1,25,536,161,17
2,317,80,28,4,cnn,0.3214285714285725,False,False,0.40004152823920264,1,43,293,71,8,0.40325581395348836,1,43,109,19,9
2,334,87,0,2,cnn,-0.1515151515151511,False,False,0.03279569892473118,30,62,762,254,0,0.03128054740957967,33,62,761,254,0
2,335,87,0,2,cnn,-0.035649761259517326,False,False,0.03071364046973803,41,54,108,19,7,0.030357142857142857,40,56,108,19,7
2,336,87,0,2,cnn,-0.07722007722007727,False,False,0.02371967654986523,35,106,833,272,0,0.022947475777664456,37,106,833,272,0
2,337,87,0,2,cnn,-0.19187719859290048,False,False,0.04159519725557462,22,53,762,254,0,0.03967642526964561,22,59,762,254,0
2,338,87,0,2,cnn,-0.013679890560875513,False,False,0.023128342245989305,44,85,762,254,0,0.02299154334038055,43,88,762,254,0
2,339,87,0,2,cnn,-0.3968253968253968,False,False,0.06111111111111111,15,36,762,254,0,0.05714285714285714,15,42,762,254,0
2,340,87,0,2,cnn,-0.01699318020974075,False,False,0.011419931802097407,99,157,860,278,0,0.01125,100,160,860,278,0
2,341,87,0,2,cnn,0.14866514866514885,False,False,0.028693528693528692,39,63,861,278,0,0.03018018018018018,37,60,861,278,0
2,342,87,10,8,cnn,-0.02429111412805482,False,False,0.059594095627576976,45,131,767,254,30,0.05935118448629643,47,132,767,254,30
2,343,87,10,8,cnn,0.09380680210618608,False,False,0.07855123636845485,30,109,107,19,7,0.07948930438951671,32,101,107,19,7
2,357,97,0,9,cnn,-0.010407712788673695,False,False,0.5833582904259597,1,49,340,87,0,0.5832542132980729,1,48,340,87,0
2,358,97,0,9,cnn,-0.03800547278808297,False,False,0.7188467731945993,1,36,340,87,0,0.7184667184667185,1,39,340,87,0
2,359,97,0,9,cnn,-0.39236696255271486,False,False,0.2531516056551568,3,68,340,87,0,0.24922793602962967,3,64,340,87,0
2,360,97,0,9,cnn,-0.645351661480692,False,False,0.17653061898159936,11,84,340,87,0,0.17007710236679244,11,84,340,87,0
2,361,97,0,9,cnn,-0.23328523328522976,False,False,0.6321535460424349,1,35,340,87,0,0.6298206937095826,1,36,340,87,0
2,362,97,0,9,cnn,0.41784025292270766,False,False,0.6238152087977176,1,36,340,87,0,0.6279936113269446,1,36,340,87,0
2,363,97,0,9,cnn,-0.8647342995169116,False,False,0.7678496221974483,1,26,141,25,7,0.7592022792022792,1,26,141,25,7
2,364,97,11,14,cnn,0.8458646616541277,False,False,0.8675570043991098,1,26,140,25,7,0.876015651015651,1,26,140,25,7
2,365,97,11,14,cnn,0.5606841398766882,False,False,0.8060874589070078,1,28,141,25,7,0.8116943003057747,1,28,141,25,7
2,366,97,13,14,cnn,0.2801120448179262,False,False,0.8651244588744589,1,28,140,25,7,0.8679255793226381,1,28,140,25,7
2,367,97,13,14,cnn,0.8058608058608252,False,False,0.8818367346938775,1,25,141,25,7,0.8898953427524857,1,25,141,25,7
2,368,97,16,15,cnn,0.9166322321595421,False,False,0.8180927596057492,1,46,137,25,3,0.8272590819273447,1,43,139,25,5
2,369,97,24,12,cnn,-0.01910370331422717,False,False,0.2667153089604451,10,39,145,25,9,0.2665242719273028,10,38,145,25,9
2,370,97,24,12,cnn,1.3813981951236842,False,False,0.2533684742471796,3,40,139,25,5,0.26718245619841646,2,40,139,25,5
2,371,97,24,12,cnn,-1.5634999388869364,False,False,0.36647078275754746,1,40,148,25,14,0.3508357833686781,1,42,148,25,14
2,372,97,24,12,cnn,-0.11308739569609871,False,False,0.36509450535480287,4,32,139,25,5,0.3639636313978419,4,32,139,25,5
2,417,105,11,7,cnn,1.0616024187452777,False,False,0.781084656084656,1,27,140,25,7,0.7917006802721088,1,25,140,25,7
2,418,105,11,7,cnn,0.0,False,False,0.6833943833943834,1,14,653,219,23,0.6833943833943834,1,14,653,219,23
2,419,105,11,7,cnn,0.0,False,False,0.7964285714285715,1,20,653,219,23,0.7964285714285715,1,20,653,219,23
2,420,105,15,6,cnn,0.26154401154401263,False,False,0.8049242424242423,1,16,649,219,23,0.8075396825396824,1,14,649,219,23
2,421,105,15,6,cnn,0.0,False,False,0.7968253968253968,1,15,651,219,23,0.7968253968253968,1,15,651,219,23
2,422,105,15,6,cnn,1.984126984126977,False,False,0.9107142857142857,1,8,651,219,23,0.9305555555555555,1,8,650,219,23
2,423,105,15,6,cnn,2.2222222222222254,False,False,0.7579365079365079,1,8,654,219,23,0.7801587301587302,1,8,654,219,23
2,424,105,23,7,cnn,-1.2585034013605445,False,False,0.6505970220255934,1,15,650,219,23,0.638011988011988,1,15,650,219,23
2,425,105,23,7,cnn,0.649350649350644,False,False,0.5294784580498867,1,18,649,219,23,0.5359719645433931,1,18,649,219,23
2,426,105,23,7,cnn,0.0,False,False,0.5770975056689343,1,18,652,219,23,0.5770975056689343,1,18,652,219,23
2,440,115,12,2,cnn,0.0,False,False,1.0,1,2,519,153,16,1.0,1,2,433,111,11
2,441,115,12,2,cnn,0.0,False,False,1.0,1,2,651,219,23,1.0,1,2,515,151,16
2,442,115,16,2,cnn,0.0,False,False,1.0,1,2,433,111,11,1.0,1,2,433,111,11
2,443,115,16,2,cnn,0.0,False,False,1.0,1,2,651,219,23,1.0,1,2,651,219,23
2,482,136,0,2,cnn,0.0,False,False,0.09728506787330317,13,17,953,308,0,0.09728506787330317,13,17,953,308,0
2,483,136,0,2,cnn,0.0,False,False,0.11513157894736842,8,19,953,308,0,0.11513157894736842,8,19,953,308,0
2,484,136,0,2,cnn,-0.22246941045606233,False,False,0.07294429708222812,13,29,951,308,0,0.0707196029776675,13,31,951,308,0
2,485,136,0,2,cnn,-0.892857142857141,False,False,0.13025210084033612,7,17,949,308,0,0.1213235294117647,8,17,949,308,0
2,486,136,0,2,cnn,0.0,False,False,0.075,12,30,949,308,0,0.075,12,30,949,308,0
2,487,136,0,2,cnn,-0.27472527472527375,False,False,0.07179487179487179,15,26,953,308,0,0.06904761904761905,15,28,953,308,0
2,488,136,15,6,cnn,-0.8682058682058652,False,False,0.23474025974025972,5,30,458,123,13,0.22605820105820107,7,30,458,123,13
2,489,136,15,6,cnn,0.0,False,False,0.8555555555555556,1,8,931,302,0,0.8555555555555556,1,8,931,302,0
2,515,151,16,1,cnn,0.0,False,False,1.0,1,1,441,115,12,1.0,1,1,441,115,12
2,516,151,16,1,cnn,0.0,False,False,1.0,1,1,518,153,16,1.0,1,1,518,153,16
2,517,151,22,2,cnn,0.0,False,False,1.0,1,2,441,115,12,1.0,1,2,441,115,12
2,534,161,17,2,cnn,0.0,False,False,0.8333333333333333,1,3,198,38,9,0.8333333333333333,1,3,198,38,9
2,535,161,17,2,cnn,0.41016421868625,False,False,0.03888081395348837,32,43,108,19,7,0.04298245614035087,30,38,108,19,7
2,536,161,17,2,cnn,0.0,False,False,1.0,1,2,316,80,28,1.0,1,2,316,80,28
2,537,161,18,3,cnn,-16.428571428571427,False,True,0.5333333333333333,1,30,343,87,10,0.36904761904761907,2,28,343,87,10
2,538,161,18,3,cnn,0.0,False,False,0.3768115942028985,2,23,110,19,9,0.3768115942028985,2,23,110,19,9
2,558,171,18,13,cnn,-0.439560439560438,False,False,0.9374330797407721,1,20,767,254,30,0.9330374753451677,1,20,767,254,30
2,559,171,18,13,cnn,-0.5172251856602084,False,False,0.8176217562565709,1,58,221,44,5,0.8124495043999688,1,63,221,44,5
2,560,171,18,13,cnn,-1.0659852967545347,False,False,0.9434770357847282,1,21,30,7,7,0.9328171828171828,1,22,30,7,7
2,561,171,26,10,cnn,-0.38313038602648675,False,False,0.7576891930974645,1,82,755,252,30,0.7538578892371997,1,87,755,252,30
2,562,171,26,10,cnn,0.0,False,False,0.9669230769230769,1,13,30,7,7,0.9669230769230769,1,13,30,7,7
2,563,171,26,10,cnn,0.0,False,False,1.0,1,10,30,7,7,1.0,1,10,30,7,7
2,564,171,26,10,cnn,0.0,False,False,1.0,1,10,30,7,7,1.0,1,10,30,7,7
2,565,171,26,10,cnn,0.0,False,False,1.0,1,10,30,7,7,1.0,1,10,30,7,7
2,566,171,26,10,cnn,-0.8181818181818179,False,False,0.9413888888888889,1,16,30,7,7,0.9332070707070708,1,16,30,7,7
2,567,171,27,9,cnn,-0.07687991021325669,False,False,0.8345959595959597,1,24,30,7,7,0.8338271604938271,1,25,30,7,7
2,568,171,27,9,cnn,0.0,False,False,0.9658119658119657,1,13,30,7,7,0.9658119658119657,1,13,30,7,7
2,569,171,27,9,cnn,-0.4166666666666652,False,False,0.9555555555555555,1,15,30,7,7,0.9513888888888888,1,16,30,7,7
2,570,171,27,9,cnn,0.48840048840048667,False,False,0.7990139490139491,1,15,30,7,7,0.8038979538979539,1,15,30,7,7
2,571,171,27,9,cnn,0.0,False,False,0.9415204678362572,1,19,30,7,7,0.9415204678362572,1,19,30,7,7
2,572,171,27,9,cnn,0.0,False,False,0.9535634118967453,1,11,30,7,7,0.9535634118967453,1,11,30,7,7
2,573,171,27,9,cnn,0.1322751322751392,False,False,0.7694833488951136,1,28,759,254,0,0.770806100217865,1,27,28,7,2
2,595,179,19,4,cnn,0.0,False,False,0.95,1,5,607,184,20,0.95,1,5,607,184,20
2,596,179,19,4,cnn,1.388888888888884,False,False,0.8611111111111112,1,9,78,13,10,0.875,1,8,78,13,10
2,597,179,19,4,cnn,0.0,False,False,1.0,1,4,607,184,20,1.0,1,4,556,169,18
2,598,179,29,3,cnn,0.0,False,False,0.8333333333333334,1,6,78,13,10,0.8333333333333334,1,6,78,13,10
2,599,179,29,3,cnn,0.0,False,False,1.0,1,3,556,169,18,1.0,1,3,556,169,18
2,600,179,29,3,cnn,3.3333333333333326,False,False,0.8333333333333334,1,6,756,252,30,0.8666666666666667,1,5,556,169,18
2,601,179,29,3,cnn,0.0,False,False,0.7555555555555555,1,5,1019,326,0,0.7555555555555555,1,5,76,13,7
2,684,231,26,7,cnn,-3.614718614718615,False,False,0.6555555555555556,1,21,915,296,0,0.6194083694083694,1,22,915,296,0
2,685,231,26,7,cnn,-0.7384295824194115,False,False,0.14340963539946014,3,75,914,296,0,0.13602533957526602,3,82,914,296,0
2,686,231,26,7,cnn,0.3030303030302939,False,False,0.827922077922078,1,33,81,13,28,0.8309523809523809,1,30,81,13,28
2,687,231,26,7,cnn,0.5555555555555536,False,False,0.819047619047619,1,20,914,296,0,0.8246031746031746,1,18,914,296,0
2,688,231,26,7,cnn,-1.661433804290946,False,False,0.40345535834257634,3,19,740,246,29,0.3868410202996669,4,19,740,246,29
2,689,231,29,5,cnn,0.9521391397821599,False,False,0.11252747252747253,9,65,742,246,29,0.12204886392529413,9,69,742,246,29
2,690,231,29,5,cnn,-0.3217503217503248,False,False,0.20702702702702705,5,37,726,240,28,0.2038095238095238,5,42,726,240,28
2,691,231,29,5,cnn,-0.14619883040935533,False,False,0.28555555555555556,3,36,740,246,29,0.284093567251462,3,38,740,246,29
2,692,231,29,5,cnn,-1.904761904761909,False,False,0.42329004329004327,2,11,727,240,28,0.4042424242424242,2,11,727,240,28
2,693,231,29,5,cnn,-0.6812468577174463,False,False,0.17480392156862745,8,34,742,246,29,0.167991452991453,8,36,742,246,29
2,694,231,29,5,cnn,-0.9871794871794903,False,False,0.3616666666666667,2,25,726,240,28,0.3517948717948718,2,26,726,240,28
2,695,231,29,5,cnn,0.0,False,False,0.6048484848484847,1,55,726,240,28,0.6048484848484847,1,55,726,240,28
2,759,254,0,8,cnn,-0.3397740100382296,False,False,0.11904830009807127,8,112,334,87,0,0.11565055999768897,8,112,334,87,0
2,760,254,0,8,cnn,-1.0396707604666515,False,False,0.15981312790523317,8,64,335,87,0,0.14941642030056665,9,66,336,87,0
2,761,254,0,8,cnn,-0.3311466750454184,False,False,0.2393886459880108,4,50,335,87,0,0.2360771792375566,4,53,335,87,0
2,762,254,0,8,cnn,0.07025733357287622,False,False,0.08093804481804728,30,96,337,87,0,0.08164061815377605,30,95,337,87,0
2,763,254,0,8,cnn,-0.10218075106518953,False,False,0.12383165969550408,14,72,255,58,7,0.12280985218485219,14,75,255,58,7
2,764,254,0,8,cnn,-0.06891273174864793,False,False,0.08141506673553717,20,79,339,87,0,0.08072593941805069,20,79,337,87,0
2,765,254,0,8,cnn,1.9158863908648294,False,False,0.28714975250553726,2,51,339,87,0,0.30630861641418555,2,43,339,87,0
2,766,254,0,8,cnn,-0.09802224443252183,False,False,0.0481921055939533,30,255,838,272,0,0.047211883149628084,32,256,838,272,0
2,767,254,30,8,cnn,0.10919842441581562,False,False,0.08150296502315774,17,88,342,87,10,0.08259494926731589,17,90,342,87,10
2,768,254,30,8,cnn,-0.03526566996211594,False,False,0.12428091497170445,8,77,108,19,7,0.12392825827208329,8,77,108,19,7
2,769,254,30,8,cnn,1.5175764485764243,False,False,0.4287339678165612,1,90,534,161,17,0.44390973230232544,1,89,108,19,7
2,770,254,30,8,cnn,0.34155266660166606,False,False,0.08966441215968318,23,79,107,19,7,0.09307993882569984,23,77,107,19,7
2,771,254,30,8,cnn,-0.0756400805269411,False,False,0.07236600603736185,28,101,107,19,7,0.07160960523209244,29,104,107,19,7
2,772,254,30,8,cnn,0.3649644707085009,False,False,0.12556104555011688,12,258,650,219,23,0.1292106902572019,11,258,650,219,23
2,773,254,30,8,cnn,0.5978638083860593,False,False,0.12486252703577405,8,162,650,219,23,0.13084116511963464,7,164,650,219,23
2,774,254,30,8,cnn,4.636163489564224,False,False,0.2307807369987677,3,184,650,219,23,0.27714237189440993,2,184,650,219,23
0,0,1,2,2,transformer,-0.7843137254901961,False,False,0.11666666666666667,10,15,543,165,17,0.10882352941176471,10,17,543,165,17
0,1,1,2,2,transformer,0.0,False,False,0.09453781512605042,14,17,414,103,11,0.09453781512605042,14,17,414,103,11
0,2,1,2,2,transformer,-0.9090909090909038,False,False,0.6,1,10,544,165,17,0.5909090909090909,1,11,544,165,17
0,3,1,12,3,transformer,-0.2962962962962945,False,False,0.10507936507936506,10,25,480,134,14,0.10211640211640212,10,27,480,134,14
0,4,1,12,3,transformer,0.04455583402951796,False,False,0.08224365260978533,19,28,478,134,14,0.08268921095008051,20,27,478,134,14
0,34,9,0,20,transformer,-0.5231360667620172,False,False,0.16995688501756537,7,173,781,256,0,0.1647255243499452,9,172,781,256,0
0,35,9,0,20,transformer,-4.315502543256303,False,True,0.232288929617334,1,181,729,242,28,0.18913390418477097,5,180,781,256,0
0,36,9,0,20,transformer,-0.20056771379887428,False,False,0.1421201463417546,22,182,781,256,0,0.14011446920376586,23,181,781,256,0
0,37,9,0,20,transformer,-0.8096194270181656,False,False,0.12844635215204953,14,224,780,256,0,0.12035015788186787,17,226,780,256,0
0,38,9,0,20,transformer,-0.12491439866110926,False,False,0.11310259832186272,32,187,779,256,0,0.11185345433525162,33,189,779,256,0
0,39,9,0,20,transformer,-0.264908847338996,False,False,0.12534711254106226,14,166,780,256,0,0.1226980240676723,15,170,780,256,0
0,40,9,0,20,transformer,0.055141666308233805,False,False,0.35409476148965746,3,118,781,256,0,0.3546461781527398,3,119,781,256,0
0,41,9,0,20,transformer,-0.4098413190980907,False,False,0.08678698442634519,16,232,781,256,0,0.08268857123536429,17,230,781,256,0
0,42,9,2,25,transformer,-1.7731029850358626,False,False,0.5009122506282826,1,125,300,76,11,0.48318122077792397,1,135,300,76,11
0,43,9,2,25,transformer,-1.0787982964954534,False,False,0.8081149401693628,1,92,251,54,5,0.7973269572044083,1,95,251,54,5
0,44,9,2,25,transformer,-0.07689297676378715,False,False,0.7844545650545486,1,85,298,76,11,0.7836856352869107,1,93,298,76,11
0,45,9,12,24,transformer,-1.1325454816619063,False,False,0.5849953242788252,1,161,481,134,14,0.5736698694622061,1,162,481,134,14
0,46,9,12,24,transformer,-1.8461606949871867,False,False,0.5168645408045259,1,127,627,195,22,0.49840293385465406,1,131,627,195,22
0,47,9,12,24,transformer,-1.2563292112554247,False,False,0.5645625519977224,1,121,251,54,5,0.5519992598851682,1,130,251,54,5
0,48,9,12,24,transformer,-1.0702563133568266,False,False,0.48070238517312625,1,134,481,134,14,0.469999822039558,1,130,481,134,14
0,49,9,25,23,transformer,0.16077781667617752,False,False,0.49927369317441267,1,175,88,15,17,0.5008814713411744,1,178,88,15,17
0,50,9,25,23,transformer,0.10601581686491279,False,False,0.6430690415253212,1,157,251,54,5,0.6441291996939703,1,157,251,54,5
0,51,9,25,23,transformer,-0.17806730795678627,False,False,0.42379509553574396,1,258,251,54,5,0.4220144224561761,1,258,251,54,5
0,52,9,25,23,transformer,-0.3213221713534331,False,False,0.627788906325934,1,150,251,54,5,0.6245756846123997,1,153,251,54,5
0,53,9,25,23,transformer,-0.3834048368335341,False,False,0.630284418198647,1,217,156,27,25,0.6264503698303117,1,214,156,27,25
0,54,9,28,20,transformer,-0.6783158968238556,False,False,0.6067289477705406,1,166,156,27,25,0.5999457888023021,1,164,156,27,25
0,55,9,28,20,transformer,-0.7688664909566434,False,False,0.4289110844275571,1,162,376,99,25,0.42122241951799066,1,157,376,99,25
0,56,9,28,20,transformer,0.17255310373258115,False,False,0.32223191734994383,1,171,395,99,28,0.32395744838726964,1,168,395,99,28
0,57,9,28,20,transformer,-0.3436796266270914,False,False,0.5411449098115007,1,121,262,62,7,0.5377081135452297,1,123,262,62,7
0,58,9,28,20,transformer,1.0652348962400748,False,False,0.3162337378021399,1,215,900,292,0,0.3268860867645407,1,218,900,292,0
0,59,9,28,20,transformer,-0.43032787817208207,False,False,0.3071029465969238,1,149,376,99,25,0.30279966781520296,1,156,376,99,25
0,60,9,28,20,transformer,-0.23523583868576003,False,False,0.4569500859646974,1,204,609,186,20,0.4545977275778398,1,202,609,186,20
0,61,9,28,20,transformer,-0.25182446611116127,False,False,0.37264925296359636,1,152,376,99,25,0.37013100830248474,1,151,376,99,25
0,82,15,2,7,transformer,1.695519091390485,False,False,0.37908424239260924,1,46,400,99,30,0.3960394333065141,1,46,400,99,30
0,83,15,2,7,transformer,-0.366300366300365,False,False,0.29459892212762634,2,59,400,99,30,0.2909359184646227,2,59,400,99,30
0,84,15,2,7,transformer,0.0864055299539146,False,False,0.6548909423909424,1,33,399,99,30,0.6557549976904815,1,33,399,99,30
0,85,15,12,8,transformer,-0.10335917312661591,False,False,0.5242373844663089,1,43,150,27,4,0.5232037927350427,1,45,150,27,4
0,86,15,12,8,transformer,-0.602594595327155,False,False,0.6108522727272727,1,44,150,27,4,0.6048263267740012,1,43,150,27,4
0,87,15,17,5,transformer,1.6178861788617882,False,False,0.12,4,48,387,99,26,0.13617886178861788,3,48,387,99,26
0,88,15,17,5,transformer,-0.603477167993298,False,False,0.095,15,60,49,9,25,0.08896522832006702,15,63,49,9,25
0,89,15,17,5,transformer,-0.6666666666666682,False,False,0.17039867109634552,5,43,396,99,28,0.16373200442967883,6,43,396,99,28
0,90,15,17,5,transformer,1.3333333333333364,False,False,0.4764194139194139,1,16,400,99,30,0.48975274725274726,1,16,400,99,30
0,91,15,17,5,transformer,-1.545043192102008,False,False,0.3845102609808492,1,26,400,99,30,0.3690598290598291,1,26,400,99,30
0,114,21,3,7,transformer,-1.5460767302872547,False,False,0.27637579998261114,4,24,213,40,18,0.2609150326797386,5,25,213,40,18
0,115,21,3,7,transformer,0.2721088435374108,False,False,0.34321835571835574,3,27,210,40,17,0.34593944415372985,3,27,210,40,17
0,116,21,30,2,transformer,0.0,False,False,0.41666666666666663,3,4,210,40,17,0.41666666666666663,3,4,210,40,17
0,117,21,30,2,transformer,0.0,False,False,0.325,4,5,208,40,6,0.325,4,5,208,40,6
0,118,21,30,2,transformer,2.4352548036758557,False,False,0.10263157894736842,10,19,215,40,20,0.12698412698412698,7,18,208,40,6
0,119,21,30,2,transformer,0.0,False,False,0.0900735294117647,16,17,208,40,6,0.0900735294117647,16,17,208,40,6
0,120,21,30,2,transformer,-0.44642857142857123,False,False,0.09126984126984126,14,18,215,40,20,0.08680555555555555,16,18,215,40,20
0,121,21,30,2,transformer,0.7575757575757597,False,False,0.13333333333333333,10,12,211,40,17,0.14090909090909093,10,11,918,298,0
0,122,21,30,2,transformer,-0.892857142857141,False,False,0.13025210084033612,7,17,208,40,6,0.1213235294117647,8,17,208,40,6
0,150,27,4,6,transformer,-0.17153771102126486,False,False,0.10496168873361855,11,45,85,15,12,0.1032463116234059,11,45,85,15,12
0,151,27,4,6,transformer,-3.710317460317464,False,False,0.41865079365079366,1,56,83,15,2,0.381547619047619,1,63,392,99,27
0,152,27,25,2,transformer,-0.14148273910582904,False,False,0.05325814536340852,14,57,375,99,25,0.05184331797235023,14,62,375,99,25
0,153,27,25,2,transformer,-0.05376344086021473,False,False,0.03888888888888889,30,45,398,99,30,0.03835125448028674,31,45,398,99,30
0,154,27,25,2,transformer,0.0,False,False,0.055303030303030305,20,33,373,99,11,0.055303030303030305,20,33,373,99,11
0,155,27,25,2,transformer,-0.24212113995395745,False,False,0.05505279034690799,17,39,390,99,27,0.05263157894736842,19,38,82,15,2
0,156,27,25,2,transformer,0.0,False,False,0.04111295681063123,28,43,390,99,27,0.04111295681063123,28,43,390,99,27
0,157,27,25,2,transformer,-0.4475075846366944,False,False,0.04288240495137047,29,39,390,99,27,0.038407329105003524,33,43,390,99,27
0,169,33,4,13,transformer,0.0,False,False,1.0,1,13,243,48,5,1.0,1,13,243,48,5
0,170,33,4,13,transformer,0.0,False,False,1.0,1,13,244,48,5,1.0,1,13,244,48,5
0,171,33,4,13,transformer,0.0,False,False,1.0,1,13,244,48,5,1.0,1,13,244,48,5
0,172,33,5,14,transformer,-1.913265306122447,False,False,0.952949629735344,1,16,243,48,5,0.9338169766741196,1,16,243,48,5
0,173,33,5,14,transformer,-1.7857142857142905,False,False,0.8880472701901273,1,16,244,48,5,0.8701901273329844,1,16,244,48,5
0,174,33,9,13,transformer,0.0,False,False,1.0,1,13,243,48,5,1.0,1,13,243,48,5
0,175,33,9,13,transformer,0.0,False,False,0.9945054945054945,1,14,244,48,5,0.9945054945054945,1,14,244,48,5
0,176,33,9,13,transformer,0.0,False,False,1.0,1,13,244,48,5,1.0,1,13,244,48,5
0,177,33,14,11,transformer,0.0,False,False,0.9924242424242423,1,12,243,48,5,0.9924242424242423,1,12,243,48,5
0,178,33,14,11,transformer,0.0,False,False,0.9924242424242423,1,12,244,48,5,0.9924242424242423,1,12,244,48,5
0,179,33,14,11,transformer,0.0,False,False,0.9442325351416261,1,13,244,48,5,0.9442325351416261,1,13,244,48,5
0,180,33,14,11,transformer,-0.8264462809917217,False,False,0.9924242424242423,1,12,244,48,5,0.9841597796143251,1,12,244,48,5
0,181,33,14,11,transformer,0.0,False,False,1.0,1,11,244,48,5,1.0,1,11,244,48,5
0,182,33,18,13,transformer,-0.4166666666666763,False,False,0.9540997464074388,1,15,243,48,5,0.949933079740772,1,16,243,48,5
0,183,33,18,13,transformer,0.0,False,False,0.8755838178915103,1,15,244,48,5,0.8755838178915103,1,15,244,48,5
0,184,33,18,13,transformer,0.0,False,False,0.9723443223443223,1,15,243,48,5,0.9723443223443223,1,15,243,48,5
0,205,40,5,10,transformer,-0.1630434782608714,False,False,0.8140763222284961,1,33,320,82,10,0.8124458874458874,1,33,320,82,10
0,206,40,5,10,transformer,0.4090909090909034,False,False,0.77745670995671,1,26,320,82,10,0.781547619047619,1,26,320,82,10
0,207,40,5,10,transformer,-0.019197680722182753,False,False,0.6561152882205514,1,57,115,21,3,0.6559233114133296,1,58,115,21,3
0,208,40,6,11,transformer,2.4629735769908736,False,False,0.4087697524424137,1,57,117,21,30,0.43339948821232244,1,56,118,21,30
0,209,40,6,11,transformer,0.7432027787758977,False,False,0.7554658774368606,1,31,116,21,30,0.7628979052246195,1,31,116,21,30
0,210,40,17,10,transformer,-2.136536994660554,False,False,0.5808267226036105,1,48,116,21,30,0.5594613526570049,1,46,116,21,30
0,211,40,17,10,transformer,0.039811181561055786,False,False,0.5711302681992337,1,58,116,21,30,0.5715283800148443,1,53,116,21,30
0,212,40,17,10,transformer,1.012908167270432,False,False,0.5732716123464833,1,84,320,82,10,0.5834006940191876,1,80,320,82,10
0,213,40,18,11,transformer,0.3583762373869259,False,False,0.52639525212839,1,40,114,21,3,0.5299790145022593,1,39,114,21,3
0,214,40,18,11,transformer,0.0,False,False,0.9266575529733424,1,19,114,21,3,0.9266575529733424,1,19,114,21,3
0,215,40,20,10,transformer,0.21725638549259796,False,False,0.2773742006580989,1,75,118,21,30,0.2795467645130249,1,71,118,21,30
0,216,40,20,10,transformer,3.145476750074927,False,False,0.4880626399744047,1,75,608,186,20,0.519517407475154,1,71,608,186,20
0,217,40,20,10,transformer,-0.29239766081872176,False,False,0.7668883404177522,1,18,322,82,22,0.763964363809565,1,19,322,82,22
0,264,64,0,8,transformer,0.0,False,False,0.2835293179043179,10,26,937,304,0,0.2835293179043179,10,26,937,304,0
0,265,64,0,8,transformer,-0.39347459413873187,False,False,0.27692603556574147,9,30,938,304,0,0.27299128962435415,9,31,938,304,0
0,266,64,0,8,transformer,0.6341911764705888,False,False,0.33234180035650623,8,18,937,304,0,0.3386837121212121,8,18,937,304,0
0,267,64,0,8,transformer,0.4909024667089201,False,False,0.21323483748052713,9,32,937,304,0,0.21814386214761633,8,31,937,304,0
0,268,64,0,8,transformer,0.2179241261722087,False,False,0.2803819444444444,8,24,943,304,0,0.2825611857061665,8,23,943,304,0
0,269,64,0,8,transformer,-0.5952380952380987,False,False,0.31691030578898227,5,21,943,304,0,0.3109579248366013,5,21,943,304,0
0,270,64,7,12,transformer,0.27292152292150984,False,False,0.531872242540346,1,30,733,242,28,0.5346014577695611,1,30,733,242,28
0,271,64,7,12,transformer,0.7670454545454564,False,False,0.658213004101162,1,28,733,242,28,0.6658834586466166,1,28,733,242,28
0,272,64,21,11,transformer,-0.4195383279011311,False,False,0.4292468159859464,2,56,730,242,28,0.4250514327069351,2,55,730,242,28
0,273,64,21,11,transformer,0.06250638736283176,False,False,0.3226093351093351,6,55,732,242,28,0.3232343989829634,6,54,732,242,28
0,274,64,21,11,transformer,0.4256433801888393,False,False,0.45626107898835166,3,42,733,242,28,0.46051751279024006,3,40,733,242,28
0,275,64,22,11,transformer,2.272027489418793,False,False,0.6341744114471387,1,28,731,242,28,0.6568946863413266,1,26,731,242,28
0,276,64,22,11,transformer,-0.006089822127552935,False,False,0.5305339545766848,1,53,730,242,28,0.5304730563554093,1,50,730,242,28
0,277,64,22,11,transformer,1.2732589048378484,False,False,0.6687681005862824,1,20,733,242,28,0.6815006896346609,1,19,733,242,28
0,296,76,9,6,transformer,0.0,False,False,0.6805555555555555,1,12,478,134,14,0.6805555555555555,1,12,478,134,14
0,297,76,9,6,transformer,1.1904761904761973,False,False,0.6806878306878307,1,10,480,134,14,0.6925925925925926,1,10,480,134,14
0,298,76,11,5,transformer,0.0,False,False,0.7277777777777777,1,9,479,134,14,0.7277777777777777,1,9,479,134,14
0,299,76,11,5,transformer,0.0,False,False,0.885,1,8,479,134,14,0.885,1,8,479,134,14
0,300,76,11,5,transformer,0.0,False,False,0.5385281385281385,2,11,6,3,2,0.5385281385281385,2,11,6,3,2
0,301,76,12,5,transformer,6.666666666666654,False,False,0.6726190476190477,1,8,478,134,14,0.7392857142857142,1,8,478,134,14
0,302,76,12,5,transformer,2.6666666666666616,False,False,0.8083333333333333,1,8,479,134,14,0.835,1,8,479,134,14
0,303,76,12,5,transformer,0.0,False,False,0.4709090909090909,2,11,480,134,14,0.4709090909090909,2,11,480,134,14
0,318,82,10,3,transformer,0.0,False,False,0.8095238095238094,1,7,213,40,18,0.8095238095238094,1,7,213,40,18
0,319,82,10,3,transformer,0.0,False,False,0.9166666666666666,1,4,644,214,22,0.9166666666666666,1,4,644,214,22
0,320,82,10,3,transformer,0.0,False,False,1.0,1,3,644,214,22,1.0,1,3,213,40,18
0,321,82,22,3,transformer,0.0,False,False,0.8055555555555555,1,4,644,214,22,0.8055555555555555,1,4,644,214,22
0,322,82,22,3,transformer,0.0,False,False,1.0,1,3,643,214,22,1.0,1,3,643,214,22
0,323,82,22,3,transformer,0.0,False,False,0.7777777777777778,1,9,644,214,22,0.7777777777777778,1,9,644,214,22
0,346,91,10,3,transformer,-21.31313131313132,False,True,0.6464646464646465,1,11,271,64,7,0.43333333333333335,2,10,271,64,7
0,347,91,10,3,transformer,1.3827838827838863,False,False,0.1603174603174603,10,14,643,214,22,0.17414529914529916,8,13,643,214,22
0,348,91,13,2,transformer,0.0,False,False,0.18333333333333335,5,12,451,121,13,0.18333333333333335,5,12,451,121,13
0,349,91,13,2,transformer,0.0,False,False,0.19444444444444442,6,9,451,121,13,0.19444444444444442,6,9,451,121,13
0,350,91,13,2,transformer,0.0,False,False,0.17424242424242425,6,11,492,138,21,0.17424242424242425,6,11,492,138,21
0,373,99,11,29,transformer,0.13633812501855358,False,False,0.6478105107156994,2,49,83,15,2,0.6491738919658849,2,47,83,15,2
0,374,99,11,29,transformer,0.7996317876799774,False,False,0.7231990103486176,1,47,83,15,2,0.7311953282254173,1,46,83,15,2
0,375,99,25,24,transformer,0.6518235016015339,False,False,0.7795741848534713,1,45,154,27,25,0.7860924198694866,1,46,154,27,25
0,376,99,25,24,transformer,-0.4607835846548447,False,False,0.8686759020147491,1,40,56,9,28,0.8640680661682006,1,40,56,9,28
0,377,99,25,24,transformer,0.08398844246546577,False,False,0.9056648926643974,1,37,83,15,2,0.9065047770890521,1,36,83,15,2
0,378,99,25,24,transformer,0.06346601741338276,False,False,0.8939771113338173,1,36,91,15,17,0.8946117715079511,1,36,91,15,17
0,379,99,25,24,transformer,-0.3820623765773079,False,False,0.8072205248147886,1,40,83,15,2,0.8033999010490155,1,39,83,15,2
0,380,99,25,24,transformer,-0.06021837656947637,False,False,0.7949432939467087,1,41,84,15,2,0.7943411101810139,1,40,84,15,2
0,381,99,25,24,transformer,-0.6122960290511403,False,False,0.8860350094817137,1,40,91,15,17,0.8799120491912023,1,40,91,15,17
0,382,99,26,25,transformer,-0.7715493083914171,False,False,0.8678363815346911,1,40,91,15,17,0.8601208884507769,1,40,91,15,17
0,383,99,26,25,transformer,-0.279676761128822,False,False,0.8716615622626657,1,41,90,15,17,0.8688647946513774,1,43,90,15,17
0,384,99,26,25,transformer,-0.08138528138528223,False,False,0.7799300472610377,1,39,91,15,17,0.7791161944471848,1,39,91,15,17
0,385,99,26,25,transformer,0.5073150690912298,False,False,0.6580762419053084,1,45,89,15,17,0.6631493925962207,1,46,89,15,17
0,386,99,26,25,transformer,-0.73260073260073,False,False,0.8246131155843769,1,37,91,15,17,0.8172871082583696,1,37,91,15,17
0,387,99,26,25,transformer,-0.5973137973137921,False,False,0.8259062140551504,1,42,91,15,17,0.8199330760820125,1,42,91,15,17
0,388,99,27,25,transformer,-0.20915032679738044,False,False,0.8801035191324115,1,37,87,15,17,0.8780120158644377,1,37,87,15,17
0,389,99,27,25,transformer,0.8232309213626721,False,False,0.8554456848419596,1,43,154,27,25,0.8636779940555863,1,43,154,27,25
0,390,99,27,25,transformer,1.6960284925287006,False,False,0.7540799429327626,1,41,156,27,25,0.7710402278580496,1,41,156,27,25
0,391,99,27,25,transformer,0.2659743156531502,False,False,0.8381394917351647,1,50,82,15,2,0.8407992348916962,1,53,82,15,2
0,392,99,27,25,transformer,0.37359393883708014,False,False,0.7297597446094841,1,47,154,27,25,0.7334956839978549,1,47,154,27,25
0,393,99,27,25,transformer,-0.2963982278289423,False,False,0.9257913557064213,1,43,87,15,17,0.9228273734281319,1,42,87,15,17
0,394,99,28,27,transformer,0.40880691757884113,False,False,0.8873813251380187,1,42,91,15,17,0.8914693943138071,1,42,91,15,17
0,395,99,28,27,transformer,0.49787411873197795,False,False,0.7795034300210524,1,46,56,9,28,0.7844821712083722,1,47,56,9,28
0,396,99,28,27,transformer,-0.04327039457759918,False,False,0.7900344936386884,2,39,89,15,17,0.7896017896929124,2,39,89,15,17
0,397,99,28,27,transformer,-0.10217113665388355,False,False,0.8356225112924786,1,45,87,15,17,0.8346007999259397,1,45,87,15,17
0,398,99,30,25,transformer,-0.2920930114415632,False,False,0.6746465911255655,1,47,82,15,2,0.6717256610111498,1,46,82,15,2
0,399,99,30,25,transformer,-0.43174717439423693,False,False,0.5662933801046204,5,42,91,15,17,0.561975908360678,5,42,91,15,17
0,400,99,30,25,transformer,-0.0845119595119681,False,False,0.6410599194960319,1,40,83,15,2,0.6402147999009122,1,39,83,15,2
0,401,99,30,25,transformer,-1.0284057085578335,False,False,0.7235362574884787,1,39,90,15,17,0.7132522004029004,1,39,90,15,17
0,402,99,30,25,transformer,-0.07323334007103277,False,False,0.7415185901296717,1,44,91,15,17,0.7407862567289614,1,44,91,15,17
0,403,99,30,25,transformer,-0.9470206061219844,False,False,0.6873249903456997,1,60,56,9,28,0.6778547842844799,1,60,56,9,28
0,430,109,11,1,transformer,0.0,False,False,0.01639344262295082,61,61,729,242,28,0.01639344262295082,61,61,729,242,28
0,431,109,11,1,transformer,0.0,False,False,0.06666666666666667,15,15,270,64,7,0.06666666666666667,15,15,270,64,7
0,432,109,22,2,transformer,0.28592287979021386,False,False,0.04341736694677871,21,51,277,64,22,0.04627659574468085,20,47,277,64,22
0,449,121,12,7,transformer,3.1321092234562418,False,False,0.32582430101227094,1,133,43,9,2,0.35714539324683336,1,130,43,9,2
0,450,121,12,7,transformer,-0.06339981990754473,False,False,0.31991501392305194,1,111,479,134,14,0.3192810157239765,1,117,479,134,14
0,451,121,13,7,transformer,-0.7587900841639933,False,False,0.252398082979011,1,119,348,91,13,0.24481018213737107,1,126,348,91,13
0,452,121,13,7,transformer,-3.245185398102901,False,False,0.6004199107689615,1,71,655,221,23,0.5679680567879325,1,70,655,221,23
0,453,121,17,7,transformer,-0.6912949075951969,False,False,0.2953934935172257,1,88,542,165,17,0.28848054444127375,1,92,542,165,17
0,454,121,17,7,transformer,-0.585867078374469,False,False,0.26294631743660873,1,144,492,138,21,0.25708764665286404,1,138,492,138,21
0,455,121,19,6,transformer,1.3952893359410634,False,False,0.34358183328771563,1,117,594,177,19,0.35753472664712627,1,118,594,177,19
0,456,121,19,6,transformer,-0.30629337176472093,False,False,0.25491223233158716,2,93,592,177,19,0.25184929861393995,2,97,592,177,19
0,457,121,19,6,transformer,1.2194578446331594,False,False,0.1269938394938395,6,112,592,177,19,0.1391884179401711,5,110,592,177,19
0,490,138,15,4,transformer,0.41407867494823725,False,False,0.6268115942028986,1,23,271,64,7,0.6309523809523809,1,21,271,64,7
0,491,138,15,4,transformer,0.0,False,False,0.95,1,5,350,91,13,0.95,1,5,350,91,13
0,492,138,21,4,transformer,3.749999999999998,False,False,0.687037037037037,1,27,350,91,13,0.724537037037037,1,27,350,91,13
0,493,138,21,4,transformer,1.0971786833855801,False,False,0.7844827586206896,1,29,843,274,0,0.7954545454545454,1,22,843,274,0
0,494,138,28,4,transformer,0.3456221198156695,False,False,0.3495095265044331,1,31,522,155,24,0.3529657477025898,1,28,522,155,24
0,495,138,28,4,transformer,0.0,False,False,0.8928571428571428,1,7,670,227,24,0.8928571428571428,1,7,670,227,24
0,520,155,16,3,transformer,0.0,False,False,1.0,1,3,644,214,22,1.0,1,3,644,214,22
0,521,155,16,3,transformer,0.0,False,False,1.0,1,3,747,248,29,1.0,1,3,747,248,29
0,522,155,24,2,transformer,0.0,False,False,1.0,1,2,5,3,2,1.0,1,2,5,3,2
0,523,155,24,2,transformer,0.0,False,False,1.0,1,2,644,214,22,1.0,1,2,644,214,22
0,524,155,24,2,transformer,0.0,False,False,1.0,1,2,747,248,29,1.0,1,2,747,248,29
0,542,165,17,4,transformer,-0.3215628260101702,False,False,0.06817854524507751,16,77,453,121,17,0.0649629169849758,17,84,453,121,17
0,543,165,17,4,transformer,-0.21680216802167918,False,False,0.22022357723577235,5,41,0,1,2,0.21805555555555556,5,45,0,1,2
0,544,165,17,4,transformer,0.4761904761904745,False,False,0.5666666666666667,1,15,453,121,17,0.5714285714285714,1,14,453,121,17
0,545,165,17,4,transformer,0.9566020893252023,False,False,0.08181596668438773,11,48,453,121,17,0.09138198757763975,10,42,453,121,17
0,546,165,19,4,transformer,0.15522390522390572,False,False,0.10702240702240702,9,39,669,227,24,0.10857464607464608,10,37,669,227,24
0,547,165,19,4,transformer,-0.9372635018919856,False,False,0.11816176470588236,5,50,669,227,24,0.1087891296869625,6,51,669,227,24
0,548,165,19,4,transformer,0.08723796521566685,False,False,0.08380073622009106,9,93,432,109,22,0.08467311587224773,9,97,432,109,22
0,549,165,19,4,transformer,0.0,False,False,0.11283730158730158,9,42,669,227,24,0.11283730158730158,9,42,669,227,24
0,574,173,18,4,transformer,0.0,False,False,1.0,1,4,667,227,24,1.0,1,4,667,227,24
0,575,173,18,4,transformer,0.0,False,False,1.0,1,4,548,165,19,1.0,1,4,548,165,19
0,576,173,19,2,transformer,0.0,False,False,1.0,1,2,548,165,19,1.0,1,2,548,165,19
0,577,173,19,2,transformer,0.0,False,False,0.8333333333333333,1,3,456,121,19,0.8333333333333333,1,3,456,121,19
0,578,173,19,2,transformer,0.0,False,False,1.0,1,2,456,121,19,1.0,1,2,456,121,19
0,579,173,19,2,transformer,0.0,False,False,1.0,1,2,432,109,22,1.0,1,2,432,109,22
0,620,195,0,2,transformer,0.5540422383642718,False,False,0.04712301587301587,16,63,542,165,17,0.05266343825665859,14,59,542,165,17
0,621,195,0,2,transformer,0.18735744542196162,False,False,0.0246415770609319,36,93,38,9,0,0.026515151515151516,33,88,38,9,0
0,622,195,0,2,transformer,0.047382001205238666,False,False,0.014697120158887786,95,106,37,9,0,0.015170940170940173,90,104,37,9,0
0,623,195,0,2,transformer,0.025585216739565722,False,False,0.00786951919326982,186,193,981,316,0,0.008125371360665478,180,187,981,316,0
0,624,195,0,2,transformer,0.02778549597110269,False,False,0.017371033238080917,61,109,37,9,0,0.017648888197791944,59,109,37,9,0
0,625,195,0,2,transformer,0.1428537841995309,False,False,0.013860911270983215,75,139,37,9,0,0.015289449112978524,68,126,37,9,0
0,626,195,0,2,transformer,0.7053815749467923,False,False,0.06468531468531469,11,52,954,310,0,0.07173913043478261,10,46,954,310,0
0,627,195,22,7,transformer,0.055024575474941356,False,False,0.054433784344005344,15,200,706,234,27,0.05498403009875476,15,198,706,234,27
0,628,195,22,7,transformer,0.23498989612838264,False,False,0.035611626324886465,54,197,706,234,27,0.03796152528617029,48,193,706,234,27
0,696,234,0,3,transformer,0.005061101329769356,False,False,0.006403557351926495,242,332,820,268,0,0.006454168365224188,236,333,820,268,0
0,697,234,0,3,transformer,-0.00408609304304872,False,False,0.006910797021237619,252,334,182,33,18,0.006869936090807132,255,338,182,33,18
0,698,234,0,3,transformer,-0.00084196600094507,False,False,0.010505295785959892,144,233,635,206,22,0.010496876125950442,144,236,635,206,22
0,699,234,0,3,transformer,-0.021673274030529176,False,False,0.009533192056764608,176,249,635,206,22,0.009316459316459316,180,259,635,206,22
0,700,234,0,3,transformer,0.002133367467212731,False,False,0.00841910817922673,170,263,819,268,0,0.008440441853898858,170,263,819,268,0
0,701,234,0,3,transformer,-0.0004092548188609768,False,False,0.008145414913238535,202,269,182,33,18,0.008141322365049925,202,271,182,33,18
0,702,234,0,3,transformer,-0.011197497642145837,False,False,0.009740821875609566,151,252,780,256,0,0.009628846899188108,154,254,780,256,0
0,703,234,0,3,transformer,-0.002845745269124556,False,False,0.007030658672449717,225,335,820,268,0,0.007002201219758471,225,336,820,268,0
0,704,234,27,8,transformer,-0.008991669711136407,False,False,0.018598952118312032,189,274,58,9,28,0.018509035421200668,190,276,58,9,28
0,705,234,27,8,transformer,-0.014967331120964954,False,False,0.014027276162519151,266,345,206,40,5,0.013877602851309501,273,348,206,40,5
0,706,234,27,8,transformer,-0.02477918605198262,False,False,0.01747848619731333,163,336,627,195,22,0.017230694336793504,168,337,627,195,22
1,7,5,2,17,transformer,-0.6632285445247299,False,False,0.6674564727851925,1,84,94,17,2,0.6608241873399452,1,80,94,17,2
1,8,5,2,17,transformer,0.13104117593271125,False,False,0.6682078939885698,1,97,675,229,26,0.669518305747897,1,103,675,229,26
1,9,5,2,17,transformer,-1.592535379958182,False,False,0.43057928485831326,1,270,235,46,9,0.41465393105873144,1,269,235,46,9
1,10,5,11,18,transformer,0.38415369083973916,False,False,0.6944814512431471,1,152,466,130,15,0.6983229881515445,1,152,466,130,15
1,11,5,11,18,transformer,-1.643460978256417,False,False,0.5401659805603386,1,101,94,17,2,0.5237313707777744,1,112,94,17,2
1,12,5,12,18,transformer,-0.3822307150480486,False,False,0.7835665752280819,1,85,465,130,13,0.7797442680776014,1,84,218,42,5
1,13,5,12,18,transformer,0.15109235622100536,False,False,0.7313065946757252,1,81,436,113,12,0.7328175182379353,1,79,436,113,12
1,14,5,17,17,transformer,-0.5392177465231907,False,False,0.7325985644107975,1,122,677,229,26,0.7272063869455656,1,117,677,229,26
1,15,5,17,17,transformer,-1.003668439146499,False,False,0.8088532702365921,1,131,722,238,28,0.7988165858451272,1,127,722,238,28
1,16,5,17,17,transformer,0.10762518394593634,False,False,0.31831606800148515,1,156,721,238,28,0.3193923198409445,1,155,721,238,28
1,17,5,28,16,transformer,1.0723553168433708,False,False,0.3800842326685417,1,162,814,264,0,0.3908077858369754,1,169,814,264,0
1,18,5,28,16,transformer,1.1893798171976444,False,False,0.402459930572147,2,68,722,238,28,0.41435372874412346,2,67,722,238,28
1,19,5,28,16,transformer,-0.2837174141687271,False,False,0.7105636709467354,1,31,676,229,26,0.7077264968050482,1,31,676,229,26
1,20,5,28,16,transformer,1.8663956689810246,False,False,0.45030133411791945,3,40,722,238,28,0.4689652908077297,3,40,722,238,28
1,21,5,30,14,transformer,3.1289842530401293,False,False,0.3075971431956649,1,179,96,17,17,0.3388869857260662,1,182,96,17,17
1,22,5,30,14,transformer,0.6646817149528861,False,False,0.357158672302851,1,146,808,264,0,0.36380548945237984,1,142,808,264,0
1,23,5,30,14,transformer,-0.22735584947566334,False,False,0.6985597735597736,1,63,676,229,26,0.696286215065017,1,62,676,229,26
1,24,5,30,14,transformer,0.30651588774479044,False,False,0.25473982846997045,2,202,722,238,28,0.25780498734741836,2,200,722,238,28
1,25,5,30,14,transformer,1.7172485480387523,False,False,0.4292151275500701,1,161,722,238,28,0.4463876130304576,1,161,722,238,28
1,26,5,30,14,transformer,0.9693913267695309,False,False,0.7036194897539436,1,120,676,229,26,0.7133134030216389,1,113,676,229,26
1,62,11,0,3,transformer,0.012683916793505834,False,False,0.025799086757990867,68,85,988,318,0,0.025925925925925925,70,84,988,318,0
1,63,11,0,3,transformer,0.40438278713893633,False,False,0.04949981949248273,21,94,1009,324,0,0.05354364736387209,20,89,1009,324,0
1,64,11,0,3,transformer,0.0065565171780745946,False,False,0.10528673835125447,8,124,1009,324,0,0.10535230352303522,8,123,1009,324,0
1,65,11,0,3,transformer,-0.20639834881320887,False,False,0.06051693404634581,17,132,1009,324,0,0.05845295055821372,19,132,1009,324,0
1,66,11,0,3,transformer,-0.027045300878973666,False,False,0.10224089635854343,5,85,1009,324,0,0.10197044334975369,5,87,1009,324,0
1,67,11,0,3,transformer,-0.012598425196849727,False,False,0.0447063492063492,21,125,1009,324,0,0.044580364954380704,21,127,1009,324,0
1,68,11,0,3,transformer,-0.2963663019640628,False,False,0.061071257771401245,17,123,987,318,0,0.05810759475176062,17,122,987,318,0
1,69,11,0,3,transformer,0.059162068851344174,False,False,0.04492519126665468,22,74,988,318,0,0.04551681195516812,22,73,988,318,0
1,70,11,2,8,transformer,-0.03854264375936223,False,False,0.07109443730191978,19,116,20,5,28,0.07070901086432616,19,121,20,5,28
1,71,11,2,8,transformer,0.02974862412613577,False,False,0.5619805520784437,1,83,435,113,12,0.562278038319705,1,81,435,113,12
1,72,11,2,8,transformer,-2.5604987118145015,False,False,0.4112381040012619,2,95,435,113,12,0.38563311688311686,4,88,435,113,12
1,92,17,2,5,transformer,0.0,False,False,0.6972527472527472,1,28,721,238,28,0.6972527472527472,1,28,721,238,28
1,93,17,2,5,transformer,-0.3972934472934564,False,False,0.6528333333333334,1,48,721,238,28,0.6488603988603988,1,52,721,238,28
1,94,17,2,5,transformer,-2.243039685886808,False,False,0.19051242236024843,4,92,233,46,8,0.16808202550138035,6,93,233,46,8
1,95,17,17,5,transformer,-0.21367521367521292,False,False,0.6563492063492063,1,36,721,238,28,0.6542124542124542,1,39,660,223,23
1,96,17,17,5,transformer,1.732964771327944,False,False,0.35597147950089125,2,51,721,238,28,0.3733011272141707,2,54,721,238,28
1,97,17,17,5,transformer,0.0,False,False,0.8211111111111112,1,9,721,238,28,0.8211111111111112,1,9,721,238,28
1,98,17,19,6,transformer,-3.0780434584782412,False,False,0.19772727272727272,2,44,583,175,19,0.1669468381424903,3,46,583,175,19
1,99,17,19,6,transformer,-0.4986476218360292,False,False,0.18524653017406642,3,45,750,250,29,0.18026005395570613,3,46,750,250,29
1,123,23,3,11,transformer,-0.787009123048088,False,False,0.6726285258752791,1,98,163,29,18,0.6647584346447982,1,96,163,29,18
1,124,23,3,11,transformer,-0.11515721332183704,False,False,0.5803403264476765,1,117,736,244,29,0.5791887543144582,1,116,736,244,29
1,125,23,4,11,transformer,-0.20186396236816506,False,False,0.44679400685894194,1,88,163,29,18,0.4447753672352603,1,85,163,29,18
1,126,23,4,11,transformer,0.42138153688786595,False,False,0.5914470543808658,1,158,161,29,9,0.5956608697497444,1,160,161,29,9
1,127,23,5,11,transformer,-0.365842014605966,False,False,0.4644827742790125,1,58,602,181,20,0.46082435413295286,1,53,602,181,20
1,128,23,5,11,transformer,-0.3704216505075353,False,False,0.40884179173652857,3,55,602,181,20,0.4051375752314532,3,57,602,181,20
1,129,23,14,11,transformer,-0.5944562083527671,False,False,0.6767232767232767,1,140,161,29,9,0.670778714639749,1,149,161,29,9
1,130,23,14,11,transformer,-2.4979100173179,False,False,0.4131388232282648,1,182,71,11,2,0.3881597230550858,1,184,72,11,2
1,131,23,17,10,transformer,0.2658414697228162,False,False,0.6080866007820451,1,127,602,181,20,0.6107450154792733,1,125,163,29,18
1,132,23,17,10,transformer,-0.4865870198992761,False,False,0.31556458548974586,1,61,448,119,12,0.3106987152907531,1,66,448,119,12
1,133,23,17,10,transformer,-0.2670411532457881,False,False,0.09027132848161147,21,166,408,101,13,0.08760091694915359,21,161,408,101,13
1,134,23,18,11,transformer,-1.309046541862502,False,False,0.3961454910583964,2,60,163,29,18,0.3830550256397714,2,60,163,29,18
1,135,23,18,11,transformer,-1.023097353398858,False,False,0.25640250633879436,7,71,164,29,18,0.24617153280480578,7,70,164,29,18
1,158,29,4,5,transformer,0.27472527472527375,False,False,0.8357142857142857,1,28,125,23,4,0.8384615384615385,1,26,125,23,4
1,159,29,4,5,transformer,0.11494252873562871,False,False,0.39722222222222225,2,30,125,23,4,0.39837164750957854,2,29,125,23,4
1,160,29,9,4,transformer,0.0,False,False,0.6202380952380953,1,15,127,23,5,0.6202380952380953,1,15,127,23,5
1,161,29,9,4,transformer,-4.1666666666666625,False,False,0.4980244252873563,1,29,123,23,3,0.45635775862068967,1,29,123,23,3
1,162,29,9,4,transformer,0.588235294117645,False,False,0.5798319327731093,1,28,127,23,5,0.5857142857142857,1,28,127,23,5
1,163,29,18,5,transformer,0.1538461538461544,False,False,0.41952214452214454,2,26,134,23,18,0.4210606060606061,2,25,134,23,18
1,164,29,18,5,transformer,0.7438033080047604,False,False,0.07370091896407685,14,95,135,23,18,0.08113895204412445,13,91,135,23,18
1,185,35,4,5,transformer,1.1111111111111072,False,False,0.7246031746031746,1,28,231,46,5,0.7357142857142857,1,28,231,46,5
1,186,35,4,5,transformer,3.3333333333333326,False,False,0.7384615384615385,1,26,253,56,5,0.7717948717948718,1,26,253,56,5
1,187,35,4,5,transformer,-1.5779645191409952,False,False,0.788888888888889,1,18,235,46,9,0.773109243697479,1,17,235,46,9
1,188,35,5,6,transformer,-0.07112375533429027,False,False,0.659963534963535,1,37,231,46,5,0.6592522974101921,1,38,231,46,5
1,189,35,5,6,transformer,0.0,False,False,0.8490338164251208,1,23,231,46,5,0.8490338164251208,1,23,231,46,5
1,190,35,18,5,transformer,0.0,False,False,1.0,1,5,235,46,9,1.0,1,5,235,46,9
1,191,35,18,5,transformer,0.7575757575757569,False,False,0.6833333333333333,1,12,235,46,9,0.6909090909090909,1,11,235,46,9
1,192,35,18,5,transformer,-0.38556511056510867,False,False,0.09344122065205296,19,43,232,46,5,0.08958556954640187,19,43,232,46,5
1,222,46,0,13,transformer,0.10864380735591123,False,False,0.04507677212551878,47,239,62,11,0,0.04616321019907789,49,238,62,11,0
1,223,46,0,13,transformer,0.11824946571765624,False,False,0.06202046213272127,24,213,867,282,0,0.06320295678989783,25,214,867,282,0
1,224,46,0,13,transformer,0.03264282811354935,False,False,0.1186426493248142,6,130,812,264,0,0.1189690776059497,6,125,812,264,0
1,225,46,0,13,transformer,0.012810881183378253,False,False,0.07352264221283175,26,179,866,282,0,0.07365075102466553,29,180,866,282,0
1,226,46,0,13,transformer,0.16160534819689015,False,False,0.044024395500313035,47,234,63,11,0,0.045640448982281936,44,225,63,11,0
1,227,46,0,13,transformer,0.2400113089593238,False,False,0.049264327971044526,31,237,988,318,0,0.051664441060637764,29,226,988,318,0
1,228,46,0,13,transformer,0.41030982022882967,False,False,0.13683745642222234,17,149,812,264,0,0.14094055462451063,13,143,812,264,0
1,229,46,0,13,transformer,0.16585075760214216,False,False,0.04029922484262242,39,231,62,11,0,0.04195773241864384,38,224,62,11,0
1,230,46,5,18,transformer,0.8037522454016233,False,False,0.39577271006462167,1,173,529,157,24,0.4038102325186379,1,165,529,157,24
1,231,46,5,18,transformer,0.6538523618902947,False,False,0.3651936647150974,1,181,189,35,5,0.37173218833400035,1,173,189,35,5
1,232,46,5,18,transformer,0.712915092708255,False,False,0.4257847064729364,1,191,247,50,5,0.432913857400019,1,177,247,50,5
1,233,46,8,19,transformer,-0.5638695326966037,False,False,0.43660241467251454,2,247,94,17,2,0.4309637193455485,2,248,94,17,2
1,234,46,8,19,transformer,0.4244737445709357,False,False,0.3874084732214357,1,211,192,35,18,0.39165321066714504,1,213,192,35,18
1,235,46,9,18,transformer,0.9666905215736543,False,False,0.41558128957033663,1,188,191,35,18,0.4252481947860732,1,183,191,35,18
1,236,46,9,18,transformer,0.6840554425654677,False,False,0.5106753964778667,1,190,187,35,4,0.5175159509035214,1,178,187,35,4
1,237,46,9,18,transformer,0.37017967715862743,False,False,0.3672282002600663,1,210,529,157,24,0.3709299970316526,1,203,529,157,24
1,238,46,12,19,transformer,-0.21097027765588638,False,False,0.4682847919665931,1,102,189,35,5,0.46617508919003425,1,99,94,17,2
1,239,46,12,19,transformer,1.0005537271709608,False,False,0.5821504038473653,1,111,192,35,18,0.5921559411190749,1,104,192,35,18
1,240,46,17,18,transformer,0.3848943706067698,False,False,0.30265494967981665,3,177,247,50,5,0.30650389338588435,3,165,247,50,5
1,241,46,17,18,transformer,-0.13777254478277712,False,False,0.5480595618358213,1,141,285,68,8,0.5466818363879935,1,137,285,68,8
1,242,46,17,18,transformer,-1.0071063674677916,False,False,0.5315921991085389,2,42,246,50,5,0.521521135433861,2,42,246,50,5
1,278,68,0,7,transformer,-1.631658018301041,False,False,0.30176985240098847,2,46,225,46,0,0.28545327221797806,2,55,225,46,0
1,279,68,0,7,transformer,-0.09672548540906045,False,False,0.4052940057973829,1,118,809,264,0,0.4043267509432923,1,133,809,264,0
1,280,68,0,7,transformer,-0.7926799462299905,False,False,0.33115570505962655,2,167,945,306,0,0.32322890559732664,2,175,945,306,0
1,281,68,0,7,transformer,-0.5235267016088951,False,False,0.4950882450882451,1,143,849,276,0,0.48985297807215616,1,146,849,276,0
1,282,68,0,7,transformer,1.4977337310067895,False,False,0.8344155844155844,1,77,324,85,0,0.8493929217256523,1,79,849,276,0
1,283,68,0,7,transformer,-0.07406460894833211,False,False,0.2527058766261424,4,86,945,306,0,0.2519652305366591,4,84,945,306,0
1,284,68,0,7,transformer,1.2868438253011898,False,False,0.17309727471017794,6,78,913,294,0,0.18596571296318984,4,82,913,294,0
1,285,68,8,12,transformer,1.2955363350100169,False,False,0.6898396194448826,1,57,233,46,8,0.7027949827949828,1,52,233,46,8
1,286,68,8,12,transformer,0.3496761205571297,False,False,0.6203687950112435,1,44,233,46,8,0.6238655562168148,1,46,233,46,8
1,287,68,29,9,transformer,0.13227513227513366,False,False,0.4715474058869311,1,28,580,175,18,0.47287015720968245,1,27,580,175,18
1,288,68,29,9,transformer,-0.24479588727659152,False,False,0.15464431369927317,3,138,505,142,16,0.15219635482650726,3,139,505,142,16
1,289,68,29,9,transformer,1.4228826728826804,False,False,0.4737633854013164,1,29,590,175,25,0.4879922121301432,1,29,590,175,25
1,290,68,29,9,transformer,-5.632183908045979,False,True,0.319682787748426,1,48,583,175,19,0.2633609486679662,2,48,583,175,19
1,291,68,29,9,transformer,-0.02017532977284242,False,False,0.6583481877599524,1,21,588,175,25,0.658146434462224,1,19,588,175,25
1,304,78,10,5,transformer,0.0,False,False,1.0,1,5,582,175,19,1.0,1,5,582,175,19
1,305,78,10,5,transformer,0.0,False,False,1.0,1,5,585,175,19,1.0,1,5,585,175,19
1,306,78,16,4,transformer,0.0,False,False,1.0,1,4,582,175,19,1.0,1,4,582,175,19
1,307,78,16,4,transformer,0.0,False,False,1.0,1,4,582,175,19,1.0,1,4,582,175,19
1,308,78,16,4,transformer,0.0,False,False,1.0,1,4,585,175,19,1.0,1,4,585,175,19
1,309,78,22,5,transformer,0.0,False,False,1.0,1,5,582,175,19,1.0,1,5,582,175,19
1,310,78,22,5,transformer,0.0,False,False,0.9666666666666666,1,6,582,175,19,0.9666666666666666,1,6,582,175,19
1,324,85,0,2,transformer,-0.07931543921762506,False,False,0.017009719839908517,66,106,985,318,0,0.016216565447732267,71,109,985,318,0
1,325,85,0,2,transformer,-0.058485875824356576,False,False,0.02353266888150609,42,86,828,270,0,0.022947810123262524,41,93,828,270,0
1,326,85,0,2,transformer,-0.06385696040868485,False,False,0.023343766301512782,54,71,964,312,0,0.022705196697425933,58,71,964,312,0
1,327,85,0,2,transformer,-0.0178371091799091,False,False,0.010398009950248756,134,150,991,318,0,0.010219638858449665,139,151,991,318,0
1,328,85,0,2,transformer,-0.022283531409168084,False,False,0.01590265987549519,93,95,893,288,0,0.01567982456140351,95,96,893,288,0
1,329,85,0,2,transformer,-0.08321716628857702,False,False,0.01723901098901099,80,91,409,101,13,0.01640683932612522,82,97,409,101,13
1,330,85,0,2,transformer,-0.03987679432723799,False,False,0.007866034719049795,176,199,892,288,0,0.007467266775777415,188,208,892,288,0
1,331,85,0,2,transformer,-0.21301868862844478,False,False,0.0264808362369338,41,70,828,270,0,0.024350649350649352,44,77,828,270,0
1,332,85,10,8,transformer,-0.6397682358431828,False,False,0.09413371502022068,17,97,639,208,22,0.08773603266178885,17,99,639,208,22
1,333,85,10,8,transformer,-0.21010815554873136,False,False,0.08266005955134999,25,86,638,208,22,0.08055897799586267,27,91,638,208,22
1,351,93,10,2,transformer,0.018853695324283493,False,False,0.01327838827838828,52,273,164,29,18,0.013466925231631115,51,273,164,29,18
1,352,93,10,2,transformer,-0.04856254856254738,False,False,0.09343434343434343,6,99,409,101,13,0.09294871794871795,6,104,409,101,13
1,353,93,28,2,transformer,-0.09227912453718921,False,False,0.012184052506633153,66,217,889,288,0,0.01126126126126126,74,222,889,288,0
1,354,93,28,2,transformer,0.13227513227513366,False,False,0.1607142857142857,4,28,327,85,0,0.16203703703703703,4,27,327,85,0
1,404,101,11,7,transformer,-0.75395999881126,False,False,0.46525540040577634,1,76,159,29,4,0.45771580041766374,1,69,159,29,4
1,405,101,11,7,transformer,2.711667273252716,False,False,0.4724942827607813,1,62,330,85,0,0.4996109554933085,1,54,330,85,0
1,406,101,11,7,transformer,2.495854801250652,False,False,0.566657189191466,1,19,329,85,0,0.5916157372039725,1,17,329,85,0
1,407,101,13,7,transformer,0.3410876545740238,False,False,0.5036110231232183,1,41,427,107,11,0.5070218996689585,1,40,427,107,11
1,408,101,13,7,transformer,2.091624773076389,False,False,0.49774871825563066,1,33,325,85,0,0.5186649659863946,1,32,325,85,0
1,409,101,13,7,transformer,0.5376843612137694,False,False,0.4468542586189645,1,37,329,85,0,0.4522311022311022,1,33,329,85,0
1,410,101,15,8,transformer,1.5007215007215025,False,False,0.40042318792318793,5,21,710,236,28,0.41543040293040295,5,20,710,236,28
1,411,101,15,8,transformer,-0.3319597069597058,False,False,0.46673951048951046,4,16,710,236,28,0.4634199134199134,4,16,710,236,28
1,412,101,16,8,transformer,-0.09039673561732076,False,False,0.45814030740501327,2,26,427,107,11,0.45723634004884006,2,26,427,107,11
1,413,101,16,8,transformer,3.0924713513999222,False,False,0.213665996701711,3,147,585,175,19,0.24459071021571022,2,135,585,175,19
1,435,113,12,3,transformer,-0.4529914529914525,False,False,0.07905982905982906,13,39,72,11,2,0.07452991452991453,15,39,72,11,2
1,436,113,12,3,transformer,0.3752436647173493,False,False,0.10087719298245613,8,57,71,11,2,0.10462962962962963,8,54,71,11,2
1,437,113,19,2,transformer,-0.6410256410256415,False,False,0.1388888888888889,9,12,512,148,16,0.13247863247863248,9,13,512,148,16
1,438,113,19,2,transformer,0.0,False,False,0.18333333333333335,5,12,736,244,29,0.18333333333333335,5,12,736,244,29
1,439,113,19,2,transformer,-0.16666666666666496,False,False,0.08012820512820512,13,24,513,148,16,0.07846153846153847,13,25,513,148,16
1,464,130,13,10,transformer,1.5929636263771196,False,False,0.478328641300958,1,126,499,140,16,0.4942582775647292,1,132,499,140,16
1,465,130,13,10,transformer,0.2941176470588336,False,False,0.7065682030387912,1,33,503,140,24,0.7095093795093795,1,33,503,140,24
1,466,130,15,9,transformer,-0.733412344149087,False,False,0.4395200522651503,1,108,10,5,11,0.4321859288236594,1,114,10,5,11
1,467,130,15,9,transformer,0.3414450103753963,False,False,0.6484838140752119,1,31,498,140,16,0.6518982641789659,1,30,944,306,0
1,468,130,15,9,transformer,-1.1059511523907828,False,False,0.5698741617859265,1,18,502,140,24,0.5588146502620187,1,20,502,140,24
1,469,130,16,8,transformer,-1.7383252067849575,False,False,0.33209189868439093,5,33,630,198,22,0.31470864661654135,5,38,630,198,22
1,470,130,16,8,transformer,-0.029222676797197034,False,False,0.3148302336926775,1,58,503,140,24,0.3145380069247055,1,59,503,140,24
1,471,130,16,8,transformer,-1.3771555879087627,False,False,0.3123544313369631,4,48,504,140,24,0.2985828754578755,4,50,504,140,24
1,472,130,16,8,transformer,-0.8928571428571397,False,False,0.5776057276057276,1,15,630,198,22,0.5686771561771562,1,15,630,198,22
1,473,130,22,9,transformer,1.5000000000000124,False,False,0.6369454619454619,1,24,498,140,16,0.651945461945462,1,25,498,140,16
1,474,130,22,9,transformer,-1.5000000000000013,False,False,0.5894474661141328,1,25,630,198,22,0.5744474661141328,1,24,630,198,22
1,475,130,22,9,transformer,2.9630982827913765,False,False,0.6803812271842963,1,23,629,198,22,0.71001221001221,1,21,629,198,22
1,496,140,15,7,transformer,0.2190823278913706,False,False,0.17120369126671647,4,143,410,101,15,0.17339451454563018,4,145,410,101,15
1,497,140,15,7,transformer,-0.13075805228509596,False,False,0.23389731961160534,3,135,411,101,15,0.23258973908875438,3,138,411,101,15
1,498,140,16,6,transformer,-0.060975609756103166,False,False,0.43919753086419755,1,40,473,130,22,0.4385877747666365,1,41,473,130,22
1,499,140,16,6,transformer,-1.6669889412191163,False,False,0.45453472053544924,1,184,464,130,13,0.4378648311232581,1,185,464,130,13
1,500,140,16,6,transformer,-1.3478688667571626,False,False,0.33026849693516364,1,110,464,130,13,0.316789808267592,1,109,464,130,13
1,501,140,24,5,transformer,4.09090909090909,False,False,0.5033333333333333,2,12,469,130,16,0.5442424242424242,2,11,469,130,16
1,502,140,24,5,transformer,-0.1322751322751281,False,False,0.6840958605664488,1,27,468,130,15,0.6827731092436975,1,28,468,130,15
1,503,140,24,5,transformer,-0.15605658709107184,False,False,0.23072723253757738,2,39,465,130,13,0.22916666666666666,2,40,465,130,13
1,504,140,24,5,transformer,-0.44444444444444453,False,False,0.16825396825396824,7,42,471,130,16,0.1638095238095238,7,42,471,130,16
1,525,157,16,4,transformer,0.4166666666666652,False,False,0.8125,1,16,584,175,19,0.8166666666666667,1,15,501,140,24
1,526,157,16,4,transformer,0.0,False,False,0.8125,1,16,188,35,5,0.8125,1,16,188,35,5
1,527,157,24,2,transformer,0.0,False,False,0.225,5,8,237,46,9,0.225,5,8,237,46,9
1,528,157,24,2,transformer,2.3809523809523836,False,False,0.6428571428571428,1,7,230,46,5,0.6666666666666666,1,6,190,35,18
1,529,157,24,2,transformer,0.0,False,False,0.05929487179487179,24,26,230,46,5,0.05929487179487179,24,26,230,46,5
1,530,157,24,2,transformer,16.666666666666675,False,False,0.8333333333333333,1,3,237,46,9,1.0,1,2,237,46,9
1,550,167,17,2,transformer,0.0,False,False,0.8333333333333333,1,3,539,163,17,0.8333333333333333,1,3,539,163,17
1,551,167,17,2,transformer,0.0,False,False,0.6428571428571428,1,7,581,175,18,0.6428571428571428,1,7,581,175,18
1,552,167,17,2,transformer,0.0,False,False,0.8333333333333333,1,3,580,175,18,0.8333333333333333,1,3,580,175,18
1,553,167,18,3,transformer,0.5494505494505586,False,False,0.4047619047619047,2,14,580,175,18,0.4102564102564103,2,13,580,175,18
1,554,167,18,3,transformer,0.2923976608187162,False,False,0.2933723196881091,2,19,580,175,18,0.2962962962962963,2,18,580,175,18
1,580,175,18,10,transformer,-1.4693065555134555,False,False,0.47887848993112153,3,26,554,167,18,0.464185424375987,3,29,554,167,18
1,581,175,18,10,transformer,1.0595238095238102,False,False,0.7417307692307692,1,25,553,167,18,0.7523260073260073,1,24,554,167,18
1,582,175,19,8,transformer,3.38936571558523,False,False,0.29524322899322897,4,42,310,78,22,0.32913688614908126,2,41,310,78,22
1,583,175,19,8,transformer,0.4736349022402053,False,False,0.5198804421385067,1,31,553,167,18,0.5246167911609088,1,34,290,68,29
1,584,175,19,8,transformer,-0.23325638070220145,False,False,0.40632692470927767,1,35,289,68,29,0.40399436090225566,1,38,289,68,29
1,585,175,19,8,transformer,3.7682441020146618,False,False,0.324515503875969,1,51,310,78,22,0.3621979448961156,1,51,310,78,22
1,586,175,25,6,transformer,7.079432373550021,False,False,0.4551316021904257,1,37,20,5,28,0.5259259259259259,1,36,20,5,28
1,587,175,25,6,transformer,-0.1594290749394045,False,False,0.4565888352120236,1,46,673,229,26,0.45499454446262955,1,47,673,229,26
1,588,175,25,6,transformer,0.7745726495726468,False,False,0.6533653846153846,1,20,849,276,0,0.6611111111111111,1,20,849,276,0
1,589,175,25,6,transformer,2.8298861632194914,False,False,0.44862914862914866,1,45,849,276,0,0.47692801026134357,1,45,849,276,0
1,590,175,25,6,transformer,0.4286916786916728,False,False,0.2920668432963515,1,61,551,167,17,0.29635376008326825,1,61,289,68,29
1,591,175,25,6,transformer,-1.9820152746981956,False,False,0.3911585365853658,1,48,677,229,26,0.37133838383838386,1,44,677,229,26
1,672,229,26,5,transformer,5.10335917312662,False,False,0.7055555555555555,1,45,135,23,18,0.7565891472868217,1,43,135,23,18
1,673,229,26,5,transformer,0.15384615384614886,False,False,0.5467948717948719,1,26,135,23,18,0.5483333333333333,1,25,135,23,18
1,674,229,26,5,transformer,-0.07936507936507908,False,False,0.8285714285714286,1,35,126,23,4,0.8277777777777778,1,36,126,23,4
1,675,229,26,5,transformer,4.73809523809523,False,False,0.6383333333333334,1,12,8,5,2,0.6857142857142857,1,10,132,23,17
1,676,229,26,5,transformer,-0.02215868228176987,False,False,0.023902102077369168,58,161,19,5,28,0.02368051525455147,59,157,19,5,28
1,677,229,26,5,transformer,0.0,False,False,0.925,1,8,20,5,28,0.925,1,8,20,5,28
1,678,229,26,5,transformer,0.0,False,False,1.0,1,5,218,42,5,1.0,1,5,218,42,5
1,679,229,30,7,transformer,1.6435809192348438,False,False,0.7066015138449746,1,71,738,244,29,0.723037323037323,1,74,738,244,29
1,680,229,30,7,transformer,0.0024386675120724455,False,False,0.8620689655172413,1,203,735,244,29,0.862093352192362,1,202,735,244,29
1,681,229,30,7,transformer,0.010822510822494635,False,False,0.7535714285714287,1,168,926,300,0,0.7536796536796536,1,165,926,300,0
1,682,229,30,7,transformer,-0.018942383583275824,False,False,0.8628571428571429,1,175,22,5,30,0.8626677190213101,1,181,435,113,12
1,683,229,30,7,transformer,-2.8633158871746445,False,False,0.8185117622467981,1,179,735,244,29,0.7898786033750517,1,181,735,244,29
1,711,238,0,5,transformer,-0.4761080976423193,False,False,0.07740009364069514,13,75,906,294,0,0.07263901266427195,14,87,906,294,0
1,712,238,0,5,transformer,-0.20326535737709636,False,False,0.05708795487049102,21,87,906,294,0,0.05505530129672006,23,95,906,294,0
1,713,238,0,5,transformer,-0.21645021645021467,False,False,0.2588311688311688,4,21,908,294,0,0.25666666666666665,4,22,908,294,0
1,714,238,0,5,transformer,-0.15521727816809883,False,False,0.12710772833723655,8,61,910,294,0,0.12555555555555556,7,63,910,294,0
1,715,238,0,5,transformer,-0.07359723552886333,False,False,0.03637332413394476,31,127,226,46,0,0.03563735177865612,32,132,226,46,0
1,716,238,0,5,transformer,-3.203463203463203,False,False,0.2414141414141414,3,33,913,294,0,0.20937950937950936,4,35,913,294,0
1,717,238,0,5,transformer,-0.3359507398560488,False,False,0.04962536763448487,22,86,910,294,0,0.04626586023592438,23,90,910,294,0
1,718,238,0,5,transformer,-0.18621159074967766,False,False,0.05978429974758004,21,65,1013,324,0,0.05792218384008326,22,68,1013,324,0
1,719,238,28,8,transformer,-0.3201882712004042,False,False,0.0525019718757751,18,193,16,5,17,0.04930008916377106,21,201,16,5,17
1,720,238,28,8,transformer,-0.3098422445000554,False,False,0.08915663598189215,7,124,676,229,26,0.0860582135368916,8,125,676,229,26
1,721,238,28,8,transformer,-0.1473167482548693,False,False,0.08564257223441997,19,90,16,5,17,0.08416940475187128,19,92,16,5,17
1,722,238,28,8,transformer,-0.22092360951967357,False,False,0.04390509761835089,50,189,20,5,28,0.04169586152315415,49,204,20,5,28
1,723,238,28,8,transformer,-0.047468577288688196,False,False,0.0952878845833404,13,114,18,5,28,0.09481319881045351,12,116,18,5,28
2,27,7,2,5,transformer,-0.14516926646112593,False,False,0.10998562931619496,12,82,102,19,3,0.1085339366515837,12,85,102,19,3
2,28,7,2,5,transformer,-4.371564238230907,False,False,0.4337742504409171,1,81,534,161,17,0.39005860805860804,1,84,534,161,17
2,29,7,7,4,transformer,-0.15136565136565222,False,False,0.07152027027027028,24,48,770,254,30,0.07000661375661375,21,48,770,254,30
2,30,7,7,4,transformer,-0.5589721586575114,False,False,0.5885416666666666,1,24,570,171,27,0.5829519450800915,1,23,570,171,27
2,31,7,7,4,transformer,-0.18155789444613407,False,False,0.07541177008390124,7,72,220,44,5,0.0735961911394399,7,69,220,44,5
2,32,7,14,5,transformer,-1.1118476586652855,False,False,0.20122662425294005,2,48,165,31,4,0.1901081476662872,2,52,165,31,4
2,33,7,14,5,transformer,-0.31140839836491935,False,False,0.10156288156288155,10,65,101,19,3,0.09844879757923236,10,69,101,19,3
2,73,13,2,7,transformer,1.0291296005581763,False,False,0.3862830078267866,2,31,459,123,13,0.39657430383236836,2,31,459,123,13
2,74,13,2,7,transformer,1.5959390469163226,False,False,0.23581011498697818,2,33,488,136,15,0.2517695054561414,2,31,488,136,15
2,75,13,7,7,transformer,1.0248836376656079,False,False,0.7670068027210883,1,28,663,225,24,0.7772556390977444,1,24,663,225,24
2,76,13,7,7,transformer,0.649350649350644,False,False,0.7690476190476191,1,28,663,225,24,0.7755411255411255,1,28,663,225,24
2,77,13,10,7,transformer,0.7480116782442314,False,False,0.3357480835886152,2,43,663,225,24,0.3432282003710575,2,42,663,225,24
2,78,13,10,7,transformer,0.6493506493506551,False,False,0.38543083900226754,5,24,664,225,24,0.3919243454957741,5,24,664,225,24
2,79,13,28,6,transformer,0.6191950464396245,False,False,0.8383458646616542,1,19,664,225,24,0.8445378151260504,1,17,664,225,24
2,80,13,28,6,transformer,0.2723311546840912,False,False,0.6082010582010582,1,20,757,252,30,0.6109243697478991,1,20,757,252,30
2,81,13,28,6,transformer,0.3063725490196012,False,False,0.411968647107966,2,19,488,136,15,0.415032372598162,2,19,488,136,15
2,100,19,3,11,transformer,-0.721500721500723,False,False,0.6840820350178639,1,21,168,31,14,0.6768670278028567,1,22,168,31,14
2,101,19,3,11,transformer,-0.03968253968253954,False,False,0.8603681968655231,1,17,342,87,10,0.8599713714686977,1,17,342,87,10
2,102,19,3,11,transformer,0.5509641873278182,False,False,0.7247095010252905,1,19,168,31,14,0.7302191428985687,1,19,168,31,14
2,103,19,5,11,transformer,-2.272727272727282,False,False,0.7439984258166077,1,21,167,31,14,0.7212711530893349,1,21,167,31,14
2,104,19,5,11,transformer,1.461038961038963,False,False,0.5962711530893349,2,33,342,87,10,0.6108815426997245,2,33,342,87,10
2,105,19,5,11,transformer,-1.0156510156510201,False,False,0.8740570731950043,1,29,342,87,10,0.863900563038494,1,29,342,87,10
2,106,19,7,11,transformer,1.0969994058229404,False,False,0.7519423758060122,1,16,168,31,14,0.7629123698642416,1,17,168,31,14
2,107,19,7,11,transformer,0.7438016528925617,False,False,0.8846254755345665,1,21,168,31,14,0.8920634920634921,1,21,168,31,14
2,108,19,7,11,transformer,-1.8408336026396466,False,False,0.5863931697003797,1,40,534,161,17,0.5679848336739832,1,44,534,161,17
2,109,19,9,12,transformer,0.0,False,False,0.587983312983313,3,32,165,31,4,0.587983312983313,3,32,165,31,4
2,110,19,9,12,transformer,0.7407407407407418,False,False,0.7926503111583757,1,31,165,31,4,0.8000577185657831,1,31,165,31,4
2,111,19,12,11,transformer,2.7332144979203776,False,False,0.6174960066671297,1,33,168,31,14,0.6448281516463334,1,33,165,31,4
2,112,19,12,11,transformer,0.43290043290042934,False,False,0.9109814724787987,1,17,168,31,14,0.915310476807803,1,17,168,31,14
2,113,19,12,11,transformer,1.1345419240156196,False,False,0.8420751500895041,1,37,342,87,10,0.8534205693296603,1,36,342,87,10
2,136,25,3,12,transformer,-1.072229499087085,False,False,0.78369708994709,1,40,167,31,14,0.7729747949562191,1,38,167,31,14
2,137,25,3,12,transformer,0.21929824561404132,False,False,0.7921277997364954,1,24,369,97,24,0.7943207821926358,1,24,369,97,24
2,138,25,5,12,transformer,-1.3451825951825924,False,False,0.9811507936507936,1,14,370,97,24,0.9676989676989677,1,14,370,97,24
2,139,25,5,12,transformer,0.0,False,False,0.8378806177719221,1,23,372,97,24,0.8378806177719221,1,23,372,97,24
2,140,25,7,11,transformer,-4.241553045732605,False,True,0.5117525530838224,1,56,417,105,11,0.46933702262649635,2,57,417,105,11
2,141,25,7,11,transformer,-0.7070707070707005,False,False,0.7848329448329449,1,25,372,97,24,0.7777622377622379,1,25,372,97,24
2,142,25,7,11,transformer,0.0,False,False,0.7373553140264371,1,20,369,97,24,0.7373553140264371,1,20,369,97,24
2,143,25,9,10,transformer,-0.4215367965367922,False,False,0.7308578431372549,1,32,370,97,24,0.726642475171887,1,33,370,97,24
2,144,25,9,10,transformer,1.3267445812743528,False,False,0.6508027644869749,1,60,165,31,4,0.6640702102997185,1,61,167,31,14
2,145,25,9,10,transformer,-0.16666666666668162,False,False,0.8507783882783884,1,24,372,97,24,0.8491117216117215,1,25,372,97,24
2,146,25,9,10,transformer,0.5494505494505697,False,False,0.9714285714285713,1,14,370,97,24,0.976923076923077,1,13,370,97,24
2,147,25,14,11,transformer,-0.8264462809917217,False,False,0.9924242424242423,1,12,167,31,14,0.9841597796143251,1,12,167,31,14
2,148,25,14,11,transformer,-0.5867465867465893,False,False,0.8795743145743146,1,25,371,97,24,0.8737068487068487,1,26,371,97,24
2,149,25,14,11,transformer,0.27056277056276556,False,False,0.730881784350684,1,40,372,97,24,0.7335874120563116,1,42,372,97,24
2,165,31,4,2,transformer,0.0,False,False,0.45,2,5,109,19,9,0.45,2,5,109,19,9
2,166,31,4,2,transformer,0.0,False,False,0.6666666666666666,1,6,109,19,9,0.6666666666666666,1,6,109,19,9
2,167,31,14,2,transformer,0.0,False,False,0.3666666666666667,3,5,103,19,5,0.3666666666666667,3,5,103,19,5
2,168,31,14,2,transformer,0.0,False,False,0.6428571428571428,1,7,109,19,9,0.6428571428571428,1,7,109,19,9
2,193,38,4,9,transformer,0.0,False,False,1.0,1,9,165,31,4,1.0,1,9,165,31,4
2,194,38,4,9,transformer,1.4814814814814725,False,False,0.6996679246679247,1,15,113,19,12,0.7144827394827394,1,15,113,19,12
2,195,38,4,9,transformer,0.0,False,False,0.9888888888888889,1,10,165,31,4,0.9888888888888889,1,10,165,31,4
2,196,38,5,10,transformer,0.0,False,False,1.0,1,10,312,80,10,1.0,1,10,312,80,10
2,197,38,5,10,transformer,0.0,False,False,1.0,1,10,311,80,10,1.0,1,10,311,80,10
2,198,38,9,10,transformer,0.0,False,False,0.9809090909090908,1,11,534,161,17,0.9809090909090908,1,11,534,161,17
2,199,38,9,10,transformer,0.0,False,False,1.0,1,10,534,161,17,1.0,1,10,534,161,17
2,200,38,14,8,transformer,-2.500000000000002,False,False,1.0,1,8,109,19,9,0.975,1,10,109,19,9
2,201,38,14,8,transformer,1.5625,False,False,0.9704861111111112,1,9,312,80,10,0.9861111111111112,1,9,312,80,10
2,202,38,14,8,transformer,0.0,False,False,1.0,1,8,534,161,17,1.0,1,8,534,161,17
2,203,38,14,8,transformer,0.0,False,False,1.0,1,8,311,80,10,1.0,1,8,311,80,10
2,204,38,18,11,transformer,-0.4761904761904745,False,False,0.9653679653679653,1,14,109,19,9,0.9606060606060606,1,15,109,19,9
2,257,60,7,2,transformer,0.0,False,False,1.0,1,2,739,246,29,1.0,1,2,739,246,29
2,258,60,7,2,transformer,-0.21645021645022577,False,False,0.5476190476190477,1,21,31,7,7,0.5454545454545454,1,22,31,7,7
2,259,60,7,2,transformer,0.0,False,False,0.625,1,8,356,95,11,0.625,1,8,356,95,11
2,260,60,12,3,transformer,-0.2450980392156854,False,False,0.14059139784946237,5,31,739,246,29,0.13814041745730551,5,31,739,246,29
2,261,60,12,3,transformer,0.0,False,False,0.6805555555555555,1,8,556,169,18,0.6805555555555555,1,8,556,169,18
2,292,71,8,1,transformer,0.0,False,False,0.1111111111111111,9,9,316,80,28,0.1111111111111111,9,9,316,80,28
2,293,71,8,1,transformer,0.0,False,False,0.5,2,2,317,80,28,0.5,2,2,317,80,28
2,294,71,8,1,transformer,0.0,False,False,0.16666666666666666,6,6,316,80,28,0.16666666666666666,6,6,316,80,28
2,295,71,9,3,transformer,0.0,False,False,0.3055555555555555,4,9,316,80,28,0.3055555555555555,4,9,316,80,28
2,311,80,10,5,transformer,0.0,False,False,0.737027027027027,1,37,536,161,17,0.737027027027027,1,37,536,161,17
2,312,80,10,5,transformer,1.3333333333333308,False,False,0.5238095238095238,1,14,536,161,17,0.5371428571428571,1,14,536,161,17
2,313,80,22,5,transformer,0.0,False,False,0.5059259259259259,1,27,536,161,17,0.5059259259259259,1,27,536,161,17
2,314,80,22,5,transformer,0.14851090938047262,False,False,0.5284406668846028,1,23,537,161,18,0.5299257759784075,1,24,537,161,18
2,315,80,28,4,transformer,-0.7575757575757569,False,False,0.6013257575757576,1,11,536,161,17,0.59375,1,12,536,161,17
2,316,80,28,4,transformer,12.82679738562092,True,False,0.4305555555555555,2,18,295,71,9,0.5588235294117647,1,17,295,71,9
2,317,80,28,4,transformer,-1.1272103631801338,False,False,0.14462717515043097,4,52,534,161,17,0.13335507151862963,5,51,534,161,17
2,334,87,0,2,transformer,-23.214285714285715,False,True,0.625,1,8,759,254,0,0.39285714285714285,2,7,761,254,0
2,335,87,0,2,transformer,3.525641025641027,False,False,0.20833333333333331,4,12,764,254,0,0.24358974358974358,3,13,764,254,0
2,336,87,0,2,transformer,0.0,False,False,0.2934782608695652,2,23,795,260,0,0.2934782608695652,2,23,795,260,0
2,337,87,0,2,transformer,0.0,False,False,0.19090909090909092,5,11,762,254,0,0.19090909090909092,5,11,762,254,0
2,338,87,0,2,transformer,-0.37878787878787984,False,False,0.12237762237762238,11,13,763,254,0,0.11858974358974358,12,13,763,254,0
2,339,87,0,2,transformer,-0.27472527472527514,False,False,0.08846153846153847,13,20,762,254,0,0.08571428571428572,14,20,762,254,0
2,340,87,0,2,transformer,0.028955155730003845,False,False,0.025779967159277502,35,87,361,97,0,0.02606951871657754,34,88,361,97,0
2,341,87,0,2,transformer,0.0,False,False,0.3055555555555556,2,18,766,254,0,0.3055555555555556,2,18,766,254,0
2,342,87,10,8,transformer,-0.025417026917842755,False,False,0.11097157308396288,15,118,767,254,30,0.11071740281478445,15,119,767,254,30
2,343,87,10,8,transformer,-3.66680069816461,False,False,0.2799578675961504,4,89,107,19,7,0.24328986061450428,5,86,113,19,12
2,357,97,0,9,transformer,0.4417709220146726,False,False,0.5976471075052382,1,67,340,87,0,0.6020648167253849,1,67,340,87,0
2,358,97,0,9,transformer,1.3981481481481484,False,False,0.832120811287478,1,48,340,87,0,0.8461022927689594,1,50,340,87,0
2,359,97,0,9,transformer,0.1508683756047735,False,False,0.3401410934744268,3,75,340,87,0,0.3416497772304745,3,71,340,87,0
2,360,97,0,9,transformer,0.028156316940272652,False,False,0.1781452530116623,7,124,485,136,0,0.17842681618106504,7,122,485,136,0
2,361,97,0,9,transformer,0.04166360336137487,False,False,0.4273533608540302,2,83,340,87,0,0.42776999688764394,2,85,340,87,0
2,362,97,0,9,transformer,-1.9943274318274362,False,False,0.7221207264957266,1,64,340,87,0,0.7021774521774522,1,70,340,87,0
2,363,97,0,9,transformer,-0.7159994002099213,False,False,0.8392255892255892,1,36,340,87,0,0.83206559522349,1,38,340,87,0
2,364,97,11,14,transformer,0.7580733442802301,False,False,0.8701580951888834,1,29,142,25,7,0.8777388286316857,1,28,142,25,7
2,365,97,11,14,transformer,0.0,False,False,0.8959411463640787,1,19,141,25,7,0.8959411463640787,1,19,141,25,7
2,366,97,13,14,transformer,0.9804214327871597,False,False,0.9002131621879521,1,24,137,25,3,0.9100173765158237,1,23,137,25,3
2,367,97,13,14,transformer,1.0761931566884986,False,False,0.8079618574825342,1,25,142,25,7,0.8187237890494192,1,22,142,25,7
2,368,97,16,15,transformer,0.6199942502776112,False,False,0.6725819300181803,1,79,507,144,16,0.6787818725209565,1,85,507,144,16
2,369,97,24,12,transformer,-0.4140760780875413,False,False,0.193856744369408,7,108,142,25,7,0.1897159835885326,7,111,142,25,7
2,370,97,24,12,transformer,1.9739702502233891,False,False,0.332514546767811,2,74,139,25,5,0.3522542492700449,2,75,139,25,5
2,371,97,24,12,transformer,-2.649241598996499,False,False,0.5145187165775401,2,33,148,25,14,0.4880263005875751,2,34,148,25,14
2,372,97,24,12,transformer,0.030285357087656006,False,False,0.28692522014133026,4,59,145,25,9,0.2872280737122068,4,63,145,25,9
2,417,105,11,7,transformer,4.420677361853819,False,False,0.5399202105084459,2,17,140,25,7,0.584126984126984,2,14,140,25,7
2,418,105,11,7,transformer,1.5367965367965475,False,False,0.7871057513914657,1,12,653,219,23,0.8024737167594311,1,11,653,219,23
2,419,105,11,7,transformer,3.3130445160520328,False,False,0.7528344671201814,1,18,653,219,23,0.7859649122807018,1,19,653,219,23
2,420,105,15,6,transformer,2.9797979797979823,False,False,0.7361111111111112,1,12,651,219,23,0.765909090909091,1,11,651,219,23
2,421,105,15,6,transformer,0.0,False,False,0.8357142857142857,1,12,651,219,23,0.8357142857142857,1,12,651,219,23
2,422,105,15,6,transformer,3.8888888888888973,False,False,0.9055555555555556,1,10,651,219,23,0.9444444444444445,1,9,651,219,23
2,423,105,15,6,transformer,1.1111111111111072,False,False,0.707936507936508,1,10,654,219,23,0.719047619047619,1,9,654,219,23
2,424,105,23,7,transformer,0.0,False,False,0.4306166056166056,3,14,654,219,23,0.4306166056166056,3,14,654,219,23
2,425,105,23,7,transformer,0.0,False,False,0.5849816849816849,2,14,654,219,23,0.5849816849816849,2,14,654,219,23
2,426,105,23,7,transformer,7.142857142857145,True,False,0.4950937950937951,2,15,651,219,23,0.5665223665223665,1,15,651,219,23
2,440,115,12,2,transformer,0.0,False,False,1.0,1,2,651,219,23,1.0,1,2,651,219,23
2,441,115,12,2,transformer,0.0,False,False,1.0,1,2,651,219,23,1.0,1,2,651,219,23
2,442,115,16,2,transformer,-41.666666666666664,False,True,0.8333333333333333,1,3,516,151,16,0.41666666666666663,3,4,516,151,16
2,443,115,16,2,transformer,0.0,False,False,1.0,1,2,516,151,16,1.0,1,2,516,151,16
2,482,136,0,2,transformer,-0.9090909090909094,False,False,0.1,10,20,998,320,0,0.09090909090909091,11,22,998,320,0
2,483,136,0,2,transformer,0.0,False,False,0.18055555555555555,4,18,953,308,0,0.18055555555555555,4,18,953,308,0
2,484,136,0,2,transformer,-0.05747126436781644,False,False,0.04949944382647386,29,31,951,308,0,0.048924731182795694,30,31,951,308,0
2,485,136,0,2,transformer,-0.2083333333333326,False,False,0.07333333333333333,15,25,949,308,0,0.07125000000000001,16,25,949,308,0
2,486,136,0,2,transformer,0.0,False,False,0.165,4,25,949,308,0,0.165,4,25,949,308,0
2,487,136,0,2,transformer,-0.3676470588235281,False,False,0.5625,1,16,949,308,0,0.5588235294117647,1,17,949,308,0
2,488,136,15,6,transformer,-0.9707377449312937,False,False,0.17024410774410773,11,27,458,123,13,0.1605367302947948,13,31,458,123,13
2,489,136,15,6,transformer,-2.645502645502651,False,False,0.8301587301587302,1,10,458,123,13,0.8037037037037037,1,10,458,123,13
2,515,151,16,1,transformer,-50.0,False,True,1.0,1,1,442,115,16,0.5,2,2,442,115,16
2,516,151,16,1,transformer,0.0,False,False,0.25,4,4,442,115,16,0.25,4,4,442,115,16
2,517,151,22,2,transformer,0.0,False,False,1.0,1,2,441,115,12,1.0,1,2,441,115,12
2,534,161,17,2,transformer,0.0,False,False,1.0,1,2,108,19,7,1.0,1,2,108,19,7
2,535,161,17,2,transformer,0.0,False,False,0.5833333333333333,2,3,312,80,10,0.5833333333333333,2,3,312,80,10
2,536,161,17,2,transformer,0.0,False,False,1.0,1,2,313,80,22,1.0,1,2,313,80,22
2,537,161,18,3,transformer,4.166666666666674,False,False,0.7916666666666666,1,8,314,80,22,0.8333333333333334,1,6,314,80,22
2,538,161,18,3,transformer,0.0,False,False,0.8666666666666667,1,5,640,212,22,0.8666666666666667,1,5,640,212,22
2,558,171,18,13,transformer,0.32679738562091387,False,False,0.952991452991453,1,18,220,44,5,0.9562594268476622,1,17,220,44,5
2,559,171,18,13,transformer,2.84544952064133,False,False,0.7801742943047292,1,26,221,44,5,0.8086287895111425,1,22,221,44,5
2,560,171,18,13,transformer,-0.4761904761904745,False,False,0.9821780783319245,1,14,30,7,7,0.9774161735700198,1,15,30,7,7
2,561,171,26,10,transformer,-0.7209690893901333,False,False,0.9198412698412698,1,18,30,7,7,0.9126315789473685,1,19,30,7,7
2,562,171,26,10,transformer,0.4166666666666541,False,False,0.9625,1,16,770,254,30,0.9666666666666666,1,15,770,254,30
2,563,171,26,10,transformer,0.0,False,False,1.0,1,10,30,7,7,1.0,1,10,30,7,7
2,564,171,26,10,transformer,0.0,False,False,1.0,1,10,30,7,7,1.0,1,10,771,254,30
2,565,171,26,10,transformer,0.0,False,False,1.0,1,10,684,231,26,1.0,1,10,684,231,26
2,566,171,26,10,transformer,0.4166666666666652,False,False,0.8983974358974359,1,16,684,231,26,0.9025641025641026,1,15,684,231,26
2,567,171,27,9,transformer,1.8805114638447917,False,False,0.9152777777777779,1,16,30,7,7,0.9340828924162258,1,14,30,7,7
2,568,171,27,9,transformer,0.0,False,False,0.9888888888888889,1,10,30,7,7,0.9888888888888889,1,10,30,7,7
2,569,171,27,9,transformer,0.0,False,False,0.9722222222222222,1,12,771,254,30,0.9722222222222222,1,12,771,254,30
2,570,171,27,9,transformer,4.639145073927686,False,False,0.6442501942501943,1,26,30,7,7,0.6906416449894711,1,26,30,7,7
2,571,171,27,9,transformer,1.1111111111111072,False,False,0.9888888888888889,1,10,684,231,26,1.0,1,9,684,231,26
2,572,171,27,9,transformer,0.0,False,False,0.9888888888888889,1,10,30,7,7,0.9888888888888889,1,10,30,7,7
2,573,171,27,9,transformer,1.2821992821992811,False,False,0.7604232804232804,1,27,684,231,26,0.7732452732452733,1,27,684,231,26
2,595,179,19,4,transformer,-5.000000000000004,False,False,1.0,1,4,754,252,30,0.95,1,5,754,252,30
2,596,179,19,4,transformer,0.0,False,False,1.0,1,4,78,13,10,1.0,1,4,78,13,10
2,597,179,19,4,transformer,0.0,False,False,1.0,1,4,607,184,20,1.0,1,4,1019,326,0
2,598,179,29,3,transformer,0.0,False,False,1.0,1,3,78,13,10,1.0,1,3,78,13,10
2,599,179,29,3,transformer,0.0,False,False,1.0,1,3,1018,326,0,1.0,1,3,1018,326,0
2,600,179,29,3,transformer,0.0,False,False,1.0,1,3,756,252,30,1.0,1,3,756,252,30
2,601,179,29,3,transformer,0.0,False,False,1.0,1,3,1019,326,0,1.0,1,3,1019,326,0
2,684,231,26,7,transformer,-1.7995386352308045,False,False,0.20687790905836018,8,28,573,171,27,0.18888252270605213,10,30,573,171,27
2,685,231,26,7,transformer,-0.8364260121172529,False,False,0.22668436594127836,3,32,916,296,0,0.21832010582010583,3,35,916,296,0
2,686,231,26,7,transformer,-3.57142857142857,False,False,0.8441043083900227,1,9,81,13,28,0.808390022675737,1,9,81,13,28
2,687,231,26,7,transformer,-1.7006802721088454,False,False,0.7745421245421246,1,13,727,240,28,0.7575353218210361,1,13,727,240,28
2,688,231,26,7,transformer,0.27472527472527375,False,False,0.32779323850752423,6,28,740,246,29,0.33054049125477697,6,26,740,246,29
2,689,231,29,5,transformer,1.123321123321122,False,False,0.2138095238095238,6,21,726,240,28,0.22504273504273503,6,18,726,240,28
2,690,231,29,5,transformer,0.21417797888386159,False,False,0.1869231903287631,7,21,555,169,18,0.1890649701176017,7,21,555,169,18
2,691,231,29,5,transformer,-3.2727272727272716,False,False,0.32796536796536796,3,14,740,246,29,0.29523809523809524,5,14,740,246,29
2,692,231,29,5,transformer,-10.619195046439629,False,True,0.5027124183006536,1,17,728,240,28,0.39652046783625733,2,19,728,240,28
2,693,231,29,5,transformer,-0.23809523809523725,False,False,0.24210526315789474,6,20,726,240,28,0.23972431077694237,6,21,726,240,28
2,694,231,29,5,transformer,-2.4999999999999964,False,False,0.36856060606060603,2,16,726,240,28,0.34356060606060607,3,16,726,240,28
2,695,231,29,5,transformer,-5.333333333333334,False,False,0.5158333333333334,1,16,726,240,28,0.4625,1,16,726,240,28
2,759,254,0,8,transformer,-1.3100448890990157,False,False,0.22262938672875152,3,45,338,87,0,0.20952893783776136,3,44,338,87,0
2,760,254,0,8,transformer,0.016423290879813424,False,False,0.23825968013468013,4,32,338,87,0,0.23842391304347826,4,32,338,87,0
2,761,254,0,8,transformer,-0.6832810422396668,False,False,0.23538306451612903,8,31,334,87,0,0.22855025409373236,8,32,334,87,0
2,762,254,0,8,transformer,-0.6287122389571631,False,False,0.1394174356345409,7,60,339,87,0,0.13313031324496927,7,63,339,87,0
2,763,254,0,8,transformer,0.0891386056866228,False,False,0.14584336237774,11,52,338,87,0,0.14673474843460624,10,51,338,87,0
2,764,254,0,8,transformer,0.05595502080949638,False,False,0.08641011247839343,19,98,339,87,0,0.0869696626864884,19,97,339,87,0
2,765,254,0,8,transformer,0.022980440345423542,False,False,0.05840207631784214,24,116,880,284,0,0.058631880721296374,25,121,880,284,0
2,766,254,0,8,transformer,0.048021899102056176,False,False,0.05061738758854143,37,169,341,87,0,0.05109760657956199,35,173,341,87,0
2,767,254,30,8,transformer,2.760640216732191,False,False,0.25240298916769505,3,88,342,87,10,0.28000939133501695,3,83,342,87,10
2,768,254,30,8,transformer,0.2694971394158391,False,False,0.23870460125541426,3,81,342,87,10,0.24139957264957265,3,80,342,87,10
2,769,254,30,8,transformer,-0.12458506240045353,False,False,0.08706453110200249,21,115,342,87,10,0.08581868047799796,20,115,342,87,10
2,770,254,30,8,transformer,-0.51121144824567,False,False,0.12114242302598467,8,126,31,7,7,0.11603030854352797,9,131,31,7,7
2,771,254,30,8,transformer,-0.740889975166012,False,False,0.08910747717320994,21,110,108,19,7,0.08169857742154982,24,110,107,19,7
2,772,254,30,8,transformer,1.118747704670131,False,False,0.2724016530497817,3,205,426,105,23,0.283589130096483,3,204,255,58,7
2,773,254,30,8,transformer,0.10232650518774977,False,False,0.40016785648808123,1,89,255,58,7,0.40119112153995873,1,86,342,87,10
2,774,254,30,8,transformer,-1.4734662946370518,False,False,0.16152402603105784,7,170,31,7,7,0.14678936308468732,9,170,31,7,7
0,0,1,2,2,mamba,2.3076923076923106,False,False,0.16025641025641024,6,13,542,165,17,0.18333333333333335,6,10,542,165,17
0,1,1,2,2,mamba,0.0,False,False,0.26785714285714285,4,7,451,121,13,0.26785714285714285,4,7,414,103,11
0,2,1,2,2,mamba,0.0,False,False,0.5588235294117647,1,17,545,165,17,0.5588235294117647,1,17,545,165,17
0,3,1,12,3,mamba,0.0,False,False,0.2537878787878788,2,22,480,134,14,0.2537878787878788,2,22,480,134,14
0,4,1,12,3,mamba,1.007326007326008,False,False,0.08278388278388278,14,30,480,134,14,0.09285714285714286,12,30,480,134,14
0,34,9,0,20,mamba,-0.3895265681554516,False,False,0.16712504949572848,9,127,430,109,11,0.16322978381417397,10,132,430,109,11
0,35,9,0,20,mamba,-2.0036710767586396,False,False,0.27276780033691594,2,130,430,109,11,0.25273108956932955,2,139,430,109,11
0,36,9,0,20,mamba,-0.04458412326827366,False,False,0.20765577273347127,14,173,777,256,0,0.20720993150078854,14,170,777,256,0
0,37,9,0,20,mamba,-1.0227630392633107,False,False,0.20241711792493775,8,125,431,109,11,0.19218948753230464,9,127,431,109,11
0,38,9,0,20,mamba,-0.6308357436482975,False,False,0.15518097685532659,5,159,430,109,11,0.1488726194188436,7,161,430,109,11
0,39,9,0,20,mamba,-0.22245609026844415,False,False,0.17532807026744643,17,121,430,109,11,0.173103509364762,17,123,430,109,11
0,40,9,0,20,mamba,-0.3687824771899717,False,False,0.1921829058919629,13,164,777,256,0,0.1884950811200632,13,165,777,256,0
0,41,9,0,20,mamba,-0.10143322849507641,False,False,0.09505979465988458,27,207,781,256,0,0.09404546237493382,27,217,781,256,0
0,42,9,2,25,mamba,-1.2212616221692951,False,False,0.46826227169659346,1,175,706,234,27,0.4560496554749005,1,191,706,234,27
0,43,9,2,25,mamba,-1.0417433912574658,False,False,0.7789208286660698,1,110,251,54,5,0.7685033947534952,1,118,251,54,5
0,44,9,2,25,mamba,-0.3778245934523472,False,False,0.7291282716540067,1,101,157,27,25,0.7253500257194833,1,105,157,27,25
0,45,9,12,24,mamba,-1.7878876749537587,False,False,0.7185954937426478,1,148,151,27,4,0.7007166169931102,1,152,151,27,4
0,46,9,12,24,mamba,-1.011161824576301,False,False,0.6114383068412678,1,127,251,54,5,0.6013266885955048,1,134,251,54,5
0,47,9,12,24,mamba,-0.45095063895315146,False,False,0.5844061707580722,1,121,251,54,5,0.5798966643685407,1,127,251,54,5
0,48,9,12,24,mamba,-1.09068784149422,False,False,0.6577544730257902,1,99,251,54,5,0.646847594610848,1,104,251,54,5
0,49,9,25,23,mamba,0.23129943039310596,False,False,0.5786890958069509,1,129,153,27,25,0.581002090110882,1,128,153,27,25
0,50,9,25,23,mamba,0.19863128628176963,False,False,0.7272844834080543,1,121,805,262,0,0.729270796270872,1,123,805,262,0
0,51,9,25,23,mamba,0.3169785123090907,False,False,0.49327297339519754,1,194,251,54,5,0.49644275851828845,1,194,251,54,5
0,52,9,25,23,mamba,-0.5625921127442646,False,False,0.7018954151229092,1,115,251,54,5,0.6962694939954666,1,122,251,54,5
0,53,9,25,23,mamba,-0.04722073235450264,False,False,0.5916620528645573,1,168,157,27,25,0.5911898455410123,1,169,157,27,25
0,54,9,28,20,mamba,-2.2040500105023786,False,False,0.5774204600297741,1,102,157,27,25,0.5553799599247503,1,103,157,27,25
0,55,9,28,20,mamba,-0.3071217673166149,False,False,0.462272092310194,1,147,395,99,28,0.45920087463702786,1,147,395,99,28
0,56,9,28,20,mamba,0.05118083631621695,False,False,0.26217273118939904,2,168,395,99,28,0.2626845395525612,2,167,395,99,28
0,57,9,28,20,mamba,-0.09449565607141386,False,False,0.6144402318820319,1,97,250,54,5,0.6134952753213178,1,94,250,54,5
0,58,9,28,20,mamba,-0.04838266347333975,False,False,0.4860271802022987,1,151,251,54,5,0.4855433535675653,1,155,251,54,5
0,59,9,28,20,mamba,0.1389776033386525,False,False,0.43784229939549124,1,136,805,262,0,0.43923207542887777,1,139,805,262,0
0,60,9,28,20,mamba,0.7985081602280508,False,False,0.3795056898912482,1,184,395,99,28,0.38749077149352873,1,184,395,99,28
0,61,9,28,20,mamba,-0.22372459990424587,False,False,0.41896088396559883,1,126,403,99,30,0.41672363796655637,1,126,403,99,30
0,82,15,2,7,mamba,-0.5075876504447963,False,False,0.4011044492238583,1,31,398,99,30,0.39602857271941033,1,31,398,99,30
0,83,15,2,7,mamba,0.8232329660901039,False,False,0.3449130234844521,3,36,400,99,30,0.3531453531453531,3,37,400,99,30
0,84,15,2,7,mamba,-3.3982683982683892,False,False,0.7600881261595547,1,16,400,99,30,0.7261054421768708,1,16,400,99,30
0,85,15,12,8,mamba,1.0168650793650813,False,False,0.5714918582375479,1,30,150,27,4,0.5816605090311987,1,30,150,27,4
0,86,15,12,8,mamba,-1.383928571428561,False,False,0.6775116047745358,1,29,384,99,26,0.6636723190602501,1,29,384,99,26
0,87,15,17,5,mamba,-1.0437859354267998,False,False,0.33199999999999996,1,30,400,99,30,0.32156214064573196,1,34,398,99,30
0,88,15,17,5,mamba,-1.3417366946778697,False,False,0.30663003663003663,2,20,402,99,30,0.29321266968325793,2,20,402,99,30
0,89,15,17,5,mamba,-0.07575757575757902,False,False,0.22107843137254904,3,34,396,99,28,0.22032085561497325,3,34,396,99,28
0,90,15,17,5,mamba,0.0,False,False,0.3952272727272727,2,16,399,99,30,0.3952272727272727,2,16,399,99,30
0,91,15,17,5,mamba,-0.8941058941058955,False,False,0.42163947163947163,1,18,400,99,30,0.4126984126984127,1,18,400,99,30
0,114,21,3,7,mamba,-0.2532421301301907,False,False,0.10414583146369058,20,82,213,40,18,0.10161341016238867,21,83,213,40,18
0,115,21,3,7,mamba,-0.03921568627451022,False,False,0.14666592127090536,9,50,210,40,17,0.14627376440816026,9,51,210,40,17
0,116,21,30,2,mamba,-0.5378831694621167,False,False,0.09109311740890688,13,19,211,40,17,0.08571428571428572,14,20,211,40,17
0,117,21,30,2,mamba,-0.19762845849802396,False,False,0.06926406926406926,21,22,208,40,6,0.06728778467908902,21,23,208,40,6
0,118,21,30,2,mamba,0.10752688172043015,False,False,0.06003584229390681,18,31,208,40,6,0.06111111111111111,18,30,208,40,6
0,119,21,30,2,mamba,0.01909989727786332,False,False,0.03210066769388803,33,59,821,268,0,0.03229166666666666,32,60,821,268,0
0,120,21,30,2,mamba,-0.04456327985739722,False,False,0.038407329105003524,33,43,821,268,0,0.03796169630642955,34,43,821,268,0
0,121,21,30,2,mamba,0.09881422924901198,False,False,0.05877616747181964,23,27,819,268,0,0.05976430976430976,22,27,819,268,0
0,122,21,30,2,mamba,-0.0014531504301328046,False,False,0.05115089514066496,23,34,823,268,0,0.05113636363636363,24,33,823,268,0
0,150,27,4,6,mamba,0.08630228066943135,False,False,0.12629749505627666,4,53,85,15,12,0.12716051786297097,4,53,85,15,12
0,151,27,4,6,mamba,0.6596921596921712,False,False,0.6693290043290042,1,25,392,99,27,0.6759259259259259,1,27,392,99,27
0,152,27,25,2,mamba,0.5555555555555591,False,False,0.3,2,20,398,99,30,0.3055555555555556,2,18,398,99,30
0,153,27,25,2,mamba,0.0,False,False,0.04819976771196283,21,41,82,15,2,0.04819976771196283,21,41,82,15,2
0,154,27,25,2,mamba,0.08403361344537785,False,False,0.15357142857142858,4,35,373,99,11,0.15441176470588236,4,34,373,99,11
0,155,27,25,2,mamba,-1.2499999999999982,False,False,0.08689024390243902,8,41,390,99,27,0.07439024390243903,10,41,390,99,27
0,156,27,25,2,mamba,0.0,False,False,0.19369369369369369,3,37,390,99,27,0.19369369369369369,3,37,389,99,27
0,157,27,25,2,mamba,0.09456264775413725,False,False,0.04627659574468085,20,47,390,99,27,0.04722222222222222,20,45,390,99,27
0,169,33,4,13,mamba,0.0,False,False,0.9945054945054945,1,14,532,159,16,0.9945054945054945,1,14,532,159,16
0,170,33,4,13,mamba,0.0,False,False,0.9885883347421809,1,14,532,159,16,0.9885883347421809,1,14,532,159,16
0,171,33,4,13,mamba,0.0,False,False,0.9821780783319245,1,14,532,159,16,0.9821780783319245,1,14,532,159,16
0,172,33,5,14,mamba,0.0,False,False,0.9039500298954081,1,17,243,48,5,0.9039500298954081,1,17,243,48,5
0,173,33,5,14,mamba,0.0,False,False,0.8722255587304238,1,19,244,48,5,0.8722255587304238,1,19,244,48,5
0,174,33,9,13,mamba,0.0,False,False,0.9945054945054945,1,14,532,159,16,0.9945054945054945,1,14,532,159,16
0,175,33,9,13,mamba,0.0,False,False,0.9493303704842166,1,14,244,48,5,0.9493303704842166,1,14,244,48,5
0,176,33,9,13,mamba,0.7692307692307665,False,False,0.9480682778759703,1,16,532,159,16,0.9557605855682779,1,16,532,159,16
0,177,33,14,11,mamba,0.0,False,False,0.9841597796143251,1,12,243,48,5,0.9841597796143251,1,12,243,48,5
0,178,33,14,11,mamba,0.0,False,False,1.0,1,11,244,48,5,1.0,1,11,244,48,5
0,179,33,14,11,mamba,0.0,False,False,0.9649678604224058,1,12,532,159,16,0.9649678604224058,1,12,532,159,16
0,180,33,14,11,mamba,0.0,False,False,0.9924242424242423,1,12,244,48,5,0.9924242424242423,1,12,244,48,5
0,181,33,14,11,mamba,0.0,False,False,1.0,1,11,244,48,5,1.0,1,11,244,48,5
0,182,33,18,13,mamba,0.0,False,False,0.7904361663977049,1,16,244,48,5,0.7904361663977049,1,16,244,48,5
0,183,33,18,13,mamba,-2.2907239819004555,False,False,0.8758394383394383,1,16,244,48,5,0.8529321985204338,1,17,244,48,5
0,184,33,18,13,mamba,0.0,False,False,0.9945054945054945,1,14,531,159,16,0.9945054945054945,1,14,531,159,16
0,205,40,5,10,mamba,0.1544401544401608,False,False,0.7540129267896962,1,37,320,82,10,0.7555573283340978,1,35,320,82,10
0,206,40,5,10,mamba,-0.09523809523810378,False,False,0.6960683760683761,1,30,321,82,22,0.6951159951159951,1,28,321,82,22
0,207,40,5,10,mamba,0.49261741309796214,False,False,0.6395845820845821,1,42,114,21,3,0.6445107562155618,1,40,114,21,3
0,208,40,6,11,mamba,-0.12844860720000462,False,False,0.5276176660911999,1,50,117,21,30,0.5263331800191998,1,49,117,21,30
0,209,40,6,11,mamba,-1.0277220149586541,False,False,0.576496868362897,1,30,116,21,30,0.5662196482133105,1,29,116,21,30
0,210,40,17,10,mamba,0.25378526904870635,False,False,0.40411130084062413,1,54,115,21,3,0.4066491535311112,1,52,115,21,3
0,211,40,17,10,mamba,1.2208898032181448,False,False,0.4763686447258125,1,61,115,21,3,0.4885775427579939,1,57,115,21,3
0,212,40,17,10,mamba,0.17150256328946623,False,False,0.37301183293830353,2,70,862,280,0,0.3747268585711982,2,66,862,280,0
0,213,40,18,11,mamba,0.5802253458944584,False,False,0.4410430839002268,2,49,321,82,22,0.44684533735917137,2,46,321,82,22
0,214,40,18,11,mamba,0.23809523809522615,False,False,0.8439797130973602,1,21,114,21,3,0.8463606654783125,1,20,114,21,3
0,215,40,20,10,mamba,0.24727996090225246,False,False,0.3953372850431674,1,40,321,82,22,0.3978100846521899,1,39,321,82,22
0,216,40,20,10,mamba,-0.3605263157894889,False,False,0.7302686538212855,1,37,120,21,30,0.7266633906633906,1,37,118,21,30
0,217,40,20,10,mamba,-0.040043290043279,False,False,0.8316798941798942,1,27,321,82,22,0.8312794612794614,1,27,321,82,22
0,264,64,0,8,mamba,-0.11216281811247675,False,False,0.23257186653925785,9,24,937,304,0,0.23145023835813308,10,24,937,304,0
0,265,64,0,8,mamba,-0.09903351051593345,False,False,0.1415888067105095,15,47,938,304,0,0.14059847160535016,15,45,938,304,0
0,266,64,0,8,mamba,0.22977941176470507,False,False,0.2460997906005022,8,31,937,304,0,0.24839758471814924,8,31,937,304,0
0,267,64,0,8,mamba,-0.06494815705342105,False,False,0.1721127183083705,9,37,937,304,0,0.17146323673783628,9,39,937,304,0
0,268,64,0,8,mamba,-0.00720837133880714,False,False,0.1266704918644574,8,66,938,304,0,0.12659840815106932,8,65,938,304,0
0,269,64,0,8,mamba,-0.9188213747037266,False,False,0.3679064685314685,3,25,943,304,0,0.35871825478443126,3,26,943,304,0
0,270,64,7,12,mamba,-0.6859883663422661,False,False,0.4887166842702233,1,57,733,242,28,0.48185680060680064,1,55,733,242,28
0,271,64,7,12,mamba,0.38655986429244615,False,False,0.4020284780578898,2,51,733,242,28,0.4058940767008143,2,51,733,242,28
0,272,64,21,11,mamba,-0.6604447141531578,False,False,0.3826611440247804,2,56,730,242,28,0.37605669688324883,2,56,730,242,28
0,273,64,21,11,mamba,-0.6219642175172735,False,False,0.37271937338078626,4,57,732,242,28,0.3664997312056135,4,60,732,242,28
0,274,64,21,11,mamba,0.0,False,False,0.47222728961859395,3,23,733,242,28,0.47222728961859395,3,23,733,242,28
0,275,64,22,11,mamba,-1.5586192117292619,False,False,0.46314851814851815,1,56,635,206,22,0.44756232603122553,1,57,635,206,22
0,276,64,22,11,mamba,-3.3564301552106435,False,False,0.6392283221828676,1,44,730,242,28,0.6056640206307612,1,41,730,242,28
0,277,64,22,11,mamba,4.4676621744453975,False,False,0.5654961077355756,1,41,731,242,28,0.6101727294800295,1,43,733,242,28
0,296,76,9,6,mamba,0.0,False,False,0.9444444444444445,1,9,669,227,24,0.9444444444444445,1,9,478,134,14
0,297,76,9,6,mamba,0.0,False,False,0.7507575757575758,1,12,667,227,24,0.7507575757575758,1,12,667,227,24
0,298,76,11,5,mamba,-0.9956709956709942,False,False,0.8242424242424242,1,11,51,9,25,0.8142857142857143,1,10,51,9,25
0,299,76,11,5,mamba,2.3809523809523725,False,False,0.9428571428571428,1,7,480,134,14,0.9666666666666666,1,6,480,134,14
0,300,76,11,5,mamba,0.909090909090915,False,False,0.6331313131313131,1,11,6,3,2,0.6422222222222222,1,10,6,3,2
0,301,76,12,5,mamba,0.0,False,False,0.9266666666666667,1,6,478,134,14,0.9266666666666667,1,6,478,134,14
0,302,76,12,5,mamba,0.0,False,False,0.8047619047619048,1,14,479,134,14,0.8047619047619048,1,14,479,134,14
0,303,76,12,5,mamba,0.0,False,False,0.4709090909090909,2,11,480,134,14,0.4709090909090909,2,11,480,134,14
0,318,82,10,3,mamba,0.0,False,False,0.8333333333333334,1,6,114,21,3,0.8333333333333334,1,6,114,21,3
0,319,82,10,3,mamba,0.0,False,False,0.9166666666666666,1,4,644,214,22,0.9166666666666666,1,4,644,214,22
0,320,82,10,3,mamba,0.0,False,False,0.6984126984126985,1,7,213,40,18,0.6984126984126985,1,7,213,40,18
0,321,82,22,3,mamba,0.0,False,False,0.8055555555555555,1,4,213,40,18,0.8055555555555555,1,4,213,40,18
0,322,82,22,3,mamba,0.0,False,False,0.6333333333333333,1,6,643,214,22,0.6333333333333333,1,6,643,214,22
0,323,82,22,3,mamba,0.0,False,False,0.7555555555555555,1,5,644,214,22,0.7555555555555555,1,5,644,214,22
0,346,91,10,3,mamba,-15.757575757575765,False,True,0.6464646464646465,1,11,643,214,22,0.4888888888888889,2,10,643,214,22
0,347,91,10,3,mamba,0.22659022659022587,False,False,0.071164049424919,22,37,207,40,5,0.07342995169082125,21,35,207,40,5
0,348,91,13,2,mamba,25.000000000000007,True,False,0.3333333333333333,2,12,271,64,7,0.5833333333333334,1,12,271,64,7
0,349,91,13,2,mamba,4.285714285714285,False,False,0.225,5,8,696,234,0,0.26785714285714285,4,7,696,234,0
0,350,91,13,2,mamba,25.0,True,False,0.3055555555555556,2,18,702,234,0,0.5555555555555556,1,18,702,234,0
0,373,99,11,29,mamba,0.03275558835602599,False,False,0.6505473194446916,2,46,154,27,25,0.6508748753282518,2,46,154,27,25
0,374,99,11,29,mamba,0.0029798016833892937,False,False,0.8488724197916678,1,42,91,15,17,0.8489022178085017,1,42,91,15,17
0,375,99,25,24,mamba,-0.1658816191336454,False,False,0.8341877159436147,1,44,154,27,25,0.8325288997522783,1,44,154,27,25
0,376,99,25,24,mamba,0.17414529914528964,False,False,0.8627618272738942,1,46,56,9,28,0.8645032802653471,1,46,56,9,28
0,377,99,25,24,mamba,-0.8988894808787284,False,False,0.8742629300304278,1,37,83,15,2,0.8652740352216405,1,35,83,15,2
0,378,99,25,24,mamba,0.3115083707188937,False,False,0.872266675647325,1,38,91,15,17,0.8753817593545139,1,37,91,15,17
0,379,99,25,24,mamba,-0.10057471264367512,False,False,0.8662314397783816,1,37,83,15,2,0.8652256926519448,1,37,83,15,2
0,380,99,25,24,mamba,0.4046497887817191,False,False,0.8964321542562176,1,47,155,27,25,0.9004786521440348,1,46,83,15,2
0,381,99,25,24,mamba,-0.665509259259256,False,False,0.9350200336878389,1,38,155,27,25,0.9283649410952464,1,38,155,27,25
0,382,99,26,25,mamba,-0.1194388100067556,False,False,0.9143792178046651,1,38,91,15,17,0.9131848297045976,1,38,91,15,17
0,383,99,26,25,mamba,-0.0855614973262031,False,False,0.9094643973831961,1,54,90,15,17,0.908608782409934,1,54,90,15,17
0,384,99,26,25,mamba,0.48699183857078276,False,False,0.6930008506425358,2,42,91,15,17,0.6978707690282436,2,40,91,15,17
0,385,99,26,25,mamba,0.8070256125341624,False,False,0.6005677216896782,1,43,89,15,17,0.6086379778150198,1,42,89,15,17
0,386,99,26,25,mamba,-0.6782875993402437,False,False,0.81841689460513,1,40,90,15,17,0.8116340186117276,1,40,90,15,17
0,387,99,26,25,mamba,0.07207207207208244,False,False,0.864736250412721,1,42,91,15,17,0.8654569711334418,1,42,91,15,17
0,388,99,27,25,mamba,0.46366210726611623,False,False,0.8663925011701572,1,40,154,27,25,0.8710291222428184,1,40,154,27,25
0,389,99,27,25,mamba,-0.16842105263157325,False,False,0.855012812633946,1,45,156,27,25,0.8533286021076303,1,45,156,27,25
0,390,99,27,25,mamba,0.13082301895033233,False,False,0.722195112598849,3,43,155,27,25,0.7235033427883524,3,44,155,27,25
0,391,99,27,25,mamba,-0.3573323228495573,False,False,0.8043252141135422,1,45,82,15,2,0.8007518908850466,1,45,82,15,2
0,392,99,27,25,mamba,-0.48305987293236763,False,False,0.5989794794669447,1,49,154,27,25,0.5941488807376211,1,51,154,27,25
0,393,99,27,25,mamba,-0.8390975728016947,False,False,0.9102928868517104,1,36,91,15,17,0.9019019111236934,1,36,91,15,17
0,394,99,28,27,mamba,-1.089554093424061,False,False,0.9006160673499299,1,44,91,15,17,0.8897205264156893,1,45,91,15,17
0,395,99,28,27,mamba,-0.01336827962216125,False,False,0.8566816173455598,1,58,56,9,28,0.8565479345493382,1,58,56,9,28
0,396,99,28,27,mamba,-0.10005858175942128,False,False,0.6536055474348557,1,42,89,15,17,0.6526049616172614,1,42,89,15,17
0,397,99,28,27,mamba,0.039215686274507444,False,False,0.8759562814725583,1,51,91,15,17,0.8763484383353034,1,50,91,15,17
0,398,99,30,25,mamba,0.7229558450770335,False,False,0.6587507576952791,3,41,91,15,17,0.6659803161460495,2,41,91,15,17
0,399,99,30,25,mamba,-0.6081648739840073,False,False,0.5217022033202382,3,47,91,15,17,0.5156205545803981,3,46,91,15,17
0,400,99,30,25,mamba,-0.4842322419721823,False,False,0.5645744854005001,1,42,83,15,2,0.5597321629807783,1,42,83,15,2
0,401,99,30,25,mamba,-1.3667108803812167,False,False,0.6609550004057564,1,41,91,15,17,0.6472878916019442,1,41,91,15,17
0,402,99,30,25,mamba,0.6018444649060761,False,False,0.6066335325159052,2,40,91,15,17,0.612651977164966,2,41,91,15,17
0,403,99,30,25,mamba,0.499253107883868,False,False,0.6852730946730771,1,54,56,9,28,0.6902656257519157,1,52,56,9,28
0,430,109,11,1,mamba,0.0,False,False,0.05555555555555555,18,18,35,9,0,0.05555555555555555,18,18,35,9,0
0,431,109,11,1,mamba,0.4166666666666666,False,False,0.0625,16,16,37,9,0,0.06666666666666667,15,15,37,9,0
0,432,109,22,2,mamba,2.8205128205128203,False,False,0.10512820512820513,13,15,579,173,19,0.13333333333333333,10,12,579,173,19
0,449,121,12,7,mamba,0.017086137037181093,False,False,0.5127530364372469,1,65,250,54,5,0.5129238978076187,1,66,250,54,5
0,450,121,12,7,mamba,-0.018286554431135027,False,False,0.42117853653998233,1,166,251,54,5,0.420995670995671,1,165,251,54,5
0,451,121,13,7,mamba,-0.0379072584075546,False,False,0.36904619623249396,1,208,270,64,7,0.3686671236484184,1,203,270,64,7
0,452,121,13,7,mamba,-0.7315631738607942,False,False,0.5789291667960944,1,73,262,62,7,0.5716135350574865,1,76,262,62,7
0,453,121,17,7,mamba,2.244162036242475,False,False,0.4220361241153197,1,95,542,165,17,0.44447774447774446,1,90,542,165,17
0,454,121,17,7,mamba,-1.0604241696678618,False,False,0.532312925170068,1,60,492,138,21,0.5217086834733894,1,60,492,138,21
0,455,121,19,6,mamba,0.1272292663520358,False,False,0.5367827417329775,1,92,744,248,29,0.5380550343964978,1,90,250,54,5
0,456,121,19,6,mamba,0.04657477025897805,False,False,0.47481203007518796,1,95,592,177,19,0.47527777777777774,1,100,592,177,19
0,457,121,19,6,mamba,-1.5075641964488573,False,False,0.1549487436911372,9,34,445,117,12,0.13987310172664863,11,38,445,117,12
0,490,138,15,4,mamba,0.0,False,False,0.6359649122807017,1,19,271,64,7,0.6359649122807017,1,19,271,64,7
0,491,138,15,4,mamba,0.0,False,False,0.6375,1,30,959,310,0,0.6375,1,30,959,310,0
0,492,138,21,4,mamba,12.13383838383838,False,False,0.5888888888888889,1,45,271,64,7,0.7102272727272727,1,44,271,64,7
0,493,138,21,4,mamba,0.6010656010656007,False,False,0.16747835497835498,4,105,843,274,0,0.17348901098901098,4,91,843,274,0
0,494,138,28,4,mamba,0.1492198887151186,False,False,0.30980392156862746,1,102,747,248,29,0.31129612045577865,1,97,747,248,29
0,495,138,28,4,mamba,0.0,False,False,0.8125,1,8,959,310,0,0.8125,1,8,959,310,0
0,520,155,16,3,mamba,0.0,False,False,1.0,1,3,644,214,22,1.0,1,3,644,214,22
0,521,155,16,3,mamba,0.0,False,False,1.0,1,3,747,248,29,1.0,1,3,747,248,29
0,522,155,24,2,mamba,0.0,False,False,1.0,1,2,5,3,2,1.0,1,2,5,3,2
0,523,155,24,2,mamba,0.0,False,False,1.0,1,2,643,214,22,1.0,1,2,643,214,22
0,524,155,24,2,mamba,0.0,False,False,1.0,1,2,748,248,29,1.0,1,2,748,248,29
0,542,165,17,4,mamba,0.2632402319902319,False,False,0.08101343101343102,13,126,620,195,0,0.08364583333333334,12,128,620,195,0
0,543,165,17,4,mamba,1.339285714285715,False,False,0.3163690476190476,2,70,905,292,0,0.32976190476190476,2,70,905,292,0
0,544,165,17,4,mamba,0.5681818181818177,False,False,0.34698275862068967,2,29,982,316,0,0.35266457680250785,2,29,982,316,0
0,545,165,17,4,mamba,1.2688217579521932,False,False,0.16584249084249084,5,24,979,316,0,0.17853070842201277,4,23,980,316,0
0,546,165,19,4,mamba,0.24245689655172376,False,False,0.14919507575757576,5,33,669,227,24,0.151619644723093,5,33,669,227,24
0,547,165,19,4,mamba,-1.7261904761904785,False,False,0.19332399626517274,5,36,669,227,24,0.17606209150326796,6,36,669,227,24
0,548,165,19,4,mamba,0.6434231049517749,False,False,0.0654190593382554,12,115,302,76,12,0.07185329038777315,10,116,302,76,12
0,549,165,19,4,mamba,4.773793023793019,False,False,0.2183731808731809,4,37,669,227,24,0.2661111111111111,3,36,669,227,24
0,574,173,18,4,mamba,0.0,False,False,1.0,1,4,450,121,12,1.0,1,4,450,121,12
0,575,173,18,4,mamba,0.0,False,False,1.0,1,4,302,76,12,1.0,1,4,302,76,12
0,576,173,19,2,mamba,0.0,False,False,1.0,1,2,548,165,19,1.0,1,2,548,165,19
0,577,173,19,2,mamba,0.0,False,False,1.0,1,2,456,121,19,1.0,1,2,456,121,19
0,578,173,19,2,mamba,0.0,False,False,1.0,1,2,456,121,19,1.0,1,2,456,121,19
0,579,173,19,2,mamba,0.0,False,False,1.0,1,2,432,109,22,1.0,1,2,432,109,22
0,620,195,0,2,mamba,0.0,False,False,0.02371967654986523,35,106,542,165,17,0.02371967654986523,35,106,542,165,17
0,621,195,0,2,mamba,0.1068376068376068,False,False,0.02063301282051282,39,128,542,165,17,0.021701388888888888,36,128,542,165,17
0,622,195,0,2,mamba,0.0002262717695150976,False,False,0.010372257460746595,118,163,36,9,0,0.010374520178441746,119,162,36,9,0
0,623,195,0,2,mamba,-0.014829521314374278,False,False,0.007213139957976733,158,247,36,9,0,0.00706484474483299,164,249,36,9,0
0,624,195,0,2,mamba,0.008760819926784125,False,False,0.011038529002600859,99,167,780,256,0,0.0111261372018687,98,166,780,256,0
0,625,195,0,2,mamba,0.13628067635036295,False,False,0.01833416293346607,49,123,777,256,0,0.0196969696969697,44,120,777,256,0
0,626,195,0,2,mamba,-0.1745951417004052,False,False,0.046153846153846156,15,78,542,165,17,0.044407894736842105,16,76,542,165,17
0,627,195,22,7,mamba,-0.07951533043185285,False,False,0.05097840600396617,22,148,416,103,11,0.05018325269964764,22,152,416,103,11
0,628,195,22,7,mamba,0.013770993478244564,False,False,0.027002690465976784,47,239,47,9,12,0.02714040040075923,45,243,47,9,12
0,696,234,0,3,mamba,0.005659915641633741,False,False,0.0065947779590958,276,319,823,268,0,0.006651377115512137,270,316,823,268,0
0,697,234,0,3,mamba,0.003036972651214876,False,False,0.007704655842967842,201,281,182,33,18,0.0077350255694799905,197,282,182,33,18
0,698,234,0,3,mamba,0.008866046661901508,False,False,0.011078263185004758,132,208,636,206,22,0.011166923651623773,133,209,636,206,22
0,699,234,0,3,mamba,0.024000153007118843,False,False,0.01173886194879229,132,211,842,274,0,0.011978863478863478,125,208,842,274,0
0,700,234,0,3,mamba,0.010196638803277713,False,False,0.007448949696336457,245,296,823,268,0,0.007550916084369234,241,293,823,268,0
0,701,234,0,3,mamba,0.00028134391938539755,False,False,0.008177731852234565,158,294,182,33,18,0.008180545291428419,157,294,182,33,18
0,702,234,0,3,mamba,-0.0074064226523574625,False,False,0.009912669899053034,173,237,350,91,13,0.00983860567252946,167,237,350,91,13
0,703,234,0,3,mamba,0.009110153522705073,False,False,0.007630017471158414,185,323,822,268,0,0.0077211190063854645,182,319,822,268,0
0,704,234,27,8,mamba,0.02924401449317035,False,False,0.022715775054031877,130,275,58,9,28,0.02300821519896358,129,267,58,9,28
0,705,234,27,8,mamba,-0.01915429368635653,False,False,0.015619895598522057,201,323,446,117,12,0.015428352661658491,202,326,446,117,12
0,706,234,27,8,mamba,-0.010699666433754487,False,False,0.019562661262608604,142,288,42,9,2,0.01945566459827106,142,289,42,9,2
1,7,5,2,17,mamba,0.631490300476012,False,False,0.7176368641222028,1,63,676,229,26,0.723951767126963,1,65,676,229,26
1,8,5,2,17,mamba,-0.590113072914511,False,False,0.6898039203110757,1,86,675,229,26,0.6839027895819306,1,88,675,229,26
1,9,5,2,17,mamba,2.7224303431259145,True,False,0.3727950556834931,2,247,252,56,5,0.4000193591147522,1,240,252,56,5
1,10,5,11,18,mamba,0.5012309356416833,False,False,0.6768666859452942,1,127,676,229,26,0.681878995301711,1,123,676,229,26
1,11,5,11,18,mamba,0.22231096463587452,False,False,0.4050635649306684,1,149,96,17,17,0.40728667457702716,1,147,96,17,17
1,12,5,12,18,mamba,0.6343757436653608,False,False,0.6891995703118359,1,70,474,130,22,0.6955433277484895,1,70,474,130,22
1,13,5,12,18,mamba,1.9803134211281104,False,False,0.6282307942667894,1,57,468,130,15,0.6480339284780705,1,58,468,130,15
1,14,5,17,17,mamba,0.2513162524307333,False,False,0.7320171535999367,1,113,676,229,26,0.734530316124244,1,124,474,130,22
1,15,5,17,17,mamba,1.0003389915474448,False,False,0.7974130266446546,1,63,676,229,26,0.8074164165601291,1,64,676,229,26
1,16,5,17,17,mamba,0.12922637787377012,False,False,0.29449910682458513,1,105,721,238,28,0.29579137060332283,1,104,721,238,28
1,17,5,28,16,mamba,-0.7329768643124623,False,False,0.5849107872111315,1,65,69,11,0,0.5775810185680069,1,67,69,11,0
1,18,5,28,16,mamba,-0.8981413421361051,False,False,0.5710624343760693,1,53,722,238,28,0.5620810209547082,1,52,722,238,28
1,19,5,28,16,mamba,-0.03168206822031783,False,False,0.6947551368106968,1,36,676,229,26,0.6944383161284936,1,34,676,229,26
1,20,5,28,16,mamba,-2.4978757106756344,False,False,0.6437251837747362,1,35,722,238,28,0.6187464266679799,1,36,722,238,28
1,21,5,30,14,mamba,-1.0842621078396064,False,False,0.3590423791303025,2,179,590,175,25,0.34819975805190645,2,180,590,175,25
1,22,5,30,14,mamba,0.29740615589320396,False,False,0.31598772393889557,1,126,809,264,0,0.3189617854978276,1,124,809,264,0
1,23,5,30,14,mamba,0.42206406505083116,False,False,0.7025894740180455,1,60,676,229,26,0.7068101146685538,1,58,676,229,26
1,24,5,30,14,mamba,0.9265803818737317,False,False,0.16467280077369953,2,222,722,238,28,0.17393860459243685,2,219,722,238,28
1,25,5,30,14,mamba,3.8834429114758926,False,False,0.25712114435049915,3,219,722,238,28,0.2959555734652581,2,213,722,238,28
1,26,5,30,14,mamba,1.874172285903386,False,False,0.485787602482718,1,140,679,229,30,0.5045293253417519,1,133,679,229,30
1,62,11,0,3,mamba,-0.009193111743866639,False,False,0.03233811961362716,32,113,989,318,0,0.032246188496188495,32,111,989,318,0
1,63,11,0,3,mamba,0.0,False,False,0.06916024935826916,15,101,1009,324,0,0.06916024935826916,15,101,1009,324,0
1,64,11,0,3,mamba,-0.5860586058605871,False,False,0.14323432343234324,5,101,1009,324,0,0.13737373737373737,5,99,1009,324,0
1,65,11,0,3,mamba,-0.6022408963585426,False,False,0.0976890756302521,8,119,1009,324,0,0.09166666666666667,8,120,1009,324,0
1,66,11,0,3,mamba,0.2335359094905065,False,False,0.3784313725490196,1,85,1015,324,0,0.38076673164392466,1,81,1015,324,0
1,67,11,0,3,mamba,0.0465928651835687,False,False,0.046679438058748406,12,135,1013,324,0,0.04714536671058409,12,138,1013,324,0
1,68,11,0,3,mamba,0.01543209876543189,False,False,0.06261022927689594,18,81,1009,324,0,0.06276455026455026,18,80,1009,324,0
1,69,11,0,3,mamba,0.0,False,False,0.14754901960784314,5,24,1009,324,0,0.14754901960784314,5,24,1009,324,0
1,70,11,2,8,mamba,0.09542495261884443,False,False,0.10805224140165798,5,119,20,5,28,0.10900649092784642,5,120,20,5,28
1,71,11,2,8,mamba,1.2419524919524916,False,False,0.7834595959595959,1,36,130,23,14,0.7958791208791208,1,35,130,23,14
1,72,11,2,8,mamba,0.03507131166705646,False,False,0.32317001902475123,2,94,130,23,14,0.3235207321414218,2,91,130,23,14
1,92,17,2,5,mamba,0.0,False,False,0.6738095238095239,1,42,721,238,28,0.6738095238095239,1,42,721,238,28
1,93,17,2,5,mamba,-0.04429678848284491,False,False,0.5575661375661376,1,54,11,5,11,0.5571231696813091,1,54,11,5,11
1,94,17,2,5,mamba,-0.5046439628483057,False,False,0.41877192982456146,1,20,233,46,8,0.4137254901960784,1,20,233,46,8
1,95,17,17,5,mamba,-0.6980056980056937,False,False,0.4763403263403263,1,26,910,294,0,0.46936026936026937,1,27,910,294,0
1,96,17,17,5,mamba,-0.05398110661268829,False,False,0.5347512617159337,1,73,721,238,28,0.5342114506498068,1,73,721,238,28
1,97,17,17,5,mamba,-3.451896143072608,False,False,0.381547619047619,3,16,721,238,28,0.34702865761689294,3,17,721,238,28
1,98,17,19,6,mamba,-0.19876299110170303,False,False,0.4022785458269329,1,36,525,157,16,0.40029091591591587,1,37,525,157,16
1,99,17,19,6,mamba,-4.166666666666669,False,False,0.2822751322751323,2,35,234,46,8,0.2406084656084656,4,35,234,46,8
1,123,23,3,11,mamba,0.034940600978328185,False,False,0.7156471474653293,1,54,602,181,20,0.7159965534751126,1,53,602,181,20
1,124,23,3,11,mamba,-2.4367269562294958,False,False,0.617558943788452,1,61,603,181,20,0.593191674226157,1,63,603,181,20
1,125,23,4,11,mamba,0.5380206308998825,False,False,0.5227364139128845,1,60,602,181,20,0.5281166202218833,1,57,602,181,20
1,126,23,4,11,mamba,-1.1464891697449908,False,False,0.6455210316359428,1,129,162,29,9,0.6340561399384929,1,130,162,29,9
1,127,23,5,11,mamba,0.10107816711589779,False,False,0.5103297639393897,1,56,602,181,20,0.5113405456105486,1,53,602,181,20
1,128,23,5,11,mamba,-4.660040328643744,False,True,0.5330481801085458,1,73,602,181,20,0.4864477768221084,2,68,602,181,20
1,129,23,14,11,mamba,-1.0920086119554084,False,False,0.7492325855962219,1,60,674,229,26,0.7383124994766678,1,64,674,229,26
1,130,23,14,11,mamba,-1.8845350959975415,False,False,0.33639838616006945,3,120,71,11,2,0.31755303520009404,4,117,71,11,2
1,131,23,17,10,mamba,1.2800693929726048,False,False,0.5789019314019315,1,65,602,181,20,0.5917026253316575,1,62,602,181,20
1,132,23,17,10,mamba,0.018549158825234557,False,False,0.1402279902922366,6,74,675,229,26,0.14041348188048894,6,72,675,229,26
1,133,23,17,10,mamba,0.23743600768021053,False,False,0.059070680137447096,30,151,475,130,22,0.0614450402142492,28,146,475,130,22
1,134,23,18,11,mamba,-0.36330439505701806,False,False,0.5084253387642135,1,40,163,29,18,0.5047922948136433,1,41,163,29,18
1,135,23,18,11,mamba,-0.6243469174503635,False,False,0.31318469323213155,4,60,164,29,18,0.3069412240576279,4,58,164,29,18
1,158,29,4,5,mamba,0.909090909090915,False,False,0.8909090909090909,1,11,123,23,3,0.9,1,10,123,23,3
1,159,29,4,5,mamba,0.37878787878786735,False,False,0.6416666666666667,1,24,123,23,3,0.6454545454545454,1,22,123,23,3
1,160,29,9,4,mamba,7.916666666666661,False,False,0.7708333333333334,1,12,127,23,5,0.85,1,10,127,23,5
1,161,29,9,4,mamba,0.0,False,False,0.625,1,16,218,42,5,0.625,1,16,218,42,5
1,162,29,9,4,mamba,0.0,False,False,0.7019230769230769,1,13,123,23,3,0.7019230769230769,1,13,123,23,3
1,163,29,18,5,mamba,0.4761904761904745,False,False,0.6833333333333333,1,15,135,23,18,0.6880952380952381,1,14,135,23,18
1,164,29,18,5,mamba,2.342338217338216,False,False,0.22380952380952382,4,33,135,23,18,0.24723290598290598,4,32,135,23,18
1,185,35,4,5,mamba,-3.3333333333333437,False,False,0.7690476190476191,1,28,232,46,5,0.7357142857142857,1,28,232,46,5
1,186,35,4,5,mamba,0.0,False,False,0.6191919191919192,1,33,238,46,12,0.6191919191919192,1,33,238,46,12
1,187,35,4,5,mamba,0.0,False,False,0.7516666666666667,1,24,235,46,9,0.7516666666666667,1,24,235,46,9
1,188,35,5,6,mamba,-0.11494252873562871,False,False,0.6455938697318008,1,29,231,46,5,0.6444444444444445,1,30,231,46,5
1,189,35,5,6,mamba,0.0,False,False,0.8809523809523809,1,21,232,46,5,0.8809523809523809,1,21,232,46,5
1,190,35,18,5,mamba,0.0,False,False,0.925,1,8,238,46,12,0.925,1,8,238,46,12
1,191,35,18,5,mamba,-0.8333333333333359,False,False,0.367156862745098,3,17,235,46,9,0.35882352941176465,3,17,235,46,9
1,192,35,18,5,mamba,-0.563480579216219,False,False,0.10213250164469675,11,41,239,46,12,0.09649769585253457,12,42,239,46,12
1,222,46,0,13,mamba,-0.07442743402380769,False,False,0.04983388594706154,38,239,866,282,0,0.049089611606823465,39,241,866,282,0
1,223,46,0,13,mamba,-0.045172029160048255,False,False,0.05867179435439365,34,196,812,264,0,0.05822007406279317,35,199,812,264,0
1,224,46,0,13,mamba,-0.19170425888394294,False,False,0.12047811798369149,8,148,872,282,0,0.11856107539485206,9,146,872,282,0
1,225,46,0,13,mamba,-0.1818940025744356,False,False,0.0825704764677179,19,206,872,282,0,0.08075153644197354,19,214,872,282,0
1,226,46,0,13,mamba,0.06639745104511652,False,False,0.03689763587875384,43,291,67,11,0,0.037561610389205004,42,290,67,11,0
1,227,46,0,13,mamba,0.012093132333870077,False,False,0.04876330796262356,24,243,871,282,0,0.048884239285962264,24,242,871,282,0
1,228,46,0,13,mamba,0.13202512747173822,False,False,0.06864076870072743,34,208,813,264,0,0.06996101997544481,31,210,813,264,0
1,229,46,0,13,mamba,0.019144971918517648,False,False,0.029282346258021348,62,304,871,282,0,0.029473795977206525,62,303,871,282,0
1,230,46,5,18,mamba,0.8804173731260467,False,False,0.2931072044672751,1,193,191,35,18,0.3019113781985356,1,186,191,35,18
1,231,46,5,18,mamba,0.16412218021360503,False,False,0.34411263200475006,1,245,188,35,5,0.3457538538068861,1,239,188,35,5
1,232,46,5,18,mamba,0.21109692868965801,False,False,0.3860138921052323,1,217,185,35,4,0.3881248613921289,1,213,185,35,4
1,233,46,8,19,mamba,0.20713504572202335,False,False,0.30004409680572336,3,254,94,17,2,0.3021154472629436,3,249,94,17,2
1,234,46,8,19,mamba,0.001355243171149989,False,False,0.2131867405225433,2,226,99,17,19,0.2132002929542548,2,218,99,17,19
1,235,46,9,18,mamba,-0.5688783990330959,False,False,0.38635703822245826,1,222,191,35,18,0.3806682542321273,1,221,191,35,18
1,236,46,9,18,mamba,-0.429085126444001,False,False,0.45543377775750365,1,201,191,35,18,0.45114292649306365,1,198,191,35,18
1,237,46,9,18,mamba,-5.057365712815265,False,True,0.3436733387938651,1,224,529,157,24,0.29309968166571243,2,220,529,157,24
1,238,46,12,19,mamba,1.0185588327648987,False,False,0.3403079961986156,1,155,186,35,4,0.3504935845262646,1,154,186,35,4
1,239,46,12,19,mamba,0.5288293603838257,False,False,0.49608160386322003,1,158,528,157,24,0.5013698974670583,1,152,528,157,24
1,240,46,17,18,mamba,0.22050697264862085,False,False,0.25473288354007156,1,193,245,50,5,0.2569379532665578,1,190,245,50,5
1,241,46,17,18,mamba,0.035995600280486206,False,False,0.45754134623968096,1,160,552,167,17,0.4579013022424858,1,162,552,167,17
1,242,46,17,18,mamba,2.2471101536095994,False,False,0.5566104816621588,1,57,192,35,18,0.5790815831982548,1,61,192,35,18
1,278,68,0,7,mamba,-0.8592533469944375,False,False,0.13826916404315784,5,104,866,282,0,0.12967663057321346,6,104,866,282,0
1,279,68,0,7,mamba,-0.21483510488696095,False,False,0.11129566297586582,10,142,225,46,0,0.10914731192699621,10,141,225,46,0
1,280,68,0,7,mamba,-5.280112044817931,False,False,0.6153552330022919,1,28,945,306,0,0.5625541125541126,1,30,945,306,0
1,281,68,0,7,mamba,-8.0952380952381,False,False,0.572108843537415,1,42,814,264,0,0.491156462585034,1,42,814,264,0
1,282,68,0,7,mamba,0.0,False,False,0.8841698841698842,1,37,222,46,0,0.8841698841698842,1,37,222,46,0
1,283,68,0,7,mamba,-0.4436040150325893,False,False,0.25769944341372913,4,33,945,306,0,0.25326340326340324,4,35,945,306,0
1,284,68,0,7,mamba,0.22197125815039132,False,False,0.08508567056117795,18,112,711,238,0,0.08730538314268187,17,113,711,238,0
1,285,68,8,12,mamba,0.5532622405687526,False,False,0.8184558618769144,1,38,233,46,8,0.823988484282602,1,34,233,46,8
1,286,68,8,12,mamba,-0.0340921434230923,False,False,0.588293131303686,1,162,189,35,5,0.5879522098694551,1,161,189,35,5
1,287,68,29,9,mamba,-1.1319692844240725,False,False,0.6575325908659242,1,44,580,175,18,0.6462128980216835,1,43,583,175,19
1,288,68,29,9,mamba,-3.222500173719678,False,False,0.5026360721482672,1,41,505,142,16,0.47041107041107044,1,39,505,142,16
1,289,68,29,9,mamba,0.2325680234287808,False,False,0.5733878172283969,1,66,191,35,18,0.5757134974626847,1,62,191,35,18
1,290,68,29,9,mamba,2.37779039711406,False,False,0.48322332525231076,1,46,583,175,19,0.5070012292234514,1,44,583,175,19
1,291,68,29,9,mamba,0.3338143338143418,False,False,0.6532716049382716,1,25,583,175,19,0.656609748276415,1,22,583,175,19
1,304,78,10,5,mamba,0.0,False,False,1.0,1,5,585,175,19,1.0,1,5,582,175,19
1,305,78,10,5,mamba,0.0,False,False,1.0,1,5,585,175,19,1.0,1,5,585,175,19
1,306,78,16,4,mamba,0.0,False,False,1.0,1,4,582,175,19,1.0,1,4,582,175,19
1,307,78,16,4,mamba,0.0,False,False,1.0,1,4,582,175,19,1.0,1,4,582,175,19
1,308,78,16,4,mamba,0.0,False,False,1.0,1,4,585,175,19,1.0,1,4,585,175,19
1,309,78,22,5,mamba,0.0,False,False,1.0,1,5,585,175,19,1.0,1,5,585,175,19
1,310,78,22,5,mamba,0.0,False,False,1.0,1,5,585,175,19,1.0,1,5,585,175,19
1,324,85,0,2,mamba,0.0031036623215394132,False,False,0.008380414312617702,177,180,889,288,0,0.008411450935833096,177,179,889,288,0
1,325,85,0,2,mamba,0.0163634152558996,False,False,0.013611694677871149,96,119,991,318,0,0.013775328830430145,97,116,991,318,0
1,326,85,0,2,mamba,-0.01685847349250872,False,False,0.012895141078502708,93,133,889,288,0,0.012726556343577621,94,135,889,288,0
1,327,85,0,2,mamba,-0.008656746898564466,False,False,0.01141304347826087,120,138,991,318,0,0.011326476009275225,121,139,991,318,0
1,328,85,0,2,mamba,-0.0030710544843722855,False,False,0.0077351916376306624,175,205,991,318,0,0.00770448109278694,174,207,991,318,0
1,329,85,0,2,mamba,-0.016229975246368628,False,False,0.009198209198209198,135,182,991,318,0,0.009035909445745512,140,183,991,318,0
1,330,85,0,2,mamba,0.007312590245406574,False,False,0.007157019198220416,183,226,889,288,0,0.007230145100674482,177,227,889,288,0
1,331,85,0,2,mamba,0.01814223512336746,False,False,0.02177964127649662,53,81,413,101,16,0.021961063627730294,52,81,413,101,16
1,332,85,10,8,mamba,-0.16624454094422703,False,False,0.04406292989618855,49,146,639,208,22,0.04240048448674628,50,157,639,208,22
1,333,85,10,8,mamba,-0.12320915936069252,False,False,0.05040474181659185,47,121,1029,330,0,0.04917265022298493,46,126,1029,330,0
1,351,93,10,2,mamba,-0.019672131147541183,False,False,0.03451251078515962,19,122,327,85,0,0.03431578947368421,19,125,162,29,9
1,352,93,10,2,mamba,1.2499999999999998,False,False,0.06265822784810127,10,79,327,85,0,0.07515822784810126,8,79,327,85,0
1,353,93,28,2,mamba,0.003731248859932708,False,False,0.013436713485426646,109,113,583,175,19,0.013474025974025973,110,112,583,175,19
1,354,93,28,2,mamba,0.16499442586399293,False,False,0.07681159420289854,15,23,991,318,0,0.07846153846153847,13,25,991,318,0
1,404,101,11,7,mamba,-5.524387892808935,False,False,0.7639455782312925,1,15,328,85,0,0.7087016993032031,1,19,328,85,0
1,405,101,11,7,mamba,1.072494756705289,False,False,0.5524356595785167,1,39,326,85,0,0.5631606071455696,1,45,326,85,0
1,406,101,11,7,mamba,-0.36101579850956744,False,False,0.5689247311827957,1,31,329,85,0,0.5653145731977001,1,32,329,85,0
1,407,101,13,7,mamba,-6.736834593977448,False,False,0.7757326007326008,1,13,328,85,0,0.7083642547928263,1,15,328,85,0
1,408,101,13,7,mamba,1.1544011544011412,False,False,0.6375156123055283,1,18,326,85,0,0.6490596238495397,1,18,326,85,0
1,409,101,13,7,mamba,0.3896103896103842,False,False,0.5255056568081778,1,17,327,85,0,0.5294017607042817,1,17,327,85,0
1,410,101,15,8,mamba,0.026552287581699252,False,False,0.34366277105247695,5,21,710,236,28,0.34392829392829394,5,21,710,236,28
1,411,101,15,8,mamba,-0.5494505494505586,False,False,0.5217417998667999,3,13,708,236,28,0.5162472943722943,3,14,708,236,28
1,412,101,16,8,mamba,-1.9404087292018368,False,False,0.4657057023436334,2,29,427,107,11,0.44630161505161503,2,30,427,107,11
1,413,101,16,8,mamba,-0.9169996669996683,False,False,0.45690628815628814,2,21,331,85,0,0.44773629148629146,2,22,331,85,0
1,435,113,12,3,mamba,0.2524291688940604,False,False,0.05833333333333333,12,60,72,11,2,0.06085762502227393,11,59,72,11,2
1,436,113,12,3,mamba,0.005830418124269654,False,False,0.22892720306513412,2,29,72,11,2,0.2289855072463768,2,30,72,11,2
1,437,113,19,2,mamba,0.16639610389610412,False,False,0.031818181818181815,30,66,16,5,17,0.033482142857142856,28,64,16,5,17
1,438,113,19,2,mamba,1.1111111111111098,False,False,0.225,4,10,512,148,16,0.2361111111111111,4,9,512,148,16
1,439,113,19,2,mamba,0.07722007722007693,False,False,0.033121356650768416,37,51,512,148,16,0.033893557422969185,35,51,512,148,16
1,464,130,13,10,mamba,2.9545016830153314,False,False,0.6622841771210394,1,67,500,140,16,0.6918291939511927,1,67,500,140,16
1,465,130,13,10,mamba,-0.07142857142857784,False,False,0.6516049491049491,1,37,946,306,0,0.6508906633906634,1,37,946,306,0
1,466,130,15,9,mamba,-0.4981279920310222,False,False,0.4544737320933505,1,99,10,5,11,0.4494924521730403,1,102,10,5,11
1,467,130,15,9,mamba,0.9947876938723677,False,False,0.6381196299674561,1,24,944,306,0,0.6480675069061798,1,23,944,306,0
1,468,130,15,9,mamba,-0.34327850117323866,False,False,0.5493080154457863,1,37,13,5,12,0.545875230434054,1,39,13,5,12
1,469,130,16,8,mamba,-0.04518072289156905,False,False,0.5828983516483517,1,80,503,140,24,0.582446544419436,1,83,503,140,24
1,470,130,16,8,mamba,-0.29761904761904656,False,False,0.4668837975441749,1,53,503,140,24,0.46390760706798445,1,53,503,140,24
1,471,130,16,8,mamba,-0.4039502164502162,False,False,0.31933531746031746,4,75,503,140,24,0.3152958152958153,4,77,503,140,24
1,472,130,16,8,mamba,0.5681818181818121,False,False,0.5228696741854637,1,19,629,198,22,0.5285514923672818,1,19,629,198,22
1,473,130,22,9,mamba,0.0,False,False,0.7181115181115181,1,15,498,140,16,0.7181115181115181,1,15,498,140,16
1,474,130,22,9,mamba,0.0,False,False,0.49518482546260323,1,40,503,140,24,0.49518482546260323,1,40,503,140,24
1,475,130,22,9,mamba,-1.3385225885225838,False,False,0.7838624338624338,1,15,629,198,22,0.770477207977208,1,16,629,198,22
1,496,140,15,7,mamba,-0.1354774798413172,False,False,0.390520823714101,1,130,526,157,16,0.38916604891568785,1,134,526,157,16
1,497,140,15,7,mamba,1.095241557634452,False,False,0.2901875943123227,2,207,660,223,23,0.30114000988866724,2,200,660,223,23
1,498,140,16,6,mamba,0.2764408793820561,False,False,0.37833333333333335,2,50,473,130,22,0.3810977421271539,2,51,473,130,22
1,499,140,16,6,mamba,0.8784075873367492,False,False,0.35929569220640056,1,186,190,35,18,0.36807976807976805,1,185,468,130,15
1,500,140,16,6,mamba,-0.22569207085730847,False,False,0.15267540267540267,3,132,186,35,4,0.15041848196682958,3,129,186,35,4
1,501,140,24,5,mamba,-6.190476190476179,False,False,0.7055555555555555,1,15,467,130,15,0.6436507936507937,1,14,467,130,15
1,502,140,24,5,mamba,0.0,False,False,0.8155555555555555,1,18,468,130,15,0.8155555555555555,1,18,468,130,15
1,503,140,24,5,mamba,2.508563899868249,False,False,0.18197210197210198,5,27,474,130,22,0.20705774097078447,3,27,474,130,22
1,504,140,24,5,mamba,-0.3636363636363632,False,False,0.17236630036630035,6,26,474,130,22,0.16872993672993672,6,26,474,130,22
1,525,157,16,4,mamba,0.0,False,False,0.7541666666666667,1,15,583,175,19,0.7541666666666667,1,15,583,175,19
1,526,157,16,4,mamba,-0.8928571428571508,False,False,0.6101190476190477,1,21,496,140,15,0.6011904761904762,1,21,496,140,15
1,527,157,24,2,mamba,-0.32679738562091387,False,False,0.22549019607843135,3,17,237,46,9,0.2222222222222222,3,18,237,46,9
1,528,157,24,2,mamba,0.0,False,False,0.1534090909090909,8,11,239,46,12,0.1534090909090909,8,11,239,46,12
1,529,157,24,2,mamba,-0.34782608695652084,False,False,0.06728778467908902,21,23,231,46,5,0.06380952380952382,21,25,231,46,5
1,530,157,24,2,mamba,0.0,False,False,0.7,1,5,237,46,9,0.7,1,5,237,46,9
1,550,167,17,2,mamba,0.0,False,False,0.225,4,10,95,17,17,0.225,4,10,95,17,17
1,551,167,17,2,mamba,0.0,False,False,0.3611111111111111,2,9,590,175,25,0.3611111111111111,2,9,590,175,25
1,552,167,17,2,mamba,0.0,False,False,1.0,1,2,580,175,18,1.0,1,2,580,175,18
1,553,167,18,3,mamba,0.0,False,False,0.3666666666666667,2,30,580,175,18,0.3666666666666667,2,30,580,175,18
1,554,167,18,3,mamba,0.21645021645022022,False,False,0.43006993006993005,1,22,580,175,18,0.43223443223443225,1,21,580,175,18
1,580,175,18,10,mamba,-0.5865153078775442,False,False,0.5920681605975724,3,18,553,167,18,0.586203007518797,3,19,553,167,18
1,581,175,18,10,mamba,0.0,False,False,0.9018939393939395,1,15,551,167,17,0.9018939393939395,1,15,551,167,17
1,582,175,19,8,mamba,-0.29761904761904656,False,False,0.4060487495913697,2,23,306,78,16,0.40307255911517925,2,23,306,78,16
1,583,175,19,8,mamba,1.4880952380952328,False,False,0.7270050125313283,1,20,849,276,0,0.7418859649122806,1,20,849,276,0
1,584,175,19,8,mamba,-0.4559676434676474,False,False,0.5869752506265664,1,28,289,68,29,0.5824155741918899,1,28,289,68,29
1,585,175,19,8,mamba,-0.15851449275361973,False,False,0.37345667617406747,1,26,310,78,22,0.3718715312465313,1,26,310,78,22
1,586,175,25,6,mamba,-7.587218834021902,False,False,0.6266339869281046,1,34,20,5,28,0.5507617985878855,1,39,15,5,17
1,587,175,25,6,mamba,0.9487893642305456,False,False,0.4917171717171717,1,50,674,229,26,0.5012050653594772,1,51,674,229,26
1,588,175,25,6,mamba,-1.1904761904761862,False,False,0.7452380952380953,1,15,551,167,17,0.7333333333333334,1,15,551,167,17
1,589,175,25,6,mamba,0.0,False,False,0.6796296296296296,1,20,551,167,17,0.6796296296296296,1,20,551,167,17
1,590,175,25,6,mamba,-0.9913673071567819,False,False,0.39007240323029796,2,38,551,167,17,0.38015873015873014,2,42,551,167,17
1,591,175,25,6,mamba,-1.518174521270499,False,False,0.6709461562402739,1,34,677,229,26,0.6557644110275689,1,35,677,229,26
1,672,229,26,5,mamba,-0.4761904761904745,False,False,0.7814285714285714,1,14,734,244,29,0.7766666666666666,1,15,734,244,29
1,673,229,26,5,mamba,0.0,False,False,0.6111688311688311,1,22,135,23,18,0.6111688311688311,1,22,135,23,18
1,674,229,26,5,mamba,-1.7857142857142794,False,False,0.9028571428571428,1,7,890,288,0,0.885,1,8,890,288,0
1,675,229,26,5,mamba,0.4761904761904745,False,False,0.72,1,15,132,23,17,0.7247619047619047,1,14,8,5,2
1,676,229,26,5,mamba,0.006914103905665547,False,False,0.020179244078771773,102,204,23,5,30,0.020248385117828428,106,204,23,5,30
1,677,229,26,5,mamba,0.0,False,False,1.0,1,5,132,23,17,1.0,1,5,132,23,17
1,678,229,26,5,mamba,0.0,False,False,1.0,1,5,890,288,0,1.0,1,5,890,288,0
1,679,229,30,7,mamba,1.52429971136262,False,False,0.8270782889426957,1,177,26,5,30,0.842321286056322,1,179,26,5,30
1,680,229,30,7,mamba,-0.0017005067510122984,False,False,0.7803227075954349,1,242,991,318,0,0.7803057025279247,1,243,991,318,0
1,681,229,30,7,mamba,0.5411255411255311,False,False,0.6305860805860807,1,195,783,258,0,0.635997335997336,1,195,783,258,0
1,682,229,30,7,mamba,-0.01623692927192888,False,False,0.8153041563446187,1,173,892,288,0,0.8151417870518994,1,178,892,288,0
1,683,229,30,7,mamba,-0.012439667612085259,False,False,0.8621933621933622,1,198,890,288,0,0.8620689655172413,1,203,890,288,0
1,711,238,0,5,mamba,-0.3371789385910054,False,False,0.10673639226270806,13,40,906,294,0,0.10336460287679801,13,41,906,294,0
1,712,238,0,5,mamba,-0.033463960085367006,False,False,0.10476626732440686,12,50,910,294,0,0.10443162772355319,12,49,910,294,0
1,713,238,0,5,mamba,0.6666666666666599,False,False,0.2854901960784314,4,17,908,294,0,0.292156862745098,4,17,908,294,0
1,714,238,0,5,mamba,0.2614379084967422,False,False,0.47892720306513403,1,29,95,17,17,0.48154158215010145,1,29,95,17,17
1,715,238,0,5,mamba,-1.0397316821465385,False,False,0.2605226301046734,3,51,226,46,0,0.25012531328320803,3,57,226,46,0
1,716,238,0,5,mamba,1.842923158712631,False,False,0.21354312354312355,5,39,284,68,0,0.23197235513024986,5,38,284,68,0
1,717,238,0,5,mamba,-0.1463555937240152,False,False,0.09589743589743589,7,65,226,46,0,0.09443387996019574,8,65,226,46,0
1,718,238,0,5,mamba,-0.03825331410407806,False,False,0.051387034929617895,30,78,813,264,0,0.051004501788577114,29,78,813,264,0
1,719,238,28,8,mamba,0.006199845335322363,False,False,0.12257244261251095,15,110,539,163,17,0.12263444106586417,15,109,539,163,17
1,720,238,28,8,mamba,-0.44682033949557387,False,False,0.30021347591998354,1,49,19,5,28,0.2957452725250278,1,52,19,5,28
1,721,238,28,8,mamba,-0.026706668498981123,False,False,0.08291562445969211,20,103,96,17,17,0.0826485577747023,19,104,96,17,17
1,722,238,28,8,mamba,-0.1978922634390451,False,False,0.09902137838787828,17,68,20,5,28,0.09704245575348783,18,72,20,5,28
1,723,238,28,8,mamba,-0.11443921002744495,False,False,0.2969932498057498,1,55,539,163,17,0.29584885770547537,1,54,539,163,17
2,27,7,2,5,mamba,-1.3072543257855536,False,False,0.1824409998603547,4,93,102,19,3,0.16936845660249916,4,94,102,19,3
2,28,7,2,5,mamba,-1.4285714285714235,False,False,0.5313317191283293,1,118,168,31,14,0.5170460048426151,1,118,168,31,14
2,29,7,7,4,mamba,-0.14601869159963782,False,False,0.04357087798001403,26,76,562,171,26,0.04211069106401765,28,74,562,171,26
2,30,7,7,4,mamba,1.0044927932858965,False,False,0.1648148148148148,9,27,770,254,30,0.17485974274767377,8,29,770,254,30
2,31,7,7,4,mamba,0.024335250420245286,False,False,0.039776528687710935,48,73,770,254,30,0.04001988119191339,49,71,770,254,30
2,32,7,14,5,mamba,0.3586590543112278,False,False,0.19454545454545455,2,55,112,19,12,0.19813204508856683,2,54,112,19,12
2,33,7,14,5,mamba,0.6259398496240604,False,False,0.1958204334365325,2,76,110,19,9,0.2020798319327731,2,80,110,19,9
2,73,13,2,7,mamba,2.2687536553082754,False,False,0.25816326530612244,6,35,488,136,15,0.2808508018592052,4,34,488,136,15
2,74,13,2,7,mamba,4.312030075187967,False,False,0.5121971595655807,1,45,685,231,26,0.5553174603174603,1,40,685,231,26
2,75,13,7,7,mamba,4.253719752741275,False,False,0.4851272015655577,1,73,663,225,24,0.5276643990929705,1,70,663,225,24
2,76,13,7,7,mamba,1.1628583057154418,False,False,0.5382508558979148,1,27,601,179,29,0.5498794389550692,1,26,601,179,29
2,77,13,10,7,mamba,-0.6077097505668871,False,False,0.532312925170068,2,49,663,225,24,0.5262358276643991,2,50,663,225,24
2,78,13,10,7,mamba,0.5494505494505475,False,False,0.3857186464329322,6,15,664,225,24,0.39121315192743766,6,15,664,225,24
2,79,13,28,6,mamba,0.717703349282306,False,False,0.8311688311688311,1,22,757,252,30,0.8383458646616542,1,19,757,252,30
2,80,13,28,6,mamba,0.21043771043770532,False,False,0.6202020202020202,1,27,758,252,30,0.6223063973063973,1,22,758,252,30
2,81,13,28,6,mamba,-0.6335282651072194,False,False,0.7192982456140351,1,19,685,231,26,0.7129629629629629,1,18,685,231,26
2,100,19,3,11,mamba,0.0,False,False,0.9585576040121495,1,13,168,31,14,0.9585576040121495,1,13,168,31,14
2,101,19,3,11,mamba,0.0,False,False,0.986013986013986,1,13,343,87,10,0.986013986013986,1,13,343,87,10
2,102,19,3,11,mamba,-0.268065268065254,False,False,0.9777495232040686,1,13,168,31,14,0.9750688705234161,1,12,168,31,14
2,103,19,5,11,mamba,0.5827505827505797,False,False,0.9547785547785548,1,15,168,31,14,0.9606060606060606,1,15,168,31,14
2,104,19,5,11,mamba,-0.6198347107438051,False,False,0.9329105238196148,1,14,342,87,10,0.9267121767121768,1,14,342,87,10
2,105,19,5,11,mamba,1.1648957103502555,False,False,0.9606060606060606,1,15,343,87,10,0.9722550177095631,1,14,343,87,10
2,106,19,7,11,mamba,-1.298701298701288,False,False,0.8870558734195098,1,15,167,31,14,0.8740688604324969,1,15,167,31,14
2,107,19,7,11,mamba,0.0,False,False,0.9515151515151515,1,15,343,87,10,0.9515151515151515,1,15,343,87,10
2,108,19,7,11,mamba,0.8333333333333304,False,False,0.8769119769119769,1,22,534,161,17,0.8852453102453102,1,20,534,161,17
2,109,19,9,12,mamba,1.37426900584795,False,False,0.7913299663299663,1,20,168,31,14,0.8050726563884458,1,19,168,31,14
2,110,19,9,12,mamba,0.0,False,False,0.9752747252747253,1,14,168,31,14,0.9752747252747253,1,14,168,31,14
2,111,19,12,11,mamba,0.0,False,False,0.793444055944056,1,16,168,31,14,0.793444055944056,1,16,168,31,14
2,112,19,12,11,mamba,0.0,False,False,0.986013986013986,1,13,168,31,14,0.986013986013986,1,13,168,31,14
2,113,19,12,11,mamba,0.3676470588235281,False,False,0.9679144385026738,1,17,343,87,10,0.9715909090909091,1,16,343,87,10
2,136,25,3,12,mamba,-1.7350863709559294,False,False,0.8246118597940848,1,26,167,31,14,0.8072609960845255,1,26,167,31,14
2,137,25,3,12,mamba,-0.14822134387352248,False,False,0.7318603809983121,1,29,372,97,24,0.7303781675595769,1,29,372,97,24
2,138,25,5,12,mamba,0.263157894736854,False,False,0.8987268518518517,1,20,370,97,24,0.9013584307992203,1,19,370,97,24
2,139,25,5,12,mamba,-0.10752688172044333,False,False,0.7871869438087974,1,30,370,97,24,0.786111674991593,1,31,370,97,24
2,140,25,7,11,mamba,-0.6602918280549874,False,False,0.4617227469500197,1,60,417,105,11,0.4551198286694698,1,64,417,105,11
2,141,25,7,11,mamba,0.0,False,False,0.7669739351557534,1,26,365,97,11,0.7669739351557534,1,26,365,97,11
2,142,25,7,11,mamba,0.15741833923652582,False,False,0.672002072002072,1,27,367,97,13,0.6735762553944372,1,27,367,97,13
2,143,25,9,10,mamba,0.2631578947368429,False,False,0.711484348984349,1,20,370,97,24,0.7141159279317174,1,19,370,97,24
2,144,25,9,10,mamba,-2.33471359558316,False,False,0.7002621939464044,1,21,165,31,4,0.6769150579905728,1,23,165,31,4
2,145,25,9,10,mamba,-0.3578548644338264,False,False,0.8256944444444445,1,32,372,97,24,0.8221158958001062,1,33,372,97,24
2,146,25,9,10,mamba,0.0,False,False,0.9532467532467532,1,14,370,97,24,0.9532467532467532,1,14,370,97,24
2,147,25,14,11,mamba,-1.8791814246359562,False,False,0.9649678604224058,1,12,370,97,24,0.9461760461760462,1,14,370,97,24
2,148,25,14,11,mamba,0.0,False,False,0.9087041746132656,1,15,370,97,24,0.9087041746132656,1,15,370,97,24
2,149,25,14,11,mamba,-1.9215409913084347,False,False,0.8260582746506859,1,43,370,97,24,0.8068428647376016,1,45,372,97,24
2,165,31,4,2,mamba,0.0,False,False,0.8333333333333333,1,3,109,19,9,0.8333333333333333,1,3,109,19,9
2,166,31,4,2,mamba,0.0,False,False,0.26666666666666666,3,10,109,19,9,0.26666666666666666,3,10,109,19,9
2,167,31,14,2,mamba,0.0,False,False,0.3333333333333333,3,6,106,19,7,0.3333333333333333,3,6,106,19,7
2,168,31,14,2,mamba,0.0,False,False,0.6111111111111112,1,9,109,19,9,0.6111111111111112,1,9,109,19,9
2,193,38,4,9,mamba,0.0,False,False,0.9467813051146384,1,10,631,203,22,0.9467813051146384,1,10,631,203,22
2,194,38,4,9,mamba,0.9876543209876409,False,False,0.896969696969697,1,33,113,19,12,0.9068462401795734,1,33,113,19,12
2,195,38,4,9,mamba,-0.21645021645021467,False,False,0.8252152712937026,1,21,167,31,14,0.8230507691292005,1,22,167,31,14
2,196,38,5,10,mamba,0.5494505494505697,False,False,0.9714285714285713,1,14,631,203,22,0.976923076923077,1,13,631,203,22
2,197,38,5,10,mamba,-1.1904761904761973,False,False,0.9651515151515152,1,12,631,203,22,0.9532467532467532,1,14,631,203,22
2,198,38,9,10,mamba,0.0,False,False,0.9909090909090909,1,11,534,161,17,0.9909090909090909,1,11,534,161,17
2,199,38,9,10,mamba,-1.000000000000012,False,False,0.976923076923077,1,13,113,19,12,0.9669230769230769,1,13,113,19,12
2,200,38,14,8,mamba,0.0,False,False,0.9317956349206349,1,9,109,19,9,0.9317956349206349,1,9,109,19,9
2,201,38,14,8,mamba,0.0,False,False,0.9704861111111112,1,9,535,161,17,0.9704861111111112,1,9,535,161,17
2,202,38,14,8,mamba,0.0,False,False,1.0,1,8,534,161,17,1.0,1,8,534,161,17
2,203,38,14,8,mamba,0.0,False,False,0.975,1,10,295,71,9,0.975,1,10,534,161,17
2,204,38,18,11,mamba,0.0,False,False,0.9121651295564338,1,23,631,203,22,0.9121651295564338,1,23,631,203,22
2,257,60,7,2,mamba,2.500000000000002,False,False,0.6,1,10,724,240,28,0.625,1,8,724,240,28
2,258,60,7,2,mamba,-0.4761904761904745,False,False,0.23809523809523808,3,14,728,240,28,0.23333333333333334,3,15,728,240,28
2,259,60,7,2,mamba,2.500000000000002,False,False,0.6,1,10,556,169,18,0.625,1,8,556,169,18
2,260,60,12,3,mamba,0.15873015873015817,False,False,0.3973374295954941,1,31,739,246,29,0.3989247311827957,1,31,739,246,29
2,261,60,12,3,mamba,0.42735042735042583,False,False,0.2893772893772894,2,14,556,169,18,0.29365079365079366,2,14,556,169,18
2,292,71,8,1,mamba,0.0,False,False,0.5,2,2,632,203,22,0.5,2,2,632,203,22
2,293,71,8,1,mamba,0.0,False,False,0.3333333333333333,3,3,317,80,28,0.3333333333333333,3,3,317,80,28
2,294,71,8,1,mamba,0.0,False,False,1.0,1,1,107,19,7,1.0,1,1,107,19,7
2,295,71,9,3,mamba,-0.5494505494505503,False,False,0.1986161986161986,7,13,316,80,28,0.1931216931216931,7,14,316,80,28
2,311,80,10,5,mamba,0.41407867494823725,False,False,0.8034782608695652,1,23,536,161,17,0.8076190476190476,1,21,536,161,17
2,312,80,10,5,mamba,0.0,False,False,0.7302564102564102,1,13,536,161,17,0.7302564102564102,1,13,201,38,14
2,313,80,22,5,mamba,0.29239766081869956,False,False,0.8526315789473685,1,19,536,161,17,0.8555555555555555,1,18,536,161,17
2,314,80,22,5,mamba,0.7319581003791598,False,False,0.7097744360902255,1,19,536,161,17,0.7170940170940171,1,18,536,161,17
2,315,80,28,4,mamba,-0.21645021645022022,False,False,0.3861607142857143,2,21,631,203,22,0.3839962121212121,2,22,631,203,22
2,316,80,28,4,mamba,-0.1538461538461544,False,False,0.37333333333333335,3,25,295,71,9,0.3717948717948718,3,26,295,71,9
2,317,80,28,4,mamba,0.10822510822510734,False,False,0.17529137529137528,3,44,534,161,17,0.17637362637362636,3,42,534,161,17
2,334,87,0,2,mamba,8.333333333333332,False,False,0.19696969696969696,3,33,759,254,0,0.2803030303030303,2,33,759,254,0
2,335,87,0,2,mamba,0.7732259570494865,False,False,0.08680555555555555,16,18,108,19,7,0.09453781512605042,14,17,108,19,7
2,336,87,0,2,mamba,-0.3710178710178702,False,False,0.06439393939393939,12,44,797,260,0,0.06068376068376069,13,45,797,260,0
2,337,87,0,2,mamba,-1.165413533834589,False,False,0.14761904761904762,5,21,762,254,0,0.13596491228070173,6,19,762,254,0
2,338,87,0,2,mamba,0.0,False,False,0.07222222222222223,10,45,762,254,0,0.07222222222222223,10,45,762,254,0
2,339,87,0,2,mamba,0.0,False,False,0.08866995073891626,7,58,762,254,0,0.08866995073891626,7,58,762,254,0
2,340,87,0,2,mamba,0.04133897963299049,False,False,0.013475499092558983,76,145,860,278,0,0.013888888888888888,72,144,860,278,0
2,341,87,0,2,mamba,0.37878787878787984,False,False,0.11858974358974358,12,13,766,254,0,0.12237762237762238,11,13,766,254,0
2,342,87,10,8,mamba,-0.11829070402922665,False,False,0.08772784632343691,21,147,767,254,30,0.08654493928314465,21,150,767,254,30
2,343,87,10,8,mamba,-0.3864341590219089,False,False,0.12869412127224628,14,108,102,19,3,0.12482977968202719,14,106,102,19,3
2,357,97,0,9,mamba,0.5124342843641161,False,False,0.6837785752259437,1,36,141,25,7,0.6889029180695848,1,33,141,25,7
2,358,97,0,9,mamba,0.08684324793747367,False,False,0.7891209319780749,1,49,340,87,0,0.7899893644574496,1,47,340,87,0
2,359,97,0,9,mamba,0.510991856335441,False,False,0.4116607290896462,2,75,340,87,0,0.4167706476530006,2,72,340,87,0
2,360,97,0,9,mamba,-0.9597707790550469,False,False,0.2835397776257991,3,93,340,87,0,0.27394206983524866,3,92,340,87,0
2,361,97,0,9,mamba,-0.37477954144620185,False,False,0.697053383232245,1,41,340,87,0,0.693305587817783,1,41,340,87,0
2,362,97,0,9,mamba,0.49382716049382047,False,False,0.6936748436748437,1,42,142,25,7,0.6986131152797819,1,42,142,25,7
2,363,97,0,9,mamba,-0.07704132704133837,False,False,0.6785284658091676,1,37,142,25,7,0.6777580525387542,1,35,142,25,7
2,364,97,11,14,mamba,0.4816765415843749,False,False,0.8601684874265519,1,31,142,25,7,0.8649852528423957,1,30,142,25,7
2,365,97,11,14,mamba,0.3571428571428559,False,False,0.8701669571030474,1,20,142,25,7,0.8737383856744759,1,20,142,25,7
2,366,97,13,14,mamba,0.16666666666667052,False,False,0.9222055137844611,1,25,142,25,7,0.9238721804511278,1,24,142,25,7
2,367,97,13,14,mamba,0.08372579801151359,False,False,0.8718106496677925,1,25,142,25,7,0.8726479076479077,1,25,142,25,7
2,368,97,16,15,mamba,-1.706867206867213,False,False,0.7762611905003209,1,50,508,144,16,0.7591925184316488,1,52,508,144,16
2,369,97,24,12,mamba,0.042793861019513324,False,False,0.23288702770802142,11,61,145,25,9,0.23331496631821655,11,60,145,25,9
2,370,97,24,12,mamba,-0.4641554098075873,False,False,0.34700420193841247,4,39,138,25,5,0.3423626478403366,4,40,138,25,5
2,371,97,24,12,mamba,-0.3478260869565264,False,False,0.533370167924785,1,23,138,25,5,0.5298919070552197,1,25,138,25,5
2,372,97,24,12,mamba,-0.2655660871386689,False,False,0.3891603235418775,3,33,145,25,9,0.38650466267049083,3,35,145,25,9
2,417,105,11,7,mamba,-0.6834393676498851,False,False,0.6552577094911191,1,23,140,25,7,0.6484233158146202,1,23,140,25,7
2,418,105,11,7,mamba,0.31135531135531025,False,False,0.7113945578231292,1,12,651,219,23,0.7145081109366823,1,13,651,219,23
2,419,105,11,7,mamba,0.0,False,False,0.9571428571428572,1,10,653,219,23,0.9571428571428572,1,10,653,219,23
2,420,105,15,6,mamba,0.757575757575768,False,False,0.8049242424242423,1,16,292,71,8,0.8125,1,16,292,71,8
2,421,105,15,6,mamba,0.0,False,False,0.8766233766233765,1,11,651,219,23,0.8766233766233765,1,11,651,219,23
2,422,105,15,6,mamba,0.0,False,False,1.0,1,6,653,219,23,1.0,1,6,653,219,23
2,423,105,15,6,mamba,0.0,False,False,1.0,1,6,654,219,23,1.0,1,6,654,219,23
2,424,105,23,7,mamba,-2.2642390289449033,False,False,0.552687741763372,1,18,654,219,23,0.530045351473923,1,20,649,219,23
2,425,105,23,7,mamba,0.0,False,False,0.4620181405895692,2,20,649,219,23,0.4620181405895692,2,20,649,219,23
2,426,105,23,7,mamba,2.8721488595438105,False,False,0.6464285714285715,1,15,650,219,23,0.6751500600240096,1,17,650,219,23
2,440,115,12,2,mamba,0.0,False,False,1.0,1,2,515,151,16,1.0,1,2,518,153,16
2,441,115,12,2,mamba,0.0,False,False,1.0,1,2,515,151,16,1.0,1,2,515,151,16
2,442,115,16,2,mamba,0.0,False,False,0.8333333333333333,1,3,516,151,16,0.8333333333333333,1,3,516,151,16
2,443,115,16,2,mamba,0.0,False,False,1.0,1,2,516,151,16,1.0,1,2,516,151,16
2,482,136,0,2,mamba,-2.099567099567101,False,False,0.18333333333333335,6,10,953,308,0,0.16233766233766234,7,11,953,308,0
2,483,136,0,2,mamba,-0.8333333333333346,False,False,0.09347826086956522,10,23,953,308,0,0.08514492753623187,12,23,953,308,0
2,484,136,0,2,mamba,0.0,False,False,0.0804093567251462,18,19,951,308,0,0.0804093567251462,18,19,951,308,0
2,485,136,0,2,mamba,0.0,False,False,0.10101010101010101,11,18,949,308,0,0.10101010101010101,11,18,949,308,0
2,486,136,0,2,mamba,0.8333333333333346,False,False,0.08012820512820512,13,24,950,308,0,0.08846153846153847,13,20,950,308,0
2,487,136,0,2,mamba,-0.6944444444444448,False,False,0.10597826086956522,8,23,953,308,0,0.09903381642512077,9,23,953,308,0
2,488,136,15,6,mamba,-4.150995609328942,False,False,0.2783716283716284,2,33,73,13,2,0.23686167227833896,3,32,73,13,2
2,489,136,15,6,mamba,0.0,False,False,0.9761904761904762,1,7,459,123,13,0.9761904761904762,1,7,459,123,13
2,515,151,16,1,mamba,0.0,False,False,1.0,1,1,443,115,16,1.0,1,1,443,115,16
2,516,151,16,1,mamba,8.333333333333332,False,False,0.25,4,4,443,115,16,0.3333333333333333,3,3,443,115,16
2,517,151,22,2,mamba,0.0,False,False,1.0,1,2,441,115,12,1.0,1,2,441,115,12
2,534,161,17,2,mamba,-16.666666666666675,False,False,1.0,1,2,108,19,7,0.8333333333333333,1,3,108,19,7
2,535,161,17,2,mamba,1.7857142857142905,False,False,0.29166666666666663,4,6,108,19,7,0.30952380952380953,3,7,201,38,14
2,536,161,17,2,mamba,0.0,False,False,0.41666666666666663,2,6,316,80,28,0.41666666666666663,2,6,316,80,28
2,537,161,18,3,mamba,0.0,False,False,0.8055555555555555,1,4,343,87,10,0.8055555555555555,1,4,343,87,10
2,538,161,18,3,mamba,0.0,False,False,0.8333333333333334,1,6,343,87,10,0.8333333333333334,1,6,343,87,10
2,558,171,18,13,mamba,-1.9025301548184825,False,False,0.8725686149599193,1,23,767,254,30,0.8535433134117345,1,24,767,254,30
2,559,171,18,13,mamba,-1.4010332408501691,False,False,0.726055979069533,1,60,30,7,7,0.7120456466610313,1,60,30,7,7
2,560,171,18,13,mamba,-0.34965034965034336,False,False,0.8552059052059052,1,45,32,7,14,0.8517094017094018,1,45,32,7,14
2,561,171,26,10,mamba,-0.7491667955488057,False,False,0.7125774868086769,1,86,757,252,30,0.7050858188531889,1,87,757,252,30
2,562,171,26,10,mamba,0.6818181818181834,False,False,0.9204545454545455,1,22,29,7,7,0.9272727272727274,1,22,30,7,7
2,563,171,26,10,mamba,-1.2499999999999956,False,False,0.9697979797979798,1,11,30,7,7,0.9572979797979798,1,11,30,7,7
2,564,171,26,10,mamba,0.0,False,False,1.0,1,10,30,7,7,1.0,1,10,30,7,7
2,565,171,26,10,mamba,0.0,False,False,0.9909090909090909,1,11,30,7,7,0.9909090909090909,1,11,30,7,7
2,566,171,26,10,mamba,0.0,False,False,0.9175000000000001,1,16,29,7,7,0.9175000000000001,1,16,29,7,7
2,567,171,27,9,mamba,0.22246941045606095,False,False,0.794309346567411,1,31,30,7,7,0.7965340406719716,1,29,30,7,7
2,568,171,27,9,mamba,0.14245014245014564,False,False,0.8838183421516754,1,27,32,7,14,0.8852428435761769,1,26,32,7,14
2,569,171,27,9,mamba,0.0,False,False,0.8702713408595761,1,17,771,254,30,0.8702713408595761,1,17,771,254,30
2,570,171,27,9,mamba,0.2846565357221831,False,False,0.7401272908519285,1,23,30,7,7,0.7429738562091504,1,24,30,7,7
2,571,171,27,9,mamba,0.0,False,False,0.8448372615039282,1,22,30,7,7,0.8448372615039282,1,22,30,7,7
2,572,171,27,9,mamba,0.0,False,False,0.9152777777777779,1,16,30,7,7,0.9152777777777779,1,16,30,7,7
2,573,171,27,9,mamba,0.4417272136570394,False,False,0.7871876661350345,1,55,759,254,0,0.7916049382716049,1,50,759,254,0
2,595,179,19,4,mamba,0.0,False,False,1.0,1,4,604,184,20,1.0,1,4,604,184,20
2,596,179,19,4,mamba,0.0,False,False,0.95,1,5,949,308,0,0.95,1,5,949,308,0
2,597,179,19,4,mamba,0.0,False,False,1.0,1,4,949,308,0,1.0,1,4,949,308,0
2,598,179,29,3,mamba,0.0,False,False,1.0,1,3,949,308,0,1.0,1,3,949,308,0
2,599,179,29,3,mamba,0.0,False,False,1.0,1,3,556,169,18,1.0,1,3,556,169,18
2,600,179,29,3,mamba,0.0,False,False,1.0,1,3,356,95,11,1.0,1,3,556,169,18
2,601,179,29,3,mamba,-16.666666666666664,False,True,0.8055555555555555,1,4,76,13,7,0.6388888888888888,2,4,76,13,7
2,684,231,26,7,mamba,-0.8478728873465735,False,False,0.26239877515284704,2,34,80,13,28,0.2539200462793813,2,34,80,13,28
2,685,231,26,7,mamba,1.6509956158725247,False,False,0.19220359381997312,4,64,914,296,0,0.20871354997869837,3,62,914,296,0
2,686,231,26,7,mamba,0.909090909090915,False,False,0.7856369820655534,1,11,81,13,28,0.7947278911564626,1,10,81,13,28
2,687,231,26,7,mamba,3.3393638881443755,False,False,0.5203086112493778,1,41,914,296,0,0.5537022501308215,1,39,914,296,0
2,688,231,26,7,mamba,-2.3555734882966055,False,False,0.2713228800185322,3,46,916,296,0,0.24776714513556616,3,42,916,296,0
2,689,231,29,5,mamba,0.31727944758505044,False,False,0.09324983260467132,18,39,742,246,29,0.09642262708052182,16,38,742,246,29
2,690,231,29,5,mamba,0.048309178743961845,False,False,0.10876479246044464,11,46,555,169,18,0.10924788424788426,11,45,555,169,18
2,691,231,29,5,mamba,1.4207823480269304,False,False,0.21048872180451128,8,19,740,246,29,0.22469654528478059,7,17,740,246,29
2,692,231,29,5,mamba,0.0,False,False,0.29553708439897697,4,23,728,240,28,0.29553708439897697,4,23,728,240,28
2,693,231,29,5,mamba,-1.6365546218487377,False,False,0.2152941176470588,5,30,742,246,29,0.19892857142857143,5,30,742,246,29
2,694,231,29,5,mamba,-0.6060606060606044,False,False,0.3207614607614607,3,13,726,240,28,0.3147008547008547,3,13,727,240,28
2,695,231,29,5,mamba,-0.4380586733527897,False,False,0.1196641289744738,10,70,30,7,7,0.1152835422409459,10,68,30,7,7
2,759,254,0,8,mamba,0.022855305771052326,False,False,0.1099067507784613,11,128,338,87,0,0.11013530383617183,11,129,338,87,0
2,760,254,0,8,mamba,-0.23737227684596518,False,False,0.2734619547119547,7,56,336,87,0,0.2710882319434951,7,57,336,87,0
2,761,254,0,8,mamba,-0.5194805194805197,False,False,0.25771324562800535,5,35,335,87,0,0.25251844043320015,5,36,335,87,0
2,762,254,0,8,mamba,-0.2903117908269623,False,False,0.09776580450482718,25,89,337,87,0,0.09486268659655755,28,93,337,87,0
2,763,254,0,8,mamba,0.09064809464531393,False,False,0.06066223961393894,23,108,338,87,0,0.06156872056039208,26,109,255,58,7
2,764,254,0,8,mamba,-0.0030848665217519944,False,False,0.07970069988679288,31,90,339,87,0,0.07966985122157536,33,90,339,87,0
2,765,254,0,8,mamba,0.4515153176125261,False,False,0.0826709659365821,7,104,858,278,0,0.08718611911270736,7,98,858,278,0
2,766,254,0,8,mamba,0.0071953369865339345,False,False,0.053774667075879246,31,218,341,87,0,0.053846620445744585,31,217,341,87,0
2,767,254,30,8,mamba,-0.07532205142499193,False,False,0.09700979120215363,17,96,342,87,10,0.0962565706879037,16,96,342,87,10
2,768,254,30,8,mamba,-1.121788967584858,False,False,0.2006132084761117,4,104,30,7,7,0.1893953188002631,5,104,30,7,7
2,769,254,30,8,mamba,-2.338773186545104,False,False,0.26137242574300207,2,86,30,7,7,0.23798469387755103,2,84,30,7,7
2,770,254,30,8,mamba,-0.8355922528688164,False,False,0.11482612776593697,9,100,31,7,7,0.1064702052372488,9,97,31,7,7
2,771,254,30,8,mamba,-0.8026114072601648,False,False,0.10505054883088863,20,103,107,19,7,0.09702443475828698,22,106,107,19,7
2,772,254,30,8,mamba,-0.43734204536205745,False,False,0.14165041728645497,5,197,31,7,7,0.1372769968328344,5,197,31,7,7
2,773,254,30,8,mamba,-0.25045132897854594,False,False,0.18371598741926154,4,128,31,7,7,0.18121147412947608,4,131,31,7,7
2,774,254,30,8,mamba,0.08146568789713649,False,False,0.14244053352377542,4,170,31,7,7,0.14325519040274678,4,171,31,7,7
