endpoint,step,epoch,role,active_fused_metric,supported,eligible_anchors,eligible_identities,identity_directed_scene_relations,rank_norm,auxiliary_norm,rank_auxiliary_cosine,rank_to_auxiliary_norm,proposed_rank_weight,applied_rank_weight,applied_auxiliary_weight,ratio,history_rank_norm,current_history_cosine,original_to_applied_difference,direct_sum_to_original_difference,subtraction_to_direct_auxiliary_difference,actual_adamw_parameter_delta_norm,classification_head_gradient_preserved
fold_0_balanced,1,1,cnn,hard_triplet,False,40,5,22,0.1352421890050004,0.305609962887144,0.5735426823189008,0.4425320029731583,1.0,1.0,1.0,,0.0,,0.0,0.00029887314445756777,0.00029887314448268846,0.5223342542560082,True
fold_0_balanced,1,1,transformer,hard_triplet,False,40,5,22,0.08813712838337374,0.2750864488628158,0.6428168296896107,0.32039792853383076,1.0,1.0,1.0,,0.0,,0.0,0.0004126840232590998,0.00041268402425575097,0.41219579315209054,True
fold_0_balanced,1,1,mamba,hard_triplet,False,40,5,22,0.09998693039554137,0.26281720256611096,0.6783632396040229,0.38044286834835295,1.0,1.0,1.0,,0.0,,0.0,0.00032528775874411225,0.00032528775878597725,0.45168041970664674,True
fold_0_balanced,2,1,cnn,hard_triplet,False,32,4,18,0.04923919708711353,0.24360864420649925,0.29994436754149106,0.20212417850564876,1.0,1.0,1.0,,0.0,,0.0,0.00022243691271035907,0.0002224369127556315,0.37390291274254267,True
fold_0_balanced,2,1,transformer,hard_triplet,False,32,4,18,0.12974715722558605,0.3374781264112439,0.7361268926889133,0.38446093856607116,1.0,1.0,1.0,,0.0,,0.0,0.0005201879914034854,0.0005201879913920354,0.29854155422192774,True
fold_0_balanced,2,1,mamba,hard_triplet,False,32,4,18,0.08622861060711502,0.2605571409220893,0.5760004250137754,0.33093934905011385,1.0,1.0,1.0,,0.0,,0.0,0.00029046230087195773,0.00029046230093150244,0.3230356462366541,True
fold_0_balanced,3,1,cnn,cross_scene_smooth_ap,True,8,1,12,0.033381392593815694,0.25041478449125176,0.09173712621576029,0.13330439998434626,1.4650847404452574,1.4650847404452574,0.5349152595547425,2.7389099755067328,0.0,,0.11607302075012634,0.00018414808026729696,0.00018414808025461852,0.30029249108064054,True
fold_0_balanced,3,1,transformer,cross_scene_smooth_ap,True,8,1,12,0.3544240982596192,0.404945739715356,0.3914219340398629,0.8752384912328021,1.0333023975517026,1.0333023975517026,0.9666976024482976,1.0688993072236024,0.0,,0.01402707606995696,0.000589133331906511,0.0005891333324517145,0.25395677204968625,True
fold_0_balanced,3,1,mamba,cross_scene_smooth_ap,True,8,1,12,0.11607684476316303,0.26856476627467785,0.19815613747076485,0.432211739362877,1.2066888271016543,1.2066888271016543,0.793311172898346,1.521078825466483,0.0,,0.05593253778654574,0.0002760696859468474,0.00027606968582969814,0.2642844616326408,True
fold_0_balanced,4,1,cnn,cross_scene_smooth_ap,True,16,2,4,0.17232409598187298,0.2831722063357026,0.09080072658601807,0.6085487633542028,1.396955597237074,1.396955597237074,0.603044402762926,2.3165053698147946,0.21609666966202268,-0.7630963911264121,0.1261679719474287,0.00027014892690708754,0.0002701489266093494,0.2660535873438612,True
fold_0_balanced,4,1,transformer,cross_scene_smooth_ap,True,16,2,4,2.232696083470072,0.39014999099383646,0.35919714516124623,5.722660861231043,0.9262250570092379,0.9262250570092379,1.0737749429907621,0.8625876987122116,2.3616773398249116,-0.7206986263280795,0.15665010579090854,0.0026348500047495924,0.002634850006885482,0.23737256475150348,True
fold_0_balanced,4,1,mamba,cross_scene_smooth_ap,True,16,2,4,0.719464909641357,0.32328217781931123,0.2222615872255534,2.225501308158967,1.109661830985548,1.109661830985548,0.8903381690144518,1.2463374811998384,1.0156207779401478,-0.7897369040804468,0.07898675329134852,0.0007671677678512265,0.0007671677674628482,0.2480823815035717,True
fold_0_balanced,5,1,cnn,cross_scene_smooth_ap,True,40,5,42,0.030339968704389066,0.24992263032481277,0.12411518576826082,0.12139744474102895,1.4042999435179637,1.4042999435179637,0.5957000564820363,2.3573943434069684,0.039604734635056905,-0.7737724376708921,0.10026301450448487,0.00022532484838797082,0.00022532484843956917,0.23176674442782427,True
fold_0_balanced,5,1,transformer,cross_scene_smooth_ap,True,40,5,42,0.6278366612596628,0.4562013761998112,0.44113380682341746,1.3762270216928876,0.9255601738357165,0.9255601738357165,1.0744398261642834,0.8614350951043368,0.6200481562338417,-0.6093717474996211,0.04402622925074832,0.0009735527913198905,0.0009735527909600078,0.2026236865258045,True
fold_0_balanced,5,1,mamba,cross_scene_smooth_ap,True,40,5,42,0.24391153578363153,0.26658942883530495,0.3382593595834119,0.9149332621674077,1.0997054666653436,1.0997054666653436,0.9002945333346563,1.221495217339682,0.3029085241665942,-0.759916256292122,0.02933603666820024,0.0004091049358378426,0.00040910493588252055,0.21836606885631257,True
fold_0_balanced,6,1,cnn,cross_scene_smooth_ap,True,8,1,6,0.01738252074029258,0.2577099818361588,0.017664201143745357,0.06744993196011964,1.4179267984650101,1.4179267984650101,0.58207320153499,2.435993951835927,0.030924033455444633,-0.8612042169927128,0.10782015746669552,0.00015159787791461222,0.00015159787781973385,0.2079401039568403,True
fold_0_balanced,6,1,transformer,cross_scene_smooth_ap,True,8,1,6,0.5355138489547124,0.43771512846200533,0.13121768296847877,1.223430067030905,0.9280081855562974,0.9280081855562974,1.0719918144437026,0.8656858877582718,0.7975949875001498,-0.8600026193259886,0.04651225825291208,0.0008250868417202344,0.0008250868429219763,0.17731080545245764,True
fold_0_balanced,6,1,mamba,cross_scene_smooth_ap,True,8,1,6,0.20211113334156972,0.3286257884120562,0.16822827251120093,0.6150190900056428,1.1021192549070962,1.1021192549070962,0.8978807450929039,1.227467301120328,0.35697147401578294,-0.8758118261714551,0.03631988590293348,0.00038191807170570124,0.00038191807166820335,0.2006730337411878,True
fold_0_balanced,7,1,cnn,cross_scene_smooth_ap,True,32,4,16,0.03598703708904088,0.2539847675234747,0.039764317780895155,0.14168974556993758,1.4212353141084046,1.4212353141084046,0.5787646858915954,2.455635854697961,0.04308261632067477,-0.7579212418530255,0.10745652352657899,0.00022141604567618695,0.00022141604552478476,0.18965130332640798,True
fold_0_balanced,7,1,transformer,cross_scene_smooth_ap,True,32,4,16,0.8726175831404855,0.37115243436316764,0.46601302811116524,2.3511029494868976,0.9113462979152268,0.9113462979152268,1.088653702084773,0.8371314920162377,1.0338927523045087,-0.6830606038417681,0.06850821212504192,0.001042678689868842,0.0010426786839048206,0.16541675013702725,True
fold_0_balanced,7,1,mamba,cross_scene_smooth_ap,True,32,4,16,0.5843838757025199,0.3062152152333153,0.26981086270203414,1.9084090098438085,1.05601495416535,1.05601495416535,0.9439850458346498,1.1186776303555168,0.7206989473266433,-0.807403121786897,0.03262386150403398,0.0006916039422035753,0.00069160394138773,0.19193221654080533,True
fold_0_balanced,8,1,cnn,cross_scene_smooth_ap,True,24,3,34,0.028500606885122935,0.262348676965982,0.053714388885230384,0.10863636597953388,1.4286474330047108,1.4286474330047108,0.5713525669952894,2.5004655890808127,0.04490272980354141,-0.8331447573447385,0.11246355982337947,0.0002055328638830603,0.00020553286395015905,0.17501127242811865,True
fold_0_balanced,8,1,transformer,cross_scene_smooth_ap,True,24,3,34,0.8063785101779326,0.407076760641915,0.3774085485556972,1.9809003808185044,0.90191863687327,0.90191863687327,1.09808136312673,0.8213586598948398,1.158011020286656,-0.8583193283759728,0.07392332104092658,0.0010837486007390928,0.0010837486015108089,0.15869838614888704,True
fold_0_balanced,8,1,mamba,cross_scene_smooth_ap,True,24,3,34,0.5322925610788594,0.3639981942348857,0.22339103235824218,1.4623494553255239,1.0312711243481079,1.0312711243481079,0.9687288756518919,1.0645611483957562,0.7529297283844899,-0.8591753647276997,0.017971682981722446,0.0006338919358492555,0.0006338919359050169,0.18578488746645366,True
fold_0_control,1,1,cnn,hard_triplet,False,40,5,22,0.1352421890050004,0.305609962887144,0.5735426823189008,0.4425320029731583,1.0,1.0,1.0,,0.0,,0.0,0.00029887314445756777,0.00029887314448268846,0.5223342542560082,True
fold_0_control,1,1,transformer,hard_triplet,False,40,5,22,0.08813712838337374,0.2750864488628158,0.6428168296896107,0.32039792853383076,1.0,1.0,1.0,,0.0,,0.0,0.0004126840232590998,0.00041268402425575097,0.41219579315209054,True
fold_0_control,1,1,mamba,hard_triplet,False,40,5,22,0.09998693039562402,0.26281720006023324,0.6783630721663954,0.38044287197606824,1.0,1.0,1.0,,0.0,,0.0,0.00032535438005851133,0.00032535438011520865,0.4516804197504613,True
fold_0_control,2,1,cnn,hard_triplet,False,32,4,18,0.049239705454666,0.24360924220869504,0.29994554666731305,0.20212576915486383,1.0,1.0,1.0,,0.0,,0.0,0.00022239879171610715,0.00022239879147900322,0.3739031018310572,True
fold_0_control,2,1,transformer,hard_triplet,False,32,4,18,0.12974618664597415,0.3374790776429875,0.736118432573383,0.38445697893968434,1.0,1.0,1.0,,0.0,,0.0,0.0005042279359896106,0.0005042279359951221,0.2985421268506797,True
fold_0_control,2,1,mamba,hard_triplet,False,32,4,18,0.08622921313378659,0.2605589157963574,0.5759949053776519,0.33093940719794807,1.0,1.0,1.0,,0.0,,0.0,0.0002989695586387863,0.0002989695586838292,0.3230357790060168,True
fold_0_control,3,1,cnn,cross_scene_smooth_ap,True,8,1,12,0.03346710859821648,0.25037507075175786,0.09140821104641937,0.13366789472182908,1.464551052494252,1.0,1.0,2.735183362142158,0.0,,0.0,0.0001817181911069296,0.00018171819107764997,0.3066176463739826,True
fold_0_control,3,1,transformer,cross_scene_smooth_ap,True,8,1,12,0.3551096681027086,0.40501696506283275,0.39096750833673993,0.8767772679537468,1.0328637334275943,1.0,1.0,1.067960916291694,0.0,,0.0,0.000552412831514778,0.0005524128318170658,0.2539676004492292,True
fold_0_control,3,1,mamba,cross_scene_smooth_ap,True,8,1,12,0.11637563578277839,0.2685824679495976,0.19801703583097474,0.4332957272721819,1.2060892861243475,1.0,1.0,1.5191749714984362,0.0,,0.0,0.0002900969710908143,0.0002900969709060127,0.26583545234034445,True
fold_0_control,4,1,cnn,cross_scene_smooth_ap,True,16,2,4,0.17398126989497345,0.28333572355822284,0.0915909396973227,0.614046360656749,1.395859787822343,1.0,1.0,2.310489783143038,0.21895866938431477,-0.7641406680712538,0.0,0.0002652497502802142,0.0002652497502718367,0.27008494203286065,True
fold_0_control,4,1,transformer,cross_scene_smooth_ap,True,16,2,4,2.2391072537511607,0.38910428288201476,0.35786314855911944,5.754517110854081,0.9256239199062551,1.0,1.0,0.86154553983135,2.378558560182964,-0.7217580462263398,0.0,0.0026527284245109347,0.002652728422464868,0.23755605173059774,True
fold_0_control,4,1,mamba,cross_scene_smooth_ap,True,16,2,4,0.7109492217479847,0.3221359241850075,0.22011986847453163,2.2069852145384314,1.110389909829724,1.0,1.0,1.2481759392108402,1.009233837934153,-0.7917615367699944,0.0,0.0007647846049960033,0.0007647846046721621,0.24692251562640594,True
fold_0_control,5,1,cnn,cross_scene_smooth_ap,True,40,5,42,0.03075584305294304,0.24976545247612322,0.12509348846849364,0.12313889990803752,1.4030815793993432,1.0,1.0,2.3505415999517556,0.040087429109506016,-0.7713456280513884,0.0,0.00022233142095247552,0.000222331421050144,0.23870867800793333,True
fold_0_control,5,1,transformer,cross_scene_smooth_ap,True,40,5,42,0.6268712363988274,0.45517744393425513,0.4408097024561598,1.3772018907188452,0.9250086785758533,1.0,1.0,0.8604801361097534,0.6186462991154011,-0.6089859999070057,0.0,0.0009828265988218537,0.000982826602791722,0.20263673333739068,True
fold_0_control,5,1,mamba,cross_scene_smooth_ap,True,40,5,42,0.23969411222684753,0.2647844678787548,0.33381879787291463,0.9052423435071116,1.1007431614544445,1.0,1.0,1.2240587052246052,0.29762208787714584,-0.7575562990013892,0.0,0.0004173588740178023,0.00041735887442485376,0.21780684873691342,True
fold_0_control,6,1,cnn,cross_scene_smooth_ap,True,8,1,6,0.01769695578188143,0.2578118270097838,0.01805469452414806,0.0686429167627358,1.4166324053999013,1.0,1.0,2.42837006805462,0.031564676225662135,-0.8617568799025136,0.0,0.00015130161670769973,0.00015130161671309932,0.21784418729685653,True
fold_0_control,6,1,transformer,cross_scene_smooth_ap,True,8,1,6,0.530443018099054,0.43797059712207353,0.13207852482796284,1.2111384224982713,0.927755725964949,1.0,1.0,0.8652466125779666,0.7982280645588887,-0.8605010246945959,0.0,0.0007911685849241384,0.0007911685873125804,0.17722999402549341,True
fold_0_control,6,1,mamba,cross_scene_smooth_ap,True,8,1,6,0.19801256249577898,0.3253269850047079,0.1677876661482857,0.6086570485166285,1.1033028474297963,1.0,1.0,1.230407439420766,0.3498611829889159,-0.8750816864969035,0.0,0.00035984890567535325,0.00035984890500277055,0.20095483974091327,True
fold_0_control,7,1,cnn,cross_scene_smooth_ap,True,32,4,16,0.0370685031915586,0.2543500441483829,0.043112496083430395,0.14573814333577842,1.4195596615329995,1.0,1.0,2.4456599024151124,0.04405043434726983,-0.7545566090506113,0.0,0.00021475926820724468,0.00021475926819627958,0.20086501172839452,True
fold_0_control,7,1,transformer,cross_scene_smooth_ap,True,32,4,16,0.8744318553656301,0.3722568570758847,0.46535305393337234,2.3490013380394945,0.9111186588377844,1.0,1.0,0.8367474254497772,1.0316596198999342,-0.680446945583836,0.0,0.0010787527030731736,0.0010787527021824874,0.16547645215489293,True
fold_0_control,7,1,mamba,cross_scene_smooth_ap,True,32,4,16,0.5765733361051634,0.3042674669209024,0.2691840430728081,1.8949555860832463,1.05751746465338,1.0,1.0,1.122055237091957,0.7075076667641854,-0.8071706209720285,0.0,0.0006831477382795402,0.0006831477383091553,0.19168002382555366,True
fold_0_control,8,1,cnn,cross_scene_smooth_ap,True,24,3,34,0.029435310229445663,0.2614968721092849,0.05041622260403451,0.11256467426174048,1.4265665633223648,1.0,1.0,2.4877631335689485,0.04658074954731753,-0.8340789542063194,0.0,0.0002063142538977559,0.00020631425382559927,0.18724324848059642,True
fold_0_control,8,1,transformer,cross_scene_smooth_ap,True,24,3,34,0.8067705912394475,0.4175103690919628,0.3684097275362045,1.9323366578753027,0.9023391502913771,1.0,1.0,0.8220564216450877,1.1630362687445381,-0.8583159387291419,0.0,0.0010928332199866711,0.0010928332196407837,0.15860303903056824,True
fold_0_control,8,1,mamba,cross_scene_smooth_ap,True,24,3,34,0.5167336342600527,0.3614348080416143,0.22279465000174012,1.429673132645702,1.0337230195694846,1.0,1.0,1.0697999026210059,0.7410950751809632,-0.8591584799000013,0.0,0.0006167576583649663,0.0006167576582801412,0.18585910042846715,True
fold_1_balanced,1,1,cnn,hard_triplet,False,32,4,26,0.1352232391308561,0.2936098827853704,0.5872444620785736,0.46055411298843996,1.0,1.0,1.0,,0.0,,0.0,0.00031309727360254505,0.00031309727356376433,0.5223339171598794,True
fold_1_balanced,1,1,transformer,hard_triplet,False,32,4,26,0.07700154879280882,0.26211003773940106,0.6150515651840792,0.2937756579523538,1.0,1.0,1.0,,0.0,,0.0,0.00042714980347816376,0.00042714980343495657,0.4121834877248145,True
fold_1_balanced,1,1,mamba,hard_triplet,False,32,4,26,0.09559639958740443,0.25477844183451964,0.6994214072097331,0.37521384815397746,1.0,1.0,1.0,,0.0,,0.0,0.00031608740495738495,0.00031608740476582876,0.4519079092407659,True
fold_1_balanced,2,1,cnn,hard_triplet,False,40,5,24,0.05693239811185515,0.25199047186412327,0.3087441798990186,0.22593075718574743,1.0,1.0,1.0,,0.0,,0.0,0.00023753110471388443,0.00023753110469439007,0.37472207482955516,True
fold_1_balanced,2,1,transformer,hard_triplet,False,40,5,24,0.1199954398302273,0.3082635597889989,0.7126718150827769,0.38926248666031793,1.0,1.0,1.0,,0.0,,0.0,0.00048011478703365897,0.0004801147870999772,0.29612457763667654,True
fold_1_balanced,2,1,mamba,hard_triplet,False,40,5,24,0.07482943171430585,0.24661572462909184,0.5193401915980476,0.30342522491965485,1.0,1.0,1.0,,0.0,,0.0,0.0003036471992972688,0.00030364719925343877,0.3213788085495834,True
fold_1_balanced,3,1,cnn,cross_scene_smooth_ap,True,24,3,10,0.058142715207320145,0.25368096622118796,0.11846731747056123,0.22919620684755948,1.3524987760384917,1.3524987760384917,0.6475012239615082,2.0887972500865777,0.0,,0.08934256980018994,0.00021772892508759392,0.00021772892509695042,0.30306979974686593,True
fold_1_balanced,3,1,transformer,cross_scene_smooth_ap,True,24,3,10,0.37324229996793706,0.3506661061744835,0.5095645990222816,1.0643808836837516,0.9844029398790534,0.9844029398790534,1.0155970601209465,0.9692849443280406,0.0,,0.005603866074853319,0.0006429551845447418,0.0006429551839058282,0.25485296772512045,True
fold_1_balanced,3,1,mamba,cross_scene_smooth_ap,True,24,3,10,0.13571738232893757,0.24471829890956845,0.27784679078501984,0.5545861626763336,1.1463253205933395,1.1463253205933395,0.8536746794066608,1.3428128398865982,0.0,,0.03580347141106625,0.0003452371822073337,0.0003452371820512385,0.26586693118566085,True
fold_1_balanced,4,1,cnn,cross_scene_smooth_ap,True,24,3,6,0.0842834840462977,0.24213657910104341,0.05629100948383418,0.34808241018027375,1.341826615339402,1.341826615339402,0.6581733846605979,2.038712969275331,0.08218854028490553,-0.6863271227335102,0.0860957056613356,0.00022367506881556317,0.00022367506874848464,0.2595903569671128,True
fold_1_balanced,4,1,transformer,cross_scene_smooth_ap,True,24,3,6,1.140729847316886,0.4177558123022424,0.30653655809089514,2.7306139465309913,0.9424531915445843,0.9424531915445843,1.0575468084554158,0.891169245663055,1.0305419850952757,-0.7578227354937214,0.0626354083436787,0.0014778019224707764,0.0014778019219247433,0.22788275731765667,True
fold_1_balanced,4,1,mamba,cross_scene_smooth_ap,True,24,3,6,0.37685282471008646,0.24111083118430318,0.20300967634197148,1.5629858802237846,1.1057323262229284,1.1057323262229284,0.8942676737770717,1.2364668416926048,0.32785888776901695,-0.7006580708548046,0.042713462313404615,0.0004832257136478831,0.0004832257135313077,0.2347758347221077,True
fold_1_balanced,5,1,cnn,cross_scene_smooth_ap,True,32,4,50,0.03023256712847346,0.2316710642324661,0.03676385722147978,0.13049781261477325,1.3513408410801628,1.3513408410801628,0.6486591589198372,2.083283373860701,0.059230240049654985,-0.8746170194803948,0.08169801579924468,0.0002010733117619977,0.0002010733115540276,0.22673848547427344,True
fold_1_balanced,5,1,transformer,cross_scene_smooth_ap,True,32,4,50,0.5872281898337489,0.37916736025812603,0.3700853811857797,1.5487308544543,0.9364845149900078,0.9364845149900078,1.0635154850099924,0.8805555990387944,0.9506752321030795,-0.8099824970388673,0.03612650491855321,0.0008262928753592645,0.0008262928761499365,0.20257435259252252,True
fold_1_balanced,5,1,mamba,cross_scene_smooth_ap,True,32,4,50,0.14786130867029598,0.23111542735026577,0.20604937746446367,0.6397725602549481,1.1062472784643265,1.1062472784643265,0.8937527215356733,1.2377554236294113,0.34399124985608065,-0.9057840794122065,0.026284564210111116,0.0003137519859819074,0.0003137519848714117,0.2098801030381629,True
fold_1_balanced,6,1,cnn,cross_scene_smooth_ap,True,8,1,16,0.011214401759345904,0.2547909604994294,0.027619783490507258,0.04401412725696373,1.3699849329447267,1.3699849329447267,0.6300150670552733,2.174527252733994,0.019412921409843638,-0.8368645783021773,0.09424481920933067,0.00018010477706114378,0.0001801047771757708,0.2054838224594325,True
fold_1_balanced,6,1,transformer,cross_scene_smooth_ap,True,8,1,16,0.3770556453647855,0.4734440571914158,0.3094259640184308,0.796410134708566,0.9489554970094489,0.9489554970094489,1.051044502990551,0.9028689977535423,0.4371236973020652,-0.7444151725759878,0.025839500257514348,0.0006223885682295478,0.0006223885691469004,0.18716836947094045,True
fold_1_balanced,6,1,mamba,cross_scene_smooth_ap,True,8,1,16,0.0784038767951648,0.25217110551274946,0.13663865733428293,0.3109153867400593,1.1199820841861388,1.1199820841861388,0.8800179158138612,1.2726810034888358,0.1278545288605208,-0.835002009580422,0.030436533982326548,0.000257722804378071,0.00025772280434811106,0.1924546964347948,True
fold_1_balanced,7,1,cnn,cross_scene_smooth_ap,True,16,2,32,0.07038247122283546,0.2472600994684055,0.04142032183270976,0.28464953049098335,1.3627169483569364,1.3627169483569364,0.6372830516430638,2.1383229082329045,0.09811500874439627,-0.7919591356685218,0.09222552812032389,0.00018028495717186798,0.00018028495712989057,0.19195580642992008,True
fold_1_balanced,7,1,transformer,cross_scene_smooth_ap,True,16,2,32,1.7266441671873536,0.48824303920100587,-0.03851898130078012,3.5364440013583227,0.895471483403136,0.895471483403136,1.104528516596864,0.8107273555617662,2.521506865119505,-0.8367053910914182,0.1894789000239965,0.002157569140626209,0.0021575691412380592,0.18410930608875048,True
fold_1_balanced,7,1,mamba,cross_scene_smooth_ap,True,16,2,32,0.46653378072247254,0.2697370838335282,0.15772708069494,1.7295871004907877,1.0754426705088744,1.0754426705088744,0.9245573294911255,1.1631973877712871,0.8256215864673961,-0.8655924801990648,0.03777932523602169,0.0005186547607440251,0.0005186547606269103,0.19442577385443657,True
fold_1_balanced,8,1,cnn,cross_scene_smooth_ap,True,32,4,58,0.02687590066256893,0.25765534750293556,0.06888403388246697,0.10430950074600227,1.3746271193757948,1.3746271193757948,0.6253728806242052,2.1980919895402797,0.05317318715202197,-0.8872143751298649,0.09635501757288772,0.0002093632178705673,0.00020936321778433278,0.18011283077950369,True
fold_1_balanced,8,1,transformer,cross_scene_smooth_ap,True,32,4,58,0.9071272483008878,0.4226424899535957,0.45559603269961985,2.146322884858279,0.884625379846524,0.884625379846524,1.115374620153476,0.7931195168532696,2.002213573400616,-0.9166487125174003,0.09318993866586817,0.0013999412488200655,0.0013999412449848467,0.17706881007059738,True
fold_1_balanced,8,1,mamba,cross_scene_smooth_ap,True,32,4,58,0.34598307455662103,0.2719691816761528,0.3208557898324666,1.272140734565287,1.056573894820594,1.056573894820594,0.943426105179406,1.1199328585673083,0.828824413879581,-0.9127451954571753,0.020666202497718555,0.0004819725065566816,0.0004819725065628211,0.19448343694559514,True
fold_1_control,1,1,cnn,hard_triplet,False,32,4,26,0.1352232391308561,0.2936098827853704,0.5872444620785736,0.46055411298843996,1.0,1.0,1.0,,0.0,,0.0,0.00031309727360254505,0.00031309727356376433,0.5223339171598794,True
fold_1_control,1,1,transformer,hard_triplet,False,32,4,26,0.07700154879280882,0.26211003773940106,0.6150515651840792,0.2937756579523538,1.0,1.0,1.0,,0.0,,0.0,0.00042714980347816376,0.00042714980343495657,0.4121834877248145,True
fold_1_control,1,1,mamba,hard_triplet,False,32,4,26,0.09559639958739331,0.25477844264442107,0.699421407529581,0.3752138469611868,1.0,1.0,1.0,,0.0,,0.0,0.0003160847129974984,0.0003160847127526657,0.45190790925432184,True
fold_1_control,2,1,cnn,hard_triplet,False,40,5,24,0.056933144754150566,0.2519894873734039,0.3087420154718701,0.22593460285819666,1.0,1.0,1.0,,0.0,,0.0,0.00023708942289248276,0.00023708942268383927,0.37472217338494457,True
fold_1_control,2,1,transformer,hard_triplet,False,40,5,24,0.11999719801147467,0.3082736612003499,0.7126812430532025,0.3892554347466208,1.0,1.0,1.0,,0.0,,0.0,0.00047222579843345786,0.0004722257989885254,0.2961241582722004,True
fold_1_control,2,1,mamba,hard_triplet,False,40,5,24,0.07483201874229983,0.2466118074013757,0.5193373501473666,0.3034405348666302,1.0,1.0,1.0,,0.0,,0.0,0.0003003223226136284,0.00030032232245089596,0.3213784335781401,True
fold_1_control,3,1,cnn,cross_scene_smooth_ap,True,24,3,10,0.058148557316058176,0.25360716690334606,0.11875879273021704,0.22928593866678684,1.352413074916244,1.0,1.0,2.0883884811932063,0.0,,0.0,0.00022288148767504065,0.0002228814877399894,0.30675093056344244,True
fold_1_control,3,1,transformer,cross_scene_smooth_ap,True,24,3,10,0.373307817363525,0.3505568293353221,0.5113022432813699,1.0648995715511809,0.9842811708775989,1.0,1.0,0.9690488574756806,0.0,,0.0,0.0006365508276467543,0.0006365508248760977,0.2548423608381309,True
fold_1_control,3,1,mamba,cross_scene_smooth_ap,True,24,3,10,0.13576726346541518,0.2447374032745147,0.27803825072324617,0.5547466862395735,1.1462545175691132,1.0,1.0,1.3426185451726897,0.0,,0.0,0.0003536228253044362,0.00035362282533349257,0.2665521022394283,True
fold_1_control,4,1,cnn,cross_scene_smooth_ap,True,24,3,6,0.0852135030329931,0.24238747489077367,0.06003442070996926,0.3515590195879247,1.3414336320452804,1.0,1.0,2.0368996919950706,0.08291084888156845,-0.685195605350287,0.0,0.00022540308754224583,0.00022540308767925448,0.2645537414767359,True
fold_1_control,4,1,transformer,cross_scene_smooth_ap,True,24,3,6,1.1384086351886487,0.4170135544684542,0.31232874104681657,2.729907992174786,0.9424287376694385,1.0,1.0,0.8911255167737971,1.0273405615563374,-0.757847775760095,0.0,0.0014462387541682871,0.0014462387529218408,0.22777506910048118,True
fold_1_control,4,1,mamba,cross_scene_smooth_ap,True,24,3,6,0.37587668986260425,0.24155086613836216,0.20386594386545528,1.5560974625000898,1.105875781290232,1.0,1.0,1.2368256648791194,0.3286695621646679,-0.7011171955205505,0.0,0.0004883355179429236,0.0004883355181193836,0.23495642886088172,True
fold_1_control,5,1,cnn,cross_scene_smooth_ap,True,32,4,50,0.030669777853999845,0.23169254401456327,0.035510717840807185,0.13237274416595843,1.3508087555547301,1.0,1.0,2.080756275000271,0.060302429205954446,-0.875664926329132,0.0,0.0002005140322377779,0.00020051403242260827,0.23368975850278448,True
fold_1_control,5,1,transformer,cross_scene_smooth_ap,True,32,4,50,0.5871961066876747,0.3802504011074162,0.36590210705160364,1.5442353380234801,0.9365373718500277,1.0,1.0,0.8806490675457519,0.9496998863507291,-0.8100180031916345,0.0,0.0008430275658320464,0.0008430275656249413,0.20252388353030829,True
fold_1_control,5,1,mamba,cross_scene_smooth_ap,True,32,4,50,0.1483291254695583,0.2312166948245081,0.20675411696110985,0.641515637883065,1.1063146243534339,1.0,1.0,1.237924055267251,0.3443188718543384,-0.9054715531689621,0.0,0.00031562616239364845,0.00031562616277061004,0.21050624285685082,True
fold_1_control,6,1,cnn,cross_scene_smooth_ap,True,8,1,16,0.01144492263349786,0.25481004075472663,0.027444571576844337,0.04491550882217565,1.3693825740019172,1.0,1.0,2.1714949786466584,0.01991890908758328,-0.8386256234975705,0.0,0.0001809054510199633,0.0001809054511948925,0.2148266814738056,True
fold_1_control,6,1,transformer,cross_scene_smooth_ap,True,8,1,16,0.3753457855857662,0.4739510228369066,0.3056486194390658,0.7919505761145453,0.949133324512759,1.0,1.0,0.90319100096374,0.43998860161083997,-0.7466938442014042,0.0,0.000673822473392649,0.0006738224738945423,0.1870455235349638,True
fold_1_control,6,1,mamba,cross_scene_smooth_ap,True,8,1,16,0.07856974759547312,0.25318847664060584,0.1358813655866146,0.3103211830094493,1.120117909984312,1.0,1.0,1.2730318331224817,0.12861685835642642,-0.835967400482538,0.0,0.00025510229221167407,0.0002551022920377286,0.19399771510016522,True
fold_1_control,7,1,cnn,cross_scene_smooth_ap,True,16,2,32,0.07225574826707895,0.2474417534448197,0.04365453760973567,0.29201113903031006,1.361463770019146,1.0,1.0,2.1321636989336827,0.10111859073719787,-0.7943111447852195,0.0,0.00018065758741483233,0.0001806575874771616,0.2013664097944847,True
fold_1_control,7,1,transformer,cross_scene_smooth_ap,True,16,2,32,1.726044625078989,0.48679600709054777,-0.02981584656154987,3.5457246976923775,0.895528420084205,1.0,1.0,0.8108207004769468,2.5218019946246333,-0.8357887470255803,0.0,0.0020852814498024405,0.0020852814465777488,0.18509602088811253,True
fold_1_control,7,1,mamba,cross_scene_smooth_ap,True,16,2,32,0.4679067828658037,0.2700711541479214,0.15809745388232216,1.7325315039366451,1.07541501070951,1.0,1.0,1.1631326737575138,0.8238743886522863,-0.8658851268915841,0.0,0.000533073781365751,0.0005330737812590275,0.19430263900404668,True
fold_1_control,8,1,cnn,cross_scene_smooth_ap,True,32,4,58,0.02765768341802456,0.25813568896053823,0.06841731857149924,0.1071439735024499,1.373170576989743,1.0,1.0,2.1906606910621576,0.055007876165611015,-0.8881768688965502,0.0,0.0002056296829058794,0.00020562968262894142,0.1910712037725858,True
fold_1_control,8,1,transformer,cross_scene_smooth_ap,True,32,4,58,0.8970056249285386,0.4213797916770546,0.460360300240718,2.1287343214977987,0.8849965418553593,1.0,1.0,0.7937164099275427,2.010634536110712,-0.9172847717538132,0.0,0.0014211958348805138,0.0014211958334363359,0.17763975421626066,True
fold_1_control,8,1,mamba,cross_scene_smooth_ap,True,32,4,58,0.3470966210641863,0.27042835717824704,0.3207095888850971,1.2835067471692883,1.0562689536682435,1.0,1.0,1.1192478596247493,0.8274746068278025,-0.9121285390469875,0.0,0.00047359861634805505,0.00047359861642619827,0.19410023900985562,True
fold_2_balanced,1,1,cnn,hard_triplet,False,48,6,34,0.12586807238100542,0.2863884825543802,0.5407265702569686,0.43950116728980276,1.0,1.0,1.0,,0.0,,0.0,0.0003027513170954935,0.00030275131705310954,0.522329767752957,True
fold_2_balanced,1,1,transformer,hard_triplet,False,48,6,34,0.08581626250665182,0.25289095656331495,0.6600020693877985,0.33934097000881275,1.0,1.0,1.0,,0.0,,0.0,0.0004346131570004431,0.0004346131569825048,0.41218855793451487,True
fold_2_balanced,1,1,mamba,hard_triplet,False,48,6,34,0.10434820929157206,0.2637106570241837,0.7208274576512278,0.39569204547544223,1.0,1.0,1.0,,0.0,,0.0,0.0003152879368186707,0.00031528793689472736,0.4518153202925778,True
fold_2_balanced,2,1,cnn,hard_triplet,False,16,2,18,0.0547118064255989,0.2474989038662679,0.35721760782363415,0.22105878277005037,1.0,1.0,1.0,,0.0,,0.0,0.0002311770431509209,0.00023117704312996227,0.37697481737592425,True
fold_2_balanced,2,1,transformer,hard_triplet,False,16,2,18,0.10894425444974691,0.30067079001781327,0.673614127305814,0.3623373405953152,1.0,1.0,1.0,,0.0,,0.0,0.00046358511452780415,0.00046358511450678743,0.29658376347766213,True
fold_2_balanced,2,1,mamba,hard_triplet,False,16,2,18,0.09289895123742799,0.25223539158466757,0.6340581437619295,0.36830260279412336,1.0,1.0,1.0,,0.0,,0.0,0.00028608782108584377,0.0002860878211227309,0.3284436804471049,True
fold_2_balanced,3,1,cnn,cross_scene_smooth_ap,True,24,3,14,0.08364905517743139,0.24535176524469499,0.11827551619510514,0.34093520824684614,1.2627087107714656,1.2627087107714656,0.7372912892285345,1.71263207529917,0.0,,0.06559169102677977,0.00022505555675791933,0.00022505555683488608,0.3060497724854255,True
fold_2_balanced,3,1,transformer,cross_scene_smooth_ap,True,24,3,14,0.46659274479249296,0.33338547948286473,0.48219868547141337,1.399559289493515,0.9161579399819465,0.9161579399819465,1.0838420600180534,0.8452873105576713,0.0,,0.035483906410419944,0.0007347411263858387,0.0007347411215287799,0.2525026784943134,True
fold_2_balanced,3,1,mamba,cross_scene_smooth_ap,True,24,3,14,0.2265313410245085,0.2524391773675237,0.27685772166465866,0.8973699858588264,1.0270651464039198,1.0270651464039198,0.9729348535960803,1.0556360917771292,0.0,,0.00781385175254494,0.00040300006523459814,0.00040300006550979473,0.2678521340880803,True
fold_2_balanced,4,1,cnn,cross_scene_smooth_ap,True,32,4,22,0.09960052465014362,0.24988028991200437,0.05518578352930667,0.39859296099431474,1.258736912170923,1.258736912170923,0.7412630878290769,1.6980973865262357,0.047410036857181405,-0.40617164256655686,0.0682652620447929,0.00022930914114166018,0.00022930914133016098,0.2630189557086017,True
fold_2_balanced,4,1,transformer,cross_scene_smooth_ap,True,32,4,22,1.0015975880910206,0.4067588204876507,0.3888248950033044,2.462386892778959,0.8946575779937693,0.8946575779937693,1.1053424220062307,0.809394048560932,0.5336029070866002,-0.4848352758252934,0.09738365904333597,0.0013843819801252816,0.0013843819783193956,0.230462590112361,True
fold_2_balanced,4,1,mamba,cross_scene_smooth_ap,True,32,4,22,0.3555297032184669,0.24198497501109648,0.19669816243484559,1.469222224240012,1.012188008454663,1.012188008454663,0.987811991545337,1.024676777684377,0.18699193798052577,-0.49367308660384074,0.00476163430893065,0.0004467360196662133,0.00044673602002573415,0.23388669894833963,True
fold_2_balanced,5,1,cnn,cross_scene_smooth_ap,True,40,5,58,0.03151652360874867,0.24861405985779478,0.07238101458745771,0.12676887070174495,1.2741219410846347,1.2741219410846347,0.7258780589153652,1.7552837221564137,0.06980252555408331,-0.9022783276072615,0.06807221388674155,0.0002179568404041385,0.00021795684035147105,0.2317061565880033,True
fold_2_balanced,5,1,transformer,cross_scene_smooth_ap,True,40,5,58,0.5056924748456001,0.39595864104742057,0.33742735125951523,1.2771345853392744,0.8993210745281321,0.8993210745281321,1.1006789254718679,0.8170603195137834,0.9866795513560211,-0.8746069612511344,0.05302184856419555,0.0008050679671765217,0.0008050679609957322,0.20764155250606423,True
fold_2_balanced,5,1,mamba,cross_scene_smooth_ap,True,40,5,58,0.13814064280550603,0.24209601259000618,0.17324705795465817,0.5706027180193571,1.0220650871592365,1.0220650871592365,0.9779349128407635,1.045125880811721,0.38860128546918815,-0.9347782832353716,0.005683043566057943,0.00033267506737776715,0.0003326750672788782,0.20521443851222002,True
fold_2_balanced,6,1,cnn,cross_scene_smooth_ap,True,32,4,8,0.037226126717495034,0.24213460509088622,0.04618345038567982,0.15374145592911867,1.286391794803598,1.286391794803598,0.7136082051964017,1.802658357115657,0.06881688581461828,-0.8600674638495074,0.06967334837000232,0.00020474100187972084,0.000204741001801467,0.20830687435888035,True
fold_2_balanced,6,1,transformer,cross_scene_smooth_ap,True,32,4,8,0.8085521108291132,0.43614408158837276,0.3954327717097688,1.8538646859186647,0.8922101709755412,0.8922101709755412,1.1077898290244585,0.8053966082729239,1.3161137351471286,-0.8145777228451482,0.08102943901729917,0.001007670541073174,0.001007670539177897,0.1974484150754613,True
fold_2_balanced,6,1,mamba,cross_scene_smooth_ap,True,32,4,8,0.22138563669614586,0.2288477392172238,0.22778124955150097,0.9673927190777496,1.0207633000040894,1.0207633000040894,0.9792366999959106,1.0424071115883957,0.48666760883853627,-0.8950953263959492,0.00581869843494927,0.00033740092564885803,0.0003374009253081734,0.1918325798015616,True
fold_2_balanced,7,1,cnn,cross_scene_smooth_ap,True,32,4,36,0.03677975802352116,0.2545222214026622,0.10835148988299276,0.14450509594340852,1.2992614070721678,1.2992614070721678,0.7007385929278324,1.8541313696503883,0.06687583777737373,-0.8708075534501122,0.07577164372081668,0.00021953211076671946,0.00021953211081006347,0.19196951697518239,True
fold_2_balanced,7,1,transformer,cross_scene_smooth_ap,True,32,4,36,1.1062855833486172,0.46153947246127286,0.4894742747502798,2.396946847144139,0.8755264828652636,0.8755264828652636,1.1244735171347364,0.7786101402336152,1.568349266164405,-0.8249049219262683,0.12044594912581635,0.0015073004411942782,0.0015073004418716483,0.18349659017800074,True
fold_2_balanced,7,1,mamba,cross_scene_smooth_ap,True,32,4,36,0.2639006913372798,0.23612449684511883,0.20906713558279003,1.1176336841932168,1.0156937060727915,1.0156937060727915,0.9843062939272084,1.0318878507017901,0.6004274483806794,-0.9018797706440559,0.004963457746025221,0.0003961766672449148,0.0003961766679507023,0.18452008412990314,True
fold_2_balanced,8,1,cnn,cross_scene_smooth_ap,True,16,2,46,0.020021512478784118,0.25998954458607465,0.02669675827811967,0.07700891399559956,1.3174138790600365,1.3174138790600365,0.6825861209399635,1.9300332055475664,0.03734075570127349,-0.8635820694211913,0.08260110963290779,0.00020905127663356222,0.00020905127655149774,0.1804389303699507,True
fold_2_balanced,8,1,transformer,cross_scene_smooth_ap,True,16,2,46,0.971385530763331,0.41824938690918045,0.32678770306884575,2.322503179124228,0.8644777586712582,0.8644777586712582,1.1355222413287418,0.7613041182352198,1.3231889721472068,-0.8718927203572967,0.12525378097109593,0.0011484050483151099,0.0011484050497969653,0.17120414037167728,True
fold_2_balanced,8,1,mamba,cross_scene_smooth_ap,True,16,2,46,0.16542186200267447,0.2523487002632561,0.14256920502907708,0.6555288845557853,1.0235059604520138,1.0235059604520138,0.9764940395479864,1.0481435820394653,0.36421037117728383,-0.9109202855993936,0.0066283620570513,0.0003708001904583002,0.0003708001903932151,0.17291347976574428,True
fold_2_control,1,1,cnn,hard_triplet,False,48,6,34,0.12586807238100542,0.2863884825543802,0.5407265702569686,0.43950116728980276,1.0,1.0,1.0,,0.0,,0.0,0.0003027513170954935,0.00030275131705310954,0.522329767752957,True
fold_2_control,1,1,transformer,hard_triplet,False,48,6,34,0.08581626250665182,0.25289095656331495,0.6600020693877985,0.33934097000881275,1.0,1.0,1.0,,0.0,,0.0,0.0004346131570004431,0.0004346131569825048,0.41218855793451487,True
fold_2_control,1,1,mamba,hard_triplet,False,48,6,34,0.10434820929154506,0.2637106570240218,0.7208274576511987,0.39569204547558284,1.0,1.0,1.0,,0.0,,0.0,0.0003152879368135454,0.0003152879369078058,0.4518153200872325,True
fold_2_control,2,1,cnn,hard_triplet,False,16,2,18,0.05471168423015781,0.24749961841767124,0.35721962965058984,0.22105765083576165,1.0,1.0,1.0,,0.0,,0.0,0.000229995343127636,0.00022999534324673568,0.3769748015918462,True
fold_2_control,2,1,transformer,hard_triplet,False,16,2,18,0.10894589768319925,0.3006646417651902,0.6736259026970589,0.3623502153215696,1.0,1.0,1.0,,0.0,,0.0,0.0004562408905535534,0.0004562408908336492,0.29658318462192257,True
fold_2_control,2,1,mamba,hard_triplet,False,16,2,18,0.09290009315328664,0.2522428502166988,0.6340768422622826,0.36829623941165146,1.0,1.0,1.0,,0.0,,0.0,0.00029193327302793736,0.0002919332729048519,0.3284439182751069,True
fold_2_control,3,1,cnn,cross_scene_smooth_ap,True,24,3,14,0.08364954015010313,0.24556054002049732,0.11838139665820073,0.3406473211987593,1.262905314561242,1.0,1.0,1.7133556102218996,0.0,,0.0,0.00022820789021807977,0.0002282078903032176,0.30849977395043693,True
fold_2_control,3,1,transformer,cross_scene_smooth_ap,True,24,3,14,0.46637272662956625,0.33232636661913995,0.482745660408815,1.4033575830113085,0.9154851799420408,1.0,1.0,0.8441426184412261,0.0,,0.0,0.0007326297783279676,0.0007326297780178244,0.2526361013578113,True
fold_2_control,3,1,mamba,cross_scene_smooth_ap,True,24,3,14,0.2264697702520821,0.2523299645324209,0.27720346909409554,0.8975143743698496,1.0270249535915745,1.0,1.0,1.0555511751125226,0.0,,0.0,0.0004151473126535434,0.00041514731296581547,0.2678601170577046,True
fold_2_control,4,1,cnn,cross_scene_smooth_ap,True,32,4,22,0.10071276904433535,0.2500902289245815,0.05608776079347179,0.4027057333563672,1.2586297074506827,1.0,1.0,1.6977072322694347,0.04791944011732234,-0.40614708398746924,0.0,0.00023248184818934055,0.00023248184804618017,0.2664699213212177,True
fold_2_control,4,1,transformer,cross_scene_smooth_ap,True,32,4,22,1.0034530976124068,0.4081040693505435,0.38915320746850973,2.4588166915593397,0.8940688004318148,1.0,1.0,0.8084307602325597,0.5358378499823053,-0.48366143257022587,0.0,0.0013706491326380518,0.0013706491324727448,0.23071646720032177,True
fold_2_control,4,1,mamba,cross_scene_smooth_ap,True,32,4,22,0.3555270419413279,0.24185063636175802,0.19628022457596092,1.4700273164033926,1.0121350299658352,1.0,1.0,1.024568195722975,0.1874808128210706,-0.4944246490204264,0.0,0.00044984978615813636,0.00044984978685286097,0.2337698359045926,True
fold_2_control,5,1,cnn,cross_scene_smooth_ap,True,40,5,58,0.031795912323083056,0.248690129786362,0.07231114045112935,0.12785353544347508,1.273934150573976,1.0,1.0,1.754571092389289,0.07057358628565708,-0.90260211990152,0.0,0.00021434697568520144,0.00021434697556901598,0.23688939554549246,True
fold_2_control,5,1,transformer,cross_scene_smooth_ap,True,40,5,58,0.5043428281924992,0.3959949614213802,0.33693596725338154,1.273609205486394,0.8988662893664535,1.0,1.0,0.8163098456492475,0.9868302673794429,-0.8747634972878325,0.0,0.0008550119553315704,0.0008550119566636335,0.20762721796559752,True
fold_2_control,5,1,mamba,cross_scene_smooth_ap,True,40,5,58,0.13759184886195477,0.24196832082331418,0.17326086997279938,0.5686357965943181,1.022066443225053,1.0,1.0,1.045128716715324,0.3868760050375483,-0.934707737877079,0.0,0.00032510437639638725,0.00032510437651004547,0.2051532096523426,True
fold_2_control,6,1,cnn,cross_scene_smooth_ap,True,32,4,8,0.03758390824585757,0.24204341913731361,0.04610552276737866,0.15527754639978808,1.2860886389948922,1.0,1.0,1.801468234353663,0.06940381837605397,-0.8598223921898898,0.0,0.00020750431986439608,0.00020750431972954596,0.21496135913758035,True
fold_2_control,6,1,transformer,cross_scene_smooth_ap,True,32,4,8,0.8076786299136052,0.4377878514997659,0.39868603826438687,1.844908731813078,0.8919640821253311,1.0,1.0,0.8049956393437255,1.3090774715543991,-0.8134088287595523,0.0,0.0009803091505427848,0.0009803091549079814,0.19745265277194407,True
fold_2_control,6,1,mamba,cross_scene_smooth_ap,True,32,4,8,0.21927887891829428,0.22835350698058582,0.22858026178448218,0.9602606144206796,1.0209448157931644,1.0,1.0,1.042785771693007,0.483952673848241,-0.895911778671521,0.0,0.00034649598246949594,0.0003464959824549607,0.19161463527414357,True
fold_2_control,7,1,cnn,cross_scene_smooth_ap,True,32,4,36,0.03741670894520735,0.2545887124280222,0.10870642946878163,0.14696923751396035,1.2987725348335077,1.0,1.0,1.852141565112742,0.06901501668585877,-0.8733897870847859,0.0,0.0002205251656208748,0.00022052516529437208,0.1995320030025705,True
fold_2_control,7,1,transformer,cross_scene_smooth_ap,True,32,4,36,1.1057239860750598,0.46898419464857777,0.4860126338957742,2.357699894137388,0.8758305219389622,1.0,1.0,0.7790911771146735,1.5597556157604353,-0.8223578193286113,0.0,0.0014179785380510385,0.001417978538661619,0.18376565783390605,True
fold_2_control,7,1,mamba,cross_scene_smooth_ap,True,32,4,36,0.2623063525005846,0.23569062556410336,0.2079914500905709,1.1129265403440591,1.0159798915969716,1.0,1.0,1.0324787907493178,0.5980394487102942,-0.9022548451509522,0.0,0.0003939133892993919,0.00039391338894804263,0.18416912342662664,True
fold_2_control,8,1,cnn,cross_scene_smooth_ap,True,16,2,46,0.020470963266584027,0.26030341136130053,0.026225184766541045,0.07864270068351266,1.3168118601417926,1.0,1.0,1.9274512880377153,0.03813031810665575,-0.863115206702675,0.0,0.00020878111064160504,0.0002087811107294304,0.18972514621902026,True
fold_2_control,8,1,transformer,cross_scene_smooth_ap,True,16,2,46,0.9666851049942159,0.42560193394444257,0.33542853802155453,2.271336260235146,0.8654085130021376,1.0,1.0,0.7627489919671572,1.3210331852121557,-0.871064875422575,0.0,0.0011359425249397128,0.0011359425247565757,0.17182363472323947,True
fold_2_control,8,1,mamba,cross_scene_smooth_ap,True,16,2,46,0.16314269055343747,0.25170466504651595,0.1420367658254822,0.6481512391647095,1.0239644099984295,1.0,1.0,1.049105606893681,0.357671945300299,-0.9098282968945762,0.0,0.0003651290094586752,0.0003651290094598402,0.1726021137163861,True
overfit_balanced,1,1,cnn,hard_triplet,False,40,5,22,0.1352421890050004,0.305609962887144,0.5735426823189008,0.4425320029731583,1.0,1.0,1.0,,0.0,,0.0,0.00029887314445756777,0.00029887314448268846,0.5223342542560082,True
overfit_balanced,1,1,transformer,hard_triplet,False,40,5,22,0.08813712838337374,0.2750864488628158,0.6428168296896107,0.32039792853383076,1.0,1.0,1.0,,0.0,,0.0,0.0004126840232590998,0.00041268402425575097,0.41219579315209054,True
overfit_balanced,1,1,mamba,hard_triplet,False,40,5,22,0.09998693039552715,0.26281719973000883,0.6783630718074662,0.3804428724537183,1.0,1.0,1.0,,0.0,,0.0,0.00032535246458224274,0.0003253524646421508,0.45168042196936126,True
overfit_balanced,2,1,cnn,hard_triplet,False,40,5,22,0.04035913916758003,0.2514581743256391,0.39160416136207155,0.16050040638295107,1.0,1.0,1.0,,0.0,,0.0,0.00024042054299736065,0.00024042054299949558,0.4146602992926851,True
overfit_balanced,2,1,transformer,hard_triplet,False,40,5,22,0.16827750255859278,0.34966293751478866,0.6972495846672383,0.48125633146771707,1.0,1.0,1.0,,0.0,,0.0,0.0005029076392356597,0.0005029076402675264,0.34380843598621486,True
overfit_balanced,2,1,mamba,hard_triplet,False,40,5,22,0.08528017621701442,0.26675995441951966,0.6594909662659506,0.3196888243686632,1.0,1.0,1.0,,0.0,,0.0,0.00031371462791202157,0.0003137146282223594,0.3720818568395746,True
overfit_balanced,3,1,cnn,cross_scene_smooth_ap,True,40,5,22,0.023730002959742466,0.2386076286506608,0.3401674451580023,0.09945198774212263,1.5204961834219615,1.5204961834219615,0.4795038165780385,3.170978271399229,0.0,,0.1205540610123367,0.00021890725405572918,0.0002189072539936443,0.36485264212782953,True
overfit_balanced,3,1,transformer,cross_scene_smooth_ap,True,40,5,22,0.1870669062387422,0.3461316677604584,0.6396873510756199,0.5404501340461066,1.152636016945439,1.152636016945439,0.8473639830545611,1.3602608088090307,0.0,,0.04095053540917384,0.000503107195056792,0.0005031071940907928,0.3042874736844944,True
overfit_balanced,3,1,mamba,cross_scene_smooth_ap,True,40,5,22,0.09641392123203725,0.33511405288646606,0.4877909862948709,0.28770479901271556,1.3017602605004546,1.3017602605004546,0.6982397394995454,1.8643457065813454,0.0,,0.09059211407176605,0.0003899947526409798,0.00038999475238668904,0.34491308568788764,True
overfit_balanced,4,1,cnn,cross_scene_smooth_ap,True,40,5,22,0.0004864998872111817,0.2134696039117736,0.5319188317865331,0.002279012460304422,1.5371517176244702,1.5371517176244702,0.4628482823755298,3.3210703726395367,0.0,,0.11452908158438421,0.00015809917628509224,0.00015809917625204026,0.32996457476875657,True
overfit_balanced,4,1,transformer,cross_scene_smooth_ap,True,40,5,22,0.004163324281684341,0.3989052428788587,0.5552514789146518,0.010436875313139662,1.1813166928388252,1.1813166928388252,0.8186833071611749,1.442947086505403,0.0,,0.07193065640077874,0.0003651939881716287,0.0003651939881916328,0.2638346326413963,True
overfit_balanced,4,1,mamba,cross_scene_smooth_ap,True,40,5,22,0.0023829788072101434,0.3103793653465451,0.6301103522903255,0.007677632836672301,1.3232369381709574,1.3232369381709574,0.6767630618290427,1.9552440326674045,0.0,,0.09985490122781218,0.00028648124150759875,0.000286481241532516,0.32207642925934515,True
overfit_balanced,5,1,cnn,cross_scene_smooth_ap,True,40,5,22,2.2838595659922256e-05,0.2276380306340805,0.39612033267085783,0.00010032855931983717,1.5549853271892602,1.5549853271892602,0.44501467281074,3.494233835859563,0.0,,0.12633476859640536,0.00011623393366963761,0.00011623393367173193,0.3078975072202339,True
overfit_balanced,5,1,transformer,cross_scene_smooth_ap,True,40,5,22,0.00016071103113611646,0.1342235641169794,0.17419584747140043,0.001197338427074195,1.1913213248108436,1.1913213248108436,0.8086786751891566,1.4731701989448205,0.0,,0.02567920739342948,0.00014828665427686082,0.00014828665427707503,0.23550879392831817,True
overfit_balanced,5,1,mamba,cross_scene_smooth_ap,True,40,5,22,0.00013290740465320467,0.21469838847480968,0.11366975875584186,0.0006190423952287771,1.338617508589066,1.338617508589066,0.6613824914109341,2.023968771434181,0.0,,0.07269811631728124,0.0001756047599980101,0.00017560475999248823,0.29387670909213215,True
overfit_balanced,6,1,cnn,cross_scene_smooth_ap,True,40,5,22,8.100130536134187e-06,0.26812719449581335,0.2950757807101947,3.021002980084016e-05,1.5752641455441352,1.5752641455441352,0.4247358544558649,3.7088089668394684,0.0,,0.1542437498594587,0.00010402728212066292,0.00010402728212081855,0.2964074197685132,True
overfit_balanced,6,1,transformer,cross_scene_smooth_ap,True,40,5,22,3.5765795623511966e-05,0.1127696756809316,0.5762278240971449,0.00031715791862971243,1.2002826567061842,1.2002826567061842,0.799717343293816,1.500883614406247,0.0,,0.022588876709468814,8.41263418209872e-05,8.412634182088076e-05,0.20904298708159338,True
overfit_balanced,6,1,mamba,cross_scene_smooth_ap,True,40,5,22,4.618310498274839e-05,0.155005810234743,0.6022533774730803,0.00029794434745902777,1.350124691669368,1.350124691669368,0.6498753083306319,2.077513446598706,0.0,,0.054255959719556004,0.00011920339612836036,0.00011920339612835611,0.26700734539906235,True
overfit_balanced,7,1,cnn,cross_scene_smooth_ap,True,40,5,22,9.767371378692915e-07,0.2605575400257771,0.4307149278928089,3.7486427672469675e-06,1.5941080624545774,1.5941080624545774,0.4058919375454224,3.927419874597003,0.0,,0.15479959472995747,9.109491994752946e-05,9.109491994752946e-05,0.2877630217701526,True
overfit_balanced,7,1,transformer,cross_scene_smooth_ap,True,40,5,22,3.7796588798733227e-06,0.08225929534648495,0.4039257231801686,4.594810670275007e-05,1.2072891343947063,1.2072891343947063,0.7927108656052938,1.5229879982442918,0.0,,0.017052146632512807,5.108635601364682e-05,5.108635601357549e-05,0.18787749373209373,True
overfit_balanced,7,1,mamba,cross_scene_smooth_ap,True,40,5,22,1.8344893649216476e-06,0.0968818848940003,0.24283352447815557,1.893531868139008e-05,1.357727212038008,1.357727212038008,0.642272787961992,2.1139416732043683,0.0,,0.03466034482434016,5.751797421073795e-05,5.751797421073795e-05,0.241343658883648,True
overfit_balanced,8,1,cnn,cross_scene_smooth_ap,True,40,5,22,2.163571787509295e-08,0.15929283513699555,0.04540737893690966,1.3582354696923895e-07,1.6,1.6,0.4,4.0,0.0,,0.09557534076201704,5.5820878335966206e-05,5.5820878335966206e-05,0.269230297479267,True
overfit_balanced,8,1,transformer,cross_scene_smooth_ap,True,40,5,22,0.0,0.06717016709096474,,0.0,1.2134565770816563,1.2134565770816563,0.7865434229183437,1.5427712466011343,0.0,,0.014337840430297977,3.676883774928124e-05,3.676883774928124e-05,0.17075986099740253,True
overfit_balanced,8,1,mamba,cross_scene_smooth_ap,True,40,5,22,0.0,0.057822469689114,,0.0,1.3626023535299605,1.3626023535299605,0.6373976464700394,2.1377586834155484,0.0,,0.02096532000958744,3.743148082988183e-05,3.743148082988183e-05,0.21896395354974024,True
overfit_balanced,9,1,cnn,cross_scene_smooth_ap,True,40,5,22,0.0,0.062094541758969626,,0.0,1.6,1.6,0.4,4.0,0.0,,0.03725643335784067,2.6317146311796086e-05,2.6317146311796086e-05,0.24468516941884766,True
overfit_balanced,9,1,transformer,cross_scene_smooth_ap,True,40,5,22,0.0,0.05357498822000715,,0.0,1.2187786728541843,1.2187786728541843,0.7812213271458158,1.5600939586569913,0.0,,0.011720359851773074,2.8618830091171726e-05,2.8618830091171726e-05,0.1564368037115279,True
overfit_balanced,9,1,mamba,cross_scene_smooth_ap,True,40,5,22,0.0,0.05163976479035448,,0.0,1.3673154485013597,1.3673154485013597,0.6326845514986403,2.1611329773464494,0.0,,0.018966864092120943,3.150633553974757e-05,3.150633553974757e-05,0.19919660540473924,True
overfit_balanced,10,1,cnn,cross_scene_smooth_ap,True,40,5,22,0.0,0.04319225207473265,,0.0,1.6,1.6,0.4,4.0,0.0,,0.02591571115447619,2.571356365693847e-05,2.571356365693847e-05,0.2214637761079059,True
overfit_balanced,10,1,transformer,cross_scene_smooth_ap,True,40,5,22,0.0,0.042102252783795646,,0.0,1.2233202448555989,1.2233202448555989,0.776679755144401,1.5750639008585439,0.0,,0.009403067651362043,2.588982041570027e-05,2.588982041570027e-05,0.14407778898382534,True
overfit_balanced,10,1,mamba,cross_scene_smooth_ap,True,40,5,22,0.0,0.043287071078979875,,0.0,1.3715984669720975,1.3715984669720975,0.6284015330279025,2.1826784227644387,0.0,,0.016085362990573084,2.7532628011715433e-05,2.7532628011715433e-05,0.18223167843598873,True
overfit_balanced,11,1,cnn,cross_scene_smooth_ap,True,40,5,22,0.0,0.03579595857967409,,0.0,1.6,1.6,0.4,4.0,0.0,,0.02147781655491695,2.2424937214618956e-05,2.2424937214618956e-05,0.20094019487845752,True
overfit_balanced,11,1,transformer,cross_scene_smooth_ap,True,40,5,22,0.0,0.03715208684746668,,0.0,1.2276813363147852,1.2276813363147852,0.7723186636852148,1.5896046464250269,0.0,,0.008458873993920287,2.350046042879579e-05,2.350046042879579e-05,0.13289660261810346,True
overfit_balanced,11,1,mamba,cross_scene_smooth_ap,True,40,5,22,0.0,0.03843645988635791,,0.0,1.3757274362105478,1.3757274362105478,0.6242725637894521,2.2037288133561774,0.0,,0.014441653658859412,2.7631169209439927e-05,2.7631169209439927e-05,0.1675112603462522,True
overfit_balanced,12,1,cnn,cross_scene_smooth_ap,True,40,5,22,0.0,0.02594491306509988,,0.0,1.6,1.6,0.4,4.0,0.0,,0.015567050115645822,2.1569480631734122e-05,2.1569480631734122e-05,0.18263650569482134,True
overfit_balanced,12,1,transformer,cross_scene_smooth_ap,True,40,5,22,0.0,0.038891019876532866,,0.0,1.232643844047733,1.232643844047733,0.7673561559522672,1.6063516718883382,0.0,,0.009047731783814255,2.3250575024992062e-05,2.3250575024992062e-05,0.12262487038985653,True
overfit_balanced,12,1,mamba,cross_scene_smooth_ap,True,40,5,22,0.0,0.03061254241339802,,0.0,1.379304297382291,1.379304297382291,0.6206957026177089,2.222190828074437,0.0,,0.01161191045476994,2.44855617384153e-05,2.44855617384153e-05,0.15426840264770808,True
overfit_balanced,13,1,cnn,cross_scene_smooth_ap,True,40,5,22,0.0,0.022513759427455947,,0.0,1.6,1.6,0.4,4.0,0.0,,0.013508199960565714,1.889969429930463e-05,1.889969429930463e-05,0.16614671606264414,True
overfit_balanced,13,1,transformer,cross_scene_smooth_ap,True,40,5,22,0.0,0.03714788862936158,,0.0,1.2377864492536643,1.2377864492536643,0.7622135507463357,1.6239365569421622,0.0,,0.008833698985385786,2.2174381919411198e-05,2.2174381919411198e-05,0.11326428852175836,True
overfit_balanced,13,1,mamba,cross_scene_smooth_ap,True,40,5,22,0.0,0.02394569593641826,,0.0,1.382356339023994,1.382356339023994,0.617643660976006,2.238113051851908,0.0,,0.009155247162561636,2.566768609610017e-05,2.566768609610017e-05,0.14198007898238293,True
overfit_balanced,14,1,cnn,cross_scene_smooth_ap,True,40,5,22,0.0,0.022019927556382803,,0.0,1.6,1.6,0.4,4.0,0.0,,0.013211869269495653,1.947040949288939e-05,1.947040949288939e-05,0.1513806342606444,True
overfit_balanced,14,1,transformer,cross_scene_smooth_ap,True,40,5,22,0.0,0.031750268111093244,,0.0,1.242556743638913,1.242556743638913,0.757443256361087,1.6404618210061186,0.0,,0.007701897193042687,2.15664851727997e-05,2.15664851727997e-05,0.10483974749228128,True
overfit_balanced,14,1,mamba,cross_scene_smooth_ap,True,40,5,22,0.0,0.023070454066079667,,0.0,1.385566940160156,1.385566940160156,0.6144330598398441,2.2550331854235073,0.0,,0.008894925596482845,2.4759334999833983e-05,2.4759334999833983e-05,0.13055915018409944,True
overfit_balanced,15,1,cnn,cross_scene_smooth_ap,True,40,5,22,0.0,0.025185527442299786,,0.0,1.6,1.6,0.4,4.0,0.0,,0.015111268786989521,1.8370849136074804e-05,1.8370849136074804e-05,0.13833270866672243,True
overfit_balanced,15,1,transformer,cross_scene_smooth_ap,True,40,5,22,0.0,0.030223293808447075,,0.0,1.2474868655498181,1.2474868655498181,0.7525131344501818,1.657760919297821,0.0,,0.007480335820596107,2.009877999984303e-05,2.009877999984303e-05,0.09750995236755212,True
overfit_balanced,15,1,mamba,cross_scene_smooth_ap,True,40,5,22,0.0,0.025121722642773413,,0.0,1.3893757567933596,1.3893757567933596,0.6106242432066404,2.275336710342801,0.0,,0.00978181663921492,2.5663727991919895e-05,2.5663727991919895e-05,0.12026566414684417,True
overfit_balanced,16,1,cnn,cross_scene_smooth_ap,True,40,5,22,0.0,0.027175390126160978,,0.0,1.6,1.6,0.4,4.0,0.0,,0.01630558490271105,1.8401208061252982e-05,1.8401208061252982e-05,0.1269992714460165,True
overfit_balanced,16,1,transformer,cross_scene_smooth_ap,True,40,5,22,0.0,0.034430535094291816,,0.0,1.2535648784965245,1.2535648784965245,0.7464351215034756,1.679402324975792,0.0,,0.008730854259578374,2.1178256406383067e-05,2.1178256406383067e-05,0.09165777515226718,True
overfit_balanced,16,1,mamba,cross_scene_smooth_ap,True,40,5,22,0.0,0.02772288529054189,,0.0,1.393937086819305,1.393937086819305,0.606062913180695,2.299987437778937,0.0,,0.010921641096698343,2.4227166583073206e-05,2.4227166583073206e-05,0.11145331762836888,True
overfit_balanced,17,1,cnn,cross_scene_smooth_ap,True,40,5,22,0.0,0.029584979364329234,,0.0,1.6,1.6,0.4,4.0,0.0,,0.01775100985410912,1.9562661374492007e-05,1.9562661374492007e-05,0.11730622483843778,True
overfit_balanced,17,1,transformer,cross_scene_smooth_ap,True,40,5,22,0.0,0.039692958449401974,,0.0,1.2610990483781432,1.2610990483781432,0.7389009516218566,1.7067227286824893,0.0,,0.010363138490525194,2.094490306199287e-05,2.094490306199287e-05,0.08768544396383965,True
overfit_balanced,17,1,mamba,cross_scene_smooth_ap,True,40,5,22,0.0,0.031013823106974012,,0.0,1.399447196153023,1.399447196153023,0.6005528038469771,2.330265027801963,0.0,,0.012388277133911073,2.569148289106731e-05,2.569148289106731e-05,0.10444844160407166,True
overfit_balanced,18,1,cnn,cross_scene_smooth_ap,True,40,5,22,0.0,0.03179497253777367,,0.0,1.6,1.6,0.4,4.0,0.0,,0.019077163756576858,1.882056159632015e-05,1.882056159632015e-05,0.10936735137400773,True
overfit_balanced,18,1,transformer,cross_scene_smooth_ap,True,40,5,22,0.0,0.04402774052503424,,0.0,1.2700207085273802,1.2700207085273802,0.7299792914726196,1.7398037497273533,0.0,,0.011888226569540878,2.5154021840284294e-05,2.5154021840284294e-05,0.08572800837257387,True
overfit_balanced,18,1,mamba,cross_scene_smooth_ap,True,40,5,22,0.0,0.034479213643451724,,0.0,1.4060225552160845,1.4060225552160845,0.5939774447839153,2.367131222849018,0.0,,0.013999157738633564,2.6702410004634034e-05,2.6702410004634034e-05,0.09946509383528365,True
overfit_balanced,19,1,cnn,cross_scene_smooth_ap,True,40,5,22,0.0,0.033240902539488,,0.0,1.6,1.6,0.4,4.0,0.0,,0.019944710637131813,1.9291950213955004e-05,1.9291950213955004e-05,0.10308702514988298,True
overfit_balanced,19,1,transformer,cross_scene_smooth_ap,True,40,5,22,0.0,0.047459767776467945,,0.0,1.2802172189002627,1.2802172189002627,0.7197827810997374,1.7786160665642101,0.0,,0.013299223359910515,2.2968431899376775e-05,2.2968431899376775e-05,0.08555651900442891,True
overfit_balanced,19,1,mamba,cross_scene_smooth_ap,True,40,5,22,0.0,0.03739177462825555,,0.0,1.4136281718302814,1.4136281718302814,0.5863718281697186,2.41080506245113,0.0,,0.015466335114413025,2.5186273965810794e-05,2.5186273965810794e-05,0.09647589520124628,True
overfit_balanced,20,1,cnn,cross_scene_smooth_ap,True,40,5,22,0.0,0.0336123924042714,,0.0,1.6,1.6,0.4,4.0,0.0,,0.020167744784306697,1.7296388814326196e-05,1.7296388814326196e-05,0.09822941979151657,True
overfit_balanced,20,1,transformer,cross_scene_smooth_ap,True,40,5,22,0.0,0.04990778940334784,,0.0,1.2915134327263684,1.2915134327263684,0.7084865672736316,1.8229187289976667,0.0,,0.014549417111835694,2.2662164174456254e-05,2.2662164174456254e-05,0.08662282431300734,True
overfit_balanced,20,1,mamba,cross_scene_smooth_ap,True,40,5,22,0.0,0.03918719318527542,,0.0,1.4220797247545323,1.4220797247545323,0.5779202752454677,2.4606849520039997,0.0,,0.016539782473615792,2.508737559705378e-05,2.508737559705378e-05,0.0951319909005117,True
overfit_balanced,21,1,cnn,cross_scene_smooth_ap,True,40,5,22,0.0,0.03257460317415925,,0.0,1.6,1.6,0.4,4.0,0.0,,0.019544904233768184,1.9082489930659855e-05,1.9082489930659855e-05,0.09438870618288728,True
overfit_balanced,21,1,transformer,cross_scene_smooth_ap,True,40,5,22,0.0,0.05043045569012248,,0.0,1.3034780925153335,1.3034780925153335,0.6965219074846664,1.871410042539156,0.0,,0.015305155631156649,2.4454908645143827e-05,2.4454908645143827e-05,0.08788735572061458,True
overfit_balanced,21,1,mamba,cross_scene_smooth_ap,True,40,5,22,0.0,0.039260565322233765,,0.0,1.4310176534351473,1.4310176534351473,0.5689823465648527,2.515047544224713,0.0,,0.01692244032703103,2.6204568218334125e-05,2.6204568218334125e-05,0.09475382577097999,True
overfit_balanced,22,1,cnn,cross_scene_smooth_ap,True,40,5,22,0.0,0.029860634044380004,,0.0,1.6,1.6,0.4,4.0,0.0,,0.017916484442413644,1.7855939610101243e-05,1.7855939610101243e-05,0.09092522563583631,True
overfit_balanced,22,1,transformer,cross_scene_smooth_ap,True,40,5,22,0.0,0.04789812951833109,,0.0,1.3153631958353915,1.3153631958353915,0.6846368041646085,1.9212569172941167,0.0,,0.015104887341685594,2.2763915522586055e-05,2.2763915522586055e-05,0.08865093555787615,True
overfit_balanced,22,1,mamba,cross_scene_smooth_ap,True,40,5,22,0.0,0.036554761797339866,,0.0,1.4397880970201256,1.4397880970201256,0.5602119029798746,2.5700776605452624,0.0,,0.016075808636680823,2.5762661103348475e-05,2.5762661103348475e-05,0.09433549868431602,True
overfit_balanced,23,1,cnn,cross_scene_smooth_ap,True,40,5,22,0.0,0.023662681005856088,,0.0,1.6,1.6,0.4,4.0,0.0,,0.014197712486404241,1.7943724438653333e-05,1.7943724438653333e-05,0.08679836567972521,True
overfit_balanced,23,1,transformer,cross_scene_smooth_ap,True,40,5,22,0.0,0.03860164406374468,,0.0,1.325422732229522,1.325422732229522,0.6745772677704779,1.9648197405319203,0.0,,0.012561911217518948,2.1236139692003558e-05,2.1236139692003558e-05,0.0871213127162892,True
overfit_balanced,23,1,mamba,cross_scene_smooth_ap,True,40,5,22,0.0,0.029522961026900666,,0.0,1.4472810995278966,1.4472810995278966,0.5527189004721035,2.618475862308499,0.0,,0.013205612351974377,2.4504071790855353e-05,2.4504071790855353e-05,0.09235651422744814,True
overfit_balanced,24,1,cnn,cross_scene_smooth_ap,True,40,5,22,0.0,0.015526417014837753,,0.0,1.6,1.6,0.4,4.0,0.0,,0.009315946083843474,1.7922361404542983e-05,1.7922361404542983e-05,0.08068537983216639,True
overfit_balanced,24,1,transformer,cross_scene_smooth_ap,True,40,5,22,0.0,0.04143318586596256,,0.0,1.3367694693313772,1.3367694693313772,0.6632305306686228,2.015542722352874,0.0,,0.013953312788169286,2.0366396008454935e-05,2.0366396008454935e-05,0.08124721400229683,True
overfit_balanced,24,1,mamba,cross_scene_smooth_ap,True,40,5,22,0.0,0.01998601290468022,,0.0,1.4526993656904879,1.4526993656904879,0.5473006343095121,2.6542987064563683,0.0,,0.009048116582040466,2.2724745708405647e-05,2.2724745708405647e-05,0.08676754765935218,True
overfit_balanced,25,1,cnn,cross_scene_smooth_ap,True,40,5,22,0.0,0.019846691013326496,,0.0,1.6,1.6,0.4,4.0,0.0,,0.01190805698253809,1.6887615412375258e-05,1.6887615412375258e-05,0.07175534124847512,True
overfit_balanced,25,1,transformer,cross_scene_smooth_ap,True,40,5,22,0.0,0.051492400784457354,,0.0,1.3513981137640727,1.3513981137640727,0.6486018862359273,2.0835556331893015,0.0,,0.01809397976733002,2.263757504807504e-05,2.263757504807504e-05,0.071901746959906,True
overfit_balanced,25,1,mamba,cross_scene_smooth_ap,True,40,5,22,0.0,0.022571109933315868,,0.0,1.4592515714684322,1.4592515714684322,0.5407484285315679,2.698577553763975,0.0,,0.010365427829602128,2.24311985822961e-05,2.24311985822961e-05,0.07646884501086296,True
overfit_balanced,26,1,cnn,cross_scene_smooth_ap,True,40,5,22,0.0,0.033250276840482804,,0.0,1.6,1.6,0.4,4.0,0.0,,0.019950116577001374,1.719407324620478e-05,1.719407324620478e-05,0.06174236341658253,True
overfit_balanced,26,1,transformer,cross_scene_smooth_ap,True,40,5,22,0.0,0.05329837730613146,,0.0,1.366914057457101,1.366914057457101,0.633085942542899,2.1591287463541757,0.0,,0.019555790843216,2.303529604945956e-05,2.303529604945956e-05,0.06142400313732114,True
overfit_balanced,26,1,mamba,cross_scene_smooth_ap,True,40,5,22,0.0,0.033472659251184166,,0.0,1.4694953177871777,1.4694953177871777,0.5305046822128223,2.769995001095317,0.0,,0.01571463084176231,2.5721818303136264e-05,2.5721818303136264e-05,0.06399246425595075,True
overfit_balanced,27,1,cnn,cross_scene_smooth_ap,True,40,5,22,0.0,0.037675234930206726,,0.0,1.6,1.6,0.4,4.0,0.0,,0.02260504768834237,1.8446677670319165e-05,1.8446677670319165e-05,0.05411205888857916,True
overfit_balanced,27,1,transformer,cross_scene_smooth_ap,True,40,5,22,0.0,0.060015814491721185,,0.0,1.3846362789297366,1.3846362789297366,0.6153637210702634,2.2501103518444765,0.0,,0.02308434785967652,2.4456868865398423e-05,2.4456868865398423e-05,0.053925279818092114,True
overfit_balanced,27,1,mamba,cross_scene_smooth_ap,True,40,5,22,0.0,0.03964842231783199,,0.0,1.4820360829428778,1.4820360829428778,0.5179639170571222,2.8612728302837276,0.0,,0.019112327279168426,2.682919266547025e-05,2.682919266547025e-05,0.05377906258529787,True
overfit_balanced,28,1,cnn,cross_scene_smooth_ap,True,40,5,22,0.0,0.03044766230528974,,0.0,1.6,1.6,0.4,4.0,0.0,,0.01826864387903876,1.742320265641881e-05,1.742320265641881e-05,0.04986151603581533,True
overfit_balanced,28,1,transformer,cross_scene_smooth_ap,True,40,5,22,0.0,0.04081491607290023,,0.0,1.3969528021849746,1.3969528021849746,0.6030471978150252,2.31648999820652,0.0,,0.016201626265653087,2.0194760711212477e-05,2.0194760711212477e-05,0.04856531296767411,True
overfit_balanced,28,1,mamba,cross_scene_smooth_ap,True,40,5,22,0.0,0.03455284141020507,,0.0,1.4932815792296459,1.4932815792296459,0.506718420770354,2.9469652533243993,0.0,,0.01704375364165545,2.463938063097024e-05,2.463938063097024e-05,0.04892851497125601,True
overfit_balanced,29,1,cnn,cross_scene_smooth_ap,True,40,5,22,0.0,0.019238073714773832,,0.0,1.6,1.6,0.4,4.0,0.0,,0.011542765879908575,1.3932852528361584e-05,1.3932852528361584e-05,0.04754146531034295,True
overfit_balanced,29,1,transformer,cross_scene_smooth_ap,True,40,5,22,0.0,0.038103681169244764,,0.0,1.4088774412065268,1.4088774412065268,0.5911225587934733,2.3833931225398572,0.0,,0.015579636151267838,2.071643191218203e-05,2.071643191218203e-05,0.04598049736852012,True
overfit_balanced,29,1,mamba,cross_scene_smooth_ap,True,40,5,22,0.0,0.02543844426501226,,0.0,1.501899390906421,1.501899390906421,0.4981006090935786,3.015253070337559,0.0,,0.012767243577443283,2.147501922435379e-05,2.147501922435379e-05,0.047608233472041885,True
overfit_balanced,30,1,cnn,cross_scene_smooth_ap,True,40,5,22,0.0,0.015247145336028485,,0.0,1.6,1.6,0.4,4.0,0.0,,0.009148278014425108,1.603965907741083e-05,1.603965907741083e-05,0.04585237223854382,True
overfit_balanced,30,1,transformer,cross_scene_smooth_ap,True,40,5,22,0.0,0.020313203845991952,,0.0,1.415572250926431,1.415572250926431,0.5844277490735691,2.4221509898706666,0.0,,0.008441876427862524,1.71623596471025e-05,1.71623596471025e-05,0.04345821588142749,True
overfit_balanced,30,1,mamba,cross_scene_smooth_ap,True,40,5,22,0.0,0.020584958563847712,,0.0,1.5092455199925476,1.5092455199925476,0.49075448000745214,3.0753576003414778,0.0,,0.01048292172630661,2.2446596845609114e-05,2.2446596845609114e-05,0.04723723142951111,True
overfit_balanced,31,1,cnn,cross_scene_smooth_ap,True,40,5,22,0.0,0.019919486348110756,,0.0,1.6,1.6,0.4,4.0,0.0,,0.01195155891582435,1.6792027410645237e-05,1.6792027410645237e-05,0.04489809521088945,True
overfit_balanced,31,1,transformer,cross_scene_smooth_ap,True,40,5,22,0.0,0.028273222687858143,,0.0,1.425435726618636,1.425435726618636,0.5745642733813641,2.4808986438189318,0.0,,0.012028370140799577,1.8858219691979653e-05,1.8858219691979653e-05,0.04175128110480198,True
overfit_balanced,31,1,mamba,cross_scene_smooth_ap,True,40,5,22,0.0,0.024548919639496073,,0.0,1.5184478025039863,1.5184478025039863,0.48155219749601347,3.1532361608972965,0.0,,0.012727036953589439,2.194779141445027e-05,2.194779141445027e-05,0.04665008537552771,True
overfit_balanced,32,1,cnn,cross_scene_smooth_ap,True,40,5,22,0.0,0.025178288576652556,,0.0,1.6,1.6,0.4,4.0,0.0,,0.0151069087238672,1.8976610666702673e-05,1.8976610666702673e-05,0.044941272596093304,True
overfit_balanced,32,1,transformer,cross_scene_smooth_ap,True,40,5,22,0.0,0.031090239771814698,,0.0,1.4367532693379876,1.4367532693379876,0.5632467306620124,2.5508417379525645,0.0,,0.013578680929364036,2.0984121289918377e-05,2.0984121289918377e-05,0.041115632588173835,True
overfit_balanced,32,1,mamba,cross_scene_smooth_ap,True,40,5,22,0.0,0.0308366001984679,,0.0,1.5303864764752462,1.5303864764752462,0.4696135235247537,3.258821136556512,0.0,,0.016355148687965605,2.3066930480525728e-05,2.3066930480525728e-05,0.047673817031037194,True
overfit_balanced,33,1,cnn,cross_scene_smooth_ap,True,40,5,22,0.0,0.027845449683046922,,0.0,1.6,1.6,0.4,4.0,0.0,,0.01670715182555371,1.7291954042720863e-05,1.7291954042720863e-05,0.04602428626863794,True
overfit_balanced,33,1,transformer,cross_scene_smooth_ap,True,40,5,22,0.0,0.03670810759988766,,0.0,1.4505177738550596,1.4505177738550596,0.5494822261449404,2.639790160332588,0.0,,0.016538038026155433,2.1295825765636624e-05,2.1295825765636624e-05,0.041580370154105956,True
overfit_balanced,33,1,mamba,cross_scene_smooth_ap,True,40,5,22,0.0,0.03268399661153911,,0.0,1.543268259394772,1.543268259394772,0.4567317406052278,3.3789380553007873,0.0,,0.017755436657424947,2.3974166386572368e-05,2.3974166386572368e-05,0.050265021905528624,True
overfit_balanced,34,1,cnn,cross_scene_smooth_ap,True,40,5,22,0.0,0.02792441468219885,,0.0,1.6,1.6,0.4,4.0,0.0,,0.016754725142713162,1.6512023343301142e-05,1.6512023343301142e-05,0.048050080645458584,True
overfit_balanced,34,1,transformer,cross_scene_smooth_ap,True,40,5,22,0.0,0.03368365527468843,,0.0,1.4634464869208361,1.4634464869208361,0.5365535130791639,2.7274939987298477,0.0,,0.015610826255690985,2.129520752984678e-05,2.129520752984678e-05,0.042782016747830366,True
overfit_balanced,34,1,mamba,cross_scene_smooth_ap,True,40,5,22,0.0,0.029862478146704702,,0.0,1.5552255907461308,1.5552255907461308,0.4447744092538692,3.496661584813519,0.0,,0.01658016749394944,2.404630169331817e-05,2.404630169331817e-05,0.05273758854692441,True
overfit_balanced,35,1,cnn,cross_scene_smooth_ap,True,40,5,22,0.0,0.025837114626324546,,0.0,1.6,1.6,0.4,4.0,0.0,,0.015502204104316382,1.835466410002209e-05,1.835466410002209e-05,0.049860550165721856,True
overfit_balanced,35,1,transformer,cross_scene_smooth_ap,True,40,5,22,0.0,0.026076651779884497,,0.0,1.4737865213154742,1.4737865213154742,0.526213478684526,2.800738827518773,0.0,,0.012355141260007519,2.1750342816024913e-05,2.1750342816024913e-05,0.04311662819693825,True
overfit_balanced,35,1,mamba,cross_scene_smooth_ap,True,40,5,22,0.0,0.02747841704738334,,0.0,1.5664482403920579,1.5664482403920579,0.4335517596079424,3.613059353763401,0.0,,0.015564962492254373,2.2796985068910268e-05,2.2796985068910268e-05,0.054810120318126085,True
overfit_balanced,36,1,cnn,cross_scene_smooth_ap,True,40,5,22,0.0,0.021388989949901738,,0.0,1.6,1.6,0.4,4.0,0.0,,0.01283374115386219,1.5752755504982666e-05,1.5752755504982666e-05,0.050882631793536734,True
overfit_balanced,36,1,transformer,cross_scene_smooth_ap,True,40,5,22,0.0,0.02020914930459998,,0.0,1.4821749729967761,1.4821749729967761,0.517825027003224,2.8623084936131296,0.0,,0.009744765297418597,1.679454383213096e-05,1.679454383213096e-05,0.04190654083412985,True
overfit_balanced,36,1,mamba,cross_scene_smooth_ap,True,40,5,22,0.0,0.023379723192432974,,0.0,1.5762488640812795,1.5762488640812795,0.4237511359187206,3.7197513598727405,0.0,,0.01347242757654045,2.1159784086741405e-05,2.1159784086741405e-05,0.05573537174054244,True
overfit_balanced,37,1,cnn,cross_scene_smooth_ap,True,40,5,22,0.0,0.020766638219920957,,0.0,1.6,1.6,0.4,4.0,0.0,,0.012459935134646966,1.7217126000100068e-05,1.7217126000100068e-05,0.05109376497407356,True
overfit_balanced,37,1,transformer,cross_scene_smooth_ap,True,40,5,22,0.0,0.014746395608750457,,0.0,1.4886573193669501,1.4886573193669501,0.51134268063305,2.9112713953859077,0.0,,0.007205698711628164,1.688016165530961e-05,1.688016165530961e-05,0.03911839772374628,True
overfit_balanced,37,1,mamba,cross_scene_smooth_ap,True,40,5,22,0.0,0.018644768617153185,,0.0,1.5843546867532075,1.5843546867532075,0.41564531324679266,3.81179490363334,0.0,,0.010894782667287748,2.2807532292188656e-05,2.2807532292188656e-05,0.05502825123795219,True
overfit_balanced,38,1,cnn,cross_scene_smooth_ap,True,40,5,22,0.0,0.01668360500417,,0.0,1.6,1.6,0.4,4.0,0.0,,0.010010305469095511,1.7700908709773725e-05,1.7700908709773725e-05,0.05009546894921036,True
overfit_balanced,38,1,transformer,cross_scene_smooth_ap,True,40,5,22,0.0,0.015603146974839303,,0.0,1.495942649241226,1.495942649241226,0.504057350758774,2.967802467297292,0.0,,0.007738375383762864,1.8417966750111408e-05,1.8417966750111408e-05,0.0348031554962963,True
overfit_balanced,38,1,mamba,cross_scene_smooth_ap,True,40,5,22,0.0,0.01614158935757188,,0.0,1.5916938112210075,1.5916938112210075,0.40830618877899244,3.8982848043054226,0.0,,0.009550214215332685,1.957586901818341e-05,1.957586901818341e-05,0.05177786154952269,True
overfit_balanced,39,1,cnn,cross_scene_smooth_ap,True,40,5,22,0.0,0.01679714016603258,,0.0,1.6,1.6,0.4,4.0,0.0,,0.010078232670989402,1.7073622402881696e-05,1.7073622402881696e-05,0.048059001598591125,True
overfit_balanced,39,1,transformer,cross_scene_smooth_ap,True,40,5,22,0.0,0.024323503915009197,,0.0,1.5077834340883007,1.5077834340883007,0.49221656591169943,3.063252109964108,0.0,,0.012351715239075257,1.6949002997587597e-05,1.6949002997587597e-05,0.029691047204117308,True
overfit_balanced,39,1,mamba,cross_scene_smooth_ap,True,40,5,22,0.0,0.022205402432866318,,0.0,1.6,1.6,0.4,4.0,0.0,,0.013322433782254247,2.2933590409203324e-05,2.2933590409203324e-05,0.047437668956750105,True
overfit_balanced,40,1,cnn,cross_scene_smooth_ap,True,40,5,22,0.0,0.010784908883656331,,0.0,1.6,1.6,0.4,4.0,0.0,,0.0064710763637954695,1.622855835780246e-05,1.622855835780246e-05,0.04463490436418252,True
overfit_balanced,40,1,transformer,cross_scene_smooth_ap,True,40,5,22,0.0,0.0309742617367986,,0.0,1.5230640787987784,1.5230640787987784,0.4769359212012216,3.193435451376266,0.0,,0.016201542977035632,1.891089309700623e-05,1.891089309700623e-05,0.025461348343807404,True
overfit_balanced,40,1,mamba,cross_scene_smooth_ap,True,40,5,22,0.0,0.022983326477049797,,0.0,1.6,1.6,0.4,4.0,0.0,,0.013789454777880919,2.089793504539167e-05,2.089793504539167e-05,0.04216608232995342,True
overfit_balanced,41,1,cnn,cross_scene_smooth_ap,True,40,5,22,0.0,0.009470815852637888,,0.0,1.6,1.6,0.4,4.0,0.0,,0.0056826050772887885,1.682776684716058e-05,1.682776684716058e-05,0.040485458947944766,True
overfit_balanced,41,1,transformer,cross_scene_smooth_ap,True,40,5,22,0.0,0.03291428657029414,,0.0,1.5392361832023065,1.5392361832023065,0.46076381679769346,3.34061861432608,0.0,,0.017748411667503378,2.0094184079076442e-05,2.0094184079076442e-05,0.023032000349588015,True
overfit_balanced,41,1,mamba,cross_scene_smooth_ap,True,40,5,22,0.0,0.027511123822363908,,0.0,1.6,1.6,0.4,4.0,0.0,,0.016506736746472146,2.1952482353628647e-05,2.1952482353628647e-05,0.03784275823556328,True
overfit_balanced,42,1,cnn,cross_scene_smooth_ap,True,40,5,22,0.0,0.010776120297399508,,0.0,1.6,1.6,0.4,4.0,0.0,,0.006465716009233255,1.6954000724749136e-05,1.6954000724749136e-05,0.03620901003048515,True
overfit_balanced,42,1,transformer,cross_scene_smooth_ap,True,40,5,22,0.0,0.03086950508819566,,0.0,1.5543068902249695,1.5543068902249695,0.4456931097750302,3.4873926837449374,0.0,,0.017111847473285164,1.7564974567618985e-05,1.7564974567618985e-05,0.022497249681022808,True
overfit_balanced,42,1,mamba,cross_scene_smooth_ap,True,40,5,22,0.0,0.026498737177104686,,0.0,1.6,1.6,0.4,4.0,0.0,,0.01589906750103771,2.334732151396854e-05,2.334732151396854e-05,0.0345251321408313,True
overfit_balanced,43,1,cnn,cross_scene_smooth_ap,True,40,5,22,0.0,0.012026108075418792,,0.0,1.6,1.6,0.4,4.0,0.0,,0.0072157328053060596,1.6898683776706415e-05,1.6898683776706415e-05,0.03217031347873112,True
overfit_balanced,43,1,transformer,cross_scene_smooth_ap,True,40,5,22,0.0,0.028622796227379083,,0.0,1.5682591528452998,1.5682591528452998,0.43174084715469996,3.6324085691233345,0.0,,0.016265596903596018,1.8371290844998507e-05,1.8371290844998507e-05,0.023052213049764805,True
overfit_balanced,43,1,mamba,cross_scene_smooth_ap,True,40,5,22,0.0,0.027223960491377527,,0.0,1.6,1.6,0.4,4.0,0.0,,0.016334391053590202,2.1057523169044367e-05,2.1057523169044367e-05,0.03308526536783978,True
overfit_balanced,44,1,cnn,cross_scene_smooth_ap,True,40,5,22,0.0,0.01273229137194599,,0.0,1.6,1.6,0.4,4.0,0.0,,0.0076395325288815055,1.578273535872415e-05,1.578273535872415e-05,0.028746216154495866,True
overfit_balanced,44,1,transformer,cross_scene_smooth_ap,True,40,5,22,0.0,0.024543819878177418,,0.0,1.5803065779975394,1.5803065779975394,0.41969342200246057,3.7653832420282116,0.0,,0.014242709806590089,1.662631643222118e-05,1.662631643222118e-05,0.023717910160709073,True
overfit_balanced,44,1,mamba,cross_scene_smooth_ap,True,40,5,22,0.0,0.025302635887044848,,0.0,1.6,1.6,0.4,4.0,0.0,,0.015181773825735661,2.0761103959998392e-05,2.0761103959998392e-05,0.032941143951479644,True
overfit_balanced,45,1,cnn,cross_scene_smooth_ap,True,40,5,22,0.0,0.012358035925704157,,0.0,1.6,1.6,0.4,4.0,0.0,,0.007414869037007548,1.5571241572998222e-05,1.5571241572998222e-05,0.026168566505350932,True
overfit_balanced,45,1,transformer,cross_scene_smooth_ap,True,40,5,22,0.0,0.019008356594149695,,0.0,1.5898412122274985,1.5898412122274985,0.41015878777250153,3.8761603057724052,0.0,,0.011212243743808633,1.7508111773533682e-05,1.7508111773533682e-05,0.023846069541678457,True
overfit_balanced,45,1,mamba,cross_scene_smooth_ap,True,40,5,22,0.0,0.020985357229670827,,0.0,1.6,1.6,0.4,4.0,0.0,,0.012590780534224853,1.9728432164489936e-05,1.9728432164489936e-05,0.03302386839586372,True
overfit_balanced,46,1,cnn,cross_scene_smooth_ap,True,40,5,22,0.0,0.010697151573802684,,0.0,1.6,1.6,0.4,4.0,0.0,,0.00641814173193891,1.6723218468284213e-05,1.6723218468284213e-05,0.024310744132630888,True
overfit_balanced,46,1,transformer,cross_scene_smooth_ap,True,40,5,22,0.0,0.01327087636799535,,0.0,1.5967709407083135,1.5967709407083135,0.40322905929168623,3.9599599877876055,0.0,,0.007919588197006736,1.7075171983778068e-05,1.7075171983778068e-05,0.023142746550127966,True
overfit_balanced,46,1,mamba,cross_scene_smooth_ap,True,40,5,22,0.0,0.01569371939285706,,0.0,1.6,1.6,0.4,4.0,0.0,,0.009416227631504707,2.0125694608570435e-05,2.0125694608570435e-05,0.03248751927044379,True
overfit_balanced,47,1,cnn,cross_scene_smooth_ap,True,40,5,22,0.0,0.008269943216877814,,0.0,1.6,1.6,0.4,4.0,0.0,,0.004961759509166379,1.6617212721721026e-05,1.6617212721721026e-05,0.02273271291157134,True
overfit_balanced,47,1,transformer,cross_scene_smooth_ap,True,40,5,22,0.0,0.009283123774302812,,0.0,1.6,1.6,0.4,4.0,0.0,,0.005569740323187057,1.556453715100101e-05,1.556453715100101e-05,0.021564010376447267,True
overfit_balanced,47,1,mamba,cross_scene_smooth_ap,True,40,5,22,0.0,0.011508642189243924,,0.0,1.6,1.6,0.4,4.0,0.0,,0.00690479550034844,2.071210248408598e-05,2.071210248408598e-05,0.03100416532277984,True
overfit_balanced,48,1,cnn,cross_scene_smooth_ap,True,40,5,22,0.0,0.005946389845516011,,0.0,1.6,1.6,0.4,4.0,0.0,,0.003567655752810969,1.6488715834259695e-05,1.6488715834259695e-05,0.021030088238735496,True
overfit_balanced,48,1,transformer,cross_scene_smooth_ap,True,40,5,22,0.0,0.009674524690759094,,0.0,1.6,1.6,0.4,4.0,0.0,,0.0058047240422171185,1.673890198986958e-05,1.673890198986958e-05,0.019302298947776655,True
overfit_balanced,48,1,mamba,cross_scene_smooth_ap,True,40,5,22,0.0,0.009421580804852087,,0.0,1.6,1.6,0.4,4.0,0.0,,0.005652843053041629,1.895972802368686e-05,1.895972802368686e-05,0.028670167714395667,True
overfit_balanced,49,1,cnn,cross_scene_smooth_ap,True,40,5,22,0.0,0.004551126582148043,,0.0,1.6,1.6,0.4,4.0,0.0,,0.002730514343858991,1.5923292249342368e-05,1.5923292249342368e-05,0.019049330050411328,True
overfit_balanced,49,1,transformer,cross_scene_smooth_ap,True,40,5,22,0.0,0.012502586499576468,,0.0,1.6,1.6,0.4,4.0,0.0,,0.00750180094691295,1.4642374241010218e-05,1.4642374241010218e-05,0.016706086860703986,True
overfit_balanced,49,1,mamba,cross_scene_smooth_ap,True,40,5,22,0.0,0.008542569115748754,,0.0,1.6,1.6,0.4,4.0,0.0,,0.005125147036697844,1.709879107378613e-05,1.709879107378613e-05,0.025767443688848767,True
overfit_balanced,50,1,cnn,cross_scene_smooth_ap,True,40,5,22,0.0,0.004221038814452306,,0.0,1.6,1.6,0.4,4.0,0.0,,0.0025326412423256643,1.7249022565592597e-05,1.7249022565592597e-05,0.016831858911454015,True
overfit_balanced,50,1,transformer,cross_scene_smooth_ap,True,40,5,22,0.0,0.015171999516326347,,0.0,1.6,1.6,0.4,4.0,0.0,,0.009103317363793014,1.6741919620813597e-05,1.6741919620813597e-05,0.014271344790074575,True
overfit_balanced,50,1,mamba,cross_scene_smooth_ap,True,40,5,22,0.0,0.008407013504895165,,0.0,1.6,1.6,0.4,4.0,0.0,,0.005044164844289336,1.6731117574158837e-05,1.6731117574158837e-05,0.022662302780317955,True
overfit_balanced,51,1,cnn,cross_scene_smooth_ap,True,40,5,22,0.0,0.004458555208634012,,0.0,1.6,1.6,0.4,4.0,0.0,,0.0026753161586202815,1.6900220935808007e-05,1.6900220935808007e-05,0.014518995924743275,True
overfit_balanced,51,1,transformer,cross_scene_smooth_ap,True,40,5,22,0.0,0.016695602441111936,,0.0,1.6,1.6,0.4,4.0,0.0,,0.010017518881746781,1.6373455187067245e-05,1.6373455187067245e-05,0.012540505380212338,True
overfit_balanced,51,1,mamba,cross_scene_smooth_ap,True,40,5,22,0.0,0.009317928729627417,,0.0,1.6,1.6,0.4,4.0,0.0,,0.005590555390935133,1.7736359257693538e-05,1.7736359257693538e-05,0.019731111186850517,True
overfit_balanced,52,1,cnn,cross_scene_smooth_ap,True,40,5,22,0.0,0.005018416557056368,,0.0,1.6,1.6,0.4,4.0,0.0,,0.003011096288197159,1.699819568066533e-05,1.699819568066533e-05,0.012307641290236697,True
overfit_balanced,52,1,transformer,cross_scene_smooth_ap,True,40,5,22,0.0,0.017013881308934022,,0.0,1.6,1.6,0.4,4.0,0.0,,0.01020824315730955,1.741739129505484e-05,1.741739129505484e-05,0.011880291314212657,True
overfit_balanced,52,1,mamba,cross_scene_smooth_ap,True,40,5,22,0.0,0.01073777345640168,,0.0,1.6,1.6,0.4,4.0,0.0,,0.006442532081294269,1.900197562935271e-05,1.900197562935271e-05,0.017380503580463558,True
overfit_balanced,53,1,cnn,cross_scene_smooth_ap,True,40,5,22,0.0,0.005755225752340113,,0.0,1.6,1.6,0.4,4.0,0.0,,0.0034532257522336637,1.7329208306325117e-05,1.7329208306325117e-05,0.010533866821878944,True
overfit_balanced,53,1,transformer,cross_scene_smooth_ap,True,40,5,22,0.0,0.016175160574719575,,0.0,1.6,1.6,0.4,4.0,0.0,,0.009705475340260276,1.7531708263610228e-05,1.7531708263610228e-05,0.01216634441699682,True
overfit_balanced,53,1,mamba,cross_scene_smooth_ap,True,40,5,22,0.0,0.011640033281615055,,0.0,1.6,1.6,0.4,4.0,0.0,,0.006984633609655152,1.9378536433552e-05,1.9378536433552e-05,0.015902076008488267,True
overfit_balanced,54,1,cnn,cross_scene_smooth_ap,True,40,5,22,0.0,0.006225845949993061,,0.0,1.6,1.6,0.4,4.0,0.0,,0.0037352094680334477,1.692734140372449e-05,1.692734140372449e-05,0.009597928399293909,True
overfit_balanced,54,1,transformer,cross_scene_smooth_ap,True,40,5,22,0.0,0.014537062606150725,,0.0,1.6,1.6,0.4,4.0,0.0,,0.008722532190648665,1.6945176983005634e-05,1.6945176983005634e-05,0.012897926087505585,True
overfit_balanced,54,1,mamba,cross_scene_smooth_ap,True,40,5,22,0.0,0.011385164086493232,,0.0,1.6,1.6,0.4,4.0,0.0,,0.006830900729710703,1.9236245991276333e-05,1.9236245991276333e-05,0.015258210459510887,True
overfit_balanced,55,1,cnn,cross_scene_smooth_ap,True,40,5,22,0.0,0.006105609739020328,,0.0,1.6,1.6,0.4,4.0,0.0,,0.0036631538196090557,1.7629048136271116e-05,1.7629048136271116e-05,0.009591108120530399,True
overfit_balanced,55,1,transformer,cross_scene_smooth_ap,True,40,5,22,0.0,0.012545853832833628,,0.0,1.6,1.6,0.4,4.0,0.0,,0.007527916918993886,1.6913000717100413e-05,1.6913000717100413e-05,0.013571903919888849,True
overfit_balanced,55,1,mamba,cross_scene_smooth_ap,True,40,5,22,0.0,0.00991144967507629,,0.0,1.6,1.6,0.4,4.0,0.0,,0.005947350817882718,1.866242654495215e-05,1.866242654495215e-05,0.01504595918727945,True
overfit_balanced,56,1,cnn,cross_scene_smooth_ap,True,40,5,22,0.0,0.005385220833315332,,0.0,1.6,1.6,0.4,4.0,0.0,,0.003231173478253764,1.884069520124449e-05,1.884069520124449e-05,0.010077674196990039,True
overfit_balanced,56,1,transformer,cross_scene_smooth_ap,True,40,5,22,0.0,0.010768844725741794,,0.0,1.6,1.6,0.4,4.0,0.0,,0.0064611348157980215,1.6686826377635252e-05,1.6686826377635252e-05,0.013916645567330518,True
overfit_balanced,56,1,mamba,cross_scene_smooth_ap,True,40,5,22,0.0,0.007862160374737026,,0.0,1.6,1.6,0.4,4.0,0.0,,0.0047179957461921255,1.784443354734781e-05,1.784443354734781e-05,0.014808075155564723,True
overfit_balanced,57,1,cnn,cross_scene_smooth_ap,True,40,5,22,0.0,0.004452557668957007,,0.0,1.6,1.6,0.4,4.0,0.0,,0.0026716104584260264,1.8107679178858307e-05,1.8107679178858307e-05,0.010523143578026238,True
overfit_balanced,57,1,transformer,cross_scene_smooth_ap,True,40,5,22,0.0,0.009376147390835123,,0.0,1.6,1.6,0.4,4.0,0.0,,0.005625461431230078,1.594904558410108e-05,1.594904558410108e-05,0.013808384972245262,True
overfit_balanced,57,1,mamba,cross_scene_smooth_ap,True,40,5,22,0.0,0.006602843803881487,,0.0,1.6,1.6,0.4,4.0,0.0,,0.003961837691292136,1.7908965388500127e-05,1.7908965388500127e-05,0.01431097653359317,True
overfit_balanced,58,1,cnn,cross_scene_smooth_ap,True,40,5,22,0.0,0.0038466241274392183,,0.0,1.6,1.6,0.4,4.0,0.0,,0.0023078399337538055,1.9137397117041626e-05,1.9137397117041626e-05,0.010651774265817097,True
overfit_balanced,58,1,transformer,cross_scene_smooth_ap,True,40,5,22,0.0,0.008517678505715325,,0.0,1.6,1.6,0.4,4.0,0.0,,0.00511050924330342,1.756151973829957e-05,1.756151973829957e-05,0.013217933032225963,True
overfit_balanced,58,1,mamba,cross_scene_smooth_ap,True,40,5,22,0.0,0.00693281491028681,,0.0,1.6,1.6,0.4,4.0,0.0,,0.004159814903202969,1.7794676244840818e-05,1.7794676244840818e-05,0.013595889672886451,True
overfit_balanced,59,1,cnn,cross_scene_smooth_ap,True,40,5,22,0.0,0.003938261548863978,,0.0,1.6,1.6,0.4,4.0,0.0,,0.0023631034623040202,1.789922267916854e-05,1.789922267916854e-05,0.010475415951753483,True
overfit_balanced,59,1,transformer,cross_scene_smooth_ap,True,40,5,22,0.0,0.008223816515354329,,0.0,1.6,1.6,0.4,4.0,0.0,,0.00493410866306397,1.6112877936324464e-05,1.6112877936324464e-05,0.012154465615642169,True
overfit_balanced,59,1,mamba,cross_scene_smooth_ap,True,40,5,22,0.0,0.007633511302799292,,0.0,1.6,1.6,0.4,4.0,0.0,,0.00458012300040043,1.5912823366660526e-05,1.5912823366660526e-05,0.01281467870953985,True
overfit_balanced,60,1,cnn,cross_scene_smooth_ap,True,40,5,22,0.0,0.004392851855983931,,0.0,1.6,1.6,0.4,4.0,0.0,,0.002635728648858425,1.7479193854732874e-05,1.7479193854732874e-05,0.01017325460964693,True
overfit_balanced,60,1,transformer,cross_scene_smooth_ap,True,40,5,22,0.0,0.00868428144782192,,0.0,1.6,1.6,0.4,4.0,0.0,,0.005210760910222798,1.5509780780992882e-05,1.5509780780992882e-05,0.010722166253015388,True
overfit_balanced,60,1,mamba,cross_scene_smooth_ap,True,40,5,22,0.0,0.0076863512424319895,,0.0,1.6,1.6,0.4,4.0,0.0,,0.004612005176340151,1.7047126147443787e-05,1.7047126147443787e-05,0.012087410952309093,True
overfit_balanced,61,1,cnn,cross_scene_smooth_ap,True,40,5,22,0.0,0.004794346546306916,,0.0,1.6,1.6,0.4,4.0,0.0,,0.002876791615348693,1.7761104627048895e-05,1.7761104627048895e-05,0.009958651375741381,True
overfit_balanced,61,1,transformer,cross_scene_smooth_ap,True,40,5,22,0.0,0.009578401846101184,,0.0,1.6,1.6,0.4,4.0,0.0,,0.0057472713642152335,1.774045079750245e-05,1.774045079750245e-05,0.009171151471691927,True
overfit_balanced,61,1,mamba,cross_scene_smooth_ap,True,40,5,22,0.0,0.006959039502172998,,0.0,1.6,1.6,0.4,4.0,0.0,,0.0041753987678648736,1.799194210107803e-05,1.799194210107803e-05,0.01141912063582283,True
overfit_balanced,62,1,cnn,cross_scene_smooth_ap,True,40,5,22,0.0,0.004839337876386355,,0.0,1.6,1.6,0.4,4.0,0.0,,0.002903588169195869,1.850525859012898e-05,1.850525859012898e-05,0.009967275369957304,True
overfit_balanced,62,1,transformer,cross_scene_smooth_ap,True,40,5,22,0.0,0.010272751677432924,,0.0,1.6,1.6,0.4,4.0,0.0,,0.006162774090483805,1.6382473190615194e-05,1.6382473190615194e-05,0.007918962545795506,True
overfit_balanced,62,1,mamba,cross_scene_smooth_ap,True,40,5,22,0.0,0.006293086459667224,,0.0,1.6,1.6,0.4,4.0,0.0,,0.0037757991427889532,1.8170121245897312e-05,1.8170121245897312e-05,0.010793166418522182,True
overfit_balanced,63,1,cnn,cross_scene_smooth_ap,True,40,5,22,0.0,0.004452083001051341,,0.0,1.6,1.6,0.4,4.0,0.0,,0.0026710353857639494,1.805193338193691e-05,1.805193338193691e-05,0.010108454775316278,True
overfit_balanced,63,1,transformer,cross_scene_smooth_ap,True,40,5,22,0.0,0.010251442064822744,,0.0,1.6,1.6,0.4,4.0,0.0,,0.00615090464601061,1.7368898299962668e-05,1.7368898299962668e-05,0.007346280295706527,True
overfit_balanced,63,1,mamba,cross_scene_smooth_ap,True,40,5,22,0.0,0.006318418160358566,,0.0,1.6,1.6,0.4,4.0,0.0,,0.003790610218532308,1.7224765958152126e-05,1.7224765958152126e-05,0.010248639647089818,True
overfit_balanced,64,1,cnn,cross_scene_smooth_ap,True,40,5,22,0.0,0.003764428913079153,,0.0,1.6,1.6,0.4,4.0,0.0,,0.0022587142232860166,1.7819936343646302e-05,1.7819936343646302e-05,0.010206131389998574,True
overfit_balanced,64,1,transformer,cross_scene_smooth_ap,True,40,5,22,0.0,0.009411322521122359,,0.0,1.6,1.6,0.4,4.0,0.0,,0.005647061090252004,1.54747822023168e-05,1.54747822023168e-05,0.0074287021559402535,True
overfit_balanced,64,1,mamba,cross_scene_smooth_ap,True,40,5,22,0.0,0.0067039775539479525,,0.0,1.6,1.6,0.4,4.0,0.0,,0.004022224399162907,1.786764013935512e-05,1.786764013935512e-05,0.009873274664451636,True
overfit_balanced,65,1,cnn,cross_scene_smooth_ap,True,40,5,22,0.0,0.0029585261669826824,,0.0,1.6,1.6,0.4,4.0,0.0,,0.0017753061637787173,1.8729526369167416e-05,1.8729526369167416e-05,0.0100985047875207,True
overfit_balanced,65,1,transformer,cross_scene_smooth_ap,True,40,5,22,0.0,0.007936717305365422,,0.0,1.6,1.6,0.4,4.0,0.0,,0.004761942080258226,1.5529311894969487e-05,1.5529311894969487e-05,0.007809237942353563,True
overfit_balanced,65,1,mamba,cross_scene_smooth_ap,True,40,5,22,0.0,0.0067471151106349965,,0.0,1.6,1.6,0.4,4.0,0.0,,0.004049004702354548,1.7755793689422804e-05,1.7755793689422804e-05,0.009716381059010498,True
overfit_balanced,66,1,cnn,cross_scene_smooth_ap,True,40,5,22,0.0,0.0022177700327652527,,0.0,1.6,1.6,0.4,4.0,0.0,,0.0013303860086447072,1.79293226356341e-05,1.79293226356341e-05,0.009703912361560757,True
overfit_balanced,66,1,transformer,cross_scene_smooth_ap,True,40,5,22,0.0,0.006006897491868207,,0.0,1.6,1.6,0.4,4.0,0.0,,0.0036038713687800835,1.5910170359063623e-05,1.5910170359063623e-05,0.008098410067470758,True
overfit_balanced,66,1,mamba,cross_scene_smooth_ap,True,40,5,22,0.0,0.006002057445460447,,0.0,1.6,1.6,0.4,4.0,0.0,,0.0036010953067550817,1.581257511638408e-05,1.581257511638408e-05,0.009688821311330743,True
overfit_balanced,67,1,cnn,cross_scene_smooth_ap,True,40,5,22,0.0,0.0018040887363219267,,0.0,1.6,1.6,0.4,4.0,0.0,,0.0010825697218407478,1.7085993374440692e-05,1.7085993374440692e-05,0.009053832238843864,True
overfit_balanced,67,1,transformer,cross_scene_smooth_ap,True,40,5,22,0.0,0.004209561780205098,,0.0,1.6,1.6,0.4,4.0,0.0,,0.0025256351121644713,1.5428681676087677e-05,1.5428681676087677e-05,0.008103498856727849,True
overfit_balanced,67,1,mamba,cross_scene_smooth_ap,True,40,5,22,0.0,0.004696620380477436,,0.0,1.6,1.6,0.4,4.0,0.0,,0.002817604105205638,1.574264604705848e-05,1.574264604705848e-05,0.009598057935767472,True
overfit_balanced,68,1,cnn,cross_scene_smooth_ap,True,40,5,22,0.0,0.0017677982917184106,,0.0,1.6,1.6,0.4,4.0,0.0,,0.0010608324956731514,1.7624038297605853e-05,1.7624038297605853e-05,0.00819308108744298,True
overfit_balanced,68,1,transformer,cross_scene_smooth_ap,True,40,5,22,0.0,0.0033918297499165,,0.0,1.6,1.6,0.4,4.0,0.0,,0.002035089346310131,1.5450160078252692e-05,1.5450160078252692e-05,0.007799457250527983,True
overfit_balanced,68,1,mamba,cross_scene_smooth_ap,True,40,5,22,0.0,0.003459743482562093,,0.0,1.6,1.6,0.4,4.0,0.0,,0.002076284199331689,1.59393790315094e-05,1.59393790315094e-05,0.009292983925541896,True
overfit_balanced,69,1,cnn,cross_scene_smooth_ap,True,40,5,22,0.0,0.0019502668597950234,,0.0,1.6,1.6,0.4,4.0,0.0,,0.0011702584499761438,1.8691971545137812e-05,1.8691971545137812e-05,0.007244992421120598,True
overfit_balanced,69,1,transformer,cross_scene_smooth_ap,True,40,5,22,0.0,0.0036265852587327,,0.0,1.6,1.6,0.4,4.0,0.0,,0.0021756142283332505,1.532969554459943e-05,1.532969554459943e-05,0.00727521192997597,True
overfit_balanced,69,1,mamba,cross_scene_smooth_ap,True,40,5,22,0.0,0.003093006382986791,,0.0,1.6,1.6,0.4,4.0,0.0,,0.0018557601838495418,1.4543532768318856e-05,1.4543532768318856e-05,0.008776135084619581,True
overfit_balanced,70,1,cnn,cross_scene_smooth_ap,True,40,5,22,0.0,0.0021490920273504214,,0.0,1.6,1.6,0.4,4.0,0.0,,0.0012896292566495857,1.642340704751322e-05,1.642340704751322e-05,0.006319677011599172,True
overfit_balanced,70,1,transformer,cross_scene_smooth_ap,True,40,5,22,0.0,0.0040048103357939015,,0.0,1.6,1.6,0.4,4.0,0.0,,0.0024029064192885425,1.4120943640510113e-05,1.4120943640510113e-05,0.0066563549571747906,True
overfit_balanced,70,1,mamba,cross_scene_smooth_ap,True,40,5,22,0.0,0.003314449489124406,,0.0,1.6,1.6,0.4,4.0,0.0,,0.0019880917887860994,1.3244222997640434e-05,1.3244222997640434e-05,0.008108443063570635,True
overfit_balanced,71,1,cnn,cross_scene_smooth_ap,True,40,5,22,0.0,0.002239627326248086,,0.0,1.6,1.6,0.4,4.0,0.0,,0.0013439721809078247,1.8701724049491854e-05,1.8701724049491854e-05,0.005549729103306277,True
overfit_balanced,71,1,transformer,cross_scene_smooth_ap,True,40,5,22,0.0,0.004099139231763043,,0.0,1.6,1.6,0.4,4.0,0.0,,0.002459390071693609,1.5568366337285686e-05,1.5568366337285686e-05,0.006048204799884511,True
overfit_balanced,71,1,mamba,cross_scene_smooth_ap,True,40,5,22,0.0,0.0035547461788832065,,0.0,1.6,1.6,0.4,4.0,0.0,,0.002133074235973111,1.395906323544909e-05,1.395906323544909e-05,0.007413246623073843,True
overfit_balanced,72,1,cnn,cross_scene_smooth_ap,True,40,5,22,0.0,0.0022216975857259655,,0.0,1.6,1.6,0.4,4.0,0.0,,0.0013330383541785733,1.83432908620053e-05,1.83432908620053e-05,0.005024037903330469,True
overfit_balanced,72,1,transformer,cross_scene_smooth_ap,True,40,5,22,0.0,0.004079005203613959,,0.0,1.6,1.6,0.4,4.0,0.0,,0.0024472844717957983,1.5131085544370845e-05,1.5131085544370845e-05,0.00553096248829155,True
overfit_balanced,72,1,mamba,cross_scene_smooth_ap,True,40,5,22,0.0,0.00355294018607878,,0.0,1.6,1.6,0.4,4.0,0.0,,0.0021317922718433434,1.4874701107756236e-05,1.4874701107756236e-05,0.006790198837060743,True
overfit_balanced,73,1,cnn,cross_scene_smooth_ap,True,40,5,22,0.0,0.0021138195205528663,,0.0,1.6,1.6,0.4,4.0,0.0,,0.001268183620459476,1.781717201617644e-05,1.781717201617644e-05,0.004768637634425075,True
overfit_balanced,73,1,transformer,cross_scene_smooth_ap,True,40,5,22,0.0,0.00407517522253065,,0.0,1.6,1.6,0.4,4.0,0.0,,0.002445151632591766,1.4062402289425281e-05,1.4062402289425281e-05,0.005166773771131958,True
overfit_balanced,73,1,mamba,cross_scene_smooth_ap,True,40,5,22,0.0,0.0033643651156498597,,0.0,1.6,1.6,0.4,4.0,0.0,,0.002018680007435408,1.4316108399062905e-05,1.4316108399062905e-05,0.0063072120175087995,True
overfit_balanced,74,1,cnn,cross_scene_smooth_ap,True,40,5,22,0.0,0.0020176776915048324,,0.0,1.6,1.6,0.4,4.0,0.0,,0.0012106594025709462,1.937325344162486e-05,1.937325344162486e-05,0.0047396462249147215,True
overfit_balanced,74,1,transformer,cross_scene_smooth_ap,True,40,5,22,0.0,0.004062496578408739,,0.0,1.6,1.6,0.4,4.0,0.0,,0.0024375421624737255,1.6508697193896384e-05,1.6508697193896384e-05,0.004976729232617452,True
overfit_balanced,74,1,mamba,cross_scene_smooth_ap,True,40,5,22,0.0,0.003037955699980058,,0.0,1.6,1.6,0.4,4.0,0.0,,0.0018227178392550766,1.461385751923433e-05,1.461385751923433e-05,0.005969011344824262,True
overfit_balanced,75,1,cnn,cross_scene_smooth_ap,True,40,5,22,0.0,0.0019552774572174697,,0.0,1.6,1.6,0.4,4.0,0.0,,0.0011734222364964758,1.668751895476983e-05,1.668751895476983e-05,0.0048736219601613374,True
overfit_balanced,75,1,transformer,cross_scene_smooth_ap,True,40,5,22,0.0,0.0038172327111154316,,0.0,1.6,1.6,0.4,4.0,0.0,,0.0022907356124407673,1.475971629384511e-05,1.475971629384511e-05,0.0049243833884750786,True
overfit_balanced,75,1,mamba,cross_scene_smooth_ap,True,40,5,22,0.0,0.0026493773660284086,,0.0,1.6,1.6,0.4,4.0,0.0,,0.001589574357179388,1.4093680391460694e-05,1.4093680391460694e-05,0.005725600971414127,True
overfit_balanced,76,1,cnn,cross_scene_smooth_ap,True,40,5,22,0.0,0.0018951109960808684,,0.0,1.6,1.6,0.4,4.0,0.0,,0.0011372156114795807,1.864888389854519e-05,1.864888389854519e-05,0.005096705663658979,True
overfit_balanced,76,1,transformer,cross_scene_smooth_ap,True,40,5,22,0.0,0.0032445401420016047,,0.0,1.6,1.6,0.4,4.0,0.0,,0.0019467015368384512,1.686376841758448e-05,1.686376841758448e-05,0.00491755573709654,True
overfit_balanced,76,1,mamba,cross_scene_smooth_ap,True,40,5,22,0.0,0.002297830124945818,,0.0,1.6,1.6,0.4,4.0,0.0,,0.0013786336439212872,1.4221558852069181e-05,1.4221558852069181e-05,0.005511068773352592,True
overfit_balanced,77,1,cnn,cross_scene_smooth_ap,True,40,5,22,0.0,0.0017964543925976806,,0.0,1.6,1.6,0.4,4.0,0.0,,0.0010778575711240005,1.7704009976189747e-05,1.7704009976189747e-05,0.005338572801463398,True
overfit_balanced,77,1,transformer,cross_scene_smooth_ap,True,40,5,22,0.0,0.0025659327311596558,,0.0,1.6,1.6,0.4,4.0,0.0,,0.001539671737085868,1.456535451005932e-05,1.456535451005932e-05,0.004875628690257959,True
overfit_balanced,77,1,mamba,cross_scene_smooth_ap,True,40,5,22,0.0,0.0021975717420269756,,0.0,1.6,1.6,0.4,4.0,0.0,,0.0013186356579692967,1.3241520920554741e-05,1.3241520920554741e-05,0.005277649985947663,True
overfit_balanced,78,1,cnn,cross_scene_smooth_ap,True,40,5,22,0.0,0.0016527528220179643,,0.0,1.6,1.6,0.4,4.0,0.0,,0.0009918154158751044,1.921182146019926e-05,1.921182146019926e-05,0.00553267159820895,True
overfit_balanced,78,1,transformer,cross_scene_smooth_ap,True,40,5,22,0.0,0.002257305241389679,,0.0,1.6,1.6,0.4,4.0,0.0,,0.001354002040945548,1.5293646299215826e-05,1.5293646299215826e-05,0.004758941269317656,True
overfit_balanced,78,1,mamba,cross_scene_smooth_ap,True,40,5,22,0.0,0.0024192224342188405,,0.0,1.6,1.6,0.4,4.0,0.0,,0.0014517033738172746,1.4209870991066177e-05,1.4209870991066177e-05,0.005022700709471987,True
overfit_balanced,79,1,cnn,cross_scene_smooth_ap,True,40,5,22,0.0,0.0015081820724705398,,0.0,1.6,1.6,0.4,4.0,0.0,,0.0009048818365631196,1.718774855682865e-05,1.718774855682865e-05,0.005637632812637775,True
overfit_balanced,79,1,transformer,cross_scene_smooth_ap,True,40,5,22,0.0,0.0025136721855664257,,0.0,1.6,1.6,0.4,4.0,0.0,,0.0015085301369647652,1.4413061895218511e-05,1.4413061895218511e-05,0.00459722606722115,True
overfit_balanced,79,1,mamba,cross_scene_smooth_ap,True,40,5,22,0.0,0.002749087879487458,,0.0,1.6,1.6,0.4,4.0,0.0,,0.0016484312174347864,1.4701752257498618e-05,1.4701752257498618e-05,0.004809109628026981,True
overfit_balanced,80,1,cnn,cross_scene_smooth_ap,True,40,5,22,0.0,0.0014699970311195809,,0.0,1.6,1.6,0.4,4.0,0.0,,0.0008819864876585084,1.7784471649079473e-05,1.7784471649079473e-05,0.005658824492789233,True
overfit_balanced,80,1,transformer,cross_scene_smooth_ap,True,40,5,22,0.0,0.0028005459220257945,,0.0,1.6,1.6,0.4,4.0,0.0,,0.0016806773292620024,1.3900104924195704e-05,1.3900104924195704e-05,0.004448566074295365,True
overfit_balanced,80,1,mamba,cross_scene_smooth_ap,True,40,5,22,0.0,0.002961436523144792,,0.0,1.6,1.6,0.4,4.0,0.0,,0.0017765087279352377,1.4573797124506418e-05,1.4573797124506418e-05,0.004711342396651437,True
overfit_balanced,81,1,cnn,cross_scene_smooth_ap,True,40,5,22,0.0,0.001487683147998455,,0.0,1.6,1.6,0.4,4.0,0.0,,0.0008925712567349231,1.8567972770526217e-05,1.8567972770526217e-05,0.0056228488493998965,True
overfit_balanced,81,1,transformer,cross_scene_smooth_ap,True,40,5,22,0.0,0.0028597750896774614,,0.0,1.6,1.6,0.4,4.0,0.0,,0.0017158113560539463,1.627887962130641e-05,1.627887962130641e-05,0.00433775947457016,True
overfit_balanced,81,1,mamba,cross_scene_smooth_ap,True,40,5,22,0.0,0.002972968044702677,,0.0,1.6,1.6,0.4,4.0,0.0,,0.001783794406949806,1.3883707601103638e-05,1.3883707601103638e-05,0.004739879142941884,True
overfit_balanced,82,1,cnn,cross_scene_smooth_ap,True,40,5,22,0.0,0.0014960729051635285,,0.0,1.6,1.6,0.4,4.0,0.0,,0.0008978758399703843,1.6015994793018057e-05,1.6015994793018057e-05,0.005567089598046783,True
overfit_balanced,82,1,transformer,cross_scene_smooth_ap,True,40,5,22,0.0,0.0027481098213956814,,0.0,1.6,1.6,0.4,4.0,0.0,,0.0016486864334699582,1.4959907434125558e-05,1.4959907434125558e-05,0.00426674183795232,True
overfit_balanced,82,1,mamba,cross_scene_smooth_ap,True,40,5,22,0.0,0.002954022259810548,,0.0,1.6,1.6,0.4,4.0,0.0,,0.0017726670760765848,1.3657191945386765e-05,1.3657191945386765e-05,0.004843871028609914,True
overfit_balanced,83,1,cnn,cross_scene_smooth_ap,True,40,5,22,0.0,0.0014135067216702413,,0.0,1.6,1.6,0.4,4.0,0.0,,0.0008480112629867065,1.8028425946514893e-05,1.8028425946514893e-05,0.005490795419272002,True
overfit_balanced,83,1,transformer,cross_scene_smooth_ap,True,40,5,22,0.0,0.00248298854024976,,0.0,1.6,1.6,0.4,4.0,0.0,,0.0014897048797733459,1.552752222759228e-05,1.552752222759228e-05,0.00420553821993042,True
overfit_balanced,83,1,mamba,cross_scene_smooth_ap,True,40,5,22,0.0,0.0029432101856755894,,0.0,1.6,1.6,0.4,4.0,0.0,,0.001766021509972499,1.4560761050032874e-05,1.4560761050032874e-05,0.004945559062963473,True
overfit_balanced,84,1,cnn,cross_scene_smooth_ap,True,40,5,22,0.0,0.0012317772380576904,,0.0,1.6,1.6,0.4,4.0,0.0,,0.0007390733648813444,1.7554697252326614e-05,1.7554697252326614e-05,0.005349103974746952,True
overfit_balanced,84,1,transformer,cross_scene_smooth_ap,True,40,5,22,0.0,0.0021029517044448107,,0.0,1.6,1.6,0.4,4.0,0.0,,0.0012615755410996965,1.5775390045883308e-05,1.5775390045883308e-05,0.004117318020803805,True
overfit_balanced,84,1,mamba,cross_scene_smooth_ap,True,40,5,22,0.0,0.0027616036147392552,,0.0,1.6,1.6,0.4,4.0,0.0,,0.00165686437651084,1.5136996105351857e-05,1.5136996105351857e-05,0.004982780097689201,True
overfit_balanced,85,1,cnn,cross_scene_smooth_ap,True,40,5,22,0.0,0.0010959053106393607,,0.0,1.6,1.6,0.4,4.0,0.0,,0.0006578640491763798,1.8810595012822224e-05,1.8810595012822224e-05,0.005097182650862426,True
overfit_balanced,85,1,transformer,cross_scene_smooth_ap,True,40,5,22,0.0,0.0017216222145649035,,0.0,1.6,1.6,0.4,4.0,0.0,,0.001032789115577263,1.4499836931751012e-05,1.4499836931751012e-05,0.003967101544117236,True
overfit_balanced,85,1,mamba,cross_scene_smooth_ap,True,40,5,22,0.0,0.002305115578387701,,0.0,1.6,1.6,0.4,4.0,0.0,,0.0013830411710980025,1.416645465999899e-05,1.416645465999899e-05,0.0048789587226777086,True
overfit_balanced,86,1,cnn,cross_scene_smooth_ap,True,40,5,22,0.0,0.0011618261987509449,,0.0,1.6,1.6,0.4,4.0,0.0,,0.0006972079364730492,1.825463888169431e-05,1.825463888169431e-05,0.004712418323697435,True
overfit_balanced,86,1,transformer,cross_scene_smooth_ap,True,40,5,22,0.0,0.0018086853970613666,,0.0,1.6,1.6,0.4,4.0,0.0,,0.0010852067383555683,1.3864050681790661e-05,1.3864050681790661e-05,0.0037552903071997107,True
overfit_balanced,86,1,mamba,cross_scene_smooth_ap,True,40,5,22,0.0,0.001765134823533611,,0.0,1.6,1.6,0.4,4.0,0.0,,0.0010599028485218309,1.3205360531047892e-05,1.3205360531047892e-05,0.004594487833330512,True
overfit_balanced,87,1,cnn,cross_scene_smooth_ap,True,40,5,22,0.0,0.0015006795504643082,,0.0,1.6,1.6,0.4,4.0,0.0,,0.0009003792407364745,1.77688303678221e-05,1.77688303678221e-05,0.004224656412318538,True
overfit_balanced,87,1,transformer,cross_scene_smooth_ap,True,40,5,22,0.0,0.002429599123239953,,0.0,1.6,1.6,0.4,4.0,0.0,,0.0014576293946171348,1.3848807461825363e-05,1.3848807461825363e-05,0.0035641222696310816,True
overfit_balanced,87,1,mamba,cross_scene_smooth_ap,True,40,5,22,0.0,0.0018352313759718063,,0.0,1.6,1.6,0.4,4.0,0.0,,0.001101190997471992,1.3609873966268885e-05,1.3609873966268885e-05,0.0041683874509628425,True
overfit_balanced,88,1,cnn,cross_scene_smooth_ap,True,40,5,22,0.0,0.001991158529611418,,0.0,1.6,1.6,0.4,4.0,0.0,,0.001194749372994599,1.767895347170222e-05,1.767895347170222e-05,0.0037770266484225784,True
overfit_balanced,88,1,transformer,cross_scene_smooth_ap,True,40,5,22,0.0,0.0030491038058640995,,0.0,1.6,1.6,0.4,4.0,0.0,,0.0018298059667650024,1.5340840028927266e-05,1.5340840028927266e-05,0.0035104795504230786,True
overfit_balanced,88,1,mamba,cross_scene_smooth_ap,True,40,5,22,0.0,0.0024851339303841088,,0.0,1.6,1.6,0.4,4.0,0.0,,0.001490560766114619,1.4372271626912187e-05,1.4372271626912187e-05,0.003779181769158457,True
overfit_balanced,89,1,cnn,cross_scene_smooth_ap,True,40,5,22,0.0,0.002404879547903321,,0.0,1.6,1.6,0.4,4.0,0.0,,0.0014427279565547284,1.724541980464371e-05,1.724541980464371e-05,0.0036034607980212764,True
overfit_balanced,89,1,transformer,cross_scene_smooth_ap,True,40,5,22,0.0,0.0032810220890076795,,0.0,1.6,1.6,0.4,4.0,0.0,,0.001968255828031714,1.5496545436021742e-05,1.5496545436021742e-05,0.003642274240175775,True
overfit_balanced,89,1,mamba,cross_scene_smooth_ap,True,40,5,22,0.0,0.0030436352797481503,,0.0,1.6,1.6,0.4,4.0,0.0,,0.0018264651761758035,1.4546383748471838e-05,1.4546383748471838e-05,0.0036664522975882446,True
overfit_balanced,90,1,cnn,cross_scene_smooth_ap,True,40,5,22,0.0,0.0026363773747674108,,0.0,1.6,1.6,0.4,4.0,0.0,,0.0015815407094046524,1.737804159378993e-05,1.737804159378993e-05,0.003849117778240818,True
overfit_balanced,90,1,transformer,cross_scene_smooth_ap,True,40,5,22,0.0,0.0031677342125776184,,0.0,1.6,1.6,0.4,4.0,0.0,,0.0019004621466819083,1.41885742937142e-05,1.41885742937142e-05,0.0038919283083431984,True
overfit_balanced,90,1,mamba,cross_scene_smooth_ap,True,40,5,22,0.0,0.003235139584658771,,0.0,1.6,1.6,0.4,4.0,0.0,,0.0019406485522334511,1.4314526511908644e-05,1.4314526511908644e-05,0.003883550604659299,True
overfit_balanced,91,1,cnn,cross_scene_smooth_ap,True,40,5,22,0.0,0.002635674060300412,,0.0,1.6,1.6,0.4,4.0,0.0,,0.001581294098776135,1.8620575175774018e-05,1.8620575175774018e-05,0.0044020914613789345,True
overfit_balanced,91,1,transformer,cross_scene_smooth_ap,True,40,5,22,0.0,0.002823015402047835,,0.0,1.6,1.6,0.4,4.0,0.0,,0.0016937526579600124,1.5507731955369114e-05,1.5507731955369114e-05,0.004141592604235624,True
overfit_balanced,91,1,mamba,cross_scene_smooth_ap,True,40,5,22,0.0,0.003112872013790564,,0.0,1.6,1.6,0.4,4.0,0.0,,0.0018677361858924803,1.4877957001663167e-05,1.4877957001663167e-05,0.004270116603762618,True
overfit_balanced,92,1,cnn,cross_scene_smooth_ap,True,40,5,22,0.0,0.002372704355688661,,0.0,1.6,1.6,0.4,4.0,0.0,,0.00142403340935773,1.8077674047687813e-05,1.8077674047687813e-05,0.005007460877687752,True
overfit_balanced,92,1,transformer,cross_scene_smooth_ap,True,40,5,22,0.0,0.0024489336031051057,,0.0,1.6,1.6,0.4,4.0,0.0,,0.0014693153480007143,1.5858819793138104e-05,1.5858819793138104e-05,0.004304968766160165,True
overfit_balanced,92,1,mamba,cross_scene_smooth_ap,True,40,5,22,0.0,0.0027252503298251934,,0.0,1.6,1.6,0.4,4.0,0.0,,0.0016353787337620054,1.523745766816261e-05,1.523745766816261e-05,0.004614346435963042,True
overfit_balanced,93,1,cnn,cross_scene_smooth_ap,True,40,5,22,0.0,0.001902537171836632,,0.0,1.6,1.6,0.4,4.0,0.0,,0.0011414798390931445,1.8987078223599818e-05,1.8987078223599818e-05,0.005456111302982841,True
overfit_balanced,93,1,transformer,cross_scene_smooth_ap,True,40,5,22,0.0,0.0020645605306988833,,0.0,1.6,1.6,0.4,4.0,0.0,,0.0012388284395026825,1.4857320579968992e-05,1.4857320579968992e-05,0.00433478875996726,True
overfit_balanced,93,1,mamba,cross_scene_smooth_ap,True,40,5,22,0.0,0.0022211885952664067,,0.0,1.6,1.6,0.4,4.0,0.0,,0.0013327858320822152,1.390612857010215e-05,1.390612857010215e-05,0.004804746711056144,True
overfit_balanced,94,1,cnn,cross_scene_smooth_ap,True,40,5,22,0.0,0.0013670878527700867,,0.0,1.6,1.6,0.4,4.0,0.0,,0.0008200692776375929,1.7084293152736316e-05,1.7084293152736316e-05,0.005647662833605155,True
overfit_balanced,94,1,transformer,cross_scene_smooth_ap,True,40,5,22,0.0,0.0016440683530243125,,0.0,1.6,1.6,0.4,4.0,0.0,,0.0009866559307266471,1.3829345993212636e-05,1.3829345993212636e-05,0.0042165911181079535,True
overfit_balanced,94,1,mamba,cross_scene_smooth_ap,True,40,5,22,0.0,0.0017226212694477674,,0.0,1.6,1.6,0.4,4.0,0.0,,0.001033165721373411,1.274681366670109e-05,1.274681366670109e-05,0.004802320995331009,True
overfit_balanced,95,1,cnn,cross_scene_smooth_ap,True,40,5,22,0.0,0.0008754286480250291,,0.0,1.6,1.6,0.4,4.0,0.0,,0.0005253498747321943,1.8278995909991295e-05,1.8278995909991295e-05,0.005566914712361672,True
overfit_balanced,95,1,transformer,cross_scene_smooth_ap,True,40,5,22,0.0,0.0014864703470398675,,0.0,1.6,1.6,0.4,4.0,0.0,,0.0008915135767998543,1.4159971700740253e-05,1.4159971700740253e-05,0.003971889624746378,True
overfit_balanced,95,1,mamba,cross_scene_smooth_ap,True,40,5,22,0.0,0.001355263071438839,,0.0,1.6,1.6,0.4,4.0,0.0,,0.0008124919887712957,1.3057164790559505e-05,1.3057164790559505e-05,0.004618953751430386,True
overfit_balanced,96,1,cnn,cross_scene_smooth_ap,True,40,5,22,0.0,0.0006104142213907677,,0.0,1.6,1.6,0.4,4.0,0.0,,0.0003664557969956599,1.6762497346521534e-05,1.6762497346521534e-05,0.005267665411596873,True
overfit_balanced,96,1,transformer,cross_scene_smooth_ap,True,40,5,22,0.0,0.0016776020796682681,,0.0,1.6,1.6,0.4,4.0,0.0,,0.0010066460895785305,1.4057110862090756e-05,1.4057110862090756e-05,0.003670874091652722,True
overfit_balanced,96,1,mamba,cross_scene_smooth_ap,True,40,5,22,0.0,0.0012908634766398877,,0.0,1.6,1.6,0.4,4.0,0.0,,0.0007741893046041836,1.1560119779055597e-05,1.1560119779055597e-05,0.004322043916626292,True
overfit_balanced,97,1,cnn,cross_scene_smooth_ap,True,40,5,22,0.0,0.0006412261066673987,,0.0,1.6,1.6,0.4,4.0,0.0,,0.00038489124944481035,1.8595586751992964e-05,1.8595586751992964e-05,0.004825000566246794,True
overfit_balanced,97,1,transformer,cross_scene_smooth_ap,True,40,5,22,0.0,0.0019552429137555225,,0.0,1.6,1.6,0.4,4.0,0.0,,0.001173224655430842,1.473202149203836e-05,1.473202149203836e-05,0.0034053482091824343,True
overfit_balanced,97,1,mamba,cross_scene_smooth_ap,True,40,5,22,0.0,0.0014314120784094486,,0.0,1.6,1.6,0.4,4.0,0.0,,0.0008589298197241407,1.3219266423338416e-05,1.3219266423338416e-05,0.003989969944141442,True
overfit_balanced,98,1,cnn,cross_scene_smooth_ap,True,40,5,22,0.0,0.0007826051225408766,,0.0,1.6,1.6,0.4,4.0,0.0,,0.0004697328555501359,1.7764545271142184e-05,1.7764545271142184e-05,0.004312873930659881,True
overfit_balanced,98,1,transformer,cross_scene_smooth_ap,True,40,5,22,0.0,0.0019866572378962983,,0.0,1.6,1.6,0.4,4.0,0.0,,0.0011917677845331926,1.489536526027804e-05,1.489536526027804e-05,0.003234075178111541,True
overfit_balanced,98,1,mamba,cross_scene_smooth_ap,True,40,5,22,0.0,0.0014041684103287128,,0.0,1.6,1.6,0.4,4.0,0.0,,0.0008425376563519333,1.2166908774299733e-05,1.2166908774299733e-05,0.0036809968669638806,True
overfit_balanced,99,1,cnn,cross_scene_smooth_ap,True,40,5,22,0.0,0.0008765709428087744,,0.0,1.6,1.6,0.4,4.0,0.0,,0.0005262535847359274,1.8236032919472093e-05,1.8236032919472093e-05,0.003826106257946724,True
overfit_balanced,99,1,transformer,cross_scene_smooth_ap,True,40,5,22,0.0,0.0017709628399815327,,0.0,1.6,1.6,0.4,4.0,0.0,,0.0010623925799587894,1.4317749152471044e-05,1.4317749152471044e-05,0.003153209697197153,True
overfit_balanced,99,1,mamba,cross_scene_smooth_ap,True,40,5,22,0.0,0.001261781854266103,,0.0,1.6,1.6,0.4,4.0,0.0,,0.000757014355715999,1.2799776022535452e-05,1.2799776022535452e-05,0.003416915109522806,True
overfit_balanced,100,1,cnn,cross_scene_smooth_ap,True,40,5,22,0.0,0.0009032905517538728,,0.0,1.6,1.6,0.4,4.0,0.0,,0.0005420929898638862,1.9088098604150995e-05,1.9088098604150995e-05,0.0034371715159836635,True
overfit_balanced,100,1,transformer,cross_scene_smooth_ap,True,40,5,22,0.0,0.001447796783162792,,0.0,1.6,1.6,0.4,4.0,0.0,,0.0008689057492411622,1.4485625951953139e-05,1.4485625951953139e-05,0.003115191416797203,True
overfit_balanced,100,1,mamba,cross_scene_smooth_ap,True,40,5,22,0.0,0.0010951911774522342,,0.0,1.6,1.6,0.4,4.0,0.0,,0.000657388161860791,1.1621824644567619e-05,1.1621824644567619e-05,0.003195483279505308,True
overfit_control,1,1,cnn,hard_triplet,False,40,5,22,0.1352421890050004,0.305609962887144,0.5735426823189008,0.4425320029731583,1.0,1.0,1.0,,0.0,,0.0,0.00029887314445756777,0.00029887314448268846,0.5223342542560082,True
overfit_control,1,1,transformer,hard_triplet,False,40,5,22,0.08813712838337374,0.2750864488628158,0.6428168296896107,0.32039792853383076,1.0,1.0,1.0,,0.0,,0.0,0.0004126840232590998,0.00041268402425575097,0.41219579315209054,True
overfit_control,1,1,mamba,hard_triplet,False,40,5,22,0.09998693039554264,0.2628171997299642,0.678363071807322,0.38044287245384184,1.0,1.0,1.0,,0.0,,0.0,0.0003253535236628973,0.00032535352371059926,0.45168041969815,True
overfit_control,2,1,cnn,hard_triplet,False,40,5,22,0.04035883794958738,0.2514569072637973,0.3915980723400645,0.16050001723455506,1.0,1.0,1.0,,0.0,,0.0,0.000238882476723638,0.00023888247669551284,0.41465977184579883,True
overfit_control,2,1,transformer,hard_triplet,False,40,5,22,0.16827754491237573,0.3496726072733771,0.6972982098833573,0.481243144049928,1.0,1.0,1.0,,0.0,,0.0,0.0004954352928789933,0.0004954352892624008,0.3438086144472006,True
overfit_control,2,1,mamba,hard_triplet,False,40,5,22,0.08527672125007771,0.2667495627621097,0.6595134917342141,0.31968832626027005,1.0,1.0,1.0,,0.0,,0.0,0.00031495220553447644,0.0003149522058050382,0.3720831540688873,True
overfit_control,3,1,cnn,cross_scene_smooth_ap,True,40,5,22,0.023755262167680438,0.23867472489903857,0.34006461814962624,0.09952986089217916,1.5203535024890793,1.0,1.0,3.169737526238192,0.0,,0.0,0.0002192271104322305,0.0002192271103117115,0.38467873088689164,True
overfit_control,3,1,transformer,cross_scene_smooth_ap,True,40,5,22,0.18702415747957,0.34557799877833534,0.6403061965087603,0.5411923158902636,1.1523009114206282,1.0,1.0,1.359327769659075,0.0,,0.0,0.0005181990011615695,0.0005181990018958933,0.3056997805181477,True
overfit_control,3,1,mamba,cross_scene_smooth_ap,True,40,5,22,0.09641114074960755,0.33514199093073416,0.4880234937054049,0.2876725189877309,1.3017857571447529,1.0,1.0,1.8644503037080513,0.0,,0.0,0.00037257630160713603,0.00037257630160564763,0.3506240856961186,True
overfit_control,4,1,cnn,cross_scene_smooth_ap,True,40,5,22,0.000534905924690394,0.21504443718417993,0.565809979264132,0.002487420422004505,1.5370868027676436,1.0,1.0,3.3204644239082093,0.0,,0.0,0.0001600255411489798,0.0001600255411529913,0.3623644379342668,True
overfit_control,4,1,transformer,cross_scene_smooth_ap,True,40,5,22,0.004293357219853903,0.39589463561322585,0.4748918115295144,0.010844696627939033,1.1808025193922846,1.0,1.0,1.4414137583972007,0.0,,0.0,0.0003638022873370485,0.0003638022873508149,0.2669269548895201,True
overfit_control,4,1,mamba,cross_scene_smooth_ap,True,40,5,22,0.0026072557741030223,0.3025256929402719,0.6329385714505483,0.00861829535456275,1.322673317744696,1.0,1.0,1.9527849003977995,0.0,,0.0,0.00028696305316752127,0.00028696305316696524,0.33404179940812473,True
overfit_control,5,1,cnn,cross_scene_smooth_ap,True,40,5,22,2.8191365823262462e-05,0.24886202724776907,0.4235012409327985,0.0001132811065434057,1.5564527454975545,1.0,1.0,3.509102423018095,0.0,,0.0,0.00012285619036987724,0.00012285619036945557,0.35082899526880695,True
overfit_control,5,1,transformer,cross_scene_smooth_ap,True,40,5,22,0.00017659429459509953,0.13070942741913616,0.37786020523632086,0.0013510448181279825,1.1905714860579144,1.0,1.0,1.470879102417066,0.0,,0.0,0.00014146160995052822,0.00014146160994894962,0.2386978308444012,True
overfit_control,5,1,mamba,cross_scene_smooth_ap,True,40,5,22,0.00015606500444866452,0.20495908144481365,0.11429477502354903,0.0007614446910501298,1.3374129203206273,1.0,1.0,2.0184711735819,0.0,,0.0,0.00017004286828276518,0.00017004286828211642,0.3060915519804088,True
overfit_control,6,1,cnn,cross_scene_smooth_ap,True,40,5,22,6.041981987060145e-06,0.2801891295146747,0.30787824778430395,2.1563941461703644e-05,1.5773357162494985,1.0,1.0,3.7318878762431673,0.0,,0.0,0.00010997912092801212,0.00010997912093156528,0.3465627051470393,True
overfit_control,6,1,transformer,cross_scene_smooth_ap,True,40,5,22,1.566880909676048e-05,0.10642344160238444,0.5204505376862785,0.00014723080611602225,1.1990709894917693,1.0,1.0,1.4971002095814918,0.0,,0.0,7.215841205359977e-05,7.215841205345665e-05,0.21285564616920852,True
overfit_control,6,1,mamba,cross_scene_smooth_ap,True,40,5,22,1.6584686334743378e-05,0.1462367637792283,0.6180072779050674,0.00011340982873349863,1.34836122506713,1.0,1.0,2.0691850714470363,0.0,,0.0,9.573496565126989e-05,9.573496565141433e-05,0.2780155250786644,True
overfit_control,7,1,cnn,cross_scene_smooth_ap,True,40,5,22,1.3160761143005722e-07,0.15671777344180465,0.19526027594229045,8.39774637807295e-07,1.588808156647559,1.0,1.0,3.863909711082859,0.0,,0.0,6.61954030585858e-05,6.61954030585858e-05,0.3241574565843844,True
overfit_control,7,1,transformer,cross_scene_smooth_ap,True,40,5,22,2.53025963658414e-08,0.08211155335180387,0.018578290664915766,3.0814904033581455e-07,1.2061053242772726,1.0,1.0,1.5192258635306835,0.0,,0.0,4.7673479604972174e-05,4.7673479604972174e-05,0.19252238403326546,True
overfit_control,7,1,mamba,cross_scene_smooth_ap,True,40,5,22,5.357230227259585e-08,0.06844663246712449,0.057622509388317034,7.826871876907472e-07,1.3538143921763295,1.0,1.0,2.0950859563956037,0.0,,0.0,4.364687111865732e-05,4.364687111865732e-05,0.25245820339015596,True
overfit_control,8,1,cnn,cross_scene_smooth_ap,True,40,5,22,0.0,0.05808080522065615,,0.0,1.5932464153559134,1.0,1.0,3.9169818669207785,0.0,,0.0,3.0311537301935195e-05,3.0311537301935195e-05,0.2930881638764806,True
overfit_control,8,1,transformer,cross_scene_smooth_ap,True,40,5,22,0.0,0.059410443459851484,,0.0,1.2115996689839472,1.0,1.0,1.5367822936128084,0.0,,0.0,3.087019422164942e-05,3.087019422164942e-05,0.1756083617918089,True
overfit_control,8,1,mamba,cross_scene_smooth_ap,True,40,5,22,0.0,0.0580020087779464,,0.0,1.358806654848025,1.0,1.0,2.1191839639663796,0.0,,0.0,3.565441307897086e-05,3.565441307897086e-05,0.22974683919235428,True
overfit_control,9,1,cnn,cross_scene_smooth_ap,True,40,5,22,0.0,0.049977535815545614,,0.0,1.5973473124889284,1.0,1.0,3.9670598558838783,0.0,,0.0,2.306809477255656e-05,2.306809477255656e-05,0.2647482453349984,True
overfit_control,9,1,transformer,cross_scene_smooth_ap,True,40,5,22,0.0,0.04717969268943108,,0.0,1.216334294107047,1.0,1.0,1.552108615906686,0.0,,0.0,2.7181070515562847e-05,2.7181070515562847e-05,0.16158151971177914,True
overfit_control,9,1,mamba,cross_scene_smooth_ap,True,40,5,22,0.0,0.04572467332304352,,0.0,1.3630713199653592,1.0,1.0,2.1400689946812035,0.0,,0.0,2.9524351320555188e-05,2.9524351320555188e-05,0.21013223307259726,True
overfit_control,10,1,cnn,cross_scene_smooth_ap,True,40,5,22,0.0,0.037319006249576334,,0.0,1.6,1.0,1.0,4.0,0.0,,0.0,2.1563250637908716e-05,2.1563250637908716e-05,0.241006366553416,True
overfit_control,10,1,transformer,cross_scene_smooth_ap,True,40,5,22,0.0,0.03880949459654882,,0.0,1.2205723660197223,1.0,1.0,1.565985490900118,0.0,,0.0,2.4119783433731053e-05,2.4119783433731053e-05,0.14929127696087002,True
overfit_control,10,1,mamba,cross_scene_smooth_ap,True,40,5,22,0.0,0.0406023267942206,,0.0,1.3671841513329175,1.0,1.0,2.160477102798002,0.0,,0.0,2.940555744218491e-05,2.940555744218491e-05,0.19372225408738616,True
overfit_control,11,1,cnn,cross_scene_smooth_ap,True,40,5,22,0.0,0.030088340873026444,,0.0,1.6,1.0,1.0,4.0,0.0,,0.0,2.1009067776258816e-05,2.1009067776258816e-05,0.21999542853909845,True
overfit_control,11,1,transformer,cross_scene_smooth_ap,True,40,5,22,0.0,0.03892042304632027,,0.0,1.2251980678745809,1.0,1.0,1.5813048691213833,0.0,,0.0,2.5905616371281197e-05,2.5905616371281197e-05,0.13816350112753223,True
overfit_control,11,1,mamba,cross_scene_smooth_ap,True,40,5,22,0.0,0.033014418581291824,,0.0,1.370822003130493,1.0,1.0,2.1787507032208,0.0,,0.0,2.7951264804622807e-05,2.7951264804622807e-05,0.17934387490582324,True
overfit_control,12,1,cnn,cross_scene_smooth_ap,True,40,5,22,0.0,0.03492538378129343,,0.0,1.6,1.0,1.0,4.0,0.0,,0.0,2.079210595950303e-05,2.079210595950303e-05,0.20141790860893158,True
overfit_control,12,1,transformer,cross_scene_smooth_ap,True,40,5,22,0.0,0.03894301986516039,,0.0,1.2302256259739976,1.0,1.0,1.598163913329286,0.0,,0.0,2.4448228034765082e-05,2.4448228034765082e-05,0.1280540080342145,True
overfit_control,12,1,mamba,cross_scene_smooth_ap,True,40,5,22,0.0,0.025864583098428,,0.0,1.3739305272184814,1.0,1.0,2.1945336531333255,0.0,,0.0,2.5739376673370492e-05,2.5739376673370492e-05,0.16606966811411455,True
overfit_control,13,1,cnn,cross_scene_smooth_ap,True,40,5,22,0.0,0.02662173636263064,,0.0,1.6,1.0,1.0,4.0,0.0,,0.0,1.8961001278001048e-05,1.8961001278001048e-05,0.18515243484421084,True
overfit_control,13,1,transformer,cross_scene_smooth_ap,True,40,5,22,0.0,0.033244288178606106,,0.0,1.2348867956750262,1.0,1.0,1.6139922676730083,0.0,,0.0,2.2296281284363407e-05,2.2296281284363407e-05,0.11884770188360884,True
overfit_control,13,1,mamba,cross_scene_smooth_ap,True,40,5,22,0.0,0.022871888271848148,,0.0,1.3769337222423403,1.0,1.0,2.2099313851453473,0.0,,0.0,2.5170077410770276e-05,2.5170077410770276e-05,0.1535347752966892,True
overfit_control,14,1,cnn,cross_scene_smooth_ap,True,40,5,22,0.0,0.024416488629085846,,0.0,1.6,1.0,1.0,4.0,0.0,,0.0,1.908699637324402e-05,1.908699637324402e-05,0.17060810109404484,True
overfit_control,14,1,transformer,cross_scene_smooth_ap,True,40,5,22,0.0,0.02790532053610439,,0.0,1.2391434058369568,1.0,1.0,1.6286162403574074,0.0,,0.0,1.922058436354362e-05,1.922058436354362e-05,0.11052798119471918,True
overfit_control,14,1,mamba,cross_scene_smooth_ap,True,40,5,22,0.0,0.022727874349904725,,0.0,1.380192549057441,1.0,1.0,2.2268085789522893,0.0,,0.0,2.4373333020034016e-05,2.4373333020034016e-05,0.1419202931384371,True
overfit_control,15,1,cnn,cross_scene_smooth_ap,True,40,5,22,0.0,0.024182678345302258,,0.0,1.6,1.0,1.0,4.0,0.0,,0.0,1.817185154044943e-05,1.817185154044943e-05,0.15789722173557325,True
overfit_control,15,1,transformer,cross_scene_smooth_ap,True,40,5,22,0.0,0.02982430696515456,,0.0,1.2440888870651585,1.0,1.0,1.6458137283297187,0.0,,0.0,2.1909917791938487e-05,2.1909917791938487e-05,0.10344280752142139,True
overfit_control,15,1,mamba,cross_scene_smooth_ap,True,40,5,22,0.0,0.02423502346001287,,0.0,1.3839785998074836,1.0,1.0,2.246640456605839,0.0,,0.0,2.4949840474474815e-05,2.4949840474474815e-05,0.13168027315190517,True
overfit_control,16,1,cnn,cross_scene_smooth_ap,True,40,5,22,0.0,0.026785047767967893,,0.0,1.6,1.0,1.0,4.0,0.0,,0.0,1.7873607033391567e-05,1.7873607033391567e-05,0.14734934206334838,True
overfit_control,16,1,transformer,cross_scene_smooth_ap,True,40,5,22,0.0,0.03546065687569079,,0.0,1.2504482647613633,1.0,1.0,1.6682614501095845,0.0,,0.0,2.1232058214540494e-05,2.1232058214540494e-05,0.09823633074920221,True
overfit_control,16,1,mamba,cross_scene_smooth_ap,True,40,5,22,0.0,0.027514544796075156,,0.0,1.388642962099541,1.0,1.0,2.2714107731031628,0.0,,0.0,2.5943492709029184e-05,2.5943492709029184e-05,0.12339742700865194,True
overfit_control,17,1,cnn,cross_scene_smooth_ap,True,40,5,22,0.0,0.02924556308259149,,0.0,1.6,1.0,1.0,4.0,0.0,,0.0,1.664393205288827e-05,1.664393205288827e-05,0.13886980797494514,True
overfit_control,17,1,transformer,cross_scene_smooth_ap,True,40,5,22,0.0,0.0404185689918164,,0.0,1.2582329591409827,1.0,1.0,1.6962643118840408,0.0,,0.0,2.3026156232897194e-05,2.3026156232897194e-05,0.09540883127586225,True
overfit_control,17,1,mamba,cross_scene_smooth_ap,True,40,5,22,0.0,0.03137297746570027,,0.0,1.3943817256041373,1.0,1.0,2.302410255032527,0.0,,0.0,2.6200000727526573e-05,2.6200000727526573e-05,0.1176181293056266,True
overfit_control,18,1,cnn,cross_scene_smooth_ap,True,40,5,22,0.0,0.03147674770873756,,0.0,1.6,1.0,1.0,4.0,0.0,,0.0,1.4708710221959806e-05,1.4708710221959806e-05,0.13279478499583341,True
overfit_control,18,1,transformer,cross_scene_smooth_ap,True,40,5,22,0.0,0.04442997146389477,,0.0,1.2673594803413275,1.0,1.0,1.729851743569648,0.0,,0.0,2.2880316741738033e-05,2.2880316741738033e-05,0.0949931970109042,True
overfit_control,18,1,mamba,cross_scene_smooth_ap,True,40,5,22,0.0,0.03469476966719295,,0.0,1.401186630156595,1.0,1.0,2.339938786809348,0.0,,0.0,2.4395027011117785e-05,2.4395027011117785e-05,0.11457478090999351,True
overfit_control,19,1,cnn,cross_scene_smooth_ap,True,40,5,22,0.0,0.03274522033259637,,0.0,1.6,1.0,1.0,4.0,0.0,,0.0,1.7618447262762813e-05,1.7618447262762813e-05,0.1288175189599928,True
overfit_control,19,1,transformer,cross_scene_smooth_ap,True,40,5,22,0.0,0.047761090562037777,,0.0,1.277752444941768,1.0,1.0,1.7691336384499743,0.0,,0.0,2.328935311342178e-05,2.328935311342178e-05,0.09654312071591659,True
overfit_control,19,1,mamba,cross_scene_smooth_ap,True,40,5,22,0.0,0.03702138175416896,,0.0,1.4089254631573664,1.0,1.0,2.3836680068870497,0.0,,0.0,2.5572944831707896e-05,2.5572944831707896e-05,0.11398964041547885,True
overfit_control,20,1,cnn,cross_scene_smooth_ap,True,40,5,22,0.0,0.03254805520124521,,0.0,1.6,1.0,1.0,4.0,0.0,,0.0,1.8746812381049153e-05,1.8746812381049153e-05,0.12629444261484898,True
overfit_control,20,1,transformer,cross_scene_smooth_ap,True,40,5,22,0.0,0.049803811513142796,,0.0,1.2891626701215493,1.0,1.0,1.8135832432182333,0.0,,0.0,2.4935708878569435e-05,2.4935708878569435e-05,0.09920281108057247,True
overfit_control,20,1,mamba,cross_scene_smooth_ap,True,40,5,22,0.0,0.037846263286385386,,0.0,1.417314812925643,1.0,1.0,2.432385178765112,0.0,,0.0,2.5463718183607575e-05,2.5463718183607575e-05,0.11505223746703852,True
overfit_control,21,1,cnn,cross_scene_smooth_ap,True,40,5,22,0.0,0.030387720173973336,,0.0,1.6,1.0,1.0,4.0,0.0,,0.0,1.657300332697314e-05,1.657300332697314e-05,0.1242357921903945,True
overfit_control,21,1,transformer,cross_scene_smooth_ap,True,40,5,22,0.0,0.04910169248052439,,0.0,1.3009577410828603,1.0,1.0,1.8610573602490437,0.0,,0.0,2.2943115483047733e-05,2.2943115483047733e-05,0.1014301272337365,True
overfit_control,21,1,mamba,cross_scene_smooth_ap,True,40,5,22,0.0,0.036257963020349525,,0.0,1.425814303780407,1.0,1.0,2.4831937005186475,0.0,,0.0,2.473054161986986e-05,2.473054161986986e-05,0.11643464950838571,True
overfit_control,22,1,cnn,cross_scene_smooth_ap,True,40,5,22,0.0,0.025500430963897862,,0.0,1.6,1.0,1.0,4.0,0.0,,0.0,1.6147485664614654e-05,1.6147485664614654e-05,0.12122183418352991,True
overfit_control,22,1,transformer,cross_scene_smooth_ap,True,40,5,22,0.0,0.042282635987101934,,0.0,1.3116204175174808,1.0,1.0,1.9053737950613723,0.0,,0.0,2.0090827779756523e-05,2.0090827779756523e-05,0.10178555183294695,True
overfit_control,22,1,mamba,cross_scene_smooth_ap,True,40,5,22,0.0,0.031143320745611845,,0.0,1.4335453765370512,1.0,1.0,2.530732943396688,0.0,,0.0,2.5183084241864704e-05,2.5183084241864704e-05,0.11588456283847692,True
overfit_control,23,1,cnn,cross_scene_smooth_ap,True,40,5,22,0.0,0.017216160256874412,,0.0,1.6,1.0,1.0,4.0,0.0,,0.0,1.565308446116303e-05,1.565308446116303e-05,0.11504806127127994,True
overfit_control,23,1,transformer,cross_scene_smooth_ap,True,40,5,22,0.0,0.034439506508601656,,0.0,1.3207929333556179,1.0,1.0,1.9446101170310046,0.0,,0.0,1.9304109231769815e-05,1.9304109231769815e-05,0.09653422938676035,True
overfit_control,23,1,mamba,cross_scene_smooth_ap,True,40,5,22,0.0,0.02626787625676085,,0.0,1.440479385644629,1.0,1.0,2.574488497272292,0.0,,0.0,2.1570279259223495e-05,2.1570279259223495e-05,0.1104630049265975,True
overfit_control,24,1,cnn,cross_scene_smooth_ap,True,40,5,22,0.0,0.015351390918480439,,0.0,1.6,1.0,1.0,4.0,0.0,,0.0,1.5412928084396668e-05,1.5412928084396668e-05,0.10354864397765387,True
overfit_control,24,1,transformer,cross_scene_smooth_ap,True,40,5,22,0.0,0.055335850606253845,,0.0,1.3361562873260175,1.0,1.0,2.012757312928279,0.0,,0.0,2.21098676562194e-05,2.21098676562194e-05,0.08491133579313102,True
overfit_control,24,1,mamba,cross_scene_smooth_ap,True,40,5,22,0.0,0.027271320409600935,,0.0,1.4481322799448557,1.0,1.0,2.6240568660188246,0.0,,0.0,2.3652585142775406e-05,2.3652585142775406e-05,0.0984262044727419,True
overfit_control,25,1,cnn,cross_scene_smooth_ap,True,40,5,22,0.0,0.027525316377380562,,0.0,1.6,1.0,1.0,4.0,0.0,,0.0,1.6115566486556002e-05,1.6115566486556002e-05,0.08850305041140158,True
overfit_control,25,1,transformer,cross_scene_smooth_ap,True,40,5,22,0.0,0.06854162532829687,,0.0,1.355449699902398,1.0,1.0,2.1029385909790856,0.0,,0.0,2.8047078333351393e-05,2.8047078333351393e-05,0.07120060153638673,True
overfit_control,25,1,mamba,cross_scene_smooth_ap,True,40,5,22,0.0,0.035999159516607,,0.0,1.4587442019815404,1.0,1.0,2.6951105324358844,0.0,,0.0,2.5039702788746176e-05,2.5039702788746176e-05,0.08240405270017451,True
overfit_control,26,1,cnn,cross_scene_smooth_ap,True,40,5,22,0.0,0.033704434743875716,,0.0,1.6,1.0,1.0,4.0,0.0,,0.0,1.607250427675963e-05,1.607250427675963e-05,0.07611871448076457,True
overfit_control,26,1,transformer,cross_scene_smooth_ap,True,40,5,22,0.0,0.06364509464258934,,0.0,1.373452569136267,1.0,1.0,2.192096721620709,0.0,,0.0,2.763954118172132e-05,2.763954118172132e-05,0.06326914553082028,True
overfit_control,26,1,mamba,cross_scene_smooth_ap,True,40,5,22,0.0,0.0432290988431541,,0.0,1.4718907715586653,1.0,1.0,2.787095343709131,0.0,,0.0,2.4082302924891535e-05,2.4082302924891535e-05,0.07036967475710346,True
overfit_control,27,1,cnn,cross_scene_smooth_ap,True,40,5,22,0.0,0.02893168276121462,,0.0,1.6,1.0,1.0,4.0,0.0,,0.0,1.5161207182577608e-05,1.5161207182577608e-05,0.06960836509790484,True
overfit_control,27,1,transformer,cross_scene_smooth_ap,True,40,5,22,0.0,0.045693072101788676,,0.0,1.3866345629018606,1.0,1.0,2.260698890146294,0.0,,0.0,2.0324078566430163e-05,2.0324078566430163e-05,0.05833442567971662,True
overfit_control,27,1,mamba,cross_scene_smooth_ap,True,40,5,22,0.0,0.043584035659532186,,0.0,1.4854194889914467,1.0,1.0,2.886660993204145,0.0,,0.0,2.4432817345753984e-05,2.4432817345753984e-05,0.06478191263808862,True
overfit_control,28,1,cnn,cross_scene_smooth_ap,True,40,5,22,0.0,0.018222862373264228,,0.0,1.6,1.0,1.0,4.0,0.0,,0.0,1.617544809396675e-05,1.617544809396675e-05,0.0666818648081021,True
overfit_control,28,1,transformer,cross_scene_smooth_ap,True,40,5,22,0.0,0.027006578182725033,,0.0,1.3947904151255135,1.0,1.0,2.3046403262347157,0.0,,0.0,1.70829478249396e-05,1.70829478249396e-05,0.055767854339140464,True
overfit_control,28,1,mamba,cross_scene_smooth_ap,True,40,5,22,0.0,0.02370877334596304,,0.0,1.4930559976002695,1.0,1.0,2.9452089195898603,0.0,,0.0,2.304735327833484e-05,2.304735327833484e-05,0.06293895005855996,True
overfit_control,29,1,cnn,cross_scene_smooth_ap,True,40,5,22,0.0,0.014277087450828826,,0.0,1.6,1.0,1.0,4.0,0.0,,0.0,1.6923114947367055e-05,1.6923114947367055e-05,0.06488598780333826,True
overfit_control,29,1,transformer,cross_scene_smooth_ap,True,40,5,22,0.0,0.024094178623346067,,0.0,1.4025190876955747,1.0,1.0,2.3473872701408918,0.0,,0.0,1.7960572589770246e-05,1.7960572589770246e-05,0.052531786016369215,True
overfit_control,29,1,mamba,cross_scene_smooth_ap,True,40,5,22,0.0,0.01752999180555956,,0.0,1.49905466025062,1.0,1.0,2.9924515536976317,0.0,,0.0,2.175580473448869e-05,2.175580473448869e-05,0.06192438816730877,True
overfit_control,30,1,cnn,cross_scene_smooth_ap,True,40,5,22,0.0,0.01821353224961945,,0.0,1.6,1.0,1.0,4.0,0.0,,0.0,1.5055265875685689e-05,1.5055265875685689e-05,0.06416760857997707,True
overfit_control,30,1,transformer,cross_scene_smooth_ap,True,40,5,22,0.0,0.034925481845564314,,0.0,1.414287591375483,1.0,1.0,2.4146450895530567,0.0,,0.0,1.9034808970783073e-05,1.9034808970783073e-05,0.05033328747998581,True
overfit_control,30,1,mamba,cross_scene_smooth_ap,True,40,5,22,0.0,0.02243568580123979,,0.0,1.5071921000032407,1.0,1.0,3.0583764992670606,0.0,,0.0,2.246655212727546e-05,2.246655212727546e-05,0.06172186435188698,True
overfit_control,31,1,cnn,cross_scene_smooth_ap,True,40,5,22,0.0,0.021707881031846184,,0.0,1.6,1.0,1.0,4.0,0.0,,0.0,1.6426047863307808e-05,1.6426047863307808e-05,0.06478735601501674,True
overfit_control,31,1,transformer,cross_scene_smooth_ap,True,40,5,22,0.0,0.03959880866838273,,0.0,1.428048182254642,1.0,1.0,2.4967980482762133,0.0,,0.0,2.1032140049832697e-05,2.1032140049832697e-05,0.05094923076561971,True
overfit_control,31,1,mamba,cross_scene_smooth_ap,True,40,5,22,0.0,0.02806228441115203,,0.0,1.5178055882604082,1.0,1.0,3.147704642168472,0.0,,0.0,2.2812742827371934e-05,2.2812742827371934e-05,0.06359121108216623,True
overfit_control,32,1,cnn,cross_scene_smooth_ap,True,40,5,22,0.0,0.024504625977936345,,0.0,1.6,1.0,1.0,4.0,0.0,,0.0,1.6025734225282996e-05,1.6025734225282996e-05,0.06622095074146145,True
overfit_control,32,1,transformer,cross_scene_smooth_ap,True,40,5,22,0.0,0.03397630971483117,,0.0,1.4401956742521727,1.0,1.0,2.572676930154576,0.0,,0.0,1.9473089050766383e-05,1.9473089050766383e-05,0.052991014573790525,True
overfit_control,32,1,mamba,cross_scene_smooth_ap,True,40,5,22,0.0,0.03170114718873737,,0.0,1.5301151606283552,1.0,1.0,3.256362053890709,0.0,,0.0,2.39705366060877e-05,2.39705366060877e-05,0.06757928176867047,True
overfit_control,33,1,cnn,cross_scene_smooth_ap,True,40,5,22,0.0,0.022342499861084452,,0.0,1.6,1.0,1.0,4.0,0.0,,0.0,1.634221166991542e-05,1.634221166991542e-05,0.06784898107437182,True
overfit_control,33,1,transformer,cross_scene_smooth_ap,True,40,5,22,0.0,0.03436176433238966,,0.0,1.4528578589916834,1.0,1.0,2.655357264776284,0.0,,0.0,1.9290740298196893e-05,1.9290740298196893e-05,0.0554936131354086,True
overfit_control,33,1,mamba,cross_scene_smooth_ap,True,40,5,22,0.0,0.031203434399352296,,0.0,1.5424586725153742,1.0,1.0,3.371189835451974,0.0,,0.0,2.1890035341357725e-05,2.1890035341357725e-05,0.07292258156754647,True
overfit_control,34,1,cnn,cross_scene_smooth_ap,True,40,5,22,0.0,0.022301931690653164,,0.0,1.6,1.0,1.0,4.0,0.0,,0.0,1.766788959034029e-05,1.766788959034029e-05,0.06815757951549722,True
overfit_control,34,1,transformer,cross_scene_smooth_ap,True,40,5,22,0.0,0.03161268049339166,,0.0,1.4648535275739984,1.0,1.0,2.737294559624616,0.0,,0.0,2.0264223921239065e-05,2.0264223921239065e-05,0.05749395955888387,True
overfit_control,34,1,mamba,cross_scene_smooth_ap,True,40,5,22,0.0,0.027463323197433834,,0.0,1.5535535710796393,1.0,1.0,3.4798208036663896,0.0,,0.0,2.1929799246327293e-05,2.1929799246327293e-05,0.07745018229988998,True
overfit_control,35,1,cnn,cross_scene_smooth_ap,True,40,5,22,0.0,0.02769235241517466,,0.0,1.6,1.0,1.0,4.0,0.0,,0.0,1.757709065763162e-05,1.757709065763162e-05,0.06783023808767973,True
overfit_control,35,1,transformer,cross_scene_smooth_ap,True,40,5,22,0.0,0.026542833877044234,,0.0,1.4752836539151937,1.0,1.0,2.811583181890723,0.0,,0.0,1.7621159722388418e-05,1.7621159722388418e-05,0.05726326446355653,True
overfit_control,35,1,mamba,cross_scene_smooth_ap,True,40,5,22,0.0,0.018909973230221394,,0.0,1.5614701540652682,1.0,1.0,3.5606930030884807,0.0,,0.0,2.0369960204953073e-05,2.0369960204953073e-05,0.07813996348142999,True
overfit_control,36,1,cnn,cross_scene_smooth_ap,True,40,5,22,0.0,0.015909438579442728,,0.0,1.6,1.0,1.0,4.0,0.0,,0.0,1.7086704648149053e-05,1.7086704648149053e-05,0.06565948780104322,True
overfit_control,36,1,transformer,cross_scene_smooth_ap,True,40,5,22,0.0,0.019238277914882224,,0.0,1.483205851847252,1.0,1.0,2.8700128613082962,0.0,,0.0,1.64888454961128e-05,1.64888454961128e-05,0.05271511015925112,True
overfit_control,36,1,mamba,cross_scene_smooth_ap,True,40,5,22,0.0,0.017402714483708573,,0.0,1.5691077787793124,1.0,1.0,3.641531922609648,0.0,,0.0,2.0676282645697547e-05,2.0676282645697547e-05,0.07401299747908158,True
overfit_control,37,1,cnn,cross_scene_smooth_ap,True,40,5,22,0.0,0.00974928514232149,,0.0,1.6,1.0,1.0,4.0,0.0,,0.0,1.8188448878468178e-05,1.8188448878468178e-05,0.06114273715101141,True
overfit_control,37,1,transformer,cross_scene_smooth_ap,True,40,5,22,0.0,0.02428961907823338,,0.0,1.493674886646587,1.0,1.0,2.9500312096982793,0.0,,0.0,1.9104464597359684e-05,1.9104464597359684e-05,0.04558337912993739,True
overfit_control,37,1,mamba,cross_scene_smooth_ap,True,40,5,22,0.0,0.021843440728935782,,0.0,1.5790683512309758,1.0,1.0,3.7513652296015656,0.0,,0.0,2.079388430910054e-05,2.079388430910054e-05,0.06794983941567076,True
overfit_control,38,1,cnn,cross_scene_smooth_ap,True,40,5,22,0.0,0.008075922010022971,,0.0,1.6,1.0,1.0,4.0,0.0,,0.0,1.7564458534706207e-05,1.7564458534706207e-05,0.05447828822311101,True
overfit_control,38,1,transformer,cross_scene_smooth_ap,True,40,5,22,0.0,0.031292549038385783,,0.0,1.5075026709848958,1.0,1.0,3.060935729336031,0.0,,0.0,2.004970856905059e-05,2.004970856905059e-05,0.03984375110681073,True
overfit_control,38,1,mamba,cross_scene_smooth_ap,True,40,5,22,0.0,0.025028509172948018,,0.0,1.5907265502556989,1.0,1.0,3.8867083883636377,0.0,,0.0,2.179805433350011e-05,2.179805433350011e-05,0.06152164724174362,True
overfit_control,39,1,cnn,cross_scene_smooth_ap,True,40,5,22,0.0,0.010575206710013083,,0.0,1.6,1.0,1.0,4.0,0.0,,0.0,1.6784652890702453e-05,1.6784652890702453e-05,0.04727060064387104,True
overfit_control,39,1,transformer,cross_scene_smooth_ap,True,40,5,22,0.0,0.030337397943212423,,0.0,1.521081054793231,1.0,1.0,3.17607200553847,0.0,,0.0,1.7965723560701556e-05,1.7965723560701556e-05,0.03716068168914594,True
overfit_control,39,1,mamba,cross_scene_smooth_ap,True,40,5,22,0.0,0.024846944184192726,,0.0,1.6,1.0,1.0,4.0,0.0,,0.0,1.9916118929072933e-05,1.9916118929072933e-05,0.05602976103108449,True
overfit_control,40,1,cnn,cross_scene_smooth_ap,True,40,5,22,0.0,0.012510820538911257,,0.0,1.6,1.0,1.0,4.0,0.0,,0.0,1.639589543531793e-05,1.639589543531793e-05,0.04054920121448296,True
overfit_control,40,1,transformer,cross_scene_smooth_ap,True,40,5,22,0.0,0.027091399583996704,,0.0,1.533400232465271,1.0,1.0,3.286328753584599,0.0,,0.0,2.002453374271724e-05,2.002453374271724e-05,0.03701006446063567,True
overfit_control,40,1,mamba,cross_scene_smooth_ap,True,40,5,22,0.0,0.025270584710935535,,0.0,1.6,1.0,1.0,4.0,0.0,,0.0,2.077779574576546e-05,2.077779574576546e-05,0.05267579715874279,True
overfit_control,41,1,cnn,cross_scene_smooth_ap,True,40,5,22,0.0,0.013441137010800335,,0.0,1.6,1.0,1.0,4.0,0.0,,0.0,1.5761812896177756e-05,1.5761812896177756e-05,0.035258689911026625,True
overfit_control,41,1,transformer,cross_scene_smooth_ap,True,40,5,22,0.0,0.02346599922790055,,0.0,1.5443212014923158,1.0,1.0,3.3890565164538224,0.0,,0.0,1.8861248298735317e-05,1.8861248298735317e-05,0.03761250040227524,True
overfit_control,41,1,mamba,cross_scene_smooth_ap,True,40,5,22,0.0,0.0250252412461992,,0.0,1.6,1.0,1.0,4.0,0.0,,0.0,2.1962816347645354e-05,2.1962816347645354e-05,0.05153154212611286,True
overfit_control,42,1,cnn,cross_scene_smooth_ap,True,40,5,22,0.0,0.013453615215533008,,0.0,1.6,1.0,1.0,4.0,0.0,,0.0,1.6438951511051215e-05,1.6438951511051215e-05,0.031961760475109,True
overfit_control,42,1,transformer,cross_scene_smooth_ap,True,40,5,22,0.0,0.02007124624608955,,0.0,1.5539577053048828,1.0,1.0,3.4838797212427095,0.0,,0.0,1.6940797047844724e-05,1.6940797047844724e-05,0.03799648596849128,True
overfit_control,42,1,mamba,cross_scene_smooth_ap,True,40,5,22,0.0,0.023214677734346736,,0.0,1.6,1.0,1.0,4.0,0.0,,0.0,2.1293402291364725e-05,2.1293402291364725e-05,0.051962068065262976,True
overfit_control,43,1,cnn,cross_scene_smooth_ap,True,40,5,22,0.0,0.012903690418631769,,0.0,1.6,1.0,1.0,4.0,0.0,,0.0,1.7378675809308012e-05,1.7378675809308012e-05,0.030586062610052613,True
overfit_control,43,1,transformer,cross_scene_smooth_ap,True,40,5,22,0.0,0.015724880599288726,,0.0,1.5618234761455052,1.0,1.0,3.564370501656862,0.0,,0.0,1.693059509863523e-05,1.693059509863523e-05,0.03761629480151859,True
overfit_control,43,1,mamba,cross_scene_smooth_ap,True,40,5,22,0.0,0.019390803562764455,,0.0,1.6,1.0,1.0,4.0,0.0,,0.0,2.068711372367848e-05,2.068711372367848e-05,0.0526405943124028,True
overfit_control,44,1,cnn,cross_scene_smooth_ap,True,40,5,22,0.0,0.011780920376303582,,0.0,1.6,1.0,1.0,4.0,0.0,,0.0,1.707696213245039e-05,1.707696213245039e-05,0.030465732681756983,True
overfit_control,44,1,transformer,cross_scene_smooth_ap,True,40,5,22,0.0,0.011419069022729725,,0.0,1.5678492079626898,1.0,1.0,3.6280141951639138,0.0,,0.0,1.664995472125836e-05,1.664995472125836e-05,0.03609031022012413,True
overfit_control,44,1,mamba,cross_scene_smooth_ap,True,40,5,22,0.0,0.014322657189403207,,0.0,1.6,1.0,1.0,4.0,0.0,,0.0,2.0676731028024135e-05,2.0676731028024135e-05,0.05222421779110363,True
overfit_control,45,1,cnn,cross_scene_smooth_ap,True,40,5,22,0.0,0.009858874644554082,,0.0,1.6,1.0,1.0,4.0,0.0,,0.0,1.746119132294724e-05,1.746119132294724e-05,0.030633322917524825,True
overfit_control,45,1,transformer,cross_scene_smooth_ap,True,40,5,22,0.0,0.010015088365088102,,0.0,1.5734678876992887,1.0,1.0,3.688978724748329,0.0,,0.0,1.7281896988202952e-05,1.7281896988202952e-05,0.033416142775157975,True
overfit_control,45,1,mamba,cross_scene_smooth_ap,True,40,5,22,0.0,0.00982276483344473,,0.0,1.6,1.0,1.0,4.0,0.0,,0.0,1.8914969387305195e-05,1.8914969387305195e-05,0.050102793406398276,True
overfit_control,46,1,cnn,cross_scene_smooth_ap,True,40,5,22,0.0,0.0071283494172230425,,0.0,1.6,1.0,1.0,4.0,0.0,,0.0,1.666636484133226e-05,1.666636484133226e-05,0.030148558420057776,True
overfit_control,46,1,transformer,cross_scene_smooth_ap,True,40,5,22,0.0,0.011639232807127533,,0.0,1.5803822474699996,1.0,1.0,3.7662425813526816,0.0,,0.0,1.6116910018094703e-05,1.6116910018094703e-05,0.030058628292204116,True
overfit_control,46,1,mamba,cross_scene_smooth_ap,True,40,5,22,0.0,0.007813054005261043,,0.0,1.6,1.0,1.0,4.0,0.0,,0.0,1.7512738988916163e-05,1.7512738988916163e-05,0.04643753925404284,True
overfit_control,47,1,cnn,cross_scene_smooth_ap,True,40,5,22,0.0,0.004318785595522332,,0.0,1.6,1.0,1.0,4.0,0.0,,0.0,1.76682535251003e-05,1.76682535251003e-05,0.028474832230558522,True
overfit_control,47,1,transformer,cross_scene_smooth_ap,True,40,5,22,0.0,0.013515126798562382,,0.0,1.5887858200197802,1.0,1.0,3.8636455097346207,0.0,,0.0,1.7287409063032168e-05,1.7287409063032168e-05,0.02683028455669305,True
overfit_control,47,1,mamba,cross_scene_smooth_ap,True,40,5,22,0.0,0.008187438666547461,,0.0,1.6,1.0,1.0,4.0,0.0,,0.0,1.720122721164161e-05,1.720122721164161e-05,0.041827470462824416,True
overfit_control,48,1,cnn,cross_scene_smooth_ap,True,40,5,22,0.0,0.0032167904950486685,,0.0,1.6,1.0,1.0,4.0,0.0,,0.0,1.7602689820804826e-05,1.7602689820804826e-05,0.025527227021907697,True
overfit_control,48,1,transformer,cross_scene_smooth_ap,True,40,5,22,0.0,0.014714719830155026,,0.0,1.5982556908356336,1.0,1.0,3.9782908043178686,0.0,,0.0,1.7850373795430945e-05,1.7850373795430945e-05,0.0246161502905984,True
overfit_control,48,1,mamba,cross_scene_smooth_ap,True,40,5,22,0.0,0.009061159450022439,,0.0,1.6,1.0,1.0,4.0,0.0,,0.0,1.73968362909147e-05,1.73968362909147e-05,0.03695370778075369,True
overfit_control,49,1,cnn,cross_scene_smooth_ap,True,40,5,22,0.0,0.00458990538896055,,0.0,1.6,1.0,1.0,4.0,0.0,,0.0,1.7086577665799285e-05,1.7086577665799285e-05,0.02178215916936365,True
overfit_control,49,1,transformer,cross_scene_smooth_ap,True,40,5,22,0.0,0.01513544911374255,,0.0,1.6,1.0,1.0,4.0,0.0,,0.0,1.633988700949796e-05,1.633988700949796e-05,0.02393367502533859,True
overfit_control,49,1,mamba,cross_scene_smooth_ap,True,40,5,22,0.0,0.009716749906148375,,0.0,1.6,1.0,1.0,4.0,0.0,,0.0,1.8398167624731484e-05,1.8398167624731484e-05,0.03240347249944568,True
overfit_control,50,1,cnn,cross_scene_smooth_ap,True,40,5,22,0.0,0.005966671033236915,,0.0,1.6,1.0,1.0,4.0,0.0,,0.0,1.681849490023634e-05,1.681849490023634e-05,0.018052310418764914,True
overfit_control,50,1,transformer,cross_scene_smooth_ap,True,40,5,22,0.0,0.014728081317383743,,0.0,1.6,1.0,1.0,4.0,0.0,,0.0,1.518981196051958e-05,1.518981196051958e-05,0.024534552377542547,True
overfit_control,50,1,mamba,cross_scene_smooth_ap,True,40,5,22,0.0,0.010184759887160612,,0.0,1.6,1.0,1.0,4.0,0.0,,0.0,1.7460487594118875e-05,1.7460487594118875e-05,0.028678961315593648,True
overfit_control,51,1,cnn,cross_scene_smooth_ap,True,40,5,22,0.0,0.006548957317800891,,0.0,1.6,1.0,1.0,4.0,0.0,,0.0,1.7255481134189513e-05,1.7255481134189513e-05,0.015234832147603088,True
overfit_control,51,1,transformer,cross_scene_smooth_ap,True,40,5,22,0.0,0.013432073260133817,,0.0,1.6,1.0,1.0,4.0,0.0,,0.0,1.654573830585294e-05,1.654573830585294e-05,0.025556737693752638,True
overfit_control,51,1,mamba,cross_scene_smooth_ap,True,40,5,22,0.0,0.010435945107485653,,0.0,1.6,1.0,1.0,4.0,0.0,,0.0,1.8673264056917115e-05,1.8673264056917115e-05,0.026173187957432755,True
overfit_control,52,1,cnn,cross_scene_smooth_ap,True,40,5,22,0.0,0.006323684501945082,,0.0,1.6,1.0,1.0,4.0,0.0,,0.0,1.5444971575804076e-05,1.5444971575804076e-05,0.01384428749502574,True
overfit_control,52,1,transformer,cross_scene_smooth_ap,True,40,5,22,0.0,0.011603460978539709,,0.0,1.6,1.0,1.0,4.0,0.0,,0.0,1.63683612993212e-05,1.63683612993212e-05,0.026144811877474975,True
overfit_control,52,1,mamba,cross_scene_smooth_ap,True,40,5,22,0.0,0.010111116859081861,,0.0,1.6,1.0,1.0,4.0,0.0,,0.0,1.8166250377093253e-05,1.8166250377093253e-05,0.02492340309228012,True
overfit_control,53,1,cnn,cross_scene_smooth_ap,True,40,5,22,0.0,0.005566163509964181,,0.0,1.6,1.0,1.0,4.0,0.0,,0.0,1.818077092018609e-05,1.818077092018609e-05,0.013621607292123732,True
overfit_control,53,1,transformer,cross_scene_smooth_ap,True,40,5,22,0.0,0.010066964518474709,,0.0,1.6,1.0,1.0,4.0,0.0,,0.0,1.696329900348217e-05,1.696329900348217e-05,0.025860362382252915,True
overfit_control,53,1,mamba,cross_scene_smooth_ap,True,40,5,22,0.0,0.008997671832365429,,0.0,1.6,1.0,1.0,4.0,0.0,,0.0,1.891997164546118e-05,1.891997164546118e-05,0.02447230658466683,True
overfit_control,54,1,cnn,cross_scene_smooth_ap,True,40,5,22,0.0,0.0046351593127514626,,0.0,1.6,1.0,1.0,4.0,0.0,,0.0,1.582394974565613e-05,1.582394974565613e-05,0.013886612402693135,True
overfit_control,54,1,transformer,cross_scene_smooth_ap,True,40,5,22,0.0,0.009695236157425116,,0.0,1.6,1.0,1.0,4.0,0.0,,0.0,1.7038726474594682e-05,1.7038726474594682e-05,0.024756985733785746,True
overfit_control,54,1,mamba,cross_scene_smooth_ap,True,40,5,22,0.0,0.007533864655328343,,0.0,1.6,1.0,1.0,4.0,0.0,,0.0,1.843726353565009e-05,1.843726353565009e-05,0.024152852531130763,True
overfit_control,55,1,cnn,cross_scene_smooth_ap,True,40,5,22,0.0,0.0038492750220257867,,0.0,1.6,1.0,1.0,4.0,0.0,,0.0,1.778677655724256e-05,1.778677655724256e-05,0.014132748744140567,True
overfit_control,55,1,transformer,cross_scene_smooth_ap,True,40,5,22,0.0,0.010118160041779357,,0.0,1.6,1.0,1.0,4.0,0.0,,0.0,1.6799454546122865e-05,1.6799454546122865e-05,0.023134136932096677,True
overfit_control,55,1,mamba,cross_scene_smooth_ap,True,40,5,22,0.0,0.006748213791423688,,0.0,1.6,1.0,1.0,4.0,0.0,,0.0,1.7791609327914303e-05,1.7791609327914303e-05,0.023522513596124277,True
overfit_control,56,1,cnn,cross_scene_smooth_ap,True,40,5,22,0.0,0.00324450002736542,,0.0,1.6,1.0,1.0,4.0,0.0,,0.0,1.8347466569964517e-05,1.8347466569964517e-05,0.014167608069321179,True
overfit_control,56,1,transformer,cross_scene_smooth_ap,True,40,5,22,0.0,0.010341801098134326,,0.0,1.6,1.0,1.0,4.0,0.0,,0.0,1.6579389699789743e-05,1.6579389699789743e-05,0.021222088353384735,True
overfit_control,56,1,mamba,cross_scene_smooth_ap,True,40,5,22,0.0,0.0070558736835373784,,0.0,1.6,1.0,1.0,4.0,0.0,,0.0,1.7766228086916093e-05,1.7766228086916093e-05,0.022570585406842595,True
overfit_control,57,1,cnn,cross_scene_smooth_ap,True,40,5,22,0.0,0.0025794395374501592,,0.0,1.6,1.0,1.0,4.0,0.0,,0.0,1.6987945264687913e-05,1.6987945264687913e-05,0.013860465953711973,True
overfit_control,57,1,transformer,cross_scene_smooth_ap,True,40,5,22,0.0,0.010341556440180576,,0.0,1.6,1.0,1.0,4.0,0.0,,0.0,1.5776279662572467e-05,1.5776279662572467e-05,0.01910304680271685,True
overfit_control,57,1,mamba,cross_scene_smooth_ap,True,40,5,22,0.0,0.00737193841389492,,0.0,1.6,1.0,1.0,4.0,0.0,,0.0,1.5505928641128762e-05,1.5505928641128762e-05,0.021459507820846935,True
overfit_control,58,1,cnn,cross_scene_smooth_ap,True,40,5,22,0.0,0.002009389026042118,,0.0,1.6,1.0,1.0,4.0,0.0,,0.0,1.748215069048236e-05,1.748215069048236e-05,0.013117629625668793,True
overfit_control,58,1,transformer,cross_scene_smooth_ap,True,40,5,22,0.0,0.010554435873015938,,0.0,1.6,1.0,1.0,4.0,0.0,,0.0,1.5720225701185604e-05,1.5720225701185604e-05,0.017022579464531114,True
overfit_control,58,1,mamba,cross_scene_smooth_ap,True,40,5,22,0.0,0.006781649233730085,,0.0,1.6,1.0,1.0,4.0,0.0,,0.0,1.65294503877751e-05,1.65294503877751e-05,0.020221941479810008,True
overfit_control,59,1,cnn,cross_scene_smooth_ap,True,40,5,22,0.0,0.002029031169703058,,0.0,1.6,1.0,1.0,4.0,0.0,,0.0,1.8112755165780988e-05,1.8112755165780988e-05,0.011947836269175104,True
overfit_control,59,1,transformer,cross_scene_smooth_ap,True,40,5,22,0.0,0.010969729865682716,,0.0,1.6,1.0,1.0,4.0,0.0,,0.0,1.6285297215737042e-05,1.6285297215737042e-05,0.01556581762985227,True
overfit_control,59,1,mamba,cross_scene_smooth_ap,True,40,5,22,0.0,0.005829730558917234,,0.0,1.6,1.0,1.0,4.0,0.0,,0.0,1.542852900428652e-05,1.542852900428652e-05,0.01868469821864648,True
overfit_control,60,1,cnn,cross_scene_smooth_ap,True,40,5,22,0.0,0.0026396217885288242,,0.0,1.6,1.0,1.0,4.0,0.0,,0.0,1.7543206233049014e-05,1.7543206233049014e-05,0.01056981232765033,True
overfit_control,60,1,transformer,cross_scene_smooth_ap,True,40,5,22,0.0,0.010990647306177243,,0.0,1.6,1.0,1.0,4.0,0.0,,0.0,1.7549006715123043e-05,1.7549006715123043e-05,0.015283716870047894,True
overfit_control,60,1,mamba,cross_scene_smooth_ap,True,40,5,22,0.0,0.0059177488078140895,,0.0,1.6,1.0,1.0,4.0,0.0,,0.0,1.7434649641210458e-05,1.7434649641210458e-05,0.016908633486900568,True
overfit_control,61,1,cnn,cross_scene_smooth_ap,True,40,5,22,0.0,0.0031828730946225,,0.0,1.6,1.0,1.0,4.0,0.0,,0.0,1.7507562158623017e-05,1.7507562158623017e-05,0.009387572597882827,True
overfit_control,61,1,transformer,cross_scene_smooth_ap,True,40,5,22,0.0,0.01005925071671085,,0.0,1.6,1.0,1.0,4.0,0.0,,0.0,1.567741960896185e-05,1.567741960896185e-05,0.015995816803705532,True
overfit_control,61,1,mamba,cross_scene_smooth_ap,True,40,5,22,0.0,0.0067217317259608556,,0.0,1.6,1.0,1.0,4.0,0.0,,0.0,1.5818997633706338e-05,1.5818997633706338e-05,0.015419939243477744,True
overfit_control,62,1,cnn,cross_scene_smooth_ap,True,40,5,22,0.0,0.0033347076873450217,,0.0,1.6,1.0,1.0,4.0,0.0,,0.0,1.6709427363226956e-05,1.6709427363226956e-05,0.008713903502726177,True
overfit_control,62,1,transformer,cross_scene_smooth_ap,True,40,5,22,0.0,0.008203552572887133,,0.0,1.6,1.0,1.0,4.0,0.0,,0.0,1.5785120415750768e-05,1.5785120415750768e-05,0.016841272117368387,True
overfit_control,62,1,mamba,cross_scene_smooth_ap,True,40,5,22,0.0,0.006903708414601567,,0.0,1.6,1.0,1.0,4.0,0.0,,0.0,1.6944261538774154e-05,1.6944261538774154e-05,0.014762530480255474,True
overfit_control,63,1,cnn,cross_scene_smooth_ap,True,40,5,22,0.0,0.0031412413419723262,,0.0,1.6,1.0,1.0,4.0,0.0,,0.0,1.6089667232070886e-05,1.6089667232070886e-05,0.008548491028275174,True
overfit_control,63,1,transformer,cross_scene_smooth_ap,True,40,5,22,0.0,0.0059131417066858255,,0.0,1.6,1.0,1.0,4.0,0.0,,0.0,1.6177107668004325e-05,1.6177107668004325e-05,0.0170329328759895,True
overfit_control,63,1,mamba,cross_scene_smooth_ap,True,40,5,22,0.0,0.006163493459690345,,0.0,1.6,1.0,1.0,4.0,0.0,,0.0,1.8229520183102594e-05,1.8229520183102594e-05,0.014868772303830775,True
overfit_control,64,1,cnn,cross_scene_smooth_ap,True,40,5,22,0.0,0.00284931232469043,,0.0,1.6,1.0,1.0,4.0,0.0,,0.0,1.699521961499442e-05,1.699521961499442e-05,0.008667291483789096,True
overfit_control,64,1,transformer,cross_scene_smooth_ap,True,40,5,22,0.0,0.004099953956388331,,0.0,1.6,1.0,1.0,4.0,0.0,,0.0,1.5211074570408514e-05,1.5211074570408514e-05,0.016248881321178296,True
overfit_control,64,1,mamba,cross_scene_smooth_ap,True,40,5,22,0.0,0.005244684129499244,,0.0,1.6,1.0,1.0,4.0,0.0,,0.0,1.6128277142543664e-05,1.6128277142543664e-05,0.015228393782398503,True
overfit_control,65,1,cnn,cross_scene_smooth_ap,True,40,5,22,0.0,0.0026009124004053815,,0.0,1.6,1.0,1.0,4.0,0.0,,0.0,1.6598158730929357e-05,1.6598158730929357e-05,0.008880490180965534,True
overfit_control,65,1,transformer,cross_scene_smooth_ap,True,40,5,22,0.0,0.003842677496696983,,0.0,1.6,1.0,1.0,4.0,0.0,,0.0,1.4696670752373696e-05,1.4696670752373696e-05,0.014600592052739126,True
overfit_control,65,1,mamba,cross_scene_smooth_ap,True,40,5,22,0.0,0.0045907030773425835,,0.0,1.6,1.0,1.0,4.0,0.0,,0.0,1.5970889520424574e-05,1.5970889520424574e-05,0.015432874049904023,True
overfit_control,66,1,cnn,cross_scene_smooth_ap,True,40,5,22,0.0,0.002351441958347369,,0.0,1.6,1.0,1.0,4.0,0.0,,0.0,1.655288438063821e-05,1.655288438063821e-05,0.009094239176774033,True
overfit_control,66,1,transformer,cross_scene_smooth_ap,True,40,5,22,0.0,0.004641827864433638,,0.0,1.6,1.0,1.0,4.0,0.0,,0.0,1.5878464755745468e-05,1.5878464755745468e-05,0.012519520664501281,True
overfit_control,66,1,mamba,cross_scene_smooth_ap,True,40,5,22,0.0,0.003985388995135152,,0.0,1.6,1.0,1.0,4.0,0.0,,0.0,1.5184977858336358e-05,1.5184977858336358e-05,0.015304287360448558,True
overfit_control,67,1,cnn,cross_scene_smooth_ap,True,40,5,22,0.0,0.001977110169678079,,0.0,1.6,1.0,1.0,4.0,0.0,,0.0,1.714946408570874e-05,1.714946408570874e-05,0.009204842692084672,True
overfit_control,67,1,transformer,cross_scene_smooth_ap,True,40,5,22,0.0,0.005490105957049585,,0.0,1.6,1.0,1.0,4.0,0.0,,0.0,1.5599060063088845e-05,1.5599060063088845e-05,0.010625272105194098,True
overfit_control,67,1,mamba,cross_scene_smooth_ap,True,40,5,22,0.0,0.0033793893794969864,,0.0,1.6,1.0,1.0,4.0,0.0,,0.0,1.595020724107805e-05,1.595020724107805e-05,0.014791610950406094,True
overfit_control,68,1,cnn,cross_scene_smooth_ap,True,40,5,22,0.0,0.0015312544196845114,,0.0,1.6,1.0,1.0,4.0,0.0,,0.0,1.7854975796295605e-05,1.7854975796295605e-05,0.00912833468829787,True
overfit_control,68,1,transformer,cross_scene_smooth_ap,True,40,5,22,0.0,0.005813340246515219,,0.0,1.6,1.0,1.0,4.0,0.0,,0.0,1.5794374671864296e-05,1.5794374671864296e-05,0.009518176651125214,True
overfit_control,68,1,mamba,cross_scene_smooth_ap,True,40,5,22,0.0,0.0030635701696621097,,0.0,1.6,1.0,1.0,4.0,0.0,,0.0,1.4915620843893426e-05,1.4915620843893426e-05,0.013969156058943074,True
overfit_control,69,1,cnn,cross_scene_smooth_ap,True,40,5,22,0.0,0.0011597081134180245,,0.0,1.6,1.0,1.0,4.0,0.0,,0.0,1.760891445973655e-05,1.760891445973655e-05,0.00882672684565746,True
overfit_control,69,1,transformer,cross_scene_smooth_ap,True,40,5,22,0.0,0.005462204435139077,,0.0,1.6,1.0,1.0,4.0,0.0,,0.0,1.513271893918546e-05,1.513271893918546e-05,0.009317251429828644,True
overfit_control,69,1,mamba,cross_scene_smooth_ap,True,40,5,22,0.0,0.0030211500124837816,,0.0,1.6,1.0,1.0,4.0,0.0,,0.0,1.4944403991746772e-05,1.4944403991746772e-05,0.01301587278808791,True
overfit_control,70,1,cnn,cross_scene_smooth_ap,True,40,5,22,0.0,0.0010822987211384274,,0.0,1.6,1.0,1.0,4.0,0.0,,0.0,1.7262961344824972e-05,1.7262961344824972e-05,0.008345327025140334,True
overfit_control,70,1,transformer,cross_scene_smooth_ap,True,40,5,22,0.0,0.004646277026819588,,0.0,1.6,1.0,1.0,4.0,0.0,,0.0,1.6749890466527133e-05,1.6749890466527133e-05,0.009554468875693086,True
overfit_control,70,1,mamba,cross_scene_smooth_ap,True,40,5,22,0.0,0.0028637571267711094,,0.0,1.6,1.0,1.0,4.0,0.0,,0.0,1.4319554393172243e-05,1.4319554393172243e-05,0.01208281790066702,True
overfit_control,71,1,cnn,cross_scene_smooth_ap,True,40,5,22,0.0,0.0012521404559334547,,0.0,1.6,1.0,1.0,4.0,0.0,,0.0,1.796179330591826e-05,1.796179330591826e-05,0.0078043776924134915,True
overfit_control,71,1,transformer,cross_scene_smooth_ap,True,40,5,22,0.0,0.0038488972245468355,,0.0,1.6,1.0,1.0,4.0,0.0,,0.0,1.5117150356793152e-05,1.5117150356793152e-05,0.009703508013236098,True
overfit_control,71,1,mamba,cross_scene_smooth_ap,True,40,5,22,0.0,0.0024805143399512556,,0.0,1.6,1.0,1.0,4.0,0.0,,0.0,1.3904385232572634e-05,1.3904385232572634e-05,0.011213218612930318,True
overfit_control,72,1,cnn,cross_scene_smooth_ap,True,40,5,22,0.0,0.0014551969014023457,,0.0,1.6,1.0,1.0,4.0,0.0,,0.0,1.7534263488305923e-05,1.7534263488305923e-05,0.007333590428156879,True
overfit_control,72,1,transformer,cross_scene_smooth_ap,True,40,5,22,0.0,0.003573500312672147,,0.0,1.6,1.0,1.0,4.0,0.0,,0.0,1.6524099637319902e-05,1.6524099637319902e-05,0.009607585630931264,True
overfit_control,72,1,mamba,cross_scene_smooth_ap,True,40,5,22,0.0,0.0022254263956890162,,0.0,1.6,1.0,1.0,4.0,0.0,,0.0,1.4118818075633187e-05,1.4118818075633187e-05,0.010373097818428805,True
overfit_control,73,1,cnn,cross_scene_smooth_ap,True,40,5,22,0.0,0.001541318955973254,,0.0,1.6,1.0,1.0,4.0,0.0,,0.0,1.7799110298460344e-05,1.7799110298460344e-05,0.006997837352438314,True
overfit_control,73,1,transformer,cross_scene_smooth_ap,True,40,5,22,0.0,0.003612086600380961,,0.0,1.6,1.0,1.0,4.0,0.0,,0.0,1.5504744220084785e-05,1.5504744220084785e-05,0.009367196690999903,True
overfit_control,73,1,mamba,cross_scene_smooth_ap,True,40,5,22,0.0,0.002408518094479004,,0.0,1.6,1.0,1.0,4.0,0.0,,0.0,1.4614367530297726e-05,1.4614367530297726e-05,0.009574278831583316,True
overfit_control,74,1,cnn,cross_scene_smooth_ap,True,40,5,22,0.0,0.0015141041864622895,,0.0,1.6,1.0,1.0,4.0,0.0,,0.0,1.6123756266620767e-05,1.6123756266620767e-05,0.006781640535441544,True
overfit_control,74,1,transformer,cross_scene_smooth_ap,True,40,5,22,0.0,0.003366663547006997,,0.0,1.6,1.0,1.0,4.0,0.0,,0.0,1.4200195614187674e-05,1.4200195614187674e-05,0.009079392835561818,True
overfit_control,74,1,mamba,cross_scene_smooth_ap,True,40,5,22,0.0,0.002678435644645732,,0.0,1.6,1.0,1.0,4.0,0.0,,0.0,1.2827885220162698e-05,1.2827885220162698e-05,0.00889475269683355,True
overfit_control,75,1,cnn,cross_scene_smooth_ap,True,40,5,22,0.0,0.0014483572526070435,,0.0,1.6,1.0,1.0,4.0,0.0,,0.0,1.8129058052279244e-05,1.8129058052279244e-05,0.0066283163201197705,True
overfit_control,75,1,transformer,cross_scene_smooth_ap,True,40,5,22,0.0,0.002966561055839423,,0.0,1.6,1.0,1.0,4.0,0.0,,0.0,1.4841765635269018e-05,1.4841765635269018e-05,0.0087373182836333,True
overfit_control,75,1,mamba,cross_scene_smooth_ap,True,40,5,22,0.0,0.002712242512095761,,0.0,1.6,1.0,1.0,4.0,0.0,,0.0,1.533157563278021e-05,1.533157563278021e-05,0.008387530102753277,True
overfit_control,76,1,cnn,cross_scene_smooth_ap,True,40,5,22,0.0,0.0013829600122285983,,0.0,1.6,1.0,1.0,4.0,0.0,,0.0,1.678903468041918e-05,1.678903468041918e-05,0.006479631787271908,True
overfit_control,76,1,transformer,cross_scene_smooth_ap,True,40,5,22,0.0,0.0027891052155897106,,0.0,1.6,1.0,1.0,4.0,0.0,,0.0,1.4739501712189962e-05,1.4739501712189962e-05,0.008323897074598173,True
overfit_control,76,1,mamba,cross_scene_smooth_ap,True,40,5,22,0.0,0.002629044973323688,,0.0,1.6,1.0,1.0,4.0,0.0,,0.0,1.3183087666198627e-05,1.3183087666198627e-05,0.008037435754347668,True
overfit_control,77,1,cnn,cross_scene_smooth_ap,True,40,5,22,0.0,0.0014021226826595218,,0.0,1.6,1.0,1.0,4.0,0.0,,0.0,1.7789357672634825e-05,1.7789357672634825e-05,0.00637976577567629,True
overfit_control,77,1,transformer,cross_scene_smooth_ap,True,40,5,22,0.0,0.0027664627859624777,,0.0,1.6,1.0,1.0,4.0,0.0,,0.0,1.4450289703081896e-05,1.4450289703081896e-05,0.007927211437695215,True
overfit_control,77,1,mamba,cross_scene_smooth_ap,True,40,5,22,0.0,0.0026510454420426814,,0.0,1.6,1.0,1.0,4.0,0.0,,0.0,1.3969590925182384e-05,1.3969590925182384e-05,0.00784947278149938,True
overfit_control,78,1,cnn,cross_scene_smooth_ap,True,40,5,22,0.0,0.0014271549232261478,,0.0,1.6,1.0,1.0,4.0,0.0,,0.0,1.725821206481435e-05,1.725821206481435e-05,0.006369464915933456,True
overfit_control,78,1,transformer,cross_scene_smooth_ap,True,40,5,22,0.0,0.0025938900607879747,,0.0,1.6,1.0,1.0,4.0,0.0,,0.0,1.4979621500478332e-05,1.4979621500478332e-05,0.0075768474200058515,True
overfit_control,78,1,mamba,cross_scene_smooth_ap,True,40,5,22,0.0,0.0027794328356483228,,0.0,1.6,1.0,1.0,4.0,0.0,,0.0,1.327120745182997e-05,1.327120745182997e-05,0.007852599078323693,True
overfit_control,79,1,cnn,cross_scene_smooth_ap,True,40,5,22,0.0,0.0013803412644095175,,0.0,1.6,1.0,1.0,4.0,0.0,,0.0,1.7847854576695816e-05,1.7847854576695816e-05,0.006450317380535479,True
overfit_control,79,1,transformer,cross_scene_smooth_ap,True,40,5,22,0.0,0.002384499347809523,,0.0,1.6,1.0,1.0,4.0,0.0,,0.0,1.406809907436491e-05,1.406809907436491e-05,0.007255166890904792,True
overfit_control,79,1,mamba,cross_scene_smooth_ap,True,40,5,22,0.0,0.002825681968718226,,0.0,1.6,1.0,1.0,4.0,0.0,,0.0,1.3920395993336094e-05,1.3920395993336094e-05,0.008037965988356446,True
overfit_control,80,1,cnn,cross_scene_smooth_ap,True,40,5,22,0.0,0.0012579859753971323,,0.0,1.6,1.0,1.0,4.0,0.0,,0.0,1.6326647669832946e-05,1.6326647669832946e-05,0.0065588126362872675,True
overfit_control,80,1,transformer,cross_scene_smooth_ap,True,40,5,22,0.0,0.0023707134540445545,,0.0,1.6,1.0,1.0,4.0,0.0,,0.0,1.438506942574927e-05,1.438506942574927e-05,0.006931615316450108,True
overfit_control,80,1,mamba,cross_scene_smooth_ap,True,40,5,22,0.0,0.002594775800007479,,0.0,1.6,1.0,1.0,4.0,0.0,,0.0,1.3122341138173529e-05,1.3122341138173529e-05,0.008263967645583056,True
overfit_control,81,1,cnn,cross_scene_smooth_ap,True,40,5,22,0.0,0.0010778297488059044,,0.0,1.6,1.0,1.0,4.0,0.0,,0.0,1.7394254054358117e-05,1.7394254054358117e-05,0.006599050250050674,True
overfit_control,81,1,transformer,cross_scene_smooth_ap,True,40,5,22,0.0,0.0023619872249526475,,0.0,1.6,1.0,1.0,4.0,0.0,,0.0,1.4533835490311214e-05,1.4533835490311214e-05,0.006639422878145106,True
overfit_control,81,1,mamba,cross_scene_smooth_ap,True,40,5,22,0.0,0.002073386476856505,,0.0,1.6,1.0,1.0,4.0,0.0,,0.0,1.3579350017972397e-05,1.3579350017972397e-05,0.008338382155853257,True
overfit_control,82,1,cnn,cross_scene_smooth_ap,True,40,5,22,0.0,0.0008817739635067161,,0.0,1.6,1.0,1.0,4.0,0.0,,0.0,1.8476377944166063e-05,1.8476377944166063e-05,0.006465024834637444,True
overfit_control,82,1,transformer,cross_scene_smooth_ap,True,40,5,22,0.0,0.0022863695437089398,,0.0,1.6,1.0,1.0,4.0,0.0,,0.0,1.4850905266421868e-05,1.4850905266421868e-05,0.006376549916214635,True
overfit_control,82,1,mamba,cross_scene_smooth_ap,True,40,5,22,0.0,0.0016061681690105753,,0.0,1.6,1.0,1.0,4.0,0.0,,0.0,1.2659336489219321e-05,1.2659336489219321e-05,0.008112325165546285,True
overfit_control,83,1,cnn,cross_scene_smooth_ap,True,40,5,22,0.0,0.0008797828973881019,,0.0,1.6,1.0,1.0,4.0,0.0,,0.0,1.7325510784118145e-05,1.7325510784118145e-05,0.006113129523360864,True
overfit_control,83,1,transformer,cross_scene_smooth_ap,True,40,5,22,0.0,0.002370169078515149,,0.0,1.6,1.0,1.0,4.0,0.0,,0.0,1.4371530207709094e-05,1.4371530207709094e-05,0.006172524583260332,True
overfit_control,83,1,mamba,cross_scene_smooth_ap,True,40,5,22,0.0,0.0015438959764482695,,0.0,1.6,1.0,1.0,4.0,0.0,,0.0,1.2907050736887268e-05,1.2907050736887268e-05,0.007582481321013472,True
overfit_control,84,1,cnn,cross_scene_smooth_ap,True,40,5,22,0.0,0.0011854935430188336,,0.0,1.6,1.0,1.0,4.0,0.0,,0.0,1.709700470090765e-05,1.709700470090765e-05,0.005587392633234684,True
overfit_control,84,1,transformer,cross_scene_smooth_ap,True,40,5,22,0.0,0.002524682454978261,,0.0,1.6,1.0,1.0,4.0,0.0,,0.0,1.5076369164718146e-05,1.5076369164718146e-05,0.006143175819943698,True
overfit_control,84,1,mamba,cross_scene_smooth_ap,True,40,5,22,0.0,0.0018688694571242818,,0.0,1.6,1.0,1.0,4.0,0.0,,0.0,1.2442517084929347e-05,1.2442517084929347e-05,0.006878858183500392,True
overfit_control,85,1,cnn,cross_scene_smooth_ap,True,40,5,22,0.0,0.0015873405464707933,,0.0,1.6,1.0,1.0,4.0,0.0,,0.0,1.8604110013807712e-05,1.8604110013807712e-05,0.0051148070492874195,True
overfit_control,85,1,transformer,cross_scene_smooth_ap,True,40,5,22,0.0,0.002518341871443946,,0.0,1.6,1.0,1.0,4.0,0.0,,0.0,1.5198469485359749e-05,1.5198469485359749e-05,0.006306607662614931,True
overfit_control,85,1,mamba,cross_scene_smooth_ap,True,40,5,22,0.0,0.002295394962983938,,0.0,1.6,1.0,1.0,4.0,0.0,,0.0,1.4811695361356075e-05,1.4811695361356075e-05,0.006249374386409162,True
overfit_control,86,1,cnn,cross_scene_smooth_ap,True,40,5,22,0.0,0.0018958434096074657,,0.0,1.6,1.0,1.0,4.0,0.0,,0.0,1.7418147762286898e-05,1.7418147762286898e-05,0.00498624297959914,True
overfit_control,86,1,transformer,cross_scene_smooth_ap,True,40,5,22,0.0,0.0022764772710782873,,0.0,1.6,1.0,1.0,4.0,0.0,,0.0,1.520071109020041e-05,1.520071109020041e-05,0.00659385500744315,True
overfit_control,86,1,mamba,cross_scene_smooth_ap,True,40,5,22,0.0,0.002599262358670784,,0.0,1.6,1.0,1.0,4.0,0.0,,0.0,1.5085918262084794e-05,1.5085918262084794e-05,0.005975158980127081,True
overfit_control,87,1,cnn,cross_scene_smooth_ap,True,40,5,22,0.0,0.0020125195137853285,,0.0,1.6,1.0,1.0,4.0,0.0,,0.0,1.7339494478384086e-05,1.7339494478384086e-05,0.005326459769537184,True
overfit_control,87,1,transformer,cross_scene_smooth_ap,True,40,5,22,0.0,0.0019848667722164523,,0.0,1.6,1.0,1.0,4.0,0.0,,0.0,1.4462577639151495e-05,1.4462577639151495e-05,0.006843122075292491,True
overfit_control,87,1,mamba,cross_scene_smooth_ap,True,40,5,22,0.0,0.0026693424519977486,,0.0,1.6,1.0,1.0,4.0,0.0,,0.0,1.457335348967196e-05,1.457335348967196e-05,0.006178110326266051,True
overfit_control,88,1,cnn,cross_scene_smooth_ap,True,40,5,22,0.0,0.001916635230320674,,0.0,1.6,1.0,1.0,4.0,0.0,,0.0,1.555191920265477e-05,1.555191920265477e-05,0.0059452644597954955,True
overfit_control,88,1,transformer,cross_scene_smooth_ap,True,40,5,22,0.0,0.0016597741717891488,,0.0,1.6,1.0,1.0,4.0,0.0,,0.0,1.4200423861747062e-05,1.4200423861747062e-05,0.0069646204668259715,True
overfit_control,88,1,mamba,cross_scene_smooth_ap,True,40,5,22,0.0,0.0025412975454536754,,0.0,1.6,1.0,1.0,4.0,0.0,,0.0,1.3914778546695624e-05,1.3914778546695624e-05,0.006691008226008131,True
overfit_control,89,1,cnn,cross_scene_smooth_ap,True,40,5,22,0.0,0.0016553078353091178,,0.0,1.6,1.0,1.0,4.0,0.0,,0.0,1.8301480382589535e-05,1.8301480382589535e-05,0.006549269962403311,True
overfit_control,89,1,transformer,cross_scene_smooth_ap,True,40,5,22,0.0,0.0013203766074142648,,0.0,1.6,1.0,1.0,4.0,0.0,,0.0,1.5177306747303245e-05,1.5177306747303245e-05,0.006900895242458865,True
overfit_control,89,1,mamba,cross_scene_smooth_ap,True,40,5,22,0.0,0.0022540655813801554,,0.0,1.6,1.0,1.0,4.0,0.0,,0.0,1.533273562773369e-05,1.533273562773369e-05,0.007231870475173665,True
overfit_control,90,1,cnn,cross_scene_smooth_ap,True,40,5,22,0.0,0.0012731797469417705,,0.0,1.6,1.0,1.0,4.0,0.0,,0.0,1.736536931158867e-05,1.736536931158867e-05,0.00692247796935945,True
overfit_control,90,1,transformer,cross_scene_smooth_ap,True,40,5,22,0.0,0.0010828271233290264,,0.0,1.6,1.0,1.0,4.0,0.0,,0.0,1.420476155104646e-05,1.420476155104646e-05,0.006634577203642471,True
overfit_control,90,1,mamba,cross_scene_smooth_ap,True,40,5,22,0.0,0.001928359834743909,,0.0,1.6,1.0,1.0,4.0,0.0,,0.0,1.502346505301515e-05,1.502346505301515e-05,0.007585602857408814,True
overfit_control,91,1,cnn,cross_scene_smooth_ap,True,40,5,22,0.0,0.0008742589699925634,,0.0,1.6,1.0,1.0,4.0,0.0,,0.0,1.8338242882966563e-05,1.8338242882966563e-05,0.006980197326405248,True
overfit_control,91,1,transformer,cross_scene_smooth_ap,True,40,5,22,0.0,0.001177064567094055,,0.0,1.6,1.0,1.0,4.0,0.0,,0.0,1.3293323049250007e-05,1.3293323049250007e-05,0.006208072863117294,True
overfit_control,91,1,mamba,cross_scene_smooth_ap,True,40,5,22,0.0,0.0016029626184883845,,0.0,1.6,1.0,1.0,4.0,0.0,,0.0,1.3742729827133034e-05,1.3742729827133034e-05,0.007666055919146198,True
overfit_control,92,1,cnn,cross_scene_smooth_ap,True,40,5,22,0.0,0.0005602159124527524,,0.0,1.6,1.0,1.0,4.0,0.0,,0.0,1.636228036184399e-05,1.636228036184399e-05,0.0067144995757773525,True
overfit_control,92,1,transformer,cross_scene_smooth_ap,True,40,5,22,0.0,0.0013903555496647835,,0.0,1.6,1.0,1.0,4.0,0.0,,0.0,1.4886392641445515e-05,1.4886392641445515e-05,0.005755718572263625,True
overfit_control,92,1,mamba,cross_scene_smooth_ap,True,40,5,22,0.0,0.0012759154054493285,,0.0,1.6,1.0,1.0,4.0,0.0,,0.0,1.2735774522468196e-05,1.2735774522468196e-05,0.007465762160766548,True
overfit_control,93,1,cnn,cross_scene_smooth_ap,True,40,5,22,0.0,0.0005549751629549864,,0.0,1.6,1.0,1.0,4.0,0.0,,0.0,1.6278512787724747e-05,1.6278512787724747e-05,0.006204230022063845,True
overfit_control,93,1,transformer,cross_scene_smooth_ap,True,40,5,22,0.0,0.0015474363641741237,,0.0,1.6,1.0,1.0,4.0,0.0,,0.0,1.381209778382638e-05,1.381209778382638e-05,0.005407574851774069,True
overfit_control,93,1,mamba,cross_scene_smooth_ap,True,40,5,22,0.0,0.0010502158478591594,,0.0,1.6,1.0,1.0,4.0,0.0,,0.0,1.1675835904754309e-05,1.1675835904754309e-05,0.007022505986859152,True
overfit_control,94,1,cnn,cross_scene_smooth_ap,True,40,5,22,0.0,0.0007244477829057036,,0.0,1.6,1.0,1.0,4.0,0.0,,0.0,1.686290540513621e-05,1.686290540513621e-05,0.00557038649702095,True
overfit_control,94,1,transformer,cross_scene_smooth_ap,True,40,5,22,0.0,0.0016308305463175324,,0.0,1.6,1.0,1.0,4.0,0.0,,0.0,1.344997916968574e-05,1.344997916968574e-05,0.005233310311719766,True
overfit_control,94,1,mamba,cross_scene_smooth_ap,True,40,5,22,0.0,0.0010624158714052751,,0.0,1.6,1.0,1.0,4.0,0.0,,0.0,1.2967480603191609e-05,1.2967480603191609e-05,0.006435410140523615,True
overfit_control,95,1,cnn,cross_scene_smooth_ap,True,40,5,22,0.0,0.0009065277033754619,,0.0,1.6,1.0,1.0,4.0,0.0,,0.0,1.8247341722664617e-05,1.8247341722664617e-05,0.004969799096655526,True
overfit_control,95,1,transformer,cross_scene_smooth_ap,True,40,5,22,0.0,0.0016681089921190826,,0.0,1.6,1.0,1.0,4.0,0.0,,0.0,1.5171742442281656e-05,1.5171742442281656e-05,0.005236285356285685,True
overfit_control,95,1,mamba,cross_scene_smooth_ap,True,40,5,22,0.0,0.001247157749455769,,0.0,1.6,1.0,1.0,4.0,0.0,,0.0,1.211688071251737e-05,1.211688071251737e-05,0.005836199330121233,True
overfit_control,96,1,cnn,cross_scene_smooth_ap,True,40,5,22,0.0,0.0010064955782102824,,0.0,1.6,1.0,1.0,4.0,0.0,,0.0,1.8523829500017514e-05,1.8523829500017514e-05,0.004532589271676906,True
overfit_control,96,1,transformer,cross_scene_smooth_ap,True,40,5,22,0.0,0.0015136284493914754,,0.0,1.6,1.0,1.0,4.0,0.0,,0.0,1.4260503648057656e-05,1.4260503648057656e-05,0.005330294119470708,True
overfit_control,96,1,mamba,cross_scene_smooth_ap,True,40,5,22,0.0,0.0013384682550587183,,0.0,1.6,1.0,1.0,4.0,0.0,,0.0,1.2720126585460516e-05,1.2720126585460516e-05,0.005341612112050701,True
overfit_control,97,1,cnn,cross_scene_smooth_ap,True,40,5,22,0.0,0.0010089260991740596,,0.0,1.6,1.0,1.0,4.0,0.0,,0.0,1.707851016904911e-05,1.707851016904911e-05,0.004344283222670495,True
overfit_control,97,1,transformer,cross_scene_smooth_ap,True,40,5,22,0.0,0.0011961032319447236,,0.0,1.6,1.0,1.0,4.0,0.0,,0.0,1.4920283302671427e-05,1.4920283302671427e-05,0.005416680655340982,True
overfit_control,97,1,mamba,cross_scene_smooth_ap,True,40,5,22,0.0,0.0013064199353960335,,0.0,1.6,1.0,1.0,4.0,0.0,,0.0,1.3247763780685196e-05,1.3247763780685196e-05,0.005005449401713538,True
overfit_control,98,1,cnn,cross_scene_smooth_ap,True,40,5,22,0.0,0.0009526598237652355,,0.0,1.6,1.0,1.0,4.0,0.0,,0.0,1.89059929313388e-05,1.89059929313388e-05,0.004376627728685536,True
overfit_control,98,1,transformer,cross_scene_smooth_ap,True,40,5,22,0.0,0.0009054836020745149,,0.0,1.6,1.0,1.0,4.0,0.0,,0.0,1.5271394337506672e-05,1.5271394337506672e-05,0.005419784283758464,True
overfit_control,98,1,mamba,cross_scene_smooth_ap,True,40,5,22,0.0,0.001210813715924484,,0.0,1.6,1.0,1.0,4.0,0.0,,0.0,1.2860009088367707e-05,1.2860009088367707e-05,0.004823085043217427,True
overfit_control,99,1,cnn,cross_scene_smooth_ap,True,40,5,22,0.0,0.0008317288449548108,,0.0,1.6,1.0,1.0,4.0,0.0,,0.0,1.7162646306836855e-05,1.7162646306836855e-05,0.004509432755400591,True
overfit_control,99,1,transformer,cross_scene_smooth_ap,True,40,5,22,0.0,0.0008722249806378897,,0.0,1.6,1.0,1.0,4.0,0.0,,0.0,1.4597727170495106e-05,1.4597727170495106e-05,0.005332405646140675,True
overfit_control,99,1,mamba,cross_scene_smooth_ap,True,40,5,22,0.0,0.0011344011916021414,,0.0,1.6,1.0,1.0,4.0,0.0,,0.0,1.2713668433118726e-05,1.2713668433118726e-05,0.0047447743757479035,True
overfit_control,100,1,cnn,cross_scene_smooth_ap,True,40,5,22,0.0,0.0006982486268763529,,0.0,1.6,1.0,1.0,4.0,0.0,,0.0,1.739120066536926e-05,1.739120066536926e-05,0.004645030823854515,True
overfit_control,100,1,transformer,cross_scene_smooth_ap,True,40,5,22,0.0,0.0009246740682233725,,0.0,1.6,1.0,1.0,4.0,0.0,,0.0,1.427199194643779e-05,1.427199194643779e-05,0.005204234881358194,True
overfit_control,100,1,mamba,cross_scene_smooth_ap,True,40,5,22,0.0,0.0010884069512028481,,0.0,1.6,1.0,1.0,4.0,0.0,,0.0,1.3182344644864094e-05,1.3182344644864094e-05,0.00473482967908275,True
