fold,protocol,identity,encoded_identity,cases,triplets,comparison,view,before_margin_mean,after_margin_mean,absolute_margin_change_mean,margin_decreased_count,lost_correct_count,repaired_count,before_nonpositive_count,after_nonpositive_count,before_hinge_mean,after_hinge_mean,before_hinge_positive_count,after_hinge_positive_count,reliable_original_and_style_count,stable_lost_correct_count,stable_hinge_violated_count,stable_lost_correct_rate,stable_hinge_violated_rate
0,cross_camera,000011,0,60,0,same_forward_candidate_joint_contribution,original,,,,0,0,0,0,0,,,0,0,0,0,0,,
0,cross_camera,000011,0,60,0,same_forward_candidate_joint_contribution,registered_style,,,,0,0,0,0,0,,,0,0,0,0,0,,
0,cross_camera,000013,1,60,0,same_forward_candidate_joint_contribution,original,,,,0,0,0,0,0,,,0,0,0,0,0,,
0,cross_camera,000013,1,60,0,same_forward_candidate_joint_contribution,registered_style,,,,0,0,0,0,0,,,0,0,0,0,0,,
0,cross_camera,000017,2,40,0,same_forward_candidate_joint_contribution,original,,,,0,0,0,0,0,,,0,0,0,0,0,,
0,cross_camera,000017,2,40,0,same_forward_candidate_joint_contribution,registered_style,,,,0,0,0,0,0,,,0,0,0,0,0,,
0,cross_camera,000018,3,60,0,same_forward_candidate_joint_contribution,original,,,,0,0,0,0,0,,,0,0,0,0,0,,
0,cross_camera,000018,3,60,0,same_forward_candidate_joint_contribution,registered_style,,,,0,0,0,0,0,,,0,0,0,0,0,,
0,cross_camera,000020,4,60,0,same_forward_candidate_joint_contribution,original,,,,0,0,0,0,0,,,0,0,0,0,0,,
0,cross_camera,000020,4,60,0,same_forward_candidate_joint_contribution,registered_style,,,,0,0,0,0,0,,,0,0,0,0,0,,
0,cross_camera,000021,5,60,0,same_forward_candidate_joint_contribution,original,,,,0,0,0,0,0,,,0,0,0,0,0,,
0,cross_camera,000021,5,60,0,same_forward_candidate_joint_contribution,registered_style,,,,0,0,0,0,0,,,0,0,0,0,0,,
0,cross_camera,000023,6,60,0,same_forward_candidate_joint_contribution,original,,,,0,0,0,0,0,,,0,0,0,0,0,,
0,cross_camera,000023,6,60,0,same_forward_candidate_joint_contribution,registered_style,,,,0,0,0,0,0,,,0,0,0,0,0,,
0,cross_camera,000024,7,60,0,same_forward_candidate_joint_contribution,original,,,,0,0,0,0,0,,,0,0,0,0,0,,
0,cross_camera,000024,7,60,0,same_forward_candidate_joint_contribution,registered_style,,,,0,0,0,0,0,,,0,0,0,0,0,,
0,cross_camera,000026,8,60,0,same_forward_candidate_joint_contribution,original,,,,0,0,0,0,0,,,0,0,0,0,0,,
0,cross_camera,000026,8,60,0,same_forward_candidate_joint_contribution,registered_style,,,,0,0,0,0,0,,,0,0,0,0,0,,
0,cross_camera,000027,9,60,0,same_forward_candidate_joint_contribution,original,,,,0,0,0,0,0,,,0,0,0,0,0,,
0,cross_camera,000027,9,60,0,same_forward_candidate_joint_contribution,registered_style,,,,0,0,0,0,0,,,0,0,0,0,0,,
0,cross_camera,000029,10,60,0,same_forward_candidate_joint_contribution,original,,,,0,0,0,0,0,,,0,0,0,0,0,,
0,cross_camera,000029,10,60,0,same_forward_candidate_joint_contribution,registered_style,,,,0,0,0,0,0,,,0,0,0,0,0,,
0,cross_camera,000030,11,60,0,same_forward_candidate_joint_contribution,original,,,,0,0,0,0,0,,,0,0,0,0,0,,
0,cross_camera,000030,11,60,0,same_forward_candidate_joint_contribution,registered_style,,,,0,0,0,0,0,,,0,0,0,0,0,,
0,cross_camera,000032,12,60,0,same_forward_candidate_joint_contribution,original,,,,0,0,0,0,0,,,0,0,0,0,0,,
0,cross_camera,000032,12,60,0,same_forward_candidate_joint_contribution,registered_style,,,,0,0,0,0,0,,,0,0,0,0,0,,
0,cross_camera,000033,13,60,0,same_forward_candidate_joint_contribution,original,,,,0,0,0,0,0,,,0,0,0,0,0,,
0,cross_camera,000033,13,60,0,same_forward_candidate_joint_contribution,registered_style,,,,0,0,0,0,0,,,0,0,0,0,0,,
0,cross_camera,000035,14,60,0,same_forward_candidate_joint_contribution,original,,,,0,0,0,0,0,,,0,0,0,0,0,,
0,cross_camera,000035,14,60,0,same_forward_candidate_joint_contribution,registered_style,,,,0,0,0,0,0,,,0,0,0,0,0,,
0,cross_camera,000036,15,60,0,same_forward_candidate_joint_contribution,original,,,,0,0,0,0,0,,,0,0,0,0,0,,
0,cross_camera,000036,15,60,0,same_forward_candidate_joint_contribution,registered_style,,,,0,0,0,0,0,,,0,0,0,0,0,,
0,cross_camera,000038,16,60,0,same_forward_candidate_joint_contribution,original,,,,0,0,0,0,0,,,0,0,0,0,0,,
0,cross_camera,000038,16,60,0,same_forward_candidate_joint_contribution,registered_style,,,,0,0,0,0,0,,,0,0,0,0,0,,
0,cross_camera,000039,17,60,0,same_forward_candidate_joint_contribution,original,,,,0,0,0,0,0,,,0,0,0,0,0,,
0,cross_camera,000039,17,60,0,same_forward_candidate_joint_contribution,registered_style,,,,0,0,0,0,0,,,0,0,0,0,0,,
0,cross_camera,000041,18,60,0,same_forward_candidate_joint_contribution,original,,,,0,0,0,0,0,,,0,0,0,0,0,,
0,cross_camera,000041,18,60,0,same_forward_candidate_joint_contribution,registered_style,,,,0,0,0,0,0,,,0,0,0,0,0,,
0,cross_camera,000042,19,60,0,same_forward_candidate_joint_contribution,original,,,,0,0,0,0,0,,,0,0,0,0,0,,
0,cross_camera,000042,19,60,0,same_forward_candidate_joint_contribution,registered_style,,,,0,0,0,0,0,,,0,0,0,0,0,,
0,cross_camera,000044,20,60,0,same_forward_candidate_joint_contribution,original,,,,0,0,0,0,0,,,0,0,0,0,0,,
0,cross_camera,000044,20,60,0,same_forward_candidate_joint_contribution,registered_style,,,,0,0,0,0,0,,,0,0,0,0,0,,
0,cross_camera,000045,21,60,0,same_forward_candidate_joint_contribution,original,,,,0,0,0,0,0,,,0,0,0,0,0,,
0,cross_camera,000045,21,60,0,same_forward_candidate_joint_contribution,registered_style,,,,0,0,0,0,0,,,0,0,0,0,0,,
0,cross_camera,000047,22,60,0,same_forward_candidate_joint_contribution,original,,,,0,0,0,0,0,,,0,0,0,0,0,,
0,cross_camera,000047,22,60,0,same_forward_candidate_joint_contribution,registered_style,,,,0,0,0,0,0,,,0,0,0,0,0,,
0,cross_camera,000048,23,60,0,same_forward_candidate_joint_contribution,original,,,,0,0,0,0,0,,,0,0,0,0,0,,
0,cross_camera,000048,23,60,0,same_forward_candidate_joint_contribution,registered_style,,,,0,0,0,0,0,,,0,0,0,0,0,,
0,cross_camera,000050,24,60,0,same_forward_candidate_joint_contribution,original,,,,0,0,0,0,0,,,0,0,0,0,0,,
0,cross_camera,000050,24,60,0,same_forward_candidate_joint_contribution,registered_style,,,,0,0,0,0,0,,,0,0,0,0,0,,
0,cross_camera,000051,25,60,0,same_forward_candidate_joint_contribution,original,,,,0,0,0,0,0,,,0,0,0,0,0,,
0,cross_camera,000051,25,60,0,same_forward_candidate_joint_contribution,registered_style,,,,0,0,0,0,0,,,0,0,0,0,0,,
0,cross_camera,000098,26,60,0,same_forward_candidate_joint_contribution,original,,,,0,0,0,0,0,,,0,0,0,0,0,,
0,cross_camera,000098,26,60,0,same_forward_candidate_joint_contribution,registered_style,,,,0,0,0,0,0,,,0,0,0,0,0,,
0,cross_camera,000114,27,60,0,same_forward_candidate_joint_contribution,original,,,,0,0,0,0,0,,,0,0,0,0,0,,
0,cross_camera,000114,27,60,0,same_forward_candidate_joint_contribution,registered_style,,,,0,0,0,0,0,,,0,0,0,0,0,,
0,cross_camera,000128,28,60,0,same_forward_candidate_joint_contribution,original,,,,0,0,0,0,0,,,0,0,0,0,0,,
0,cross_camera,000128,28,60,0,same_forward_candidate_joint_contribution,registered_style,,,,0,0,0,0,0,,,0,0,0,0,0,,
0,cross_camera,000149,29,60,0,same_forward_candidate_joint_contribution,original,,,,0,0,0,0,0,,,0,0,0,0,0,,
0,cross_camera,000149,29,60,0,same_forward_candidate_joint_contribution,registered_style,,,,0,0,0,0,0,,,0,0,0,0,0,,
0,cross_camera,000151,30,60,0,same_forward_candidate_joint_contribution,original,,,,0,0,0,0,0,,,0,0,0,0,0,,
0,cross_camera,000151,30,60,0,same_forward_candidate_joint_contribution,registered_style,,,,0,0,0,0,0,,,0,0,0,0,0,,
0,cross_camera,000152,31,60,0,same_forward_candidate_joint_contribution,original,,,,0,0,0,0,0,,,0,0,0,0,0,,
0,cross_camera,000152,31,60,0,same_forward_candidate_joint_contribution,registered_style,,,,0,0,0,0,0,,,0,0,0,0,0,,
0,cross_camera,000154,32,60,0,same_forward_candidate_joint_contribution,original,,,,0,0,0,0,0,,,0,0,0,0,0,,
0,cross_camera,000154,32,60,0,same_forward_candidate_joint_contribution,registered_style,,,,0,0,0,0,0,,,0,0,0,0,0,,
0,cross_camera,000155,33,60,0,same_forward_candidate_joint_contribution,original,,,,0,0,0,0,0,,,0,0,0,0,0,,
0,cross_camera,000155,33,60,0,same_forward_candidate_joint_contribution,registered_style,,,,0,0,0,0,0,,,0,0,0,0,0,,
0,cross_camera,000182,34,60,0,same_forward_candidate_joint_contribution,original,,,,0,0,0,0,0,,,0,0,0,0,0,,
0,cross_camera,000182,34,60,0,same_forward_candidate_joint_contribution,registered_style,,,,0,0,0,0,0,,,0,0,0,0,0,,
0,cross_camera,000183,35,60,0,same_forward_candidate_joint_contribution,original,,,,0,0,0,0,0,,,0,0,0,0,0,,
0,cross_camera,000183,35,60,0,same_forward_candidate_joint_contribution,registered_style,,,,0,0,0,0,0,,,0,0,0,0,0,,
0,cross_camera,000185,36,40,0,same_forward_candidate_joint_contribution,original,,,,0,0,0,0,0,,,0,0,0,0,0,,
0,cross_camera,000185,36,40,0,same_forward_candidate_joint_contribution,registered_style,,,,0,0,0,0,0,,,0,0,0,0,0,,
0,cross_camera,000186,37,20,0,same_forward_candidate_joint_contribution,original,,,,0,0,0,0,0,,,0,0,0,0,0,,
0,cross_camera,000186,37,20,0,same_forward_candidate_joint_contribution,registered_style,,,,0,0,0,0,0,,,0,0,0,0,0,,
0,cross_camera,000188,38,40,0,same_forward_candidate_joint_contribution,original,,,,0,0,0,0,0,,,0,0,0,0,0,,
0,cross_camera,000188,38,40,0,same_forward_candidate_joint_contribution,registered_style,,,,0,0,0,0,0,,,0,0,0,0,0,,
0,cross_camera,000189,39,20,0,same_forward_candidate_joint_contribution,original,,,,0,0,0,0,0,,,0,0,0,0,0,,
0,cross_camera,000189,39,20,0,same_forward_candidate_joint_contribution,registered_style,,,,0,0,0,0,0,,,0,0,0,0,0,,
0,cross_camera,000191,40,35,57232,same_forward_candidate_joint_contribution,original,0.58241923139152,0.5526860025506992,0.029772084202890837,56936,0,0,0,0,2.043094948225622e-05,3.2037727621511964e-05,59,103,57035,0,40,0.0,0.0007013237485754361
0,cross_camera,000191,40,35,57232,same_forward_candidate_joint_contribution,registered_style,0.5726217362960201,0.5440912048264633,0.02858158436820337,56818,0,0,0,0,8.225323581529107e-05,0.00010155653987416115,189,236,57035,0,58,0.0,0.0010169194354343824
0,cross_camera,000193,41,20,0,same_forward_candidate_joint_contribution,original,,,,0,0,0,0,0,,,0,0,0,0,0,,
0,cross_camera,000193,41,20,0,same_forward_candidate_joint_contribution,registered_style,,,,0,0,0,0,0,,,0,0,0,0,0,,
0,cross_camera,000195,42,55,93856,same_forward_candidate_joint_contribution,original,0.6204099322539337,0.586710254250388,0.03371636705545492,93651,0,0,0,0,1.2604107329263009e-05,2.049394136143686e-05,52,81,93690,0,24,0.0,0.00025616394492475184
0,cross_camera,000195,42,55,93856,same_forward_candidate_joint_contribution,registered_style,0.6076855297958331,0.5755315327716277,0.03217628630451232,93559,0,0,0,0,5.334777706437742e-05,6.634143776777455e-05,163,213,93690,0,53,0.0,0.0005656953783754937
0,cross_camera,000197,43,60,0,same_forward_candidate_joint_contribution,original,,,,0,0,0,0,0,,,0,0,0,0,0,,
0,cross_camera,000197,43,60,0,same_forward_candidate_joint_contribution,registered_style,,,,0,0,0,0,0,,,0,0,0,0,0,,
0,cross_camera,000200,44,75,119840,same_forward_candidate_joint_contribution,original,0.6136960172447226,0.5877542847499204,0.026153474899869317,116993,0,0,0,0,2.1414992207856172e-05,2.9662550465116928e-05,88,113,119706,0,21,0.0,0.0001754298030173926
0,cross_camera,000200,44,75,119840,same_forward_candidate_joint_contribution,registered_style,0.6039332548906785,0.5787020612385815,0.025446370716129946,117030,0,0,0,0,3.29809982355082e-05,4.441625431024644e-05,129,164,119706,0,36,0.0,0.00030073680517267307
0,cross_camera,000201,45,80,127456,same_forward_candidate_joint_contribution,original,0.6258896184303795,0.5949050529876131,0.031016205671331374,126901,0,0,0,0,2.7362610181029683e-05,3.396687623207046e-05,94,107,127307,0,9,0.0,7.069524849379845e-05
0,cross_camera,000201,45,80,127456,same_forward_candidate_joint_contribution,registered_style,0.6168954283085378,0.5868056940187496,0.03013029116856842,126834,0,0,0,0,7.499426697007779e-05,8.198675158731575e-05,141,162,127307,0,22,0.0,0.00017281060742928511
0,cross_camera,000209,46,58,91616,same_forward_candidate_joint_contribution,original,0.6022119226272741,0.5695923886112163,0.03263880815311835,91320,0,0,0,0,6.925919824619073e-05,7.892493805006409e-05,115,155,91435,0,34,0.0,0.0003718488543774266
0,cross_camera,000209,46,58,91616,same_forward_candidate_joint_contribution,registered_style,0.5917747427042421,0.5599563346617636,0.03184881079565407,91248,0,0,0,0,5.784904886817657e-05,7.661538871908363e-05,159,218,91435,0,52,0.0,0.0005687100125772406
0,cross_camera,000212,47,55,89712,same_forward_candidate_joint_contribution,original,0.63096533142979,0.6055251992783535,0.025622232686171306,88118,0,0,0,0,9.491436342164267e-06,1.3954383696544142e-05,25,37,89667,0,11,0.0,0.00012267612388058036
0,cross_camera,000212,47,55,89712,same_forward_candidate_joint_contribution,registered_style,0.6203488967176825,0.595481437896039,0.02505308531233578,88049,0,0,0,0,1.6595209154045824e-05,2.3244371803995577e-05,44,65,89667,0,22,0.0,0.0002453522477611607
0,cross_camera,000215,48,40,0,same_forward_candidate_joint_contribution,original,,,,0,0,0,0,0,,,0,0,0,0,0,,
0,cross_camera,000215,48,40,0,same_forward_candidate_joint_contribution,registered_style,,,,0,0,0,0,0,,,0,0,0,0,0,,
0,cross_camera,000216,49,40,0,same_forward_candidate_joint_contribution,original,,,,0,0,0,0,0,,,0,0,0,0,0,,
0,cross_camera,000216,49,40,0,same_forward_candidate_joint_contribution,registered_style,,,,0,0,0,0,0,,,0,0,0,0,0,,
0,cross_camera,000217,50,39,55440,same_forward_candidate_joint_contribution,original,0.5773092169731232,0.5554045005149975,0.022034354152512547,54637,0,0,0,0,5.9133673589494225e-05,7.160953485679889e-05,89,104,55319,0,13,0.0,0.0002350006326940111
0,cross_camera,000217,50,39,55440,same_forward_candidate_joint_contribution,registered_style,0.5651188845130041,0.54375898759492,0.02150484864817977,54568,0,0,0,0,5.524246387674525e-05,7.531617572078431e-05,101,134,55319,0,31,0.0,0.000560386124116488
0,cross_camera,000219,51,20,0,same_forward_candidate_joint_contribution,original,,,,0,0,0,0,0,,,0,0,0,0,0,,
0,cross_camera,000219,51,20,0,same_forward_candidate_joint_contribution,registered_style,,,,0,0,0,0,0,,,0,0,0,0,0,,
0,cross_camera,000220,52,54,87024,same_forward_candidate_joint_contribution,original,0.5833923228257,0.5593256782029233,0.024169737273933664,85862,0,0,0,0,4.1444671714408974e-05,4.544145774486533e-05,92,111,86868,0,16,0.0,0.00018418750287792974
0,cross_camera,000220,52,54,87024,same_forward_candidate_joint_contribution,registered_style,0.5733054058466536,0.549767818696987,0.023650267946767486,85704,0,0,0,0,6.721010019913251e-05,7.918155437824639e-05,155,193,86868,0,39,0.0,0.0004489570382649537
0,cross_camera,000222,53,40,0,same_forward_candidate_joint_contribution,original,,,,0,0,0,0,0,,,0,0,0,0,0,,
0,cross_camera,000222,53,40,0,same_forward_candidate_joint_contribution,registered_style,,,,0,0,0,0,0,,,0,0,0,0,0,,
0,cross_camera,000224,54,40,0,same_forward_candidate_joint_contribution,original,,,,0,0,0,0,0,,,0,0,0,0,0,,
0,cross_camera,000224,54,40,0,same_forward_candidate_joint_contribution,registered_style,,,,0,0,0,0,0,,,0,0,0,0,0,,
0,cross_camera,000225,55,20,0,same_forward_candidate_joint_contribution,original,,,,0,0,0,0,0,,,0,0,0,0,0,,
0,cross_camera,000225,55,20,0,same_forward_candidate_joint_contribution,registered_style,,,,0,0,0,0,0,,,0,0,0,0,0,,
0,cross_camera,000230,56,20,0,same_forward_candidate_joint_contribution,original,,,,0,0,0,0,0,,,0,0,0,0,0,,
0,cross_camera,000230,56,20,0,same_forward_candidate_joint_contribution,registered_style,,,,0,0,0,0,0,,,0,0,0,0,0,,
0,cross_camera,000232,57,58,92400,same_forward_candidate_joint_contribution,original,0.6352515239746701,0.6102701620662156,0.025018152141420807,91826,0,0,0,0,1.5716958082592825e-05,2.4429054392517216e-05,51,72,92335,0,16,0.0,0.00017328207072074512
0,cross_camera,000232,57,58,92400,same_forward_candidate_joint_contribution,registered_style,0.6273466299714529,0.6027249364981269,0.024657087311663252,91846,0,0,0,0,2.036934189784785e-05,3.081194727303628e-05,64,87,92335,0,24,0.0,0.00025992310608111764
0,cross_camera,000233,58,58,92176,same_forward_candidate_joint_contribution,original,0.6134748637344513,0.5889097082696731,0.024665697252462152,91120,0,0,0,0,4.767577151252431e-05,5.678618656783978e-05,111,149,92012,0,28,0.0,0.0003043081337216885
0,cross_camera,000233,58,58,92176,same_forward_candidate_joint_contribution,registered_style,0.6051507650505485,0.581238133771182,0.024026248051786124,90993,0,0,0,0,6.366117896661163e-05,7.8329422383734e-05,156,210,92012,0,55,0.0,0.0005977481198104595
0,cross_camera,000237,59,40,0,same_forward_candidate_joint_contribution,original,,,,0,0,0,0,0,,,0,0,0,0,0,,
0,cross_camera,000237,59,40,0,same_forward_candidate_joint_contribution,registered_style,,,,0,0,0,0,0,,,0,0,0,0,0,,
0,cross_camera,000239,60,59,57456,same_forward_candidate_joint_contribution,original,0.5709445105408625,0.5454318839818867,0.025675435708567944,56680,0,0,0,0,6.320409623328808e-05,8.29062603311214e-05,111,141,57280,0,15,0.0,0.00026187150837988826
0,cross_camera,000239,60,59,57456,same_forward_candidate_joint_contribution,registered_style,0.5598795213432507,0.5354164365036276,0.02467597097854832,56430,0,0,0,0,0.0001003965054350675,0.0001321702560524269,170,218,57280,0,50,0.0,0.0008729050279329608
0,cross_camera,000242,61,60,0,same_forward_candidate_joint_contribution,original,,,,0,0,0,0,0,,,0,0,0,0,0,,
0,cross_camera,000242,61,60,0,same_forward_candidate_joint_contribution,registered_style,,,,0,0,0,0,0,,,0,0,0,0,0,,
0,cross_camera,000247,62,40,0,same_forward_candidate_joint_contribution,original,,,,0,0,0,0,0,,,0,0,0,0,0,,
0,cross_camera,000247,62,40,0,same_forward_candidate_joint_contribution,registered_style,,,,0,0,0,0,0,,,0,0,0,0,0,,
0,cross_camera,000250,63,38,63392,same_forward_candidate_joint_contribution,original,0.5942518161422893,0.5672650186077839,0.027065401116316213,62624,0,0,0,0,0.00013540066579519457,0.00013089609526448245,214,217,63057,0,18,0.0,0.0002854560159855369
0,cross_camera,000250,63,38,63392,same_forward_candidate_joint_contribution,registered_style,0.5820126304514485,0.5556433810866425,0.026487137882863672,62341,0,0,0,0,0.00019538662756210285,0.00019304000492390683,332,353,63057,0,38,0.0,0.0006026293670805779
0,cross_camera,000256,64,40,0,same_forward_candidate_joint_contribution,original,,,,0,0,0,0,0,,,0,0,0,0,0,,
0,cross_camera,000256,64,40,0,same_forward_candidate_joint_contribution,registered_style,,,,0,0,0,0,0,,,0,0,0,0,0,,
0,cross_camera,000257,65,58,87808,same_forward_candidate_joint_contribution,original,0.6059221328676029,0.5774842051425025,0.028452364356450106,87547,0,0,0,0,3.081154365959503e-05,3.7441362456599554e-05,87,108,87649,0,14,0.0,0.00015972800602402764
0,cross_camera,000257,65,58,87808,same_forward_candidate_joint_contribution,registered_style,0.5957462876649409,0.5681703172699699,0.027593682117017668,87502,0,0,0,0,5.1609764493595016e-05,6.711343342812262e-05,159,207,87649,0,48,0.0,0.0005476388777966662
0,cross_camera,000259,66,40,0,same_forward_candidate_joint_contribution,original,,,,0,0,0,0,0,,,0,0,0,0,0,,
0,cross_camera,000259,66,40,0,same_forward_candidate_joint_contribution,registered_style,,,,0,0,0,0,0,,,0,0,0,0,0,,
0,cross_camera,000261,67,58,82768,same_forward_candidate_joint_contribution,original,0.6137294529506203,0.5825769967004832,0.031172838196973158,82470,0,0,0,0,7.483625448815207e-05,9.026374578743493e-05,174,194,82532,0,19,0.0,0.00023021373527843745
0,cross_camera,000261,67,58,82768,same_forward_candidate_joint_contribution,registered_style,0.5968532341350303,0.5674470326183785,0.029441332744387542,82378,0,0,0,0,9.161120903609373e-05,0.00011096865754009292,230,269,82532,0,38,0.0,0.0004604274705568749
0,cross_camera,000263,68,40,0,same_forward_candidate_joint_contribution,original,,,,0,0,0,0,0,,,0,0,0,0,0,,
0,cross_camera,000263,68,40,0,same_forward_candidate_joint_contribution,registered_style,,,,0,0,0,0,0,,,0,0,0,0,0,,
0,cross_camera,000264,69,60,0,same_forward_candidate_joint_contribution,original,,,,0,0,0,0,0,,,0,0,0,0,0,,
0,cross_camera,000264,69,60,0,same_forward_candidate_joint_contribution,registered_style,,,,0,0,0,0,0,,,0,0,0,0,0,,
0,cross_camera,000266,70,40,0,same_forward_candidate_joint_contribution,original,,,,0,0,0,0,0,,,0,0,0,0,0,,
0,cross_camera,000266,70,40,0,same_forward_candidate_joint_contribution,registered_style,,,,0,0,0,0,0,,,0,0,0,0,0,,
0,cross_camera,000267,71,60,0,same_forward_candidate_joint_contribution,original,,,,0,0,0,0,0,,,0,0,0,0,0,,
0,cross_camera,000267,71,60,0,same_forward_candidate_joint_contribution,registered_style,,,,0,0,0,0,0,,,0,0,0,0,0,,
0,cross_camera,000281,72,40,0,same_forward_candidate_joint_contribution,original,,,,0,0,0,0,0,,,0,0,0,0,0,,
0,cross_camera,000281,72,40,0,same_forward_candidate_joint_contribution,registered_style,,,,0,0,0,0,0,,,0,0,0,0,0,,
0,cross_camera,000296,73,40,0,same_forward_candidate_joint_contribution,original,,,,0,0,0,0,0,,,0,0,0,0,0,,
0,cross_camera,000296,73,40,0,same_forward_candidate_joint_contribution,registered_style,,,,0,0,0,0,0,,,0,0,0,0,0,,
0,cross_camera,000300,74,40,0,same_forward_candidate_joint_contribution,original,,,,0,0,0,0,0,,,0,0,0,0,0,,
0,cross_camera,000300,74,40,0,same_forward_candidate_joint_contribution,registered_style,,,,0,0,0,0,0,,,0,0,0,0,0,,
0,cross_camera,000301,75,60,0,same_forward_candidate_joint_contribution,original,,,,0,0,0,0,0,,,0,0,0,0,0,,
0,cross_camera,000301,75,60,0,same_forward_candidate_joint_contribution,registered_style,,,,0,0,0,0,0,,,0,0,0,0,0,,
0,cross_camera,000303,76,40,0,same_forward_candidate_joint_contribution,original,,,,0,0,0,0,0,,,0,0,0,0,0,,
0,cross_camera,000303,76,40,0,same_forward_candidate_joint_contribution,registered_style,,,,0,0,0,0,0,,,0,0,0,0,0,,
0,cross_camera,000304,77,40,0,same_forward_candidate_joint_contribution,original,,,,0,0,0,0,0,,,0,0,0,0,0,,
0,cross_camera,000304,77,40,0,same_forward_candidate_joint_contribution,registered_style,,,,0,0,0,0,0,,,0,0,0,0,0,,
0,cross_camera,000306,78,20,0,same_forward_candidate_joint_contribution,original,,,,0,0,0,0,0,,,0,0,0,0,0,,
0,cross_camera,000306,78,20,0,same_forward_candidate_joint_contribution,registered_style,,,,0,0,0,0,0,,,0,0,0,0,0,,
0,cross_camera,000307,79,40,0,same_forward_candidate_joint_contribution,original,,,,0,0,0,0,0,,,0,0,0,0,0,,
0,cross_camera,000307,79,40,0,same_forward_candidate_joint_contribution,registered_style,,,,0,0,0,0,0,,,0,0,0,0,0,,
0,cross_camera,000309,80,40,0,same_forward_candidate_joint_contribution,original,,,,0,0,0,0,0,,,0,0,0,0,0,,
0,cross_camera,000309,80,40,0,same_forward_candidate_joint_contribution,registered_style,,,,0,0,0,0,0,,,0,0,0,0,0,,
0,cross_camera,000310,81,40,0,same_forward_candidate_joint_contribution,original,,,,0,0,0,0,0,,,0,0,0,0,0,,
0,cross_camera,000310,81,40,0,same_forward_candidate_joint_contribution,registered_style,,,,0,0,0,0,0,,,0,0,0,0,0,,
0,cross_camera,000312,82,40,0,same_forward_candidate_joint_contribution,original,,,,0,0,0,0,0,,,0,0,0,0,0,,
0,cross_camera,000312,82,40,0,same_forward_candidate_joint_contribution,registered_style,,,,0,0,0,0,0,,,0,0,0,0,0,,
0,cross_camera,000313,83,40,0,same_forward_candidate_joint_contribution,original,,,,0,0,0,0,0,,,0,0,0,0,0,,
0,cross_camera,000313,83,40,0,same_forward_candidate_joint_contribution,registered_style,,,,0,0,0,0,0,,,0,0,0,0,0,,
0,cross_camera,000315,84,40,0,same_forward_candidate_joint_contribution,original,,,,0,0,0,0,0,,,0,0,0,0,0,,
0,cross_camera,000315,84,40,0,same_forward_candidate_joint_contribution,registered_style,,,,0,0,0,0,0,,,0,0,0,0,0,,
0,cross_camera,000316,85,40,0,same_forward_candidate_joint_contribution,original,,,,0,0,0,0,0,,,0,0,0,0,0,,
0,cross_camera,000316,85,40,0,same_forward_candidate_joint_contribution,registered_style,,,,0,0,0,0,0,,,0,0,0,0,0,,
0,cross_camera,000318,86,60,0,same_forward_candidate_joint_contribution,original,,,,0,0,0,0,0,,,0,0,0,0,0,,
0,cross_camera,000318,86,60,0,same_forward_candidate_joint_contribution,registered_style,,,,0,0,0,0,0,,,0,0,0,0,0,,
0,cross_camera,000319,87,40,0,same_forward_candidate_joint_contribution,original,,,,0,0,0,0,0,,,0,0,0,0,0,,
0,cross_camera,000319,87,40,0,same_forward_candidate_joint_contribution,registered_style,,,,0,0,0,0,0,,,0,0,0,0,0,,
0,cross_camera,000321,88,40,0,same_forward_candidate_joint_contribution,original,,,,0,0,0,0,0,,,0,0,0,0,0,,
0,cross_camera,000321,88,40,0,same_forward_candidate_joint_contribution,registered_style,,,,0,0,0,0,0,,,0,0,0,0,0,,
0,cross_camera,000322,89,20,0,same_forward_candidate_joint_contribution,original,,,,0,0,0,0,0,,,0,0,0,0,0,,
0,cross_camera,000322,89,20,0,same_forward_candidate_joint_contribution,registered_style,,,,0,0,0,0,0,,,0,0,0,0,0,,
0,cross_camera,000324,90,40,0,same_forward_candidate_joint_contribution,original,,,,0,0,0,0,0,,,0,0,0,0,0,,
0,cross_camera,000324,90,40,0,same_forward_candidate_joint_contribution,registered_style,,,,0,0,0,0,0,,,0,0,0,0,0,,
0,cross_camera,000325,91,40,0,same_forward_candidate_joint_contribution,original,,,,0,0,0,0,0,,,0,0,0,0,0,,
0,cross_camera,000325,91,40,0,same_forward_candidate_joint_contribution,registered_style,,,,0,0,0,0,0,,,0,0,0,0,0,,
0,cross_camera,000327,92,40,0,same_forward_candidate_joint_contribution,original,,,,0,0,0,0,0,,,0,0,0,0,0,,
0,cross_camera,000327,92,40,0,same_forward_candidate_joint_contribution,registered_style,,,,0,0,0,0,0,,,0,0,0,0,0,,
0,cross_camera,000328,93,40,0,same_forward_candidate_joint_contribution,original,,,,0,0,0,0,0,,,0,0,0,0,0,,
0,cross_camera,000328,93,40,0,same_forward_candidate_joint_contribution,registered_style,,,,0,0,0,0,0,,,0,0,0,0,0,,
0,identity,000011,0,60,188160,same_forward_candidate_joint_contribution,original,0.656429376116527,0.6324611471930699,0.024329209384536223,183583,0,0,0,0,2.679135382678621e-06,3.0138290133471115e-06,23,26,188123,0,1,0.0,5.315671130058526e-06
0,identity,000011,0,60,188160,same_forward_candidate_joint_contribution,registered_style,0.6442194876563181,0.6212743678083046,0.023341467169492574,182852,0,0,0,0,4.660477855656578e-06,5.530242936986245e-06,37,46,188123,0,10,0.0,5.3156711300585256e-05
0,identity,000013,1,60,188160,same_forward_candidate_joint_contribution,original,0.64839697024311,0.623927020347561,0.024752213501433043,184542,0,0,0,0,4.3280559907426776e-06,5.815026661884907e-06,29,43,188006,0,4,0.0,2.1275916726061936e-05
0,identity,000013,1,60,188160,same_forward_candidate_joint_contribution,registered_style,0.632461870351385,0.6092849739155489,0.02349104884289686,183863,0,0,0,0,3.486914595480176e-05,3.953034587611824e-05,153,182,188006,0,30,0.0,0.00015956937544546452
0,identity,000017,2,40,125440,same_forward_candidate_joint_contribution,original,0.6321620868662389,0.6010061512034002,0.031196469906529606,124605,0,0,0,0,1.2207150699224743e-05,1.5153037776041722e-05,45,56,125324,0,9,0.0,7.181385847882289e-05
0,identity,000017,2,40,125440,same_forward_candidate_joint_contribution,registered_style,0.6173751656331921,0.5878921663898089,0.029577586731924923,124107,0,0,0,0,2.9201867516631973e-05,3.1616387008938104e-05,116,125,125324,0,16,0.0,0.00012766908174012957
0,identity,000018,3,60,188160,same_forward_candidate_joint_contribution,original,0.679818383853888,0.6515966020501981,0.02850534687608977,182377,0,0,0,0,1.1082512723208901e-05,7.894591643452235e-06,55,46,188075,0,2,0.0,1.0634055562940317e-05
0,identity,000018,3,60,188160,same_forward_candidate_joint_contribution,registered_style,0.6708269570424732,0.643427392786702,0.027716042252317025,182144,0,0,0,0,1.4370322942648117e-05,1.172251490466308e-05,85,74,188075,0,8,0.0,4.2536222251761266e-05
0,identity,000020,4,60,188160,same_forward_candidate_joint_contribution,original,0.6791368676302401,0.6517747670300651,0.027533642360657147,184242,0,0,0,0,7.4341305965061896e-06,6.969695899220894e-06,46,48,188105,0,5,0.0,2.658089896600303e-05
0,identity,000020,4,60,188160,same_forward_candidate_joint_contribution,registered_style,0.6669911837765193,0.6404394204340601,0.02672864670317957,184208,0,0,0,0,5.8123276602443506e-06,5.964284512621966e-06,44,45,188105,0,9,0.0,4.7845618138805455e-05
0,identity,000021,5,60,188160,same_forward_candidate_joint_contribution,original,0.609535904286895,0.5981283271244701,0.012638324899894448,165354,0,0,0,0,4.709352773552018e-06,5.735756157442736e-06,41,50,188091,0,8,0.0,4.253260389917646e-05
0,identity,000021,5,60,188160,same_forward_candidate_joint_contribution,registered_style,0.5985026000373875,0.58686268086512,0.012794946819399631,165341,0,0,0,0,6.992141087966688e-06,9.027956737970312e-06,68,86,188091,0,19,0.0,0.0001010149342605441
0,identity,000023,6,60,188160,same_forward_candidate_joint_contribution,original,0.6561039534096683,0.6330612007309355,0.0231645311127049,185238,0,0,0,0,1.8749572839354429e-06,2.389720634470342e-06,21,34,188113,0,13,0.0,6.910739821277637e-05
0,identity,000023,6,60,188160,same_forward_candidate_joint_contribution,registered_style,0.6429761203827746,0.620684697929832,0.022427379726036634,184921,0,0,0,0,4.851222992306702e-06,5.793415452059463e-06,45,65,188113,0,20,0.0,0.0001063190741735021
0,identity,000024,7,60,188160,same_forward_candidate_joint_contribution,original,0.6571829166859278,0.6219541108725609,0.0352622117845543,187346,0,0,0,0,3.845347151780044e-06,5.877070767005934e-06,29,37,188119,0,8,0.0,4.2526273263200424e-05
0,identity,000024,7,60,188160,same_forward_candidate_joint_contribution,registered_style,0.6485235806891329,0.614271532463484,0.034287597232802294,187251,0,0,0,0,3.890334274758641e-06,6.414146742022692e-06,38,53,188119,0,13,0.0,6.910519405270069e-05
0,identity,000026,8,60,188160,same_forward_candidate_joint_contribution,original,0.6426435138165418,0.6163416545987751,0.026410248264749987,185633,0,0,0,0,1.0387262311281454e-06,1.6164293521367974e-06,13,16,188138,0,2,0.0,1.0630494636915455e-05
0,identity,000026,8,60,188160,same_forward_candidate_joint_contribution,registered_style,0.6312490246274614,0.6057595778932713,0.02561586492129518,185349,0,0,0,0,2.6953820965255936e-06,3.566212280772052e-06,22,26,188138,0,4,0.0,2.126098927383091e-05
0,identity,000027,9,60,188160,same_forward_candidate_joint_contribution,original,0.6434892022002411,0.6144629442458397,0.02919200039628339,185307,0,0,0,0,3.1370899899536934e-05,4.202647876191726e-05,158,204,187925,0,31,0.0,0.00016495942530264732
0,identity,000027,9,60,188160,same_forward_candidate_joint_contribution,registered_style,0.6321356265072522,0.6042921856078145,0.028022833356881924,184918,0,0,0,0,4.575116091158514e-05,5.8026228892607386e-05,227,276,187925,0,48,0.0,0.00025542104562990554
0,identity,000029,10,60,188160,same_forward_candidate_joint_contribution,original,0.6376837596388041,0.6139939926325562,0.024053969636501044,183855,0,0,0,0,5.179314664136951e-06,4.449970972284286e-06,28,34,188112,0,7,0.0,3.721187377732415e-05
0,identity,000029,10,60,188160,same_forward_candidate_joint_contribution,registered_style,0.6256898805984834,0.6028274475295607,0.02324246360431773,183606,0,0,0,0,6.7026420175163134e-06,6.555152550161916e-06,44,51,188112,0,12,0.0,6.379178361826996e-05
0,identity,000030,11,60,188160,same_forward_candidate_joint_contribution,original,0.6608155118194797,0.6473582812324388,0.015719355497374167,157615,0,0,0,0,2.6178736602319575e-05,3.154404968857589e-05,101,119,188040,0,19,0.0,0.00010104233141884705
0,identity,000030,11,60,188160,same_forward_candidate_joint_contribution,registered_style,0.6541512838586987,0.6403213183406294,0.015984635302207503,158623,0,0,0,0,2.4918438918648664e-05,2.976723825438994e-05,115,141,188040,0,23,0.0,0.0001223144011912359
0,identity,000032,12,60,188160,same_forward_candidate_joint_contribution,original,0.6993329989289383,0.6626965563299542,0.03664284436850059,187983,0,0,0,0,4.473424912040025e-06,5.947729740558687e-06,31,41,188123,0,10,0.0,5.3156711300585256e-05
0,identity,000032,12,60,188160,same_forward_candidate_joint_contribution,registered_style,0.689871407838031,0.6546108091558316,0.035270470802323046,187899,0,0,0,0,2.498130255869555e-06,3.981370097288699e-06,30,43,188123,0,12,0.0,6.378805356070231e-05
0,identity,000033,13,60,188160,same_forward_candidate_joint_contribution,original,0.6619600761130209,0.6350149183407563,0.02702907211751254,185645,0,0,0,0,2.329112911821472e-06,3.260387355082458e-06,19,26,188136,0,7,0.0,3.720712675936557e-05
0,identity,000033,13,60,188160,same_forward_candidate_joint_contribution,registered_style,0.649293195467908,0.6233611818833878,0.026051750153891478,185109,0,0,0,0,2.198324676406538e-06,3.3913854601063336e-06,24,37,188136,0,13,0.0,6.909894969596462e-05
0,identity,000035,14,60,188160,same_forward_candidate_joint_contribution,original,0.649897324606926,0.6230320134267003,0.026996665258426207,185128,0,0,0,0,1.2760768769507167e-06,2.175624133784419e-06,14,20,188112,0,4,0.0,2.1263927872756656e-05
0,identity,000035,14,60,188160,same_forward_candidate_joint_contribution,registered_style,0.6427578084603218,0.6165283928607507,0.026410732783102304,184388,0,0,0,0,7.616369706376081e-06,1.0686833141765319e-05,48,60,188112,0,12,0.0,6.379178361826996e-05
0,identity,000036,15,60,188160,same_forward_candidate_joint_contribution,original,0.6306131971085311,0.5991010511504057,0.031533625586570184,187598,0,0,0,0,1.7752152022252098e-06,2.3415586466491037e-06,15,19,188136,0,3,0.0,1.594591146829953e-05
0,identity,000036,15,60,188160,same_forward_candidate_joint_contribution,registered_style,0.6200528782682904,0.5898304243038746,0.030257652733974832,187318,0,0,0,0,2.223936599963921e-06,2.6720913346095985e-06,23,25,188136,0,2,0.0,1.0630607645533018e-05
0,identity,000038,16,60,188160,same_forward_candidate_joint_contribution,original,0.661961731512981,0.6383773403209921,0.023980525353543853,181802,0,0,0,0,4.376815830626335e-06,6.453211876753603e-06,31,40,188052,0,8,0.0,4.2541424712313615e-05
0,identity,000038,16,60,188160,same_forward_candidate_joint_contribution,registered_style,0.6510159408906475,0.6278304796674569,0.023594381798263266,181808,0,0,0,0,1.703716890855206e-05,2.0788821273562532e-05,106,131,188052,0,25,0.0,0.00013294195222598006
0,identity,000039,17,60,188160,same_forward_candidate_joint_contribution,original,0.7027896832394097,0.6769752295159611,0.02599974854863322,183704,0,0,0,0,9.674082999140964e-06,1.0234924484384798e-05,53,62,188010,0,5,0.0,2.659433008882506e-05
0,identity,000039,17,60,188160,same_forward_candidate_joint_contribution,registered_style,0.6920259963608086,0.6668732873839212,0.025369891816217977,183246,0,0,0,0,3.060540163910194e-05,3.101555334091028e-05,149,159,188010,0,14,0.0,7.446412424871018e-05
0,identity,000041,18,60,188160,same_forward_candidate_joint_contribution,original,0.6787450591069674,0.6345188319455918,0.044228396555354266,188082,0,0,0,0,3.705307974082122e-05,3.790583049250242e-05,145,161,187990,0,17,0.0,9.043034203947018e-05
0,identity,000041,18,60,188160,same_forward_candidate_joint_contribution,registered_style,0.665621531169953,0.62407239643926,0.041553264149257724,188002,0,0,0,0,3.303536637787074e-05,3.370552537060035e-05,155,175,187990,0,22,0.0,0.00011702750146284377
0,identity,000042,19,60,188160,same_forward_candidate_joint_contribution,original,0.6521054283873777,0.625479104269293,0.02675967245204447,185738,0,0,0,0,1.2018536995632554e-05,1.4651872601423308e-05,85,117,188038,0,28,0.0,0.00014890607217690042
0,identity,000042,19,60,188160,same_forward_candidate_joint_contribution,registered_style,0.644866103651293,0.6190514119140387,0.02596154904770839,185641,0,0,0,0,1.6541466127374224e-05,2.100896806542451e-05,122,163,188038,0,41,0.0,0.00021804103425903274
0,identity,000044,20,60,188160,same_forward_candidate_joint_contribution,original,0.6342629163473334,0.608658455224449,0.025866980557140443,184428,0,0,0,0,1.5153224761561707e-05,1.4351840959149862e-05,71,69,188032,0,6,0.0,3.190946221919673e-05
0,identity,000044,20,60,188160,same_forward_candidate_joint_contribution,registered_style,0.6258846430038656,0.600894229371696,0.02527104889457832,184057,0,0,0,0,2.402939771736565e-05,2.3301905625292988e-05,125,118,188032,0,11,0.0,5.850068073519401e-05
0,identity,000045,21,60,188160,same_forward_candidate_joint_contribution,original,0.6514610092406483,0.626170371182343,0.025441142477853756,185677,0,0,0,0,4.839613616574209e-06,9.903735294784419e-06,35,57,188083,0,12,0.0,6.380161949777492e-05
0,identity,000045,21,60,188160,same_forward_candidate_joint_contribution,registered_style,0.6371346538976511,0.6131236277629882,0.024209352716760044,185075,0,0,0,0,1.1534287845108592e-05,1.9125980265273336e-05,77,109,188083,0,33,0.0,0.00017545445361888103
0,identity,000047,22,60,188160,same_forward_candidate_joint_contribution,original,0.6918456724259332,0.6699444364208711,0.022177448398032488,183673,0,0,0,0,6.4765790364074395e-06,9.218553895526305e-06,36,46,188120,0,9,0.0,4.784180310440145e-05
0,identity,000047,22,60,188160,same_forward_candidate_joint_contribution,registered_style,0.6818592038972946,0.6601698904766076,0.021946310925596967,183616,0,0,0,0,6.059088336209827e-06,9.246347572361716e-06,38,52,188120,0,12,0.0,6.37890708058686e-05
0,identity,000048,23,60,188160,same_forward_candidate_joint_contribution,original,0.6232435912053222,0.5976233128565084,0.025739400614347874,185775,0,0,0,0,1.091953394450754e-05,1.667707081967451e-05,80,118,187991,0,37,0.0,0.00019681793277337745
0,identity,000048,23,60,188160,same_forward_candidate_joint_contribution,registered_style,0.6120021132586685,0.586851540738462,0.025275354374105913,185633,0,0,0,0,2.2142565052652718e-05,3.095460558276098e-05,162,233,187991,0,70,0.0,0.0003723582511928763
0,identity,000050,24,60,188160,same_forward_candidate_joint_contribution,original,0.6974998915730837,0.662695199429124,0.03482696758572299,187571,0,0,0,0,7.207108146420931e-07,7.457848669215228e-07,8,9,188148,0,1,0.0,5.314964814932925e-06
0,identity,000050,24,60,188160,same_forward_candidate_joint_contribution,registered_style,0.6857570652539532,0.6525816092667529,0.03320446677758147,187465,0,0,0,0,3.2815788797015285e-07,3.9267101646668055e-07,6,6,188148,0,1,0.0,5.314964814932925e-06
0,identity,000051,25,60,188160,same_forward_candidate_joint_contribution,original,0.669689069521874,0.6328442939764911,0.03686834100330441,187640,0,0,0,0,3.576481480519484e-05,4.324745605415591e-05,191,227,187925,0,31,0.0,0.00016495942530264732
0,identity,000051,25,60,188160,same_forward_candidate_joint_contribution,registered_style,0.6623650911287682,0.6266493752632609,0.035743973629596006,187529,0,0,0,0,4.933097277470776e-05,5.668641797427747e-05,227,249,187925,0,31,0.0,0.00016495942530264732
0,identity,000098,26,60,188160,same_forward_candidate_joint_contribution,original,0.6572142515382785,0.631834522545935,0.02552412038188824,185038,0,0,0,0,5.467457142337772e-06,9.16049857281946e-06,39,71,188088,0,28,0.0,0.00014886648802688103
0,identity,000098,26,60,188160,same_forward_candidate_joint_contribution,registered_style,0.6440729401804024,0.6197144802254744,0.024527179716742963,184547,0,0,0,0,1.043241926192606e-05,1.5132426159928523e-05,68,109,188088,0,39,0.0,0.00020734975118029858
0,identity,000114,27,60,188160,same_forward_candidate_joint_contribution,original,0.640383797272114,0.6123840139267572,0.02801612705679501,187535,0,0,0,0,5.260760087076734e-06,6.696254906175313e-06,41,52,188115,0,10,0.0,5.315897190548335e-05
0,identity,000114,27,60,188160,same_forward_candidate_joint_contribution,registered_style,0.6301212450984167,0.6031333890407821,0.02701257161015932,187300,0,0,0,0,5.8219968354668515e-06,7.273875801648939e-06,41,59,188115,0,16,0.0,8.505435504877336e-05
0,identity,000128,28,60,188160,same_forward_candidate_joint_contribution,original,0.6482383176318502,0.6144960381723606,0.03376951200994807,187266,0,0,0,0,4.4880432266877365e-06,3.5555869889065088e-06,35,30,188093,0,2,0.0,1.0633037912096676e-05
0,identity,000128,28,60,188160,same_forward_candidate_joint_contribution,registered_style,0.6376192745363196,0.6050414366009612,0.03260856554287951,187196,0,0,0,0,8.048708978864106e-06,8.240225993188577e-06,63,68,188093,0,12,0.0,6.379822747258005e-05
0,identity,000149,29,60,188160,same_forward_candidate_joint_contribution,original,0.7259995308230698,0.6882571319584366,0.03774291226982376,188137,0,0,0,0,0.0,0.0,0,0,188160,0,0,0.0,0.0
0,identity,000149,29,60,188160,same_forward_candidate_joint_contribution,registered_style,0.7177918164379662,0.681027906739536,0.03676656930022323,188073,0,0,0,0,0.0,0.0,0,0,188160,0,0,0.0,0.0
0,identity,000151,30,60,188160,same_forward_candidate_joint_contribution,original,0.6474208571558674,0.6185395817513457,0.02891888749202404,187004,0,0,0,0,2.5434388396115407e-05,3.806582487873597e-05,167,243,187770,0,43,0.0,0.00022900356819513233
0,identity,000151,30,60,188160,same_forward_candidate_joint_contribution,registered_style,0.6392543500949701,0.611217783065202,0.028085874819925773,186708,0,0,0,0,6.867132233944655e-05,8.850327273593673e-05,367,455,187770,0,80,0.0,0.00042605315013047876
0,identity,000152,31,60,188160,same_forward_candidate_joint_contribution,original,0.6307205435394454,0.605707816120821,0.025108942552268282,185859,0,0,0,0,1.432106879741911e-05,2.072849871961834e-05,91,119,188046,0,26,0.0,0.000138264041777012
0,identity,000152,31,60,188160,same_forward_candidate_joint_contribution,registered_style,0.6215357772321329,0.5966546999890733,0.024978836413192675,185863,0,0,0,0,1.6560538011149683e-05,2.4450684818266193e-05,112,151,188046,0,39,0.0,0.000207396062665518
0,identity,000154,32,60,188160,same_forward_candidate_joint_contribution,original,0.6499841456731138,0.6295411614929673,0.020760227948200618,182459,0,0,0,0,1.4285964568985148e-05,2.0870814957292068e-05,92,140,187938,0,19,0.0,0.00010109717034341113
0,identity,000154,32,60,188160,same_forward_candidate_joint_contribution,registered_style,0.6386476214497677,0.618788895352444,0.02017242615315004,182149,0,0,0,0,4.2363428649601824e-05,5.569552882360573e-05,219,274,187938,0,55,0.0,0.0002926497036256638
0,identity,000155,33,60,188160,same_forward_candidate_joint_contribution,original,0.6469749883061879,0.6200187471614765,0.026991622541306527,187031,0,0,0,0,2.7869295716431265e-06,3.6566530240040254e-06,25,31,188066,0,8,0.0,4.2538257845649934e-05
0,identity,000155,33,60,188160,same_forward_candidate_joint_contribution,registered_style,0.6375401860396128,0.6112875195442325,0.026302102322679592,186750,0,0,0,0,1.2657298711960579e-05,1.5910098338557334e-05,93,108,188066,0,21,0.0,0.00011166292684483107
0,identity,000182,34,60,188160,same_forward_candidate_joint_contribution,original,0.6716994704944746,0.6430441085608101,0.028740777858186968,186028,0,0,0,0,2.3533771650380486e-06,3.3529280214373985e-06,25,29,188134,0,6,0.0,3.1892161969659926e-05
0,identity,000182,34,60,188160,same_forward_candidate_joint_contribution,registered_style,0.6617888551533161,0.634286175903187,0.02762327058660472,185394,0,0,0,0,2.2887884182268385e-06,3.38393349394198e-06,25,29,188134,0,6,0.0,3.1892161969659926e-05
0,identity,000183,35,60,188160,same_forward_candidate_joint_contribution,original,0.6718821886922731,0.640879009356944,0.031110010884419483,186293,0,0,0,0,6.776838506366262e-07,7.136207977699558e-07,6,7,188139,0,0,0.0,0.0
0,identity,000183,35,60,188160,same_forward_candidate_joint_contribution,registered_style,0.6647513102120554,0.6343111903904867,0.030556272911864503,186170,0,0,0,0,2.5397928899749783e-06,2.7351308473238123e-06,21,25,188139,0,4,0.0,2.1260876267015345e-05
0,identity,000185,36,40,125440,same_forward_candidate_joint_contribution,original,0.6787267384846928,0.651222459261427,0.02758500016256388,123977,0,0,0,0,2.147256388871018e-06,2.6232094335315652e-06,8,10,125432,0,2,0.0,1.5944894444798777e-05
0,identity,000185,36,40,125440,same_forward_candidate_joint_contribution,registered_style,0.6689974415729272,0.6424123750314785,0.026692886284176057,123802,0,0,0,0,2.147256388871018e-06,2.6232094335315652e-06,8,10,125432,0,2,0.0,1.5944894444798777e-05
0,identity,000186,37,20,62720,same_forward_candidate_joint_contribution,original,0.6562759987340542,0.6268182730481255,0.02949041975588239,62482,0,0,0,0,0.0,0.0,0,0,62720,0,0,0.0,0.0
0,identity,000186,37,20,62720,same_forward_candidate_joint_contribution,registered_style,0.6478501756238983,0.6192681587591193,0.028619486257735027,62436,0,0,0,0,0.0,0.0,0,0,62720,0,0,0.0,0.0
0,identity,000188,38,40,125440,same_forward_candidate_joint_contribution,original,0.6426694244048642,0.6159147867761151,0.026877528157040486,124060,0,0,0,0,1.6257843604375805e-05,1.2803289108979325e-05,74,71,125329,0,6,0.0,4.7873995643466396e-05
0,identity,000188,38,40,125440,same_forward_candidate_joint_contribution,registered_style,0.6315424123067974,0.605486120585374,0.026188598292760525,123950,0,0,0,0,2.4188456862286158e-05,2.107995684843464e-05,107,102,125329,0,15,0.0,0.00011968498910866599
0,identity,000189,39,20,62720,same_forward_candidate_joint_contribution,original,0.6774927600149697,0.6522118690947731,0.025339600351816795,62070,0,0,0,0,0.0,0.0,0,0,62720,0,0,0.0,0.0
0,identity,000189,39,20,62720,same_forward_candidate_joint_contribution,registered_style,0.6719211194576928,0.6470446254298687,0.024949721781962468,62015,0,0,0,0,0.0,0.0,0,0,62720,0,0,0.0,0.0
0,identity,000191,40,35,109760,same_forward_candidate_joint_contribution,original,0.6119524013673963,0.580845082285777,0.031145392372269116,109274,0,0,0,0,1.2451441451849315e-05,1.9714932604161565e-05,66,116,109555,0,46,0.0,0.00041988042535712655
0,identity,000191,40,35,109760,same_forward_candidate_joint_contribution,registered_style,0.6025652835133714,0.572567451644444,0.030045063600801256,109091,0,0,0,0,4.469594382142232e-05,5.59830149211556e-05,197,250,109555,0,65,0.0,0.0005933092967002875
0,identity,000193,41,20,62720,same_forward_candidate_joint_contribution,original,0.6421251562548734,0.6058144522738595,0.03631293043378477,62695,0,0,0,0,0.00011149872325175078,0.00013602043621243823,134,159,62564,0,21,0.0,0.0003356562879611278
0,identity,000193,41,20,62720,same_forward_candidate_joint_contribution,registered_style,0.6334960577876441,0.5982669171780279,0.035231870470748355,62687,0,0,0,0,0.00012942769008728904,0.0001521758068961981,149,179,62564,0,23,0.0,0.0003676235534812352
0,identity,000195,42,55,172480,same_forward_candidate_joint_contribution,original,0.6454928864286487,0.6105542886381033,0.034950095846437906,172197,0,0,0,0,7.031652775817157e-06,1.175290288918496e-05,54,87,172302,0,28,0.0,0.00016250536848092304
0,identity,000195,42,55,172480,same_forward_candidate_joint_contribution,registered_style,0.6329279946726475,0.5995809678313866,0.03336255812213366,172076,0,0,0,0,2.990828865300087e-05,3.775218144053129e-05,175,233,172302,0,61,0.0,0.00035402955276201087
0,identity,000197,43,60,188160,same_forward_candidate_joint_contribution,original,0.6688203268610994,0.6518335791053362,0.01758330360885153,179120,0,0,0,0,5.671992969329663e-06,6.8153308376675625e-06,42,48,188055,0,6,0.0,3.19055595437505e-05
0,identity,000197,43,60,188160,same_forward_candidate_joint_contribution,registered_style,0.6541912476338135,0.6371731102152072,0.017572483048655958,179444,0,0,0,0,1.4240277673823936e-05,1.7864879910543317e-05,100,137,188055,0,36,0.0,0.000191433357262503
0,identity,000200,44,75,235200,same_forward_candidate_joint_contribution,original,0.6395557873524238,0.612769629364484,0.02694638089853779,230619,0,0,0,0,1.173295912239905e-05,1.621572526855093e-05,96,125,235039,0,23,0.0,9.785610047694212e-05
0,identity,000200,44,75,235200,same_forward_candidate_joint_contribution,registered_style,0.6291489227630552,0.6031464131278993,0.0261672967662325,230608,0,0,0,0,2.0525102328931747e-05,2.709999598596438e-05,156,195,235039,0,40,0.0,0.00017018452256859499
0,identity,000201,45,80,250880,same_forward_candidate_joint_contribution,original,0.6488046853397723,0.6170633729648248,0.03176840230651959,249925,0,0,0,0,1.816182576778511e-05,2.2748362419783996e-05,113,133,250664,0,9,0.0,3.590463728337536e-05
0,identity,000201,45,80,250880,same_forward_candidate_joint_contribution,registered_style,0.6394428741767895,0.6087032611958486,0.03077497488059783,249776,0,0,0,0,5.568692699071805e-05,6.11106395122667e-05,208,233,250664,0,28,0.0,0.00011170331599272333
0,identity,000209,46,58,181888,same_forward_candidate_joint_contribution,original,0.6275590393205375,0.5938982497010137,0.033673648579967796,181497,0,0,0,0,4.717401771500915e-05,5.419145069563688e-05,159,208,181658,0,43,0.0,0.00023670854022393728
0,identity,000209,46,58,181888,same_forward_candidate_joint_contribution,registered_style,0.6166965226678486,0.5839219571906931,0.03279816082386038,181301,0,0,0,0,3.335825670166941e-05,4.44772246182005e-05,185,253,181658,0,58,0.0,0.00031928128681368287
0,identity,000212,47,55,172480,same_forward_candidate_joint_contribution,original,0.6732190651598374,0.647518143878762,0.02586999600979406,169510,0,0,0,0,4.93677955199583e-06,7.258091779825882e-06,25,37,172433,0,11,0.0,6.379289347166726e-05
0,identity,000212,47,55,172480,same_forward_candidate_joint_contribution,registered_style,0.6620155754239849,0.6369215872551195,0.02526854437785067,169374,0,0,0,0,8.900170451196134e-06,1.2410381529262363e-05,46,68,172433,0,23,0.0,0.00013338514089530426
0,identity,000215,48,40,125440,same_forward_candidate_joint_contribution,original,0.6938397138577005,0.6608996693064683,0.032946828734414485,125213,0,0,0,0,1.8179697480465768e-05,2.4124440228026286e-05,66,88,125372,0,22,0.0,0.00017547777813227834
0,identity,000215,48,40,125440,same_forward_candidate_joint_contribution,registered_style,0.6864276339428865,0.654286291501957,0.032156665882547605,125066,0,0,0,0,1.8098371048621917e-05,2.3841346157468613e-05,67,89,125372,0,21,0.0,0.00016750151548990206
0,identity,000216,49,40,125440,same_forward_candidate_joint_contribution,original,0.6585793536588815,0.6289088759765052,0.029723299162009546,124684,0,0,0,0,1.1449725936767677e-05,1.705228179288008e-05,54,73,125362,0,16,0.0,0.0001276303824125333
0,identity,000216,49,40,125440,same_forward_candidate_joint_contribution,registered_style,0.6493346478822267,0.620746983832797,0.028639601998660353,124617,0,0,0,0,1.975320077454782e-05,2.6357075135602206e-05,72,92,125362,0,19,0.0,0.0001515610791148833
0,identity,000217,50,39,122304,same_forward_candidate_joint_contribution,original,0.6208284667928894,0.5985316274434078,0.02242875107202316,120549,0,0,0,0,2.7798789676862936e-05,3.373952331750559e-05,94,110,122178,0,14,0.0,0.00011458691417440129
0,identity,000217,50,39,122304,same_forward_candidate_joint_contribution,registered_style,0.6096069387391793,0.5878026567750804,0.021947962688909944,120438,0,0,0,0,2.6034917142237717e-05,3.5419731401455033e-05,106,140,122178,0,32,0.0,0.00026191294668434577
0,identity,000219,51,20,62720,same_forward_candidate_joint_contribution,original,0.6628621807625418,0.6275917839642099,0.03532451348751377,62251,0,0,0,0,1.797545561587125e-07,7.38970610633339e-07,2,5,62718,0,3,0.0,4.783315794508753e-05
0,identity,000219,51,20,62720,same_forward_candidate_joint_contribution,registered_style,0.6489723826667094,0.6155450332296108,0.03348128273651128,62193,0,0,0,0,1.797545561587125e-07,7.38970610633339e-07,2,5,62718,0,3,0.0,4.783315794508753e-05
0,identity,000220,52,54,169344,same_forward_candidate_joint_contribution,original,0.6134767927645636,0.5890830654833947,0.02449168615625775,167090,0,0,0,0,2.209165965834598e-05,2.4743688890763926e-05,104,126,169170,0,19,0.0,0.00011231305787078087
0,identity,000220,52,54,169344,same_forward_candidate_joint_contribution,registered_style,0.6038685820578067,0.5800531103895751,0.02392133914424475,166821,0,0,0,0,3.642552311144899e-05,4.334191256792599e-05,173,215,169170,0,43,0.0,0.00025418218360229357
0,identity,000222,53,40,125440,same_forward_candidate_joint_contribution,original,0.6783623556855933,0.6602916548827092,0.019247584362340937,113742,0,0,0,0,1.0416987539063195e-06,3.1852798520450393e-06,11,24,125426,0,10,0.0,7.972828600130755e-05
0,identity,000222,53,40,125440,same_forward_candidate_joint_contribution,registered_style,0.6691717325770047,0.6505761042149678,0.019682723937402516,114443,0,0,0,0,5.687135199185825e-07,1.7807783097511053e-06,9,17,125426,0,8,0.0,6.378262880104603e-05
0,identity,000224,54,40,125440,same_forward_candidate_joint_contribution,original,0.6837295707787104,0.6441858247880061,0.03954385361263047,125436,0,0,0,0,3.346474092957446e-05,4.0012258047692544e-05,98,114,125291,0,7,0.0,5.5869934791804676e-05
0,identity,000224,54,40,125440,same_forward_candidate_joint_contribution,registered_style,0.6635488473623159,0.6267881852941611,0.03676389121535823,125360,0,0,0,0,4.544430101999402e-05,5.233099388041251e-05,137,157,125291,0,21,0.0,0.00016760980437541403
0,identity,000225,55,20,62720,same_forward_candidate_joint_contribution,original,0.6454963125059814,0.6170625840230579,0.02866082141460668,61699,0,0,0,0,1.7206383838283885e-05,1.5537125234112882e-05,34,35,62679,0,3,0.0,4.786292059541473e-05
0,identity,000225,55,20,62720,same_forward_candidate_joint_contribution,registered_style,0.6340333411008552,0.606644714992191,0.027618546158551832,61654,0,0,0,0,1.1930149009003186e-05,1.1395871940341646e-05,36,36,62679,0,4,0.0,6.381722746055297e-05
0,identity,000230,56,20,62720,same_forward_candidate_joint_contribution,original,0.6798771947543303,0.643380512199896,0.03650334177408398,62663,0,0,0,0,1.2106510277157475e-06,1.527531638687599e-06,4,6,62703,0,0,0.0,0.0
0,identity,000230,56,20,62720,same_forward_candidate_joint_contribution,registered_style,0.6670060039161139,0.6318866355873979,0.03513869547001303,62559,0,0,0,0,5.100862881323043e-06,5.293089074915638e-06,16,17,62703,0,1,0.0,1.5948200245602283e-05
0,identity,000232,57,58,181888,same_forward_candidate_joint_contribution,original,0.6572272731072965,0.6318329480157936,0.025424828664750907,180870,0,0,0,0,1.324454532633863e-05,1.961828808401454e-05,85,110,181782,0,19,0.0,0.00010452079963912818
0,identity,000232,57,58,181888,same_forward_candidate_joint_contribution,registered_style,0.64897382346494,0.6239680227811502,0.025036891010024466,180876,0,0,0,0,1.6915909834677454e-05,2.451846002052163e-05,105,136,181782,0,33,0.0,0.00018153612568901211
0,identity,000233,58,58,181888,same_forward_candidate_joint_contribution,original,0.6438833212042961,0.6184953907015253,0.02548714344509644,179870,0,0,0,0,2.4262199841903607e-05,2.8950557289229174e-05,112,152,181721,0,30,0.0,0.00016508823966410047
0,identity,000233,58,58,181888,same_forward_candidate_joint_contribution,registered_style,0.6350126347554449,0.6103701471147092,0.024751154582867953,179689,0,0,0,0,3.25392500101006e-05,4.0074329414487424e-05,159,215,181721,0,57,0.0,0.0003136676553617909
0,identity,000237,59,40,125440,same_forward_candidate_joint_contribution,original,0.6948306361190459,0.6580596600620539,0.03678238517548806,125281,0,0,0,0,0.0,0.0,0,0,125440,0,0,0.0,0.0
0,identity,000237,59,40,125440,same_forward_candidate_joint_contribution,registered_style,0.6884078977161803,0.6521640341653308,0.0362566877541268,125255,0,0,0,0,0.0,0.0,0,0,125440,0,0,0.0,0.0
0,identity,000239,60,59,185024,same_forward_candidate_joint_contribution,original,0.6566742358917538,0.6279369271730434,0.028805323992550688,183775,0,0,0,0,1.9659551798134914e-05,2.5860489732336162e-05,112,143,184847,0,16,0.0,8.655807235172873e-05
0,identity,000239,60,59,185024,same_forward_candidate_joint_contribution,registered_style,0.6462234616270864,0.6186228834992022,0.027694069008341846,183245,0,0,0,0,3.120901058779161e-05,4.115857072811686e-05,171,220,184847,0,51,0.0,0.00027590385562113533
0,identity,000242,61,60,188160,same_forward_candidate_joint_contribution,original,0.647101261012306,0.6117618265779259,0.03535126834232783,187792,0,0,0,0,1.1832920140279969e-05,1.4202464346366241e-05,62,82,188071,0,20,0.0,0.0001063428173402598
0,identity,000242,61,60,188160,same_forward_candidate_joint_contribution,registered_style,0.6354766210043592,0.6017109047116762,0.03378304969266575,187637,0,0,0,0,1.592702722987503e-05,1.834583309441411e-05,87,110,188071,0,23,0.0,0.00012229423994129877
0,identity,000247,62,40,125440,same_forward_candidate_joint_contribution,original,0.6298875193228014,0.6052268750100341,0.024787876223691847,123584,0,0,0,0,1.4968674528963092e-05,1.6864529452241184e-05,62,70,125361,0,12,0.0,9.572355038648383e-05
0,identity,000247,62,40,125440,same_forward_candidate_joint_contribution,registered_style,0.6193465010770264,0.595355519784055,0.02412745223649446,123469,0,0,0,0,1.7076398099858438e-05,1.9906155164224834e-05,76,89,125361,0,14,0.0,0.0001116774754508978
0,identity,000250,63,38,119168,same_forward_candidate_joint_contribution,original,0.6136864713089859,0.5861370986403653,0.02762244118814366,117868,0,0,0,0,9.082982079072469e-05,8.774323434215648e-05,274,280,118751,0,26,0.0,0.00021894552466926594
0,identity,000250,63,38,119168,same_forward_candidate_joint_contribution,registered_style,0.6012866040418201,0.5744384891505891,0.0269594674837716,117354,0,0,0,0,0.0001271073106132017,0.00012516494696118748,414,438,118751,0,49,0.0,0.0004126281041843858
0,identity,000256,64,40,125440,same_forward_candidate_joint_contribution,original,0.6506731542985238,0.6289029353820329,0.022092815205527753,120432,0,0,0,0,6.465668085048809e-07,7.669512115670177e-07,7,7,125397,0,0,0.0,0.0
0,identity,000256,64,40,125440,same_forward_candidate_joint_contribution,registered_style,0.6381636411997273,0.6170944500595884,0.021442995198819,120061,0,0,0,0,6.706797939852584e-06,6.091430465896877e-06,43,44,125397,0,4,0.0,3.1898689761318055e-05
0,identity,000257,65,58,181888,same_forward_candidate_joint_contribution,original,0.6393091266787281,0.6097081340362371,0.0296110001129135,181503,0,0,0,0,1.5298229198842544e-05,1.8760319971991455e-05,91,115,181721,0,16,0.0,8.804706115418692e-05
0,identity,000257,65,58,181888,same_forward_candidate_joint_contribution,registered_style,0.628776884966374,0.599972629507031,0.028817569608221506,181414,0,0,0,0,2.574397224575286e-05,3.390064118379015e-05,167,220,181721,0,53,0.0,0.00029165589007324415
0,identity,000259,66,40,125440,same_forward_candidate_joint_contribution,original,0.6500157584299034,0.6140910417025582,0.03592934792936691,125327,0,0,0,0,9.99972589255141e-07,2.351282441507618e-06,6,20,125434,0,14,0.0,0.00011161248146435576
0,identity,000259,66,40,125440,same_forward_candidate_joint_contribution,registered_style,0.6405950492848725,0.6058371297585934,0.03476821570794314,125248,0,0,0,0,6.000610294542793e-07,1.4952936861681643e-06,4,12,125434,0,6,0.0,4.783392062758104e-05
0,identity,000261,67,58,181888,same_forward_candidate_joint_contribution,original,0.6588300545188068,0.6262210976985596,0.03262300206371664,181423,0,0,0,0,3.6367478709510243e-05,4.4060913187386604e-05,189,213,181632,0,23,0.0,0.00012662966878083156
0,identity,000261,67,58,181888,same_forward_candidate_joint_contribution,registered_style,0.6420989493173352,0.6111695837788529,0.030955253409682703,181210,0,0,0,0,4.469680388022369e-05,5.443785670829899e-05,249,295,181632,0,45,0.0,0.0002477536997885835
0,identity,000263,68,40,125440,same_forward_candidate_joint_contribution,original,0.6461406633490696,0.6212444866094562,0.025020635219308522,123120,0,0,0,0,2.7483188346582926e-05,3.113230574709455e-05,96,104,125309,0,6,0.0,4.788163659433879e-05
0,identity,000263,68,40,125440,same_forward_candidate_joint_contribution,registered_style,0.6308636187172462,0.6067684633774532,0.024256966025454952,122956,0,0,0,0,4.0617546223988635e-05,4.458175219957853e-05,130,138,125309,0,8,0.0,6.384218212578506e-05
0,identity,000264,69,60,188160,same_forward_candidate_joint_contribution,original,0.6498288357821626,0.6213743421611644,0.028468857184788757,187685,0,0,0,0,1.492352509097977e-05,1.954428492098013e-05,121,144,187998,0,18,0.0,9.574569942233428e-05
0,identity,000264,69,60,188160,same_forward_candidate_joint_contribution,registered_style,0.640885361034972,0.6132050907727349,0.027695111291511865,187624,0,0,0,0,2.126025383837068e-05,2.806779216768276e-05,159,189,187998,0,31,0.0,0.0001648953712273535
0,identity,000266,70,40,125440,same_forward_candidate_joint_contribution,original,0.6522148411317695,0.626659968884035,0.0256414487609488,123846,0,0,0,0,2.841526909946404e-06,4.461654085000068e-06,17,26,125362,0,2,0.0,1.5953797801566663e-05
0,identity,000266,70,40,125440,same_forward_candidate_joint_contribution,registered_style,0.6386558640186975,0.6141912875011778,0.024578588977033643,123480,0,0,0,0,1.921768761947436e-05,2.2879395336794536e-05,76,88,125362,0,13,0.0,0.00010369968571018331
0,identity,000267,71,60,188160,same_forward_candidate_joint_contribution,original,0.6479133637301857,0.6232941337532393,0.024720978424246216,185472,0,0,0,0,1.3306932702410524e-06,2.5684946985758605e-06,20,32,188111,0,6,0.0,3.1896061368022074e-05
0,identity,000267,71,60,188160,same_forward_candidate_joint_contribution,registered_style,0.636583463085394,0.6125599197569056,0.024135286094799525,185263,0,0,0,0,4.0958052423604125e-06,7.68509797131712e-06,49,67,188111,0,19,0.0,0.0001010041943320699
0,identity,000281,72,40,125440,same_forward_candidate_joint_contribution,original,0.6329471709144335,0.604539669918943,0.028521214058733046,123499,0,0,0,0,2.062947366962385e-05,2.628370161406056e-05,54,74,125334,0,9,0.0,7.18081286801666e-05
0,identity,000281,72,40,125440,same_forward_candidate_joint_contribution,registered_style,0.6225514178511471,0.5948666391677502,0.027820940005166245,123346,0,0,0,0,3.580098633983017e-05,4.4539128976011066e-05,104,132,125334,0,27,0.0,0.00021542438604049978
0,identity,000296,73,40,125440,same_forward_candidate_joint_contribution,original,0.6599942898565911,0.630110594410993,0.02989306106251554,125138,0,0,0,0,1.3652652059115152e-05,1.8315199679750314e-05,57,80,125361,0,18,0.0,0.00014358532557972575
0,identity,000296,73,40,125440,same_forward_candidate_joint_contribution,registered_style,0.649050690122801,0.6202808353033317,0.028792642845556722,124876,0,0,0,0,1.9724085730123788e-05,2.5294369220018205e-05,71,98,125361,0,26,0.0,0.00020740102583738165
0,identity,000300,74,40,125440,same_forward_candidate_joint_contribution,original,0.6531912234451738,0.6229303236183893,0.030261524246021992,125406,0,0,0,0,1.356227304815226e-06,2.6228083200379354e-06,14,19,125386,0,5,0.0,3.987686025553092e-05
0,identity,000300,74,40,125440,same_forward_candidate_joint_contribution,registered_style,0.640503860914032,0.6114223170511455,0.02908452170267157,125343,0,0,0,0,9.195467928312984e-06,1.3194771607402014e-05,54,68,125386,0,15,0.0,0.00011963058076659277
0,identity,000301,75,60,188160,same_forward_candidate_joint_contribution,original,0.694423229440387,0.6532389240071812,0.04118515185099766,188122,0,0,0,0,6.255325881426043e-07,7.26073433185662e-07,4,7,188154,0,2,0.0,1.0629590654463896e-05
0,identity,000301,75,60,188160,same_forward_candidate_joint_contribution,registered_style,0.6887613124991601,0.6484623787163248,0.04030031855924394,188104,0,0,0,0,8.037395924299813e-07,9.976336139642374e-07,6,8,188154,0,2,0.0,1.0629590654463896e-05
0,identity,000303,76,40,125440,same_forward_candidate_joint_contribution,original,0.6801044041997687,0.6472721069122794,0.03283832435958713,125293,0,0,0,0,0.0,0.0,0,0,125440,0,0,0.0,0.0
0,identity,000303,76,40,125440,same_forward_candidate_joint_contribution,registered_style,0.6719223378078563,0.6400381080100292,0.0318955677217014,125191,0,0,0,0,0.0,0.0,0,0,125440,0,0,0.0,0.0
0,identity,000304,77,40,125440,same_forward_candidate_joint_contribution,original,0.6792182965564799,0.645832131553714,0.03341126703351536,124915,0,0,0,0,4.056185344068772e-08,0.0,1,0,125435,0,0,0.0,0.0
0,identity,000304,77,40,125440,same_forward_candidate_joint_contribution,registered_style,0.6663210270430552,0.6344733048071346,0.031914298012214445,124469,0,0,0,0,6.641864411089985e-07,8.000493806850126e-07,5,6,125435,0,2,0.0,1.594451309443138e-05
0,identity,000306,78,20,62720,same_forward_candidate_joint_contribution,original,0.6390982450289552,0.60940472889877,0.029707537077031387,62570,0,0,0,0,5.2530039445735585e-05,6.231193862234073e-05,85,102,62596,0,18,0.0,0.0002875583104351716
0,identity,000306,78,20,62720,same_forward_candidate_joint_contribution,registered_style,0.6223573496845867,0.5945836106678793,0.027803197861983937,62405,0,0,0,0,6.279907856399828e-05,7.155832751408231e-05,120,129,62596,0,21,0.0,0.0003354846955077002
0,identity,000307,79,40,125440,same_forward_candidate_joint_contribution,original,0.7160737612434397,0.6833652758387481,0.03270921127738746,125399,0,0,0,0,0.0,0.0,0,0,125426,0,0,0.0,0.0
0,identity,000307,79,40,125440,same_forward_candidate_joint_contribution,registered_style,0.7016529881785183,0.6701331117853345,0.03152098247713286,125381,0,0,0,0,1.5464432883971134e-06,3.4831111158149384e-06,14,23,125426,0,9,0.0,7.17554574011768e-05
0,identity,000309,80,40,125440,same_forward_candidate_joint_contribution,original,0.672386681608519,0.6465618681098282,0.025881420018133063,124463,0,0,0,0,2.722377151257146e-06,5.476250681439785e-06,17,29,125413,0,6,0.0,4.7841930262412984e-05
0,identity,000309,80,40,125440,same_forward_candidate_joint_contribution,registered_style,0.6625371991343855,0.6375913611839873,0.02502663518194284,124230,0,0,0,0,3.4686486694668464e-06,5.969345670715163e-06,23,32,125413,0,6,0.0,4.7841930262412984e-05
0,identity,000310,81,40,125440,same_forward_candidate_joint_contribution,original,0.6369332870809428,0.6147300564693848,0.02256801383357052,122170,0,0,0,0,5.5829273218350264e-05,7.294968034954268e-05,154,196,125218,0,29,0.0,0.0002315960964078647
0,identity,000310,81,40,125440,same_forward_candidate_joint_contribution,registered_style,0.6272747278188555,0.6056532371873183,0.022014293066924012,121927,0,0,0,0,0.00010013192653602627,0.00012213860729202267,219,268,125218,0,47,0.0,0.0003753453976265393
0,identity,000312,82,40,125440,same_forward_candidate_joint_contribution,original,0.6661399506606228,0.6323810314193387,0.033768788648239005,125281,0,0,0,0,0.0,0.0,0,0,125438,0,0,0.0,0.0
0,identity,000312,82,40,125440,same_forward_candidate_joint_contribution,registered_style,0.6504965014135191,0.6186623923515981,0.03184884455080724,125133,0,0,0,0,1.450167575875928e-07,2.1148284194671686e-07,2,2,125438,0,0,0.0,0.0
0,identity,000313,83,40,125440,same_forward_candidate_joint_contribution,original,0.6564232980726437,0.6212174839202687,0.03523843232785427,124867,0,0,0,0,6.1152749934718346e-06,7.893711467456669e-06,20,24,125389,0,2,0.0,1.5950362471987177e-05
0,identity,000313,83,40,125440,same_forward_candidate_joint_contribution,registered_style,0.6469950280102369,0.6132601461916108,0.03378183138806611,124679,0,0,0,0,1.742461314160761e-05,2.1097380248113786e-05,51,65,125389,0,14,0.0,0.00011165253730391023
0,identity,000315,84,40,125440,same_forward_candidate_joint_contribution,original,0.6382034706608725,0.6110280190108175,0.027185389114713743,125139,0,0,0,0,2.923707145482361e-06,5.1609534605779665e-06,22,36,125328,0,7,0.0,5.585344057193923e-05
0,identity,000315,84,40,125440,same_forward_candidate_joint_contribution,registered_style,0.6264431671624022,0.6000906891966095,0.026377726544281044,124999,0,0,0,0,1.8025380721426175e-05,2.795142891350326e-05,110,164,125328,0,52,0.0,0.00041491127282012
0,identity,000316,85,40,125440,same_forward_candidate_joint_contribution,original,0.6484620114665761,0.6211871269149501,0.027433492032882523,123598,0,0,0,0,1.56305336091471e-05,1.750581326224332e-05,76,75,125306,0,8,0.0,6.384371059645987e-05
0,identity,000316,85,40,125440,same_forward_candidate_joint_contribution,registered_style,0.6363268316546704,0.6097196092111257,0.0267622445657197,123534,0,0,0,0,3.2563274667514623e-05,3.704973638841733e-05,128,137,125306,0,20,0.0,0.00015960927649114967
0,identity,000318,86,60,188160,same_forward_candidate_joint_contribution,original,0.673206506343004,0.650149702127406,0.023219858650653045,184043,0,0,0,0,9.519991679294413e-07,1.0855728316009238e-06,11,12,188134,0,2,0.0,1.0630720656553307e-05
0,identity,000318,86,60,188160,same_forward_candidate_joint_contribution,registered_style,0.6609478646928134,0.638528008018063,0.022594855871709122,183798,0,0,0,0,2.4949984102752995e-06,3.614095995265951e-06,25,34,188134,0,10,0.0,5.315360328276654e-05
0,identity,000319,87,40,125440,same_forward_candidate_joint_contribution,original,0.6781908641434191,0.6478858801101653,0.030403086402046548,124142,0,0,0,0,2.670750617361598e-05,3.038641151479357e-05,73,83,125346,0,8,0.0,6.38233370031752e-05
0,identity,000319,87,40,125440,same_forward_candidate_joint_contribution,registered_style,0.6639342021421596,0.6352744970729484,0.028752791995749268,124143,0,0,0,0,3.3687453596201206e-05,3.780150463667609e-05,94,102,125346,0,10,0.0,7.977917125396901e-05
0,identity,000321,88,40,125440,same_forward_candidate_joint_contribution,original,0.7066553618490746,0.6668991073830934,0.039756481169852774,125435,0,0,0,0,2.6612268050859634e-06,4.044796693875974e-06,15,20,125406,0,3,0.0,2.3922300368403424e-05
0,identity,000321,88,40,125440,same_forward_candidate_joint_contribution,registered_style,0.6919702433746092,0.6545223521193488,0.03744846751845365,125427,0,0,0,0,8.153146917070174e-06,1.0298863531732535e-05,29,37,125406,0,5,0.0,3.987050061400571e-05
0,identity,000322,89,20,62720,same_forward_candidate_joint_contribution,original,0.6528418685877113,0.6251803087993526,0.027669996956021757,62597,0,0,0,0,5.032398615921326e-06,5.8298634170722e-06,11,13,62692,0,0,0.0,0.0
0,identity,000322,89,20,62720,same_forward_candidate_joint_contribution,registered_style,0.6371457713080287,0.6110208580428337,0.026136761507274172,62561,0,0,0,0,1.0781367989430425e-05,1.516578420059969e-05,26,32,62692,0,7,0.0,0.00011165698972755694
0,identity,000324,90,40,125440,same_forward_candidate_joint_contribution,original,0.6437336568344367,0.6096995551096375,0.03404128586766868,125268,0,0,0,0,3.2443830868446446e-05,4.260783265618423e-05,136,171,125238,0,32,0.0,0.00025551350229163674
0,identity,000324,90,40,125440,same_forward_candidate_joint_contribution,registered_style,0.6337213394003421,0.6011414126373081,0.03259854422761988,125132,0,0,0,0,4.5067200858046816e-05,5.8773629012537824e-05,195,255,125238,0,59,0.0,0.0004711030198502052
0,identity,000325,91,40,125440,same_forward_candidate_joint_contribution,original,0.6470105882253847,0.6216221053200213,0.02545825149901684,124357,0,0,0,0,1.4248840770710153e-05,3.574069489133354e-05,78,172,125257,0,77,0.0,0.0006147361025731097
0,identity,000325,91,40,125440,same_forward_candidate_joint_contribution,registered_style,0.6341845656896892,0.6090698685397131,0.025176413864709483,124324,0,0,0,0,4.631460349963266e-05,7.143680503294116e-05,167,275,125257,0,95,0.0,0.0007584406460317587
0,identity,000327,92,40,125440,same_forward_candidate_joint_contribution,original,0.6355779330364645,0.6053649782723012,0.030253351589010668,124685,0,0,0,0,1.0176291400996827e-05,1.9705408866265692e-05,64,102,125362,0,36,0.0,0.00028716836042819995
0,identity,000327,92,40,125440,same_forward_candidate_joint_contribution,registered_style,0.6265069224653417,0.5976166514592267,0.02894245691802112,124450,0,0,0,0,1.2148010040308758e-05,2.284832103883551e-05,77,120,125362,0,42,0.0,0.00033502975383289995
0,identity,000328,93,40,125440,same_forward_candidate_joint_contribution,original,0.6682296546706181,0.6376613029545881,0.030578373104137836,125230,0,0,0,0,7.887532546976231e-06,1.43062777703454e-05,29,52,125396,0,13,0.0,0.0001036715684710836
0,identity,000328,93,40,125440,same_forward_candidate_joint_contribution,registered_style,0.6597133463841082,0.6298195013996064,0.029905173887138925,125182,0,0,0,0,1.1008681552884571e-05,1.8033287384410504e-05,44,71,125396,0,27,0.0,0.0002153178729784044
1,cross_camera,000009,0,60,0,same_forward_candidate_joint_contribution,original,,,,0,0,0,0,0,,,0,0,0,0,0,,
1,cross_camera,000009,0,60,0,same_forward_candidate_joint_contribution,registered_style,,,,0,0,0,0,0,,,0,0,0,0,0,,
1,cross_camera,000013,1,60,0,same_forward_candidate_joint_contribution,original,,,,0,0,0,0,0,,,0,0,0,0,0,,
1,cross_camera,000013,1,60,0,same_forward_candidate_joint_contribution,registered_style,,,,0,0,0,0,0,,,0,0,0,0,0,,
1,cross_camera,000015,2,20,0,same_forward_candidate_joint_contribution,original,,,,0,0,0,0,0,,,0,0,0,0,0,,
1,cross_camera,000015,2,20,0,same_forward_candidate_joint_contribution,registered_style,,,,0,0,0,0,0,,,0,0,0,0,0,,
1,cross_camera,000018,3,60,0,same_forward_candidate_joint_contribution,original,,,,0,0,0,0,0,,,0,0,0,0,0,,
1,cross_camera,000018,3,60,0,same_forward_candidate_joint_contribution,registered_style,,,,0,0,0,0,0,,,0,0,0,0,0,,
1,cross_camera,000019,4,60,0,same_forward_candidate_joint_contribution,original,,,,0,0,0,0,0,,,0,0,0,0,0,,
1,cross_camera,000019,4,60,0,same_forward_candidate_joint_contribution,registered_style,,,,0,0,0,0,0,,,0,0,0,0,0,,
1,cross_camera,000021,5,60,0,same_forward_candidate_joint_contribution,original,,,,0,0,0,0,0,,,0,0,0,0,0,,
1,cross_camera,000021,5,60,0,same_forward_candidate_joint_contribution,registered_style,,,,0,0,0,0,0,,,0,0,0,0,0,,
1,cross_camera,000022,6,60,0,same_forward_candidate_joint_contribution,original,,,,0,0,0,0,0,,,0,0,0,0,0,,
1,cross_camera,000022,6,60,0,same_forward_candidate_joint_contribution,registered_style,,,,0,0,0,0,0,,,0,0,0,0,0,,
1,cross_camera,000024,7,60,0,same_forward_candidate_joint_contribution,original,,,,0,0,0,0,0,,,0,0,0,0,0,,
1,cross_camera,000024,7,60,0,same_forward_candidate_joint_contribution,registered_style,,,,0,0,0,0,0,,,0,0,0,0,0,,
1,cross_camera,000025,8,60,0,same_forward_candidate_joint_contribution,original,,,,0,0,0,0,0,,,0,0,0,0,0,,
1,cross_camera,000025,8,60,0,same_forward_candidate_joint_contribution,registered_style,,,,0,0,0,0,0,,,0,0,0,0,0,,
1,cross_camera,000027,9,60,0,same_forward_candidate_joint_contribution,original,,,,0,0,0,0,0,,,0,0,0,0,0,,
1,cross_camera,000027,9,60,0,same_forward_candidate_joint_contribution,registered_style,,,,0,0,0,0,0,,,0,0,0,0,0,,
1,cross_camera,000028,10,60,0,same_forward_candidate_joint_contribution,original,,,,0,0,0,0,0,,,0,0,0,0,0,,
1,cross_camera,000028,10,60,0,same_forward_candidate_joint_contribution,registered_style,,,,0,0,0,0,0,,,0,0,0,0,0,,
1,cross_camera,000030,11,60,0,same_forward_candidate_joint_contribution,original,,,,0,0,0,0,0,,,0,0,0,0,0,,
1,cross_camera,000030,11,60,0,same_forward_candidate_joint_contribution,registered_style,,,,0,0,0,0,0,,,0,0,0,0,0,,
1,cross_camera,000031,12,60,0,same_forward_candidate_joint_contribution,original,,,,0,0,0,0,0,,,0,0,0,0,0,,
1,cross_camera,000031,12,60,0,same_forward_candidate_joint_contribution,registered_style,,,,0,0,0,0,0,,,0,0,0,0,0,,
1,cross_camera,000033,13,60,0,same_forward_candidate_joint_contribution,original,,,,0,0,0,0,0,,,0,0,0,0,0,,
1,cross_camera,000033,13,60,0,same_forward_candidate_joint_contribution,registered_style,,,,0,0,0,0,0,,,0,0,0,0,0,,
1,cross_camera,000034,14,60,0,same_forward_candidate_joint_contribution,original,,,,0,0,0,0,0,,,0,0,0,0,0,,
1,cross_camera,000034,14,60,0,same_forward_candidate_joint_contribution,registered_style,,,,0,0,0,0,0,,,0,0,0,0,0,,
1,cross_camera,000036,15,60,0,same_forward_candidate_joint_contribution,original,,,,0,0,0,0,0,,,0,0,0,0,0,,
1,cross_camera,000036,15,60,0,same_forward_candidate_joint_contribution,registered_style,,,,0,0,0,0,0,,,0,0,0,0,0,,
1,cross_camera,000037,16,60,0,same_forward_candidate_joint_contribution,original,,,,0,0,0,0,0,,,0,0,0,0,0,,
1,cross_camera,000037,16,60,0,same_forward_candidate_joint_contribution,registered_style,,,,0,0,0,0,0,,,0,0,0,0,0,,
1,cross_camera,000039,17,60,0,same_forward_candidate_joint_contribution,original,,,,0,0,0,0,0,,,0,0,0,0,0,,
1,cross_camera,000039,17,60,0,same_forward_candidate_joint_contribution,registered_style,,,,0,0,0,0,0,,,0,0,0,0,0,,
1,cross_camera,000040,18,60,0,same_forward_candidate_joint_contribution,original,,,,0,0,0,0,0,,,0,0,0,0,0,,
1,cross_camera,000040,18,60,0,same_forward_candidate_joint_contribution,registered_style,,,,0,0,0,0,0,,,0,0,0,0,0,,
1,cross_camera,000042,19,60,0,same_forward_candidate_joint_contribution,original,,,,0,0,0,0,0,,,0,0,0,0,0,,
1,cross_camera,000042,19,60,0,same_forward_candidate_joint_contribution,registered_style,,,,0,0,0,0,0,,,0,0,0,0,0,,
1,cross_camera,000043,20,60,0,same_forward_candidate_joint_contribution,original,,,,0,0,0,0,0,,,0,0,0,0,0,,
1,cross_camera,000043,20,60,0,same_forward_candidate_joint_contribution,registered_style,,,,0,0,0,0,0,,,0,0,0,0,0,,
1,cross_camera,000045,21,60,0,same_forward_candidate_joint_contribution,original,,,,0,0,0,0,0,,,0,0,0,0,0,,
1,cross_camera,000045,21,60,0,same_forward_candidate_joint_contribution,registered_style,,,,0,0,0,0,0,,,0,0,0,0,0,,
1,cross_camera,000046,22,60,0,same_forward_candidate_joint_contribution,original,,,,0,0,0,0,0,,,0,0,0,0,0,,
1,cross_camera,000046,22,60,0,same_forward_candidate_joint_contribution,registered_style,,,,0,0,0,0,0,,,0,0,0,0,0,,
1,cross_camera,000048,23,60,0,same_forward_candidate_joint_contribution,original,,,,0,0,0,0,0,,,0,0,0,0,0,,
1,cross_camera,000048,23,60,0,same_forward_candidate_joint_contribution,registered_style,,,,0,0,0,0,0,,,0,0,0,0,0,,
1,cross_camera,000049,24,60,0,same_forward_candidate_joint_contribution,original,,,,0,0,0,0,0,,,0,0,0,0,0,,
1,cross_camera,000049,24,60,0,same_forward_candidate_joint_contribution,registered_style,,,,0,0,0,0,0,,,0,0,0,0,0,,
1,cross_camera,000051,25,60,0,same_forward_candidate_joint_contribution,original,,,,0,0,0,0,0,,,0,0,0,0,0,,
1,cross_camera,000051,25,60,0,same_forward_candidate_joint_contribution,registered_style,,,,0,0,0,0,0,,,0,0,0,0,0,,
1,cross_camera,000058,26,20,0,same_forward_candidate_joint_contribution,original,,,,0,0,0,0,0,,,0,0,0,0,0,,
1,cross_camera,000058,26,20,0,same_forward_candidate_joint_contribution,registered_style,,,,0,0,0,0,0,,,0,0,0,0,0,,
1,cross_camera,000114,27,60,0,same_forward_candidate_joint_contribution,original,,,,0,0,0,0,0,,,0,0,0,0,0,,
1,cross_camera,000114,27,60,0,same_forward_candidate_joint_contribution,registered_style,,,,0,0,0,0,0,,,0,0,0,0,0,,
1,cross_camera,000127,28,60,0,same_forward_candidate_joint_contribution,original,,,,0,0,0,0,0,,,0,0,0,0,0,,
1,cross_camera,000127,28,60,0,same_forward_candidate_joint_contribution,registered_style,,,,0,0,0,0,0,,,0,0,0,0,0,,
1,cross_camera,000149,29,60,0,same_forward_candidate_joint_contribution,original,,,,0,0,0,0,0,,,0,0,0,0,0,,
1,cross_camera,000149,29,60,0,same_forward_candidate_joint_contribution,registered_style,,,,0,0,0,0,0,,,0,0,0,0,0,,
1,cross_camera,000150,30,60,0,same_forward_candidate_joint_contribution,original,,,,0,0,0,0,0,,,0,0,0,0,0,,
1,cross_camera,000150,30,60,0,same_forward_candidate_joint_contribution,registered_style,,,,0,0,0,0,0,,,0,0,0,0,0,,
1,cross_camera,000152,31,60,0,same_forward_candidate_joint_contribution,original,,,,0,0,0,0,0,,,0,0,0,0,0,,
1,cross_camera,000152,31,60,0,same_forward_candidate_joint_contribution,registered_style,,,,0,0,0,0,0,,,0,0,0,0,0,,
1,cross_camera,000153,32,60,0,same_forward_candidate_joint_contribution,original,,,,0,0,0,0,0,,,0,0,0,0,0,,
1,cross_camera,000153,32,60,0,same_forward_candidate_joint_contribution,registered_style,,,,0,0,0,0,0,,,0,0,0,0,0,,
1,cross_camera,000155,33,60,0,same_forward_candidate_joint_contribution,original,,,,0,0,0,0,0,,,0,0,0,0,0,,
1,cross_camera,000155,33,60,0,same_forward_candidate_joint_contribution,registered_style,,,,0,0,0,0,0,,,0,0,0,0,0,,
1,cross_camera,000159,34,52,83440,same_forward_candidate_joint_contribution,original,0.655877727982414,0.6126018163840671,0.0432868593100341,83325,0,0,0,0,4.569969661626761e-06,5.6802100265502555e-06,19,26,83390,0,8,0.0,9.593476436023504e-05
1,cross_camera,000159,34,52,83440,same_forward_candidate_joint_contribution,registered_style,0.6424041953653968,0.6008404302063768,0.04157903090362461,83321,0,0,0,0,1.8702055055883783e-05,1.696968722458487e-05,49,53,83390,0,8,0.0,9.593476436023504e-05
1,cross_camera,000181,35,60,0,same_forward_candidate_joint_contribution,original,,,,0,0,0,0,0,,,0,0,0,0,0,,
1,cross_camera,000181,35,60,0,same_forward_candidate_joint_contribution,registered_style,,,,0,0,0,0,0,,,0,0,0,0,0,,
1,cross_camera,000183,36,60,0,same_forward_candidate_joint_contribution,original,,,,0,0,0,0,0,,,0,0,0,0,0,,
1,cross_camera,000183,36,60,0,same_forward_candidate_joint_contribution,registered_style,,,,0,0,0,0,0,,,0,0,0,0,0,,
1,cross_camera,000184,37,60,0,same_forward_candidate_joint_contribution,original,,,,0,0,0,0,0,,,0,0,0,0,0,,
1,cross_camera,000184,37,60,0,same_forward_candidate_joint_contribution,registered_style,,,,0,0,0,0,0,,,0,0,0,0,0,,
1,cross_camera,000186,38,20,0,same_forward_candidate_joint_contribution,original,,,,0,0,0,0,0,,,0,0,0,0,0,,
1,cross_camera,000186,38,20,0,same_forward_candidate_joint_contribution,registered_style,,,,0,0,0,0,0,,,0,0,0,0,0,,
1,cross_camera,000187,39,20,0,same_forward_candidate_joint_contribution,original,,,,0,0,0,0,0,,,0,0,0,0,0,,
1,cross_camera,000187,39,20,0,same_forward_candidate_joint_contribution,registered_style,,,,0,0,0,0,0,,,0,0,0,0,0,,
1,cross_camera,000189,40,20,0,same_forward_candidate_joint_contribution,original,,,,0,0,0,0,0,,,0,0,0,0,0,,
1,cross_camera,000189,40,20,0,same_forward_candidate_joint_contribution,registered_style,,,,0,0,0,0,0,,,0,0,0,0,0,,
1,cross_camera,000190,41,20,0,same_forward_candidate_joint_contribution,original,,,,0,0,0,0,0,,,0,0,0,0,0,,
1,cross_camera,000190,41,20,0,same_forward_candidate_joint_contribution,registered_style,,,,0,0,0,0,0,,,0,0,0,0,0,,
1,cross_camera,000195,42,57,92512,same_forward_candidate_joint_contribution,original,0.6190342725311092,0.5864862949932219,0.032548242805681186,92502,0,0,0,0,9.192501953776511e-05,0.00010243405972327415,157,188,92288,0,20,0.0,0.00021671289875173372
1,cross_camera,000195,42,57,92512,same_forward_candidate_joint_contribution,registered_style,0.6119576575844313,0.5800212492114445,0.03193696331544356,92489,0,0,0,0,0.00010924627550990572,0.00012269317958526268,215,248,92288,0,31,0.0,0.00033590499306518725
1,cross_camera,000197,43,60,0,same_forward_candidate_joint_contribution,original,,,,0,0,0,0,0,,,0,0,0,0,0,,
1,cross_camera,000197,43,60,0,same_forward_candidate_joint_contribution,registered_style,,,,0,0,0,0,0,,,0,0,0,0,0,,
1,cross_camera,000198,44,54,88704,same_forward_candidate_joint_contribution,original,0.6284796481809366,0.5856448726114057,0.04283477556953081,88704,0,0,0,0,2.689944788976139e-05,3.5480207043613366e-05,58,89,88595,0,20,0.0,0.00022574637394886846
1,cross_camera,000198,44,54,88704,same_forward_candidate_joint_contribution,registered_style,0.614142906402532,0.5737282655777411,0.040414648545495334,88703,0,0,0,0,4.224950601104223e-05,5.5576050173496574e-05,109,143,88595,0,35,0.0,0.00039505615441051976
1,cross_camera,000201,45,79,124992,same_forward_candidate_joint_contribution,original,0.6166625830235295,0.5879975245855149,0.028666712135484156,124910,0,0,0,0,1.0827647843181746e-05,1.5883028361009074e-05,70,86,124858,0,11,0.0,8.810008169280302e-05
1,cross_camera,000201,45,79,124992,same_forward_candidate_joint_contribution,registered_style,0.6060219883090622,0.5781010525126357,0.027923830683537793,124862,0,0,0,0,1.7171482586844376e-05,2.9323185210855208e-05,123,177,124858,0,46,0.0,0.00036841852344263084
1,cross_camera,000204,46,58,76832,same_forward_candidate_joint_contribution,original,0.5971471317755276,0.5686263062952537,0.02852869972032453,76657,0,0,0,0,1.7685524178010236e-05,2.4758352995324708e-05,52,68,76730,0,9,0.0,0.00011729440896650593
1,cross_camera,000204,46,58,76832,same_forward_candidate_joint_contribution,registered_style,0.5877794305583414,0.5595717882090475,0.028215681824432827,76661,0,0,0,0,3.1274843220289334e-05,4.491998170685462e-05,91,132,76730,0,36,0.0,0.0004691776358660237
1,cross_camera,000212,47,55,88592,same_forward_candidate_joint_contribution,original,0.6428477913392289,0.6098995962387959,0.032948278553461906,88587,0,0,0,0,2.929326093285626e-06,3.381081146277037e-06,13,14,88541,0,1,0.0,1.12942026857614e-05
1,cross_camera,000212,47,55,88592,same_forward_candidate_joint_contribution,registered_style,0.6328984446881122,0.6007500681944544,0.03214856780315892,88582,0,0,0,0,1.803420887376015e-05,2.0781220971262253e-05,51,61,88541,0,10,0.0,0.00011294202685761398
1,cross_camera,000213,48,36,56784,same_forward_candidate_joint_contribution,original,0.5653956947553243,0.5276531709826894,0.03774252377263485,56784,0,0,0,0,2.232635724399152e-06,6.452237385614622e-06,10,19,56657,0,2,0.0,3.530013943555077e-05
1,cross_camera,000213,48,36,56784,same_forward_candidate_joint_contribution,registered_style,0.546294566173034,0.5111919781131715,0.03510259568311436,56783,0,0,0,0,7.655134449976882e-05,0.000100009460627741,127,171,56657,0,46,0.0,0.0008119032070176678
1,cross_camera,000214,49,20,0,same_forward_candidate_joint_contribution,original,,,,0,0,0,0,0,,,0,0,0,0,0,,
1,cross_camera,000214,49,20,0,same_forward_candidate_joint_contribution,registered_style,,,,0,0,0,0,0,,,0,0,0,0,0,,
1,cross_camera,000216,50,40,0,same_forward_candidate_joint_contribution,original,,,,0,0,0,0,0,,,0,0,0,0,0,,
1,cross_camera,000216,50,40,0,same_forward_candidate_joint_contribution,registered_style,,,,0,0,0,0,0,,,0,0,0,0,0,,
1,cross_camera,000218,51,20,0,same_forward_candidate_joint_contribution,original,,,,0,0,0,0,0,,,0,0,0,0,0,,
1,cross_camera,000218,51,20,0,same_forward_candidate_joint_contribution,registered_style,,,,0,0,0,0,0,,,0,0,0,0,0,,
1,cross_camera,000220,52,56,89712,same_forward_candidate_joint_contribution,original,0.5769726379818279,0.5532532709152074,0.023738206654115978,89341,0,0,0,0,0.00013442369387205936,0.00015666157720845052,200,255,89464,0,54,0.0,0.0006035947420191362
1,cross_camera,000220,52,56,89712,same_forward_candidate_joint_contribution,registered_style,0.5652098524313525,0.5420965680753796,0.023134750286749,89247,0,0,0,0,0.00014326256030388137,0.00016924027572009256,234,309,89464,0,67,0.0,0.0007489045873200394
1,cross_camera,000222,53,40,0,same_forward_candidate_joint_contribution,original,,,,0,0,0,0,0,,,0,0,0,0,0,,
1,cross_camera,000222,53,40,0,same_forward_candidate_joint_contribution,registered_style,,,,0,0,0,0,0,,,0,0,0,0,0,,
1,cross_camera,000223,54,40,0,same_forward_candidate_joint_contribution,original,,,,0,0,0,0,0,,,0,0,0,0,0,,
1,cross_camera,000223,54,40,0,same_forward_candidate_joint_contribution,registered_style,,,,0,0,0,0,0,,,0,0,0,0,0,,
1,cross_camera,000225,55,20,0,same_forward_candidate_joint_contribution,original,,,,0,0,0,0,0,,,0,0,0,0,0,,
1,cross_camera,000225,55,20,0,same_forward_candidate_joint_contribution,registered_style,,,,0,0,0,0,0,,,0,0,0,0,0,,
1,cross_camera,000228,56,51,79520,same_forward_candidate_joint_contribution,original,0.5883948124795721,0.5514770236884298,0.036920602927902633,79460,0,0,0,0,2.1647560512934723e-05,2.1650948427902547e-05,63,71,79428,0,8,0.0,0.00010072014906582061
1,cross_camera,000228,56,51,79520,same_forward_candidate_joint_contribution,registered_style,0.5791473504865141,0.5435598527561963,0.035590344663124746,79458,0,0,0,0,3.1106297612231656e-05,3.501606426602834e-05,91,118,79428,0,28,0.0,0.00035252052173037217
1,cross_camera,000229,57,20,0,same_forward_candidate_joint_contribution,original,,,,0,0,0,0,0,,,0,0,0,0,0,,
1,cross_camera,000229,57,20,0,same_forward_candidate_joint_contribution,registered_style,,,,0,0,0,0,0,,,0,0,0,0,0,,
1,cross_camera,000233,58,53,86128,same_forward_candidate_joint_contribution,original,0.6263350677042757,0.587773138089255,0.03856194770167527,86127,0,0,0,0,9.766888293436016e-07,2.425675309587988e-06,6,14,86109,0,7,0.0,8.12923155535426e-05
1,cross_camera,000233,58,53,86128,same_forward_candidate_joint_contribution,registered_style,0.61997955353969,0.582190625280564,0.03778905393905731,86124,0,0,0,0,3.1044411917685192e-06,5.739814556958553e-06,19,27,86109,0,8,0.0,9.290550348976298e-05
1,cross_camera,000235,59,59,99344,same_forward_candidate_joint_contribution,original,0.6107557872064663,0.5786896041703996,0.03207005316390004,99309,0,0,0,0,1.2967425019971769e-05,1.771230099302161e-05,53,71,99261,0,14,0.0,0.0001410423026163347
1,cross_camera,000235,59,59,99344,same_forward_candidate_joint_contribution,registered_style,0.5995275356061261,0.5685058598870556,0.031028717094617703,99227,0,0,0,0,1.9878205276480362e-05,2.4468034757446816e-05,76,100,99261,0,22,0.0,0.00022163790411138312
1,cross_camera,000237,60,40,0,same_forward_candidate_joint_contribution,original,,,,0,0,0,0,0,,,0,0,0,0,0,,
1,cross_camera,000237,60,40,0,same_forward_candidate_joint_contribution,registered_style,,,,0,0,0,0,0,,,0,0,0,0,0,,
1,cross_camera,000238,61,40,0,same_forward_candidate_joint_contribution,original,,,,0,0,0,0,0,,,0,0,0,0,0,,
1,cross_camera,000238,61,40,0,same_forward_candidate_joint_contribution,registered_style,,,,0,0,0,0,0,,,0,0,0,0,0,,
1,cross_camera,000247,62,40,0,same_forward_candidate_joint_contribution,original,,,,0,0,0,0,0,,,0,0,0,0,0,,
1,cross_camera,000247,62,40,0,same_forward_candidate_joint_contribution,registered_style,,,,0,0,0,0,0,,,0,0,0,0,0,,
1,cross_camera,000248,63,40,0,same_forward_candidate_joint_contribution,original,,,,0,0,0,0,0,,,0,0,0,0,0,,
1,cross_camera,000248,63,40,0,same_forward_candidate_joint_contribution,registered_style,,,,0,0,0,0,0,,,0,0,0,0,0,,
1,cross_camera,000250,64,37,58800,same_forward_candidate_joint_contribution,original,0.5663807381464637,0.5350344545350447,0.03134639608274811,58796,0,0,0,0,3.2768871147159735e-05,4.294340477237227e-05,57,80,58669,0,19,0.0,0.0003238507559358435
1,cross_camera,000250,64,37,58800,same_forward_candidate_joint_contribution,registered_style,0.5542966991917667,0.5239744318643946,0.030323864341076767,58780,0,0,0,0,6.027340776807823e-05,8.340077447687272e-05,125,174,58669,0,47,0.0,0.0008011045015255075
1,cross_camera,000251,65,57,93744,same_forward_candidate_joint_contribution,original,0.5941449505022489,0.5587648294424108,0.03538100856717471,93722,0,0,0,0,4.024954621264237e-05,5.1278332214268505e-05,98,131,93598,0,21,0.0,0.00022436376845659094
1,cross_camera,000251,65,57,93744,same_forward_candidate_joint_contribution,registered_style,0.5811904486527301,0.547349463687152,0.03384422310852125,93683,0,0,0,0,5.2566655010594454e-05,6.73424317631703e-05,145,175,93598,0,31,0.0,0.0003312036581978247
1,cross_camera,000259,66,40,0,same_forward_candidate_joint_contribution,original,,,,0,0,0,0,0,,,0,0,0,0,0,,
1,cross_camera,000259,66,40,0,same_forward_candidate_joint_contribution,registered_style,,,,0,0,0,0,0,,,0,0,0,0,0,,
1,cross_camera,000261,67,56,79632,same_forward_candidate_joint_contribution,original,0.5907727729842858,0.5620673018490739,0.028715869285702224,79468,0,0,0,0,5.984724541878526e-06,8.944295690017264e-06,23,35,79563,0,10,0.0,0.00012568656284956574
1,cross_camera,000261,67,56,79632,same_forward_candidate_joint_contribution,registered_style,0.5833110820166808,0.5551572693009135,0.028168370436557857,79412,0,0,0,0,1.7425878350619468e-05,2.7316285550361647e-05,68,107,79563,0,40,0.0,0.000502746251398263
1,cross_camera,000262,68,40,0,same_forward_candidate_joint_contribution,original,,,,0,0,0,0,0,,,0,0,0,0,0,,
1,cross_camera,000262,68,40,0,same_forward_candidate_joint_contribution,registered_style,,,,0,0,0,0,0,,,0,0,0,0,0,,
1,cross_camera,000264,69,60,0,same_forward_candidate_joint_contribution,original,,,,0,0,0,0,0,,,0,0,0,0,0,,
1,cross_camera,000264,69,60,0,same_forward_candidate_joint_contribution,registered_style,,,,0,0,0,0,0,,,0,0,0,0,0,,
1,cross_camera,000265,70,20,0,same_forward_candidate_joint_contribution,original,,,,0,0,0,0,0,,,0,0,0,0,0,,
1,cross_camera,000265,70,20,0,same_forward_candidate_joint_contribution,registered_style,,,,0,0,0,0,0,,,0,0,0,0,0,,
1,cross_camera,000267,71,60,0,same_forward_candidate_joint_contribution,original,,,,0,0,0,0,0,,,0,0,0,0,0,,
1,cross_camera,000267,71,60,0,same_forward_candidate_joint_contribution,registered_style,,,,0,0,0,0,0,,,0,0,0,0,0,,
1,cross_camera,000268,72,20,0,same_forward_candidate_joint_contribution,original,,,,0,0,0,0,0,,,0,0,0,0,0,,
1,cross_camera,000268,72,20,0,same_forward_candidate_joint_contribution,registered_style,,,,0,0,0,0,0,,,0,0,0,0,0,,
1,cross_camera,000296,73,40,0,same_forward_candidate_joint_contribution,original,,,,0,0,0,0,0,,,0,0,0,0,0,,
1,cross_camera,000296,73,40,0,same_forward_candidate_joint_contribution,registered_style,,,,0,0,0,0,0,,,0,0,0,0,0,,
1,cross_camera,000297,74,40,0,same_forward_candidate_joint_contribution,original,,,,0,0,0,0,0,,,0,0,0,0,0,,
1,cross_camera,000297,74,40,0,same_forward_candidate_joint_contribution,registered_style,,,,0,0,0,0,0,,,0,0,0,0,0,,
1,cross_camera,000301,75,60,0,same_forward_candidate_joint_contribution,original,,,,0,0,0,0,0,,,0,0,0,0,0,,
1,cross_camera,000301,75,60,0,same_forward_candidate_joint_contribution,registered_style,,,,0,0,0,0,0,,,0,0,0,0,0,,
1,cross_camera,000302,76,40,0,same_forward_candidate_joint_contribution,original,,,,0,0,0,0,0,,,0,0,0,0,0,,
1,cross_camera,000302,76,40,0,same_forward_candidate_joint_contribution,registered_style,,,,0,0,0,0,0,,,0,0,0,0,0,,
1,cross_camera,000304,77,40,0,same_forward_candidate_joint_contribution,original,,,,0,0,0,0,0,,,0,0,0,0,0,,
1,cross_camera,000304,77,40,0,same_forward_candidate_joint_contribution,registered_style,,,,0,0,0,0,0,,,0,0,0,0,0,,
1,cross_camera,000305,78,40,0,same_forward_candidate_joint_contribution,original,,,,0,0,0,0,0,,,0,0,0,0,0,,
1,cross_camera,000305,78,40,0,same_forward_candidate_joint_contribution,registered_style,,,,0,0,0,0,0,,,0,0,0,0,0,,
1,cross_camera,000307,79,40,0,same_forward_candidate_joint_contribution,original,,,,0,0,0,0,0,,,0,0,0,0,0,,
1,cross_camera,000307,79,40,0,same_forward_candidate_joint_contribution,registered_style,,,,0,0,0,0,0,,,0,0,0,0,0,,
1,cross_camera,000308,80,40,0,same_forward_candidate_joint_contribution,original,,,,0,0,0,0,0,,,0,0,0,0,0,,
1,cross_camera,000308,80,40,0,same_forward_candidate_joint_contribution,registered_style,,,,0,0,0,0,0,,,0,0,0,0,0,,
1,cross_camera,000310,81,40,0,same_forward_candidate_joint_contribution,original,,,,0,0,0,0,0,,,0,0,0,0,0,,
1,cross_camera,000310,81,40,0,same_forward_candidate_joint_contribution,registered_style,,,,0,0,0,0,0,,,0,0,0,0,0,,
1,cross_camera,000311,82,40,0,same_forward_candidate_joint_contribution,original,,,,0,0,0,0,0,,,0,0,0,0,0,,
1,cross_camera,000311,82,40,0,same_forward_candidate_joint_contribution,registered_style,,,,0,0,0,0,0,,,0,0,0,0,0,,
1,cross_camera,000313,83,40,0,same_forward_candidate_joint_contribution,original,,,,0,0,0,0,0,,,0,0,0,0,0,,
1,cross_camera,000313,83,40,0,same_forward_candidate_joint_contribution,registered_style,,,,0,0,0,0,0,,,0,0,0,0,0,,
1,cross_camera,000314,84,60,0,same_forward_candidate_joint_contribution,original,,,,0,0,0,0,0,,,0,0,0,0,0,,
1,cross_camera,000314,84,60,0,same_forward_candidate_joint_contribution,registered_style,,,,0,0,0,0,0,,,0,0,0,0,0,,
1,cross_camera,000316,85,40,0,same_forward_candidate_joint_contribution,original,,,,0,0,0,0,0,,,0,0,0,0,0,,
1,cross_camera,000316,85,40,0,same_forward_candidate_joint_contribution,registered_style,,,,0,0,0,0,0,,,0,0,0,0,0,,
1,cross_camera,000317,86,40,0,same_forward_candidate_joint_contribution,original,,,,0,0,0,0,0,,,0,0,0,0,0,,
1,cross_camera,000317,86,40,0,same_forward_candidate_joint_contribution,registered_style,,,,0,0,0,0,0,,,0,0,0,0,0,,
1,cross_camera,000319,87,40,0,same_forward_candidate_joint_contribution,original,,,,0,0,0,0,0,,,0,0,0,0,0,,
1,cross_camera,000319,87,40,0,same_forward_candidate_joint_contribution,registered_style,,,,0,0,0,0,0,,,0,0,0,0,0,,
1,cross_camera,000320,88,40,0,same_forward_candidate_joint_contribution,original,,,,0,0,0,0,0,,,0,0,0,0,0,,
1,cross_camera,000320,88,40,0,same_forward_candidate_joint_contribution,registered_style,,,,0,0,0,0,0,,,0,0,0,0,0,,
1,cross_camera,000322,89,20,0,same_forward_candidate_joint_contribution,original,,,,0,0,0,0,0,,,0,0,0,0,0,,
1,cross_camera,000322,89,20,0,same_forward_candidate_joint_contribution,registered_style,,,,0,0,0,0,0,,,0,0,0,0,0,,
1,cross_camera,000323,90,20,0,same_forward_candidate_joint_contribution,original,,,,0,0,0,0,0,,,0,0,0,0,0,,
1,cross_camera,000323,90,20,0,same_forward_candidate_joint_contribution,registered_style,,,,0,0,0,0,0,,,0,0,0,0,0,,
1,cross_camera,000325,91,40,0,same_forward_candidate_joint_contribution,original,,,,0,0,0,0,0,,,0,0,0,0,0,,
1,cross_camera,000325,91,40,0,same_forward_candidate_joint_contribution,registered_style,,,,0,0,0,0,0,,,0,0,0,0,0,,
1,cross_camera,000326,92,40,0,same_forward_candidate_joint_contribution,original,,,,0,0,0,0,0,,,0,0,0,0,0,,
1,cross_camera,000326,92,40,0,same_forward_candidate_joint_contribution,registered_style,,,,0,0,0,0,0,,,0,0,0,0,0,,
1,cross_camera,000328,93,40,0,same_forward_candidate_joint_contribution,original,,,,0,0,0,0,0,,,0,0,0,0,0,,
1,cross_camera,000328,93,40,0,same_forward_candidate_joint_contribution,registered_style,,,,0,0,0,0,0,,,0,0,0,0,0,,
1,identity,000009,0,60,188160,same_forward_candidate_joint_contribution,original,0.6520492827357625,0.6166254640445654,0.03542479071589436,188110,0,0,0,0,2.1086510789276867e-07,7.464370606704859e-07,3,13,188123,0,9,0.0,4.784104017052673e-05
1,identity,000009,0,60,188160,same_forward_candidate_joint_contribution,registered_style,0.6359816589965097,0.6015921317158375,0.03439127986614262,188074,0,0,0,0,4.40795030810502e-06,6.530263811278183e-06,37,59,188123,0,22,0.0,0.00011694476486128756
1,identity,000013,1,60,188160,same_forward_candidate_joint_contribution,original,0.6494738245808376,0.6205348407165621,0.02894954400708941,187733,0,0,0,0,2.025502712128117e-05,2.372879739744227e-05,69,82,188082,0,11,0.0,5.8485128826788314e-05
1,identity,000013,1,60,188160,same_forward_candidate_joint_contribution,registered_style,0.6403901768508755,0.6119159029171853,0.02848316000524893,187784,0,0,0,0,2.06737503154163e-05,2.484246281772509e-05,76,90,188082,0,14,0.0,7.44356185068215e-05
1,identity,000015,2,20,62720,same_forward_candidate_joint_contribution,original,0.6824154444055499,0.6493967094410826,0.033019530663667106,62695,0,0,0,0,0.0,0.0,0,0,62720,0,0,0.0,0.0
1,identity,000015,2,20,62720,same_forward_candidate_joint_contribution,registered_style,0.6717939082849106,0.6394344238570608,0.03236389341107831,62647,0,0,0,0,0.0,0.0,0,0,62720,0,0,0.0,0.0
1,identity,000018,3,60,188160,same_forward_candidate_joint_contribution,original,0.6465762203196175,0.6254317303089638,0.021298241948436204,183848,0,0,0,0,1.317387247898698e-05,1.4823560217185845e-05,62,75,188077,0,13,0.0,6.912062612653329e-05
1,identity,000018,3,60,188160,same_forward_candidate_joint_contribution,registered_style,0.6370642830513784,0.6158446501064104,0.021371166353448063,183941,0,0,0,0,1.3176214170810866e-05,1.5941180050846833e-05,75,83,188077,0,15,0.0,7.97545686075384e-05
1,identity,000019,4,60,188160,same_forward_candidate_joint_contribution,original,0.6487745686443911,0.6247782543567653,0.02404360897812756,186415,0,0,0,0,9.672574778950733e-06,1.0602329931189641e-05,53,61,188094,0,7,0.0,3.7215434835773605e-05
1,identity,000019,4,60,188160,same_forward_candidate_joint_contribution,registered_style,0.6399588084815713,0.6159370141092149,0.02406935217265193,186479,0,0,0,0,1.0825168474316204e-05,1.2678561264443482e-05,65,83,188094,0,17,0.0,9.03803417440216e-05
1,identity,000021,5,60,188160,same_forward_candidate_joint_contribution,original,0.6089481145473352,0.5853744295845553,0.02367545395861153,185597,0,0,0,0,6.2505047099239916e-06,9.4640732177502e-06,55,73,188071,0,18,0.0,9.570853560623382e-05
1,identity,000021,5,60,188160,same_forward_candidate_joint_contribution,registered_style,0.6015210379875497,0.5780777669422259,0.023536138866253095,185604,0,0,0,0,1.018796701628279e-05,1.383267465037806e-05,79,114,188071,0,29,0.0,0.0001541970851433767
1,identity,000022,6,60,188160,same_forward_candidate_joint_contribution,original,0.6380853618452204,0.6061636587010244,0.031925092185705654,188052,0,0,0,0,1.4970157325064284e-05,1.591227906423319e-05,57,74,188018,0,18,0.0,9.573551468476423e-05
1,identity,000022,6,60,188160,same_forward_candidate_joint_contribution,registered_style,0.6296850410040601,0.5983061137774712,0.031386149955475035,187985,0,0,0,0,3.452950084542433e-05,3.530975220453495e-05,133,162,188018,0,30,0.0,0.00015955919114127372
1,identity,000024,7,60,188160,same_forward_candidate_joint_contribution,original,0.6502584879840946,0.6195947633298081,0.03066613541619072,188071,0,0,0,0,2.6739885862497676e-06,4.37487271240877e-06,21,33,188123,0,11,0.0,5.847238243064378e-05
1,identity,000024,7,60,188160,same_forward_candidate_joint_contribution,registered_style,0.6428281764824143,0.612497395390957,0.03033481497105597,187996,0,0,0,0,6.422695900921928e-06,8.101866025250506e-06,37,52,188123,0,15,0.0,7.973506695087789e-05
1,identity,000025,8,60,188160,same_forward_candidate_joint_contribution,original,0.7050126354826802,0.6647515903985853,0.04026402745900922,188063,0,0,0,0,0.0,5.520630995945009e-08,0,3,188146,0,2,0.0,1.0630042626470933e-05
1,identity,000025,8,60,188160,same_forward_candidate_joint_contribution,registered_style,0.6942532534042368,0.655258772582948,0.038996863607086554,188070,0,0,0,0,1.718170014956205e-06,1.7525700314471707e-06,14,19,188146,0,5,0.0,2.657510656617733e-05
1,identity,000027,9,60,188160,same_forward_candidate_joint_contribution,original,0.645714728640416,0.6164915185017359,0.029225194977944353,188021,0,0,0,0,7.041248984159744e-06,9.405858966992085e-06,64,84,188009,0,12,0.0,6.382673169901442e-05
1,identity,000027,9,60,188160,same_forward_candidate_joint_contribution,registered_style,0.6355817089569991,0.6068387525258481,0.028748737453289094,187895,0,0,0,0,2.2651501402507923e-05,2.6744749215167394e-05,149,179,188009,0,32,0.0,0.00017020461786403841
1,identity,000028,10,60,188160,same_forward_candidate_joint_contribution,original,0.6495590656405381,0.622863261295355,0.026711483680398433,187613,0,0,0,0,8.561418472058758e-06,1.1265551475007625e-05,72,84,188015,0,8,0.0,4.25497965587852e-05
1,identity,000028,10,60,188160,same_forward_candidate_joint_contribution,registered_style,0.6417068698498908,0.6149209422475083,0.026801672698791686,187631,0,0,0,0,2.3019400283568113e-05,2.8827784471567983e-05,142,174,188015,0,31,0.0,0.00016488046166529267
1,identity,000030,11,60,188160,same_forward_candidate_joint_contribution,original,0.6455364072253966,0.6182202961992299,0.027322806439854682,187769,0,0,0,0,9.924196368252029e-06,1.2683186237312053e-05,85,101,188058,0,16,0.0,8.508013485201374e-05
1,identity,000030,11,60,188160,same_forward_candidate_joint_contribution,registered_style,0.6362483395920467,0.6095032214589082,0.02675447012768148,187618,0,0,0,0,1.1956180574681635e-05,1.5789290832664125e-05,98,133,188058,0,36,0.0,0.00019143030341703092
1,identity,000031,12,60,188160,same_forward_candidate_joint_contribution,original,0.633958878687034,0.5959997414020498,0.03796051274341561,188102,0,0,0,0,1.0609072710887547e-05,1.2720406749255906e-05,56,71,188094,0,10,0.0,5.3164906908248004e-05
1,identity,000031,12,60,188160,same_forward_candidate_joint_contribution,registered_style,0.6245677888548623,0.587751052738765,0.03681800015215695,188095,0,0,0,0,1.189142834216096e-05,1.411489923790199e-05,61,74,188094,0,12,0.0,6.379788828989761e-05
1,identity,000033,13,60,188160,same_forward_candidate_joint_contribution,original,0.6445372955865293,0.6109036922915299,0.033633622252323934,188156,0,0,0,0,1.0550219541003381e-06,2.134423563422342e-06,10,22,188134,0,12,0.0,6.378432393931985e-05
1,identity,000033,13,60,188160,same_forward_candidate_joint_contribution,registered_style,0.632569577761959,0.5997807013336179,0.032789020189384434,188146,0,0,0,0,2.532633053101832e-06,4.580980071330357e-06,24,50,188134,0,26,0.0,0.00013819936853519301
1,identity,000034,14,60,188160,same_forward_candidate_joint_contribution,original,0.6417106118054584,0.6083885241347833,0.033323364236903956,188094,0,0,0,0,1.504076405121531e-05,1.9238141220038065e-05,92,120,187972,0,22,0.0,0.00011703870789266487
1,identity,000034,14,60,188160,same_forward_candidate_joint_contribution,registered_style,0.6331213441598396,0.6004813000625225,0.03264108998809033,188101,0,0,0,0,2.8816818883643308e-05,3.564744435867023e-05,181,230,187972,0,47,0.0,0.00025003723958887494
1,identity,000036,15,60,188160,same_forward_candidate_joint_contribution,original,0.6166719512156089,0.591225919819607,0.025458383352923525,187572,0,0,0,0,2.21682717225237e-06,3.923043597242614e-06,17,23,188123,0,1,0.0,5.315671130058526e-06
1,identity,000036,15,60,188160,same_forward_candidate_joint_contribution,registered_style,0.6059757807362725,0.580709129202452,0.025284391169424495,187391,0,0,0,0,6.986017688181777e-06,1.142444721088665e-05,37,62,188123,0,25,0.0,0.00013289177825146314
1,identity,000037,16,60,188160,same_forward_candidate_joint_contribution,original,0.6608379597031412,0.6300009195808299,0.030895003138247296,186659,0,0,0,0,6.015142363565138e-06,8.000351154244317e-06,37,55,188031,0,15,0.0,7.977407980598944e-05
1,identity,000037,16,60,188160,same_forward_candidate_joint_contribution,registered_style,0.6465280457819712,0.6166320820618716,0.029963637888041766,186429,0,0,0,0,1.986773968584413e-05,2.7200850601666153e-05,128,165,188031,0,41,0.0,0.00021804915146970445
1,identity,000039,17,60,188160,same_forward_candidate_joint_contribution,original,0.6611589329232672,0.6298294808452868,0.031332198929651764,188017,0,0,0,0,4.048105255420582e-06,5.41742986088291e-06,41,52,188089,0,11,0.0,5.8482952219428036e-05
1,identity,000039,17,60,188160,same_forward_candidate_joint_contribution,registered_style,0.6505225367956362,0.619955037475934,0.030573303186406983,187886,0,0,0,0,7.465738133452026e-06,1.0013381741092395e-05,70,92,188089,0,22,0.0,0.00011696590443885607
1,identity,000040,18,60,188160,same_forward_candidate_joint_contribution,original,0.6854563029395649,0.6438734293324971,0.041583032386479535,188151,0,0,0,0,8.688296403268151e-07,1.2770284303365535e-06,11,14,188147,0,4,0.0,2.1259972255736208e-05
1,identity,000040,18,60,188160,same_forward_candidate_joint_contribution,registered_style,0.6780397758760955,0.6372668371618039,0.04077312735035299,188143,0,0,0,0,1.0246184269194441e-06,1.4366877967731015e-06,13,18,188147,0,6,0.0,3.188995838360431e-05
1,identity,000042,19,60,188160,same_forward_candidate_joint_contribution,original,0.6407269856293819,0.6145489262179082,0.02619221749636084,187377,0,0,0,0,5.143045558885743e-05,6.268886104802279e-05,242,311,187834,0,58,0.0,0.00030878328737076355
1,identity,000042,19,60,188160,same_forward_candidate_joint_contribution,registered_style,0.632354979081096,0.6063396778415652,0.0260337338245085,187184,0,0,0,0,6.326233305543714e-05,7.902842097229385e-05,311,409,187834,0,93,0.0,0.0004951180297496726
1,identity,000043,20,60,188160,same_forward_candidate_joint_contribution,original,0.6275139783596387,0.5995697561855953,0.02794734299987844,187971,0,0,0,0,5.394142306167964e-05,6.164364408613293e-05,216,271,187880,0,41,0.0,0.0002182243985522674
1,identity,000043,20,60,188160,same_forward_candidate_joint_contribution,registered_style,0.6192654352775814,0.5917049428488813,0.027566163919146323,187865,0,0,0,0,5.976895914211661e-05,7.089087292241983e-05,256,321,187880,0,62,0.0,0.00032999787098147754
1,identity,000045,21,60,188160,same_forward_candidate_joint_contribution,original,0.6444647698686735,0.61521876409342,0.029248862365233944,188024,0,0,0,0,5.609118808439294e-06,7.813032814204932e-06,41,58,188071,0,9,0.0,4.785426780311691e-05
1,identity,000045,21,60,188160,same_forward_candidate_joint_contribution,registered_style,0.634379639510215,0.6055510580611944,0.028832212917122704,187999,0,0,0,0,1.4981044114423687e-05,1.841838876525929e-05,87,114,188071,0,27,0.0,0.00014356280340935073
1,identity,000046,22,60,188160,same_forward_candidate_joint_contribution,original,0.6525830208110468,0.6167863777736253,0.03579709254026208,188131,0,0,0,0,8.724676002889743e-07,9.324771784925357e-07,7,7,188152,0,1,0.0,5.3148518219312045e-06
1,identity,000046,22,60,188160,same_forward_candidate_joint_contribution,registered_style,0.6444630501326174,0.6094159318073155,0.03504759455868426,188129,0,0,0,0,1.8427648045866666e-06,2.030991425184381e-06,8,9,188152,0,1,0.0,5.3148518219312045e-06
1,identity,000048,23,60,188160,same_forward_candidate_joint_contribution,original,0.6799397768535225,0.6453107527556626,0.03463307025666153,188050,0,0,0,0,9.912440581652975e-07,1.7216282607578944e-06,11,16,188141,0,3,0.0,1.594548769274108e-05
1,identity,000048,23,60,188160,same_forward_candidate_joint_contribution,registered_style,0.668846266707849,0.6350107412101861,0.033840815938190515,188013,0,0,0,0,2.5492198620282176e-06,3.62058156992827e-06,19,27,188141,0,8,0.0,4.252130051397622e-05
1,identity,000049,24,60,188160,same_forward_candidate_joint_contribution,original,0.6707816679338325,0.6318821529499528,0.038899514983879835,188160,0,0,0,0,9.207681640525302e-08,3.3950958995226355e-07,3,7,188140,0,2,0.0,1.0630381630700542e-05
1,identity,000049,24,60,188160,same_forward_candidate_joint_contribution,registered_style,0.6588923771589873,0.6211719655954745,0.03772122948251704,188126,0,0,0,0,4.494977179835741e-06,5.394711533939571e-06,20,23,188140,0,3,0.0,1.5945572446050815e-05
1,identity,000051,25,60,188160,same_forward_candidate_joint_contribution,original,0.6863570551185625,0.6491693185709458,0.037187736547616625,188160,0,0,0,0,1.8493058774497704e-05,2.498756547336351e-05,117,153,188008,0,28,0.0,0.0001489298327730735
1,identity,000051,25,60,188160,same_forward_candidate_joint_contribution,registered_style,0.6789278696636237,0.6424486333346132,0.03647923663881779,188159,0,0,0,0,2.3720914030210704e-05,3.100680396529174e-05,152,186,188008,0,35,0.0,0.00018616229096634187
1,identity,000058,26,20,62720,same_forward_candidate_joint_contribution,original,0.6004491593006865,0.5743368957557322,0.026139258388313318,62385,0,0,0,0,5.980172567528838e-05,8.582507649954033e-05,104,144,62549,0,27,0.0,0.00043166157732337846
1,identity,000058,26,20,62720,same_forward_candidate_joint_contribution,registered_style,0.5923283170850482,0.5660675425726107,0.02628483717077443,62411,0,0,0,0,7.970754295354532e-05,0.00011439385305468809,160,205,62549,0,39,0.0,0.00062351116724488
1,identity,000114,27,60,188160,same_forward_candidate_joint_contribution,original,0.6379231178329238,0.5988416166647204,0.03908166585169347,188153,0,0,0,0,6.673585896827339e-06,8.028419285196025e-06,29,38,188130,0,9,0.0,4.783926008611067e-05
1,identity,000114,27,60,188160,same_forward_candidate_joint_contribution,registered_style,0.625562932155472,0.5883952295650531,0.03716896582558869,188106,0,0,0,0,6.713508937955953e-06,8.034687182109535e-06,30,39,188130,0,9,0.0,4.783926008611067e-05
1,identity,000127,28,60,188160,same_forward_candidate_joint_contribution,original,0.6643434094463979,0.6295951691691893,0.03479620930290775,186963,0,0,0,0,2.190836232877794e-06,3.462985100976712e-06,19,23,188136,0,2,0.0,1.0630607645533018e-05
1,identity,000127,28,60,188160,same_forward_candidate_joint_contribution,registered_style,0.6577530311117048,0.6236930226162929,0.03411455059120513,186856,0,0,0,0,2.8125244690393793e-06,4.1039273713070885e-06,24,27,188136,0,4,0.0,2.1261215291066037e-05
1,identity,000149,29,60,188160,same_forward_candidate_joint_contribution,original,0.7372928272785862,0.7029072941082501,0.034385871507077226,188148,0,0,0,0,0.0,0.0,0,0,188160,0,0,0.0,0.0
1,identity,000149,29,60,188160,same_forward_candidate_joint_contribution,registered_style,0.7277064287468203,0.693950130163226,0.03375674342190268,188144,0,0,0,0,0.0,0.0,0,0,188160,0,0,0.0,0.0
1,identity,000150,30,60,188160,same_forward_candidate_joint_contribution,original,0.703369769842192,0.6648833853344881,0.038487472152614305,188122,0,0,0,0,4.776472664148173e-06,6.060965213999435e-06,39,44,188043,0,5,0.0,2.6589663002611104e-05
1,identity,000150,30,60,188160,same_forward_candidate_joint_contribution,registered_style,0.6964959897818127,0.6588139171371321,0.037683616217607,188099,0,0,0,0,1.436322552444619e-05,1.6929112891965927e-05,117,138,188043,0,21,0.0,0.00011167658461096664
1,identity,000152,31,60,188160,same_forward_candidate_joint_contribution,original,0.6117630428820294,0.5800596208008344,0.03170497367727536,188067,0,0,0,0,3.9413939481219806e-05,4.741639735228334e-05,243,287,187842,0,45,0.0,0.00023956303702047464
1,identity,000152,31,60,188160,same_forward_candidate_joint_contribution,registered_style,0.6048205340610973,0.5736402347209973,0.031183827353221685,187999,0,0,0,0,5.3612986317099745e-05,6.190295155695891e-05,308,356,187842,0,52,0.0,0.0002768283983347707
1,identity,000153,32,60,188160,same_forward_candidate_joint_contribution,original,0.6508915887362534,0.623889719926566,0.027005187774716898,187998,0,0,0,0,3.2663422262392864e-06,5.593000048737474e-06,35,58,188100,0,17,0.0,9.037745879851144e-05
1,identity,000153,32,60,188160,same_forward_candidate_joint_contribution,registered_style,0.6449303739634897,0.6177751499073392,0.02715887892579124,187973,0,0,0,0,6.503007535581866e-06,1.0785982855453971e-05,60,91,188100,0,31,0.0,0.00016480595427963848
1,identity,000155,33,60,188160,same_forward_candidate_joint_contribution,original,0.6382343660313858,0.6108806614009002,0.02736018805056577,187760,0,0,0,0,8.019485440280881e-06,1.034941048388411e-05,55,66,188068,0,9,0.0,4.785503115894251e-05
1,identity,000155,33,60,188160,same_forward_candidate_joint_contribution,registered_style,0.6271108362624156,0.6003725051324766,0.02674796069753301,187609,0,0,0,0,1.1114357335232617e-05,1.383202882559241e-05,92,105,188068,0,16,0.0,8.507561094923113e-05
1,identity,000159,34,52,163072,same_forward_candidate_joint_contribution,original,0.6668634109033059,0.6232202845460231,0.04365064284686194,162907,0,0,0,0,2.5180806889495374e-06,2.9547232265058523e-06,21,28,163014,0,8,0.0,4.9075539524212646e-05
1,identity,000159,34,52,163072,same_forward_candidate_joint_contribution,registered_style,0.6536165489971888,0.6116192353077737,0.04200842102513025,162884,0,0,0,0,1.1912427295110887e-05,1.0349227548399147e-05,57,60,163014,0,8,0.0,4.9075539524212646e-05
1,identity,000181,35,60,188160,same_forward_candidate_joint_contribution,original,0.6768988796512574,0.635512623295855,0.04140483672480031,187770,0,0,0,0,1.44741784718102e-06,2.9962819958832127e-06,14,21,188141,0,7,0.0,3.720613794972919e-05
1,identity,000181,35,60,188160,same_forward_candidate_joint_contribution,registered_style,0.6629076040281991,0.6227936796218749,0.0401321948165224,187851,0,0,0,0,2.0953306346989606e-06,4.079750812486701e-06,19,33,188141,0,14,0.0,7.441227589945838e-05
1,identity,000183,36,60,188160,same_forward_candidate_joint_contribution,original,0.6679955952062128,0.6271638070880813,0.04083276646964508,188118,0,0,0,0,1.7174027217269033e-07,1.267157351614155e-07,3,2,188156,0,0,0.0,0.0
1,identity,000183,36,60,188160,same_forward_candidate_joint_contribution,registered_style,0.6588318477009169,0.6193019363329465,0.039532828740053434,188044,0,0,0,0,5.4138434112002324e-08,9.341405981671709e-08,1,1,188156,0,0,0.0,0.0
1,identity,000184,37,60,188160,same_forward_candidate_joint_contribution,original,0.6539880635987391,0.6085903250784169,0.04539782105387524,188153,0,0,0,0,4.097628291919852e-07,1.579195071237434e-06,7,23,188135,0,14,0.0,7.441464905519972e-05
1,identity,000184,37,60,188160,same_forward_candidate_joint_contribution,registered_style,0.6460319446003442,0.6021749440129497,0.043858385789075464,188120,0,0,0,0,1.5871296475756547e-06,4.3137315082841705e-06,24,48,188135,0,25,0.0,0.0001328833018842852
1,identity,000186,38,20,62720,same_forward_candidate_joint_contribution,original,0.6357009913273421,0.6045753463597586,0.031129465039910948,62668,0,0,0,0,9.399095581943703e-06,1.892368772800201e-05,24,60,62665,0,27,0.0,0.00043086252293943986
1,identity,000186,38,20,62720,same_forward_candidate_joint_contribution,registered_style,0.6291913377025464,0.598412618286758,0.030781716804794624,62681,0,0,0,0,2.0579424827870962e-05,3.6296630674308756e-05,55,91,62665,0,36,0.0,0.0005744833639192532
1,identity,000187,39,20,62720,same_forward_candidate_joint_contribution,original,0.6612556591625824,0.6398158332687411,0.021947991095821264,59205,0,0,0,0,2.157053977147082e-06,1.5612254662558266e-06,7,8,62709,0,3,0.0,4.784002296321102e-05
1,identity,000187,39,20,62720,same_forward_candidate_joint_contribution,registered_style,0.6473376096084914,0.6218779152739444,0.025855104259199853,60013,0,0,0,0,4.1918498274548404e-06,5.937139546183446e-06,11,18,62709,0,10,0.0,0.0001594667432107034
1,identity,000189,40,20,62720,same_forward_candidate_joint_contribution,original,0.6471438367763767,0.5947837340129029,0.052360102763473804,62720,0,0,0,0,2.543418036449691e-05,3.250115081520137e-05,57,72,62621,0,7,0.0,0.0001117835869756152
1,identity,000189,40,20,62720,same_forward_candidate_joint_contribution,registered_style,0.6328801124976183,0.5837200193246125,0.04916009504135292,62719,0,0,0,0,7.48003202040709e-05,8.583852900396055e-05,97,114,62621,0,16,0.0,0.00025550534165854906
1,identity,000190,41,20,62720,same_forward_candidate_joint_contribution,original,0.655271532936188,0.6237416906087089,0.03153008904053107,62710,0,0,0,0,0.0,0.0,0,0,62717,0,0,0.0,0.0
1,identity,000190,41,20,62720,same_forward_candidate_joint_contribution,registered_style,0.6446185538869551,0.6137919451842533,0.030827584019339247,62686,0,0,0,0,1.0618995049461362e-07,6.10963483741899e-07,3,4,62717,0,1,0.0,1.594464020919368e-05
1,identity,000195,42,57,178752,same_forward_candidate_joint_contribution,original,0.6436897929546885,0.6101127183427157,0.033577217981130406,178741,0,0,0,0,5.2258814899463806e-05,5.8756056721446955e-05,190,234,178492,0,31,0.0,0.00017367725164153016
1,identity,000195,42,57,178752,same_forward_candidate_joint_contribution,registered_style,0.6364465234306627,0.6034527479063545,0.032994093759282625,178727,0,0,0,0,6.101291604964411e-05,6.879376585644002e-05,244,290,178492,0,43,0.0,0.00024090715550276762
1,identity,000197,43,60,188160,same_forward_candidate_joint_contribution,original,0.6748747684319304,0.6502489736063624,0.02463963401554805,187528,0,0,0,0,3.1012478454418775e-06,4.66244342151419e-06,22,27,188115,0,3,0.0,1.5947691571645004e-05
1,identity,000197,43,60,188160,same_forward_candidate_joint_contribution,registered_style,0.6646168296527495,0.6400582277077428,0.02457493763289503,187442,0,0,0,0,5.4727140026167974e-06,8.654494922574393e-06,45,62,188115,0,17,0.0,9.037025223932169e-05
1,identity,000198,44,54,169344,same_forward_candidate_joint_contribution,original,0.6525244758781304,0.6079796354657487,0.0445448404123817,169344,0,0,0,0,2.2839572099222216e-05,2.899392816066961e-05,88,130,169204,0,30,0.0,0.00017730077303137042
1,identity,000198,44,54,169344,same_forward_candidate_joint_contribution,registered_style,0.6385518130649986,0.5964283559301811,0.04212346117899609,169343,0,0,0,0,3.0918189077134786e-05,3.9657560542944076e-05,140,184,169204,0,45,0.0,0.00026595115954705564
1,identity,000201,45,79,247744,same_forward_candidate_joint_contribution,original,0.6419143097173712,0.6122405242962384,0.0296748255977774,247641,0,0,0,0,6.036868605638073e-06,9.06056429694813e-06,79,98,247596,0,13,0.0,5.250488699332784e-05
1,identity,000201,45,79,247744,same_forward_candidate_joint_contribution,registered_style,0.6306516707279706,0.6018224169271723,0.0288311832955289,247572,0,0,0,0,9.542959176872791e-06,1.6241727943551655e-05,135,193,247596,0,49,0.0,0.0001979030355902357
1,identity,000204,46,58,181888,same_forward_candidate_joint_contribution,original,0.6299133701134545,0.6007230332515144,0.02919549482317228,181612,0,0,0,0,7.617645730612453e-06,1.0624635876171422e-05,54,72,181772,0,11,0.0,6.051537090420967e-05
1,identity,000204,46,58,181888,same_forward_candidate_joint_contribution,registered_style,0.6210499486037653,0.592245917893108,0.028809451056049595,181606,0,0,0,0,1.4603739845260636e-05,2.06126255394278e-05,104,149,181772,0,39,0.0,0.0002145544968421979
1,identity,000212,47,55,172480,same_forward_candidate_joint_contribution,original,0.6718285482696578,0.6377931287144275,0.034035472888566586,172474,0,0,0,0,1.5046084024603444e-06,1.7366462251332053e-06,13,14,172417,0,1,0.0,5.799892122006531e-06
1,identity,000212,47,55,172480,same_forward_candidate_joint_contribution,registered_style,0.6612997076720568,0.6280991801543689,0.033200659954349725,172466,0,0,0,0,1.1224312665975125e-05,1.2945240450362489e-05,63,76,172417,0,13,0.0,7.53985975860849e-05
1,identity,000213,48,36,112896,same_forward_candidate_joint_contribution,original,0.5924582932599901,0.5527814396303632,0.039676853629626994,112896,0,0,0,0,1.6641925492306745e-06,3.981784556561953e-06,13,22,112762,0,2,0.0,1.7736471506358525e-05
1,identity,000213,48,36,112896,same_forward_candidate_joint_contribution,registered_style,0.5739230516298289,0.5368868454003123,0.03703621006383083,112895,0,0,0,0,3.933454318881895e-05,5.202524090815404e-05,134,182,112762,0,50,0.0,0.0004434117876589631
1,identity,000214,49,20,62720,same_forward_candidate_joint_contribution,original,0.6717028177049152,0.644651822477785,0.0270610674187955,62565,0,0,0,0,1.928103887045346e-06,3.045102908665052e-06,8,12,62687,0,3,0.0,4.7856812417247595e-05
1,identity,000214,49,20,62720,same_forward_candidate_joint_contribution,registered_style,0.6585920440350103,0.6321569112860126,0.02645535987903203,62469,0,0,0,0,1.06815201797601e-05,1.5268295090326764e-05,33,45,62687,0,12,0.0,0.00019142724966899038
1,identity,000216,50,40,125440,same_forward_candidate_joint_contribution,original,0.6063858048539259,0.5791539181726096,0.02723614806274633,125293,0,0,0,0,3.1527215998140684e-05,4.952260449708981e-05,131,190,125289,0,56,0.0,0.000446966613190304
1,identity,000216,50,40,125440,same_forward_candidate_joint_contribution,registered_style,0.597429330579845,0.5705555661391633,0.026879358477955455,125254,0,0,0,0,3.300916012212655e-05,5.1866308643505015e-05,143,207,125289,0,61,0.0,0.00048687434651086686
1,identity,000218,51,20,62720,same_forward_candidate_joint_contribution,original,0.6255257285141852,0.5928666449626949,0.03266256125348357,62667,0,0,0,0,2.864242619114601e-06,6.1607505098473644e-06,11,15,62692,0,2,0.0,3.190199706501627e-05
1,identity,000218,51,20,62720,same_forward_candidate_joint_contribution,registered_style,0.6161435393828599,0.5840173408806939,0.03213115607382972,62650,0,0,0,0,1.2394147902623202e-05,1.7984257401784575e-05,24,34,62692,0,7,0.0,0.00011165698972755694
1,identity,000220,52,56,175616,same_forward_candidate_joint_contribution,original,0.6101849420889749,0.5850440612166773,0.02515333773607203,175129,0,0,0,0,9.725143017217073e-05,0.00011216169510423896,277,346,175290,0,68,0.0,0.00038792857550345143
1,identity,000220,52,56,175616,same_forward_candidate_joint_contribution,registered_style,0.5997409353106061,0.5751856867640137,0.02456929799046698,175003,0,0,0,0,0.00010179710137889061,0.00011868741480311491,312,401,175290,0,81,0.0,0.00046209139140852303
1,identity,000222,53,40,125440,same_forward_candidate_joint_contribution,original,0.6816438909823773,0.6460423384161768,0.035601552566200616,125440,0,0,0,0,1.415009216538796e-07,9.296210796643025e-07,3,6,125437,0,3,0.0,2.3916388306480543e-05
1,identity,000222,53,40,125440,same_forward_candidate_joint_contribution,registered_style,0.6711984200380227,0.6364812095405179,0.03471733259436953,125436,0,0,0,0,1.415009216538796e-07,9.296210796643025e-07,3,6,125437,0,3,0.0,2.3916388306480543e-05
1,identity,000223,54,40,125440,same_forward_candidate_joint_contribution,original,0.6595504706257738,0.630502391409183,0.02904889183687652,125390,0,0,0,0,3.791095155760417e-06,4.9366910564074875e-06,22,28,125400,0,5,0.0,3.9872408293460924e-05
1,identity,000223,54,40,125440,same_forward_candidate_joint_contribution,registered_style,0.6508199513860745,0.6221209630708991,0.028699800935461026,125390,0,0,0,0,6.659461769691426e-06,8.68362814191066e-06,39,49,125400,0,10,0.0,7.974481658692185e-05
1,identity,000225,55,20,62720,same_forward_candidate_joint_contribution,original,0.6533935988180539,0.6329597172376712,0.02052977088088501,61654,0,0,0,0,0.0,0.0,0,0,62720,0,0,0.0,0.0
1,identity,000225,55,20,62720,same_forward_candidate_joint_contribution,registered_style,0.6397073168698366,0.6189261407941687,0.020858322222475367,61772,0,0,0,0,0.0,0.0,0,0,62720,0,0,0.0,0.0
1,identity,000228,56,51,159936,same_forward_candidate_joint_contribution,original,0.6223849049493467,0.5833625605409601,0.03902438346965925,159860,0,0,0,0,1.2384805778901682e-05,1.2103414465845136e-05,71,79,159832,0,8,0.0,5.005255518294209e-05
1,identity,000228,56,51,159936,same_forward_candidate_joint_contribution,registered_style,0.6128391612328312,0.5752910720973591,0.03755014450290241,159858,0,0,0,0,1.7775613307736724e-05,1.9939158016554208e-05,103,132,159832,0,30,0.0,0.00018769708193603284
1,identity,000229,57,20,62720,same_forward_candidate_joint_contribution,original,0.7109920324632965,0.6647363396455116,0.04625569281778488,62720,0,0,0,0,0.0,0.0,0,0,62720,0,0,0.0,0.0
1,identity,000229,57,20,62720,same_forward_candidate_joint_contribution,registered_style,0.7047582074725401,0.6598349247633418,0.044923282709198376,62720,0,0,0,0,0.0,0.0,0,0,62720,0,0,0.0,0.0
1,identity,000233,58,53,166208,same_forward_candidate_joint_contribution,original,0.6540141930714855,0.6137647311318165,0.04024951139623275,166206,0,0,0,0,5.061143596800739e-07,1.2569705613700556e-06,6,14,166188,0,7,0.0,4.212097142994681e-05
1,identity,000233,58,53,166208,same_forward_candidate_joint_contribution,registered_style,0.6473295185558066,0.6079040835900207,0.03942557446191336,166203,0,0,0,0,1.6144992674930631e-06,3.019916285426415e-06,20,28,166188,0,9,0.0,5.415553469564589e-05
1,identity,000235,59,59,185024,same_forward_candidate_joint_contribution,original,0.6301492723881844,0.5973318851916893,0.03282042764013967,184969,0,0,0,0,8.295899710906072e-06,1.1276847139004917e-05,63,89,184919,0,19,0.0,0.00010274768952892888
1,identity,000235,59,59,185024,same_forward_candidate_joint_contribution,registered_style,0.6191454297953429,0.5873798376769948,0.03177070317540312,184869,0,0,0,0,1.3340983607470832e-05,1.663505024901185e-05,98,126,184919,0,27,0.0,0.00014600987459374105
1,identity,000237,60,40,125440,same_forward_candidate_joint_contribution,original,0.6741089163997718,0.6476324146561313,0.026499801278190235,124972,0,0,0,0,0.0,0.0,0,0,125440,0,0,0.0,0.0
1,identity,000237,60,40,125440,same_forward_candidate_joint_contribution,registered_style,0.6643364877949353,0.6378677219727186,0.026490778987654638,125004,0,0,0,0,0.0,0.0,0,0,125440,0,0,0.0,0.0
1,identity,000238,61,40,125440,same_forward_candidate_joint_contribution,original,0.6910414719230695,0.6610859023118776,0.02995832465604689,125364,0,0,0,0,5.757815724669102e-07,1.1902838349955001e-06,3,9,125432,0,5,0.0,3.986223611199694e-05
1,identity,000238,61,40,125440,same_forward_candidate_joint_contribution,registered_style,0.6848313580959386,0.6548284978728849,0.030005760699393196,125360,0,0,0,0,8.332268657068686e-07,1.7293459308683401e-06,6,12,125432,0,5,0.0,3.986223611199694e-05
1,identity,000247,62,40,125440,same_forward_candidate_joint_contribution,original,0.6025116828089397,0.5691938271599221,0.033317955595610294,125434,0,0,0,0,3.130126661756379e-05,4.96551234486426e-05,132,199,125193,0,59,0.0,0.00047127235548313404
1,identity,000247,62,40,125440,same_forward_candidate_joint_contribution,registered_style,0.5922406965421813,0.5596977440463369,0.03254378758096098,125409,0,0,0,0,7.034963178156966e-05,9.583691380055135e-05,241,331,125193,0,90,0.0,0.0007188900337878316
1,identity,000248,63,40,125440,same_forward_candidate_joint_contribution,original,0.6395715964644166,0.6018997164876054,0.037672001379697964,125435,0,0,0,0,3.4738952423412244e-05,4.208381817980556e-05,143,170,125198,0,21,0.0,0.00016773430885477404
1,identity,000248,63,40,125440,same_forward_candidate_joint_contribution,registered_style,0.6288899727151147,0.5924140875485007,0.036476095574003664,125429,0,0,0,0,6.428689121583914e-05,7.457992432999253e-05,234,274,125198,0,40,0.0,0.000319493921628141
1,identity,000250,64,37,116032,same_forward_candidate_joint_contribution,original,0.586730173537256,0.5546185238013218,0.03211170673154013,116028,0,0,0,0,1.9550016623593365e-05,2.695988696349942e-05,75,114,115856,0,32,0.0,0.00027620494406849883
1,identity,000250,64,37,116032,same_forward_candidate_joint_contribution,registered_style,0.5736725445300552,0.54259882734595,0.031074572851360966,116009,0,0,0,0,3.944848107844436e-05,5.5288154572052135e-05,169,239,115856,0,68,0.0,0.00058693550614556
1,identity,000251,65,57,178752,same_forward_candidate_joint_contribution,original,0.6180026125776136,0.5809380391524827,0.03706503886600851,178730,0,0,0,0,3.146095741943184e-05,3.95134190923117e-05,132,176,178555,0,27,0.0,0.00015121391167987456
1,identity,000251,65,57,178752,same_forward_candidate_joint_contribution,registered_style,0.6053920667544113,0.5698543886899455,0.03553937692972113,178690,0,0,0,0,4.124376415324744e-05,5.2158859557022074e-05,196,239,178555,0,44,0.0,0.0002464226708857215
1,identity,000259,66,40,125440,same_forward_candidate_joint_contribution,original,0.6253910340117207,0.5933444885472584,0.03204654546446233,125440,0,0,0,0,1.1367126094297858e-05,1.660051265821507e-05,49,66,125377,0,12,0.0,9.571133461480176e-05
1,identity,000259,66,40,125440,same_forward_candidate_joint_contribution,registered_style,0.6130358305452059,0.5821102859673893,0.030926441000265557,125410,0,0,0,0,1.3195103816512194e-05,1.9822951610439094e-05,59,88,125377,0,26,0.0,0.0002073745583320705
1,identity,000261,67,56,175616,same_forward_candidate_joint_contribution,original,0.6318645850814373,0.6016885641965325,0.030182211903478588,175405,0,0,0,0,2.9842593467854914e-06,4.245090006646464e-06,25,37,175539,0,10,0.0,5.6967397558377344e-05
1,identity,000261,67,56,175616,same_forward_candidate_joint_contribution,registered_style,0.6228564060613874,0.5933064821065411,0.02955891451414554,175322,0,0,0,0,8.766672390829225e-06,1.3326492528355988e-05,76,117,175539,0,42,0.0,0.00023926306974518484
1,identity,000262,68,40,125440,same_forward_candidate_joint_contribution,original,0.6127435563728796,0.5783201214233746,0.034423563839797625,125436,0,0,0,0,4.092473754206855e-05,5.3987889155804835e-05,165,199,125258,0,34,0.0,0.00027143974835938623
1,identity,000262,68,40,125440,same_forward_candidate_joint_contribution,registered_style,0.6004806900093431,0.5672123223906965,0.0332688349605911,125422,0,0,0,0,4.32993806967498e-05,5.7191407090245054e-05,182,216,125258,0,36,0.0,0.00028740679238052657
1,identity,000264,69,60,188160,same_forward_candidate_joint_contribution,original,0.6413413062582203,0.6091102099864483,0.03223145779963309,188118,0,0,0,0,6.421993789975773e-06,8.22084888610208e-06,43,63,188071,0,14,0.0,7.443997213818185e-05
1,identity,000264,69,60,188160,same_forward_candidate_joint_contribution,registered_style,0.6301269830801868,0.5987092125529584,0.03141932112118665,188059,0,0,0,0,1.0580050820700355e-05,1.4238460463779885e-05,84,109,188071,0,26,0.0,0.00013824566254233773
1,identity,000265,70,20,62720,same_forward_candidate_joint_contribution,original,0.6343800332409696,0.6017332380064805,0.03265057867257773,62687,0,0,0,0,0.0,2.4675895940646846e-07,0,1,62720,0,1,0.0,1.594387755102041e-05
1,identity,000265,70,20,62720,same_forward_candidate_joint_contribution,registered_style,0.6244472136899796,0.5922759356743232,0.032175707271781734,62678,0,0,0,0,0.0,2.97069605578167e-07,0,2,62720,0,2,0.0,3.188775510204082e-05
1,identity,000267,71,60,188160,same_forward_candidate_joint_contribution,original,0.6658423461008213,0.6241652361526013,0.041677188599203344,188153,0,0,0,0,2.378667312386109e-06,5.793075066820805e-06,20,41,188122,0,13,0.0,6.910409202538778e-05
1,identity,000267,71,60,188160,same_forward_candidate_joint_contribution,registered_style,0.653141657828417,0.6135479964538024,0.03959415060533217,188141,0,0,0,0,5.311898236541998e-06,1.0033751085257837e-05,34,59,188122,0,22,0.0,0.0001169453865045024
1,identity,000268,72,20,62720,same_forward_candidate_joint_contribution,original,0.63273470809467,0.6084071286263809,0.024342015963665458,62547,0,0,0,0,3.585769817514275e-07,3.3709778426725306e-07,1,1,62719,0,0,0.0,0.0
1,identity,000268,72,20,62720,same_forward_candidate_joint_contribution,registered_style,0.6225436871846406,0.5982014147531507,0.024359843849883964,62497,0,0,0,0,3.585769817514275e-07,4.786693193795145e-07,1,2,62719,0,1,0.0,1.5944131762304882e-05
1,identity,000296,73,40,125440,same_forward_candidate_joint_contribution,original,0.672567817324099,0.6387858727765076,0.03378338693081536,125380,0,0,0,0,5.067363645915161e-06,6.020172462479432e-06,24,30,125377,0,5,0.0,3.98797227561674e-05
1,identity,000296,73,40,125440,same_forward_candidate_joint_contribution,registered_style,0.6636911543803373,0.6304734033191218,0.03321987480003511,125358,0,0,0,0,2.1953995512665827e-05,2.4683089308082882e-05,63,74,125377,0,11,0.0,8.773539006356828e-05
1,identity,000297,74,40,125440,same_forward_candidate_joint_contribution,original,0.644038885019732,0.6102779939427592,0.03376478874260686,125325,0,0,0,0,2.3320035175952842e-05,2.88848725725908e-05,100,124,125295,0,24,0.0,0.00019154794684544474
1,identity,000297,74,40,125440,same_forward_candidate_joint_contribution,registered_style,0.6335176120793871,0.60068373283018,0.0328410988700022,125278,0,0,0,0,4.24016377614119e-05,4.885508870442494e-05,145,191,125295,0,48,0.0,0.0003830958936908895
1,identity,000301,75,60,188160,same_forward_candidate_joint_contribution,original,0.7003397235174253,0.667729748693169,0.03261353223740431,188045,0,0,0,0,0.0,0.0,0,0,188160,0,0,0.0,0.0
1,identity,000301,75,60,188160,same_forward_candidate_joint_contribution,registered_style,0.6919538221762715,0.6596946383715606,0.03226316395333256,188014,0,0,0,0,0.0,0.0,0,0,188160,0,0,0.0,0.0
1,identity,000302,76,40,125440,same_forward_candidate_joint_contribution,original,0.6437610383162142,0.6106984898236663,0.033065101275284475,125360,0,0,0,0,1.3547247319470866e-05,1.5030474094283392e-05,65,75,125341,0,10,0.0,7.978235373900001e-05
1,identity,000302,76,40,125440,same_forward_candidate_joint_contribution,registered_style,0.6331450884091152,0.6010657707684719,0.032088938693446575,125272,0,0,0,0,2.161995343274145e-05,2.4281995139529046e-05,96,119,125341,0,23,0.0,0.0001834994135997
1,identity,000304,77,40,125440,same_forward_candidate_joint_contribution,original,0.6501856240591484,0.6195808364934366,0.030605698208767407,125400,0,0,0,0,0.0,0.0,0,0,125438,0,0,0.0,0.0
1,identity,000304,77,40,125440,same_forward_candidate_joint_contribution,registered_style,0.6396027563085747,0.6097635568759739,0.029840079662034794,125394,0,0,0,0,9.124609798318422e-08,2.411971362031245e-07,2,3,125438,0,1,0.0,7.972065881152441e-06
1,identity,000305,78,40,125440,same_forward_candidate_joint_contribution,original,0.655999068017575,0.6316901349834422,0.024361630072261116,124412,0,0,0,0,3.7010211781853822e-06,4.507542674638756e-06,15,19,125416,0,4,0.0,3.189385724309498e-05
1,identity,000305,78,40,125440,same_forward_candidate_joint_contribution,registered_style,0.6425262532743675,0.6184859517995002,0.02410870803943574,124223,0,0,0,0,5.170252005483311e-06,6.37619170001091e-06,24,29,125416,0,5,0.0,3.9867321553868726e-05
1,identity,000307,79,40,125440,same_forward_candidate_joint_contribution,original,0.6885754733751778,0.6527157195437212,0.03585977445882607,125438,0,0,0,0,3.2236669798951064e-07,4.285983697947014e-07,5,6,125433,0,0,0.0,0.0
1,identity,000307,79,40,125440,same_forward_candidate_joint_contribution,registered_style,0.6828947869740659,0.6475638897703513,0.03533091933426736,125438,0,0,0,0,3.922067519509393e-07,4.675061664292242e-07,5,6,125433,0,1,0.0,7.972383662991397e-06
1,identity,000308,80,40,125440,same_forward_candidate_joint_contribution,original,0.6580617987066424,0.6222086467124638,0.03585470196559207,125406,0,0,0,0,6.957517434012756e-06,8.739111701727943e-06,38,46,125377,0,9,0.0,7.178350096110132e-05
1,identity,000308,80,40,125440,same_forward_candidate_joint_contribution,registered_style,0.6435040518053159,0.6091987123755805,0.03431037892048514,125336,0,0,0,0,1.1552914949847835e-05,1.5340865841436426e-05,61,82,125377,0,21,0.0,0.00016749483557590308
1,identity,000310,81,40,125440,same_forward_candidate_joint_contribution,original,0.6489608552265314,0.6138740775032342,0.035087761179028704,125405,0,0,0,0,5.192224391670354e-06,9.042325447026998e-06,29,46,125351,0,8,0.0,6.382079121825913e-05
1,identity,000310,81,40,125440,same_forward_candidate_joint_contribution,registered_style,0.6350410801398019,0.6011243491960419,0.03391843257036364,125378,0,0,0,0,2.278338920208168e-05,3.199838004381973e-05,89,120,125351,0,31,0.0,0.0002473055659707541
1,identity,000311,82,40,125440,same_forward_candidate_joint_contribution,original,0.6403822033106865,0.6174960616312871,0.02292637599540675,124385,0,0,0,0,6.8081763695339785e-06,8.337031513732553e-06,13,23,125419,0,9,0.0,7.17594622824293e-05
1,identity,000311,82,40,125440,same_forward_candidate_joint_contribution,registered_style,0.6280249530908935,0.6050339755510452,0.02303766282271978,124361,0,0,0,0,7.522711460963668e-06,1.03291112801636e-05,20,43,125419,0,22,0.0,0.00017541201891260494
1,identity,000313,83,40,125440,same_forward_candidate_joint_contribution,original,0.6570094332920104,0.6277316976064478,0.029286210464046496,125254,0,0,0,0,2.8781179476448132e-05,3.31615466282887e-05,75,84,125349,0,7,0.0,5.584408331937231e-05
1,identity,000313,83,40,125440,same_forward_candidate_joint_contribution,registered_style,0.6493243681102675,0.6207400645502795,0.02859581592176849,125147,0,0,0,0,3.090945952565581e-05,3.650659561182216e-05,91,104,125349,0,13,0.0,0.00010371044045026287
1,identity,000314,84,60,188160,same_forward_candidate_joint_contribution,original,0.6865961443135304,0.6464767178826627,0.04011942643086773,188160,0,0,0,0,0.0,0.0,0,0,188160,0,0,0.0,0.0
1,identity,000314,84,60,188160,same_forward_candidate_joint_contribution,registered_style,0.6805070743897453,0.6410864232883406,0.03942072939617301,188155,0,0,0,0,0.0,0.0,0,0,188160,0,0,0.0,0.0
1,identity,000316,85,40,125440,same_forward_candidate_joint_contribution,original,0.6521844842128173,0.6202041608232256,0.03198891273108696,125202,0,0,0,0,9.56789661996501e-06,1.3549654707004538e-05,41,59,125366,0,11,0.0,8.77430882376402e-05
1,identity,000316,85,40,125440,same_forward_candidate_joint_contribution,registered_style,0.6373916104592874,0.6055033053310386,0.03189443340826371,125286,0,0,0,0,2.2582801712197282e-05,2.9893318079242548e-05,73,100,125366,0,26,0.0,0.00020739275401624046
1,identity,000317,86,40,125440,same_forward_candidate_joint_contribution,original,0.6435019293617058,0.6146180968496472,0.028886512067754444,125348,0,0,0,0,7.073558097388143e-06,1.1208975392855215e-05,41,65,125370,0,20,0.0,0.00015952779771875248
1,identity,000317,86,40,125440,same_forward_candidate_joint_contribution,registered_style,0.6323824168031154,0.6042016428586976,0.028193335519361946,125203,0,0,0,0,1.2096429284733514e-05,1.925957595695553e-05,68,103,125370,0,35,0.0,0.00027917364600781687
1,identity,000319,87,40,125440,same_forward_candidate_joint_contribution,original,0.6643754242166844,0.6247912293297434,0.039584998172618464,125418,0,0,0,0,9.268382188612137e-05,0.00010230986166368627,153,172,125178,0,10,0.0,7.988624199140424e-05
1,identity,000319,87,40,125440,same_forward_candidate_joint_contribution,registered_style,0.6522661543744367,0.6145040126432182,0.03776464852325057,125382,0,0,0,0,0.00012035879422167865,0.0001286992701514944,254,274,125178,0,16,0.0,0.0001278179871862468
1,identity,000320,88,40,125440,same_forward_candidate_joint_contribution,original,0.6221880079577594,0.5924739881821421,0.029718400037047697,125343,0,0,0,0,1.970320313443513e-05,2.308772761734438e-05,76,95,125360,0,19,0.0,0.00015156349712827058
1,identity,000320,88,40,125440,same_forward_candidate_joint_contribution,registered_style,0.6123531108722091,0.5831315902452063,0.029228519481463936,125309,0,0,0,0,1.8055380468649356e-05,2.1824439457695616e-05,71,94,125360,0,17,0.0,0.00013560944479897895
1,identity,000322,89,20,62720,same_forward_candidate_joint_contribution,original,0.6727969688359215,0.631574610107925,0.04122256064728371,62716,0,0,0,0,1.7629361490216009e-06,2.0166856832950757e-06,5,5,62699,0,0,0.0,0.0
1,identity,000322,89,20,62720,same_forward_candidate_joint_contribution,registered_style,0.6620637683813194,0.622550789444592,0.03951363394539747,62709,0,0,0,0,8.345330851749637e-06,9.266365874653053e-06,21,26,62699,0,5,0.0,7.974608845436131e-05
1,identity,000323,90,20,62720,same_forward_candidate_joint_contribution,original,0.6481838219728421,0.6095127237663421,0.03867109820649992,62720,0,0,0,0,3.3560133982436497e-06,5.0908613934320925e-06,10,15,62692,0,4,0.0,6.380399413003254e-05
1,identity,000323,90,20,62720,same_forward_candidate_joint_contribution,registered_style,0.631586635392575,0.5948005886812877,0.03679019072611593,62660,0,0,0,0,1.0371045796904378e-05,1.0705155034372765e-05,28,29,62692,0,5,0.0,7.975499266254068e-05
1,identity,000325,91,40,125440,same_forward_candidate_joint_contribution,original,0.6393276340461203,0.6115572913337928,0.02777855691590178,125190,0,0,0,0,4.430085867012474e-05,5.0789758262669245e-05,161,189,125217,0,27,0.0,0.00021562567383023073
1,identity,000325,91,40,125440,same_forward_candidate_joint_contribution,registered_style,0.6315842452639897,0.6040099190032509,0.027585020083583635,125105,0,0,0,0,6.0863081113256116e-05,6.831810361818107e-05,216,252,125217,0,40,0.0,0.0003194454427114529
1,identity,000326,92,40,125440,same_forward_candidate_joint_contribution,original,0.6363803318500036,0.6076628379215305,0.028725826944930897,125322,0,0,0,0,6.295533646514738e-07,1.32268281377622e-06,5,15,125412,0,8,0.0,6.378974898733774e-05
1,identity,000326,92,40,125440,same_forward_candidate_joint_contribution,registered_style,0.6270376566223733,0.59833769917802,0.02870822537621205,125316,0,0,0,0,6.316072932571995e-06,9.533673396536697e-06,27,49,125412,0,24,0.0,0.0001913692469620132
1,identity,000328,93,40,125440,same_forward_candidate_joint_contribution,original,0.6686297817717007,0.6250063678960291,0.043624013011401765,125432,0,0,0,0,4.11305758261562e-07,6.593352726666143e-07,3,5,125437,0,2,0.0,1.594425887098703e-05
1,identity,000328,93,40,125440,same_forward_candidate_joint_contribution,registered_style,0.6611827572508316,0.6187686157002386,0.042415157082071955,125428,0,0,0,0,4.11305758261562e-07,6.593352726666143e-07,3,5,125437,0,2,0.0,1.594425887098703e-05
2,cross_camera,000009,0,60,0,same_forward_candidate_joint_contribution,original,,,,0,0,0,0,0,,,0,0,0,0,0,,
2,cross_camera,000009,0,60,0,same_forward_candidate_joint_contribution,registered_style,,,,0,0,0,0,0,,,0,0,0,0,0,,
2,cross_camera,000011,1,60,0,same_forward_candidate_joint_contribution,original,,,,0,0,0,0,0,,,0,0,0,0,0,,
2,cross_camera,000011,1,60,0,same_forward_candidate_joint_contribution,registered_style,,,,0,0,0,0,0,,,0,0,0,0,0,,
2,cross_camera,000015,2,20,0,same_forward_candidate_joint_contribution,original,,,,0,0,0,0,0,,,0,0,0,0,0,,
2,cross_camera,000015,2,20,0,same_forward_candidate_joint_contribution,registered_style,,,,0,0,0,0,0,,,0,0,0,0,0,,
2,cross_camera,000017,3,40,0,same_forward_candidate_joint_contribution,original,,,,0,0,0,0,0,,,0,0,0,0,0,,
2,cross_camera,000017,3,40,0,same_forward_candidate_joint_contribution,registered_style,,,,0,0,0,0,0,,,0,0,0,0,0,,
2,cross_camera,000019,4,60,0,same_forward_candidate_joint_contribution,original,,,,0,0,0,0,0,,,0,0,0,0,0,,
2,cross_camera,000019,4,60,0,same_forward_candidate_joint_contribution,registered_style,,,,0,0,0,0,0,,,0,0,0,0,0,,
2,cross_camera,000020,5,60,0,same_forward_candidate_joint_contribution,original,,,,0,0,0,0,0,,,0,0,0,0,0,,
2,cross_camera,000020,5,60,0,same_forward_candidate_joint_contribution,registered_style,,,,0,0,0,0,0,,,0,0,0,0,0,,
2,cross_camera,000022,6,60,0,same_forward_candidate_joint_contribution,original,,,,0,0,0,0,0,,,0,0,0,0,0,,
2,cross_camera,000022,6,60,0,same_forward_candidate_joint_contribution,registered_style,,,,0,0,0,0,0,,,0,0,0,0,0,,
2,cross_camera,000023,7,60,0,same_forward_candidate_joint_contribution,original,,,,0,0,0,0,0,,,0,0,0,0,0,,
2,cross_camera,000023,7,60,0,same_forward_candidate_joint_contribution,registered_style,,,,0,0,0,0,0,,,0,0,0,0,0,,
2,cross_camera,000025,8,60,0,same_forward_candidate_joint_contribution,original,,,,0,0,0,0,0,,,0,0,0,0,0,,
2,cross_camera,000025,8,60,0,same_forward_candidate_joint_contribution,registered_style,,,,0,0,0,0,0,,,0,0,0,0,0,,
2,cross_camera,000026,9,60,0,same_forward_candidate_joint_contribution,original,,,,0,0,0,0,0,,,0,0,0,0,0,,
2,cross_camera,000026,9,60,0,same_forward_candidate_joint_contribution,registered_style,,,,0,0,0,0,0,,,0,0,0,0,0,,
2,cross_camera,000028,10,60,0,same_forward_candidate_joint_contribution,original,,,,0,0,0,0,0,,,0,0,0,0,0,,
2,cross_camera,000028,10,60,0,same_forward_candidate_joint_contribution,registered_style,,,,0,0,0,0,0,,,0,0,0,0,0,,
2,cross_camera,000029,11,60,0,same_forward_candidate_joint_contribution,original,,,,0,0,0,0,0,,,0,0,0,0,0,,
2,cross_camera,000029,11,60,0,same_forward_candidate_joint_contribution,registered_style,,,,0,0,0,0,0,,,0,0,0,0,0,,
2,cross_camera,000031,12,60,0,same_forward_candidate_joint_contribution,original,,,,0,0,0,0,0,,,0,0,0,0,0,,
2,cross_camera,000031,12,60,0,same_forward_candidate_joint_contribution,registered_style,,,,0,0,0,0,0,,,0,0,0,0,0,,
2,cross_camera,000032,13,60,0,same_forward_candidate_joint_contribution,original,,,,0,0,0,0,0,,,0,0,0,0,0,,
2,cross_camera,000032,13,60,0,same_forward_candidate_joint_contribution,registered_style,,,,0,0,0,0,0,,,0,0,0,0,0,,
2,cross_camera,000034,14,60,0,same_forward_candidate_joint_contribution,original,,,,0,0,0,0,0,,,0,0,0,0,0,,
2,cross_camera,000034,14,60,0,same_forward_candidate_joint_contribution,registered_style,,,,0,0,0,0,0,,,0,0,0,0,0,,
2,cross_camera,000035,15,60,0,same_forward_candidate_joint_contribution,original,,,,0,0,0,0,0,,,0,0,0,0,0,,
2,cross_camera,000035,15,60,0,same_forward_candidate_joint_contribution,registered_style,,,,0,0,0,0,0,,,0,0,0,0,0,,
2,cross_camera,000037,16,60,0,same_forward_candidate_joint_contribution,original,,,,0,0,0,0,0,,,0,0,0,0,0,,
2,cross_camera,000037,16,60,0,same_forward_candidate_joint_contribution,registered_style,,,,0,0,0,0,0,,,0,0,0,0,0,,
2,cross_camera,000038,17,60,0,same_forward_candidate_joint_contribution,original,,,,0,0,0,0,0,,,0,0,0,0,0,,
2,cross_camera,000038,17,60,0,same_forward_candidate_joint_contribution,registered_style,,,,0,0,0,0,0,,,0,0,0,0,0,,
2,cross_camera,000040,18,60,0,same_forward_candidate_joint_contribution,original,,,,0,0,0,0,0,,,0,0,0,0,0,,
2,cross_camera,000040,18,60,0,same_forward_candidate_joint_contribution,registered_style,,,,0,0,0,0,0,,,0,0,0,0,0,,
2,cross_camera,000041,19,60,0,same_forward_candidate_joint_contribution,original,,,,0,0,0,0,0,,,0,0,0,0,0,,
2,cross_camera,000041,19,60,0,same_forward_candidate_joint_contribution,registered_style,,,,0,0,0,0,0,,,0,0,0,0,0,,
2,cross_camera,000043,20,60,0,same_forward_candidate_joint_contribution,original,,,,0,0,0,0,0,,,0,0,0,0,0,,
2,cross_camera,000043,20,60,0,same_forward_candidate_joint_contribution,registered_style,,,,0,0,0,0,0,,,0,0,0,0,0,,
2,cross_camera,000044,21,60,0,same_forward_candidate_joint_contribution,original,,,,0,0,0,0,0,,,0,0,0,0,0,,
2,cross_camera,000044,21,60,0,same_forward_candidate_joint_contribution,registered_style,,,,0,0,0,0,0,,,0,0,0,0,0,,
2,cross_camera,000046,22,60,0,same_forward_candidate_joint_contribution,original,,,,0,0,0,0,0,,,0,0,0,0,0,,
2,cross_camera,000046,22,60,0,same_forward_candidate_joint_contribution,registered_style,,,,0,0,0,0,0,,,0,0,0,0,0,,
2,cross_camera,000047,23,60,0,same_forward_candidate_joint_contribution,original,,,,0,0,0,0,0,,,0,0,0,0,0,,
2,cross_camera,000047,23,60,0,same_forward_candidate_joint_contribution,registered_style,,,,0,0,0,0,0,,,0,0,0,0,0,,
2,cross_camera,000049,24,60,0,same_forward_candidate_joint_contribution,original,,,,0,0,0,0,0,,,0,0,0,0,0,,
2,cross_camera,000049,24,60,0,same_forward_candidate_joint_contribution,registered_style,,,,0,0,0,0,0,,,0,0,0,0,0,,
2,cross_camera,000050,25,60,0,same_forward_candidate_joint_contribution,original,,,,0,0,0,0,0,,,0,0,0,0,0,,
2,cross_camera,000050,25,60,0,same_forward_candidate_joint_contribution,registered_style,,,,0,0,0,0,0,,,0,0,0,0,0,,
2,cross_camera,000058,26,20,0,same_forward_candidate_joint_contribution,original,,,,0,0,0,0,0,,,0,0,0,0,0,,
2,cross_camera,000058,26,20,0,same_forward_candidate_joint_contribution,registered_style,,,,0,0,0,0,0,,,0,0,0,0,0,,
2,cross_camera,000098,27,60,0,same_forward_candidate_joint_contribution,original,,,,0,0,0,0,0,,,0,0,0,0,0,,
2,cross_camera,000098,27,60,0,same_forward_candidate_joint_contribution,registered_style,,,,0,0,0,0,0,,,0,0,0,0,0,,
2,cross_camera,000127,28,60,0,same_forward_candidate_joint_contribution,original,,,,0,0,0,0,0,,,0,0,0,0,0,,
2,cross_camera,000127,28,60,0,same_forward_candidate_joint_contribution,registered_style,,,,0,0,0,0,0,,,0,0,0,0,0,,
2,cross_camera,000128,29,60,0,same_forward_candidate_joint_contribution,original,,,,0,0,0,0,0,,,0,0,0,0,0,,
2,cross_camera,000128,29,60,0,same_forward_candidate_joint_contribution,registered_style,,,,0,0,0,0,0,,,0,0,0,0,0,,
2,cross_camera,000150,30,60,0,same_forward_candidate_joint_contribution,original,,,,0,0,0,0,0,,,0,0,0,0,0,,
2,cross_camera,000150,30,60,0,same_forward_candidate_joint_contribution,registered_style,,,,0,0,0,0,0,,,0,0,0,0,0,,
2,cross_camera,000151,31,60,0,same_forward_candidate_joint_contribution,original,,,,0,0,0,0,0,,,0,0,0,0,0,,
2,cross_camera,000151,31,60,0,same_forward_candidate_joint_contribution,registered_style,,,,0,0,0,0,0,,,0,0,0,0,0,,
2,cross_camera,000153,32,60,0,same_forward_candidate_joint_contribution,original,,,,0,0,0,0,0,,,0,0,0,0,0,,
2,cross_camera,000153,32,60,0,same_forward_candidate_joint_contribution,registered_style,,,,0,0,0,0,0,,,0,0,0,0,0,,
2,cross_camera,000154,33,60,0,same_forward_candidate_joint_contribution,original,,,,0,0,0,0,0,,,0,0,0,0,0,,
2,cross_camera,000154,33,60,0,same_forward_candidate_joint_contribution,registered_style,,,,0,0,0,0,0,,,0,0,0,0,0,,
2,cross_camera,000159,34,46,73696,same_forward_candidate_joint_contribution,original,0.663645228760836,0.641831395566855,0.021885227602282748,72641,0,0,0,0,7.67583099979093e-06,9.99245686198418e-06,22,27,73641,0,2,0.0,2.7158783829660107e-05
2,cross_camera,000159,34,46,73696,same_forward_candidate_joint_contribution,registered_style,0.6513619298237753,0.6304080206682579,0.021036824936143016,72568,0,0,0,0,1.862100523718401e-05,2.2267560660607888e-05,53,55,73641,0,2,0.0,2.7158783829660107e-05
2,cross_camera,000181,35,60,0,same_forward_candidate_joint_contribution,original,,,,0,0,0,0,0,,,0,0,0,0,0,,
2,cross_camera,000181,35,60,0,same_forward_candidate_joint_contribution,registered_style,,,,0,0,0,0,0,,,0,0,0,0,0,,
2,cross_camera,000182,36,60,0,same_forward_candidate_joint_contribution,original,,,,0,0,0,0,0,,,0,0,0,0,0,,
2,cross_camera,000182,36,60,0,same_forward_candidate_joint_contribution,registered_style,,,,0,0,0,0,0,,,0,0,0,0,0,,
2,cross_camera,000184,37,60,0,same_forward_candidate_joint_contribution,original,,,,0,0,0,0,0,,,0,0,0,0,0,,
2,cross_camera,000184,37,60,0,same_forward_candidate_joint_contribution,registered_style,,,,0,0,0,0,0,,,0,0,0,0,0,,
2,cross_camera,000185,38,40,0,same_forward_candidate_joint_contribution,original,,,,0,0,0,0,0,,,0,0,0,0,0,,
2,cross_camera,000185,38,40,0,same_forward_candidate_joint_contribution,registered_style,,,,0,0,0,0,0,,,0,0,0,0,0,,
2,cross_camera,000187,39,20,0,same_forward_candidate_joint_contribution,original,,,,0,0,0,0,0,,,0,0,0,0,0,,
2,cross_camera,000187,39,20,0,same_forward_candidate_joint_contribution,registered_style,,,,0,0,0,0,0,,,0,0,0,0,0,,
2,cross_camera,000188,40,40,0,same_forward_candidate_joint_contribution,original,,,,0,0,0,0,0,,,0,0,0,0,0,,
2,cross_camera,000188,40,40,0,same_forward_candidate_joint_contribution,registered_style,,,,0,0,0,0,0,,,0,0,0,0,0,,
2,cross_camera,000190,41,20,0,same_forward_candidate_joint_contribution,original,,,,0,0,0,0,0,,,0,0,0,0,0,,
2,cross_camera,000190,41,20,0,same_forward_candidate_joint_contribution,registered_style,,,,0,0,0,0,0,,,0,0,0,0,0,,
2,cross_camera,000191,42,31,49840,same_forward_candidate_joint_contribution,original,0.583701446574117,0.5618439773326518,0.021904516818821166,49369,0,0,0,0,6.352732487512438e-05,8.463451050016957e-05,138,173,49673,0,30,0.0,0.0006039498319006301
2,cross_camera,000191,42,31,49840,same_forward_candidate_joint_contribution,registered_style,0.5677463157749384,0.5464578715362886,0.02133581740848001,49376,0,0,0,0,7.017293911661835e-05,9.429962180764297e-05,164,207,49673,0,43,0.0,0.0008656614257242365
2,cross_camera,000193,43,20,0,same_forward_candidate_joint_contribution,original,,,,0,0,0,0,0,,,0,0,0,0,0,,
2,cross_camera,000193,43,20,0,same_forward_candidate_joint_contribution,registered_style,,,,0,0,0,0,0,,,0,0,0,0,0,,
2,cross_camera,000198,44,47,77616,same_forward_candidate_joint_contribution,original,0.5996308888309088,0.5796212702662422,0.020100129942989348,76530,0,0,0,0,3.6540555629325264e-05,4.613268428163623e-05,88,112,77417,0,13,0.0,0.00016792177428730123
2,cross_camera,000198,44,47,77616,same_forward_candidate_joint_contribution,registered_style,0.5887256630330048,0.5690747160151397,0.019743411170194507,76500,0,0,0,0,6.498489063199514e-05,9.128403571138051e-05,198,249,77417,0,51,0.0,0.0006587700375886433
2,cross_camera,000200,45,70,112448,same_forward_candidate_joint_contribution,original,0.6245341373423452,0.6015771212404164,0.02300223571989198,111467,0,0,0,0,4.479587965573029e-05,5.244545496065224e-05,90,105,112324,0,11,0.0,9.79309853637691e-05
2,cross_camera,000200,45,70,112448,same_forward_candidate_joint_contribution,registered_style,0.6151991259640874,0.5924836225372208,0.022750120025374784,111552,0,0,0,0,5.105101657557396e-05,6.035544040780831e-05,123,147,112324,0,25,0.0,0.0002225704212812934
2,cross_camera,000204,46,50,64064,same_forward_candidate_joint_contribution,original,0.6124164092105713,0.5880069329821465,0.024424857654821382,63805,0,0,0,0,2.671011628953711e-05,4.193084976190091e-05,69,95,63950,0,28,0.0,0.00043784206411258793
2,cross_camera,000204,46,50,64064,same_forward_candidate_joint_contribution,registered_style,0.6046904107438227,0.5805382597510297,0.024169048927889434,63769,0,0,0,0,4.219950809460065e-05,5.657807614454001e-05,112,139,63950,0,30,0.0,0.0004691164972634871
2,cross_camera,000209,47,49,76720,same_forward_candidate_joint_contribution,original,0.600495127919669,0.5813144444849966,0.01927203640610916,75463,0,0,0,0,4.152662813332446e-05,5.105422761118724e-05,93,113,76589,0,16,0.0,0.0002089072843358707
2,cross_camera,000209,47,49,76720,same_forward_candidate_joint_contribution,registered_style,0.5897608185014119,0.5704020332531158,0.01944578931632405,75505,0,0,0,0,5.1590169233948604e-05,6.775667170465519e-05,121,161,76589,0,37,0.0,0.000483098095026701
2,cross_camera,000213,48,28,43568,same_forward_candidate_joint_contribution,original,0.5642926269937669,0.5374380281066723,0.026860384930552726,43527,0,0,0,0,4.8381426069067305e-05,7.082741286108815e-05,87,112,43432,0,23,0.0,0.0005295634555166698
2,cross_camera,000213,48,28,43568,same_forward_candidate_joint_contribution,registered_style,0.5528302082653919,0.5269370874483912,0.025901740000506192,43492,0,0,0,0,7.29334000672712e-05,0.00010189637293258516,134,167,43432,0,35,0.0,0.0008058574323079757
2,cross_camera,000214,49,20,0,same_forward_candidate_joint_contribution,original,,,,0,0,0,0,0,,,0,0,0,0,0,,
2,cross_camera,000214,49,20,0,same_forward_candidate_joint_contribution,registered_style,,,,0,0,0,0,0,,,0,0,0,0,0,,
2,cross_camera,000215,50,40,0,same_forward_candidate_joint_contribution,original,,,,0,0,0,0,0,,,0,0,0,0,0,,
2,cross_camera,000215,50,40,0,same_forward_candidate_joint_contribution,registered_style,,,,0,0,0,0,0,,,0,0,0,0,0,,
2,cross_camera,000217,51,32,44576,same_forward_candidate_joint_contribution,original,0.5782320314023961,0.554868034725326,0.02337607015773265,44450,0,0,0,0,0.0002969507073947801,0.0003169709652049693,213,227,44289,0,14,0.0,0.000316105579263474
2,cross_camera,000217,51,32,44576,same_forward_candidate_joint_contribution,registered_style,0.5657475603839993,0.5432202359993213,0.022545902652428566,44381,0,0,0,0,0.00034167679670913894,0.0003724864977083464,284,313,44289,0,29,0.0,0.000654790128474339
2,cross_camera,000218,52,20,0,same_forward_candidate_joint_contribution,original,,,,0,0,0,0,0,,,0,0,0,0,0,,
2,cross_camera,000218,52,20,0,same_forward_candidate_joint_contribution,registered_style,,,,0,0,0,0,0,,,0,0,0,0,0,,
2,cross_camera,000219,53,20,0,same_forward_candidate_joint_contribution,original,,,,0,0,0,0,0,,,0,0,0,0,0,,
2,cross_camera,000219,53,20,0,same_forward_candidate_joint_contribution,registered_style,,,,0,0,0,0,0,,,0,0,0,0,0,,
2,cross_camera,000223,54,40,0,same_forward_candidate_joint_contribution,original,,,,0,0,0,0,0,,,0,0,0,0,0,,
2,cross_camera,000223,54,40,0,same_forward_candidate_joint_contribution,registered_style,,,,0,0,0,0,0,,,0,0,0,0,0,,
2,cross_camera,000224,55,40,0,same_forward_candidate_joint_contribution,original,,,,0,0,0,0,0,,,0,0,0,0,0,,
2,cross_camera,000224,55,40,0,same_forward_candidate_joint_contribution,registered_style,,,,0,0,0,0,0,,,0,0,0,0,0,,
2,cross_camera,000228,56,53,83440,same_forward_candidate_joint_contribution,original,0.6184205604917598,0.5951602676168664,0.023262555912136586,83348,0,0,0,0,1.3287549743593357e-05,1.9813954145746833e-05,54,81,83289,0,23,0.0,0.0002761469101562031
2,cross_camera,000228,56,53,83440,same_forward_candidate_joint_contribution,registered_style,0.6044799602864184,0.5815307397696093,0.022954663068159575,83299,0,0,0,0,4.276687416497381e-05,6.0829320288229644e-05,143,198,83289,0,50,0.0,0.0006003193699047894
2,cross_camera,000229,57,20,0,same_forward_candidate_joint_contribution,original,,,,0,0,0,0,0,,,0,0,0,0,0,,
2,cross_camera,000229,57,20,0,same_forward_candidate_joint_contribution,registered_style,,,,0,0,0,0,0,,,0,0,0,0,0,,
2,cross_camera,000230,58,20,0,same_forward_candidate_joint_contribution,original,,,,0,0,0,0,0,,,0,0,0,0,0,,
2,cross_camera,000230,58,20,0,same_forward_candidate_joint_contribution,registered_style,,,,0,0,0,0,0,,,0,0,0,0,0,,
2,cross_camera,000232,59,49,79072,same_forward_candidate_joint_contribution,original,0.6431031358580568,0.6132274739047915,0.02987806907838685,79013,0,0,0,0,0.0001256005154205442,0.000139301288412197,148,163,78910,0,15,0.0,0.0001900899759219364
2,cross_camera,000232,59,49,79072,same_forward_candidate_joint_contribution,registered_style,0.6367041911982235,0.6072820368124583,0.029428318087555666,78972,0,0,0,0,0.00012101590049177418,0.00013768134080888823,160,182,78910,0,22,0.0,0.00027879863135217336
2,cross_camera,000235,60,53,87920,same_forward_candidate_joint_contribution,original,0.5882997927683455,0.5608868891362956,0.027444083454251752,87381,0,0,0,0,1.2152020646268508e-05,1.4020804048431922e-05,37,43,87847,0,6,0.0,6.830056803305747e-05
2,cross_camera,000235,60,53,87920,same_forward_candidate_joint_contribution,registered_style,0.5782714458130337,0.5516465372551148,0.026666112402780807,87238,0,0,0,0,2.235702542021489e-05,2.56875956993432e-05,73,86,87847,0,13,0.0,0.00014798456407162452
2,cross_camera,000238,61,40,0,same_forward_candidate_joint_contribution,original,,,,0,0,0,0,0,,,0,0,0,0,0,,
2,cross_camera,000238,61,40,0,same_forward_candidate_joint_contribution,registered_style,,,,0,0,0,0,0,,,0,0,0,0,0,,
2,cross_camera,000239,62,51,49504,same_forward_candidate_joint_contribution,original,0.6148122862617575,0.5935663588895927,0.021276093899209484,49117,0,0,0,0,6.7598156464333635e-06,9.040307105550302e-06,18,28,49444,0,8,0.0,0.0001617992071838848
2,cross_camera,000239,62,51,49504,same_forward_candidate_joint_contribution,registered_style,0.5974664730293786,0.5766136499869361,0.02087611966911767,49188,0,0,0,0,2.817168150873907e-05,3.9084415813619126e-05,60,89,49444,0,29,0.0,0.0005865221260415824
2,cross_camera,000242,63,60,0,same_forward_candidate_joint_contribution,original,,,,0,0,0,0,0,,,0,0,0,0,0,,
2,cross_camera,000242,63,60,0,same_forward_candidate_joint_contribution,registered_style,,,,0,0,0,0,0,,,0,0,0,0,0,,
2,cross_camera,000248,64,40,0,same_forward_candidate_joint_contribution,original,,,,0,0,0,0,0,,,0,0,0,0,0,,
2,cross_camera,000248,64,40,0,same_forward_candidate_joint_contribution,registered_style,,,,0,0,0,0,0,,,0,0,0,0,0,,
2,cross_camera,000251,65,50,83440,same_forward_candidate_joint_contribution,original,0.6007096412881837,0.5749981745711898,0.025738232862247565,82992,0,0,0,0,5.591492930949514e-05,5.014655852438584e-05,147,144,83224,0,7,0.0,8.41103527828511e-05
2,cross_camera,000251,65,50,83440,same_forward_candidate_joint_contribution,registered_style,0.59035922093116,0.5651225929563525,0.025271412604734266,82955,0,0,0,0,0.00012093309251430952,0.00011110488379775624,215,227,83224,0,21,0.0,0.0002523310583485533
2,cross_camera,000256,66,40,0,same_forward_candidate_joint_contribution,original,,,,0,0,0,0,0,,,0,0,0,0,0,,
2,cross_camera,000256,66,40,0,same_forward_candidate_joint_contribution,registered_style,,,,0,0,0,0,0,,,0,0,0,0,0,,
2,cross_camera,000257,67,51,78848,same_forward_candidate_joint_contribution,original,0.6285033439944764,0.596418805807773,0.03208605438476851,78822,0,0,0,0,3.5326576597348284e-05,4.403173841752874e-05,89,108,78696,0,10,0.0,0.0001270712615634848
2,cross_camera,000257,67,51,78848,same_forward_candidate_joint_contribution,registered_style,0.6176209001835075,0.5866313627544624,0.030991795076861957,78811,0,0,0,0,5.134090772692584e-05,6.080560690789293e-05,141,160,78696,0,16,0.0,0.0002033140185015757
2,cross_camera,000262,68,40,0,same_forward_candidate_joint_contribution,original,,,,0,0,0,0,0,,,0,0,0,0,0,,
2,cross_camera,000262,68,40,0,same_forward_candidate_joint_contribution,registered_style,,,,0,0,0,0,0,,,0,0,0,0,0,,
2,cross_camera,000263,69,40,0,same_forward_candidate_joint_contribution,original,,,,0,0,0,0,0,,,0,0,0,0,0,,
2,cross_camera,000263,69,40,0,same_forward_candidate_joint_contribution,registered_style,,,,0,0,0,0,0,,,0,0,0,0,0,,
2,cross_camera,000265,70,20,0,same_forward_candidate_joint_contribution,original,,,,0,0,0,0,0,,,0,0,0,0,0,,
2,cross_camera,000265,70,20,0,same_forward_candidate_joint_contribution,registered_style,,,,0,0,0,0,0,,,0,0,0,0,0,,
2,cross_camera,000266,71,40,0,same_forward_candidate_joint_contribution,original,,,,0,0,0,0,0,,,0,0,0,0,0,,
2,cross_camera,000266,71,40,0,same_forward_candidate_joint_contribution,registered_style,,,,0,0,0,0,0,,,0,0,0,0,0,,
2,cross_camera,000268,72,20,0,same_forward_candidate_joint_contribution,original,,,,0,0,0,0,0,,,0,0,0,0,0,,
2,cross_camera,000268,72,20,0,same_forward_candidate_joint_contribution,registered_style,,,,0,0,0,0,0,,,0,0,0,0,0,,
2,cross_camera,000281,73,40,0,same_forward_candidate_joint_contribution,original,,,,0,0,0,0,0,,,0,0,0,0,0,,
2,cross_camera,000281,73,40,0,same_forward_candidate_joint_contribution,registered_style,,,,0,0,0,0,0,,,0,0,0,0,0,,
2,cross_camera,000297,74,40,0,same_forward_candidate_joint_contribution,original,,,,0,0,0,0,0,,,0,0,0,0,0,,
2,cross_camera,000297,74,40,0,same_forward_candidate_joint_contribution,registered_style,,,,0,0,0,0,0,,,0,0,0,0,0,,
2,cross_camera,000300,75,40,0,same_forward_candidate_joint_contribution,original,,,,0,0,0,0,0,,,0,0,0,0,0,,
2,cross_camera,000300,75,40,0,same_forward_candidate_joint_contribution,registered_style,,,,0,0,0,0,0,,,0,0,0,0,0,,
2,cross_camera,000302,76,40,0,same_forward_candidate_joint_contribution,original,,,,0,0,0,0,0,,,0,0,0,0,0,,
2,cross_camera,000302,76,40,0,same_forward_candidate_joint_contribution,registered_style,,,,0,0,0,0,0,,,0,0,0,0,0,,
2,cross_camera,000303,77,40,0,same_forward_candidate_joint_contribution,original,,,,0,0,0,0,0,,,0,0,0,0,0,,
2,cross_camera,000303,77,40,0,same_forward_candidate_joint_contribution,registered_style,,,,0,0,0,0,0,,,0,0,0,0,0,,
2,cross_camera,000305,78,40,0,same_forward_candidate_joint_contribution,original,,,,0,0,0,0,0,,,0,0,0,0,0,,
2,cross_camera,000305,78,40,0,same_forward_candidate_joint_contribution,registered_style,,,,0,0,0,0,0,,,0,0,0,0,0,,
2,cross_camera,000306,79,20,0,same_forward_candidate_joint_contribution,original,,,,0,0,0,0,0,,,0,0,0,0,0,,
2,cross_camera,000306,79,20,0,same_forward_candidate_joint_contribution,registered_style,,,,0,0,0,0,0,,,0,0,0,0,0,,
2,cross_camera,000308,80,40,0,same_forward_candidate_joint_contribution,original,,,,0,0,0,0,0,,,0,0,0,0,0,,
2,cross_camera,000308,80,40,0,same_forward_candidate_joint_contribution,registered_style,,,,0,0,0,0,0,,,0,0,0,0,0,,
2,cross_camera,000309,81,40,0,same_forward_candidate_joint_contribution,original,,,,0,0,0,0,0,,,0,0,0,0,0,,
2,cross_camera,000309,81,40,0,same_forward_candidate_joint_contribution,registered_style,,,,0,0,0,0,0,,,0,0,0,0,0,,
2,cross_camera,000311,82,40,0,same_forward_candidate_joint_contribution,original,,,,0,0,0,0,0,,,0,0,0,0,0,,
2,cross_camera,000311,82,40,0,same_forward_candidate_joint_contribution,registered_style,,,,0,0,0,0,0,,,0,0,0,0,0,,
2,cross_camera,000312,83,40,0,same_forward_candidate_joint_contribution,original,,,,0,0,0,0,0,,,0,0,0,0,0,,
2,cross_camera,000312,83,40,0,same_forward_candidate_joint_contribution,registered_style,,,,0,0,0,0,0,,,0,0,0,0,0,,
2,cross_camera,000314,84,60,0,same_forward_candidate_joint_contribution,original,,,,0,0,0,0,0,,,0,0,0,0,0,,
2,cross_camera,000314,84,60,0,same_forward_candidate_joint_contribution,registered_style,,,,0,0,0,0,0,,,0,0,0,0,0,,
2,cross_camera,000315,85,40,0,same_forward_candidate_joint_contribution,original,,,,0,0,0,0,0,,,0,0,0,0,0,,
2,cross_camera,000315,85,40,0,same_forward_candidate_joint_contribution,registered_style,,,,0,0,0,0,0,,,0,0,0,0,0,,
2,cross_camera,000317,86,40,0,same_forward_candidate_joint_contribution,original,,,,0,0,0,0,0,,,0,0,0,0,0,,
2,cross_camera,000317,86,40,0,same_forward_candidate_joint_contribution,registered_style,,,,0,0,0,0,0,,,0,0,0,0,0,,
2,cross_camera,000318,87,60,0,same_forward_candidate_joint_contribution,original,,,,0,0,0,0,0,,,0,0,0,0,0,,
2,cross_camera,000318,87,60,0,same_forward_candidate_joint_contribution,registered_style,,,,0,0,0,0,0,,,0,0,0,0,0,,
2,cross_camera,000320,88,40,0,same_forward_candidate_joint_contribution,original,,,,0,0,0,0,0,,,0,0,0,0,0,,
2,cross_camera,000320,88,40,0,same_forward_candidate_joint_contribution,registered_style,,,,0,0,0,0,0,,,0,0,0,0,0,,
2,cross_camera,000321,89,40,0,same_forward_candidate_joint_contribution,original,,,,0,0,0,0,0,,,0,0,0,0,0,,
2,cross_camera,000321,89,40,0,same_forward_candidate_joint_contribution,registered_style,,,,0,0,0,0,0,,,0,0,0,0,0,,
2,cross_camera,000323,90,20,0,same_forward_candidate_joint_contribution,original,,,,0,0,0,0,0,,,0,0,0,0,0,,
2,cross_camera,000323,90,20,0,same_forward_candidate_joint_contribution,registered_style,,,,0,0,0,0,0,,,0,0,0,0,0,,
2,cross_camera,000324,91,40,0,same_forward_candidate_joint_contribution,original,,,,0,0,0,0,0,,,0,0,0,0,0,,
2,cross_camera,000324,91,40,0,same_forward_candidate_joint_contribution,registered_style,,,,0,0,0,0,0,,,0,0,0,0,0,,
2,cross_camera,000326,92,40,0,same_forward_candidate_joint_contribution,original,,,,0,0,0,0,0,,,0,0,0,0,0,,
2,cross_camera,000326,92,40,0,same_forward_candidate_joint_contribution,registered_style,,,,0,0,0,0,0,,,0,0,0,0,0,,
2,cross_camera,000327,93,40,0,same_forward_candidate_joint_contribution,original,,,,0,0,0,0,0,,,0,0,0,0,0,,
2,cross_camera,000327,93,40,0,same_forward_candidate_joint_contribution,registered_style,,,,0,0,0,0,0,,,0,0,0,0,0,,
2,identity,000009,0,60,188160,same_forward_candidate_joint_contribution,original,0.6593887573461481,0.6386058277387444,0.020862837613480668,184937,0,0,0,0,3.5523039842595033e-06,6.268033988725503e-06,36,49,187975,0,9,0.0,4.787870727490358e-05
2,identity,000009,0,60,188160,same_forward_candidate_joint_contribution,registered_style,0.642163097630449,0.6213007666548254,0.021007194524885513,183881,0,0,0,0,3.9619137193352525e-05,4.841107730710351e-05,184,230,187975,0,53,0.0,0.0002819523872855433
2,identity,000011,1,60,188160,same_forward_candidate_joint_contribution,original,0.6404447237017199,0.6221350114952656,0.018411440445301457,184711,0,0,0,0,5.214243749176315e-06,9.827689156430435e-06,45,63,188083,0,13,0.0,6.911842112258949e-05
2,identity,000011,1,60,188160,same_forward_candidate_joint_contribution,registered_style,0.6305233744485859,0.6129895825283408,0.017660507675033413,183966,0,0,0,0,1.1820061349372617e-05,1.7842515708462848e-05,68,92,188083,0,20,0.0,0.00010633603249629153
2,identity,000015,2,20,62720,same_forward_candidate_joint_contribution,original,0.6759138787235965,0.6505022729124837,0.0254866274431569,62129,0,0,0,0,0.0,6.882213545974028e-09,0,1,62700,0,1,0.0,1.594896331738437e-05
2,identity,000015,2,20,62720,same_forward_candidate_joint_contribution,registered_style,0.6599529521032569,0.635489068669254,0.024541564951236144,62086,0,0,0,0,1.1522386565738666e-05,1.1025027043680584e-05,20,22,62700,0,2,0.0,3.189792663476874e-05
2,identity,000017,3,40,125440,same_forward_candidate_joint_contribution,original,0.6371383077292454,0.6216393693552423,0.01587956032154598,119416,0,0,0,0,7.216173370203867e-05,8.334764073455127e-05,154,176,124994,0,2,0.0,1.600076803686577e-05
2,identity,000017,3,40,125440,same_forward_candidate_joint_contribution,registered_style,0.6201584897372023,0.6043136623326972,0.01626698462602634,118987,0,0,1,1,0.00023501224830777996,0.00026012422786722203,442,529,124994,0,91,0.0,0.0007280349456773925
2,identity,000019,4,60,188160,same_forward_candidate_joint_contribution,original,0.676081498799197,0.6490046759448065,0.027093588308564773,187481,0,0,0,0,1.2419067588900695e-06,1.5834969815419147e-06,16,20,188106,0,2,0.0,1.0632303063166513e-05
2,identity,000019,4,60,188160,same_forward_candidate_joint_contribution,registered_style,0.6658800720598221,0.6386259586678685,0.027274243242791086,187401,0,0,0,0,8.926269765025028e-06,9.81360300399359e-06,54,54,188106,0,4,0.0,2.1264606126333025e-05
2,identity,000020,5,60,188160,same_forward_candidate_joint_contribution,original,0.6762871285807619,0.6564479470866778,0.01996501840848296,183988,0,0,0,0,9.873295739885594e-06,1.363249066064355e-05,57,78,188053,0,18,0.0,9.571769660680766e-05
2,identity,000020,5,60,188160,same_forward_candidate_joint_contribution,registered_style,0.6632690665524846,0.6431291290373594,0.020244348408592683,184514,0,0,0,0,1.3744748383031406e-05,1.931884316093323e-05,96,132,188053,0,29,0.0,0.00015421184453319012
2,identity,000022,6,60,188160,same_forward_candidate_joint_contribution,original,0.6568199100118364,0.6212674605630171,0.035553073644016685,188127,0,0,0,0,1.115974820189994e-05,1.439642271867626e-05,66,90,188030,0,11,0.0,5.850130298356645e-05
2,identity,000022,6,60,188160,same_forward_candidate_joint_contribution,registered_style,0.6442343418051938,0.6092430893105778,0.03499258997314248,188093,0,0,0,0,2.0546972530454334e-05,2.6156284436297918e-05,126,160,188030,0,32,0.0,0.00017018560867946604
2,identity,000023,7,60,188160,same_forward_candidate_joint_contribution,original,0.6509278361835251,0.6263844922032344,0.02463150706636587,185484,0,0,0,0,5.530657640419206e-06,1.1905825208773771e-05,52,90,188051,0,26,0.0,0.00013826036553913566
2,identity,000023,7,60,188160,same_forward_candidate_joint_contribution,registered_style,0.6329177908655506,0.6077478865583587,0.025249889710530438,185742,0,0,0,0,1.2275171604734212e-05,2.073278886605191e-05,106,154,188051,0,48,0.0,0.000255249905610712
2,identity,000025,8,60,188160,same_forward_candidate_joint_contribution,original,0.7113034653421242,0.6804459742657551,0.030858418016500733,188072,0,0,0,0,1.6986584011011174e-07,1.8888301563906586e-07,3,3,188156,0,0,0.0,0.0
2,identity,000025,8,60,188160,same_forward_candidate_joint_contribution,registered_style,0.6990177433816522,0.668962328911004,0.030058953514488007,187992,0,0,0,0,3.9089496417092377e-07,4.0811703745411726e-07,4,4,188156,0,0,0.0,0.0
2,identity,000026,9,60,188160,same_forward_candidate_joint_contribution,original,0.6636021164390037,0.627033110513728,0.03657149780806878,188062,0,0,0,0,4.130083268153356e-06,1.0913452522398082e-05,38,92,188067,0,42,0.0,0.00022332466620938283
2,identity,000026,9,60,188160,same_forward_candidate_joint_contribution,registered_style,0.6497184739583948,0.6146336474174167,0.03508945475999587,188004,0,0,0,0,1.1016836907469584e-05,1.8591222563239104e-05,89,140,188067,0,50,0.0,0.0002658626978683129
2,identity,000028,10,60,188160,same_forward_candidate_joint_contribution,original,0.6643507169980217,0.6354794258916194,0.028882671114217596,187609,0,0,0,0,1.1805879440468472e-05,1.3184023852449771e-05,71,84,187978,0,6,0.0,3.19186287757078e-05
2,identity,000028,10,60,188160,same_forward_candidate_joint_contribution,registered_style,0.6516598089189972,0.6239570444964773,0.027722961799629332,187298,0,0,0,0,3.7964692493530446e-05,4.1993844232278326e-05,178,181,187978,0,10,0.0,5.319771462617966e-05
2,identity,000029,11,60,188160,same_forward_candidate_joint_contribution,original,0.6359778953679432,0.6056396585777726,0.03034625349016226,187808,0,0,0,0,1.2627531662294963e-06,2.050225791858783e-06,14,24,188098,0,7,0.0,3.721464343055216e-05
2,identity,000029,11,60,188160,same_forward_candidate_joint_contribution,registered_style,0.6225547760930827,0.5934249564486545,0.029155080837823383,187396,0,0,0,0,6.803510267005232e-06,1.1170411300056552e-05,61,90,188098,0,33,0.0,0.00017544046188688875
2,identity,000031,12,60,188160,same_forward_candidate_joint_contribution,original,0.6609011351708821,0.6321300617693807,0.02877203264910238,188104,0,0,0,0,3.916234808971987e-06,4.99659306338474e-06,25,31,188088,0,5,0.0,2.6583301433371613e-05
2,identity,000031,12,60,188160,same_forward_candidate_joint_contribution,registered_style,0.6514562090910095,0.6233512414815864,0.028106228311728144,188095,0,0,0,0,1.0150761927161877e-05,1.3036670774825426e-05,70,91,188088,0,21,0.0,0.00011164986602016078
2,identity,000032,13,60,188160,same_forward_candidate_joint_contribution,original,0.6704306199879198,0.6433670799610408,0.02706594844210371,187989,0,0,0,0,8.338750734454658e-06,1.074617285845041e-05,45,63,188077,0,13,0.0,6.912062612653329e-05
2,identity,000032,13,60,188160,same_forward_candidate_joint_contribution,registered_style,0.657676624047495,0.6314312476420528,0.026250372212174175,187906,0,0,0,0,1.527903808780149e-05,1.872736758934722e-05,77,97,188077,0,20,0.0,0.0001063394248100512
2,identity,000034,14,60,188160,same_forward_candidate_joint_contribution,original,0.6455940375079254,0.6216298664776548,0.024152332698630912,184196,0,0,0,0,7.211544035803202e-07,1.6150997421168631e-06,10,27,188081,0,11,0.0,5.848543978392288e-05
2,identity,000034,14,60,188160,same_forward_candidate_joint_contribution,registered_style,0.6320165902039748,0.6082110539997388,0.023975531335335146,184553,0,0,0,0,8.696506890282868e-06,1.2160303337612467e-05,78,106,188081,0,31,0.0,0.00016482260302741903
2,identity,000035,15,60,188160,same_forward_candidate_joint_contribution,original,0.6552872951662201,0.6174266663536617,0.03787322648120199,187849,0,0,0,0,3.651829785073134e-05,4.0618106347769746e-05,197,230,187814,0,16,0.0,8.519066736239045e-05
2,identity,000035,15,60,188160,same_forward_candidate_joint_contribution,registered_style,0.6462582313348927,0.609576912149359,0.03669504617925736,187796,0,0,0,0,7.341659499757662e-05,7.705890088408087e-05,341,375,187814,0,43,0.0,0.00022894991853642432
2,identity,000037,16,60,188160,same_forward_candidate_joint_contribution,original,0.6615281149739444,0.6345430968451615,0.027038884534011317,186693,0,0,0,0,3.80483059754778e-06,5.2895094848629834e-06,32,40,188075,0,7,0.0,3.7219194470291105e-05
2,identity,000037,16,60,188160,same_forward_candidate_joint_contribution,registered_style,0.6490948179711787,0.623047198692837,0.026123118755219745,186097,0,0,0,0,1.3154135980949856e-05,1.5376270893296086e-05,85,92,188075,0,13,0.0,6.912136115911206e-05
2,identity,000038,17,60,188160,same_forward_candidate_joint_contribution,original,0.6889520800944801,0.663629592220585,0.02537623427516077,186590,0,0,0,0,1.0996446422171547e-05,1.333746354396375e-05,56,66,188092,0,11,0.0,5.848201943729664e-05
2,identity,000038,17,60,188160,same_forward_candidate_joint_contribution,registered_style,0.6760774298403357,0.6508022503943526,0.02532590038361866,186641,0,0,0,0,1.1495897713147562e-05,1.3511350085497697e-05,66,72,188092,0,11,0.0,5.848201943729664e-05
2,identity,000040,18,60,188160,same_forward_candidate_joint_contribution,original,0.6862394407058933,0.6587808675883025,0.02747447374589943,187611,0,0,0,0,5.575305592342677e-06,6.423971368084764e-06,27,38,188077,0,8,0.0,4.253576992402048e-05
2,identity,000040,18,60,188160,same_forward_candidate_joint_contribution,registered_style,0.670218535122833,0.6434485756456958,0.02678546913979282,187623,0,0,0,0,1.3439396562230166e-05,1.685367140065881e-05,83,98,188077,0,15,0.0,7.97545686075384e-05
2,identity,000041,19,60,188160,same_forward_candidate_joint_contribution,original,0.6733376834562348,0.644748500628828,0.028591566376952357,188035,0,0,0,0,1.3680373135315299e-05,1.8776451930480422e-05,90,112,188023,0,15,0.0,7.977747403243221e-05
2,identity,000041,19,60,188160,same_forward_candidate_joint_contribution,registered_style,0.6610166241294965,0.6335599208762601,0.02746371322037165,187891,0,0,0,0,2.192311599401155e-05,2.9325223141738185e-05,133,172,188023,0,35,0.0,0.00018614743940900848
2,identity,000043,20,60,188160,same_forward_candidate_joint_contribution,original,0.6230433891881452,0.5947535818480696,0.028312113454979623,187254,0,0,0,0,5.475082045046774e-05,6.367603330908665e-05,258,309,187767,0,49,0.0,0.0002609617238385872
2,identity,000043,20,60,188160,same_forward_candidate_joint_contribution,registered_style,0.613434208806679,0.585665093446202,0.02779547122959477,187264,0,0,0,0,7.428468690791775e-05,8.837375893480141e-05,384,463,187767,0,90,0.0,0.00047931745194842545
2,identity,000044,21,60,188160,same_forward_candidate_joint_contribution,original,0.6319699520466938,0.6107135671979468,0.021282521180692585,187008,0,0,0,0,0.00015626729036064856,0.00020242808330013856,531,731,187347,0,152,0.0,0.0008113287108947567
2,identity,000044,21,60,188160,same_forward_candidate_joint_contribution,registered_style,0.6176939691549272,0.5956430520771095,0.022085133215174624,186846,0,0,0,0,0.0002150034199113929,0.0002804995390544756,754,1006,187347,0,227,0.0,0.0012116553774546696
2,identity,000046,22,60,188160,same_forward_candidate_joint_contribution,original,0.663279077345145,0.6338057216206012,0.02947801783617981,187950,0,0,0,0,1.948334218187453e-06,3.808692585271003e-06,15,34,188108,0,14,0.0,7.442533012950008e-05
2,identity,000046,22,60,188160,same_forward_candidate_joint_contribution,registered_style,0.6537225171777425,0.6250693169386858,0.028658728729673306,187900,0,0,0,0,6.575942134978315e-06,1.0083803394054375e-05,50,75,188108,0,25,0.0,0.00013290237523125013
2,identity,000047,23,60,188160,same_forward_candidate_joint_contribution,original,0.7003183869304762,0.6636170723537318,0.03670488111424025,188072,0,0,0,0,9.626079725503142e-06,1.5955833926424032e-05,50,83,188095,0,29,0.0,0.00015417741035115233
2,identity,000047,23,60,188160,same_forward_candidate_joint_contribution,registered_style,0.6894589266901936,0.6538470746194153,0.03561543604230012,188036,0,0,0,0,8.96623586433067e-06,1.5512943720610972e-05,57,90,188095,0,29,0.0,0.00015417741035115233
2,identity,000049,24,60,188160,same_forward_candidate_joint_contribution,original,0.6868388102987887,0.655755297555117,0.031113002161789593,187249,0,0,0,0,0.0,8.339253861538892e-09,0,1,188154,0,1,0.0,5.314795327231948e-06
2,identity,000049,24,60,188160,same_forward_candidate_joint_contribution,registered_style,0.6689501123771715,0.6390718773519741,0.029920692602057417,186969,0,0,0,0,4.960586112810955e-07,9.03946029621124e-07,6,5,188154,0,1,0.0,5.314795327231948e-06
2,identity,000050,25,60,188160,same_forward_candidate_joint_contribution,original,0.681617651117475,0.6543141543829041,0.027319287788304173,187555,0,0,0,0,3.1775289385508766e-07,4.7283401727721884e-07,3,4,188144,0,1,0.0,5.315077812739178e-06
2,identity,000050,25,60,188160,same_forward_candidate_joint_contribution,registered_style,0.6653575286723069,0.6394122464515845,0.025984197347921498,186867,0,0,0,0,1.7744737213650456e-06,1.8723495349851846e-06,16,19,188144,0,4,0.0,2.1260311250956713e-05
2,identity,000058,26,20,62720,same_forward_candidate_joint_contribution,original,0.6173133619320912,0.6028922300867894,0.01481258669339194,58721,0,0,0,0,4.260334952451574e-05,5.046850968581557e-05,61,73,62586,0,10,0.0,0.00015978014252388713
2,identity,000058,26,20,62720,same_forward_candidate_joint_contribution,registered_style,0.6067210837180028,0.5920410878594599,0.015086204296676443,58793,0,0,0,0,9.625599400222408e-05,0.00010756488591582363,130,148,62586,0,20,0.0,0.00031956028504777427
2,identity,000098,27,60,188160,same_forward_candidate_joint_contribution,original,0.6548955554296428,0.6304685448207844,0.02448538181724252,186176,0,0,0,0,4.899694652143127e-06,9.977265779866546e-06,40,59,188083,0,9,0.0,4.785121462333119e-05
2,identity,000098,27,60,188160,same_forward_candidate_joint_contribution,registered_style,0.6422502662120332,0.6175565666101734,0.02474443588087178,186376,0,0,0,0,1.2937633933508055e-05,2.017149976175338e-05,73,105,188083,0,28,0.0,0.00014887044549480815
2,identity,000127,28,60,188160,same_forward_candidate_joint_contribution,original,0.682148137499254,0.6569183095995295,0.02525537258276175,187198,0,0,0,0,9.488797001427644e-09,4.434289525445623e-08,1,1,188159,0,0,0.0,0.0
2,identity,000127,28,60,188160,same_forward_candidate_joint_contribution,registered_style,0.669325231351485,0.643891801333757,0.02546341143574338,187080,0,0,0,0,2.381514556393436e-07,2.326905118723308e-07,1,2,188159,0,1,0.0,5.314654095738179e-06
2,identity,000128,29,60,188160,same_forward_candidate_joint_contribution,original,0.6647544480714022,0.6333620354013365,0.031435767463058005,187157,0,0,0,0,1.1378293259975418e-05,1.9077594350573813e-05,70,107,188000,0,31,0.0,0.0001648936170212766
2,identity,000128,29,60,188160,same_forward_candidate_joint_contribution,registered_style,0.6561250207507068,0.6255293569667099,0.030627530168730502,187302,0,0,0,0,2.4569438367158194e-05,4.008446715896274e-05,155,218,188000,0,61,0.0,0.000324468085106383
2,identity,000150,30,60,188160,same_forward_candidate_joint_contribution,original,0.6740131057821037,0.6371954283608634,0.03683663904559029,187591,0,0,0,0,4.871696640544802e-06,7.689535661270857e-06,50,62,188099,0,13,0.0,6.911254179979692e-05
2,identity,000150,30,60,188160,same_forward_candidate_joint_contribution,registered_style,0.663548981881329,0.6282297234224167,0.03534768993283628,187532,0,0,0,0,5.677924264729822e-06,9.767445091526074e-06,57,78,188099,0,24,0.0,0.00012759238486116355
2,identity,000151,31,60,188160,same_forward_candidate_joint_contribution,original,0.6574384070011244,0.6323257082676502,0.025139516817193754,187029,0,0,0,0,7.242068967822258e-06,1.1536441558448725e-05,58,76,188072,0,15,0.0,7.975668892764474e-05
2,identity,000151,31,60,188160,same_forward_candidate_joint_contribution,registered_style,0.6477397247217596,0.6231776097376691,0.02459154681820097,186985,0,0,0,0,9.827667849184242e-06,1.5695841115288023e-05,85,107,188072,0,21,0.0,0.00011165936449870262
2,identity,000153,32,60,188160,same_forward_candidate_joint_contribution,original,0.6841988114192472,0.6614194314306999,0.022786252617518023,187864,0,0,0,0,8.674590663514667e-07,2.058320388639397e-06,12,26,188127,0,12,0.0,6.378669728428137e-05
2,identity,000153,32,60,188160,same_forward_candidate_joint_contribution,registered_style,0.6772074361944327,0.6545517531882178,0.022663545249525317,187805,0,0,0,0,3.5350692989456365e-06,5.500915444513004e-06,33,48,188127,0,15,0.0,7.97333716053517e-05
2,identity,000154,33,60,188160,same_forward_candidate_joint_contribution,original,0.6564075824893995,0.6296806404435301,0.026756764280701825,187125,0,0,0,0,1.5851087040615348e-05,2.9599993812633376e-05,86,153,188047,0,55,0.0,0.00029248007147149384
2,identity,000154,33,60,188160,same_forward_candidate_joint_contribution,registered_style,0.6454242244240872,0.6193816441043097,0.02607292311405669,187109,0,0,0,0,2.001556498450807e-05,3.7506968987889774e-05,111,199,188047,0,86,0.0,0.00045733247539179035
2,identity,000159,34,46,144256,same_forward_candidate_joint_contribution,original,0.6813830495989153,0.6588948885018947,0.022548160016029037,142473,0,0,0,0,6.755078965538315e-06,8.35372983483736e-06,37,46,144175,0,6,0.0,4.161609155540142e-05
2,identity,000159,34,46,144256,same_forward_candidate_joint_contribution,registered_style,0.6692687812906991,0.6476377877848061,0.021704263162881956,142284,0,0,0,0,1.3680181491975675e-05,1.665695857420349e-05,79,89,144175,0,11,0.0,7.629616785156928e-05
2,identity,000181,35,60,188160,same_forward_candidate_joint_contribution,original,0.6957763322965115,0.6674107515552199,0.028365641362630152,188156,0,0,0,0,2.843732086156441e-07,3.8626835334885437e-07,4,5,188125,0,1,0.0,5.315614617940199e-06
2,identity,000181,35,60,188160,same_forward_candidate_joint_contribution,registered_style,0.6765105846689299,0.6500227781836202,0.026491674257825247,188016,0,0,0,0,4.527933873934718e-06,5.395863671699228e-06,34,40,188125,0,5,0.0,2.6578073089700997e-05
2,identity,000182,36,60,188160,same_forward_candidate_joint_contribution,original,0.6583294881421828,0.631465547931722,0.02686860276795959,187865,0,0,0,0,2.815938446276091e-06,5.111430653010164e-06,28,40,188119,0,7,0.0,3.721048910530037e-05
2,identity,000182,36,60,188160,same_forward_candidate_joint_contribution,registered_style,0.6493054960085178,0.6230119370859072,0.026302793392164084,187689,0,0,0,0,5.933745520017746e-06,8.919684219144867e-06,41,59,188119,0,19,0.0,0.000100999899000101
2,identity,000184,37,60,188160,same_forward_candidate_joint_contribution,original,0.6888721189266237,0.6512196987982927,0.037660834157300614,187935,0,0,0,0,4.693716503156149e-06,5.522167471154572e-06,30,33,188084,0,3,0.0,1.5950320069756067e-05
2,identity,000184,37,60,188160,same_forward_candidate_joint_contribution,registered_style,0.6754252997827106,0.6393719699312247,0.03606810008757401,187791,0,0,0,0,9.332058162759732e-06,1.0380154036091278e-05,76,85,188084,0,15,0.0,7.975160034878033e-05
2,identity,000185,38,40,125440,same_forward_candidate_joint_contribution,original,0.7164391672475696,0.6838080725748763,0.03263184068820957,125405,0,0,0,0,0.0,7.694205039610901e-08,0,3,125416,0,0,0.0,0.0
2,identity,000185,38,40,125440,same_forward_candidate_joint_contribution,registered_style,0.6995879407749661,0.6684821927157892,0.031108191276326597,125367,0,0,0,0,5.161335131577605e-06,8.438227575399365e-06,24,26,125416,0,2,0.0,1.594692862154749e-05
2,identity,000187,39,20,62720,same_forward_candidate_joint_contribution,original,0.6737854592639321,0.6529111340077959,0.020930710796073983,62003,0,0,0,0,4.866703002031313e-06,6.502174382952124e-06,15,23,62688,0,1,0.0,1.5952016334864728e-05
2,identity,000187,39,20,62720,same_forward_candidate_joint_contribution,registered_style,0.6606519373857217,0.6404301089495675,0.02030618129626734,61792,0,0,0,0,1.1085291128261055e-05,1.6941969344485166e-05,29,43,62688,0,12,0.0,0.00019142419601837673
2,identity,000188,40,40,125440,same_forward_candidate_joint_contribution,original,0.6174801875230125,0.5932477770429614,0.02423413299001906,125362,0,0,0,0,2.3388941165844985e-06,3.9809276311598845e-06,18,34,125408,0,14,0.0,0.00011163562133197244
2,identity,000188,40,40,125440,same_forward_candidate_joint_contribution,registered_style,0.6079877659634804,0.584589652406651,0.023403012225488205,125275,0,0,0,0,3.4330996243976427e-06,5.884034091587543e-06,28,49,125408,0,22,0.0,0.00017542740495024242
2,identity,000190,41,20,62720,same_forward_candidate_joint_contribution,original,0.6820175873227916,0.6502993071143984,0.03171836576652729,62716,0,0,0,0,2.609553687253579e-05,3.501558518764329e-05,39,55,62669,0,9,0.0,0.00014361167403341364
2,identity,000190,41,20,62720,same_forward_candidate_joint_contribution,registered_style,0.6731521564049346,0.6424021943532222,0.03075029207489488,62709,0,0,0,0,3.62295700870149e-05,4.560344126820367e-05,50,59,62669,0,9,0.0,0.00014361167403341364
2,identity,000191,42,31,97216,same_forward_candidate_joint_contribution,original,0.6141110729625446,0.5917883737179915,0.02235432428814904,96529,0,0,0,0,3.305897603771992e-05,4.411179137407872e-05,142,178,97044,0,31,0.0,0.0003194427270104283
2,identity,000191,42,31,97216,same_forward_candidate_joint_contribution,registered_style,0.5974101602018828,0.5756663342831018,0.021778322116299553,96516,0,0,0,0,3.646955552815958e-05,4.950919703154678e-05,169,217,97044,0,48,0.0,0.0004946209966613083
2,identity,000193,43,20,62720,same_forward_candidate_joint_contribution,original,0.6404070783310869,0.6130212371006695,0.027397780571287254,62534,0,0,0,0,1.5963949857370614e-05,1.6512753180988173e-05,26,29,62668,0,3,0.0,4.787132188676837e-05
2,identity,000193,43,20,62720,same_forward_candidate_joint_contribution,registered_style,0.6276437489153718,0.6012982014774935,0.026364869696384147,62459,0,0,0,0,2.385319771559075e-05,2.470533841608116e-05,50,55,62668,0,7,0.0,0.00011169975106912619
2,identity,000198,44,47,147392,same_forward_candidate_joint_contribution,original,0.6313370781519668,0.6103297238480142,0.02108168591614161,145697,0,0,0,0,2.3640498925682372e-05,2.960068212607459e-05,105,135,147161,0,14,0.0,9.51339009656091e-05
2,identity,000198,44,47,147392,same_forward_candidate_joint_contribution,registered_style,0.6207602423800461,0.6000765390826347,0.020760466852894257,145654,0,0,0,0,4.165037832602951e-05,5.809182801827393e-05,229,291,147161,0,61,0.0,0.00041451199706443964
2,identity,000200,45,70,219520,same_forward_candidate_joint_contribution,original,0.654459582621645,0.6303836152995542,0.024109289320302502,218068,0,0,0,0,2.588513978595646e-05,3.135273836881411e-05,111,131,219371,0,16,0.0,7.293580281805709e-05
2,identity,000200,45,70,219520,same_forward_candidate_joint_contribution,registered_style,0.6448317950761316,0.6210130256200519,0.023841864195563563,218264,0,0,0,0,2.905529056457102e-05,3.537969305243847e-05,147,176,219371,0,30,0.0,0.00013675463028385703
2,identity,000204,46,50,156800,same_forward_candidate_joint_contribution,original,0.647080533614166,0.6217590100054025,0.02533282913467553,156309,0,0,0,0,1.7217589265737213e-05,2.4435546186320922e-05,91,122,156656,0,33,0.0,0.00021065264017975692
2,identity,000204,46,50,156800,same_forward_candidate_joint_contribution,registered_style,0.6390787290859069,0.613990994171545,0.02509980969524637,156267,0,0,0,0,2.4114604173332007e-05,3.126802507601445e-05,141,176,156656,0,38,0.0,0.00024256970687365947
2,identity,000209,47,49,153664,same_forward_candidate_joint_contribution,original,0.6311227376181201,0.6113890534939834,0.01979743847989735,151833,0,0,0,0,2.0773885494031723e-05,2.5576367093181825e-05,94,115,153514,0,16,0.0,0.00010422502182211394
2,identity,000209,47,49,153664,same_forward_candidate_joint_contribution,registered_style,0.6207527953365756,0.600862573356865,0.019950819715595206,151895,0,0,0,0,2.78762485808765e-05,3.686287212331304e-05,139,182,153514,0,39,0.0,0.00025404849069140276
2,identity,000213,48,28,87808,same_forward_candidate_joint_contribution,original,0.6044767761278698,0.5766934681406402,0.02778796196836977,87745,0,0,0,0,2.648652925551349e-05,3.882010836501604e-05,96,124,87663,0,26,0.0,0.0002965903516877132
2,identity,000213,48,28,87808,same_forward_candidate_joint_contribution,registered_style,0.5927077636221597,0.5659075784934449,0.026806332081713485,87704,0,0,0,0,3.8668567374520274e-05,5.423570207396035e-05,143,179,87663,0,38,0.0,0.00043347820631281156
2,identity,000214,49,20,62720,same_forward_candidate_joint_contribution,original,0.6937864770447569,0.6630422157806184,0.030744261405262402,62719,0,0,0,0,0.0,0.0,0,0,62706,0,0,0.0,0.0
2,identity,000214,49,20,62720,same_forward_candidate_joint_contribution,registered_style,0.6760310009113579,0.6469238668948135,0.02911303584642573,62652,0,0,0,0,4.057858500862289e-06,7.5768064613844925e-06,14,21,62706,0,7,0.0,0.00011163206072784104
2,identity,000215,50,40,125440,same_forward_candidate_joint_contribution,original,0.7005049983744227,0.6668455944316942,0.03365970084266327,125431,0,0,0,0,2.480124182376363e-05,2.7658681011742568e-05,61,73,125340,0,8,0.0,6.382639221318016e-05
2,identity,000215,50,40,125440,same_forward_candidate_joint_contribution,registered_style,0.6936864404201125,0.6607018845921553,0.03298760422041662,125375,0,0,0,0,4.158346232707036e-05,4.3154434820654885e-05,98,109,125340,0,11,0.0,8.77612892931227e-05
2,identity,000217,51,32,100352,same_forward_candidate_joint_contribution,original,0.6239842156464874,0.5997051855235398,0.024286674603991382,100151,0,0,0,0,0.0001576421493308194,0.00016708765803994202,262,278,99987,0,17,0.0,0.00017002210287337354
2,identity,000217,51,32,100352,same_forward_candidate_joint_contribution,registered_style,0.6110640276006701,0.5876587996639192,0.0234179228067189,100034,0,0,0,0,0.00018174546620561944,0.0001976705625196053,362,401,99987,0,41,0.0,0.0004100533069299009
2,identity,000218,52,20,62720,same_forward_candidate_joint_contribution,original,0.6337552924979328,0.6061566638532635,0.02760043028486377,62681,0,0,0,0,2.0672826148867146e-05,2.8075130467357642e-05,51,68,62652,0,12,0.0,0.0001915341888527102
2,identity,000218,52,20,62720,same_forward_candidate_joint_contribution,registered_style,0.6170902479329795,0.5909526264943062,0.02614600660812617,62608,0,0,0,0,2.3041988112645598e-05,3.0946812847644274e-05,59,75,62652,0,15,0.0,0.00023941773606588775
2,identity,000219,53,20,62720,same_forward_candidate_joint_contribution,original,0.6426307637757938,0.6189588545411555,0.02370146417351676,62362,0,0,0,0,2.0380201101284867e-07,3.78048735249379e-07,2,3,62704,0,1,0.0,1.594794590456749e-05
2,identity,000219,53,20,62720,same_forward_candidate_joint_contribution,registered_style,0.6269206827915955,0.6042234759724254,0.02273172599650897,62280,0,0,0,0,9.552573518525596e-06,1.1217670346664504e-05,16,21,62704,0,5,0.0,7.973972952283746e-05
2,identity,000223,54,40,125440,same_forward_candidate_joint_contribution,original,0.675678580917364,0.6518007706588248,0.023887758698252323,125138,0,0,0,0,3.114892174882701e-07,4.6221432834718047e-07,2,4,125426,0,2,0.0,1.5945657200261507e-05
2,identity,000223,54,40,125440,same_forward_candidate_joint_contribution,registered_style,0.6647139321522055,0.6413771212164062,0.023347078571000844,125137,0,0,0,0,1.851868296859366e-06,2.7109335912620116e-06,14,21,125426,0,7,0.0,5.580980020091528e-05
2,identity,000224,55,40,125440,same_forward_candidate_joint_contribution,original,0.6936739019498678,0.6604758396512482,0.033198291563628246,125428,0,0,0,0,8.686143734289115e-06,1.0236822626902581e-05,40,45,125382,0,5,0.0,3.987813242730216e-05
2,identity,000224,55,40,125440,same_forward_candidate_joint_contribution,registered_style,0.6770820619796203,0.6456971703593354,0.03138794017168688,125337,0,0,0,0,1.1597330022660434e-05,1.3929066807875311e-05,58,65,125382,0,8,0.0,6.380501188368347e-05
2,identity,000228,56,53,166208,same_forward_candidate_joint_contribution,original,0.6494366477849683,0.6260534121047434,0.02338561030319432,166021,0,0,0,0,8.806025027079188e-06,1.3538846927143496e-05,67,100,166041,0,29,0.0,0.0001746556573376455
2,identity,000228,56,53,166208,same_forward_candidate_joint_contribution,registered_style,0.6366041697405789,0.6134752943021549,0.02313408541075214,165954,0,0,0,0,2.3344386775865183e-05,3.3466013475092666e-05,154,216,166041,0,54,0.0,0.0003252208791804434
2,identity,000229,57,20,62720,same_forward_candidate_joint_contribution,original,0.6953865740103148,0.661260041143188,0.0341267953499408,62715,0,0,0,0,0.0,7.980828531163483e-07,0,5,62720,0,5,0.0,7.971938775510203e-05
2,identity,000229,57,20,62720,same_forward_candidate_joint_contribution,registered_style,0.682978385700179,0.6494004952911642,0.033578395734190164,62712,0,0,0,0,0.0,5.093605097221339e-07,0,2,62720,0,2,0.0,3.188775510204082e-05
2,identity,000230,58,20,62720,same_forward_candidate_joint_contribution,original,0.6198192671398699,0.5951618920233809,0.024667346548762816,62609,0,0,0,0,2.8147576210980598e-06,4.018195343244857e-06,11,15,62708,0,3,0.0,4.784078586464247e-05
2,identity,000230,58,20,62720,same_forward_candidate_joint_contribution,registered_style,0.611890235401058,0.5877027220321192,0.024195110345366703,62650,0,0,0,0,2.5088274300233385e-06,4.681983574641081e-06,12,22,62708,0,10,0.0,0.0001594692862154749
2,identity,000232,59,49,153664,same_forward_candidate_joint_contribution,original,0.6691185589952723,0.6385002825212559,0.03062014056036891,153568,0,0,0,0,8.940133179237003e-05,9.887350840686992e-05,220,240,153424,0,20,0.0,0.00013035770153300657
2,identity,000232,59,49,153664,same_forward_candidate_joint_contribution,registered_style,0.6625930637089975,0.6325131011202129,0.030084771184987792,153517,0,0,0,0,8.26883991172081e-05,9.408307043785423e-05,236,265,153424,0,29,0.0,0.00018901866722285954
2,identity,000235,60,53,166208,same_forward_candidate_joint_contribution,original,0.6156245656948501,0.5868166820329207,0.028827631738155085,165547,0,0,0,0,7.316308700853261e-06,8.552653279321739e-06,45,52,166122,0,8,0.0,4.815737831232468e-05
2,identity,000235,60,53,166208,same_forward_candidate_joint_contribution,registered_style,0.6057821830251063,0.5777313874760752,0.02807960305071877,165303,0,0,0,0,1.336590196249541e-05,1.5114094931298456e-05,86,97,166122,0,15,0.0,9.029508433560877e-05
2,identity,000238,61,40,125440,same_forward_candidate_joint_contribution,original,0.6930258861701337,0.6621057094883197,0.03092850156737434,125225,0,0,0,0,1.42497967394243e-06,3.0045495687906265e-06,12,13,125427,0,1,0.0,7.972765034641664e-06
2,identity,000238,61,40,125440,same_forward_candidate_joint_contribution,registered_style,0.6820334581852616,0.65158194018347,0.030454725013453067,125297,0,0,0,0,8.437010176275582e-07,1.9708653406648405e-06,9,14,125427,0,3,0.0,2.3918295103924994e-05
2,identity,000239,62,51,159936,same_forward_candidate_joint_contribution,original,0.6798671444396016,0.6569302545362263,0.022948592020986702,159415,0,0,0,0,2.8405575998416733e-06,3.4285836368468394e-06,26,36,159868,0,9,0.0,5.6296444566767586e-05
2,identity,000239,62,51,159936,same_forward_candidate_joint_contribution,registered_style,0.666201481911946,0.6438448854598178,0.02236617297666478,159471,0,0,0,0,9.468039890555345e-06,1.2727950617915762e-05,68,97,159868,0,30,0.0,0.0001876548152225586
2,identity,000242,63,60,188160,same_forward_candidate_joint_contribution,original,0.6493866127413292,0.6242140110976747,0.025183498285589842,187734,0,0,0,0,1.3285897869888654e-05,1.5897357783754027e-05,76,91,188045,0,10,0.0,5.3178760403095e-05
2,identity,000242,63,60,188160,same_forward_candidate_joint_contribution,registered_style,0.6340723857027202,0.6099159065605602,0.02417997405227776,187339,0,0,0,0,1.8309246837762748e-05,2.271103515825853e-05,112,147,188045,0,33,0.0,0.0001754899093302135
2,identity,000248,64,40,125440,same_forward_candidate_joint_contribution,original,0.6390942194546889,0.615699739272759,0.023404908658143802,125059,0,0,0,0,8.122204975745879e-05,8.690717315401254e-05,222,242,125154,0,17,0.0,0.00013583265417006248
2,identity,000248,64,40,125440,same_forward_candidate_joint_contribution,registered_style,0.6261601649237232,0.6031893004240698,0.022986506978648843,124945,0,0,0,0,9.303197227577791e-05,0.00010151376036436234,273,298,125154,0,22,0.0,0.00017578343480831616
2,identity,000251,65,50,156800,same_forward_candidate_joint_contribution,original,0.6261936550700505,0.5997920342204816,0.026418760471275088,156231,0,0,0,0,3.578167885879501e-05,3.223395146288446e-05,183,178,156516,0,10,0.0,6.38912315673797e-05
2,identity,000251,65,50,156800,same_forward_candidate_joint_contribution,registered_style,0.6160450850911106,0.5901071405237442,0.02596165582515155,156156,0,0,0,0,8.27169894093372e-05,7.52781833356992e-05,283,297,156516,0,26,0.0,0.0001661172020751872
2,identity,000256,66,40,125440,same_forward_candidate_joint_contribution,original,0.6421501210362683,0.6085642773570985,0.033599158661528065,125235,0,0,0,0,2.465610989722195e-05,2.3932047731079513e-05,104,114,125297,0,5,0.0,3.990518527977525e-05
2,identity,000256,66,40,125440,same_forward_candidate_joint_contribution,registered_style,0.632945599926461,0.6001674117358822,0.03279351604825785,125210,0,0,0,0,3.118880745397262e-05,3.144533169246956e-05,131,141,125297,0,13,0.0,0.00010375348172741566
2,identity,000257,67,51,159936,same_forward_candidate_joint_contribution,original,0.6568200480447579,0.6229497704991269,0.03387118888837353,159907,0,0,0,0,1.741590330849663e-05,2.1763127137195416e-05,89,109,159779,0,11,0.0,6.884509228371688e-05
2,identity,000257,67,51,159936,same_forward_candidate_joint_contribution,registered_style,0.6455250587577688,0.6128333134198808,0.032693097390280534,159893,0,0,0,0,2.6150601575011927e-05,3.0767376176261275e-05,146,166,159779,0,17,0.0,0.00010639696080210791
2,identity,000262,68,40,125440,same_forward_candidate_joint_contribution,original,0.6179913598671971,0.5960650649797864,0.02199774522964014,123839,0,0,0,0,1.6680861221386174e-05,2.1945846605677816e-05,95,112,125209,0,15,0.0,0.0001197996949101103
2,identity,000262,68,40,125440,same_forward_candidate_joint_contribution,registered_style,0.6030605614295512,0.5811268099200398,0.022021184488347695,123649,0,0,0,0,4.568828689073681e-05,5.086913734515281e-05,219,241,125209,0,33,0.0,0.00026355932880224266
2,identity,000263,69,40,125440,same_forward_candidate_joint_contribution,original,0.623845429045988,0.5986600289069657,0.025191307161977344,125241,0,0,0,0,3.830401589800144e-05,4.8424546796154215e-05,131,158,125265,0,24,0.0,0.00019159382109926954
2,identity,000263,69,40,125440,same_forward_candidate_joint_contribution,registered_style,0.6094194345606541,0.5844268866390978,0.024996121030657452,125271,0,0,0,0,4.526634587879535e-05,6.02210051993822e-05,170,220,125265,0,47,0.0,0.00037520456631940285
2,identity,000265,70,20,62720,same_forward_candidate_joint_contribution,original,0.6548198025927247,0.6328189981193906,0.0220531345940669,61935,0,0,0,0,9.126928066470162e-06,6.8700249084285e-06,25,24,62525,0,0,0.0,0.0
2,identity,000265,70,20,62720,same_forward_candidate_joint_contribution,registered_style,0.6307146418033102,0.6092458961959762,0.021586462882957992,61506,0,0,0,0,0.0001587227297137476,0.00014555921354994877,195,186,62525,0,2,0.0,3.198720511795282e-05
2,identity,000266,71,40,125440,same_forward_candidate_joint_contribution,original,0.6529625425422897,0.6217286006891689,0.031235802417524276,125387,0,0,0,0,6.56659488544531e-05,8.490982051551868e-05,179,218,125190,0,25,0.0,0.00019969646137870436
2,identity,000266,71,40,125440,same_forward_candidate_joint_contribution,registered_style,0.6393189236606953,0.6090363811411538,0.030284686059657156,125377,0,0,0,0,9.040740229357613e-05,0.00011944390621554473,241,321,125190,0,77,0.0,0.0006150651010464094
2,identity,000268,72,20,62720,same_forward_candidate_joint_contribution,original,0.6645276814653438,0.6379151430314582,0.02663396921287743,62454,0,0,0,0,3.0156411026896587e-06,3.539519628592937e-06,10,12,62709,0,2,0.0,3.1893348642140685e-05
2,identity,000268,72,20,62720,same_forward_candidate_joint_contribution,registered_style,0.6540465197663122,0.6279418795520346,0.02613712038818337,62369,0,0,0,0,2.9319506990487006e-06,3.4081814215893377e-06,10,12,62709,0,1,0.0,1.5946674321070342e-05
2,identity,000281,73,40,125440,same_forward_candidate_joint_contribution,original,0.6327241945847553,0.6106396335041219,0.02213544806381833,123958,0,0,0,0,1.034246054293301e-05,1.3819112033197004e-05,50,65,125380,0,10,0.0,7.975753708725475e-05
2,identity,000281,73,40,125440,same_forward_candidate_joint_contribution,registered_style,0.6207204200155891,0.5990437238014628,0.021728048824624407,124065,0,0,0,0,1.1918260845285825e-05,1.5798226248390123e-05,57,74,125380,0,16,0.0,0.0001276120593396076
2,identity,000297,74,40,125440,same_forward_candidate_joint_contribution,original,0.6522960478882721,0.6243012760956227,0.02799875748287795,125314,0,0,0,0,7.293597963315615e-06,9.751647558288508e-06,48,61,125387,0,13,0.0,0.00010367900978570346
2,identity,000297,74,40,125440,same_forward_candidate_joint_contribution,registered_style,0.6412909706509838,0.6144557552666323,0.02684254138891252,125196,0,0,0,0,7.4767882884855405e-06,1.0191233305632981e-05,51,65,125387,0,14,0.0,0.00011165431823075758
2,identity,000300,75,40,125440,same_forward_candidate_joint_contribution,original,0.6386965568786503,0.6117182052717778,0.026980918458757143,125333,0,0,0,0,4.0058155497736915e-05,4.527762627681569e-05,145,160,125291,0,16,0.0,0.00012770270809555356
2,identity,000300,75,40,125440,same_forward_candidate_joint_contribution,registered_style,0.6273019402724458,0.6009727808092781,0.026333570096405346,125252,0,0,0,0,4.132965196055104e-05,4.6916581401442536e-05,147,170,125291,0,24,0.0,0.00019155406214333033
2,identity,000302,76,40,125440,same_forward_candidate_joint_contribution,original,0.6722812192645506,0.6426841408867533,0.029597940957480705,125416,0,0,0,0,1.0831715437661212e-05,1.4666380459758804e-05,41,45,125392,0,3,0.0,2.392497129003445e-05
2,identity,000302,76,40,125440,same_forward_candidate_joint_contribution,registered_style,0.6557771258037454,0.6276052624237893,0.028172417664575046,125422,0,0,0,0,1.2317161639001599e-05,1.6407552137540848e-05,45,52,125392,0,6,0.0,4.78499425800689e-05
2,identity,000303,77,40,125440,same_forward_candidate_joint_contribution,original,0.6713599563892265,0.6429853366165649,0.028375318782759586,125399,0,0,0,0,4.613407964471474e-07,6.366539740251594e-07,4,6,125434,0,2,0.0,1.594464020919368e-05
2,identity,000303,77,40,125440,same_forward_candidate_joint_contribution,registered_style,0.6607407628814274,0.6331453632765001,0.02759651450020955,125389,0,0,0,0,4.863064003941421e-07,9.736742873238843e-07,6,12,125434,0,6,0.0,4.783392062758104e-05
2,identity,000305,78,40,125440,same_forward_candidate_joint_contribution,original,0.6735696041380704,0.6408171019442697,0.032766289799201334,125198,0,0,0,0,2.0687216643063083e-06,3.6063990883909717e-06,15,26,125424,0,12,0.0,9.567546880979717e-05
2,identity,000305,78,40,125440,same_forward_candidate_joint_contribution,registered_style,0.6650660922147965,0.6330225163853064,0.032050062019859105,125271,0,0,0,0,2.162150674420773e-06,3.984860781145639e-06,15,30,125424,0,16,0.0,0.00012756729174639623
2,identity,000306,79,20,62720,same_forward_candidate_joint_contribution,original,0.669047333148358,0.6368841207478648,0.032188682664996214,62434,0,0,0,0,5.035639537418886e-06,5.573101154866504e-06,13,18,62575,0,1,0.0,1.5980823012385137e-05
2,identity,000306,79,20,62720,same_forward_candidate_joint_contribution,registered_style,0.6445369044239799,0.6146677458309634,0.02995942396292887,62003,0,0,0,0,7.055113516391753e-05,7.636045098375474e-05,144,151,62575,0,22,0.0,0.00035157810627247304
2,identity,000308,80,40,125440,same_forward_candidate_joint_contribution,original,0.6510322850850311,0.6167695647773793,0.03426314081131694,125419,0,0,0,0,1.1819417435356231e-05,1.775504263596376e-05,47,74,125371,0,20,0.0,0.00015952652527298977
2,identity,000308,80,40,125440,same_forward_candidate_joint_contribution,registered_style,0.6347788859426925,0.6025293149663412,0.032259200552062814,125290,0,0,0,0,1.3952005250574587e-05,2.166269563657037e-05,64,95,125371,0,29,0.0,0.00023131346164583517
2,identity,000309,81,40,125440,same_forward_candidate_joint_contribution,original,0.6895492602225983,0.6555448333538318,0.034004428592663595,125439,0,0,0,0,8.113408213814293e-07,1.0409934515780036e-06,6,6,125423,0,0,0.0,0.0
2,identity,000309,81,40,125440,same_forward_candidate_joint_contribution,registered_style,0.6779002107826403,0.6453368280532659,0.03256366599636235,125425,0,0,0,0,2.856233282112513e-06,3.1715063766402615e-06,17,18,125423,0,1,0.0,7.973019302679733e-06
2,identity,000311,82,40,125440,same_forward_candidate_joint_contribution,original,0.6623176632507238,0.6336789234569681,0.02869041850115128,124507,0,0,0,0,2.1524640551325483e-06,1.786500409577181e-06,11,9,125421,0,0,0.0,0.0
2,identity,000311,82,40,125440,same_forward_candidate_joint_contribution,registered_style,0.6540861903136829,0.626172247266004,0.027971469598419296,124362,0,0,0,0,3.5563065422837484e-06,3.05269257193187e-06,15,16,125421,0,1,0.0,7.973146442780714e-06
2,identity,000312,83,40,125440,same_forward_candidate_joint_contribution,original,0.6911212648841943,0.6738068858914492,0.017450255919129517,122414,0,0,0,0,3.7946159197115643e-06,4.223387180567486e-06,8,8,125425,0,0,0.0,0.0
2,identity,000312,83,40,125440,same_forward_candidate_joint_contribution,registered_style,0.6827134463930893,0.6653713283376419,0.017472987309765257,122591,0,0,0,0,5.673122044360206e-06,6.4596537866970954e-06,15,18,125425,0,3,0.0,2.391867649990034e-05
2,identity,000314,84,60,188160,same_forward_candidate_joint_contribution,original,0.7067714636437207,0.6674435451084351,0.03932791853528562,188160,0,0,0,0,8.453363271270448e-06,9.820790986188687e-06,46,52,188113,0,6,0.0,3.189572225205063e-05
2,identity,000314,84,60,188160,same_forward_candidate_joint_contribution,registered_style,0.6995553104347588,0.6611653650370087,0.038389945397750036,188160,0,0,0,0,7.24194131833824e-06,8.381274586939357e-06,40,46,188113,0,5,0.0,2.6579768543375524e-05
2,identity,000315,85,40,125440,same_forward_candidate_joint_contribution,original,0.6663139197563785,0.6426938887284872,0.023649334477719854,124659,0,0,0,0,9.82974448135563e-06,1.630627095911473e-05,40,66,125387,0,22,0.0,0.00017545678579119047
2,identity,000315,85,40,125440,same_forward_candidate_joint_contribution,registered_style,0.6583745212662117,0.63477542598043,0.023633398761922317,124591,0,0,0,0,1.2445357778510257e-05,2.0542637807903667e-05,53,86,125387,0,34,0.0,0.0002711604871318398
2,identity,000317,86,40,125440,same_forward_candidate_joint_contribution,original,0.6650236089948781,0.6356167127730682,0.0294071657831507,125431,0,0,0,0,8.24244924864185e-06,1.3566215344732406e-05,50,65,125331,0,11,0.0,8.776759141792534e-05
2,identity,000317,86,40,125440,same_forward_candidate_joint_contribution,registered_style,0.6508812875516015,0.6225578748797749,0.028323741757034143,125427,0,0,0,0,2.1734880363835836e-05,2.8611711211404014e-05,107,127,125331,0,20,0.0,0.00015957743894168242
2,identity,000318,87,60,188160,same_forward_candidate_joint_contribution,original,0.7078615400901375,0.6746766287016379,0.03320396640993211,187728,0,0,0,0,0.0,0.0,0,0,188153,0,0,0.0,0.0
2,identity,000318,87,60,188160,same_forward_candidate_joint_contribution,registered_style,0.6927771052305443,0.6609251372341619,0.03187024280276363,187662,0,0,0,0,8.098546509321518e-07,1.4745796113719621e-06,7,10,188153,0,3,0.0,1.594447072329434e-05
2,identity,000320,88,40,125440,same_forward_candidate_joint_contribution,original,0.6519930840226672,0.6210966640440218,0.030896796268840558,125425,0,0,0,0,1.3752559519852193e-05,1.7518096776228315e-05,65,76,125335,0,8,0.0,6.382893844496749e-05
2,identity,000320,88,40,125440,same_forward_candidate_joint_contribution,registered_style,0.6378494820501406,0.6084658959029638,0.029385022164145697,125388,0,0,0,0,2.8745466044084292e-05,3.27352857038591e-05,99,108,125335,0,6,0.0,4.787170383372562e-05
2,identity,000321,89,40,125440,same_forward_candidate_joint_contribution,original,0.6672357998748859,0.6368542589249045,0.030385091816390982,125353,0,0,0,0,3.10769820694579e-05,3.705528559578185e-05,113,139,125285,0,27,0.0,0.00021550864030011574
2,identity,000321,89,40,125440,same_forward_candidate_joint_contribution,registered_style,0.6502042185730326,0.6213163448047323,0.028891642447183122,125346,0,0,0,0,6.054988096259952e-05,6.615718925091192e-05,154,178,125285,0,29,0.0,0.0002314722432853095
2,identity,000323,90,20,62720,same_forward_candidate_joint_contribution,original,0.6675672495143122,0.6417786774894402,0.025800355230224954,62539,0,0,0,0,1.7227558032782212e-06,4.319273710522308e-06,8,18,62700,0,9,0.0,0.00014354066985645933
2,identity,000323,90,20,62720,same_forward_candidate_joint_contribution,registered_style,0.6520565470963318,0.6270581275675275,0.02501384976199841,62539,0,0,0,0,3.915839863660375e-06,7.900728129042061e-06,20,32,62700,0,12,0.0,0.00019138755980861245
2,identity,000324,91,40,125440,same_forward_candidate_joint_contribution,original,0.6602679656945318,0.6283524229891425,0.03194780382272238,124816,0,0,0,0,5.648040975307158e-05,6.48305706054573e-05,177,200,125166,0,15,0.0,0.00011984085134940798
2,identity,000324,91,40,125440,same_forward_candidate_joint_contribution,registered_style,0.6483142755703218,0.6178166632231036,0.030539495640643545,124701,0,0,0,0,9.134508319259886e-05,0.00010165258679131584,266,292,125166,0,28,0.0,0.0002237029225188949
2,identity,000326,92,40,125440,same_forward_candidate_joint_contribution,original,0.6336810194338406,0.6059674966388879,0.027742255959499893,124847,0,0,0,0,1.7495207094397615e-05,1.7350327734920787e-05,59,63,125373,0,3,0.0,2.3928597066353998e-05
2,identity,000326,92,40,125440,same_forward_candidate_joint_contribution,registered_style,0.6242761276042854,0.5971193043169998,0.027172416327544965,125068,0,0,0,0,1.9336088706804474e-05,1.952644187725558e-05,66,73,125373,0,7,0.0,5.5833393154826e-05
2,identity,000327,93,40,125440,same_forward_candidate_joint_contribution,original,0.6543942709083369,0.63001098966442,0.02438576677637314,125302,0,0,0,0,7.294094236264523e-06,1.0607839779855332e-05,26,47,125396,0,13,0.0,0.0001036715684710836
2,identity,000327,93,40,125440,same_forward_candidate_joint_contribution,registered_style,0.6453892097712793,0.6212875052236692,0.024104893246904083,125293,0,0,0,0,1.12399058697922e-05,1.6536194488935365e-05,44,68,125396,0,24,0.0,0.00019139366486969282
