fold,protocol,stratum,cases,triplets,comparison,view,output,before_margin_mean,after_margin_mean,absolute_margin_change_mean,margin_decreased_count,lost_correct_count,repaired_count,before_nonpositive_count,after_nonpositive_count,before_hinge_mean,after_hinge_mean,before_hinge_positive_count,after_hinge_positive_count,reliable_original_and_style_count,stable_lost_correct_count,stable_hinge_violated_count,stable_lost_correct_rate,stable_hinge_violated_rate
0,cross_camera,active,295,637056,initial_to_control,original,baseline_only,0.4587969725653947,0.4587969725653947,0.0,0,0,0,0,0,0.0006786533701674775,0.0006786533701674775,10785,10785,626271,0,0,0.0,0.0
0,cross_camera,active,295,637056,initial_to_control,original,fused,0.6008188654645887,0.6139840126351341,0.027527291943481084,214350,0,0,0,0,0.00011478312919835204,3.6211324832457315e-05,1915,614,626584,0,20,0.0,3.191910422225911e-05
0,cross_camera,active,295,637056,initial_to_control,original,cnn,0.5996114323966724,0.608719742322837,0.03092714712282398,258327,0,0,0,0,0.00019715945821993137,4.741112067753861e-05,3170,900,624540,0,59,0.0,9.446952957376629e-05
0,cross_camera,active,295,637056,initial_to_control,original,transformer,0.6039809913702942,0.6220702519115998,0.03741205521508978,213434,0,0,0,0,6.917273596793454e-05,2.899263972580012e-05,1152,495,627242,0,34,0.0,5.4205553837274924e-05
0,cross_camera,active,295,637056,initial_to_control,original,mamba,0.598864167537519,0.6111620384318602,0.03312305835381668,236755,0,0,0,0,0.00022142279471499342,6.44917829232815e-05,3295,1049,623154,0,66,0.0,0.0001059128241173129
0,cross_camera,active,295,637056,initial_to_control,original,cnn_RGB_residual,0.7573137606862048,0.7630886172187463,0.09289556664061246,307088,200,990,1586,796,0.005089677594923483,0.003157654057837326,28158,19078,560654,0,1999,0.0,0.0035654788871567846
0,cross_camera,active,295,637056,initial_to_control,original,cnn_NI_residual,0.6893027537749825,0.7003884946487228,0.09835381692069578,291446,533,2127,3034,1440,0.008972683818913574,0.005475725621987914,48394,33921,517763,4,4408,7.72554238135981e-06,0.008513547704258512
0,cross_camera,active,295,637056,initial_to_control,original,cnn_TI_residual,0.7746612557054422,0.8124505249865552,0.08592348188139717,232923,395,1318,2611,1688,0.00632178011109927,0.0041861092080468666,31679,20975,583038,0,1309,0.0,0.002245136680628021
0,cross_camera,active,295,637056,initial_to_control,original,transformer_RGB_residual,0.7656302432912302,0.790195331615088,0.10761760524532817,273495,362,421,888,829,0.00282019641811602,0.002656860268623436,16235,14947,560061,2,2367,3.5710395831882597e-06,0.004226325346703305
0,cross_camera,active,295,637056,initial_to_control,original,transformer_NI_residual,0.6992964192250646,0.7300476670609718,0.1144573555121731,263422,786,1294,2371,1863,0.006421164359321973,0.004963935295487005,35498,26719,516028,3,3690,5.813638019642345e-06,0.0071507747641600845
0,cross_camera,active,295,637056,initial_to_control,original,transformer_TI_residual,0.782568466876852,0.8357877067133208,0.10858805164006201,211970,312,633,1098,777,0.003493232130736409,0.002324038207936792,19685,12809,596574,0,1909,0.0,0.0031999383144421314
0,cross_camera,active,295,637056,initial_to_control,original,mamba_RGB_residual,0.7496706355567327,0.7692239506200134,0.09604705418191989,280205,427,1187,2041,1281,0.005558030663343456,0.0035183773350108347,28980,18371,556704,0,1958,0.0,0.003517129390124734
0,cross_camera,active,295,637056,initial_to_control,original,mamba_NI_residual,0.691133963995541,0.7039918700861193,0.10170015222897537,292710,507,2563,3573,1517,0.009217618806163879,0.005217625144818882,48055,31297,511660,2,3982,3.908845717859516e-06,0.007782511824258297
0,cross_camera,active,295,637056,initial_to_control,original,mamba_TI_residual,0.7759895980943389,0.8173656042211526,0.09877989042745663,227957,329,1253,2448,1524,0.005969759141750552,0.003875900036483761,29841,20293,585473,3,2020,5.124062083136199e-06,0.0034502018026450407
0,cross_camera,active,295,637056,initial_to_control,original,pure_bank,0.742840777141979,0.7691710735494387,0.05505458662407466,214351,0,0,0,0,4.7939965772219646e-05,4.780951157957639e-06,774,112,618813,0,17,0.0,2.7471950330713803e-05
0,cross_camera,active,295,637056,initial_to_control,original,pure_cnn,0.7404259239663978,0.7586425442315501,0.06185429638190427,258327,0,0,0,0,0.00015992845481708936,1.2450073182181292e-05,2220,260,615141,0,33,0.0,5.364623720415319e-05
0,cross_camera,active,295,637056,initial_to_control,original,pure_transformer,0.7491650437889397,0.7853435630021084,0.07482411066243544,213434,0,0,0,0,2.899114283798085e-05,3.7885519161391845e-06,462,97,616151,0,14,0.0,2.2721702959177214e-05
0,cross_camera,active,295,637056,initial_to_control,original,pure_mamba,0.7389313938736305,0.7635271376330692,0.0662461194141646,236755,0,1,1,0,0.00016986720970700367,2.2639399805314965e-05,2281,373,612925,0,36,0.0,5.873475547579231e-05
0,cross_camera,active,295,637056,initial_to_control,registered_style,baseline_only,0.4587969725653947,0.4587969725653947,0.0,0,0,0,0,0,0.0006786533701674775,0.0006786533701674775,10785,10785,626271,0,0,0.0,0.0
0,cross_camera,active,295,637056,initial_to_control,registered_style,fused,0.5596890646399213,0.5936761601290248,0.04185232257027605,124423,0,12,12,0,0.0007466210334201329,7.90430148849633e-05,10254,1434,626584,0,31,0.0,4.947461154450162e-05
0,cross_camera,active,295,637056,initial_to_control,registered_style,cnn,0.5631070719365242,0.5900972539836619,0.040900446285727386,175058,0,12,12,0,0.0009203081956156817,9.249210589380289e-05,12114,1775,624540,0,86,0.0,0.0001377013481922695
0,cross_camera,active,295,637056,initial_to_control,registered_style,transformer,0.5569474736844549,0.5982268995982986,0.05250232314934812,133029,0,11,11,0,0.0006826635529583149,9.017459702175524e-05,9669,1498,627242,0,108,0.0,0.00017218234748310858
0,cross_camera,active,295,637056,initial_to_control,registered_style,mamba,0.5590126464499336,0.5927043241828013,0.04618839261268579,149386,0,23,23,0,0.0010784640487782825,0.00012811396873636796,13523,2155,623154,0,126,0.0,0.00020219720967850643
0,cross_camera,active,295,637056,initial_to_control,registered_style,cnn_RGB_residual,0.679616453712641,0.724449350275218,0.11382402190000805,243004,285,6972,8606,1919,0.01646766251259678,0.006161551170498492,72174,34308,560654,0,3502,0.0,0.0062462766697464036
0,cross_camera,active,295,637056,initial_to_control,registered_style,cnn_NI_residual,0.5995463121066591,0.6550952010214317,0.1191922769526378,224188,867,13686,17259,4440,0.028658786380798655,0.011672746704385182,112542,61396,517763,1,6743,1.9313855953399526e-06,0.013023333069377302
0,cross_camera,active,295,637056,initial_to_control,registered_style,cnn_TI_residual,0.7230888310385671,0.7846481567845637,0.1029288671925925,194256,453,3074,4539,1918,0.010489670762994844,0.005131336119801619,50022,26326,583038,0,1842,0.0,0.0031593138011587582
0,cross_camera,active,295,637056,initial_to_control,registered_style,transformer_RGB_residual,0.6583241332963474,0.7400403189191196,0.13906836549083645,197697,671,7329,9177,2519,0.01718964642474518,0.006154474387471757,74593,31266,560061,10,4437,1.78551979159413e-05,0.007922351315303154
0,cross_camera,active,295,637056,initial_to_control,registered_style,transformer_NI_residual,0.5828742411489787,0.668466745479454,0.1458080954473216,196982,1533,12368,16433,5598,0.02864826311097951,0.012050155540653761,116445,57061,516028,10,7438,1.9378793398807817e-05,0.014413946530033254
0,cross_camera,active,295,637056,initial_to_control,registered_style,transformer_TI_residual,0.7240956307376033,0.8044635171363601,0.12482508303559645,175199,368,2302,3005,1071,0.007381452268791299,0.003122772441782523,37508,17288,596574,0,2525,0.0,0.004232500913549702
0,cross_camera,active,295,637056,initial_to_control,registered_style,mamba_RGB_residual,0.6643509489068273,0.7315917663949122,0.12489328368211611,209767,567,8280,10280,2567,0.018482918532219048,0.006187497205037061,75926,31130,556704,1,2882,1.7962867161004771e-06,0.005176898315801575
0,cross_camera,active,295,637056,initial_to_control,registered_style,mamba_NI_residual,0.5881359982171038,0.6578462101337678,0.1323463130215154,211103,1004,15230,19063,4837,0.030731459042326967,0.0116472955046589,119054,59443,511660,10,6807,1.954422858929758e-05,0.013303756400734864
0,cross_camera,active,295,637056,initial_to_control,registered_style,mamba_TI_residual,0.7251981098893407,0.790397149978092,0.11492550581911574,195398,394,3165,4643,1872,0.010216570875759164,0.004973056905964354,47895,26099,585473,3,2784,5.124062083136199e-06,0.004755129613150393
0,cross_camera,active,295,637056,initial_to_control,registered_style,pure_bank,0.6605811735239505,0.72855536699188,0.08370464733956373,124423,0,115,115,0,0.0018853412695317557,6.837298168779842e-05,18118,1038,618813,0,54,0.0,8.726384222697326e-05
0,cross_camera,active,295,637056,initial_to_control,registered_style,pure_cnn,0.6674171969015678,0.7213975676567975,0.08180089664081612,175058,0,180,180,0,0.002389913621014696,9.271178035082867e-05,21495,1504,615141,0,119,0.0,0.0001934515826452797
0,cross_camera,active,295,637056,initial_to_control,registered_style,pure_transformer,0.6550980016075357,0.7376568564996425,0.10500464822583558,133029,0,115,118,3,0.0021571690262730324,0.00012353405622354385,20792,1566,616151,0,188,0.0,0.000305120011166094
0,cross_camera,active,295,637056,initial_to_control,registered_style,pure_mamba,0.6592283469616967,0.7266117040558214,0.09237678631814873,149386,0,284,287,3,0.0028179645154889073,0.0001558736123708072,23748,2091,612925,0,199,0.0,0.00032467267610229635
0,cross_camera,active,295,637056,initial_to_bounded,original,baseline_only,0.4587969725653947,0.4587969725653947,0.0,0,0,0,0,0,0.0006786533701674775,0.0006786533701674775,10785,10785,626271,0,0,0.0,0.0
0,cross_camera,active,295,637056,initial_to_bounded,original,fused,0.6008188654645887,0.5778705607368051,0.032680336939965776,490007,0,0,0,0,0.00011478312919835204,4.5767077510236e-05,1915,797,626584,0,40,0.0,6.383820844451822e-05
0,cross_camera,active,295,637056,initial_to_bounded,original,cnn,0.5996114323966724,0.6022929132624409,0.03045129530846104,305117,0,0,0,0,0.00019715945821993137,5.018086010204128e-05,3170,931,624540,0,71,0.0,0.00011368367118198994
0,cross_camera,active,295,637056,initial_to_bounded,original,transformer,0.6039809913702942,0.6082337981225435,0.03341153420609984,298346,0,0,0,0,6.917273596793454e-05,3.040219197391784e-05,1152,531,627242,0,43,0.0,6.855408279420065e-05
0,cross_camera,active,295,637056,initial_to_bounded,original,mamba,0.598864167537519,0.6066149990206389,0.03340024725480019,268250,0,0,0,0,0.00022142279471499342,6.517333053982764e-05,3295,1062,623154,0,59,0.0,9.467964580184031e-05
0,cross_camera,active,295,637056,initial_to_bounded,original,cnn_RGB_residual,0.7573137606862048,0.7470808785362517,0.09248817169842782,344308,171,1051,1586,706,0.005089677594923483,0.003140541706183313,28158,19438,560654,0,2161,0.0,0.00385442715114848
0,cross_camera,active,295,637056,initial_to_bounded,original,cnn_NI_residual,0.6893027537749825,0.68766152541203,0.09862284666457592,318820,491,2182,3034,1343,0.008972683818913574,0.005361888031794408,48394,33731,517763,0,4384,0.0,0.008467194449970353
0,cross_camera,active,295,637056,initial_to_bounded,original,cnn_TI_residual,0.7746612557054422,0.8026242563775815,0.08557567453895648,259537,379,1343,2611,1647,0.00632178011109927,0.004127478406034407,31679,20765,583038,0,1269,0.0,0.0021765305177364083
0,cross_camera,active,295,637056,initial_to_bounded,original,transformer_RGB_residual,0.7656302432912302,0.754593633442086,0.1031559701370693,344115,356,448,888,796,0.00282019641811602,0.002736403209904009,16235,15906,560061,3,2797,5.35655937478239e-06,0.004994098857088782
0,cross_camera,active,295,637056,initial_to_bounded,original,transformer_NI_residual,0.6992964192250646,0.6999803614009436,0.10876412178075434,316988,628,1386,2371,1613,0.006421164359321973,0.0046031043122782235,35498,26012,516028,0,3457,0.0,0.006699248877967862
0,cross_camera,active,295,637056,initial_to_bounded,original,transformer_TI_residual,0.782568466876852,0.8184379820939512,0.10182653714225859,248446,249,682,1098,665,0.003493232130736409,0.002195456759749866,19685,12354,596574,0,1842,0.0,0.0030876303694093274
0,cross_camera,active,295,637056,initial_to_bounded,original,mamba_RGB_residual,0.7496706355567327,0.7546952159380586,0.09924568213385353,313313,417,1178,2041,1280,0.005558030663343456,0.00374413043563676,28980,19834,556704,0,2286,0.0,0.004106311433005691
0,cross_camera,active,295,637056,initial_to_bounded,original,mamba_NI_residual,0.691133963995541,0.6962331188039603,0.10462000295950145,309584,520,2556,3573,1537,0.009217618806163879,0.005263767086741775,48055,31671,511660,1,4159,1.954422858929758e-06,0.008128444670288863
0,cross_camera,active,295,637056,initial_to_bounded,original,mamba_TI_residual,0.7759895980943389,0.8123708366299773,0.10183423755277062,239035,309,1249,2448,1508,0.005969759141750552,0.0037331784633275714,29841,19213,585473,2,1812,3.416041388757466e-06,0.0030949334982142643
0,cross_camera,active,295,637056,initial_to_bounded,original,pure_bank,0.742840777141979,0.7526308566861962,0.05235415480684387,284965,0,0,0,0,4.7939965772219646e-05,4.458102210364582e-06,774,118,618813,0,7,0.0,1.1311979547940977e-05
0,cross_camera,active,295,637056,initial_to_bounded,original,pure_cnn,0.7404259239663978,0.7457888823768754,0.06090259225916507,305116,0,0,0,0,0.00015992845481708936,1.4123686296694178e-05,2220,299,615141,0,47,0.0,7.640524692712728e-05
0,cross_camera,active,295,637056,initial_to_bounded,original,pure_transformer,0.7491650437889397,0.7576706541298341,0.06682306941365293,298346,0,0,0,0,2.899114283798085e-05,3.455696247032405e-06,462,113,616151,0,16,0.0,2.596766052477396e-05
0,cross_camera,active,295,637056,initial_to_bounded,original,pure_mamba,0.7389313938736305,0.7544330541412444,0.06680049672673474,268250,0,1,1,0,0.00016986720970700367,2.222404250948806e-05,2281,389,612925,0,48,0.0,7.831300730105641e-05
0,cross_camera,active,295,637056,initial_to_bounded,registered_style,baseline_only,0.4587969725653947,0.4587969725653947,0.0,0,0,0,0,0,0.0006786533701674775,0.0006786533701674775,10785,10785,626271,0,0,0.0,0.0
0,cross_camera,active,295,637056,initial_to_bounded,registered_style,fused,0.5596890646399213,0.5594953127625775,0.03221114328736503,338523,0,12,12,0,0.0007466210334201329,9.850723108853597e-05,10254,1834,626584,0,77,0.0,0.00012288855125569756
0,cross_camera,active,295,637056,initial_to_bounded,registered_style,cnn,0.5631070719365242,0.5843152123071338,0.038842288452488195,209605,0,12,12,0,0.0009203081956156817,9.619086365684172e-05,12114,1860,624540,0,114,0.0,0.0001825343452781247
0,cross_camera,active,295,637056,initial_to_bounded,registered_style,transformer,0.5569474736844549,0.5844990472840716,0.04498324194434535,193769,0,11,11,0,0.0006826635529583149,9.28400386230183e-05,9669,1530,627242,0,137,0.0,0.0002184164963443137
0,cross_camera,active,295,637056,initial_to_bounded,registered_style,mamba,0.5590126464499336,0.5883645692891163,0.04496996564647327,174040,0,23,23,0,0.0010784640487782825,0.000132290833533499,13523,2224,623154,0,131,0.0,0.00021022090847527255
0,cross_camera,active,295,637056,initial_to_bounded,registered_style,cnn_RGB_residual,0.679616453712641,0.7105407186745463,0.11098097455138262,271516,240,7045,8606,1801,0.01646766251259678,0.00606293746159871,72174,34594,560654,0,3516,0.0,0.006271247507375315
0,cross_camera,active,295,637056,initial_to_bounded,registered_style,cnn_NI_residual,0.5995463121066591,0.6439049015424858,0.11697939559456526,246050,835,13726,17259,4368,0.028658786380798655,0.011585396031823209,112542,61444,517763,0,6818,0.0,0.013168186989027799
0,cross_camera,active,295,637056,initial_to_bounded,registered_style,cnn_TI_residual,0.7230888310385671,0.7750548383869252,0.10156865753115661,216783,419,3114,4539,1844,0.010489670762994844,0.005060738593337844,50022,26093,583038,0,1828,0.0,0.0031353016441466935
0,cross_camera,active,295,637056,initial_to_bounded,registered_style,transformer_RGB_residual,0.6583241332963474,0.7052011767765761,0.1272999510392564,255288,694,7278,9177,2593,0.01718964642474518,0.006444372795102182,74593,33472,560061,17,5396,3.0353836457100208e-05,0.009634664795441925
0,cross_camera,active,295,637056,initial_to_bounded,registered_style,transformer_NI_residual,0.5828742411489787,0.6391317474352219,0.13417490106181826,240973,1296,12530,16433,5199,0.02864826311097951,0.011726743322342878,116445,57571,516028,7,7290,1.3565155379165471e-05,0.014127140387730898
0,cross_camera,active,295,637056,initial_to_bounded,registered_style,transformer_TI_residual,0.7240956307376033,0.7862705440321897,0.11560707861669219,208386,284,2362,3005,927,0.007381452268791299,0.00295814729499237,37508,16818,596574,0,2585,0.0,0.004333075192683556
0,cross_camera,active,295,637056,initial_to_bounded,registered_style,mamba_RGB_residual,0.6643509489068273,0.7175971033888634,0.12362169127820298,237151,560,8217,10280,2623,0.018482918532219048,0.006456576711855079,75926,32927,556704,1,3287,1.7962867161004771e-06,0.005904394435822268
0,cross_camera,active,295,637056,initial_to_bounded,registered_style,mamba_NI_residual,0.5881359982171038,0.6499341380424944,0.1324470663752958,227303,1045,15319,19063,4789,0.030731459042326967,0.011645741355382898,119054,59974,511660,13,7072,2.5407497166086856e-05,0.013821678458351248
0,cross_camera,active,295,637056,initial_to_bounded,registered_style,mamba_TI_residual,0.7251981098893407,0.7862653612381101,0.11788555335654442,205313,425,3170,4643,1898,0.010216570875759164,0.004793215725622395,47895,24970,585473,3,2682,5.124062083136199e-06,0.0045809115023237625
0,cross_camera,active,295,637056,initial_to_bounded,registered_style,pure_bank,0.6605811735239505,0.7126556041579653,0.07557921689182245,171167,0,115,115,0,0.0018853412695317557,7.417214235868661e-05,18118,1102,618813,0,73,0.0,0.00011796778671424162
0,cross_camera,active,295,637056,initial_to_bounded,registered_style,pure_cnn,0.6674171969015678,0.7098334835579272,0.07768458004821759,209604,0,180,180,0,0.002389913621014696,0.00010086441160198791,21495,1609,615141,0,144,0.0,0.00023409267143630484
0,cross_camera,active,295,637056,initial_to_bounded,registered_style,pure_transformer,0.6550980016075357,0.7102011520924136,0.08996648636888138,193768,0,118,118,0,0.0021571690262730324,0.00013156458812904577,20792,1669,616151,0,245,0.0,0.0003976298017856013
0,cross_camera,active,295,637056,initial_to_bounded,registered_style,pure_mamba,0.6592283469616967,0.7179321958348203,0.08993993449922091,174040,1,286,287,2,0.0028179645154889073,0.0001668550833154546,23748,2184,612925,0,247,0.0,0.00040298568340335275
0,cross_camera,active,295,637056,control_to_bounded,original,baseline_only,0.4587969725653947,0.4587969725653947,0.0,0,0,0,0,0,0.0006786533701674775,0.0006786533701674775,10785,10785,626271,0,0,0.0,0.0
0,cross_camera,active,295,637056,control_to_bounded,original,fused,0.6139840126351341,0.5778705607368051,0.03613305640605794,635075,0,0,0,0,3.6211324832457315e-05,4.5767077510236e-05,614,797,635531,0,115,0.0,0.00018095104723451726
0,cross_camera,active,295,637056,control_to_bounded,original,cnn,0.608719742322837,0.6022929132624409,0.00922236662054013,479944,0,0,0,0,4.741112067753861e-05,5.018086010204128e-05,900,931,635052,0,56,0.0,8.818175519485019e-05
0,cross_camera,active,295,637056,control_to_bounded,original,transformer,0.6220702519115998,0.6082337981225435,0.02038613272703825,476211,0,0,0,0,2.899263972580012e-05,3.040219197391784e-05,495,531,635517,0,56,0.0,8.811723368533021e-05
0,cross_camera,active,295,637056,control_to_bounded,original,mamba,0.6111620384318602,0.6066149990206389,0.011065734224293512,401395,0,0,0,0,6.44917829232815e-05,6.517333053982764e-05,1049,1062,634716,0,67,0.0,0.0001055590216726851
0,cross_camera,active,295,637056,control_to_bounded,original,cnn_RGB_residual,0.7630886172187463,0.7470808785362517,0.026375479304805115,458078,60,150,796,706,0.003157654057837326,0.003140541706183313,19078,19438,599931,0,969,0.0,0.0016151857463608315
0,cross_camera,active,295,637056,control_to_bounded,original,cnn_NI_residual,0.7003884946487228,0.68766152541203,0.025730262864985167,425646,142,239,1440,1343,0.005475725621987914,0.005361888031794408,33921,33731,569916,0,1484,0.0,0.0026038925034566496
0,cross_camera,active,295,637056,control_to_bounded,original,cnn_TI_residual,0.8124505249865552,0.8026242563775815,0.024105487834059386,398615,124,165,1688,1647,0.0041861092080468666,0.004127478406034407,20975,20765,607662,0,730,0.0,0.0012013257370051113
0,cross_camera,active,295,637056,control_to_bounded,original,transformer_RGB_residual,0.790195331615088,0.754593633442086,0.056322566294770525,456267,170,203,829,796,0.002656860268623436,0.002736403209904009,14947,15906,603922,0,1623,0.0,0.002687433145339961
0,cross_camera,active,295,637056,control_to_bounded,original,transformer_NI_residual,0.7300476670609718,0.6999803614009436,0.05708835988736214,428596,245,495,1863,1613,0.004963935295487005,0.0046031043122782235,26719,26012,576282,0,2055,0.0,0.0035659624975272522
0,cross_camera,active,295,637056,control_to_bounded,original,transformer_TI_residual,0.8357877067133208,0.8184379820939512,0.05534926045249693,379881,122,234,777,665,0.002324038207936792,0.002195456759749866,12809,12354,617230,0,1194,0.0,0.001934449070848792
0,cross_camera,active,295,637056,control_to_bounded,original,mamba_RGB_residual,0.7692239506200134,0.7546952159380586,0.03467924633920277,403047,204,205,1281,1280,0.0035183773350108347,0.00374413043563676,18371,19834,603321,0,1707,0.0,0.002829339605284749
0,cross_camera,active,295,637056,control_to_bounded,original,mamba_NI_residual,0.7039918700861193,0.6962331188039603,0.03310639571523261,364248,289,269,1517,1537,0.005217625144818882,0.005263767086741775,31297,31671,572819,0,2203,0.0,0.0038458919833315587
0,cross_camera,active,295,637056,control_to_bounded,original,mamba_TI_residual,0.8173656042211526,0.8123708366299773,0.03137566706345669,345788,192,208,1524,1508,0.003875900036483761,0.0037331784633275714,20293,19213,607825,0,724,0.0,0.0011911323160449143
0,cross_camera,active,295,637056,control_to_bounded,original,pure_bank,0.7691710735494387,0.7526308566861962,0.02091539617616594,508869,0,0,0,0,4.780951157957639e-06,4.458102210364582e-06,112,118,635972,0,12,0.0,1.8868755228217593e-05
0,cross_camera,active,295,637056,control_to_bounded,original,pure_cnn,0.7586425442315501,0.7457888823768754,0.018444736121534955,479944,0,0,0,0,1.2450073182181292e-05,1.4123686296694178e-05,260,299,635451,0,43,0.0,6.766847483126158e-05
0,cross_camera,active,295,637056,control_to_bounded,original,pure_transformer,0.7853435630021084,0.7576706541298341,0.04077226575519248,476210,0,0,0,0,3.7885519161391845e-06,3.455696247032405e-06,97,113,635474,0,21,0.0,3.30461985856227e-05
0,cross_camera,active,295,637056,control_to_bounded,original,pure_mamba,0.7635271376330692,0.7544330541412444,0.022131470315886092,401397,0,0,0,0,2.2639399805314965e-05,2.222404250948806e-05,373,389,634857,0,57,0.0,8.97839986012598e-05
0,cross_camera,active,295,637056,control_to_bounded,registered_style,baseline_only,0.4587969725653947,0.4587969725653947,0.0,0,0,0,0,0,0.0006786533701674775,0.0006786533701674775,10785,10785,626271,0,0,0.0,0.0
0,cross_camera,active,295,637056,control_to_bounded,registered_style,fused,0.5936761601290248,0.5594953127625775,0.03422219847846325,633575,0,0,0,0,7.90430148849633e-05,9.850723108853597e-05,1434,1834,635531,0,421,0.0,0.0006624381816150589
0,cross_camera,active,295,637056,control_to_bounded,registered_style,cnn,0.5900972539836619,0.5843152123071338,0.008917170476732125,466098,0,0,0,0,9.249210589380289e-05,9.619086365684172e-05,1775,1860,635052,0,211,0.0,0.0003322562561805962
0,cross_camera,active,295,637056,control_to_bounded,registered_style,transformer,0.5982268995982986,0.5844990472840716,0.020182835624296572,477315,0,0,0,0,9.017459702175524e-05,9.28400386230183e-05,1498,1530,635517,0,271,0.0,0.0004264244701557944
0,cross_camera,active,295,637056,control_to_bounded,registered_style,mamba,0.5927043241828013,0.5883645692891163,0.011124446819350787,398308,0,0,0,0,0.00012811396873636796,0.000132290833533499,2155,2224,634716,0,267,0.0,0.00042066057890458096
0,cross_camera,active,295,637056,control_to_bounded,registered_style,cnn_RGB_residual,0.724449350275218,0.7105407186745463,0.026059936108157933,440356,178,296,1919,1801,0.006161551170498492,0.00606293746159871,34308,34594,599931,0,2487,0.0,0.00414547672982393
0,cross_camera,active,295,637056,control_to_bounded,registered_style,cnn_NI_residual,0.6550952010214317,0.6439049015424858,0.025430490117729035,412951,481,553,4440,4368,0.011672746704385182,0.011585396031823209,61396,61444,569916,0,4029,0.0,0.007069462868212158
0,cross_camera,active,295,637056,control_to_bounded,registered_style,cnn_TI_residual,0.7846481567845637,0.7750548383869252,0.02400563969986262,397407,174,248,1918,1844,0.005131336119801619,0.005060738593337844,26326,26093,607662,0,1352,0.0,0.0022249210910012473
0,cross_camera,active,295,637056,control_to_bounded,registered_style,transformer_RGB_residual,0.7400403189191196,0.7052011767765761,0.056016770005347584,456065,546,472,2519,2593,0.006154474387471757,0.006444372795102182,31266,33472,603922,0,5609,0.0,0.009287623236113273
0,cross_camera,active,295,637056,control_to_bounded,registered_style,transformer_NI_residual,0.668466745479454,0.6391317474352219,0.05692023884807781,427882,840,1239,5598,5199,0.012050155540653761,0.011726743322342878,57061,57571,576282,0,7655,0.0,0.013283427210983512
0,cross_camera,active,295,637056,control_to_bounded,registered_style,transformer_TI_residual,0.8044635171363601,0.7862705440321897,0.05551656929568019,384002,184,328,1071,927,0.003122772441782523,0.00295814729499237,17288,16818,617230,0,2393,0.0,0.0038769988496994636
0,cross_camera,active,295,637056,control_to_bounded,registered_style,mamba_RGB_residual,0.7315917663949122,0.7175971033888634,0.03459699091259528,400588,413,357,2567,2623,0.006187497205037061,0.006456576711855079,31130,32927,603321,0,3836,0.0,0.006358141022772289
0,cross_camera,active,295,637056,control_to_bounded,registered_style,mamba_NI_residual,0.6578462101337678,0.6499341380424944,0.03433972376914603,363479,759,807,4837,4789,0.0116472955046589,0.011645741355382898,59443,59974,572819,0,5946,0.0,0.010380242275483181
0,cross_camera,active,295,637056,control_to_bounded,registered_style,mamba_TI_residual,0.790397149978092,0.7862653612381101,0.031222647484348102,341114,262,236,1872,1898,0.004973056905964354,0.004793215725622395,26099,24970,607825,0,1520,0.0,0.002500719779541809
0,cross_camera,active,295,637056,control_to_bounded,registered_style,pure_bank,0.72855536699188,0.7126556041579653,0.020504538129953086,504807,0,0,0,0,6.837298168779842e-05,7.417214235868661e-05,1038,1102,635972,0,203,0.0,0.00031919644261068096
0,cross_camera,active,295,637056,control_to_bounded,registered_style,pure_cnn,0.7213975676567975,0.7098334835579272,0.017834342079502203,466099,0,0,0,0,9.271178035082867e-05,0.00010086441160198791,1504,1609,635451,0,303,0.0,0.0004768266947412153
0,cross_camera,active,295,637056,control_to_bounded,registered_style,pure_transformer,0.7376568564996425,0.7102011520924136,0.04036567171012589,477315,0,3,3,0,0.00012353405622354385,0.00013156458812904577,1566,1669,635474,0,459,0.0,0.0007222954833714676
0,cross_camera,active,295,637056,control_to_bounded,registered_style,pure_mamba,0.7266117040558214,0.7179321958348203,0.022248892676672884,398309,1,2,3,2,0.0001558736123708072,0.0001668550833154546,2091,2184,634857,0,429,0.0,0.0006757427263147449
0,cross_camera,inactive,285,561120,initial_to_control,original,baseline_only,0.4684516366465827,0.4684516366465827,0.0,0,0,0,0,0,0.0007412875828035357,0.0007412875828035357,9346,9346,551774,0,0,0.0,0.0
0,cross_camera,inactive,285,561120,initial_to_control,original,fused,0.6099166685295163,0.6200867377326685,0.026336576163221884,207596,0,0,0,0,0.00016547231769994323,4.100337824400239e-05,2110,681,559010,0,39,0.0,6.976619380690864e-05
0,cross_camera,inactive,285,561120,initial_to_control,original,cnn,0.6108467299684691,0.6161041032345935,0.029768347220973598,250211,0,0,0,0,0.000266521184324998,6.343346119501718e-05,3175,1043,557945,0,81,0.0,0.00014517559974549463
0,cross_camera,inactive,285,561120,initial_to_control,original,transformer,0.6095891430521096,0.6242225492864807,0.036472408936669025,206314,0,0,0,0,9.278943343104528e-05,2.916542780325113e-05,1390,460,559730,0,85,0.0,0.00015185893198506423
0,cross_camera,inactive,285,561120,initial_to_control,original,mamba,0.6093141352002457,0.6199335642955507,0.03238984338743397,217379,0,0,0,0,0.00028835057561964704,7.856466481673549e-05,3397,1183,557723,0,116,0.0,0.00020798855345754074
0,cross_camera,inactive,285,561120,initial_to_control,original,cnn_RGB_residual,0.7760791469373783,0.7723399979528863,0.09025876510563216,290571,199,847,1304,656,0.004381165293385661,0.0028677118634679592,21176,15662,539944,0,3466,0.0,0.0064191842116960275
0,cross_camera,inactive,285,561120,initial_to_control,original,cnn_NI_residual,0.7075387457351674,0.7129200479200979,0.09735841969468534,269648,456,1827,2837,1466,0.008585103670370742,0.0054821529447195245,39749,29117,521371,4,6905,7.672079958417327e-06,0.013243928028217911
0,cross_camera,inactive,285,561120,initial_to_control,original,cnn_TI_residual,0.7761076870347641,0.8060097714369088,0.08730411191219309,221421,273,1044,1928,1157,0.005863893888627949,0.0037869682352285657,26679,17543,534441,0,2175,0.0,0.004069672798307016
0,cross_camera,inactive,285,561120,initial_to_control,original,transformer_RGB_residual,0.7760112132420706,0.7907097828279864,0.10525218533900627,257107,384,365,749,768,0.002618204002918885,0.0027828731305533268,13153,13722,547967,5,5004,9.124637067560637e-06,0.009131936777214687
0,cross_camera,inactive,285,561120,initial_to_control,original,transformer_NI_residual,0.7059454324877542,0.7319542554452393,0.11158223022414687,240079,916,839,1853,1930,0.005761637314425598,0.005067324163136313,27933,22968,533187,9,7303,1.687963134885134e-05,0.013696883082295705
0,cross_camera,inactive,285,561120,initial_to_control,original,transformer_TI_residual,0.7702233974583689,0.8173164529425838,0.10812524645054493,196950,213,542,920,591,0.00349201034691827,0.0023337217638249954,18133,11948,542987,1,2794,1.8416647175715072e-06,0.005145611220894792
0,cross_camera,inactive,285,561120,initial_to_control,original,mamba_RGB_residual,0.7685168608244892,0.7842774895356249,0.09481891412306435,253580,282,852,1504,934,0.004676118697268223,0.0031367967694242113,21865,15150,539255,0,3062,0.0,0.005678204189112758
0,cross_camera,inactive,285,561120,initial_to_control,original,mamba_NI_residual,0.7054191638653317,0.7192387377655126,0.10240025547228125,257147,595,2098,3273,1770,0.009271902411144518,0.0057626441498277595,41499,28377,519621,22,6345,4.233855059745468e-05,0.012210822888220453
0,cross_camera,inactive,285,561120,initial_to_control,original,mamba_TI_residual,0.7765939853372571,0.810730350492953,0.09804009594554663,214478,277,941,1916,1252,0.005432855436337765,0.003697831774183619,24257,17018,536863,0,2975,0.0,0.00554145098470187
0,cross_camera,inactive,285,561120,initial_to_control,original,pure_bank,0.7513817282931003,0.7717218641955631,0.05267315140977263,207596,0,0,0,0,9.009259360990124e-05,8.119702285166805e-06,1010,143,560110,0,24,0.0,4.2848726143079037e-05
0,cross_camera,inactive,285,561120,initial_to_control,original,pure_cnn,0.7532418563150193,0.7637566018087933,0.05953669844214131,250211,0,0,0,0,0.00022344504722717775,2.232052651012793e-05,2180,341,558940,0,68,0.0,0.000121658854259849
0,cross_camera,inactive,285,561120,initial_to_control,original,pure_transformer,0.7507266825239254,0.7799934925535533,0.07294481991650896,206314,0,0,0,0,3.814933581887528e-05,7.438841529681136e-06,603,102,560517,0,41,0.0,7.314675558457639e-05
0,cross_camera,inactive,285,561120,initial_to_control,original,pure_mamba,0.7501766635328732,0.7714155219604735,0.06477968931501273,217378,0,5,5,0,0.00023510357367861813,3.416003830755222e-05,2327,457,558793,0,111,0.0,0.0001986424310970252
0,cross_camera,inactive,285,561120,initial_to_control,registered_style,baseline_only,0.4684516366465827,0.4684516366465827,0.0,0,0,0,0,0,0.0007412875828035357,0.0007412875828035357,9346,9346,551774,0,0,0.0,0.0
0,cross_camera,inactive,285,561120,initial_to_control,registered_style,fused,0.6099166685295163,0.6200867377326685,0.026336576163221884,207596,0,0,0,0,0.00016547231769994323,4.100337824400239e-05,2110,681,559010,0,39,0.0,6.976619380690864e-05
0,cross_camera,inactive,285,561120,initial_to_control,registered_style,cnn,0.6108467299684691,0.6161041032345935,0.029768347220973598,250211,0,0,0,0,0.000266521184324998,6.343346119501718e-05,3175,1043,557945,0,81,0.0,0.00014517559974549463
0,cross_camera,inactive,285,561120,initial_to_control,registered_style,transformer,0.6095891430521096,0.6242225492864807,0.036472408936669025,206314,0,0,0,0,9.278943343104528e-05,2.916542780325113e-05,1390,460,559730,0,85,0.0,0.00015185893198506423
0,cross_camera,inactive,285,561120,initial_to_control,registered_style,mamba,0.6093141352002457,0.6199335642955507,0.03238984338743397,217379,0,0,0,0,0.00028835057561964704,7.856466481673549e-05,3397,1183,557723,0,116,0.0,0.00020798855345754074
0,cross_camera,inactive,285,561120,initial_to_control,registered_style,cnn_RGB_residual,0.7760791469373783,0.7723399979528863,0.09025876510563216,290571,199,847,1304,656,0.004381165293385661,0.0028677118634679592,21176,15662,539944,0,3466,0.0,0.0064191842116960275
0,cross_camera,inactive,285,561120,initial_to_control,registered_style,cnn_NI_residual,0.7075387457351674,0.7129200479200979,0.09735841969468534,269648,456,1827,2837,1466,0.008585103670370742,0.0054821529447195245,39749,29117,521371,4,6905,7.672079958417327e-06,0.013243928028217911
0,cross_camera,inactive,285,561120,initial_to_control,registered_style,cnn_TI_residual,0.7761076870347641,0.8060097714369088,0.08730411191219309,221421,273,1044,1928,1157,0.005863893888627949,0.0037869682352285657,26679,17543,534441,0,2175,0.0,0.004069672798307016
0,cross_camera,inactive,285,561120,initial_to_control,registered_style,transformer_RGB_residual,0.7760112132420706,0.7907097828279864,0.10525218533900627,257107,384,365,749,768,0.002618204002918885,0.0027828731305533268,13153,13722,547967,5,5004,9.124637067560637e-06,0.009131936777214687
0,cross_camera,inactive,285,561120,initial_to_control,registered_style,transformer_NI_residual,0.7059454324877542,0.7319542554452393,0.11158223022414687,240079,916,839,1853,1930,0.005761637314425598,0.005067324163136313,27933,22968,533187,9,7303,1.687963134885134e-05,0.013696883082295705
0,cross_camera,inactive,285,561120,initial_to_control,registered_style,transformer_TI_residual,0.7702233974583689,0.8173164529425838,0.10812524645054493,196950,213,542,920,591,0.00349201034691827,0.0023337217638249954,18133,11948,542987,1,2794,1.8416647175715072e-06,0.005145611220894792
0,cross_camera,inactive,285,561120,initial_to_control,registered_style,mamba_RGB_residual,0.7685168608244892,0.7842774895356249,0.09481891412306435,253580,282,852,1504,934,0.004676118697268223,0.0031367967694242113,21865,15150,539255,0,3062,0.0,0.005678204189112758
0,cross_camera,inactive,285,561120,initial_to_control,registered_style,mamba_NI_residual,0.7054191638653317,0.7192387377655126,0.10240025547228125,257147,595,2098,3273,1770,0.009271902411144518,0.0057626441498277595,41499,28377,519621,22,6345,4.233855059745468e-05,0.012210822888220453
0,cross_camera,inactive,285,561120,initial_to_control,registered_style,mamba_TI_residual,0.7765939853372571,0.810730350492953,0.09804009594554663,214478,277,941,1916,1252,0.005432855436337765,0.003697831774183619,24257,17018,536863,0,2975,0.0,0.00554145098470187
0,cross_camera,inactive,285,561120,initial_to_control,registered_style,pure_bank,0.7513817282931003,0.7717218641955631,0.05267315140977263,207596,0,0,0,0,9.009259360990124e-05,8.119702285166805e-06,1010,143,560110,0,24,0.0,4.2848726143079037e-05
0,cross_camera,inactive,285,561120,initial_to_control,registered_style,pure_cnn,0.7532418563150193,0.7637566018087933,0.05953669844214131,250211,0,0,0,0,0.00022344504722717775,2.232052651012793e-05,2180,341,558940,0,68,0.0,0.000121658854259849
0,cross_camera,inactive,285,561120,initial_to_control,registered_style,pure_transformer,0.7507266825239254,0.7799934925535533,0.07294481991650896,206314,0,0,0,0,3.814933581887528e-05,7.438841529681136e-06,603,102,560517,0,41,0.0,7.314675558457639e-05
0,cross_camera,inactive,285,561120,initial_to_control,registered_style,pure_mamba,0.7501766635328732,0.7714155219604735,0.06477968931501273,217378,0,5,5,0,0.00023510357367861813,3.416003830755222e-05,2327,457,558793,0,111,0.0,0.0001986424310970252
0,cross_camera,inactive,285,561120,initial_to_bounded,original,baseline_only,0.4684516366465827,0.4684516366465827,0.0,0,0,0,0,0,0.0007412875828035357,0.0007412875828035357,9346,9346,551774,0,0,0.0,0.0
0,cross_camera,inactive,285,561120,initial_to_bounded,original,fused,0.6099166685295163,0.5839973477285023,0.03378547104272999,448227,0,0,0,0,0.00016547231769994323,5.382717190147611e-05,2110,895,559010,0,78,0.0,0.00013953238761381728
0,cross_camera,inactive,285,561120,initial_to_bounded,original,cnn,0.6108467299684691,0.6098401549637302,0.02998926908475417,289486,0,0,0,0,0.000266521184324998,6.984661853968973e-05,3175,1127,557945,0,99,0.0,0.00017743684413338233
0,cross_camera,inactive,285,561120,initial_to_bounded,original,transformer,0.6095891430521096,0.6103067015614284,0.03376369118045518,282528,0,0,0,0,9.278943343104528e-05,2.983188671815634e-05,1390,498,559730,0,89,0.0,0.0001590052346667143
0,cross_camera,inactive,285,561120,initial_to_bounded,original,mamba,0.6093141352002457,0.6151914330841861,0.032809485859531105,247603,0,0,0,0,0.00028835057561964704,8.899701443242932e-05,3397,1253,557723,0,125,0.0,0.00022412559639821203
0,cross_camera,inactive,285,561120,initial_to_bounded,original,cnn_RGB_residual,0.7760791469373783,0.7568796153419385,0.09093974409289061,322061,212,861,1304,655,0.004381165293385661,0.0029008299229212682,21176,16011,539944,0,3538,0.0,0.006552531373623932
0,cross_camera,inactive,285,561120,initial_to_bounded,original,cnn_NI_residual,0.7075387457351674,0.7025971528381606,0.09818123725799363,289576,402,1869,2837,1370,0.008585103670370742,0.0053108996138800995,39749,28566,521371,3,6616,5.754059968812995e-06,0.012689620251222259
0,cross_camera,inactive,285,561120,initial_to_bounded,original,cnn_TI_residual,0.7761076870347641,0.79420935382792,0.08848076362808988,247243,278,1046,1928,1160,0.005863893888627949,0.003816138771337701,26679,17894,534441,0,2467,0.0,0.004616038065941797
0,cross_camera,inactive,285,561120,initial_to_bounded,original,transformer_RGB_residual,0.7760112132420706,0.7562861098442825,0.10334786276828488,315649,404,374,749,779,0.002618204002918885,0.0028448602146152113,13153,14265,547967,12,5537,2.189912896214553e-05,0.01010462308861665
0,cross_camera,inactive,285,561120,initial_to_bounded,original,transformer_NI_residual,0.7059454324877542,0.7019110567404074,0.10763545565458162,289553,764,909,1853,1708,0.005761637314425598,0.004728855800200243,27933,22607,533187,7,6865,1.312860216021771e-05,0.01287540768998494
0,cross_camera,inactive,285,561120,initial_to_bounded,original,transformer_TI_residual,0.7702233974583689,0.7982882487887853,0.10235530634392363,230351,158,605,920,473,0.00349201034691827,0.0020771684201096076,18133,11012,542987,0,2388,0.0,0.0043978953455607595
0,cross_camera,inactive,285,561120,initial_to_bounded,original,mamba_RGB_residual,0.7685168608244892,0.7704495836687469,0.09826000664169135,281976,315,823,1504,996,0.004676118697268223,0.0033395175194742264,21865,16296,539255,1,3555,1.8544102511798685e-06,0.006592428442944433
0,cross_camera,inactive,285,561120,initial_to_bounded,original,mamba_NI_residual,0.7054191638653317,0.712978741154842,0.10574943395679241,268990,611,2121,3273,1763,0.009271902411144518,0.0055716982582396475,41499,27558,519621,12,6020,2.3093754871338917e-05,0.011585367027121691
0,cross_camera,inactive,285,561120,initial_to_bounded,original,mamba_TI_residual,0.7765939853372571,0.8023654778235618,0.10069165172812124,230293,289,996,1916,1209,0.005432855436337765,0.003644648649837277,24257,16853,536863,10,3008,1.8626725998997882e-05,0.005602919180498563
0,cross_camera,inactive,285,561120,initial_to_bounded,original,pure_bank,0.7513817282931003,0.7551072472186428,0.05130940073377169,269525,0,0,0,0,9.009259360990124e-05,9.29597811070377e-06,1010,159,560110,0,25,0.0,4.4634089732374e-05
0,cross_camera,inactive,285,561120,initial_to_bounded,original,pure_cnn,0.7532418563150193,0.7512287055239143,0.05997854194396115,289486,0,0,0,0,0.00022344504722717775,2.6173339140595508e-05,2180,378,558940,0,82,0.0,0.00014670626543099438
0,cross_camera,inactive,285,561120,initial_to_bounded,original,pure_transformer,0.7507266825239254,0.7521617997874119,0.06752738540996528,282528,0,0,0,0,3.814933581887528e-05,5.8843518978892095e-06,603,114,560517,0,39,0.0,6.957862116581655e-05
0,cross_camera,inactive,285,561120,initial_to_bounded,original,pure_mamba,0.7501766635328732,0.7619312642037862,0.06561897464752353,247603,0,5,5,0,0.00023510357367861813,4.277529908118957e-05,2327,552,558793,0,146,0.0,0.00026127743189338447
0,cross_camera,inactive,285,561120,initial_to_bounded,registered_style,baseline_only,0.4684516366465827,0.4684516366465827,0.0,0,0,0,0,0,0.0007412875828035357,0.0007412875828035357,9346,9346,551774,0,0,0.0,0.0
0,cross_camera,inactive,285,561120,initial_to_bounded,registered_style,fused,0.6099166685295163,0.5839973477285023,0.03378547104272999,448227,0,0,0,0,0.00016547231769994323,5.382717190147611e-05,2110,895,559010,0,78,0.0,0.00013953238761381728
0,cross_camera,inactive,285,561120,initial_to_bounded,registered_style,cnn,0.6108467299684691,0.6098401549637302,0.02998926908475417,289486,0,0,0,0,0.000266521184324998,6.984661853968973e-05,3175,1127,557945,0,99,0.0,0.00017743684413338233
0,cross_camera,inactive,285,561120,initial_to_bounded,registered_style,transformer,0.6095891430521096,0.6103067015614284,0.03376369118045518,282528,0,0,0,0,9.278943343104528e-05,2.983188671815634e-05,1390,498,559730,0,89,0.0,0.0001590052346667143
0,cross_camera,inactive,285,561120,initial_to_bounded,registered_style,mamba,0.6093141352002457,0.6151914330841861,0.032809485859531105,247603,0,0,0,0,0.00028835057561964704,8.899701443242932e-05,3397,1253,557723,0,125,0.0,0.00022412559639821203
0,cross_camera,inactive,285,561120,initial_to_bounded,registered_style,cnn_RGB_residual,0.7760791469373783,0.7568796153419385,0.09093974409289061,322061,212,861,1304,655,0.004381165293385661,0.0029008299229212682,21176,16011,539944,0,3538,0.0,0.006552531373623932
0,cross_camera,inactive,285,561120,initial_to_bounded,registered_style,cnn_NI_residual,0.7075387457351674,0.7025971528381606,0.09818123725799363,289576,402,1869,2837,1370,0.008585103670370742,0.0053108996138800995,39749,28566,521371,3,6616,5.754059968812995e-06,0.012689620251222259
0,cross_camera,inactive,285,561120,initial_to_bounded,registered_style,cnn_TI_residual,0.7761076870347641,0.79420935382792,0.08848076362808988,247243,278,1046,1928,1160,0.005863893888627949,0.003816138771337701,26679,17894,534441,0,2467,0.0,0.004616038065941797
0,cross_camera,inactive,285,561120,initial_to_bounded,registered_style,transformer_RGB_residual,0.7760112132420706,0.7562861098442825,0.10334786276828488,315649,404,374,749,779,0.002618204002918885,0.0028448602146152113,13153,14265,547967,12,5537,2.189912896214553e-05,0.01010462308861665
0,cross_camera,inactive,285,561120,initial_to_bounded,registered_style,transformer_NI_residual,0.7059454324877542,0.7019110567404074,0.10763545565458162,289553,764,909,1853,1708,0.005761637314425598,0.004728855800200243,27933,22607,533187,7,6865,1.312860216021771e-05,0.01287540768998494
0,cross_camera,inactive,285,561120,initial_to_bounded,registered_style,transformer_TI_residual,0.7702233974583689,0.7982882487887853,0.10235530634392363,230351,158,605,920,473,0.00349201034691827,0.0020771684201096076,18133,11012,542987,0,2388,0.0,0.0043978953455607595
0,cross_camera,inactive,285,561120,initial_to_bounded,registered_style,mamba_RGB_residual,0.7685168608244892,0.7704495836687469,0.09826000664169135,281976,315,823,1504,996,0.004676118697268223,0.0033395175194742264,21865,16296,539255,1,3555,1.8544102511798685e-06,0.006592428442944433
0,cross_camera,inactive,285,561120,initial_to_bounded,registered_style,mamba_NI_residual,0.7054191638653317,0.712978741154842,0.10574943395679241,268990,611,2121,3273,1763,0.009271902411144518,0.0055716982582396475,41499,27558,519621,12,6020,2.3093754871338917e-05,0.011585367027121691
0,cross_camera,inactive,285,561120,initial_to_bounded,registered_style,mamba_TI_residual,0.7765939853372571,0.8023654778235618,0.10069165172812124,230293,289,996,1916,1209,0.005432855436337765,0.003644648649837277,24257,16853,536863,10,3008,1.8626725998997882e-05,0.005602919180498563
0,cross_camera,inactive,285,561120,initial_to_bounded,registered_style,pure_bank,0.7513817282931003,0.7551072472186428,0.05130940073377169,269525,0,0,0,0,9.009259360990124e-05,9.29597811070377e-06,1010,159,560110,0,25,0.0,4.4634089732374e-05
0,cross_camera,inactive,285,561120,initial_to_bounded,registered_style,pure_cnn,0.7532418563150193,0.7512287055239143,0.05997854194396115,289486,0,0,0,0,0.00022344504722717775,2.6173339140595508e-05,2180,378,558940,0,82,0.0,0.00014670626543099438
0,cross_camera,inactive,285,561120,initial_to_bounded,registered_style,pure_transformer,0.7507266825239254,0.7521617997874119,0.06752738540996528,282528,0,0,0,0,3.814933581887528e-05,5.8843518978892095e-06,603,114,560517,0,39,0.0,6.957862116581655e-05
0,cross_camera,inactive,285,561120,initial_to_bounded,registered_style,pure_mamba,0.7501766635328732,0.7619312642037862,0.06561897464752353,247603,0,5,5,0,0.00023510357367861813,4.277529908118957e-05,2327,552,558793,0,146,0.0,0.00026127743189338447
0,cross_camera,inactive,285,561120,control_to_bounded,original,baseline_only,0.4684516366465827,0.4684516366465827,0.0,0,0,0,0,0,0.0007412875828035357,0.0007412875828035357,9346,9346,551774,0,0,0.0,0.0
0,cross_camera,inactive,285,561120,control_to_bounded,original,fused,0.6200867377326685,0.5839973477285023,0.036128511503655966,558434,0,0,0,0,4.100337824400239e-05,5.382717190147611e-05,681,895,560439,0,228,0.0,0.00040682393623570095
0,cross_camera,inactive,285,561120,control_to_bounded,original,cnn,0.6161041032345935,0.6098401549637302,0.009238538041484405,417403,0,0,0,0,6.343346119501718e-05,6.984661853968973e-05,1043,1127,560077,0,158,0.0,0.00028210406783353
0,cross_camera,inactive,285,561120,control_to_bounded,original,transformer,0.6242225492864807,0.6103067015614284,0.020933270952248527,417554,0,0,0,0,2.916542780325113e-05,2.983188671815634e-05,460,498,560660,0,113,0.0,0.0002015481753647487
0,cross_camera,inactive,285,561120,control_to_bounded,original,mamba,0.6199335642955507,0.6151914330841861,0.011113717142896402,359459,0,0,0,0,7.856466481673549e-05,8.899701443242932e-05,1183,1253,559937,0,181,0.0,0.00032325065141256963
0,cross_camera,inactive,285,561120,control_to_bounded,original,cnn_RGB_residual,0.7723399979528863,0.7568796153419385,0.026339840555990267,397065,84,85,656,655,0.0028677118634679592,0.0029008299229212682,15662,16011,545458,0,1644,0.0,0.0030139809114542275
0,cross_camera,inactive,285,561120,control_to_bounded,original,cnn_NI_residual,0.7129200479200979,0.7025971528381606,0.02558234822506303,356525,127,223,1466,1370,0.0054821529447195245,0.0053108996138800995,29117,28566,532003,0,2383,0.0,0.004479298049071152
0,cross_camera,inactive,285,561120,control_to_bounded,original,cnn_TI_residual,0.8060097714369088,0.79420935382792,0.02489486112623979,366652,122,119,1157,1160,0.0037869682352285657,0.003816138771337701,17543,17894,543577,0,1438,0.0,0.002645439376574064
0,cross_camera,inactive,285,561120,control_to_bounded,original,transformer_RGB_residual,0.7907097828279864,0.7562861098442825,0.05667479767797914,397776,235,224,768,779,0.0027828731305533268,0.0028448602146152113,13722,14265,547398,0,2378,0.0,0.004344188323669432
0,cross_camera,inactive,285,561120,control_to_bounded,original,transformer_NI_residual,0.7319542554452393,0.7019110567404074,0.05731334173976103,380187,270,492,1930,1708,0.005067324163136313,0.004728855800200243,22968,22607,538152,0,3615,0.0,0.006717432992909066
0,cross_camera,inactive,285,561120,control_to_bounded,original,transformer_TI_residual,0.8173164529425838,0.7982882487887853,0.056517880959456285,341843,64,182,591,473,0.0023337217638249954,0.0020771684201096076,11948,11012,549172,0,1615,0.0,0.0029407908633360767
0,cross_camera,inactive,285,561120,control_to_bounded,original,mamba_RGB_residual,0.7842774895356249,0.7704495836687469,0.03392062254716209,350754,190,128,934,996,0.0031367967694242113,0.0033395175194742264,15150,16296,545970,0,2425,0.0,0.004441635987325311
0,cross_camera,inactive,285,561120,control_to_bounded,original,mamba_NI_residual,0.7192387377655126,0.712978741154842,0.03418716843749241,311223,248,255,1770,1763,0.0057626441498277595,0.0055716982582396475,28377,27558,532743,0,2972,0.0,0.005578674895775261
0,cross_camera,inactive,285,561120,control_to_bounded,original,mamba_TI_residual,0.810730350492953,0.8023654778235618,0.03171552873346752,325245,140,183,1252,1209,0.003697831774183619,0.003644648649837277,17018,16853,544102,0,1353,0.0,0.002486666103046855
0,cross_camera,inactive,285,561120,control_to_bounded,original,pure_bank,0.7717218641955631,0.7551072472186428,0.02092993544226919,449316,0,0,0,0,8.119702285166805e-06,9.29597811070377e-06,143,159,560977,0,24,0.0,4.2782502669449906e-05
0,cross_camera,inactive,285,561120,control_to_bounded,original,pure_cnn,0.7637566018087933,0.7512287055239143,0.018477077619021492,417402,0,0,0,0,2.232052651012793e-05,2.6173339140595508e-05,341,378,560779,0,82,0.0,0.00014622516178387565
0,cross_camera,inactive,285,561120,control_to_bounded,original,pure_transformer,0.7799934925535533,0.7521617997874119,0.04186654098598614,417554,0,0,0,0,7.438841529681136e-06,5.8843518978892095e-06,102,114,561018,0,43,0.0,7.664638211251689e-05
0,cross_camera,inactive,285,561120,control_to_bounded,original,pure_mamba,0.7714155219604735,0.7619312642037862,0.022227433224157246,359459,0,0,0,0,3.416003830755222e-05,4.277529908118957e-05,457,552,560663,0,150,0.0,0.00026754039414050867
0,cross_camera,inactive,285,561120,control_to_bounded,registered_style,baseline_only,0.4684516366465827,0.4684516366465827,0.0,0,0,0,0,0,0.0007412875828035357,0.0007412875828035357,9346,9346,551774,0,0,0.0,0.0
0,cross_camera,inactive,285,561120,control_to_bounded,registered_style,fused,0.6200867377326685,0.5839973477285023,0.036128511503655966,558434,0,0,0,0,4.100337824400239e-05,5.382717190147611e-05,681,895,560439,0,228,0.0,0.00040682393623570095
0,cross_camera,inactive,285,561120,control_to_bounded,registered_style,cnn,0.6161041032345935,0.6098401549637302,0.009238538041484405,417403,0,0,0,0,6.343346119501718e-05,6.984661853968973e-05,1043,1127,560077,0,158,0.0,0.00028210406783353
0,cross_camera,inactive,285,561120,control_to_bounded,registered_style,transformer,0.6242225492864807,0.6103067015614284,0.020933270952248527,417554,0,0,0,0,2.916542780325113e-05,2.983188671815634e-05,460,498,560660,0,113,0.0,0.0002015481753647487
0,cross_camera,inactive,285,561120,control_to_bounded,registered_style,mamba,0.6199335642955507,0.6151914330841861,0.011113717142896402,359459,0,0,0,0,7.856466481673549e-05,8.899701443242932e-05,1183,1253,559937,0,181,0.0,0.00032325065141256963
0,cross_camera,inactive,285,561120,control_to_bounded,registered_style,cnn_RGB_residual,0.7723399979528863,0.7568796153419385,0.026339840555990267,397065,84,85,656,655,0.0028677118634679592,0.0029008299229212682,15662,16011,545458,0,1644,0.0,0.0030139809114542275
0,cross_camera,inactive,285,561120,control_to_bounded,registered_style,cnn_NI_residual,0.7129200479200979,0.7025971528381606,0.02558234822506303,356525,127,223,1466,1370,0.0054821529447195245,0.0053108996138800995,29117,28566,532003,0,2383,0.0,0.004479298049071152
0,cross_camera,inactive,285,561120,control_to_bounded,registered_style,cnn_TI_residual,0.8060097714369088,0.79420935382792,0.02489486112623979,366652,122,119,1157,1160,0.0037869682352285657,0.003816138771337701,17543,17894,543577,0,1438,0.0,0.002645439376574064
0,cross_camera,inactive,285,561120,control_to_bounded,registered_style,transformer_RGB_residual,0.7907097828279864,0.7562861098442825,0.05667479767797914,397776,235,224,768,779,0.0027828731305533268,0.0028448602146152113,13722,14265,547398,0,2378,0.0,0.004344188323669432
0,cross_camera,inactive,285,561120,control_to_bounded,registered_style,transformer_NI_residual,0.7319542554452393,0.7019110567404074,0.05731334173976103,380187,270,492,1930,1708,0.005067324163136313,0.004728855800200243,22968,22607,538152,0,3615,0.0,0.006717432992909066
0,cross_camera,inactive,285,561120,control_to_bounded,registered_style,transformer_TI_residual,0.8173164529425838,0.7982882487887853,0.056517880959456285,341843,64,182,591,473,0.0023337217638249954,0.0020771684201096076,11948,11012,549172,0,1615,0.0,0.0029407908633360767
0,cross_camera,inactive,285,561120,control_to_bounded,registered_style,mamba_RGB_residual,0.7842774895356249,0.7704495836687469,0.03392062254716209,350754,190,128,934,996,0.0031367967694242113,0.0033395175194742264,15150,16296,545970,0,2425,0.0,0.004441635987325311
0,cross_camera,inactive,285,561120,control_to_bounded,registered_style,mamba_NI_residual,0.7192387377655126,0.712978741154842,0.03418716843749241,311223,248,255,1770,1763,0.0057626441498277595,0.0055716982582396475,28377,27558,532743,0,2972,0.0,0.005578674895775261
0,cross_camera,inactive,285,561120,control_to_bounded,registered_style,mamba_TI_residual,0.810730350492953,0.8023654778235618,0.03171552873346752,325245,140,183,1252,1209,0.003697831774183619,0.003644648649837277,17018,16853,544102,0,1353,0.0,0.002486666103046855
0,cross_camera,inactive,285,561120,control_to_bounded,registered_style,pure_bank,0.7717218641955631,0.7551072472186428,0.02092993544226919,449316,0,0,0,0,8.119702285166805e-06,9.29597811070377e-06,143,159,560977,0,24,0.0,4.2782502669449906e-05
0,cross_camera,inactive,285,561120,control_to_bounded,registered_style,pure_cnn,0.7637566018087933,0.7512287055239143,0.018477077619021492,417402,0,0,0,0,2.232052651012793e-05,2.6173339140595508e-05,341,378,560779,0,82,0.0,0.00014622516178387565
0,cross_camera,inactive,285,561120,control_to_bounded,registered_style,pure_transformer,0.7799934925535533,0.7521617997874119,0.04186654098598614,417554,0,0,0,0,7.438841529681136e-06,5.8843518978892095e-06,102,114,561018,0,43,0.0,7.664638211251689e-05
0,cross_camera,inactive,285,561120,control_to_bounded,registered_style,pure_mamba,0.7714155219604735,0.7619312642037862,0.022227433224157246,359459,0,0,0,0,3.416003830755222e-05,4.277529908118957e-05,457,552,560663,0,150,0.0,0.00026754039414050867
0,identity,active,295,7400960,initial_to_control,original,baseline_only,0.5149001268093806,0.5149001268093806,0.0,0,0,0,0,0,0.00021421344865586934,0.00021421344865586934,39109,39109,7361851,0,0,0.0,0.0
0,identity,active,295,7400960,initial_to_control,original,fused,0.6538275983563824,0.6644999765747076,0.027039059879618958,2755866,0,0,0,0,4.449871276927767e-05,1.3548334968082505e-05,8068,2818,7359453,0,110,0.0,1.4946763027089106e-05
0,identity,active,295,7400960,initial_to_control,original,cnn,0.6516038540890305,0.6572066096721321,0.02996375322995833,3255274,0,0,0,0,7.427893875764051e-05,1.966647342947982e-05,13010,4100,7353455,0,221,0.0,3.0053899833479635e-05
0,identity,active,295,7400960,initial_to_control,original,transformer,0.657367424489387,0.6712942913528628,0.037042796191117354,2823027,0,0,0,0,3.1710742462492406e-05,1.0554525515680028e-05,5628,2187,7349403,0,215,0.0,2.9254076827736892e-05
0,identity,active,295,7400960,initial_to_control,original,mamba,0.6525115155246187,0.6649990271752606,0.0341892623607554,2806129,0,0,0,0,7.762971130598395e-05,2.4783845507096512e-05,13319,4793,7349240,0,326,0.0,4.4358328208086825e-05
0,identity,active,295,7400960,initial_to_control,original,cnn_RGB_residual,0.8001363856239585,0.8023585558384778,0.08959392606108796,3644357,1830,6377,10082,5535,0.002797110535710621,0.0018742443741179855,190005,137941,6813236,8,18442,1.174185071528419e-06,0.002706790136140888
0,identity,active,295,7400960,initial_to_control,original,cnn_NI_residual,0.750112093122213,0.7624421525887614,0.08970967941150507,3344654,3248,11392,17867,9723,0.004593060936184823,0.002986044412492104,300364,216095,6624397,13,28395,1.9624427702627123e-06,0.0042864278816622855
0,identity,active,295,7400960,initial_to_control,original,cnn_TI_residual,0.8146743633848856,0.8337386710865193,0.09119247390226154,3159544,1439,7728,13371,7082,0.003244118326492926,0.001935773995344881,205714,131293,6966612,0,11456,0.0,0.001644414817417706
0,identity,active,295,7400960,initial_to_control,original,transformer_RGB_residual,0.8139047653645011,0.8318233858199281,0.11313075980263812,3323220,2905,3144,6114,5875,0.0016259387176338045,0.0014923003632161581,112308,100087,6666517,61,19486,9.150205422111727e-06,0.002922965620578182
0,identity,active,295,7400960,initial_to_control,original,transformer_NI_residual,0.7665689604816561,0.7911676326511323,0.11210325737146679,3179879,4782,7145,12259,9896,0.0031454814464654166,0.0025053459872386333,209200,167070,6454929,97,29536,1.5027276055243985e-05,0.004575728098635942
0,identity,active,295,7400960,initial_to_control,original,transformer_TI_residual,0.8190305370692438,0.8600744655187055,0.10961498520475581,2823292,1956,5030,9231,6157,0.0022520514157534912,0.0015182364271203893,144925,97665,6997440,11,14288,1.572003475556775e-06,0.002041889605341382
0,identity,active,295,7400960,initial_to_control,original,mamba_RGB_residual,0.796417796772254,0.8110333683304368,0.0972111530824019,3334396,2502,6581,11125,7046,0.002904725501646535,0.001995506141710229,191874,137075,6769182,15,18784,2.215925055641878e-06,0.0027749290830118025
0,identity,active,295,7400960,initial_to_control,original,mamba_NI_residual,0.7531152054226907,0.7826869893424204,0.10376181796967607,3018410,2920,13473,19772,9219,0.004712537149835368,0.0027563912077525478,299346,193596,6605991,26,25228,3.935821287071084e-06,0.003818957670393435
0,identity,active,295,7400960,initial_to_control,original,mamba_TI_residual,0.8208358178902376,0.8515735332937893,0.09763807132493431,2935981,2237,7629,14111,8719,0.0032849242921215,0.0021350552617046617,201880,137466,6973907,11,15141,1.577308100036321e-06,0.002171092903877267
0,identity,active,295,7400960,initial_to_control,original,pure_bank,0.7927550917972794,0.8140998493000083,0.05407812108375878,2755865,0,0,0,0,2.2926476750123497e-05,2.650781872080206e-06,3870,607,7309027,0,82,0.0,1.1219003569148123e-05
0,identity,active,295,7400960,initial_to_control,original,pure_cnn,0.7883076132894806,0.7995131250621684,0.05992750869015742,3255272,0,9,9,0,7.141242688580347e-05,8.600210684971856e-06,10801,1707,7292732,0,224,0.0,3.071551237588328e-05
0,identity,active,295,7400960,initial_to_control,original,pure_transformer,0.799834753978754,0.8276884891025519,0.07408559462724287,2823031,0,1,1,0,1.7379415866939878e-05,2.9920981679436514e-06,2824,586,7249757,0,136,0.0,1.8759249447947014e-05
0,identity,active,295,7400960,initial_to_control,original,pure_mamba,0.7901229347243293,0.8150979590139403,0.06837852762450825,2806128,0,8,8,0,7.252161131027496e-05,1.2220660000935477e-05,10729,2243,7282582,0,402,0.0,5.520020234581636e-05
0,identity,active,295,7400960,initial_to_control,registered_style,baseline_only,0.5149001268093806,0.5149001268093806,0.0,0,0,0,0,0,0.00021421344865586934,0.00021421344865586934,39109,39109,7361851,0,0,0.0,0.0
0,identity,active,295,7400960,initial_to_control,registered_style,fused,0.6115998684327368,0.6426765382484457,0.03972899105507436,1582592,0,18,18,0,0.00024580431527081485,2.885566644512227e-05,40749,6108,7359453,0,206,0.0,2.7991210759821416e-05
0,identity,active,295,7400960,initial_to_control,registered_style,cnn,0.6165445390678462,0.6370084870991565,0.03704469747344434,2355833,0,18,18,0,0.0002901441519615347,3.6777596776234506e-05,46084,7948,7353455,0,496,0.0,6.745128650409909e-05
0,identity,active,295,7400960,initial_to_control,registered_style,transformer,0.6040774868755818,0.6459638046997468,0.05384944464152168,1608121,0,24,24,0,0.00031349627874891275,2.887176537332379e-05,50917,5825,7349403,0,551,0.0,7.497207596317687e-05
0,identity,active,295,7400960,initial_to_control,registered_style,mamba,0.6141775785746015,0.645057322603845,0.04438213125012868,1871891,0,36,36,0,0.0003247822855121133,5.024557848422422e-05,50319,9576,7349240,0,600,0.0,8.164109486150949e-05
0,identity,active,295,7400960,initial_to_control,registered_style,cnn_RGB_residual,0.7191402844322827,0.7556321550169866,0.10537627172484312,2931551,2965,45804,57203,14364,0.01027675876051981,0.00402719705441954,558927,273465,6813236,14,36446,2.0548238751747333e-06,0.0053492936396155955
0,identity,active,295,7400960,initial_to_control,registered_style,cnn_NI_residual,0.6746881299414991,0.7193279870879989,0.10543801775205637,2703817,4911,60502,77552,21961,0.013687334358057373,0.005941761791698533,731269,396593,6624397,17,52821,2.5662713149589313e-06,0.007973706889849748
0,identity,active,295,7400960,initial_to_control,registered_style,cnn_TI_residual,0.7607385291312776,0.8023904975324461,0.1061125553206891,2755942,2158,28931,37586,10813,0.007233279941034731,0.0029560209421381285,405775,195934,6966612,26,19162,3.7320867015415816e-06,0.0027505478990361453
0,identity,active,295,7400960,initial_to_control,registered_style,transformer_RGB_residual,0.6880332255852336,0.7750651977693106,0.14953504264175296,2313708,5246,76322,88348,17272,0.014257931339914784,0.003824094757347246,714936,237740,6666517,245,39722,3.675082505602251e-05,0.005958433766838065
0,identity,active,295,7400960,initial_to_control,registered_style,transformer_NI_residual,0.643923675132257,0.7347300409734329,0.1479028077040125,2194280,8602,88261,106519,26860,0.017818013438566916,0.0059396692825854575,912993,362257,6454929,246,57982,3.811041143907237e-05,0.008982592992115018
0,identity,active,295,7400960,initial_to_control,registered_style,transformer_TI_residual,0.7478077241182194,0.8212873187583704,0.12961835268606306,2329324,3123,25430,33047,10740,0.006644099607417988,0.0025508843271265314,382447,161861,6997440,30,25422,4.287282206063932e-06,0.003633042941418576
0,identity,active,295,7400960,initial_to_control,registered_style,mamba_RGB_residual,0.7064903167285455,0.7659342703292678,0.12042696367161626,2535124,4251,58776,72072,17547,0.011812560685084317,0.004231028767966719,601960,268617,6769182,41,34786,6.056861818754467e-06,0.005138877932370558
0,identity,active,295,7400960,initial_to_control,registered_style,mamba_NI_residual,0.6705649755937445,0.7405030737433091,0.12610683712490536,2335957,5333,68969,86850,23214,0.014559706531855185,0.005656733784225545,752337,360824,6605991,53,47667,8.023020315952595e-06,0.0072157228188775915
0,identity,active,295,7400960,initial_to_control,registered_style,mamba_TI_residual,0.7633099003098958,0.8192063149882268,0.11550287804411619,2531876,3265,28100,38249,13414,0.007229458362756858,0.003212656932406914,400538,201871,6973907,17,25596,2.4376579727834055e-06,0.003670252557139061
0,identity,active,295,7400960,initial_to_control,registered_style,pure_bank,0.7082996305443908,0.7704529719358071,0.07945798359481626,1582596,0,348,348,0,0.0007470852198123002,2.725781801119058e-05,91396,4817,7309027,0,326,0.0,4.460238004319864e-05
0,identity,active,295,7400960,initial_to_control,registered_style,pure_cnn,0.718188979571647,0.7591168788698746,0.07408939770122297,2355832,1,568,569,2,0.0009332355829201101,4.931631698401498e-05,106528,9028,7292732,0,1078,0.0,0.00014781840330893828
0,identity,active,295,7400960,initial_to_control,registered_style,pure_transformer,0.693254875495707,0.7770275141359577,0.10769889274069137,1608121,3,730,736,9,0.0013263166089258341,3.849982797000264e-05,150668,6296,7249757,0,988,0.0,0.00013628042981302685
0,identity,active,295,7400960,initial_to_control,registered_style,pure_mamba,0.7134550593594289,0.7752145486800337,0.0887642648549613,1871896,0,767,772,5,0.001060045826365944,7.090969241270861e-05,116762,11190,7282582,0,1367,0.0,0.00018770815076301234
0,identity,active,295,7400960,initial_to_bounded,original,baseline_only,0.5149001268093806,0.5149001268093806,0.0,0,0,0,0,0,0.00021421344865586934,0.00021421344865586934,39109,39109,7361851,0,0,0.0,0.0
0,identity,active,295,7400960,initial_to_bounded,original,fused,0.6538275983563824,0.6277146307750867,0.034559791801074845,5839903,0,0,0,0,4.449871276927767e-05,1.7515345068246666e-05,8068,3673,7359453,0,241,0.0,3.2746998995713404e-05
0,identity,active,295,7400960,initial_to_bounded,original,cnn,0.6516038540890305,0.6513809923219588,0.029791278329266972,3724263,0,0,0,0,7.427893875764051e-05,2.0379107297049632e-05,13010,4263,7353455,0,248,0.0,3.3725643252049546e-05
0,identity,active,295,7400960,initial_to_bounded,original,transformer,0.657367424489387,0.6559878221674031,0.03502540205437987,3850668,0,0,0,0,3.1710742462492406e-05,1.0889009197914366e-05,5628,2347,7349403,0,254,0.0,3.456063029881475e-05
0,identity,active,295,7400960,initial_to_bounded,original,mamba,0.6525115155246187,0.6607254825627157,0.033949611659741814,3122173,0,0,0,0,7.762971130598395e-05,2.4402152786837657e-05,13319,4853,7349240,0,343,0.0,4.667149256249626e-05
0,identity,active,295,7400960,initial_to_bounded,original,cnn_RGB_residual,0.8001363856239585,0.7888650704725456,0.08941450801188984,4003593,1777,6475,10082,5384,0.002797110535710621,0.0018934981358058518,190005,140573,6813236,16,19288,2.348370143056838e-06,0.0028309602074550184
0,identity,active,295,7400960,initial_to_bounded,original,cnn_NI_residual,0.750112093122213,0.7496861016966145,0.08954564140639748,3680871,3055,11572,17867,9350,0.004593060936184823,0.002977723878911517,300364,217759,6624397,13,28934,1.9624427702627123e-06,0.004367793778060101
0,identity,active,295,7400960,initial_to_bounded,original,cnn_TI_residual,0.8146743633848856,0.8250344974336292,0.09000347288866622,3387186,1335,7866,13371,6840,0.003244118326492926,0.001905738855466913,205714,130119,6966612,0,11028,0.0,0.001582978928638483
0,identity,active,295,7400960,initial_to_bounded,original,transformer_RGB_residual,0.8139047653645011,0.7994644711801634,0.10974250339229492,4014405,3050,3305,6114,5859,0.0016259387176338045,0.0015676859963423939,112308,107235,6666517,73,22529,1.0950245833018952e-05,0.0033794258681107392
0,identity,active,295,7400960,initial_to_bounded,original,transformer_NI_residual,0.7665689604816561,0.7549822301333983,0.10923165657223846,3964094,4462,7338,12259,9383,0.0031454814464654166,0.002563458751074969,209200,175955,6454929,94,32082,1.4562514940133345e-05,0.004970155364993171
0,identity,active,295,7400960,initial_to_bounded,original,transformer_TI_residual,0.8190305370692438,0.8367799570722747,0.10625385179168584,3330662,1820,5209,9231,5842,0.0022520514157534912,0.001518991288304099,144925,100007,6997440,5,16027,7.145470343439887e-07,0.002290409063886221
0,identity,active,295,7400960,initial_to_bounded,original,mamba_RGB_residual,0.796417796772254,0.8027455475881426,0.09869229112926547,3553459,2272,6604,11125,6793,0.002904725501646535,0.001999690211147065,191874,138965,6769182,17,19433,2.511381729727462e-06,0.0028708047737525744
0,identity,active,295,7400960,initial_to_bounded,original,mamba_NI_residual,0.7531152054226907,0.7766603321399302,0.10543998606872568,3174791,2839,13688,19772,8923,0.004712537149835368,0.0026768054733738895,299346,189029,6605991,16,24719,2.4220438689668214e-06,0.0037419063998119285
0,identity,active,295,7400960,initial_to_bounded,original,mamba_TI_residual,0.8208358178902376,0.840246743848357,0.09845396572112192,3173788,2282,7664,14111,8729,0.0032849242921215,0.0021431670384169698,201880,137718,6973907,27,15760,3.871574427361879e-06,0.0022598523324156745
0,identity,active,295,7400960,initial_to_bounded,original,pure_bank,0.7927550917972794,0.7971627602353413,0.05233204082381988,3536693,0,0,0,0,2.2926476750123497e-05,2.6295692511600983e-06,3870,633,7309027,0,74,0.0,1.0124466635572696e-05
0,identity,active,295,7400960,initial_to_bounded,original,pure_cnn,0.7883076132894806,0.78786188863557,0.05958255858869258,3724260,0,9,9,0,7.141242688580347e-05,8.805807609370815e-06,10801,1803,7292732,0,255,0.0,3.4966319892188554e-05
0,identity,active,295,7400960,initial_to_bounded,original,pure_transformer,0.799834753978754,0.7970755480007771,0.07005080682678336,3850667,0,1,1,0,1.7379415866939878e-05,2.854406270350261e-06,2824,618,7249757,0,150,0.0,2.069034865582391e-05
0,identity,active,295,7400960,initial_to_bounded,original,pure_mamba,0.7901229347243293,0.8065508704350822,0.06789922617819358,3122174,0,8,8,0,7.252161131027496e-05,1.1132421833396604e-05,10729,2185,7282582,0,409,0.0,5.616139989910172e-05
0,identity,active,295,7400960,initial_to_bounded,registered_style,baseline_only,0.5149001268093806,0.5149001268093806,0.0,0,0,0,0,0,0.00021421344865586934,0.00021421344865586934,39109,39109,7361851,0,0,0.0,0.0
0,identity,active,295,7400960,initial_to_bounded,registered_style,fused,0.6115998684327368,0.6081996525129417,0.03199658422170026,4104239,0,18,18,0,0.00024580431527081485,3.569696757174009e-05,40749,7641,7359453,0,429,0.0,5.829237580564751e-05
0,identity,active,295,7400960,initial_to_bounded,registered_style,cnn,0.6165445390678462,0.6318367162178472,0.03561673340986939,2714226,0,18,18,0,0.0002901441519615347,3.767696937519177e-05,46084,8251,7353455,0,546,0.0,7.425081135330263e-05
0,identity,active,295,7400960,initial_to_bounded,registered_style,transformer,0.6040774868755818,0.6313321999766576,0.046714597782080446,2321726,0,24,24,0,0.00031349627874891275,2.867156537734664e-05,50917,5969,7349403,0,610,0.0,8.299993890660235e-05
0,identity,active,295,7400960,initial_to_bounded,registered_style,mamba,0.6141775785746015,0.6409011905277422,0.04309454969882725,2128931,0,36,36,0,0.0003247822855121133,5.0829354487835194e-05,50319,9798,7349240,0,615,0.0,8.368212223304723e-05
0,identity,active,295,7400960,initial_to_bounded,registered_style,cnn_RGB_residual,0.7191402844322827,0.7437990057649313,0.10316167522906823,3214671,2893,45909,57203,14187,0.01027675876051981,0.00404281468938481,558927,275764,6813236,22,36912,3.2290089467031525e-06,0.005417689920032126
0,identity,active,295,7400960,initial_to_bounded,registered_style,cnn_NI_residual,0.6746881299414991,0.7076849808541424,0.10320143857629828,2982377,4634,60831,77552,21355,0.013687334358057373,0.005921799213286039,731269,398970,6624397,22,53804,3.3210569958292053e-06,0.008122097754708844
0,identity,active,295,7400960,initial_to_bounded,registered_style,cnn_TI_residual,0.7607385291312776,0.7948360229394248,0.10471149907059607,2941070,1930,29122,37586,10394,0.007233279941034731,0.0029119709227833058,405775,194629,6966612,5,19207,7.177089810656888e-07,0.0027570072798657366
0,identity,active,295,7400960,initial_to_bounded,registered_style,transformer_RGB_residual,0.6880332255852336,0.7450568072594448,0.1387312126715426,2827459,5259,76410,88348,17197,0.014257931339914784,0.003956150392434396,714936,249869,6666517,241,44298,3.61508115857201e-05,0.00664484917686402
0,identity,active,295,7400960,initial_to_bounded,registered_style,transformer_NI_residual,0.643923675132257,0.7004554810259938,0.13543257543631887,2795519,8161,88288,106519,26392,0.017818013438566916,0.006107774896081158,912993,381130,6454929,233,63581,3.6096446606926274e-05,0.009849992153283173
0,identity,active,295,7400960,initial_to_bounded,registered_style,transformer_TI_residual,0.7478077241182194,0.7977806364929133,0.12307676031064489,2782403,3063,25870,33047,10240,0.006644099607417988,0.002560787850540163,382447,166475,6997440,43,28845,6.145104495358302e-06,0.0041222218411304705
0,identity,active,295,7400960,initial_to_bounded,registered_style,mamba_RGB_residual,0.7064903167285455,0.7582312829946569,0.12022845738605908,2721814,4109,58924,72072,17257,0.011812560685084317,0.004234703447379314,601960,271350,6769182,38,36256,5.6136768076260916e-06,0.005356038587823462
0,identity,active,295,7400960,initial_to_bounded,registered_style,mamba_NI_residual,0.6705649755937445,0.734063491186211,0.12646692560182685,2492070,5274,69852,86850,22272,0.014559706531855185,0.005517598613246499,752337,355125,6605991,62,48028,9.385419992246433e-06,0.0072703701836711555
0,identity,active,295,7400960,initial_to_bounded,registered_style,mamba_TI_residual,0.7633099003098958,0.8084120944696117,0.1157296752876896,2754430,3304,28160,38249,13393,0.007229458362756858,0.003213253755358667,400538,202376,6973907,29,26557,4.1583577182775736e-06,0.0038080519284240527
0,identity,active,295,7400960,initial_to_bounded,registered_style,pure_bank,0.7082996305443908,0.7544799668073957,0.07215029071447837,2120386,0,348,348,0,0.0007470852198123002,2.725479412283096e-05,91396,4849,7309027,0,333,0.0,4.5560099860077134e-05
0,identity,active,295,7400960,initial_to_bounded,registered_style,pure_cnn,0.718188979571647,0.7487733346304846,0.07123346840925769,2714228,0,569,569,0,0.0009332355829201101,4.977674381062602e-05,106528,9166,7292732,0,1141,0.0,0.00015645714116465544
0,identity,active,295,7400960,initial_to_bounded,registered_style,pure_transformer,0.693254875495707,0.7477643034881996,0.09342919870371157,2321724,0,735,736,1,0.0013263166089258341,3.98995651342948e-05,150668,6830,7249757,0,1214,0.0,0.0001674538884544682
0,identity,active,295,7400960,initial_to_bounded,registered_style,pure_mamba,0.7134550593594289,0.7669022856915403,0.08618910211582059,2128932,1,771,772,2,0.001060045826365944,7.131005550910574e-05,116762,11421,7282582,0,1462,0.0,0.0002007529747004565
0,identity,active,295,7400960,control_to_bounded,original,baseline_only,0.5149001268093806,0.5149001268093806,0.0,0,0,0,0,0,0.00021421344865586934,0.00021421344865586934,39109,39109,7361851,0,0,0.0,0.0
0,identity,active,295,7400960,control_to_bounded,original,fused,0.6644999765747076,0.6277146307750867,0.03686365417585383,7354958,0,0,0,0,1.3548334968082505e-05,1.7515345068246666e-05,2818,3673,7394460,0,548,0.0,7.410953605807592e-05
0,identity,active,295,7400960,control_to_bounded,original,cnn,0.6572066096721321,0.6513809923219588,0.008970410125987259,5396940,0,0,0,0,1.966647342947982e-05,2.0379107297049632e-05,4100,4263,7392291,0,281,0.0,3.801257282755779e-05
0,identity,active,295,7400960,control_to_bounded,original,transformer,0.6712942913528628,0.6559878221674031,0.021152962297721206,5702605,0,0,0,0,1.0554525515680028e-05,1.0889009197914366e-05,2187,2347,7394856,0,301,0.0,4.0703970435665006e-05
0,identity,active,295,7400960,control_to_bounded,original,mamba,0.6649990271752606,0.6607254825627157,0.01099620707681453,4614659,0,0,0,0,2.4783845507096512e-05,2.4402152786837657e-05,4793,4853,7390634,0,319,0.0,4.3162738135862225e-05
0,identity,active,295,7400960,control_to_bounded,original,cnn_RGB_residual,0.8023585558384778,0.7888650704725456,0.025255526496383875,5048766,685,836,5535,5384,0.0018742443741179855,0.0018934981358058518,137941,140573,7106434,0,7141,0.0,0.0010048640429222307
0,identity,active,295,7400960,control_to_bounded,original,cnn_NI_residual,0.7624421525887614,0.7496861016966145,0.0252465229466287,4975178,1065,1438,9723,9350,0.002986044412492104,0.002977723878911517,216095,217759,6969326,0,11081,0.0,0.0015899672364300364
0,identity,active,295,7400960,control_to_bounded,original,cnn_TI_residual,0.8337386710865193,0.8250344974336292,0.024225473409945346,4584774,649,891,7082,6840,0.001935773995344881,0.001905738855466913,131293,130119,7185538,0,5738,0.0,0.0007985484176689344
0,identity,active,295,7400960,control_to_bounded,original,transformer_RGB_residual,0.8318233858199281,0.7994644711801634,0.05756709289380202,5151320,1255,1271,5875,5859,0.0014923003632161581,0.0015676859963423939,100087,107235,7148111,0,12477,0.0,0.001745496117785524
0,identity,active,295,7400960,control_to_bounded,original,transformer_NI_residual,0.7911676326511323,0.7549822301333983,0.05884827191718956,5288202,1982,2495,9896,9383,0.0025053459872386333,0.002563458751074969,167070,175955,7013994,0,19553,0.0,0.0027877126783969306
0,identity,active,295,7400960,control_to_bounded,original,transformer_TI_residual,0.8600744655187055,0.8367799570722747,0.054533173102746656,4734064,1108,1423,6157,5842,0.0015182364271203893,0.001518991288304099,97665,100007,7223809,0,11341,0.0,0.001569947378176804
0,identity,active,295,7400960,control_to_bounded,original,mamba_RGB_residual,0.8110333683304368,0.8027455475881426,0.03204772246953367,4256473,1045,1298,7046,6793,0.001995506141710229,0.001999690211147065,137075,138965,7111396,0,9347,0.0,0.0013143692180832005
0,identity,active,295,7400960,control_to_bounded,original,mamba_NI_residual,0.7826869893424204,0.7766603321399302,0.03205803303398312,4129467,1476,1772,9219,8923,0.0027563912077525478,0.0026768054733738895,193596,189029,7009712,0,11657,0.0,0.0016629784504698624
0,identity,active,295,7400960,control_to_bounded,original,mamba_TI_residual,0.8515735332937893,0.840246743848357,0.03266841864524252,4538284,1137,1127,8719,8729,0.0021350552617046617,0.0021431670384169698,137466,137718,7179579,0,7847,0.0,0.0010929610218092176
0,identity,active,295,7400960,control_to_bounded,original,pure_bank,0.8140998493000083,0.7971627602353413,0.02101868067682306,5988196,0,0,0,0,2.650781872080206e-06,2.6295692511600983e-06,607,633,7395950,0,58,0.0,7.842129814290253e-06
0,identity,active,295,7400960,control_to_bounded,original,pure_cnn,0.7995131250621684,0.78786188863557,0.01794082160736656,5396951,0,0,0,0,8.600210684971856e-06,8.805807609370815e-06,1707,1803,7391488,0,214,0.0,2.8952221798912478e-05
0,identity,active,295,7400960,control_to_bounded,original,pure_transformer,0.8276884891025519,0.7970755480007771,0.042305926801547024,5702606,0,0,0,0,2.9920981679436514e-06,2.854406270350261e-06,586,618,7394521,0,136,0.0,1.8391995911567495e-05
0,identity,active,295,7400960,control_to_bounded,original,pure_mamba,0.8150979590139403,0.8065508704350822,0.021992414399504678,4614662,0,0,0,0,1.2220660000935477e-05,1.1132421833396604e-05,2243,2185,7389223,0,261,0.0,3.532171109195107e-05
0,identity,active,295,7400960,control_to_bounded,registered_style,baseline_only,0.5149001268093806,0.5149001268093806,0.0,0,0,0,0,0,0.00021421344865586934,0.00021421344865586934,39109,39109,7361851,0,0,0.0,0.0
0,identity,active,295,7400960,control_to_bounded,registered_style,fused,0.6426765382484457,0.6081996525129417,0.034567761937028166,7342837,0,0,0,0,2.885566644512227e-05,3.569696757174009e-05,6108,7641,7394460,0,1645,0.0,0.00022246384455389576
0,identity,active,295,7400960,control_to_bounded,registered_style,cnn,0.6370084870991565,0.6318367162178472,0.008662866010437113,5235305,0,0,0,0,3.6777596776234506e-05,3.767696937519177e-05,7948,8251,7392291,0,877,0.0,0.00011863710451874798
0,identity,active,295,7400960,control_to_bounded,registered_style,transformer,0.6459638046997468,0.6313321999766576,0.02061008613163486,5653104,0,0,0,0,2.887176537332379e-05,2.867156537734664e-05,5825,5969,7394856,0,1167,0.0,0.00015781240364923943
0,identity,active,295,7400960,control_to_bounded,registered_style,mamba,0.645057322603845,0.6409011905277422,0.01089946638320084,4606692,0,0,0,0,5.024557848422422e-05,5.0829354487835194e-05,9576,9798,7390634,0,1181,0.0,0.00015979684557508868
0,identity,active,295,7400960,control_to_bounded,registered_style,cnn_RGB_residual,0.7556321550169866,0.7437990057649313,0.024971937817075164,4888533,1668,1845,14364,14187,0.00402719705441954,0.00404281468938481,273465,275764,7106434,0,21974,0.0,0.0030921275002342946
0,identity,active,295,7400960,control_to_bounded,registered_style,cnn_NI_residual,0.7193279870879989,0.7076849808541424,0.02506500399728143,4865506,2474,3080,21961,21355,0.005941761791698533,0.005921799213286039,396593,398970,6969326,0,30522,0.0,0.004379476580662176
0,identity,active,295,7400960,control_to_bounded,registered_style,cnn_TI_residual,0.8023904975324461,0.7948360229394248,0.024115741098514425,4467999,1049,1468,10813,10394,0.0029560209421381285,0.0029119709227833058,195934,194629,7185538,0,13059,0.0,0.001817400450738692
0,identity,active,295,7400960,control_to_bounded,registered_style,transformer_RGB_residual,0.7750651977693106,0.7450568072594448,0.056607828599828644,5076310,3555,3630,17272,17197,0.003824094757347246,0.003956150392434396,237740,249869,7148111,0,43624,0.0,0.006102871094195376
0,identity,active,295,7400960,control_to_bounded,registered_style,transformer_NI_residual,0.7347300409734329,0.7004554810259938,0.05800843443668055,5217531,5446,5914,26860,26392,0.0059396692825854575,0.006107774896081158,362257,381130,7013994,0,63312,0.0,0.009026526113367078
0,identity,active,295,7400960,control_to_bounded,registered_style,transformer_TI_residual,0.8212873187583704,0.7977806364929133,0.05504389816345003,4739184,2057,2557,10740,10240,0.0025508843271265314,0.002560787850540163,161861,166475,7223809,0,27385,0.0,0.003790936332895845
0,identity,active,295,7400960,control_to_bounded,registered_style,mamba_RGB_residual,0.7659342703292678,0.7582312829946569,0.03205104075882172,4228232,2506,2796,17547,17257,0.004231028767966719,0.004234703447379314,268617,271350,7111396,0,27700,0.0,0.0038951564502947103
0,identity,active,295,7400960,control_to_bounded,registered_style,mamba_NI_residual,0.7405030737433091,0.734063491186211,0.032551854009902445,4164690,3395,4337,23214,22272,0.005656733784225545,0.005517598613246499,360824,355125,7009712,0,33955,0.0,0.004843993590606861
0,identity,active,295,7400960,control_to_bounded,registered_style,mamba_TI_residual,0.8192063149882268,0.8084120944696117,0.03269817892448241,4487569,1817,1838,13414,13393,0.003212656932406914,0.003213253755358667,201871,202376,7179579,0,17571,0.0,0.0024473579857537606
0,identity,active,295,7400960,control_to_bounded,registered_style,pure_bank,0.7704529719358071,0.7544799668073957,0.02032324821037008,5913510,0,0,0,0,2.725781801119058e-05,2.725479412283096e-05,4817,4849,7395950,0,742,0.0,0.00010032517796902359
0,identity,active,295,7400960,control_to_bounded,registered_style,pure_cnn,0.7591168788698746,0.7487733346304846,0.017325733512101087,5235313,0,2,2,0,4.931631698401498e-05,4.977674381062602e-05,9028,9166,7391488,0,1491,0.0,0.00020171851729989957
0,identity,active,295,7400960,control_to_bounded,registered_style,pure_transformer,0.7770275141359577,0.7477643034881996,0.04122017349573411,5653100,1,9,9,1,3.849982797000264e-05,3.98995651342948e-05,6296,6830,7394521,0,2172,0.0,0.0002937309935288574
0,identity,active,295,7400960,control_to_bounded,registered_style,pure_mamba,0.7752145486800337,0.7669022856915403,0.02179893228228342,4606692,1,4,5,2,7.090969241270861e-05,7.131005550910574e-05,11190,11421,7389223,0,2157,0.0,0.00029191161235761866
0,identity,inactive,285,7150080,initial_to_control,original,baseline_only,0.5190082765400962,0.5190082765400962,0.0,0,0,0,0,0,0.0002138607682872823,0.0002138607682872823,36801,36801,7113279,0,0,0.0,0.0
0,identity,inactive,285,7150080,initial_to_control,original,fused,0.6573793965756805,0.6665702702063476,0.026608607649167025,2778175,0,0,0,0,4.1497634278058874e-05,1.0572369227136754e-05,7586,2418,7142494,0,211,0.0,2.9541501889956085e-05
0,identity,inactive,285,7150080,initial_to_control,original,cnn,0.6557318664387372,0.6595014613459214,0.029552230999740185,3284102,0,0,0,0,7.280410117818211e-05,1.750521123123092e-05,12361,3861,7137719,0,455,0.0,6.37458549432949e-05
0,identity,inactive,285,7150080,initial_to_control,original,transformer,0.6600219315894573,0.6727695029093218,0.03666225885807552,2787279,0,0,0,0,2.6323194717095423e-05,8.16299608759607e-06,5168,1778,7144912,0,402,0.0,5.626381402598101e-05
0,identity,inactive,285,7150080,initial_to_control,original,mamba,0.6563843928402985,0.6674398446965238,0.03361182141304559,2814737,0,0,0,0,7.420185376858518e-05,1.9738608475064666e-05,12476,4097,7137604,0,460,0.0,6.444739719379221e-05
0,identity,inactive,285,7150080,initial_to_control,original,cnn_RGB_residual,0.8032673445787658,0.8011180989149266,0.0888975130148091,3630372,1681,5895,9086,4872,0.002648966542809357,0.0018319533163850764,176836,133221,6973244,57,34726,8.174100891923473e-06,0.004979891711805868
0,identity,inactive,285,7150080,initial_to_control,original,cnn_NI_residual,0.7548150625823205,0.7630075081676702,0.0895300033076428,3350621,2897,11210,17442,9129,0.004570941995141397,0.0030399176466804415,287614,212882,6862466,9,50762,1.311481907524205e-06,0.007397049398860409
0,identity,inactive,285,7150080,initial_to_control,original,cnn_TI_residual,0.8192840664842592,0.8358584333627509,0.09079943353451804,3117365,1185,5993,9931,5123,0.0028270182090794145,0.0017306749487857633,181153,118036,6968927,1,18291,1.4349411322575198e-07,0.002624650825012229
0,identity,inactive,285,7150080,initial_to_control,original,transformer_RGB_residual,0.8164153372451249,0.8320712407898716,0.11243656661030371,3242501,2611,2999,5019,4631,0.0015077939501592242,0.0013978068705348496,103764,94491,7046316,151,39058,2.1429637841958834e-05,0.0055430383763657495
0,identity,inactive,285,7150080,initial_to_control,original,transformer_NI_residual,0.768282092932212,0.7898884754573667,0.11034430074319664,3129750,5278,6159,11221,10340,0.0029910092715043773,0.0026296687064499276,194340,165933,6955740,411,63850,5.9087890001638934e-05,0.009179469042833689
0,identity,inactive,285,7150080,initial_to_control,original,transformer_TI_residual,0.818409424138338,0.8576325870456224,0.10944032586889707,2766624,1757,4322,7594,5029,0.0020629102042341424,0.0014372661199972916,134769,93105,7015311,14,23020,1.995634976125791e-06,0.003281394082172551
0,identity,inactive,285,7150080,initial_to_control,original,mamba_RGB_residual,0.7992513378255436,0.8122679628665762,0.09665604657107313,3261552,2316,5523,9669,6462,0.002715284374200602,0.001909537957754485,176760,129325,6973320,40,33222,5.736148635083432e-06,0.004764158248868545
0,identity,inactive,285,7150080,initial_to_control,original,mamba_NI_residual,0.7581115838137326,0.7831753935197192,0.10260652561717012,3022982,3302,12435,18947,9814,0.0046846059301581065,0.0028820471156830625,285770,192102,6864310,39,45522,5.681561584485549e-06,0.006631693498691056
0,identity,inactive,285,7150080,initial_to_control,original,mamba_TI_residual,0.8239187185629998,0.8521709929492188,0.09793292789847449,2903652,1994,6161,11142,6975,0.002870310884843033,0.0018714888868871262,176795,119212,6973285,11,21959,1.5774487920685875e-06,0.0031490180022758284
0,identity,inactive,285,7150080,initial_to_control,original,pure_bank,0.7957505408613533,0.8141322868516178,0.053217216142660444,2778181,0,0,0,0,2.0038045828261162e-05,2.4704884176110624e-06,3498,539,7146582,0,141,0.0,1.9729711350125136e-05
0,identity,inactive,285,7150080,initial_to_control,original,pure_cnn,0.7924554888660096,0.7999946783229485,0.05910446397047411,3284102,0,0,0,0,6.663471804502638e-05,8.443598341874445e-06,10000,1600,7140080,0,458,0.0,6.4144939552498e-05
0,identity,inactive,285,7150080,initial_to_control,original,pure_transformer,0.8010356183251558,0.8265307621663391,0.07332452052024474,2787279,0,0,0,0,1.2840585929783812e-05,2.3512689220700564e-06,2354,465,7147726,0,224,0.0,3.133863833056835e-05
0,identity,inactive,285,7150080,initial_to_control,original,pure_mamba,0.7937605416243486,0.8158714450626542,0.06722364475158459,2814736,0,5,5,0,6.466818719679475e-05,9.35663050972689e-06,9549,1723,7140531,0,467,0.0,6.540129858689781e-05
0,identity,inactive,285,7150080,initial_to_control,registered_style,baseline_only,0.5190082765400962,0.5190082765400962,0.0,0,0,0,0,0,0.0002138607682872823,0.0002138607682872823,36801,36801,7113279,0,0,0.0,0.0
0,identity,inactive,285,7150080,initial_to_control,registered_style,fused,0.6573793965756805,0.6665702702063476,0.026608607649167025,2778175,0,0,0,0,4.1497634278058874e-05,1.0572369227136754e-05,7586,2418,7142494,0,211,0.0,2.9541501889956085e-05
0,identity,inactive,285,7150080,initial_to_control,registered_style,cnn,0.6557318664387372,0.6595014613459214,0.029552230999740185,3284102,0,0,0,0,7.280410117818211e-05,1.750521123123092e-05,12361,3861,7137719,0,455,0.0,6.37458549432949e-05
0,identity,inactive,285,7150080,initial_to_control,registered_style,transformer,0.6600219315894573,0.6727695029093218,0.03666225885807552,2787279,0,0,0,0,2.6323194717095423e-05,8.16299608759607e-06,5168,1778,7144912,0,402,0.0,5.626381402598101e-05
0,identity,inactive,285,7150080,initial_to_control,registered_style,mamba,0.6563843928402985,0.6674398446965238,0.03361182141304559,2814737,0,0,0,0,7.420185376858518e-05,1.9738608475064666e-05,12476,4097,7137604,0,460,0.0,6.444739719379221e-05
0,identity,inactive,285,7150080,initial_to_control,registered_style,cnn_RGB_residual,0.8032673445787658,0.8011180989149266,0.0888975130148091,3630372,1681,5895,9086,4872,0.002648966542809357,0.0018319533163850764,176836,133221,6973244,57,34726,8.174100891923473e-06,0.004979891711805868
0,identity,inactive,285,7150080,initial_to_control,registered_style,cnn_NI_residual,0.7548150625823205,0.7630075081676702,0.0895300033076428,3350621,2897,11210,17442,9129,0.004570941995141397,0.0030399176466804415,287614,212882,6862466,9,50762,1.311481907524205e-06,0.007397049398860409
0,identity,inactive,285,7150080,initial_to_control,registered_style,cnn_TI_residual,0.8192840664842592,0.8358584333627509,0.09079943353451804,3117365,1185,5993,9931,5123,0.0028270182090794145,0.0017306749487857633,181153,118036,6968927,1,18291,1.4349411322575198e-07,0.002624650825012229
0,identity,inactive,285,7150080,initial_to_control,registered_style,transformer_RGB_residual,0.8164153372451249,0.8320712407898716,0.11243656661030371,3242501,2611,2999,5019,4631,0.0015077939501592242,0.0013978068705348496,103764,94491,7046316,151,39058,2.1429637841958834e-05,0.0055430383763657495
0,identity,inactive,285,7150080,initial_to_control,registered_style,transformer_NI_residual,0.768282092932212,0.7898884754573667,0.11034430074319664,3129750,5278,6159,11221,10340,0.0029910092715043773,0.0026296687064499276,194340,165933,6955740,411,63850,5.9087890001638934e-05,0.009179469042833689
0,identity,inactive,285,7150080,initial_to_control,registered_style,transformer_TI_residual,0.818409424138338,0.8576325870456224,0.10944032586889707,2766624,1757,4322,7594,5029,0.0020629102042341424,0.0014372661199972916,134769,93105,7015311,14,23020,1.995634976125791e-06,0.003281394082172551
0,identity,inactive,285,7150080,initial_to_control,registered_style,mamba_RGB_residual,0.7992513378255436,0.8122679628665762,0.09665604657107313,3261552,2316,5523,9669,6462,0.002715284374200602,0.001909537957754485,176760,129325,6973320,40,33222,5.736148635083432e-06,0.004764158248868545
0,identity,inactive,285,7150080,initial_to_control,registered_style,mamba_NI_residual,0.7581115838137326,0.7831753935197192,0.10260652561717012,3022982,3302,12435,18947,9814,0.0046846059301581065,0.0028820471156830625,285770,192102,6864310,39,45522,5.681561584485549e-06,0.006631693498691056
0,identity,inactive,285,7150080,initial_to_control,registered_style,mamba_TI_residual,0.8239187185629998,0.8521709929492188,0.09793292789847449,2903652,1994,6161,11142,6975,0.002870310884843033,0.0018714888868871262,176795,119212,6973285,11,21959,1.5774487920685875e-06,0.0031490180022758284
0,identity,inactive,285,7150080,initial_to_control,registered_style,pure_bank,0.7957505408613533,0.8141322868516178,0.053217216142660444,2778181,0,0,0,0,2.0038045828261162e-05,2.4704884176110624e-06,3498,539,7146582,0,141,0.0,1.9729711350125136e-05
0,identity,inactive,285,7150080,initial_to_control,registered_style,pure_cnn,0.7924554888660096,0.7999946783229485,0.05910446397047411,3284102,0,0,0,0,6.663471804502638e-05,8.443598341874445e-06,10000,1600,7140080,0,458,0.0,6.4144939552498e-05
0,identity,inactive,285,7150080,initial_to_control,registered_style,pure_transformer,0.8010356183251558,0.8265307621663391,0.07332452052024474,2787279,0,0,0,0,1.2840585929783812e-05,2.3512689220700564e-06,2354,465,7147726,0,224,0.0,3.133863833056835e-05
0,identity,inactive,285,7150080,initial_to_control,registered_style,pure_mamba,0.7937605416243486,0.8158714450626542,0.06722364475158459,2814736,0,5,5,0,6.466818719679475e-05,9.35663050972689e-06,9549,1723,7140531,0,467,0.0,6.540129858689781e-05
0,identity,inactive,285,7150080,initial_to_bounded,original,baseline_only,0.5190082765400962,0.5190082765400962,0.0,0,0,0,0,0,0.0002138607682872823,0.0002138607682872823,36801,36801,7113279,0,0,0.0,0.0
0,identity,inactive,285,7150080,initial_to_bounded,original,fused,0.6573793965756805,0.6294130389074479,0.035643336987489636,5745207,0,0,0,0,4.1497634278058874e-05,1.346631068987531e-05,7586,3114,7142494,0,383,0.0,5.362272617939896e-05
0,identity,inactive,285,7150080,initial_to_bounded,original,cnn,0.6557318664387372,0.6537052392059871,0.02977109752612642,3741141,0,0,0,0,7.280410117818211e-05,1.85423617939755e-05,12361,4085,7137719,0,492,0.0,6.89295838068156e-05
0,identity,inactive,285,7150080,initial_to_bounded,original,transformer,0.6600219315894573,0.657625130722787,0.03524115413998555,3774346,0,0,0,0,2.6323194717095423e-05,8.023092582984674e-06,5168,1839,7144912,0,409,0.0,5.7243532180662264e-05
0,identity,inactive,285,7150080,initial_to_bounded,original,mamba,0.6563843928402985,0.663175142072154,0.033565458801203193,3122218,0,0,0,0,7.420185376858518e-05,2.0823783393148115e-05,12476,4230,7137604,0,474,0.0,6.640883971708153e-05
0,identity,inactive,285,7150080,initial_to_bounded,original,cnn_RGB_residual,0.8032673445787658,0.7876471090652691,0.08928695149750446,3979152,1613,5920,9086,4779,0.002648966542809357,0.001848174365975232,176836,135333,6973244,41,35307,5.879616431032673e-06,0.005063210178791965
0,identity,inactive,285,7150080,initial_to_bounded,original,cnn_NI_residual,0.7548150625823205,0.7508262029542151,0.08964281133484547,3662928,2689,11250,17442,8881,0.004570941995141397,0.003023976066904312,287614,213550,6862466,6,50980,8.743212716828032e-07,0.007428816405064885
0,identity,inactive,285,7150080,initial_to_bounded,original,cnn_TI_residual,0.8192840664842592,0.8267333986386136,0.09052988306792734,3356923,1144,6007,9931,5068,0.0028270182090794145,0.0017297852082241148,181153,118465,6968927,1,18509,1.4349411322575198e-07,0.002655932541695443
0,identity,inactive,285,7150080,initial_to_bounded,original,transformer_RGB_residual,0.8164153372451249,0.8010758663238023,0.110863720134655,3881916,2577,3086,5019,4510,0.0015077939501592242,0.0014339717479767812,103764,98505,7046316,186,42811,2.6396772441088363e-05,0.006075657123523839
0,identity,inactive,285,7150080,initial_to_bounded,original,transformer_NI_residual,0.768282092932212,0.7544229350320122,0.10854352079436638,3885026,4787,6311,11221,9697,0.0029910092715043773,0.002632538500834986,194340,172400,6955740,395,67596,5.678763151009095e-05,0.00971801706216736
0,identity,inactive,285,7150080,initial_to_bounded,original,transformer_TI_residual,0.818409424138338,0.8332272703775461,0.10625222190016778,3272216,1706,4475,7594,4825,0.0020629102042341424,0.0014192324942366023,134769,94203,7015311,13,24650,1.8530896206882347e-06,0.003513743011535768
0,identity,inactive,285,7150080,initial_to_bounded,original,mamba_RGB_residual,0.7992513378255436,0.8036574060226004,0.0984128088002144,3478462,2255,5576,9669,6348,0.002715284374200602,0.0019329623940215804,176760,131653,6973320,35,34556,5.019130055698004e-06,0.004955458805848577
0,identity,inactive,285,7150080,initial_to_bounded,original,mamba_NI_residual,0.7581115838137326,0.778388221657851,0.10437984074851459,3148974,3099,12794,18947,9252,0.0046846059301581065,0.0027682015117129885,285770,186484,6864310,32,43790,4.661794120603528e-06,0.006379373891913389
0,identity,inactive,285,7150080,initial_to_bounded,original,mamba_TI_residual,0.8239187185629998,0.8399805082429115,0.09925671391104739,3162201,2064,6255,11142,6951,0.002870310884843033,0.00188588694748962,176795,120655,6973285,31,23243,4.4455375049205644e-06,0.0033331492976409255
0,identity,inactive,285,7150080,initial_to_bounded,original,pure_bank,0.7957505408613533,0.797328756738031,0.05229704353736205,3534217,0,0,0,0,2.0038045828261162e-05,2.4487625205488864e-06,3498,524,7146582,0,127,0.0,1.777073291819782e-05
0,identity,inactive,285,7150080,initial_to_bounded,original,pure_cnn,0.7924554888660096,0.7884022358651869,0.05954219661371809,3741141,0,0,0,0,6.663471804502638e-05,8.574186161830147e-06,10000,1693,7140080,0,479,0.0,6.708608306909727e-05
0,identity,inactive,285,7150080,initial_to_bounded,original,pure_transformer,0.8010356183251558,0.7962420186252104,0.07048231087073407,3774346,0,0,0,0,1.2840585929783812e-05,2.168743376651402e-06,2354,482,7147726,0,252,0.0,3.52559681218894e-05
0,identity,inactive,285,7150080,initial_to_bounded,original,pure_mamba,0.7937605416243486,0.8073420415569634,0.06713091990533605,3122220,0,5,5,0,6.466818719679475e-05,1.0212148389990703e-05,9549,1849,7140531,0,509,0.0,7.128321409150104e-05
0,identity,inactive,285,7150080,initial_to_bounded,registered_style,baseline_only,0.5190082765400962,0.5190082765400962,0.0,0,0,0,0,0,0.0002138607682872823,0.0002138607682872823,36801,36801,7113279,0,0,0.0,0.0
0,identity,inactive,285,7150080,initial_to_bounded,registered_style,fused,0.6573793965756805,0.6294130389074479,0.035643336987489636,5745207,0,0,0,0,4.1497634278058874e-05,1.346631068987531e-05,7586,3114,7142494,0,383,0.0,5.362272617939896e-05
0,identity,inactive,285,7150080,initial_to_bounded,registered_style,cnn,0.6557318664387372,0.6537052392059871,0.02977109752612642,3741141,0,0,0,0,7.280410117818211e-05,1.85423617939755e-05,12361,4085,7137719,0,492,0.0,6.89295838068156e-05
0,identity,inactive,285,7150080,initial_to_bounded,registered_style,transformer,0.6600219315894573,0.657625130722787,0.03524115413998555,3774346,0,0,0,0,2.6323194717095423e-05,8.023092582984674e-06,5168,1839,7144912,0,409,0.0,5.7243532180662264e-05
0,identity,inactive,285,7150080,initial_to_bounded,registered_style,mamba,0.6563843928402985,0.663175142072154,0.033565458801203193,3122218,0,0,0,0,7.420185376858518e-05,2.0823783393148115e-05,12476,4230,7137604,0,474,0.0,6.640883971708153e-05
0,identity,inactive,285,7150080,initial_to_bounded,registered_style,cnn_RGB_residual,0.8032673445787658,0.7876471090652691,0.08928695149750446,3979152,1613,5920,9086,4779,0.002648966542809357,0.001848174365975232,176836,135333,6973244,41,35307,5.879616431032673e-06,0.005063210178791965
0,identity,inactive,285,7150080,initial_to_bounded,registered_style,cnn_NI_residual,0.7548150625823205,0.7508262029542151,0.08964281133484547,3662928,2689,11250,17442,8881,0.004570941995141397,0.003023976066904312,287614,213550,6862466,6,50980,8.743212716828032e-07,0.007428816405064885
0,identity,inactive,285,7150080,initial_to_bounded,registered_style,cnn_TI_residual,0.8192840664842592,0.8267333986386136,0.09052988306792734,3356923,1144,6007,9931,5068,0.0028270182090794145,0.0017297852082241148,181153,118465,6968927,1,18509,1.4349411322575198e-07,0.002655932541695443
0,identity,inactive,285,7150080,initial_to_bounded,registered_style,transformer_RGB_residual,0.8164153372451249,0.8010758663238023,0.110863720134655,3881916,2577,3086,5019,4510,0.0015077939501592242,0.0014339717479767812,103764,98505,7046316,186,42811,2.6396772441088363e-05,0.006075657123523839
0,identity,inactive,285,7150080,initial_to_bounded,registered_style,transformer_NI_residual,0.768282092932212,0.7544229350320122,0.10854352079436638,3885026,4787,6311,11221,9697,0.0029910092715043773,0.002632538500834986,194340,172400,6955740,395,67596,5.678763151009095e-05,0.00971801706216736
0,identity,inactive,285,7150080,initial_to_bounded,registered_style,transformer_TI_residual,0.818409424138338,0.8332272703775461,0.10625222190016778,3272216,1706,4475,7594,4825,0.0020629102042341424,0.0014192324942366023,134769,94203,7015311,13,24650,1.8530896206882347e-06,0.003513743011535768
0,identity,inactive,285,7150080,initial_to_bounded,registered_style,mamba_RGB_residual,0.7992513378255436,0.8036574060226004,0.0984128088002144,3478462,2255,5576,9669,6348,0.002715284374200602,0.0019329623940215804,176760,131653,6973320,35,34556,5.019130055698004e-06,0.004955458805848577
0,identity,inactive,285,7150080,initial_to_bounded,registered_style,mamba_NI_residual,0.7581115838137326,0.778388221657851,0.10437984074851459,3148974,3099,12794,18947,9252,0.0046846059301581065,0.0027682015117129885,285770,186484,6864310,32,43790,4.661794120603528e-06,0.006379373891913389
0,identity,inactive,285,7150080,initial_to_bounded,registered_style,mamba_TI_residual,0.8239187185629998,0.8399805082429115,0.09925671391104739,3162201,2064,6255,11142,6951,0.002870310884843033,0.00188588694748962,176795,120655,6973285,31,23243,4.4455375049205644e-06,0.0033331492976409255
0,identity,inactive,285,7150080,initial_to_bounded,registered_style,pure_bank,0.7957505408613533,0.797328756738031,0.05229704353736205,3534217,0,0,0,0,2.0038045828261162e-05,2.4487625205488864e-06,3498,524,7146582,0,127,0.0,1.777073291819782e-05
0,identity,inactive,285,7150080,initial_to_bounded,registered_style,pure_cnn,0.7924554888660096,0.7884022358651869,0.05954219661371809,3741141,0,0,0,0,6.663471804502638e-05,8.574186161830147e-06,10000,1693,7140080,0,479,0.0,6.708608306909727e-05
0,identity,inactive,285,7150080,initial_to_bounded,registered_style,pure_transformer,0.8010356183251558,0.7962420186252104,0.07048231087073407,3774346,0,0,0,0,1.2840585929783812e-05,2.168743376651402e-06,2354,482,7147726,0,252,0.0,3.52559681218894e-05
0,identity,inactive,285,7150080,initial_to_bounded,registered_style,pure_mamba,0.7937605416243486,0.8073420415569634,0.06713091990533605,3122220,0,5,5,0,6.466818719679475e-05,1.0212148389990703e-05,9549,1849,7140531,0,509,0.0,7.128321409150104e-05
0,identity,inactive,285,7150080,control_to_bounded,original,baseline_only,0.5190082765400962,0.5190082765400962,0.0,0,0,0,0,0,0.0002138607682872823,0.0002138607682872823,36801,36801,7113279,0,0,0.0,0.0
0,identity,inactive,285,7150080,control_to_bounded,original,fused,0.6665702702063476,0.6294130389074479,0.03725989763017145,7093437,0,0,0,0,1.0572369227136754e-05,1.346631068987531e-05,2418,3114,7147662,0,786,0.0,0.00010996602805224981
0,identity,inactive,285,7150080,control_to_bounded,original,cnn,0.6595014613459214,0.6537052392059871,0.00903125871785987,5211292,0,0,0,0,1.750521123123092e-05,1.85423617939755e-05,3861,4085,7146219,0,543,0.0,7.598423725889173e-05
0,identity,inactive,285,7150080,control_to_bounded,original,transformer,0.6727695029093218,0.657625130722787,0.021237602586347822,5485673,0,0,0,0,8.16299608759607e-06,8.023092582984674e-06,1778,1839,7148302,0,392,0.0,5.483819793847546e-05
0,identity,inactive,285,7150080,control_to_bounded,original,mamba,0.6674398446965238,0.663175142072154,0.011041896422836234,4468551,0,0,0,0,1.9738608475064666e-05,2.0823783393148115e-05,4097,4230,7145983,0,603,0.0,8.438307227990886e-05
0,identity,inactive,285,7150080,control_to_bounded,original,cnn_RGB_residual,0.8011180989149266,0.7876471090652691,0.025309215287862633,4879937,665,758,4872,4779,0.0018319533163850764,0.001848174365975232,133221,135333,7016859,0,14159,0.0,0.0020178544274582115
0,identity,inactive,285,7150080,control_to_bounded,original,cnn_NI_residual,0.7630075081676702,0.7508262029542151,0.025131760300313014,4759281,1100,1348,9129,8881,0.0030399176466804415,0.003023976066904312,212882,213550,6937198,0,20147,0.0,0.0029041984962804865
0,identity,inactive,285,7150080,control_to_bounded,original,cnn_TI_residual,0.8358584333627509,0.8267333986386136,0.024633540466252837,4466117,544,599,5123,5068,0.0017306749487857633,0.0017297852082241148,118036,118465,7032044,0,9839,0.0,0.0013991664443510309
0,identity,inactive,285,7150080,control_to_bounded,original,transformer_RGB_residual,0.8320712407898716,0.8010758663238023,0.057660513846615295,4923059,1107,1228,4631,4510,0.0013978068705348496,0.0014339717479767812,94491,98505,7055589,0,19970,0.0,0.0028303802843391247
0,identity,inactive,285,7150080,control_to_bounded,original,transformer_NI_residual,0.7898884754573667,0.7544229350320122,0.05858532834879257,5086953,1891,2534,10340,9697,0.0026296687064499276,0.002632538500834986,165933,172400,6984147,0,32226,0.0,0.004614164048952578
0,identity,inactive,285,7150080,control_to_bounded,original,transformer_TI_residual,0.8576325870456224,0.8332272703775461,0.05534857289354602,4612132,982,1186,5029,4825,0.0014372661199972916,0.0014192324942366023,93105,94203,7056975,0,16491,0.0,0.002336836959178685
0,identity,inactive,285,7150080,control_to_bounded,original,mamba_RGB_residual,0.8122679628665762,0.8036574060226004,0.032145812292731696,4149794,979,1093,6462,6348,0.001909537957754485,0.0019329623940215804,129325,131653,7020755,0,16937,0.0,0.002412418607400486
0,identity,inactive,285,7150080,control_to_bounded,original,mamba_NI_residual,0.7831753935197192,0.778388221657851,0.03261893490280899,3913989,1385,1947,9814,9252,0.0028820471156830625,0.0027682015117129885,192102,186484,6957978,0,20782,0.0,0.0029867872534233364
0,identity,inactive,285,7150080,control_to_bounded,original,mamba_TI_residual,0.8521709929492188,0.8399805082429115,0.0331032557867489,4460172,939,963,6975,6951,0.0018714888868871262,0.00188588694748962,119212,120655,7030868,0,13031,0.0,0.0018533984708573679
0,identity,inactive,285,7150080,control_to_bounded,original,pure_bank,0.8141322868516178,0.797328756738031,0.021067098893413565,5769677,0,0,0,0,2.4704884176110624e-06,2.4487625205488864e-06,539,524,7149541,0,74,0.0,1.0350314796432386e-05
0,identity,inactive,285,7150080,control_to_bounded,original,pure_cnn,0.7999946783229485,0.7884022358651869,0.018062517494463574,5211291,0,0,0,0,8.443598341874445e-06,8.574186161830147e-06,1600,1693,7148480,0,347,0.0,4.854178790456153e-05
0,identity,inactive,285,7150080,control_to_bounded,original,pure_transformer,0.8265307621663391,0.7962420186252104,0.04247520512831301,5485672,0,0,0,0,2.3512689220700564e-06,2.168743376651402e-06,465,482,7149615,0,187,0.0,2.6155254513704585e-05
0,identity,inactive,285,7150080,control_to_bounded,original,pure_mamba,0.8158714450626542,0.8073420415569634,0.022083793166932635,4468554,0,0,0,0,9.35663050972689e-06,1.0212148389990703e-05,1723,1849,7148357,0,440,0.0,6.155260572464414e-05
0,identity,inactive,285,7150080,control_to_bounded,registered_style,baseline_only,0.5190082765400962,0.5190082765400962,0.0,0,0,0,0,0,0.0002138607682872823,0.0002138607682872823,36801,36801,7113279,0,0,0.0,0.0
0,identity,inactive,285,7150080,control_to_bounded,registered_style,fused,0.6665702702063476,0.6294130389074479,0.03725989763017145,7093437,0,0,0,0,1.0572369227136754e-05,1.346631068987531e-05,2418,3114,7147662,0,786,0.0,0.00010996602805224981
0,identity,inactive,285,7150080,control_to_bounded,registered_style,cnn,0.6595014613459214,0.6537052392059871,0.00903125871785987,5211292,0,0,0,0,1.750521123123092e-05,1.85423617939755e-05,3861,4085,7146219,0,543,0.0,7.598423725889173e-05
0,identity,inactive,285,7150080,control_to_bounded,registered_style,transformer,0.6727695029093218,0.657625130722787,0.021237602586347822,5485673,0,0,0,0,8.16299608759607e-06,8.023092582984674e-06,1778,1839,7148302,0,392,0.0,5.483819793847546e-05
0,identity,inactive,285,7150080,control_to_bounded,registered_style,mamba,0.6674398446965238,0.663175142072154,0.011041896422836234,4468551,0,0,0,0,1.9738608475064666e-05,2.0823783393148115e-05,4097,4230,7145983,0,603,0.0,8.438307227990886e-05
0,identity,inactive,285,7150080,control_to_bounded,registered_style,cnn_RGB_residual,0.8011180989149266,0.7876471090652691,0.025309215287862633,4879937,665,758,4872,4779,0.0018319533163850764,0.001848174365975232,133221,135333,7016859,0,14159,0.0,0.0020178544274582115
0,identity,inactive,285,7150080,control_to_bounded,registered_style,cnn_NI_residual,0.7630075081676702,0.7508262029542151,0.025131760300313014,4759281,1100,1348,9129,8881,0.0030399176466804415,0.003023976066904312,212882,213550,6937198,0,20147,0.0,0.0029041984962804865
0,identity,inactive,285,7150080,control_to_bounded,registered_style,cnn_TI_residual,0.8358584333627509,0.8267333986386136,0.024633540466252837,4466117,544,599,5123,5068,0.0017306749487857633,0.0017297852082241148,118036,118465,7032044,0,9839,0.0,0.0013991664443510309
0,identity,inactive,285,7150080,control_to_bounded,registered_style,transformer_RGB_residual,0.8320712407898716,0.8010758663238023,0.057660513846615295,4923059,1107,1228,4631,4510,0.0013978068705348496,0.0014339717479767812,94491,98505,7055589,0,19970,0.0,0.0028303802843391247
0,identity,inactive,285,7150080,control_to_bounded,registered_style,transformer_NI_residual,0.7898884754573667,0.7544229350320122,0.05858532834879257,5086953,1891,2534,10340,9697,0.0026296687064499276,0.002632538500834986,165933,172400,6984147,0,32226,0.0,0.004614164048952578
0,identity,inactive,285,7150080,control_to_bounded,registered_style,transformer_TI_residual,0.8576325870456224,0.8332272703775461,0.05534857289354602,4612132,982,1186,5029,4825,0.0014372661199972916,0.0014192324942366023,93105,94203,7056975,0,16491,0.0,0.002336836959178685
0,identity,inactive,285,7150080,control_to_bounded,registered_style,mamba_RGB_residual,0.8122679628665762,0.8036574060226004,0.032145812292731696,4149794,979,1093,6462,6348,0.001909537957754485,0.0019329623940215804,129325,131653,7020755,0,16937,0.0,0.002412418607400486
0,identity,inactive,285,7150080,control_to_bounded,registered_style,mamba_NI_residual,0.7831753935197192,0.778388221657851,0.03261893490280899,3913989,1385,1947,9814,9252,0.0028820471156830625,0.0027682015117129885,192102,186484,6957978,0,20782,0.0,0.0029867872534233364
0,identity,inactive,285,7150080,control_to_bounded,registered_style,mamba_TI_residual,0.8521709929492188,0.8399805082429115,0.0331032557867489,4460172,939,963,6975,6951,0.0018714888868871262,0.00188588694748962,119212,120655,7030868,0,13031,0.0,0.0018533984708573679
0,identity,inactive,285,7150080,control_to_bounded,registered_style,pure_bank,0.8141322868516178,0.797328756738031,0.021067098893413565,5769677,0,0,0,0,2.4704884176110624e-06,2.4487625205488864e-06,539,524,7149541,0,74,0.0,1.0350314796432386e-05
0,identity,inactive,285,7150080,control_to_bounded,registered_style,pure_cnn,0.7999946783229485,0.7884022358651869,0.018062517494463574,5211291,0,0,0,0,8.443598341874445e-06,8.574186161830147e-06,1600,1693,7148480,0,347,0.0,4.854178790456153e-05
0,identity,inactive,285,7150080,control_to_bounded,registered_style,pure_transformer,0.8265307621663391,0.7962420186252104,0.04247520512831301,5485672,0,0,0,0,2.3512689220700564e-06,2.168743376651402e-06,465,482,7149615,0,187,0.0,2.6155254513704585e-05
0,identity,inactive,285,7150080,control_to_bounded,registered_style,pure_mamba,0.8158714450626542,0.8073420415569634,0.022083793166932635,4468554,0,0,0,0,9.35663050972689e-06,1.0212148389990703e-05,1723,1849,7148357,0,440,0.0,6.155260572464414e-05
1,cross_camera,active,259,594384,initial_to_control,original,baseline_only,0.4571367129777099,0.4571367129777099,0.0,0,0,0,0,0,0.0005569697049306003,0.0005569697049306003,8391,8391,585993,0,0,0.0,0.0
1,cross_camera,active,259,594384,initial_to_control,original,fused,0.5994228112729992,0.6101154750554525,0.02601419673899391,214198,0,0,0,0,8.236846295877876e-05,2.9213188332812744e-05,1279,465,585121,0,33,0.0,5.639859106065241e-05
1,cross_camera,active,259,594384,initial_to_control,original,cnn,0.5980032323227966,0.6055758160908904,0.031190598490945035,252013,0,0,0,0,0.0001498735316566654,4.7246679401224706e-05,2242,684,582762,0,44,0.0,7.550252075461338e-05
1,cross_camera,active,259,594384,initial_to_control,original,transformer,0.607164697722208,0.6219625626203524,0.037701595978268804,216581,0,0,0,0,4.628989995848327e-05,1.5602733927354635e-05,784,287,585130,0,38,0.0,6.494283321655017e-05
1,cross_camera,active,259,594384,initial_to_control,original,mamba,0.5931004980207537,0.6028080337607836,0.030203955690623986,231828,0,0,0,0,0.0001571431319772871,6.102377883532595e-05,2373,1016,582795,0,89,0.0,0.00015271236026390069
1,cross_camera,active,259,594384,initial_to_control,original,cnn_RGB_residual,0.7654011156426094,0.7710201599609343,0.091900462153445,284674,130,620,1027,537,0.0033439290154776685,0.0024416268421280363,18633,14832,530258,1,1979,1.885874423393895e-06,0.0037321454838965184
1,cross_camera,active,259,594384,initial_to_control,original,cnn_NI_residual,0.6914343767209388,0.6999610834499808,0.0971103150807629,282834,477,1191,1881,1167,0.00648239230367976,0.0047048726110127176,34760,26185,489444,1,3132,2.0431346589191e-06,0.006399097751734621
1,cross_camera,active,259,594384,initial_to_control,original,cnn_TI_residual,0.7597738663278099,0.7910636243707928,0.0951265278891313,237067,112,1117,1536,531,0.005270326122726691,0.0027633652083024433,27289,16735,545135,0,1406,0.0,0.002579177634897778
1,cross_camera,active,259,594384,initial_to_control,original,transformer_RGB_residual,0.7606646876160745,0.7948481503117053,0.11842191939917725,241083,310,485,807,632,0.0026567176519238338,0.002132341144526887,14236,11487,518071,24,2114,4.6325696670919624e-05,0.004080521781763503
1,cross_camera,active,259,594384,initial_to_control,original,transformer_NI_residual,0.7343652212224661,0.7505459765983314,0.11813649634902758,269085,864,703,1531,1692,0.004106848848340501,0.004270642336020785,21016,20128,499472,43,4642,8.609091200307524e-05,0.009293814267866867
1,cross_camera,active,259,594384,initial_to_control,original,transformer_TI_residual,0.776548228253412,0.8149712079693844,0.10940965349414919,233242,127,629,883,381,0.003051928333700395,0.001574720107300829,16758,9244,554655,2,1337,3.6058450748663585e-06,0.0024105074325481606
1,cross_camera,active,259,594384,initial_to_control,original,mamba_RGB_residual,0.7398340404132783,0.7684574618103018,0.0887560107065866,232331,269,597,1088,760,0.003978348557003824,0.003048395368607866,22425,17448,526494,5,2091,9.496784388805951e-06,0.003971555231398648
1,cross_camera,active,259,594384,initial_to_control,original,mamba_NI_residual,0.6885134384999528,0.6887397885521906,0.09063589336974408,294758,620,1521,2461,1560,0.007509205371687715,0.005691270526509743,37985,30215,486212,8,3841,1.6453728003422377e-05,0.007899846157643168
1,cross_camera,active,259,594384,initial_to_control,original,mamba_TI_residual,0.75884546332789,0.7882409251668647,0.09119299369641864,238238,110,911,1375,574,0.004916805615965106,0.0025955244171314462,25937,15356,546232,0,1465,0.0,0.002682010574261486
1,cross_camera,active,259,594384,initial_to_control,original,pure_bank,0.7417089285310048,0.7630942515342738,0.052028392980668706,214197,0,0,0,0,3.9563889462061784e-05,1.3566853054263728e-05,527,143,577073,0,30,0.0,5.1986490444016616e-05
1,cross_camera,active,259,594384,initial_to_control,original,pure_cnn,0.7388697850666403,0.7540149532939479,0.0623812006964761,252011,0,1,1,0,0.00015065239901187872,3.725283591222659e-05,1798,389,572912,0,54,0.0,9.425531320691484e-05
1,cross_camera,active,259,594384,initial_to_control,original,pure_transformer,0.7571927118352506,0.7867884414320142,0.0754031934003043,216581,0,0,0,0,1.795130234339046e-05,3.2006913786482097e-06,282,54,573419,0,21,0.0,3.662243490362196e-05
1,cross_camera,active,259,594384,initial_to_control,original,pure_mamba,0.729064313401265,0.748479385688069,0.06040791275491534,231828,0,2,2,0,0.00012458298885679523,3.456862376269141e-05,1564,417,572926,0,84,0.0,0.00014661579331362167
1,cross_camera,active,259,594384,initial_to_control,registered_style,baseline_only,0.4571367129777099,0.4571367129777099,0.0,0,0,0,0,0,0.0005569697049306003,0.0005569697049306003,8391,8391,585993,0,0,0.0,0.0
1,cross_camera,active,259,594384,initial_to_control,registered_style,fused,0.5552936580508014,0.5878061126853088,0.040845701947440055,123416,0,0,0,0,0.0007621950396166143,5.9410534827342985e-05,9197,1121,585121,0,50,0.0,8.54524106979582e-05
1,cross_camera,active,259,594384,initial_to_control,registered_style,cnn,0.5578449017532572,0.5849750303391423,0.04212940215786086,167694,0,1,1,0,0.001017282501220259,7.427466047811231e-05,11455,1330,582762,0,71,0.0,0.0001218336130358534
1,cross_camera,active,259,594384,initial_to_control,registered_style,transformer,0.5556034076984169,0.5968926930012644,0.053718678913583916,130217,0,1,1,0,0.0007527567432826046,4.840933132490364e-05,9184,881,585130,0,95,0.0,0.00016235708304137542
1,cross_camera,active,259,594384,initial_to_control,registered_style,mamba,0.5524326726907616,0.5815506124477231,0.04198751872322176,152813,0,1,1,0,0.0009567835173807611,0.00013358567658661166,11381,2312,582795,0,133,0.0,0.00022821060578762686
1,cross_camera,active,259,594384,initial_to_control,registered_style,cnn_RGB_residual,0.6755683595139977,0.7240320708347479,0.11483687998736246,218848,206,5847,7080,1439,0.014815272515491341,0.005243066878670355,61660,28944,530258,2,3420,3.77174884678779e-06,0.006449690528007121
1,cross_camera,active,259,594384,initial_to_control,registered_style,cnn_NI_residual,0.5858716976332101,0.6462525940623421,0.12620571003670905,208484,609,12290,14595,2914,0.026568660486810242,0.009571895128405441,100225,49615,489444,7,6000,1.43019426124337e-05,0.0122588079535146
1,cross_camera,active,259,594384,initial_to_control,registered_style,cnn_TI_residual,0.7142192944975839,0.7681554799085046,0.11061363278454558,204193,171,3128,3763,806,0.009960377539811143,0.003923572589500332,45948,22462,545135,2,2090,3.6688159813624147e-06,0.0038339127005237233
1,cross_camera,active,259,594384,initial_to_control,registered_style,transformer_RGB_residual,0.6418668505285012,0.7380221451527437,0.15379487331489852,174197,608,8177,9545,1976,0.01885350117584079,0.0055757069793946675,74395,27437,518071,12,4009,2.3162848335459812e-05,0.0077383215814048655
1,cross_camera,active,259,594384,initial_to_control,registered_style,transformer_NI_residual,0.6000700375354309,0.6840206001598675,0.15184930796533214,188778,1278,9676,12454,4056,0.023707240480858097,0.009366133562050771,92042,42841,499472,59,8218,0.00011812473972514976,0.01645337476375052
1,cross_camera,active,259,594384,initial_to_control,registered_style,transformer_TI_residual,0.7202734922702951,0.787903372325401,0.1255993852563668,195236,191,2910,3487,768,0.008371091317140403,0.0027211775351358007,37874,14762,554655,2,2031,3.6058450748663585e-06,0.003661735673526787
1,cross_camera,active,259,594384,initial_to_control,registered_style,mamba_RGB_residual,0.6559498605541025,0.7245607040712418,0.11771416673989657,181155,413,5607,6992,1798,0.015313912905285016,0.006099178432736419,65198,32040,526494,6,3612,1.139614126656714e-05,0.006860477042473418
1,cross_camera,active,259,594384,initial_to_control,registered_style,mamba_NI_residual,0.5804567887499179,0.6333434944904043,0.119720292473962,214509,865,11017,14081,3929,0.026712568415689374,0.011508348529821372,103173,56585,486212,12,6662,2.4680592005133562e-05,0.013701841994849983
1,cross_camera,active,259,594384,initial_to_control,registered_style,mamba_TI_residual,0.7067793235130102,0.7599894402277961,0.10598221101739536,203853,217,2746,3586,1057,0.009561815535848842,0.003983747046869881,45116,22076,546232,0,2164,0.0,0.0039616866093528024
1,cross_camera,active,259,594384,initial_to_control,registered_style,pure_bank,0.6534506267713643,0.7184755327329054,0.08169140424732772,123415,0,106,106,0,0.0020766713317228428,5.4348255000511885e-05,17260,797,577073,0,60,0.0,0.00010397298088803323
1,cross_camera,active,259,594384,initial_to_control,registered_style,pure_cnn,0.6585531167545122,0.7128133770155154,0.08425880696028788,167694,0,300,300,0,0.0028586422696233347,9.367548270553392e-05,21290,1284,572912,0,117,0.0,0.00020421984528164885
1,cross_camera,active,259,594384,initial_to_control,registered_style,pure_transformer,0.6540701269674989,0.7366487009835068,0.10743736178104103,130217,0,163,163,0,0.002579207861290444,5.0703173259306843e-05,20915,749,573419,0,98,0.0,0.00017090469621690248
1,cross_camera,active,259,594384,initial_to_control,registered_style,pure_mamba,0.647728657536792,0.7059645412916853,0.0839750409498509,152813,0,157,157,0,0.002625407739067467,0.00018054244486935054,21291,2560,572926,0,278,0.0,0.0004852284588236526
1,cross_camera,active,259,594384,initial_to_bounded,original,baseline_only,0.4571367129777099,0.4571367129777099,0.0,0,0,0,0,0,0.0005569697049306003,0.0005569697049306003,8391,8391,585993,0,0,0.0,0.0
1,cross_camera,active,259,594384,initial_to_bounded,original,fused,0.5994228112729992,0.5722763539661897,0.03352081059990662,485939,0,0,0,0,8.236846295877876e-05,3.871946454112008e-05,1279,639,585121,0,57,0.0,9.741574819567234e-05
1,cross_camera,active,259,594384,initial_to_bounded,original,cnn,0.5980032323227966,0.6036718477599878,0.030055771309866933,262139,0,0,0,0,0.0001498735316566654,4.977866427802975e-05,2242,705,582762,0,44,0.0,7.550252075461338e-05
1,cross_camera,active,259,594384,initial_to_bounded,original,transformer,0.607164697722208,0.6127950591974123,0.03701209637214988,268297,0,0,0,0,4.628989995848327e-05,1.845772663731232e-05,784,311,585130,0,49,0.0,8.37420744108147e-05
1,cross_camera,active,259,594384,initial_to_bounded,original,mamba,0.5931004980207537,0.6008294982923124,0.029996387787398524,247572,0,0,0,0,0.0001571431319772871,6.302381922399427e-05,2373,1041,582795,0,74,0.0,0.00012697432201717586
1,cross_camera,active,259,594384,initial_to_bounded,original,cnn_RGB_residual,0.7654011156426094,0.7703893869764884,0.08842821911482343,284744,105,622,1027,510,0.0033439290154776685,0.0023432485343877867,18633,14270,530258,0,1637,0.0,0.0030871764310958063
1,cross_camera,active,259,594384,initial_to_bounded,original,cnn_NI_residual,0.6914343767209388,0.6940900011982726,0.09348553210610869,291934,476,1195,1881,1162,0.00648239230367976,0.0046171102122896015,34760,25582,489444,1,2776,2.0431346589191e-06,0.005671741813159422
1,cross_camera,active,259,594384,initial_to_bounded,original,cnn_TI_residual,0.7597738663278099,0.7861416555833832,0.09527596101697035,250009,99,1136,1536,499,0.005270326122726691,0.0028176472633112955,27289,17144,545135,0,1560,0.0,0.0028616764654626837
1,cross_camera,active,259,594384,initial_to_bounded,original,transformer_RGB_residual,0.7606646876160745,0.7651391543141528,0.11290760903768317,287278,239,484,807,562,0.0026567176519238338,0.002190235630976203,14236,12626,518071,21,2353,4.053498458705467e-05,0.004541848511111411
1,cross_camera,active,259,594384,initial_to_bounded,original,transformer_NI_residual,0.7343652212224661,0.7229301816156034,0.11467830577935756,320135,659,724,1531,1466,0.004106848848340501,0.003959591445618752,21016,19379,499472,34,4202,6.807188390940833e-05,0.008412884005509819
1,cross_camera,active,259,594384,initial_to_bounded,original,transformer_TI_residual,0.776548228253412,0.8172909844027296,0.12156591664045249,236884,191,604,883,470,0.003051928333700395,0.0018436802741401146,16758,10280,554655,3,1564,5.4087676122995376e-06,0.002819770848545492
1,cross_camera,active,259,594384,initial_to_bounded,original,mamba_RGB_residual,0.7398340404132783,0.7665405740622747,0.08850017998336467,237031,236,582,1088,742,0.003978348557003824,0.0030140609571178813,22425,17148,526494,2,1881,3.7987137555223802e-06,0.0035726902870687983
1,cross_camera,active,259,594384,initial_to_bounded,original,mamba_NI_residual,0.6885134384999528,0.6850608623161565,0.09135453882077291,304851,503,1574,2461,1390,0.007509205371687715,0.005343831232624044,37985,29043,486212,3,3574,6.1701480012833905e-06,0.007350702985528946
1,cross_camera,active,259,594384,initial_to_bounded,original,mamba_TI_residual,0.75884546332789,0.7819655171870667,0.08999615246014117,249694,111,905,1375,581,0.004916805615965106,0.002624013299949921,25937,15229,546232,0,1396,0.0,0.002555690622299682
1,cross_camera,active,259,594384,initial_to_bounded,original,pure_bank,0.7417089285310048,0.7543942465514457,0.0508229743964924,248531,0,0,0,0,3.9563889462061784e-05,1.4091377050982919e-05,527,150,577073,0,33,0.0,5.7185139488418275e-05
1,cross_camera,active,259,594384,initial_to_bounded,original,pure_cnn,0.7388697850666403,0.750207012966358,0.06011154427937992,262139,0,1,1,0,0.00015065239901187872,4.140644992143668e-05,1798,418,572912,0,54,0.0,9.425531320691484e-05
1,cross_camera,active,259,594384,initial_to_bounded,original,pure_transformer,0.7571927118352506,0.7684534363665395,0.07402419522020615,268297,0,0,0,0,1.795130234339046e-05,3.421208077598371e-06,282,65,573419,0,25,0.0,4.359813679002614e-05
1,cross_camera,active,259,594384,initial_to_bounded,original,pure_mamba,0.729064313401265,0.744522312855136,0.059992775923344,247571,0,2,2,0,0.00012458298885679523,3.3082778744926637e-05,1564,410,572926,0,80,0.0,0.00013963408887011585
1,cross_camera,active,259,594384,initial_to_bounded,registered_style,baseline_only,0.4571367129777099,0.4571367129777099,0.0,0,0,0,0,0,0.0005569697049306003,0.0005569697049306003,8391,8391,585993,0,0,0.0,0.0
1,cross_camera,active,259,594384,initial_to_bounded,registered_style,fused,0.5552936580508014,0.5525783839183355,0.032396609182466674,329012,0,0,0,0,0.0007621950396166143,7.771355730434434e-05,9197,1487,585121,0,94,0.0,0.0001606505321121614
1,cross_camera,active,259,594384,initial_to_bounded,registered_style,cnn,0.5578449017532572,0.5834997827360672,0.04106116943351945,173966,0,1,1,0,0.001017282501220259,7.647157717476341e-05,11455,1327,582762,0,68,0.0,0.0001166857138934934
1,cross_camera,active,259,594384,initial_to_bounded,registered_style,transformer,0.5556034076984169,0.5884278436562494,0.050214833421451915,165611,0,1,1,0,0.0007527567432826046,5.05492717753053e-05,9184,938,585130,0,122,0.0,0.00020850067506366106
1,cross_camera,active,259,594384,initial_to_bounded,registered_style,mamba,0.5524326726907616,0.5795576111878317,0.04122041617973122,164817,0,1,1,0,0.0009567835173807611,0.000140533188935667,11381,2436,582795,0,135,0.0,0.0002316423442205235
1,cross_camera,active,259,594384,initial_to_bounded,registered_style,cnn_RGB_residual,0.6755683595139977,0.7240984273190496,0.11268723307391783,216955,178,5850,7080,1408,0.014815272515491341,0.005102826776440356,61660,28227,530258,0,2883,0.0,0.0054369759626446
1,cross_camera,active,259,594384,initial_to_bounded,registered_style,cnn_NI_residual,0.5858716976332101,0.6422137516543884,0.12317043432773384,213451,581,12328,14595,2848,0.026568660486810242,0.009250734230983718,100225,48042,489444,8,5223,1.63450772713528e-05,0.01067129232353446
1,cross_camera,active,259,594384,initial_to_bounded,registered_style,cnn_TI_residual,0.7142192944975839,0.7632764776300915,0.11032838549208614,215728,173,3147,3763,789,0.009960377539811143,0.003985274042531168,45948,23035,545135,2,2213,3.6688159813624147e-06,0.004059544883377512
1,cross_camera,active,259,594384,initial_to_bounded,registered_style,transformer_RGB_residual,0.6418668505285012,0.7109265082877869,0.14271063288590788,209244,520,8140,9545,1925,0.01885350117584079,0.0057908931364764335,74395,29331,518071,11,4452,2.1232610974171493e-05,0.00859341673245559
1,cross_camera,active,259,594384,initial_to_bounded,registered_style,transformer_NI_residual,0.6000700375354309,0.6581337600382692,0.14094856081525534,227624,1174,9731,12454,3897,0.023707240480858097,0.009319866244799134,92042,43299,499472,53,7764,0.00010611205432937182,0.015544414902136656
1,cross_camera,active,259,594384,initial_to_bounded,registered_style,transformer_TI_residual,0.7202734922702951,0.7900967488243651,0.13526062837110467,201368,313,2846,3487,954,0.008371091317140403,0.0031577673806853987,37874,16193,554655,3,2437,5.4087676122995376e-06,0.004393722223724658
1,cross_camera,active,259,594384,initial_to_bounded,registered_style,mamba_RGB_residual,0.6559498605541025,0.7221954123884042,0.11742132747703692,186372,407,5539,6992,1860,0.015313912905285016,0.006147285675217533,65198,32088,526494,3,3469,5.69807063328357e-06,0.006588869008953569
1,cross_camera,active,259,594384,initial_to_bounded,registered_style,mamba_NI_residual,0.5804567887499179,0.6291767196618617,0.11913037621245336,223642,738,11175,14081,3644,0.026712568415689374,0.011042909249680068,103173,55464,486212,9,6319,1.8510444003850173e-05,0.012996388406703249
1,cross_camera,active,259,594384,initial_to_bounded,registered_style,mamba_TI_residual,0.7067793235130102,0.7545635072251782,0.10418486046335605,212953,222,2751,3586,1057,0.009561815535848842,0.003980845097091104,45116,21932,546232,2,2032,3.661447882950834e-06,0.0037200310490780476
1,cross_camera,active,259,594384,initial_to_bounded,registered_style,pure_bank,0.6534506267713643,0.7105201348396178,0.07798371413971128,145701,0,106,106,0,0.0020766713317228428,5.323797742149822e-05,17260,834,577073,0,69,0.0,0.00011956892802123822
1,cross_camera,active,259,594384,initial_to_bounded,registered_style,pure_cnn,0.6585531167545122,0.709862883804148,0.08212234182602841,173966,0,300,300,0,0.0028586422696233347,9.865296987785201e-05,21290,1334,572912,0,128,0.0,0.00022342000167565001
1,cross_camera,active,259,594384,initial_to_bounded,registered_style,pure_transformer,0.6540701269674989,0.7197190022844155,0.10042967055009708,165611,0,163,163,0,0.002579207861290444,5.3185447766949475e-05,20915,800,573419,0,128,0.0,0.00022322246036493384
1,cross_camera,active,259,594384,initial_to_bounded,registered_style,pure_mamba,0.647728657536792,0.7019785408661868,0.08244083702130563,164817,0,157,157,0,0.002625407739067467,0.0001879482207177542,21291,2660,572926,0,278,0.0,0.0004852284588236526
1,cross_camera,active,259,594384,control_to_bounded,original,baseline_only,0.4571367129777099,0.4571367129777099,0.0,0,0,0,0,0,0.0005569697049306003,0.0005569697049306003,8391,8391,585993,0,0,0.0,0.0
1,cross_camera,active,259,594384,control_to_bounded,original,fused,0.6101154750554525,0.5722763539661897,0.03785491391564681,593000,0,0,0,0,2.9213188332812744e-05,3.871946454112008e-05,465,639,593209,0,106,0.0,0.00017868912980079533
1,cross_camera,active,259,594384,control_to_bounded,original,cnn,0.6055758160908904,0.6036718477599878,0.008521377551378927,341514,0,0,0,0,4.7246679401224706e-05,4.977866427802975e-05,684,705,592975,0,52,0.0,8.7693410346136e-05
1,cross_camera,active,259,594384,control_to_bounded,original,transformer,0.6219625626203524,0.6127950591974123,0.021666035259897614,383645,0,0,0,0,1.5602733927354635e-05,1.845772663731232e-05,287,311,593453,0,51,0.0,8.593772379615572e-05
1,cross_camera,active,259,594384,control_to_bounded,original,mamba,0.6028080337607836,0.6008294982923124,0.008244887778360657,348908,0,0,0,0,6.102377883532595e-05,6.302381922399427e-05,1016,1041,591950,0,52,0.0,8.78452572007771e-05
1,cross_camera,active,259,594384,control_to_bounded,original,cnn_RGB_residual,0.7710201599609343,0.7703893869764884,0.025825635611793584,301078,60,87,537,510,0.0024416268421280363,0.0023432485343877867,14832,14270,563299,0,571,0.0,0.0010136712474192215
1,cross_camera,active,259,594384,control_to_bounded,original,cnn_NI_residual,0.6999610834499808,0.6940900011982726,0.026709997808262307,338672,176,181,1167,1162,0.0047048726110127176,0.0046171102122896015,26185,25582,541262,0,1037,0.0,0.0019158928578026908
1,cross_camera,active,259,594384,control_to_bounded,original,cnn_TI_residual,0.7910636243707928,0.7861416555833832,0.024568924640090698,336966,71,103,531,499,0.0027633652083024433,0.0028176472633112955,16735,17144,569495,0,995,0.0,0.0017471619592797126
1,cross_camera,active,259,594384,control_to_bounded,original,transformer_RGB_residual,0.7948481503117053,0.7651391543141528,0.05963359668820587,396192,103,173,632,562,0.002132341144526887,0.002190235630976203,11487,12626,565255,0,1620,0.0,0.002865963149375061
1,cross_camera,active,259,594384,control_to_bounded,original,transformer_NI_residual,0.7505459765983314,0.7229301816156034,0.06459746475861364,383800,311,537,1692,1466,0.004270642336020785,0.003959591445618752,20128,19379,549062,0,2433,0.0,0.004431193562839898
1,cross_camera,active,259,594384,control_to_bounded,original,transformer_TI_residual,0.8149712079693844,0.8172909844027296,0.06914213362416786,296129,185,96,381,470,0.001574720107300829,0.0018436802741401146,9244,10280,578309,0,1698,0.0,0.002936146592911402
1,cross_camera,active,259,594384,control_to_bounded,original,mamba_RGB_residual,0.7684574618103018,0.7665405740622747,0.024572449026718516,312177,110,128,760,742,0.003048395368607866,0.0030140609571178813,17448,17148,560004,0,764,0.0,0.001364275969457361
1,cross_camera,active,259,594384,control_to_bounded,original,mamba_NI_residual,0.6887397885521906,0.6850608623161565,0.02574437075850452,330475,121,291,1560,1390,0.005691270526509743,0.005343831232624044,30215,29043,533990,0,973,0.0,0.0018221315005898986
1,cross_camera,active,259,594384,control_to_bounded,original,mamba_TI_residual,0.7882409251668647,0.7819655171870667,0.02370290836446884,346742,84,77,574,581,0.0025955244171314462,0.002624013299949921,15356,15229,570306,0,754,0.0,0.0013220972600674025
1,cross_camera,active,259,594384,control_to_bounded,original,pure_bank,0.7630942515342738,0.7543942465514457,0.019237722899647914,392965,0,0,0,0,1.3566853054263728e-05,1.4091377050982919e-05,143,150,593577,0,10,0.0,1.6847013951012254e-05
1,cross_camera,active,259,594384,control_to_bounded,original,pure_cnn,0.7540149532939479,0.750207012966358,0.017042756640077955,341515,0,0,0,0,3.725283591222659e-05,4.140644992143668e-05,389,418,593037,0,43,0.0,7.250812343917833e-05
1,cross_camera,active,259,594384,control_to_bounded,original,pure_transformer,0.7867884414320142,0.7684534363665395,0.0433320693047534,383645,0,0,0,0,3.2006913786482097e-06,3.421208077598371e-06,54,65,593621,0,13,0.0,2.1899494795500834e-05
1,cross_camera,active,259,594384,control_to_bounded,original,pure_mamba,0.748479385688069,0.744522312855136,0.016489776407898185,348907,0,0,0,0,3.456862376269141e-05,3.3082778744926637e-05,417,410,591774,0,24,0.0,4.055602307637713e-05
1,cross_camera,active,259,594384,control_to_bounded,registered_style,baseline_only,0.4571367129777099,0.4571367129777099,0.0,0,0,0,0,0,0.0005569697049306003,0.0005569697049306003,8391,8391,585993,0,0,0.0,0.0
1,cross_camera,active,259,594384,control_to_bounded,registered_style,fused,0.5878061126853088,0.5525783839183355,0.0352609559816119,591773,0,0,0,0,5.9410534827342985e-05,7.771355730434434e-05,1121,1487,593209,0,383,0.0,0.0006456409123934397
1,cross_camera,active,259,594384,control_to_bounded,registered_style,cnn,0.5849750303391423,0.5834997827360672,0.008473708530321089,333019,0,0,0,0,7.427466047811231e-05,7.647157717476341e-05,1330,1327,592975,0,133,0.0,0.0002242927610776171
1,cross_camera,active,259,594384,control_to_bounded,registered_style,transformer,0.5968926930012644,0.5884278436562494,0.021119741624417973,376520,0,0,0,0,4.840933132490364e-05,5.05492717753053e-05,881,938,593453,0,232,0.0,0.0003909323906021201
1,cross_camera,active,259,594384,control_to_bounded,registered_style,mamba,0.5815506124477231,0.5795576111878317,0.008194351885269367,347309,0,0,0,0,0.00013358567658661166,0.000140533188935667,2312,2436,591950,0,268,0.0,0.00045274094095785117
1,cross_camera,active,259,594384,control_to_bounded,registered_style,cnn_RGB_residual,0.7240320708347479,0.7240984273190496,0.026224256312761145,296847,165,196,1439,1408,0.005243066878670355,0.005102826776440356,28944,28227,563299,0,2106,0.0,0.0037386893994131
1,cross_camera,active,259,594384,control_to_bounded,registered_style,cnn_NI_residual,0.6462525940623421,0.6422137516543884,0.02698337645257117,326267,365,431,2914,2848,0.009571895128405441,0.009250734230983718,49615,48042,541262,0,3210,0.0,0.005930584448936005
1,cross_camera,active,259,594384,control_to_bounded,registered_style,cnn_TI_residual,0.7681554799085046,0.7632764776300915,0.024794842858742908,335067,125,142,806,789,0.003923572589500332,0.003985274042531168,22462,23035,569495,0,1888,0.0,0.0033152178684624097
1,cross_camera,active,259,594384,control_to_bounded,registered_style,transformer_RGB_residual,0.7380221451527437,0.7109265082877869,0.05955972261726476,386072,493,544,1976,1925,0.0055757069793946675,0.0057908931364764335,27437,29331,565255,1,5681,1.7691130551697907e-06,0.01005033126641958
1,cross_camera,active,259,594384,control_to_bounded,registered_style,transformer_NI_residual,0.6840206001598675,0.6581337600382692,0.06390381666183209,376995,892,1051,4056,3897,0.009366133562050771,0.009319866244799134,42841,43299,549062,0,8364,0.0,0.015233252346729514
1,cross_camera,active,259,594384,control_to_bounded,registered_style,transformer_TI_residual,0.787903372325401,0.7900967488243651,0.06788798280907438,296041,369,183,768,954,0.0027211775351358007,0.0031577673806853987,14762,16193,578309,0,3668,0.0,0.006342629978091297
1,cross_camera,active,259,594384,control_to_bounded,registered_style,mamba_RGB_residual,0.7245607040712418,0.7221954123884042,0.024877461393663407,316094,282,220,1798,1860,0.006099178432736419,0.006147285675217533,32040,32088,560004,0,2338,0.0,0.004174970178784437
1,cross_camera,active,259,594384,control_to_bounded,registered_style,mamba_NI_residual,0.6333434944904043,0.6291767196618617,0.025854219842174432,334334,365,650,3929,3644,0.011508348529821372,0.011042909249680068,56585,55464,533990,0,3603,0.0,0.006747317365493736
1,cross_camera,active,259,594384,control_to_bounded,registered_style,mamba_TI_residual,0.7599894402277961,0.7545635072251782,0.023782507979045506,341358,139,139,1057,1057,0.003983747046869881,0.003980845097091104,22076,21932,570306,0,1617,0.0,0.0028353199861127186
1,cross_camera,active,259,594384,control_to_bounded,registered_style,pure_bank,0.7184755327329054,0.7105201348396178,0.018662866913053217,386474,0,0,0,0,5.4348255000511885e-05,5.323797742149822e-05,797,834,593577,0,150,0.0,0.0002527052092651838
1,cross_camera,active,259,594384,control_to_bounded,registered_style,pure_cnn,0.7128133770155154,0.709862883804148,0.016947416577746986,333021,0,0,0,0,9.367548270553392e-05,9.865296987785201e-05,1284,1334,593037,0,254,0.0,0.0004283037989197976
1,cross_camera,active,259,594384,control_to_bounded,registered_style,pure_transformer,0.7366487009835068,0.7197190022844155,0.042239485308570204,376520,0,0,0,0,5.0703173259306843e-05,5.3185447766949475e-05,749,800,593621,0,301,0.0,0.0005070575333419808
1,cross_camera,active,259,594384,control_to_bounded,registered_style,pure_mamba,0.7059645412916853,0.7019785408661868,0.0163887033947967,347309,0,0,0,0,0.00018054244486935054,0.0001879482207177542,2560,2660,591774,0,408,0.0,0.0006894523922984112
1,cross_camera,inactive,301,604352,initial_to_control,original,baseline_only,0.46405198605503845,0.46405198605503845,0.0,0,0,0,2,2,0.00041697470259723085,0.00041697470259723085,6613,6613,597739,0,0,0.0,0.0
1,cross_camera,inactive,301,604352,initial_to_control,original,fused,0.6057404653221713,0.615335807234391,0.02584781848167256,226781,0,0,0,0,6.211135174081877e-05,2.5361456201116556e-05,914,352,603438,0,30,0.0,4.971513229196703e-05
1,cross_camera,inactive,301,604352,initial_to_control,original,cnn,0.6046457238564545,0.610374464021183,0.03074250523907922,265771,0,0,0,0,0.00010548685313696746,2.6179003317174963e-05,1526,392,602826,0,49,0.0,8.128381987505516e-05
1,cross_camera,inactive,301,604352,initial_to_control,original,transformer,0.6123558119846094,0.6260996305144577,0.03754687191443416,226759,0,0,0,0,5.1039646387960196e-05,2.5278955008890807e-05,666,333,603686,0,80,0.0,0.0001325192235698691
1,cross_camera,inactive,301,604352,initial_to_control,original,mamba,0.6002198630094137,0.6095333245160199,0.030228772950114075,240809,0,0,0,0,0.0001210085144388548,5.110874196332346e-05,1831,854,602521,0,131,0.0,0.00021741980777433483
1,cross_camera,inactive,301,604352,initial_to_control,original,cnn_RGB_residual,0.7663997086225742,0.7723976308681982,0.09122583365910313,287452,224,445,872,651,0.0030405176055126595,0.002483993180225044,17401,14847,586951,1,4457,1.703719731289324e-06,0.007593478842356517
1,cross_camera,inactive,301,604352,initial_to_control,original,cnn_NI_residual,0.7050925641404704,0.7110187539743692,0.09702971088914623,288549,374,802,1372,944,0.0051677518529639295,0.0038168453508965533,28994,22406,575358,10,6312,1.7380483107908468e-05,0.010970560937711824
1,cross_camera,inactive,301,604352,initial_to_control,original,cnn_TI_residual,0.7642262185315761,0.786674549961941,0.0928626148997402,258575,201,1043,1806,964,0.00550034581666185,0.0033540172349727027,28763,19386,575589,0,3420,0.0,0.005941739678833334
1,cross_camera,inactive,301,604352,initial_to_control,original,transformer_RGB_residual,0.7640078848906631,0.7959225936199598,0.11592148530139852,245908,369,302,582,649,0.0021391828136091222,0.0019807789701051953,12511,10554,591841,16,3841,2.703428792530426e-05,0.006489918745068354
1,cross_camera,inactive,301,604352,initial_to_control,original,transformer_NI_residual,0.7436083281410563,0.7618407746169408,0.1142498196226211,271418,635,752,1161,1044,0.0034703867631246384,0.0032776795793169476,18872,17411,585480,47,6909,8.027601284416206e-05,0.011800573888091822
1,cross_camera,inactive,301,604352,initial_to_control,original,transformer_TI_residual,0.7743627992795565,0.806678573465555,0.11181077387968133,249560,322,902,1484,904,0.003680401596063983,0.0026350078773898413,18385,13609,585967,10,3321,1.7065807460147072e-05,0.005667554657514843
1,cross_camera,inactive,301,604352,initial_to_control,original,mamba_RGB_residual,0.7437891078570067,0.7708725827977189,0.09044449274396053,240737,351,610,1143,884,0.004009565152457677,0.0032639871930648743,22375,18302,581977,1,4744,1.718280962993383e-06,0.008151524888440608
1,cross_camera,inactive,301,604352,initial_to_control,original,mamba_NI_residual,0.7043529785906251,0.704875189803338,0.09151691377583196,299731,598,1229,1927,1296,0.006078951336191995,0.004426736238289337,32415,24733,571937,3,5978,5.2453329649943965e-06,0.010452200154912166
1,cross_camera,inactive,301,604352,initial_to_control,original,mamba_TI_residual,0.7610212291156321,0.7892963162724915,0.08935605906160565,244432,224,1073,1780,931,0.005093701270728125,0.003108830044855531,26173,17129,578179,0,2841,0.0,0.004913703195723124
1,cross_camera,inactive,301,604352,initial_to_control,original,pure_bank,0.7474289703431375,0.7666196499290351,0.051695634079658534,226781,0,0,0,0,2.9290924513039664e-05,7.99122536511057e-06,377,112,603975,0,11,0.0,1.821267436566083e-05
1,cross_camera,inactive,301,604352,initial_to_control,original,pure_cnn,0.745239496569725,0.7566969757197364,0.061485011407481444,265771,0,1,1,0,9.593144531795057e-05,1.0040363883955466e-05,1295,154,603057,0,15,0.0,2.4873270685855567e-05
1,cross_camera,inactive,301,604352,initial_to_control,original,pure_transformer,0.7606596704500134,0.7881473096586475,0.07509374706697854,226759,0,0,0,0,3.4143521142589825e-05,6.575363808697457e-06,426,122,603926,0,22,0.0,3.642830412997619e-05
1,cross_camera,inactive,301,604352,initial_to_control,original,pure_mamba,0.7363877688620316,0.7550146920199279,0.060457548165548346,240809,0,0,0,0,9.362867163671867e-05,2.776009880900943e-05,1356,386,602996,0,136,0.0,0.00022554046793013552
1,cross_camera,inactive,301,604352,initial_to_control,registered_style,baseline_only,0.46405198605503845,0.46405198605503845,0.0,0,0,0,2,2,0.00041697470259723085,0.00041697470259723085,6613,6613,597739,0,0,0.0,0.0
1,cross_camera,inactive,301,604352,initial_to_control,registered_style,fused,0.6057404653221713,0.615335807234391,0.02584781848167256,226781,0,0,0,0,6.211135174081877e-05,2.5361456201116556e-05,914,352,603438,0,30,0.0,4.971513229196703e-05
1,cross_camera,inactive,301,604352,initial_to_control,registered_style,cnn,0.6046457238564545,0.610374464021183,0.03074250523907922,265771,0,0,0,0,0.00010548685313696746,2.6179003317174963e-05,1526,392,602826,0,49,0.0,8.128381987505516e-05
1,cross_camera,inactive,301,604352,initial_to_control,registered_style,transformer,0.6123558119846094,0.6260996305144577,0.03754687191443416,226759,0,0,0,0,5.1039646387960196e-05,2.5278955008890807e-05,666,333,603686,0,80,0.0,0.0001325192235698691
1,cross_camera,inactive,301,604352,initial_to_control,registered_style,mamba,0.6002198630094137,0.6095333245160199,0.030228772950114075,240809,0,0,0,0,0.0001210085144388548,5.110874196332346e-05,1831,854,602521,0,131,0.0,0.00021741980777433483
1,cross_camera,inactive,301,604352,initial_to_control,registered_style,cnn_RGB_residual,0.7663997086225742,0.7723976308681982,0.09122583365910313,287452,224,445,872,651,0.0030405176055126595,0.002483993180225044,17401,14847,586951,1,4457,1.703719731289324e-06,0.007593478842356517
1,cross_camera,inactive,301,604352,initial_to_control,registered_style,cnn_NI_residual,0.7050925641404704,0.7110187539743692,0.09702971088914623,288549,374,802,1372,944,0.0051677518529639295,0.0038168453508965533,28994,22406,575358,10,6312,1.7380483107908468e-05,0.010970560937711824
1,cross_camera,inactive,301,604352,initial_to_control,registered_style,cnn_TI_residual,0.7642262185315761,0.786674549961941,0.0928626148997402,258575,201,1043,1806,964,0.00550034581666185,0.0033540172349727027,28763,19386,575589,0,3420,0.0,0.005941739678833334
1,cross_camera,inactive,301,604352,initial_to_control,registered_style,transformer_RGB_residual,0.7640078848906631,0.7959225936199598,0.11592148530139852,245908,369,302,582,649,0.0021391828136091222,0.0019807789701051953,12511,10554,591841,16,3841,2.703428792530426e-05,0.006489918745068354
1,cross_camera,inactive,301,604352,initial_to_control,registered_style,transformer_NI_residual,0.7436083281410563,0.7618407746169408,0.1142498196226211,271418,635,752,1161,1044,0.0034703867631246384,0.0032776795793169476,18872,17411,585480,47,6909,8.027601284416206e-05,0.011800573888091822
1,cross_camera,inactive,301,604352,initial_to_control,registered_style,transformer_TI_residual,0.7743627992795565,0.806678573465555,0.11181077387968133,249560,322,902,1484,904,0.003680401596063983,0.0026350078773898413,18385,13609,585967,10,3321,1.7065807460147072e-05,0.005667554657514843
1,cross_camera,inactive,301,604352,initial_to_control,registered_style,mamba_RGB_residual,0.7437891078570067,0.7708725827977189,0.09044449274396053,240737,351,610,1143,884,0.004009565152457677,0.0032639871930648743,22375,18302,581977,1,4744,1.718280962993383e-06,0.008151524888440608
1,cross_camera,inactive,301,604352,initial_to_control,registered_style,mamba_NI_residual,0.7043529785906251,0.704875189803338,0.09151691377583196,299731,598,1229,1927,1296,0.006078951336191995,0.004426736238289337,32415,24733,571937,3,5978,5.2453329649943965e-06,0.010452200154912166
1,cross_camera,inactive,301,604352,initial_to_control,registered_style,mamba_TI_residual,0.7610212291156321,0.7892963162724915,0.08935605906160565,244432,224,1073,1780,931,0.005093701270728125,0.003108830044855531,26173,17129,578179,0,2841,0.0,0.004913703195723124
1,cross_camera,inactive,301,604352,initial_to_control,registered_style,pure_bank,0.7474289703431375,0.7666196499290351,0.051695634079658534,226781,0,0,0,0,2.9290924513039664e-05,7.99122536511057e-06,377,112,603975,0,11,0.0,1.821267436566083e-05
1,cross_camera,inactive,301,604352,initial_to_control,registered_style,pure_cnn,0.745239496569725,0.7566969757197364,0.061485011407481444,265771,0,1,1,0,9.593144531795057e-05,1.0040363883955466e-05,1295,154,603057,0,15,0.0,2.4873270685855567e-05
1,cross_camera,inactive,301,604352,initial_to_control,registered_style,pure_transformer,0.7606596704500134,0.7881473096586475,0.07509374706697854,226759,0,0,0,0,3.4143521142589825e-05,6.575363808697457e-06,426,122,603926,0,22,0.0,3.642830412997619e-05
1,cross_camera,inactive,301,604352,initial_to_control,registered_style,pure_mamba,0.7363877688620316,0.7550146920199279,0.060457548165548346,240809,0,0,0,0,9.362867163671867e-05,2.776009880900943e-05,1356,386,602996,0,136,0.0,0.00022554046793013552
1,cross_camera,inactive,301,604352,initial_to_bounded,original,baseline_only,0.46405198605503845,0.46405198605503845,0.0,0,0,0,2,2,0.00041697470259723085,0.00041697470259723085,6613,6613,597739,0,0,0.0,0.0
1,cross_camera,inactive,301,604352,initial_to_bounded,original,fused,0.6057404653221713,0.5767288111100485,0.03441836871992944,505801,0,0,0,0,6.211135174081877e-05,3.379776179262713e-05,914,508,603438,0,95,0.0,0.0001574312522578956
1,cross_camera,inactive,301,604352,initial_to_bounded,original,cnn,0.6046457238564545,0.6076509881262637,0.029608408871295434,282193,0,0,0,0,0.00010548685313696746,2.8303724936034355e-05,1526,430,602826,0,55,0.0,9.123694067608232e-05
1,cross_camera,inactive,301,604352,initial_to_bounded,original,transformer,0.6123558119846094,0.6165114117555441,0.036842005413672066,280758,0,0,0,0,5.1039646387960196e-05,2.982290964234219e-05,666,363,603686,0,86,0.0,0.00014245816533760928
1,cross_camera,inactive,301,604352,initial_to_bounded,original,mamba,0.6002198630094137,0.60713429760867,0.029945048341684957,256901,0,0,0,0,0.0001210085144388548,5.399600569935555e-05,1831,860,602521,0,149,0.0,0.0002472942851784419
1,cross_camera,inactive,301,604352,initial_to_bounded,original,cnn_RGB_residual,0.7663997086225742,0.7702589725383776,0.08712503115867237,290340,192,456,872,608,0.0030405176055126595,0.0023617961500375343,17401,14162,586951,0,3838,0.0,0.006538876328688425
1,cross_camera,inactive,301,604352,initial_to_bounded,original,cnn_NI_residual,0.7050925641404704,0.7034721289378646,0.09402713096782403,302501,354,804,1372,922,0.0051677518529639295,0.0037599121369037785,28994,22196,575358,9,6022,1.5642434797117622e-05,0.01046652692758248
1,cross_camera,inactive,301,604352,initial_to_bounded,original,cnn_TI_residual,0.7642262185315761,0.7800189737806195,0.09233180069006021,274831,194,1044,1806,956,0.00550034581666185,0.003344184659288082,28763,19547,575589,0,3547,0.0,0.006162383228310479
1,cross_camera,inactive,301,604352,initial_to_bounded,original,transformer_RGB_residual,0.7640078848906631,0.7671207128958859,0.1105193850465065,294260,287,308,582,561,0.0021391828136091222,0.002043142329650224,12511,11789,591841,15,4726,2.5344644929972745e-05,0.007985252795936747
1,cross_camera,inactive,301,604352,initial_to_bounded,original,transformer_NI_residual,0.7436083281410563,0.7334973020746788,0.11246255462847154,321517,544,738,1161,967,0.0034703867631246384,0.0032503062520828014,18872,17566,585480,35,6941,5.9780009564801534e-05,0.011855229896836784
1,cross_camera,inactive,301,604352,initial_to_bounded,original,transformer_TI_residual,0.7743627992795565,0.8062946171291753,0.12056194665262657,254731,377,910,1484,951,0.003680401596063983,0.002723105773044634,18385,14056,585967,6,3775,1.0239484476088245e-05,0.00644234231620552
1,cross_camera,inactive,301,604352,initial_to_bounded,original,mamba_RGB_residual,0.7437891078570067,0.7678355724820031,0.08968273407783717,246558,277,609,1143,811,0.004009565152457677,0.0031548090524769674,22375,18055,581977,0,4411,0.0,0.007579337327763812
1,cross_camera,inactive,301,604352,initial_to_bounded,original,mamba_NI_residual,0.7043529785906251,0.6991613815608008,0.09284280914368889,312836,522,1274,1927,1175,0.006078951336191995,0.0043365694382167756,32415,24764,571937,0,6094,0.0,0.010655019696225284
1,cross_camera,inactive,301,604352,initial_to_bounded,original,mamba_TI_residual,0.7610212291156321,0.7836529888338807,0.08706600829179831,255440,195,1066,1780,909,0.005093701270728125,0.0031184784555005137,26173,17016,578179,0,2520,0.0,0.004358511810356308
1,cross_camera,inactive,301,604352,initial_to_bounded,original,pure_bank,0.7474289703431375,0.7568125042345588,0.050204757552629715,263993,0,0,0,0,2.9290924513039664e-05,1.0158283257060028e-05,377,118,603975,0,11,0.0,1.821267436566083e-05
1,cross_camera,inactive,301,604352,initial_to_bounded,original,pure_cnn,0.745239496569725,0.7512500201055842,0.05921681878992348,282194,0,1,1,0,9.593144531795057e-05,1.1504978612450343e-05,1295,164,603057,0,23,0.0,3.81390150516452e-05
1,cross_camera,inactive,301,604352,initial_to_bounded,original,pure_transformer,0.7606596704500134,0.7689708735101374,0.0736840155154241,280758,0,0,0,0,3.4143521142589825e-05,1.1128973563050365e-05,426,179,603926,0,39,0.0,6.457744823041233e-05
1,cross_camera,inactive,301,604352,initial_to_bounded,original,pure_mamba,0.7363877688620316,0.7502166434362065,0.05989010124077134,256900,0,0,0,0,9.362867163671867e-05,3.067015414513416e-05,1356,403,602996,0,149,0.0,0.0002470994832469867
1,cross_camera,inactive,301,604352,initial_to_bounded,registered_style,baseline_only,0.46405198605503845,0.46405198605503845,0.0,0,0,0,2,2,0.00041697470259723085,0.00041697470259723085,6613,6613,597739,0,0,0.0,0.0
1,cross_camera,inactive,301,604352,initial_to_bounded,registered_style,fused,0.6057404653221713,0.5767288111100485,0.03441836871992944,505801,0,0,0,0,6.211135174081877e-05,3.379776179262713e-05,914,508,603438,0,95,0.0,0.0001574312522578956
1,cross_camera,inactive,301,604352,initial_to_bounded,registered_style,cnn,0.6046457238564545,0.6076509881262637,0.029608408871295434,282193,0,0,0,0,0.00010548685313696746,2.8303724936034355e-05,1526,430,602826,0,55,0.0,9.123694067608232e-05
1,cross_camera,inactive,301,604352,initial_to_bounded,registered_style,transformer,0.6123558119846094,0.6165114117555441,0.036842005413672066,280758,0,0,0,0,5.1039646387960196e-05,2.982290964234219e-05,666,363,603686,0,86,0.0,0.00014245816533760928
1,cross_camera,inactive,301,604352,initial_to_bounded,registered_style,mamba,0.6002198630094137,0.60713429760867,0.029945048341684957,256901,0,0,0,0,0.0001210085144388548,5.399600569935555e-05,1831,860,602521,0,149,0.0,0.0002472942851784419
1,cross_camera,inactive,301,604352,initial_to_bounded,registered_style,cnn_RGB_residual,0.7663997086225742,0.7702589725383776,0.08712503115867237,290340,192,456,872,608,0.0030405176055126595,0.0023617961500375343,17401,14162,586951,0,3838,0.0,0.006538876328688425
1,cross_camera,inactive,301,604352,initial_to_bounded,registered_style,cnn_NI_residual,0.7050925641404704,0.7034721289378646,0.09402713096782403,302501,354,804,1372,922,0.0051677518529639295,0.0037599121369037785,28994,22196,575358,9,6022,1.5642434797117622e-05,0.01046652692758248
1,cross_camera,inactive,301,604352,initial_to_bounded,registered_style,cnn_TI_residual,0.7642262185315761,0.7800189737806195,0.09233180069006021,274831,194,1044,1806,956,0.00550034581666185,0.003344184659288082,28763,19547,575589,0,3547,0.0,0.006162383228310479
1,cross_camera,inactive,301,604352,initial_to_bounded,registered_style,transformer_RGB_residual,0.7640078848906631,0.7671207128958859,0.1105193850465065,294260,287,308,582,561,0.0021391828136091222,0.002043142329650224,12511,11789,591841,15,4726,2.5344644929972745e-05,0.007985252795936747
1,cross_camera,inactive,301,604352,initial_to_bounded,registered_style,transformer_NI_residual,0.7436083281410563,0.7334973020746788,0.11246255462847154,321517,544,738,1161,967,0.0034703867631246384,0.0032503062520828014,18872,17566,585480,35,6941,5.9780009564801534e-05,0.011855229896836784
1,cross_camera,inactive,301,604352,initial_to_bounded,registered_style,transformer_TI_residual,0.7743627992795565,0.8062946171291753,0.12056194665262657,254731,377,910,1484,951,0.003680401596063983,0.002723105773044634,18385,14056,585967,6,3775,1.0239484476088245e-05,0.00644234231620552
1,cross_camera,inactive,301,604352,initial_to_bounded,registered_style,mamba_RGB_residual,0.7437891078570067,0.7678355724820031,0.08968273407783717,246558,277,609,1143,811,0.004009565152457677,0.0031548090524769674,22375,18055,581977,0,4411,0.0,0.007579337327763812
1,cross_camera,inactive,301,604352,initial_to_bounded,registered_style,mamba_NI_residual,0.7043529785906251,0.6991613815608008,0.09284280914368889,312836,522,1274,1927,1175,0.006078951336191995,0.0043365694382167756,32415,24764,571937,0,6094,0.0,0.010655019696225284
1,cross_camera,inactive,301,604352,initial_to_bounded,registered_style,mamba_TI_residual,0.7610212291156321,0.7836529888338807,0.08706600829179831,255440,195,1066,1780,909,0.005093701270728125,0.0031184784555005137,26173,17016,578179,0,2520,0.0,0.004358511810356308
1,cross_camera,inactive,301,604352,initial_to_bounded,registered_style,pure_bank,0.7474289703431375,0.7568125042345588,0.050204757552629715,263993,0,0,0,0,2.9290924513039664e-05,1.0158283257060028e-05,377,118,603975,0,11,0.0,1.821267436566083e-05
1,cross_camera,inactive,301,604352,initial_to_bounded,registered_style,pure_cnn,0.745239496569725,0.7512500201055842,0.05921681878992348,282194,0,1,1,0,9.593144531795057e-05,1.1504978612450343e-05,1295,164,603057,0,23,0.0,3.81390150516452e-05
1,cross_camera,inactive,301,604352,initial_to_bounded,registered_style,pure_transformer,0.7606596704500134,0.7689708735101374,0.0736840155154241,280758,0,0,0,0,3.4143521142589825e-05,1.1128973563050365e-05,426,179,603926,0,39,0.0,6.457744823041233e-05
1,cross_camera,inactive,301,604352,initial_to_bounded,registered_style,pure_mamba,0.7363877688620316,0.7502166434362065,0.05989010124077134,256900,0,0,0,0,9.362867163671867e-05,3.067015414513416e-05,1356,403,602996,0,149,0.0,0.0002470994832469867
1,cross_camera,inactive,301,604352,control_to_bounded,original,baseline_only,0.46405198605503845,0.46405198605503845,0.0,0,0,0,2,2,0.00041697470259723085,0.00041697470259723085,6613,6613,597739,0,0,0.0,0.0
1,cross_camera,inactive,301,604352,control_to_bounded,original,fused,0.615335807234391,0.5767288111100485,0.03861480238172037,603569,0,0,0,0,2.5361456201116556e-05,3.379776179262713e-05,352,508,604000,0,168,0.0,0.0002781456953642384
1,cross_camera,inactive,301,604352,control_to_bounded,original,cnn,0.610374464021183,0.6076509881262637,0.00847161792447033,365454,0,0,0,0,2.6179003317174963e-05,2.8303724936034355e-05,392,430,603960,0,81,0.0,0.00013411484204251938
1,cross_camera,inactive,301,604352,control_to_bounded,original,transformer,0.6260996305144577,0.6165114117555441,0.02230052060842854,392984,0,0,0,0,2.5278955008890807e-05,2.982290964234219e-05,333,363,604019,0,79,0.0,0.0001307905877133004
1,cross_camera,inactive,301,604352,control_to_bounded,original,mamba,0.6095333245160199,0.60713429760867,0.008275132759875523,361575,0,0,0,0,5.110874196332346e-05,5.399600569935555e-05,854,860,603498,0,106,0.0,0.000175642669901143
1,cross_camera,inactive,301,604352,control_to_bounded,original,cnn_RGB_residual,0.7723976308681982,0.7702589725383776,0.025692704930094897,317865,60,103,651,608,0.002483993180225044,0.0023617961500375343,14847,14162,589505,0,1246,0.0,0.002113637712996497
1,cross_camera,inactive,301,604352,control_to_bounded,original,cnn_NI_residual,0.7110187539743692,0.7034721289378646,0.026399539973107063,359063,118,140,944,922,0.0038168453508965533,0.0037599121369037785,22406,22196,581946,0,2211,0.0,0.003799321586538957
1,cross_camera,inactive,301,604352,control_to_bounded,original,cnn_TI_residual,0.786674549961941,0.7800189737806195,0.02428340915418919,358123,102,110,964,956,0.0033540172349727027,0.003344184659288082,19386,19547,584966,0,1829,0.0,0.00312667744792005
1,cross_camera,inactive,301,604352,control_to_bounded,original,transformer_RGB_residual,0.7959225936199598,0.7671207128958859,0.06060492855861803,398929,113,201,649,561,0.0019807789701051953,0.002043142329650224,10554,11789,593798,0,2943,0.0,0.004956230906806692
1,cross_camera,inactive,301,604352,control_to_bounded,original,transformer_NI_residual,0.7618407746169408,0.7334973020746788,0.06423808778081044,391762,259,336,1044,967,0.0032776795793169476,0.0032503062520828014,17411,17566,586941,0,3635,0.0,0.00619312673675889
1,cross_camera,inactive,301,604352,control_to_bounded,original,transformer_TI_residual,0.806678573465555,0.8062946171291753,0.06747297748413045,307621,328,281,904,951,0.0026350078773898413,0.002723105773044634,13609,14056,590743,0,2883,0.0,0.004880294815173434
1,cross_camera,inactive,301,604352,control_to_bounded,original,mamba_RGB_residual,0.7708725827977189,0.7678355724820031,0.024895695580775007,324965,89,162,884,811,0.0032639871930648743,0.0031548090524769674,18302,18055,586050,0,1555,0.0,0.0026533572220800274
1,cross_camera,inactive,301,604352,control_to_bounded,original,mamba_NI_residual,0.704875189803338,0.6991613815608008,0.025111969727984504,354284,114,235,1296,1175,0.004426736238289337,0.0043365694382167756,24733,24764,579619,0,2310,0.0,0.003985376600836066
1,cross_camera,inactive,301,604352,control_to_bounded,original,mamba_TI_residual,0.7892963162724915,0.7836529888338807,0.02325033558025158,348547,107,129,931,909,0.003108830044855531,0.0031184784555005137,17129,17016,587223,0,1386,0.0,0.002360261774487716
1,cross_camera,inactive,301,604352,control_to_bounded,original,pure_bank,0.7666196499290351,0.7568125042345588,0.019650264395028542,410733,0,0,0,0,7.99122536511057e-06,1.0158283257060028e-05,112,118,604240,0,14,0.0,2.3169601482854495e-05
1,cross_camera,inactive,301,604352,control_to_bounded,original,pure_cnn,0.7566969757197364,0.7512500201055842,0.016943236283763978,365452,0,0,0,0,1.0040363883955466e-05,1.1504978612450343e-05,154,164,604198,0,33,0.0,5.4617857060102815e-05
1,cross_camera,inactive,301,604352,control_to_bounded,original,pure_transformer,0.7881473096586475,0.7689708735101374,0.04460104269085414,392984,0,0,0,0,6.575363808697457e-06,1.1128973563050365e-05,122,179,604230,0,64,0.0,0.00010591993115204475
1,cross_camera,inactive,301,604352,control_to_bounded,original,pure_mamba,0.7550146920199279,0.7502166434362065,0.016550264325670992,361575,0,0,0,0,2.776009880900943e-05,3.067015414513416e-05,386,403,603966,0,60,0.0,9.93433405191683e-05
1,cross_camera,inactive,301,604352,control_to_bounded,registered_style,baseline_only,0.46405198605503845,0.46405198605503845,0.0,0,0,0,2,2,0.00041697470259723085,0.00041697470259723085,6613,6613,597739,0,0,0.0,0.0
1,cross_camera,inactive,301,604352,control_to_bounded,registered_style,fused,0.615335807234391,0.5767288111100485,0.03861480238172037,603569,0,0,0,0,2.5361456201116556e-05,3.379776179262713e-05,352,508,604000,0,168,0.0,0.0002781456953642384
1,cross_camera,inactive,301,604352,control_to_bounded,registered_style,cnn,0.610374464021183,0.6076509881262637,0.00847161792447033,365454,0,0,0,0,2.6179003317174963e-05,2.8303724936034355e-05,392,430,603960,0,81,0.0,0.00013411484204251938
1,cross_camera,inactive,301,604352,control_to_bounded,registered_style,transformer,0.6260996305144577,0.6165114117555441,0.02230052060842854,392984,0,0,0,0,2.5278955008890807e-05,2.982290964234219e-05,333,363,604019,0,79,0.0,0.0001307905877133004
1,cross_camera,inactive,301,604352,control_to_bounded,registered_style,mamba,0.6095333245160199,0.60713429760867,0.008275132759875523,361575,0,0,0,0,5.110874196332346e-05,5.399600569935555e-05,854,860,603498,0,106,0.0,0.000175642669901143
1,cross_camera,inactive,301,604352,control_to_bounded,registered_style,cnn_RGB_residual,0.7723976308681982,0.7702589725383776,0.025692704930094897,317865,60,103,651,608,0.002483993180225044,0.0023617961500375343,14847,14162,589505,0,1246,0.0,0.002113637712996497
1,cross_camera,inactive,301,604352,control_to_bounded,registered_style,cnn_NI_residual,0.7110187539743692,0.7034721289378646,0.026399539973107063,359063,118,140,944,922,0.0038168453508965533,0.0037599121369037785,22406,22196,581946,0,2211,0.0,0.003799321586538957
1,cross_camera,inactive,301,604352,control_to_bounded,registered_style,cnn_TI_residual,0.786674549961941,0.7800189737806195,0.02428340915418919,358123,102,110,964,956,0.0033540172349727027,0.003344184659288082,19386,19547,584966,0,1829,0.0,0.00312667744792005
1,cross_camera,inactive,301,604352,control_to_bounded,registered_style,transformer_RGB_residual,0.7959225936199598,0.7671207128958859,0.06060492855861803,398929,113,201,649,561,0.0019807789701051953,0.002043142329650224,10554,11789,593798,0,2943,0.0,0.004956230906806692
1,cross_camera,inactive,301,604352,control_to_bounded,registered_style,transformer_NI_residual,0.7618407746169408,0.7334973020746788,0.06423808778081044,391762,259,336,1044,967,0.0032776795793169476,0.0032503062520828014,17411,17566,586941,0,3635,0.0,0.00619312673675889
1,cross_camera,inactive,301,604352,control_to_bounded,registered_style,transformer_TI_residual,0.806678573465555,0.8062946171291753,0.06747297748413045,307621,328,281,904,951,0.0026350078773898413,0.002723105773044634,13609,14056,590743,0,2883,0.0,0.004880294815173434
1,cross_camera,inactive,301,604352,control_to_bounded,registered_style,mamba_RGB_residual,0.7708725827977189,0.7678355724820031,0.024895695580775007,324965,89,162,884,811,0.0032639871930648743,0.0031548090524769674,18302,18055,586050,0,1555,0.0,0.0026533572220800274
1,cross_camera,inactive,301,604352,control_to_bounded,registered_style,mamba_NI_residual,0.704875189803338,0.6991613815608008,0.025111969727984504,354284,114,235,1296,1175,0.004426736238289337,0.0043365694382167756,24733,24764,579619,0,2310,0.0,0.003985376600836066
1,cross_camera,inactive,301,604352,control_to_bounded,registered_style,mamba_TI_residual,0.7892963162724915,0.7836529888338807,0.02325033558025158,348547,107,129,931,909,0.003108830044855531,0.0031184784555005137,17129,17016,587223,0,1386,0.0,0.002360261774487716
1,cross_camera,inactive,301,604352,control_to_bounded,registered_style,pure_bank,0.7666196499290351,0.7568125042345588,0.019650264395028542,410733,0,0,0,0,7.99122536511057e-06,1.0158283257060028e-05,112,118,604240,0,14,0.0,2.3169601482854495e-05
1,cross_camera,inactive,301,604352,control_to_bounded,registered_style,pure_cnn,0.7566969757197364,0.7512500201055842,0.016943236283763978,365452,0,0,0,0,1.0040363883955466e-05,1.1504978612450343e-05,154,164,604198,0,33,0.0,5.4617857060102815e-05
1,cross_camera,inactive,301,604352,control_to_bounded,registered_style,pure_transformer,0.7881473096586475,0.7689708735101374,0.04460104269085414,392984,0,0,0,0,6.575363808697457e-06,1.1128973563050365e-05,122,179,604230,0,64,0.0,0.00010591993115204475
1,cross_camera,inactive,301,604352,control_to_bounded,registered_style,pure_mamba,0.7550146920199279,0.7502166434362065,0.016550264325670992,361575,0,0,0,0,2.776009880900943e-05,3.067015414513416e-05,386,403,603966,0,60,0.0,9.93433405191683e-05
1,identity,active,259,6497792,initial_to_control,original,baseline_only,0.5072081405849865,0.5072081405849865,0.0,0,0,0,0,0,0.00019096029859841775,0.00019096029859841775,31439,31439,6466353,0,0,0.0,0.0
1,identity,active,259,6497792,initial_to_control,original,fused,0.6481111798454663,0.6572958211728802,0.025281391480356484,2451054,0,0,0,0,3.417881596914434e-05,1.2125281706808303e-05,5892,2188,6460722,0,108,0.0,1.6716397950569613e-05
1,identity,active,259,6497792,initial_to_control,original,cnn,0.6451696214695238,0.6503391838050341,0.029074049316670694,2862601,0,0,0,0,6.285103213169009e-05,1.7705907389966263e-05,10024,3278,6453236,0,183,0.0,2.8357865728140116e-05
1,identity,active,259,6497792,initial_to_control,original,transformer,0.6533446536869595,0.667763664508834,0.038613017948453364,2430213,0,0,0,0,2.1989163273431565e-05,8.050860783783886e-06,3850,1509,6453206,0,183,0.0,2.8357997559662594e-05
1,identity,active,259,6497792,initial_to_control,original,mamba,0.6458192628955314,0.6537846122560289,0.028793453156359877,2629998,0,0,0,0,6.907555184774704e-05,2.591069775515213e-05,10975,4595,6451386,0,353,0.0,5.471692439423094e-05
1,identity,active,259,6497792,initial_to_control,original,cnn_RGB_residual,0.7995501457495886,0.8036443678296579,0.08673307501480382,3127162,1572,4058,7855,5369,0.002351320604787306,0.0017483525193686819,141133,109342,5980676,2,14616,3.344103576251247e-07,0.002443870893524411
1,identity,active,259,6497792,initial_to_control,original,cnn_NI_residual,0.7485562639995724,0.7475432826013316,0.08980819637820145,3266999,2403,6048,10952,7307,0.003485550754223168,0.002598240764233382,211314,165861,5808287,5,24483,8.608390046841694e-07,0.0042151842703365035
1,identity,active,259,6497792,initial_to_control,original,cnn_TI_residual,0.8012870029918364,0.8292231337887187,0.0879356073877208,2568408,1202,5930,9953,5225,0.003077409229926345,0.0019415495880343017,179957,122052,6117669,0,12119,0.0,0.00198098327974266
1,identity,active,259,6497792,initial_to_control,original,transformer_RGB_residual,0.8051669132437618,0.8324902530497045,0.11966753962705926,2770881,2691,3152,5995,5534,0.0016915114565319452,0.0014559183971392207,99440,81804,5807822,169,17240,2.9098687941882515e-05,0.0029684105332429267
1,identity,active,259,6497792,initial_to_control,original,transformer_NI_residual,0.7758756270215155,0.794175780532662,0.11983820479143267,2893945,4971,4411,9039,9599,0.002568852717867914,0.0025291549687600787,151799,141323,5724070,153,32366,2.6729232871016603e-05,0.0056543683078648585
1,identity,active,259,6497792,initial_to_control,original,transformer_TI_residual,0.8174010535068096,0.8582916464630955,0.10973439930980722,2451567,1381,3637,6557,4301,0.0018957892208376279,0.001278582592268961,111142,75154,6155227,6,11362,9.747812712674935e-07,0.0018459108006902102
1,identity,active,259,6497792,initial_to_control,original,mamba_RGB_residual,0.79148623144799,0.8159812224434007,0.08432197062980251,2614348,1913,3966,8554,6501,0.0025594462443633433,0.001893762536611773,153480,114702,5959532,5,13518,8.389920550808352e-07,0.002268298920116546
1,identity,active,259,6497792,initial_to_control,original,mamba_NI_residual,0.7477156655901842,0.7477692502406806,0.08845763558640075,3211314,3464,5774,11558,9248,0.00364491838100807,0.003054122263592864,220589,187642,5777756,14,28312,2.423086056247443e-06,0.004900172316034114
1,identity,active,259,6497792,initial_to_control,original,mamba_TI_residual,0.8140893588956397,0.8373328948410366,0.08294852639507125,2657680,1275,5197,9588,5666,0.0028599162445198463,0.0019435873271567612,165608,117927,6136578,0,13000,0.0,0.0021184445141901563
1,identity,active,259,6497792,initial_to_control,original,pure_bank,0.7890142412757899,0.8073835240659637,0.050562783030515326,2451049,0,0,0,0,1.6943816356655985e-05,3.934398884938788e-06,2706,582,6407929,0,87,0.0,1.3576929457239616e-05
1,identity,active,259,6497792,initial_to_control,original,pure_cnn,0.7831311357158043,0.7934702601011953,0.05814810066171347,2862602,0,3,3,0,6.47043924378116e-05,1.0391728007380277e-05,8738,1645,6389858,0,235,0.0,3.6777030099886414e-05
1,identity,active,259,6497792,initial_to_control,original,pure_transformer,0.7994811993372313,0.8283192218260288,0.07722603849185433,2430216,0,0,0,0,1.1145113639240724e-05,2.3511816410244664e-06,1819,411,6350703,0,106,0.0,1.6691065540303175e-05
1,identity,active,259,6497792,initial_to_control,original,pure_mamba,0.7844304172623736,0.8003611172528295,0.05758690775404661,2630001,0,10,10,0,7.171361456277064e-05,1.737409824225264e-05,9074,2451,6387713,0,380,0.0,5.9489209987987874e-05
1,identity,active,259,6497792,initial_to_control,registered_style,baseline_only,0.5072081405849865,0.5072081405849865,0.0,0,0,0,0,0,0.00019096029859841775,0.00019096029859841775,31439,31439,6466353,0,0,0.0,0.0
1,identity,active,259,6497792,initial_to_control,registered_style,fused,0.6045231190545011,0.6349830969324782,0.03930935370548059,1411164,0,0,0,0,0.0002506541232929811,2.563037653998173e-05,36558,4939,6460722,0,235,0.0,3.6373643688739435e-05
1,identity,active,259,6497792,initial_to_control,registered_style,cnn,0.6073501450178891,0.6299577870970681,0.0382907678693101,1959970,0,7,7,0,0.0003185939863034988,3.280036329701849e-05,43505,6325,6453236,0,367,0.0,5.68706924711881e-05
1,identity,active,259,6497792,initial_to_control,registered_style,transformer,0.6002335501290343,0.642279774303712,0.055395227627525176,1457935,3,8,8,3,0.00030947543046359215,2.288146816192337e-05,44085,4182,6453206,0,449,0.0,6.95778191491175e-05
1,identity,active,259,6497792,initial_to_control,registered_style,mamba,0.6059856593056139,0.6327117274145395,0.04000440455197519,1737372,0,3,3,0,0.00032720116159116737,5.200659391014287e-05,45266,9500,6451386,0,627,0.0,9.718841811666516e-05
1,identity,active,259,6497792,initial_to_control,registered_style,cnn_RGB_residual,0.711521198910162,0.7570761514341102,0.1097583560382098,2399468,2244,42836,51582,10990,0.010430203997216347,0.003513706239614583,496088,213303,5980676,13,27911,2.17366732456331e-06,0.004666863745837427
1,identity,active,259,6497792,initial_to_control,registered_style,cnn_NI_residual,0.6598865153962977,0.7018473443328938,0.1123529604776133,2518795,3749,61562,73754,15941,0.014266507023812942,0.005215895945346262,657281,315330,5808287,28,46370,4.820698426231349e-06,0.007983420929440987
1,identity,active,259,6497792,initial_to_control,registered_style,cnn_TI_residual,0.7510688289741091,0.7991989042329324,0.10193383603428564,2241507,1587,22034,29548,9101,0.006958262862662272,0.003106400326058611,355264,186599,6117669,2,20227,3.2692190440509286e-07,0.0033063246802009067
1,identity,active,259,6497792,initial_to_control,registered_style,transformer_RGB_residual,0.6787709416928468,0.7762772102999728,0.1605296205006615,1964104,4718,88744,98546,14520,0.01639783433933408,0.0036463970845170084,672607,198056,5807822,163,34169,2.806559842915296e-05,0.005883272593409371
1,identity,active,259,6497792,initial_to_control,registered_style,transformer_NI_residual,0.653453297509257,0.7362422261685094,0.1516713312945098,2090094,8521,73103,87828,23246,0.016702953899875,0.005641944590508797,749370,300214,5724070,370,61141,6.463932132206629e-05,0.010681385797168798
1,identity,active,259,6497792,initial_to_control,registered_style,transformer_TI_residual,0.7475527272470752,0.8195348983776714,0.12934640189546073,2050901,2269,22699,29272,8842,0.0064486811099807775,0.0024896164306913277,326726,140892,6155227,39,21696,6.336078263238707e-06,0.003524809076903256
1,identity,active,259,6497792,initial_to_control,registered_style,mamba_RGB_residual,0.7029615404904417,0.7706934435861984,0.1153263943970199,1981983,2832,43088,53364,13108,0.010826819718163763,0.003798007762266537,516199,220293,5959532,12,25927,2.0135809321940044e-06,0.004350509402416163
1,identity,active,259,6497792,initial_to_control,registered_style,mamba_NI_residual,0.6541418145154896,0.7012854342260019,0.11475439192808148,2418292,5374,59595,74320,20099,0.014740582653733177,0.006015331039421659,686492,348338,5777756,46,50871,7.961568470527311e-06,0.008804629340525975
1,identity,active,259,6497792,initial_to_control,registered_style,mamba_TI_residual,0.757186269453872,0.802667173500445,0.09799888620078287,2304590,2087,20398,28970,10659,0.006608063374409105,0.0032445189779994094,338476,189779,6136578,4,23368,6.518290812892788e-07,0.0038079854928919667
1,identity,active,259,6497792,initial_to_control,registered_style,pure_bank,0.7018381175725734,0.7627580751419324,0.0786187097052582,1411165,0,305,305,0,0.0008503675742767998,2.5809788806062355e-05,89473,4313,6407929,0,401,0.0,6.257872083164467e-05
1,identity,active,259,6497792,initial_to_control,registered_style,pure_cnn,0.7074921789711589,0.7527074651684275,0.0765815389071471,1959969,0,752,752,0,0.0011126752118156026,4.620106754988045e-05,106726,7521,6389858,0,817,0.0,0.0001278588663472647
1,identity,active,259,6497792,initial_to_control,registered_style,pure_transformer,0.6932589892086997,0.7773514397793064,0.1107904585380037,1457934,5,826,826,5,0.0015232123205795676,3.073770261330948e-05,146729,4684,6350703,0,794,0.0,0.00012502552866981812
1,identity,active,259,6497792,initial_to_control,registered_style,pure_mamba,0.7047632072486184,0.7582153456564488,0.08000881173584316,1737371,1,604,604,1,0.0011224315755229916,8.082706407068526e-05,108872,11850,6387713,0,1320,0.0,0.0002066467294319579
1,identity,active,259,6497792,initial_to_bounded,original,baseline_only,0.5072081405849865,0.5072081405849865,0.0,0,0,0,0,0,0.00019096029859841775,0.00019096029859841775,31439,31439,6466353,0,0,0.0,0.0
1,identity,active,259,6497792,initial_to_bounded,original,fused,0.6481111798454663,0.6172780882190813,0.03586849473194303,5484958,0,0,0,0,3.417881596914434e-05,1.5859336306056407e-05,5892,2996,6460722,0,216,0.0,3.3432795901139226e-05
1,identity,active,259,6497792,initial_to_bounded,original,cnn,0.6451696214695238,0.6465985793902497,0.028219709078263152,3114793,0,0,0,0,6.285103213169009e-05,1.7918794203770996e-05,10024,3314,6453236,0,186,0.0,2.8822748772863723e-05
1,identity,active,259,6497792,initial_to_bounded,original,transformer,0.6533446536869595,0.6524437813522497,0.036177461852788424,3307296,0,0,0,0,2.1989163273431565e-05,9.627984885225054e-06,3850,1758,6453206,0,229,0.0,3.548623738340292e-05
1,identity,active,259,6497792,initial_to_bounded,original,mamba,0.6458192628955314,0.6511614939568249,0.02842715563448218,2849376,0,0,0,0,6.907555184774704e-05,2.6407012960215424e-05,10975,4672,6451386,0,342,0.0,5.301186442727191e-05
1,identity,active,259,6497792,initial_to_bounded,original,cnn_RGB_residual,0.7995501457495886,0.7959175204724631,0.08473896478787861,3299310,1485,4129,7855,5211,0.002351320604787306,0.0017237251086490712,141133,108226,5980676,1,14000,1.6720517881256234e-07,0.0023408725033758726
1,identity,active,259,6497792,initial_to_bounded,original,cnn_NI_residual,0.7485562639995724,0.7378246210155432,0.08843900808726668,3478151,2325,6060,10952,7217,0.003485550754223168,0.0025804304481544488,211314,165289,5808287,5,23713,8.608390046841694e-07,0.004082615063615141
1,identity,active,259,6497792,initial_to_bounded,original,cnn_TI_residual,0.8012870029918364,0.8242250169290654,0.08685451153831465,2690193,1044,6087,9953,4910,0.003077409229926345,0.0019058805682103978,179957,120666,6117669,0,11329,0.0,0.0018518491275026484
1,identity,active,259,6497792,initial_to_bounded,original,transformer_RGB_residual,0.8051669132437618,0.795216890144121,0.11420361173766884,3426373,2627,3121,5995,5501,0.0016915114565319452,0.0015083162489799825,99440,88100,5807822,165,19314,2.8409961600062813e-05,0.003325515141476443
1,identity,active,259,6497792,initial_to_bounded,original,transformer_NI_residual,0.7758756270215155,0.7521359062830802,0.11550665933571948,3653979,5179,4289,9039,9929,0.002568852717867914,0.002607488543504663,151799,147240,5724070,132,32810,2.3060514633818246e-05,0.005731935493451338
1,identity,active,259,6497792,initial_to_bounded,original,transformer_TI_residual,0.8174010535068096,0.8456855794703583,0.11074757566975092,2735165,1467,3591,6557,4433,0.0018957892208376279,0.0013313236851459592,111142,78309,6155227,6,12172,9.747812712674935e-07,0.001977506272311322
1,identity,active,259,6497792,initial_to_bounded,original,mamba_RGB_residual,0.79148623144799,0.8113955624554126,0.08326518363247672,2732936,1845,3984,8554,6415,0.0025594462443633433,0.0018733260860883771,153480,113010,5959532,2,12747,3.355968220323341e-07,0.0021389263452230812
1,identity,active,259,6497792,initial_to_bounded,original,mamba_NI_residual,0.7477156655901842,0.7431883352912662,0.08890892636310868,3340505,3292,5946,11558,8904,0.00364491838100807,0.0029670115923783355,220589,183781,5777756,9,27193,1.5576981790162133e-06,0.004706498509109765
1,identity,active,259,6497792,initial_to_bounded,original,mamba_TI_residual,0.8140893588956397,0.8307607518570179,0.0821149433728228,2819860,1213,5285,9588,5516,0.0028599162445198463,0.0019430903019050586,165608,118567,6136578,0,12738,0.0,0.0020757497093657085
1,identity,active,259,6497792,initial_to_bounded,original,pure_bank,0.7890142412757899,0.79292778675955,0.04809518242112973,3059256,0,0,0,0,1.6943816356655985e-05,4.151895290635816e-06,2706,615,6407929,0,97,0.0,1.5137496061520033e-05
1,identity,active,259,6497792,initial_to_bounded,original,pure_cnn,0.7831311357158043,0.785989051576545,0.05643942019869614,3114794,0,3,3,0,6.47043924378116e-05,1.0919200834345278e-05,8738,1747,6389858,0,216,0.0,3.380356809181049e-05
1,identity,active,259,6497792,initial_to_bounded,original,pure_transformer,0.7994811993372313,0.7976794536543849,0.07235492620932904,3307298,0,0,0,0,1.1145113639240724e-05,3.155473686477517e-06,1819,550,6350703,0,133,0.0,2.0942563366606814e-05
1,identity,active,259,6497792,initial_to_bounded,original,pure_mamba,0.7844304172623736,0.7951148781563019,0.056854312651946425,2849378,0,10,10,0,7.171361456277064e-05,1.7499761594693922e-05,9074,2473,6387713,0,400,0.0,6.262022103998724e-05
1,identity,active,259,6497792,initial_to_bounded,registered_style,baseline_only,0.5072081405849865,0.5072081405849865,0.0,0,0,0,0,0,0.00019096029859841775,0.00019096029859841775,31439,31439,6466353,0,0,0.0,0.0
1,identity,active,259,6497792,initial_to_bounded,registered_style,fused,0.6045231190545011,0.597122773978612,0.03241579211490306,3868060,0,0,0,0,0.0002506541232929811,3.289597930054627e-05,36558,6547,6460722,0,430,0.0,6.655602887726789e-05
1,identity,active,259,6497792,initial_to_bounded,registered_style,cnn,0.6073501450178891,0.6266774075722734,0.03686236107621026,2137021,0,7,7,0,0.0003185939863034988,3.3122809698755146e-05,43505,6311,6453236,0,354,0.0,5.4856199277385796e-05
1,identity,active,259,6497792,initial_to_bounded,registered_style,transformer,0.6002335501290343,0.6280535955392885,0.0482021861662051,2035127,3,8,8,3,0.00030947543046359215,2.5490584669599517e-05,44085,4594,6453206,0,533,0.0,8.259460491420853e-05
1,identity,active,259,6497792,initial_to_bounded,registered_style,mamba,0.6059856593056139,0.6301539667665128,0.039109290525433806,1907270,0,3,3,0,0.00032720116159116737,5.310872242793733e-05,45266,9691,6451386,0,627,0.0,9.718841811666516e-05
1,identity,active,259,6497792,initial_to_bounded,registered_style,cnn_RGB_residual,0.711521198910162,0.7505966798622423,0.10711888182829345,2520042,2164,42917,51582,10829,0.010430203997216347,0.0034625845611379103,496088,209648,5980676,12,26343,2.0064621457507477e-06,0.00440468602545933
1,identity,active,259,6497792,initial_to_bounded,registered_style,cnn_NI_residual,0.6598865153962977,0.6935952257857732,0.1097458750800586,2677567,3547,61812,73754,15489,0.014266507023812942,0.005140487879714751,657281,312366,5808287,32,44343,5.509369629978684e-06,0.007634436796942024
1,identity,active,259,6497792,initial_to_bounded,registered_style,cnn_TI_residual,0.7510688289741091,0.7942482161998708,0.10078274790281914,2349335,1387,22303,29548,8632,0.006958262862662272,0.0030676416056000626,355264,185827,6117669,3,19364,4.903828566076393e-07,0.003165257878450109
1,identity,active,259,6497792,initial_to_bounded,registered_style,transformer_RGB_residual,0.6787709416928468,0.7414420370915041,0.1456180077344622,2446712,4342,88105,98546,14783,0.01639783433933408,0.0038429259065102923,672607,213893,5807822,171,37208,2.944305111279237e-05,0.006406532431606891
1,identity,active,259,6497792,initial_to_bounded,registered_style,transformer_NI_residual,0.653453297509257,0.6974654653910572,0.13716154711042292,2668445,8412,72509,87828,23731,0.016702953899875,0.005892306765619058,749370,317050,5724070,259,62874,4.52475249254464e-05,0.010984142402171881
1,identity,active,259,6497792,initial_to_bounded,registered_style,transformer_TI_residual,0.7475527272470752,0.8077897522514723,0.1276148832951946,2288042,2516,22830,29272,8958,0.0064486811099807775,0.002563541235487907,326726,144842,6155227,40,23415,6.498541808449956e-06,0.0038040839111213934
1,identity,active,259,6497792,initial_to_bounded,registered_style,mamba_RGB_residual,0.7029615404904417,0.7662215231319568,0.11420106804449369,2085484,2892,43080,53364,13176,0.010826819718163763,0.003786759642861994,516199,219115,5959532,11,25578,1.8457825211778375e-06,0.004291947756971521
1,identity,active,259,6497792,initial_to_bounded,registered_style,mamba_NI_residual,0.6541418145154896,0.6964882566709539,0.11432508574069583,2532510,5074,60178,74320,19216,0.014740582653733177,0.005859824529836446,686492,342510,5777756,43,49737,7.442335744188574e-06,0.008608359369969933
1,identity,active,259,6497792,initial_to_bounded,registered_style,mamba_TI_residual,0.757186269453872,0.7965897066576855,0.0968191020211323,2440331,2046,20481,28970,10535,0.006608063374409105,0.0032408456803020027,338476,190274,6136578,2,23134,3.259145406446394e-07,0.003769853491636544
1,identity,active,259,6497792,initial_to_bounded,registered_style,pure_bank,0.7018381175725734,0.7493818623141116,0.07181794287335742,1802082,0,305,305,0,0.0008503675742767998,2.5916108346580867e-05,89473,4469,6407929,0,420,0.0,6.554379737977746e-05
1,identity,active,259,6497792,initial_to_bounded,registered_style,pure_cnn,0.7074921789711589,0.7461467056194938,0.0737247248236277,2137022,0,752,752,0,0.0011126752118156026,4.784948775623158e-05,106726,7742,6389858,0,825,0.0,0.00012911085035066506
1,identity,active,259,6497792,initial_to_bounded,registered_style,pure_transformer,0.6932589892086997,0.7488990806046539,0.0964043745202937,2035128,7,826,826,7,0.0015232123205795676,3.440270080526573e-05,146729,5291,6350703,0,916,0.0,0.00014423600032941234
1,identity,active,259,6497792,initial_to_bounded,registered_style,pure_mamba,0.7047632072486184,0.7530998236662997,0.07821858420360765,1907272,1,604,604,1,0.0011224315755229916,8.13142787248223e-05,108872,12014,6387713,0,1335,0.0,0.0002089949877209574
1,identity,active,259,6497792,control_to_bounded,original,baseline_only,0.5072081405849865,0.5072081405849865,0.0,0,0,0,0,0,0.00019096029859841775,0.00019096029859841775,31439,31439,6466353,0,0,0.0,0.0
1,identity,active,259,6497792,control_to_bounded,original,fused,0.6572958211728802,0.6172780882190813,0.040032746700336935,6484558,0,0,0,0,1.2125281706808303e-05,1.5859336306056407e-05,2188,2996,6492590,0,507,0.0,7.808902148449232e-05
1,identity,active,259,6497792,control_to_bounded,original,cnn,0.6503391838050341,0.6465985793902497,0.009137901632084219,4129530,0,0,0,0,1.7705907389966263e-05,1.7918794203770996e-05,3278,3314,6490982,0,194,0.0,2.9887619469596435e-05
1,identity,active,259,6497792,control_to_bounded,original,transformer,0.667763664508834,0.6524437813522497,0.023872308346866402,4744526,0,0,0,0,8.050860783783886e-06,9.627984885225054e-06,1509,1758,6493353,0,317,0.0,4.881915398716195e-05
1,identity,active,259,6497792,control_to_bounded,original,mamba,0.6537846122560289,0.6511614939568249,0.00914285178750869,3911330,0,0,0,0,2.591069775515213e-05,2.6407012960215424e-05,4595,4672,6487674,0,257,0.0,3.961358107697767e-05
1,identity,active,259,6497792,control_to_bounded,original,cnn_RGB_residual,0.8036443678296579,0.7959175204724631,0.02650598488313109,3852686,560,718,5369,5211,0.0017483525193686819,0.0017237251086490712,109342,108226,6268379,0,4992,0.0,0.0007963781385905351
1,identity,active,259,6497792,control_to_bounded,original,cnn_NI_residual,0.7475432826013316,0.7378246210155432,0.02681413248638988,4004428,930,1020,7307,7217,0.002598240764233382,0.0025804304481544488,165861,165289,6157452,0,8785,0.0,0.0014267265096016989
1,identity,active,259,6497792,control_to_bounded,original,cnn_TI_residual,0.8292231337887187,0.8242250169290654,0.025050118380925065,3667198,503,818,5225,4910,0.0019415495880343017,0.0019058805682103978,122052,120666,6293106,0,5600,0.0,0.0008898626528776092
1,identity,active,259,6497792,control_to_bounded,original,transformer_RGB_residual,0.8324902530497045,0.795216890144121,0.0660789022714484,4497287,1197,1230,5534,5501,0.0014559183971392207,0.0015083162489799825,81804,88100,6287608,0,12268,0.0,0.0019511394476245975
1,identity,active,259,6497792,control_to_bounded,original,transformer_NI_residual,0.794175780532662,0.7521359062830802,0.07010638058986979,4654511,2550,2220,9599,9929,0.0025291549687600787,0.002607488543504663,141323,147240,6178074,0,20042,0.0,0.0032440530819151728
1,identity,active,259,6497792,control_to_bounded,original,transformer_TI_residual,0.8582916464630955,0.8456855794703583,0.06526235647172324,3674279,1268,1136,4301,4433,0.001278582592268961,0.0013313236851459592,75154,78309,6345826,0,10703,0.0,0.0016866204651687581
1,identity,active,259,6497792,control_to_bounded,original,mamba_RGB_residual,0.8159812224434007,0.8113955624554126,0.02603553699813245,3642954,746,832,6501,6415,0.001893762536611773,0.0018733260860883771,114702,113010,6260961,0,5328,0.0,0.0008509875720356668
1,identity,active,259,6497792,control_to_bounded,original,mamba_NI_residual,0.7477692502406806,0.7431883352912662,0.02681516246637597,3663871,986,1330,9248,8904,0.003054122263592864,0.0029670115923783355,187642,183781,6122990,0,8618,0.0,0.0014074822921481172
1,identity,active,259,6497792,control_to_bounded,original,mamba_TI_residual,0.8373328948410366,0.8307607518570179,0.025636691111002384,3780021,626,776,5666,5516,0.0019435873271567612,0.0019430903019050586,117927,118567,6291472,0,5855,0.0,0.0009306248203917938
1,identity,active,259,6497792,control_to_bounded,original,pure_bank,0.8073835240659637,0.79292778675955,0.021347834260194674,4855556,0,0,0,0,3.934398884938788e-06,4.151895290635816e-06,582,615,6493368,0,51,0.0,7.854167513684732e-06
1,identity,active,259,6497792,control_to_bounded,original,pure_cnn,0.7934702601011953,0.785989051576545,0.018275803560905208,4129531,0,0,0,0,1.0391728007380277e-05,1.0919200834345278e-05,1645,1747,6489959,0,177,0.0,2.7272899566853966e-05
1,identity,active,259,6497792,control_to_bounded,original,pure_transformer,0.8283192218260288,0.7976794536543849,0.04774461883049406,4744527,0,0,0,0,2.3511816410244664e-06,3.155473686477517e-06,411,550,6493009,0,174,0.0,2.6798053106040666e-05
1,identity,active,259,6497792,control_to_bounded,original,pure_mamba,0.8003611172528295,0.7951148781563019,0.018285704906459078,3911332,0,0,0,0,1.737409824225264e-05,1.7499761594693922e-05,2451,2473,6485566,0,206,0.0,3.176284074512541e-05
1,identity,active,259,6497792,control_to_bounded,registered_style,baseline_only,0.5072081405849865,0.5072081405849865,0.0,0,0,0,0,0,0.00019096029859841775,0.00019096029859841775,31439,31439,6466353,0,0,0.0,0.0
1,identity,active,259,6497792,control_to_bounded,registered_style,fused,0.6349830969324782,0.597122773978612,0.037883991329430704,6477757,0,0,0,0,2.563037653998173e-05,3.289597930054627e-05,4939,6547,6492590,0,1664,0.0,0.0002562921730773081
1,identity,active,259,6497792,control_to_bounded,registered_style,cnn,0.6299577870970681,0.6266774075722734,0.009003012014211395,4030384,0,0,0,0,3.280036329701849e-05,3.3122809698755146e-05,6325,6311,6490982,0,644,0.0,9.921457184752631e-05
1,identity,active,259,6497792,control_to_bounded,registered_style,transformer,0.642279774303712,0.6280535955392885,0.023108897443767883,4659828,0,0,3,3,2.288146816192337e-05,2.5490584669599517e-05,4182,4594,6493353,0,1166,0.0,0.00017956824463416667
1,identity,active,259,6497792,control_to_bounded,registered_style,mamba,0.6327117274145395,0.6301539667665128,0.009015068146174908,3884522,0,0,0,0,5.200659391014287e-05,5.310872242793733e-05,9500,9691,6487674,0,945,0.0,0.00014566083314297235
1,identity,active,259,6497792,control_to_bounded,registered_style,cnn_RGB_residual,0.7570761514341102,0.7505966798622423,0.026670735635119923,3752762,1283,1444,10990,10829,0.003513706239614583,0.0034625845611379103,213303,209648,6268379,0,16344,0.0,0.0026073726556738192
1,identity,active,259,6497792,control_to_bounded,registered_style,cnn_NI_residual,0.7018473443328938,0.6935952257857732,0.02678596682743425,3895417,1987,2439,15941,15489,0.005215895945346262,0.005140487879714751,315330,312366,6157452,0,25706,0.0,0.004174778788368955
1,identity,active,259,6497792,control_to_bounded,registered_style,cnn_TI_residual,0.7991989042329324,0.7942482161998708,0.025428473410614112,3656647,910,1379,9101,8632,0.003106400326058611,0.0030676416056000626,186599,185827,6293106,0,13385,0.0,0.002126930644422643
1,identity,active,259,6497792,control_to_bounded,registered_style,transformer_RGB_residual,0.7762772102999728,0.7414420370915041,0.06505891613025042,4425340,3712,3449,14520,14783,0.0036463970845170084,0.0038429259065102923,198056,213893,6287608,7,45242,1.1133009564209473e-06,0.007195423124342357
1,identity,active,259,6497792,control_to_bounded,registered_style,transformer_NI_residual,0.7362422261685094,0.6974654653910572,0.06840181014121688,4549540,6214,5729,23246,23731,0.005641944590508797,0.005892306765619058,300214,317050,6178074,0,64997,0.0,0.01052059266366832
1,identity,active,259,6497792,control_to_bounded,registered_style,transformer_TI_residual,0.8195348983776714,0.8077897522514723,0.06477373836117072,3642977,2513,2397,8842,8958,0.0024896164306913277,0.002563541235487907,140892,144842,6345826,0,28939,0.0,0.004560320437402475
1,identity,active,259,6497792,control_to_bounded,registered_style,mamba_RGB_residual,0.7706934435861984,0.7662215231319568,0.026211867910599474,3623729,1702,1634,13108,13176,0.003798007762266537,0.003786759642861994,220293,219115,6260961,0,17909,0.0,0.0028604235036761927
1,identity,active,259,6497792,control_to_bounded,registered_style,mamba_NI_residual,0.7012854342260019,0.6964882566709539,0.026767807703553505,3670174,2169,3052,20099,19216,0.006015331039421659,0.005859824529836446,348338,342510,6122990,0,25780,0.0,0.004210361277741757
1,identity,active,259,6497792,control_to_bounded,registered_style,mamba_TI_residual,0.802667173500445,0.7965897066576855,0.025904796058892544,3739458,1257,1381,10659,10535,0.0032445189779994094,0.0032408456803020027,189779,190274,6291472,0,15005,0.0,0.002384974454308944
1,identity,active,259,6497792,control_to_bounded,registered_style,pure_bank,0.7627580751419324,0.7493818623141116,0.020578740768424513,4764251,0,0,0,0,2.5809788806062355e-05,2.5916108346580867e-05,4313,4469,6493368,0,777,0.0,0.00011966055212025562
1,identity,active,259,6497792,control_to_bounded,registered_style,pure_cnn,0.7527074651684275,0.7461467056194938,0.01800602475558026,4030390,0,0,0,0,4.620106754988045e-05,4.784948775623158e-05,7521,7742,6489959,0,1354,0.0,0.00020862997747751565
1,identity,active,259,6497792,control_to_bounded,registered_style,pure_transformer,0.7773514397793064,0.7488990806046539,0.0462177975176561,4659828,2,0,5,7,3.073770261330948e-05,3.440270080526573e-05,4684,5291,6493009,0,2041,0.0,0.0003143380826978678
1,identity,active,259,6497792,control_to_bounded,registered_style,pure_mamba,0.7582153456564488,0.7530998236662997,0.01803013775443362,3884527,0,0,1,1,8.082706407068526e-05,8.13142787248223e-05,11850,12014,6485566,0,1785,0.0,0.0002752265569419847
1,identity,inactive,301,7551488,initial_to_control,original,baseline_only,0.5109172366658903,0.5109172366658903,0.0,0,0,0,3,3,0.00017894434311158195,0.00017894434311158195,33269,33269,7518219,0,0,0.0,0.0
1,identity,inactive,301,7551488,initial_to_control,original,fused,0.6516256365909302,0.6594557944917497,0.024968604621789226,2997576,0,0,0,0,3.0977939913234305e-05,1.1160105092332413e-05,6124,2393,7545364,0,215,0.0,2.8494317835428483e-05
1,identity,inactive,301,7551488,initial_to_control,original,cnn,0.6487795652870659,0.6526148060728253,0.028737766735348863,3435730,0,0,0,0,5.520215326411603e-05,1.5009850408263692e-05,10366,3334,7541122,0,401,0.0,5.3175111077635396e-05
1,identity,inactive,301,7551488,initial_to_control,original,transformer,0.6563620759019106,0.6690874614630772,0.03829924861534552,2968630,0,0,0,0,2.0652281222415633e-05,8.120684544611503e-06,3925,1730,7547563,0,480,0.0,6.359668677161091e-05
1,identity,inactive,301,7551488,initial_to_control,original,mamba,0.6497352695828912,0.6566651151443686,0.02859517542620991,3160171,0,0,0,0,6.911627384636412e-05,2.5662944076261214e-05,12270,5216,7539218,0,564,0.0,7.480881969456249e-05
1,identity,inactive,301,7551488,initial_to_control,original,cnn_RGB_residual,0.7991415998275363,0.8016058002220267,0.08633538656823156,3660725,2247,5307,10882,7822,0.0025598715456826267,0.001998085749864896,172682,140819,7378806,12,35369,1.626279373654762e-06,0.004793322930566273
1,identity,inactive,301,7551488,initial_to_control,original,cnn_NI_residual,0.7497046007453431,0.7479085707413552,0.08894911320403943,3815175,3290,7158,13782,9914,0.003671679714909133,0.0029113250462810534,254506,211509,7296982,48,58475,6.57806199878251e-06,0.008013586987058485
1,identity,inactive,301,7551488,initial_to_control,original,cnn_TI_residual,0.8110795868801258,0.8334228556103667,0.08585569158777585,3140842,1616,6051,11027,6592,0.0030135274836625998,0.002057996054201767,206504,148956,7344984,0,25261,0.0,0.0034392178390041423
1,identity,inactive,301,7551488,initial_to_control,original,transformer_RGB_residual,0.8047534304677982,0.8286341862369518,0.11985688530939471,3268994,3519,3769,7966,7716,0.0017316378762333772,0.0016209690287168933,116870,104347,7434618,368,43602,4.949817193028613e-05,0.005864726338326999
1,identity,inactive,301,7551488,initial_to_control,original,transformer_NI_residual,0.7771709980113203,0.7940338951776631,0.11880167720601582,3414961,6611,6191,12161,12581,0.0027351681670773876,0.0026449965941202514,178657,168769,7372831,491,69191,6.659585714090015e-05,0.009384590532456258
1,identity,inactive,301,7551488,initial_to_control,original,transformer_TI_residual,0.8234964159631492,0.8591050937664101,0.10991757267366227,2981611,2005,3873,6624,4756,0.0018047561259409977,0.0013503691171958968,125720,94629,7425768,38,25853,5.117315811643994e-06,0.0034815254125903205
1,identity,inactive,301,7551488,initial_to_control,original,mamba_RGB_residual,0.7931611163391663,0.8144191211678455,0.08441407925188289,3149955,2706,5337,11739,9108,0.002810583575751696,0.0022023261636567974,189185,148853,7362303,11,33880,1.4940977028519474e-06,0.004601820924783998
1,identity,inactive,301,7551488,initial_to_control,original,mamba_NI_residual,0.7518562451967119,0.7506222728731929,0.08876288796796297,3787177,3946,6352,14027,11621,0.003656872851791161,0.0031039955547219594,254055,220484,7297433,18,60816,2.4666207966554814e-06,0.008333889464966653
1,identity,inactive,301,7551488,initial_to_control,original,mamba_TI_residual,0.8206426507926059,0.8421977021655629,0.08234250309638119,3133723,1719,5698,10417,6438,0.0027779801139454683,0.001955233544647547,191105,141443,7360383,1,26961,1.3586249519895906e-07,0.003662988733059136
1,identity,inactive,301,7551488,initial_to_control,original,pure_bank,0.7923340618794869,0.807994375186254,0.04993720928225283,2997576,0,0,0,0,1.4282626763210154e-05,2.9141534715383647e-06,2675,610,7548813,0,133,0.0,1.7618664020422814e-05
1,identity,inactive,301,7551488,initial_to_control,original,pure_cnn,0.7866419276016072,0.7943124065494969,0.057475534899749214,3435731,0,5,5,0,5.533970579201363e-05,9.262728422223932e-06,9104,1679,7542384,0,402,0.0,5.3298797833682296e-05
1,identity,inactive,301,7551488,initial_to_control,original,pure_transformer,0.8018069487671633,0.8272577198846219,0.0765984999364036,2968630,0,0,0,0,1.0943545425334402e-05,2.7108196542542766e-06,1930,549,7549558,0,278,0.0,3.682334780393766e-05
1,identity,inactive,301,7551488,initial_to_control,original,pure_mamba,0.7885533354053038,0.8024130265594621,0.05719035282269605,3160171,0,30,33,3,8.261108626117836e-05,1.8245511671796555e-05,11151,3042,7540337,0,608,0.0,8.063300088576943e-05
1,identity,inactive,301,7551488,initial_to_control,registered_style,baseline_only,0.5109172366658903,0.5109172366658903,0.0,0,0,0,3,3,0.00017894434311158195,0.00017894434311158195,33269,33269,7518219,0,0,0.0,0.0
1,identity,inactive,301,7551488,initial_to_control,registered_style,fused,0.6516256365909302,0.6594557944917497,0.024968604621789226,2997576,0,0,0,0,3.0977939913234305e-05,1.1160105092332413e-05,6124,2393,7545364,0,215,0.0,2.8494317835428483e-05
1,identity,inactive,301,7551488,initial_to_control,registered_style,cnn,0.6487795652870659,0.6526148060728253,0.028737766735348863,3435730,0,0,0,0,5.520215326411603e-05,1.5009850408263692e-05,10366,3334,7541122,0,401,0.0,5.3175111077635396e-05
1,identity,inactive,301,7551488,initial_to_control,registered_style,transformer,0.6563620759019106,0.6690874614630772,0.03829924861534552,2968630,0,0,0,0,2.0652281222415633e-05,8.120684544611503e-06,3925,1730,7547563,0,480,0.0,6.359668677161091e-05
1,identity,inactive,301,7551488,initial_to_control,registered_style,mamba,0.6497352695828912,0.6566651151443686,0.02859517542620991,3160171,0,0,0,0,6.911627384636412e-05,2.5662944076261214e-05,12270,5216,7539218,0,564,0.0,7.480881969456249e-05
1,identity,inactive,301,7551488,initial_to_control,registered_style,cnn_RGB_residual,0.7991415998275363,0.8016058002220267,0.08633538656823156,3660725,2247,5307,10882,7822,0.0025598715456826267,0.001998085749864896,172682,140819,7378806,12,35369,1.626279373654762e-06,0.004793322930566273
1,identity,inactive,301,7551488,initial_to_control,registered_style,cnn_NI_residual,0.7497046007453431,0.7479085707413552,0.08894911320403943,3815175,3290,7158,13782,9914,0.003671679714909133,0.0029113250462810534,254506,211509,7296982,48,58475,6.57806199878251e-06,0.008013586987058485
1,identity,inactive,301,7551488,initial_to_control,registered_style,cnn_TI_residual,0.8110795868801258,0.8334228556103667,0.08585569158777585,3140842,1616,6051,11027,6592,0.0030135274836625998,0.002057996054201767,206504,148956,7344984,0,25261,0.0,0.0034392178390041423
1,identity,inactive,301,7551488,initial_to_control,registered_style,transformer_RGB_residual,0.8047534304677982,0.8286341862369518,0.11985688530939471,3268994,3519,3769,7966,7716,0.0017316378762333772,0.0016209690287168933,116870,104347,7434618,368,43602,4.949817193028613e-05,0.005864726338326999
1,identity,inactive,301,7551488,initial_to_control,registered_style,transformer_NI_residual,0.7771709980113203,0.7940338951776631,0.11880167720601582,3414961,6611,6191,12161,12581,0.0027351681670773876,0.0026449965941202514,178657,168769,7372831,491,69191,6.659585714090015e-05,0.009384590532456258
1,identity,inactive,301,7551488,initial_to_control,registered_style,transformer_TI_residual,0.8234964159631492,0.8591050937664101,0.10991757267366227,2981611,2005,3873,6624,4756,0.0018047561259409977,0.0013503691171958968,125720,94629,7425768,38,25853,5.117315811643994e-06,0.0034815254125903205
1,identity,inactive,301,7551488,initial_to_control,registered_style,mamba_RGB_residual,0.7931611163391663,0.8144191211678455,0.08441407925188289,3149955,2706,5337,11739,9108,0.002810583575751696,0.0022023261636567974,189185,148853,7362303,11,33880,1.4940977028519474e-06,0.004601820924783998
1,identity,inactive,301,7551488,initial_to_control,registered_style,mamba_NI_residual,0.7518562451967119,0.7506222728731929,0.08876288796796297,3787177,3946,6352,14027,11621,0.003656872851791161,0.0031039955547219594,254055,220484,7297433,18,60816,2.4666207966554814e-06,0.008333889464966653
1,identity,inactive,301,7551488,initial_to_control,registered_style,mamba_TI_residual,0.8206426507926059,0.8421977021655629,0.08234250309638119,3133723,1719,5698,10417,6438,0.0027779801139454683,0.001955233544647547,191105,141443,7360383,1,26961,1.3586249519895906e-07,0.003662988733059136
1,identity,inactive,301,7551488,initial_to_control,registered_style,pure_bank,0.7923340618794869,0.807994375186254,0.04993720928225283,2997576,0,0,0,0,1.4282626763210154e-05,2.9141534715383647e-06,2675,610,7548813,0,133,0.0,1.7618664020422814e-05
1,identity,inactive,301,7551488,initial_to_control,registered_style,pure_cnn,0.7866419276016072,0.7943124065494969,0.057475534899749214,3435731,0,5,5,0,5.533970579201363e-05,9.262728422223932e-06,9104,1679,7542384,0,402,0.0,5.3298797833682296e-05
1,identity,inactive,301,7551488,initial_to_control,registered_style,pure_transformer,0.8018069487671633,0.8272577198846219,0.0765984999364036,2968630,0,0,0,0,1.0943545425334402e-05,2.7108196542542766e-06,1930,549,7549558,0,278,0.0,3.682334780393766e-05
1,identity,inactive,301,7551488,initial_to_control,registered_style,pure_mamba,0.7885533354053038,0.8024130265594621,0.05719035282269605,3160171,0,30,33,3,8.261108626117836e-05,1.8245511671796555e-05,11151,3042,7540337,0,608,0.0,8.063300088576943e-05
1,identity,inactive,301,7551488,initial_to_bounded,original,baseline_only,0.5109172366658903,0.5109172366658903,0.0,0,0,0,3,3,0.00017894434311158195,0.00017894434311158195,33269,33269,7518219,0,0,0.0,0.0
1,identity,inactive,301,7551488,initial_to_bounded,original,fused,0.6516256365909302,0.6192843063281938,0.03661588006927624,6517204,0,0,0,0,3.0977939913234305e-05,1.4643485119941875e-05,6124,3266,7545364,0,500,0.0,6.626585543122903e-05
1,identity,inactive,301,7551488,initial_to_bounded,original,cnn,0.6487795652870659,0.6488614582378625,0.02796462395529641,3742250,0,0,0,0,5.520215326411603e-05,1.5504717365455862e-05,10366,3429,7541122,0,394,0.0,5.224686724336246e-05
1,identity,inactive,301,7551488,initial_to_bounded,original,transformer,0.6563620759019106,0.6543184507784603,0.03628899810909137,3924187,0,0,0,0,2.0652281222415633e-05,8.344292307341736e-06,3925,1768,7547563,0,530,0.0,7.022134164365372e-05
1,identity,inactive,301,7551488,initial_to_bounded,original,mamba,0.6497352695828912,0.6540037874934462,0.028090118408282065,3398402,0,0,0,0,6.911627384636412e-05,2.6429188418997107e-05,12270,5284,7539218,0,607,0.0,8.051232899751672e-05
1,identity,inactive,301,7551488,initial_to_bounded,original,cnn_RGB_residual,0.7991415998275363,0.7943278762607383,0.08365668908773916,3849705,2200,5345,10882,7737,0.0025598715456826267,0.0019782421547867514,172682,139702,7378806,8,34651,1.0841862491031747e-06,0.004696017214709264
1,identity,inactive,301,7551488,initial_to_bounded,original,cnn_NI_residual,0.7497046007453431,0.7380853877915818,0.08757378558521758,4073933,3131,7177,13782,9736,0.003671679714909133,0.002900740639129374,254506,211751,7296982,31,57908,4.248331707547038e-06,0.007935883629697866
1,identity,inactive,301,7551488,initial_to_bounded,original,cnn_TI_residual,0.8110795868801258,0.8280038764234948,0.08502160140766465,3296791,1409,6128,11027,6308,0.0030135274836625998,0.002027679137285006,206504,148022,7344984,1,24534,1.361473353788109e-07,0.0033402387261837465
1,identity,inactive,301,7551488,initial_to_bounded,original,transformer_RGB_residual,0.8047534304677982,0.7929192410730668,0.11445280040883202,4010313,3568,3670,7966,7864,0.0017316378762333772,0.0016762841020267502,116870,110261,7434618,365,46088,4.909465422433271e-05,0.0061991080106604
1,identity,inactive,301,7551488,initial_to_bounded,original,transformer_NI_residual,0.7771709980113203,0.7546052795835988,0.11535281952733709,4241640,6048,6110,12161,12099,0.0027351681670773876,0.0026858411957172016,178657,175382,7372831,354,70748,4.8014121034376076e-05,0.009595771285141353
1,identity,inactive,301,7551488,initial_to_bounded,original,transformer_TI_residual,0.8234964159631492,0.8456345875723071,0.11103071159208741,3303096,1991,3988,6624,4627,0.0018047561259409977,0.0013547023674695931,125720,96302,7425768,58,27975,7.81063992303557e-06,0.003767287100808967
1,identity,inactive,301,7551488,initial_to_bounded,original,mamba_RGB_residual,0.7931611163391663,0.8094988455145802,0.08290796421212214,3298645,2496,5299,11739,8936,0.002810583575751696,0.0021548147274281417,189185,146157,7362303,6,31754,8.149623833737894e-07,0.004313052586941885
1,identity,inactive,301,7551488,initial_to_bounded,original,mamba_NI_residual,0.7518562451967119,0.745299486389873,0.08905226304464423,3948564,3737,6606,14027,11158,0.003656872851791161,0.0030360048229310698,254055,217127,7297433,22,59080,3.0147587514678107e-06,0.008095997592578102
1,identity,inactive,301,7551488,initial_to_bounded,original,mamba_TI_residual,0.8206426507926059,0.8364728010961577,0.0808746712669087,3298212,1634,5781,10417,6270,0.0027779801139454683,0.0019496538851078058,191105,141958,7360383,1,26207,1.3586249519895906e-07,0.0035605484116791207
1,identity,inactive,301,7551488,initial_to_bounded,original,pure_bank,0.7923340618794869,0.7938719196019978,0.04767082405268916,3679201,0,0,0,0,1.4282626763210154e-05,3.1814386373243946e-06,2675,632,7548813,0,138,0.0,1.828101981066427e-05
1,identity,inactive,301,7551488,initial_to_bounded,original,pure_cnn,0.7866419276016072,0.7868057111821326,0.05592924963312594,3742249,0,4,5,1,5.533970579201363e-05,1.0171341332238051e-05,9104,1724,7542384,0,397,0.0,5.26358774626166e-05
1,identity,inactive,301,7551488,initial_to_bounded,original,pure_transformer,0.8018069487671633,0.7977196978116291,0.07257799851570787,3924192,0,0,0,0,1.0943545425334402e-05,2.6566883915535664e-06,1930,575,7549558,0,260,0.0,3.443910226267551e-05
1,identity,inactive,301,7551488,initial_to_bounded,original,pure_mamba,0.7885533354053038,0.7970903721566748,0.05618023920268745,3398405,0,29,33,4,8.261108626117836e-05,1.92631165074541e-05,11151,3134,7540337,0,681,0.0,9.031426579475161e-05
1,identity,inactive,301,7551488,initial_to_bounded,registered_style,baseline_only,0.5109172366658903,0.5109172366658903,0.0,0,0,0,3,3,0.00017894434311158195,0.00017894434311158195,33269,33269,7518219,0,0,0.0,0.0
1,identity,inactive,301,7551488,initial_to_bounded,registered_style,fused,0.6516256365909302,0.6192843063281938,0.03661588006927624,6517204,0,0,0,0,3.0977939913234305e-05,1.4643485119941875e-05,6124,3266,7545364,0,500,0.0,6.626585543122903e-05
1,identity,inactive,301,7551488,initial_to_bounded,registered_style,cnn,0.6487795652870659,0.6488614582378625,0.02796462395529641,3742250,0,0,0,0,5.520215326411603e-05,1.5504717365455862e-05,10366,3429,7541122,0,394,0.0,5.224686724336246e-05
1,identity,inactive,301,7551488,initial_to_bounded,registered_style,transformer,0.6563620759019106,0.6543184507784603,0.03628899810909137,3924187,0,0,0,0,2.0652281222415633e-05,8.344292307341736e-06,3925,1768,7547563,0,530,0.0,7.022134164365372e-05
1,identity,inactive,301,7551488,initial_to_bounded,registered_style,mamba,0.6497352695828912,0.6540037874934462,0.028090118408282065,3398402,0,0,0,0,6.911627384636412e-05,2.6429188418997107e-05,12270,5284,7539218,0,607,0.0,8.051232899751672e-05
1,identity,inactive,301,7551488,initial_to_bounded,registered_style,cnn_RGB_residual,0.7991415998275363,0.7943278762607383,0.08365668908773916,3849705,2200,5345,10882,7737,0.0025598715456826267,0.0019782421547867514,172682,139702,7378806,8,34651,1.0841862491031747e-06,0.004696017214709264
1,identity,inactive,301,7551488,initial_to_bounded,registered_style,cnn_NI_residual,0.7497046007453431,0.7380853877915818,0.08757378558521758,4073933,3131,7177,13782,9736,0.003671679714909133,0.002900740639129374,254506,211751,7296982,31,57908,4.248331707547038e-06,0.007935883629697866
1,identity,inactive,301,7551488,initial_to_bounded,registered_style,cnn_TI_residual,0.8110795868801258,0.8280038764234948,0.08502160140766465,3296791,1409,6128,11027,6308,0.0030135274836625998,0.002027679137285006,206504,148022,7344984,1,24534,1.361473353788109e-07,0.0033402387261837465
1,identity,inactive,301,7551488,initial_to_bounded,registered_style,transformer_RGB_residual,0.8047534304677982,0.7929192410730668,0.11445280040883202,4010313,3568,3670,7966,7864,0.0017316378762333772,0.0016762841020267502,116870,110261,7434618,365,46088,4.909465422433271e-05,0.0061991080106604
1,identity,inactive,301,7551488,initial_to_bounded,registered_style,transformer_NI_residual,0.7771709980113203,0.7546052795835988,0.11535281952733709,4241640,6048,6110,12161,12099,0.0027351681670773876,0.0026858411957172016,178657,175382,7372831,354,70748,4.8014121034376076e-05,0.009595771285141353
1,identity,inactive,301,7551488,initial_to_bounded,registered_style,transformer_TI_residual,0.8234964159631492,0.8456345875723071,0.11103071159208741,3303096,1991,3988,6624,4627,0.0018047561259409977,0.0013547023674695931,125720,96302,7425768,58,27975,7.81063992303557e-06,0.003767287100808967
1,identity,inactive,301,7551488,initial_to_bounded,registered_style,mamba_RGB_residual,0.7931611163391663,0.8094988455145802,0.08290796421212214,3298645,2496,5299,11739,8936,0.002810583575751696,0.0021548147274281417,189185,146157,7362303,6,31754,8.149623833737894e-07,0.004313052586941885
1,identity,inactive,301,7551488,initial_to_bounded,registered_style,mamba_NI_residual,0.7518562451967119,0.745299486389873,0.08905226304464423,3948564,3737,6606,14027,11158,0.003656872851791161,0.0030360048229310698,254055,217127,7297433,22,59080,3.0147587514678107e-06,0.008095997592578102
1,identity,inactive,301,7551488,initial_to_bounded,registered_style,mamba_TI_residual,0.8206426507926059,0.8364728010961577,0.0808746712669087,3298212,1634,5781,10417,6270,0.0027779801139454683,0.0019496538851078058,191105,141958,7360383,1,26207,1.3586249519895906e-07,0.0035605484116791207
1,identity,inactive,301,7551488,initial_to_bounded,registered_style,pure_bank,0.7923340618794869,0.7938719196019978,0.04767082405268916,3679201,0,0,0,0,1.4282626763210154e-05,3.1814386373243946e-06,2675,632,7548813,0,138,0.0,1.828101981066427e-05
1,identity,inactive,301,7551488,initial_to_bounded,registered_style,pure_cnn,0.7866419276016072,0.7868057111821326,0.05592924963312594,3742249,0,4,5,1,5.533970579201363e-05,1.0171341332238051e-05,9104,1724,7542384,0,397,0.0,5.26358774626166e-05
1,identity,inactive,301,7551488,initial_to_bounded,registered_style,pure_transformer,0.8018069487671633,0.7977196978116291,0.07257799851570787,3924192,0,0,0,0,1.0943545425334402e-05,2.6566883915535664e-06,1930,575,7549558,0,260,0.0,3.443910226267551e-05
1,identity,inactive,301,7551488,initial_to_bounded,registered_style,pure_mamba,0.7885533354053038,0.7970903721566748,0.05618023920268745,3398405,0,29,33,4,8.261108626117836e-05,1.92631165074541e-05,11151,3134,7540337,0,681,0.0,9.031426579475161e-05
1,identity,inactive,301,7551488,control_to_bounded,original,baseline_only,0.5109172366658903,0.5109172366658903,0.0,0,0,0,3,3,0.00017894434311158195,0.00017894434311158195,33269,33269,7518219,0,0,0.0,0.0
1,identity,inactive,301,7551488,control_to_bounded,original,fused,0.6594557944917497,0.6192843063281938,0.04018191368174061,7539447,0,0,0,0,1.1160105092332413e-05,1.4643485119941875e-05,2393,3266,7549095,0,933,0.0,0.0001235909734875505
1,identity,inactive,301,7551488,control_to_bounded,original,cnn,0.6526148060728253,0.6488614582378625,0.0089530598443107,4818526,0,0,0,0,1.5009850408263692e-05,1.5504717365455862e-05,3334,3429,7548154,0,420,0.0,5.564274390798068e-05
1,identity,inactive,301,7551488,control_to_bounded,original,transformer,0.6690874614630772,0.6543184507784603,0.02369106168043977,5465985,0,0,0,0,8.120684544611503e-06,8.344292307341736e-06,1730,1768,7549758,0,427,0.0,5.655810424652022e-05
1,identity,inactive,301,7551488,control_to_bounded,original,mamba,0.6566651151443686,0.6540037874934462,0.00915046700110136,4538768,0,0,0,0,2.5662944076261214e-05,2.6429188418997107e-05,5216,5284,7546272,0,539,0.0,7.142599683658368e-05
1,identity,inactive,301,7551488,control_to_bounded,original,cnn_RGB_residual,0.8016058002220267,0.7943278762607383,0.025858607014615665,4446899,772,857,7822,7737,0.001998085749864896,0.0019782421547867514,140819,139702,7410669,0,12636,0.0,0.0017051092148360695
1,identity,inactive,301,7551488,control_to_bounded,original,cnn_NI_residual,0.7479085707413552,0.7380853877915818,0.02646935662435087,4681966,1210,1388,9914,9736,0.0029113250462810534,0.002900740639129374,211509,211751,7339979,0,21558,0.0,0.0029370656237572342
1,identity,inactive,301,7551488,control_to_bounded,original,cnn_TI_residual,0.8334228556103667,0.8280038764234948,0.025011551774992556,4339445,691,975,6592,6308,0.002057996054201767,0.002027679137285006,148956,148022,7402532,0,12443,0.0,0.001680911342227227
1,identity,inactive,301,7551488,control_to_bounded,original,transformer_RGB_residual,0.8286341862369518,0.7929192410730668,0.06582079981009618,5198532,1728,1580,7716,7864,0.0016209690287168933,0.0016762841020267502,104347,110261,7447141,0,24122,0.0,0.003239095379018606
1,identity,inactive,301,7551488,control_to_bounded,original,transformer_NI_residual,0.7940338951776631,0.7546052795835988,0.06885240067005215,5308302,2469,2951,12581,12099,0.0026449965941202514,0.0026858411957172016,168769,175382,7382719,2,37397,2.7090290176288707e-07,0.005065477908613344
1,identity,inactive,301,7551488,control_to_bounded,original,transformer_TI_residual,0.8591050937664101,0.8456345875723071,0.06438719881403455,4319231,1321,1450,4756,4627,0.0013503691171958968,0.0013547023674695931,94629,96302,7456859,0,20604,0.0,0.0027630936832787104
1,identity,inactive,301,7551488,control_to_bounded,original,mamba_RGB_residual,0.8144191211678455,0.8094988455145802,0.026147974524577032,4256232,905,1077,9108,8936,0.0022023261636567974,0.0021548147274281417,148853,146157,7402635,0,12219,0.0,0.001650628458650197
1,identity,inactive,301,7551488,control_to_bounded,original,mamba_NI_residual,0.7506222728731929,0.745299486389873,0.02663041870480157,4334978,1156,1619,11621,11158,0.0031039955547219594,0.0030360048229310698,220484,217127,7331004,0,19713,0.0,0.002688990484795807
1,identity,inactive,301,7551488,control_to_bounded,original,mamba_TI_residual,0.8421977021655629,0.8364728010961577,0.025264092969931658,4324172,737,905,6438,6270,0.001955233544647547,0.0019496538851078058,141443,141958,7410045,0,12841,0.0,0.001732917951240512
1,identity,inactive,301,7551488,control_to_bounded,original,pure_bank,0.807994375186254,0.7938719196019978,0.021037427897377274,5623529,0,0,0,0,2.9141534715383647e-06,3.1814386373243946e-06,610,632,7550878,0,115,0.0,1.5230016959617147e-05
1,identity,inactive,301,7551488,control_to_bounded,original,pure_cnn,0.7943124065494969,0.7868057111821326,0.017906119537417973,4818527,1,0,0,1,9.262728422223932e-06,1.0171341332238051e-05,1679,1724,7549809,0,313,0.0,4.145800244747914e-05
1,identity,inactive,301,7551488,control_to_bounded,original,pure_transformer,0.8272577198846219,0.7977196978116291,0.04738212513064017,5465986,0,0,0,0,2.7108196542542766e-06,2.6566883915535664e-06,549,575,7550939,0,218,0.0,2.8870581526350565e-05
1,identity,inactive,301,7551488,control_to_bounded,original,pure_mamba,0.8024130265594621,0.7970903721566748,0.018300934573877718,4538766,1,0,3,4,1.8245511671796555e-05,1.92631165074541e-05,3042,3134,7548446,0,494,0.0,6.544393375802118e-05
1,identity,inactive,301,7551488,control_to_bounded,registered_style,baseline_only,0.5109172366658903,0.5109172366658903,0.0,0,0,0,3,3,0.00017894434311158195,0.00017894434311158195,33269,33269,7518219,0,0,0.0,0.0
1,identity,inactive,301,7551488,control_to_bounded,registered_style,fused,0.6594557944917497,0.6192843063281938,0.04018191368174061,7539447,0,0,0,0,1.1160105092332413e-05,1.4643485119941875e-05,2393,3266,7549095,0,933,0.0,0.0001235909734875505
1,identity,inactive,301,7551488,control_to_bounded,registered_style,cnn,0.6526148060728253,0.6488614582378625,0.0089530598443107,4818526,0,0,0,0,1.5009850408263692e-05,1.5504717365455862e-05,3334,3429,7548154,0,420,0.0,5.564274390798068e-05
1,identity,inactive,301,7551488,control_to_bounded,registered_style,transformer,0.6690874614630772,0.6543184507784603,0.02369106168043977,5465985,0,0,0,0,8.120684544611503e-06,8.344292307341736e-06,1730,1768,7549758,0,427,0.0,5.655810424652022e-05
1,identity,inactive,301,7551488,control_to_bounded,registered_style,mamba,0.6566651151443686,0.6540037874934462,0.00915046700110136,4538768,0,0,0,0,2.5662944076261214e-05,2.6429188418997107e-05,5216,5284,7546272,0,539,0.0,7.142599683658368e-05
1,identity,inactive,301,7551488,control_to_bounded,registered_style,cnn_RGB_residual,0.8016058002220267,0.7943278762607383,0.025858607014615665,4446899,772,857,7822,7737,0.001998085749864896,0.0019782421547867514,140819,139702,7410669,0,12636,0.0,0.0017051092148360695
1,identity,inactive,301,7551488,control_to_bounded,registered_style,cnn_NI_residual,0.7479085707413552,0.7380853877915818,0.02646935662435087,4681966,1210,1388,9914,9736,0.0029113250462810534,0.002900740639129374,211509,211751,7339979,0,21558,0.0,0.0029370656237572342
1,identity,inactive,301,7551488,control_to_bounded,registered_style,cnn_TI_residual,0.8334228556103667,0.8280038764234948,0.025011551774992556,4339445,691,975,6592,6308,0.002057996054201767,0.002027679137285006,148956,148022,7402532,0,12443,0.0,0.001680911342227227
1,identity,inactive,301,7551488,control_to_bounded,registered_style,transformer_RGB_residual,0.8286341862369518,0.7929192410730668,0.06582079981009618,5198532,1728,1580,7716,7864,0.0016209690287168933,0.0016762841020267502,104347,110261,7447141,0,24122,0.0,0.003239095379018606
1,identity,inactive,301,7551488,control_to_bounded,registered_style,transformer_NI_residual,0.7940338951776631,0.7546052795835988,0.06885240067005215,5308302,2469,2951,12581,12099,0.0026449965941202514,0.0026858411957172016,168769,175382,7382719,2,37397,2.7090290176288707e-07,0.005065477908613344
1,identity,inactive,301,7551488,control_to_bounded,registered_style,transformer_TI_residual,0.8591050937664101,0.8456345875723071,0.06438719881403455,4319231,1321,1450,4756,4627,0.0013503691171958968,0.0013547023674695931,94629,96302,7456859,0,20604,0.0,0.0027630936832787104
1,identity,inactive,301,7551488,control_to_bounded,registered_style,mamba_RGB_residual,0.8144191211678455,0.8094988455145802,0.026147974524577032,4256232,905,1077,9108,8936,0.0022023261636567974,0.0021548147274281417,148853,146157,7402635,0,12219,0.0,0.001650628458650197
1,identity,inactive,301,7551488,control_to_bounded,registered_style,mamba_NI_residual,0.7506222728731929,0.745299486389873,0.02663041870480157,4334978,1156,1619,11621,11158,0.0031039955547219594,0.0030360048229310698,220484,217127,7331004,0,19713,0.0,0.002688990484795807
1,identity,inactive,301,7551488,control_to_bounded,registered_style,mamba_TI_residual,0.8421977021655629,0.8364728010961577,0.025264092969931658,4324172,737,905,6438,6270,0.001955233544647547,0.0019496538851078058,141443,141958,7410045,0,12841,0.0,0.001732917951240512
1,identity,inactive,301,7551488,control_to_bounded,registered_style,pure_bank,0.807994375186254,0.7938719196019978,0.021037427897377274,5623529,0,0,0,0,2.9141534715383647e-06,3.1814386373243946e-06,610,632,7550878,0,115,0.0,1.5230016959617147e-05
1,identity,inactive,301,7551488,control_to_bounded,registered_style,pure_cnn,0.7943124065494969,0.7868057111821326,0.017906119537417973,4818527,1,0,0,1,9.262728422223932e-06,1.0171341332238051e-05,1679,1724,7549809,0,313,0.0,4.145800244747914e-05
1,identity,inactive,301,7551488,control_to_bounded,registered_style,pure_transformer,0.8272577198846219,0.7977196978116291,0.04738212513064017,5465986,0,0,0,0,2.7108196542542766e-06,2.6566883915535664e-06,549,575,7550939,0,218,0.0,2.8870581526350565e-05
1,identity,inactive,301,7551488,control_to_bounded,registered_style,pure_mamba,0.8024130265594621,0.7970903721566748,0.018300934573877718,4538766,1,0,3,4,1.8245511671796555e-05,1.92631165074541e-05,3042,3134,7548446,0,494,0.0,6.544393375802118e-05
2,cross_camera,active,265,467264,initial_to_control,original,baseline_only,0.48616281921510257,0.48616281921510257,0.0,0,0,0,0,0,0.0005188856857412945,0.0005188856857412945,5806,5806,461458,0,0,0.0,0.0
2,cross_camera,active,265,467264,initial_to_control,original,fused,0.616895448193317,0.6227175084098742,0.022624342162038076,194788,0,0,0,0,9.989463329255218e-05,2.8763216485998025e-05,1149,372,460324,0,3,0.0,6.517148790851661e-06
2,cross_camera,active,265,467264,initial_to_control,original,cnn,0.6183214368594824,0.6197440932980502,0.027536895526978626,226657,0,0,0,0,0.00017481339362150508,5.6120150064072494e-05,1857,669,460163,0,15,0.0,3.259714492473319e-05
2,cross_camera,active,265,467264,initial_to_control,original,transformer,0.6183125287678529,0.6280348949249526,0.0348309473350243,191132,0,0,0,0,7.202813753374939e-05,1.8296733124224677e-05,843,253,458574,0,12,0.0,2.6168077562181894e-05
2,cross_camera,active,265,467264,initial_to_control,original,mamba,0.6140523876374604,0.6203735397634192,0.025281114599915503,195192,0,0,0,0,0.0001633005411525739,5.821365851326128e-05,1838,721,459007,0,15,0.0,3.267924018587952e-05
2,cross_camera,active,265,467264,initial_to_control,original,cnn_RGB_residual,0.7641255980239093,0.7532568042769078,0.08867548651102872,250062,216,437,699,478,0.0036038769136412293,0.0030909252079770774,16082,14537,414368,0,2118,0.0,0.005111398563595645
2,cross_camera,active,265,467264,initial_to_control,original,cnn_NI_residual,0.7140764296389329,0.6944695220053948,0.08763479548081518,266813,513,955,1536,1094,0.006974627032728839,0.005911613190177606,28953,26076,389104,7,3182,1.7990048932933096e-05,0.008177762243513303
2,cross_camera,active,265,467264,initial_to_control,original,cnn_TI_residual,0.773238229821392,0.8122498712850135,0.08749012952336079,166247,135,747,1058,446,0.004846151827020098,0.0027185402317477236,20007,12440,430467,0,1076,0.0,0.002499610887710324
2,cross_camera,active,265,467264,initial_to_control,original,transformer_RGB_residual,0.7708835747202841,0.7795870506398096,0.10937021334901326,224527,172,274,513,411,0.001982217781021834,0.001922380532374433,8765,8549,408204,3,1668,7.349266543198989e-06,0.004086192198018638
2,cross_camera,active,265,467264,initial_to_control,original,transformer_NI_residual,0.7113684281487203,0.706172469467923,0.1109338897964581,239352,556,722,1156,990,0.004783443728534436,0.004475292257538239,20657,18999,376620,15,3424,3.982794328500876e-05,0.009091391853858
2,cross_camera,active,265,467264,initial_to_control,original,transformer_TI_residual,0.769134799509652,0.8239614997084873,0.11052074225863233,160168,75,543,738,270,0.003464480593265988,0.0017857275783120013,14810,8247,429296,0,976,0.0,0.0022734896202154225
2,cross_camera,active,265,467264,initial_to_control,original,mamba_RGB_residual,0.7546161250295423,0.7664727106198866,0.07983832101362123,212636,218,400,744,562,0.003549342758773586,0.002902489455255423,16021,13211,411415,1,1686,2.4306357327759077e-06,0.00409805184546018
2,cross_camera,active,265,467264,initial_to_control,original,mamba_NI_residual,0.7021756301797379,0.6895356429192238,0.07976407827929793,256127,582,985,1822,1419,0.007688001367158029,0.006727896580061384,31371,28192,379989,0,3096,0.0,0.008147604272755264
2,cross_camera,active,265,467264,initial_to_control,original,mamba_TI_residual,0.7690342196968809,0.8077445321293493,0.07589944667041157,157476,134,641,1094,587,0.0048314420974178715,0.003050037153015133,19760,12912,429619,0,719,0.0,0.0016735758893345035
2,cross_camera,active,265,467264,initial_to_control,original,pure_bank,0.7476281070518028,0.7592722197590277,0.04524867991566334,194789,0,0,0,0,4.8427187099905436e-05,4.81918966694042e-06,515,67,453101,0,0,0.0,0.0
2,cross_camera,active,265,467264,initial_to_control,original,pure_cnn,0.7504800823264578,0.753325397305721,0.05507379309056976,226657,0,0,0,0,0.00015908023001500775,3.3645695880945404e-05,1380,332,453479,0,19,0.0,4.189830179567301e-05
2,cross_camera,active,265,467264,initial_to_control,original,pure_transformer,0.7504622674067201,0.7699070008583779,0.06966189572514354,191132,0,0,0,0,3.3984856542406804e-05,1.5223224420077744e-06,364,33,445739,0,5,0.0,1.121732673156264e-05
2,cross_camera,active,265,467264,initial_to_control,original,pure_mamba,0.7419419855527548,0.7545842900516351,0.050562230971227584,195192,0,0,0,0,0.0001350772929932758,2.8369987849676184e-05,1289,310,449985,0,15,0.0,3.333444448148272e-05
2,cross_camera,active,265,467264,initial_to_control,registered_style,baseline_only,0.48616281921510257,0.48616281921510257,0.0,0,0,0,0,0,0.0005188856857412945,0.0005188856857412945,5806,5806,461458,0,0,0.0,0.0
2,cross_camera,active,265,467264,initial_to_control,registered_style,fused,0.5702039792206091,0.598959920399759,0.037458703937461764,104275,0,0,0,0,0.000682049349940773,6.454544927651371e-05,6839,972,460324,0,21,0.0,4.562004153596163e-05
2,cross_camera,active,265,467264,initial_to_control,registered_style,cnn,0.5769136026802089,0.5982752141210834,0.03684713637939982,144758,0,3,3,0,0.0007351641020420246,9.869060769231537e-05,6915,1260,460163,0,52,0.0,0.00011300343573907507
2,cross_camera,active,265,467264,initial_to_control,registered_style,transformer,0.5628491081944981,0.6000659494165723,0.05104726832306713,112510,0,2,2,0,0.0008792791481720001,5.899674812918908e-05,8604,952,458574,0,96,0.0,0.00020934462049745515
2,cross_camera,active,265,467264,initial_to_control,registered_style,mamba,0.570849224264038,0.59853860570508,0.038623801547913644,117037,0,0,0,0,0.0008354198072724328,0.00012364078132281987,8107,1675,459007,0,66,0.0,0.00014378865681786987
2,cross_camera,active,265,467264,initial_to_control,registered_style,cnn_RGB_residual,0.6655230841365997,0.703875860745716,0.110447346461195,185903,315,5015,6135,1435,0.01587129562317909,0.006818642213502569,50686,28551,414368,1,4212,2.4133137694030425e-06,0.010164877596725616
2,cross_camera,active,265,467264,initial_to_control,registered_style,cnn_NI_residual,0.6109700819919528,0.646700326760802,0.11130098662008933,191420,730,7942,10282,3070,0.024510490539904277,0.011605080340034598,74278,44774,389104,12,5598,3.0840083885028165e-05,0.014386899132365641
2,cross_camera,active,265,467264,initial_to_control,registered_style,cnn_TI_residual,0.7265000777491918,0.7805867186456226,0.09809275180472071,149987,168,2254,2978,892,0.009553665310817248,0.004377634476240856,34632,18221,430467,0,1569,0.0,0.003644878701503251
2,cross_camera,active,265,467264,initial_to_control,registered_style,transformer_RGB_residual,0.6387647664303975,0.7083345905851322,0.1404854019663354,161379,589,6004,7584,2169,0.01865803640350292,0.006920437485142684,57835,25384,408204,20,4263,4.899511028799326e-05,0.010443307757885763
2,cross_camera,active,265,467264,initial_to_control,registered_style,transformer_NI_residual,0.5757367877840798,0.645016696536926,0.1495042918048872,169179,1172,13016,15324,3480,0.03232664192970697,0.011057174016452329,87529,39950,376620,36,6671,9.558706388402103e-05,0.017712813976952898
2,cross_camera,active,265,467264,initial_to_control,registered_style,transformer_TI_residual,0.704104714878388,0.7885560472397413,0.1328864991249997,136105,162,2524,3178,816,0.010184897924132276,0.0033279835008850358,36009,13723,429296,0,1563,0.0,0.0036408445454884277
2,cross_camera,active,265,467264,initial_to_control,registered_style,mamba_RGB_residual,0.6547946401666548,0.7166779651436341,0.1132311832153173,152853,341,5372,6811,1780,0.016928658632674964,0.00688755578729362,53544,27349,411415,3,3301,7.291907198327723e-06,0.00802352855389327
2,cross_camera,active,265,467264,initial_to_control,registered_style,mamba_NI_residual,0.5946923651728132,0.6405811944193991,0.11373539642189096,180354,932,9898,13059,4093,0.02914555398796398,0.013579252214068863,83296,49306,379989,2,5279,5.2633102537178705e-06,0.01389250741468832
2,cross_camera,active,265,467264,initial_to_control,registered_style,mamba_TI_residual,0.7171199715826937,0.7754841179318168,0.09078006050011499,134297,253,1844,2943,1352,0.009704647408068406,0.005094148296617476,35424,19700,429619,0,1124,0.0,0.00261627162672042
2,cross_camera,active,265,467264,initial_to_control,registered_style,pure_bank,0.6542451571183954,0.7117570458664076,0.0749174123914548,104275,0,69,69,0,0.001974242308559416,7.092267282589581e-05,14095,878,453101,0,62,0.0,0.00013683483373464194
2,cross_camera,active,265,467264,initial_to_control,registered_style,pure_cnn,0.6676644139745471,0.7103876340517958,0.07369427338233736,144758,0,120,121,1,0.0020472492461331257,0.00014175110688952196,13616,1425,453479,0,112,0.0,0.0002469794632165988
2,cross_camera,active,265,467264,initial_to_control,registered_style,pure_transformer,0.6395354230387706,0.7139691062639387,0.10209453891472248,112510,0,140,140,0,0.003301589244354393,0.00012326911277056674,21458,1260,445739,0,164,0.0,0.00036792831679525464
2,cross_camera,active,265,467264,initial_to_control,registered_style,pure_mamba,0.6555356546935505,0.7109144210222252,0.07724760613081236,117037,0,119,120,1,0.0025497953318505276,0.00017276384726198278,17120,1864,449985,0,127,0.0,0.00028223162994322034
2,cross_camera,active,265,467264,initial_to_bounded,original,baseline_only,0.48616281921510257,0.48616281921510257,0.0,0,0,0,0,0,0.0005188856857412945,0.0005188856857412945,5806,5806,461458,0,0,0.0,0.0
2,cross_camera,active,265,467264,initial_to_bounded,original,fused,0.616895448193317,0.5916483884900352,0.030944950313753678,381062,0,0,0,0,9.989463329255218e-05,3.9853330833961015e-05,1149,522,460324,0,6,0.0,1.3034297581703322e-05
2,cross_camera,active,265,467264,initial_to_bounded,original,cnn,0.6183214368594824,0.6150289204696938,0.027806424701498807,251464,0,0,0,0,0.00017481339362150508,5.697860835585078e-05,1857,715,460163,0,10,0.0,2.173142994982213e-05
2,cross_camera,active,265,467264,initial_to_bounded,original,transformer,0.6183125287678529,0.6152423024155564,0.03314086395259407,248422,0,0,0,0,7.202813753374939e-05,2.3971413854304103e-05,843,312,458574,0,22,0.0,4.797480886400014e-05
2,cross_camera,active,265,467264,initial_to_bounded,original,mamba,0.6140523876374604,0.6167225813425423,0.025280239918978487,216768,0,0,0,0,0.0001633005411525739,6.712565385127102e-05,1838,783,459007,0,28,0.0,6.10012483469751e-05
2,cross_camera,active,265,467264,initial_to_bounded,original,cnn_RGB_residual,0.7641255980239093,0.7415681289243478,0.08960420480966942,269633,228,438,699,489,0.0036038769136412293,0.0030653610984427023,16082,14556,414368,0,2092,0.0,0.0050486524055911655
2,cross_camera,active,265,467264,initial_to_bounded,original,cnn_NI_residual,0.7140764296389329,0.6856038650519322,0.08864071296417342,280731,551,919,1536,1168,0.006974627032728839,0.006116635978175226,28953,26670,389104,5,3304,1.285003495209507e-05,0.008491303096344422
2,cross_camera,active,265,467264,initial_to_bounded,original,cnn_TI_residual,0.773238229821392,0.8045131569614254,0.08441683185779646,180644,105,762,1058,401,0.004846151827020098,0.0026741916749733028,20007,12458,430467,0,978,0.0,0.0022719511600192348
2,cross_camera,active,265,467264,initial_to_bounded,original,transformer_RGB_residual,0.7708835747202841,0.7536479297938534,0.1054488979915672,257968,132,287,513,358,0.001982217781021834,0.0017524043339490014,8765,8302,408204,1,1506,2.4497555143996628e-06,0.0036893318046858923
2,cross_camera,active,265,467264,initial_to_bounded,original,transformer_NI_residual,0.7113684281487203,0.680246702891212,0.10709405287799076,277309,529,724,1156,961,0.004783443728534436,0.004433845458259588,20657,19330,376620,8,3534,2.1241569752004672e-05,0.009383463437948065
2,cross_camera,active,265,467264,initial_to_bounded,original,transformer_TI_residual,0.769134799509652,0.7990708318458837,0.10973315948488896,200886,67,556,738,249,0.003464480593265988,0.001662274447560712,14810,8024,429296,0,1028,0.0,0.002394618165554769
2,cross_camera,active,265,467264,initial_to_bounded,original,mamba_RGB_residual,0.7546161250295423,0.758555895974274,0.08048800217779986,228957,220,400,744,564,0.003549342758773586,0.003070405702061415,16021,14097,411415,1,1963,2.4306357327759077e-06,0.004771337943439107
2,cross_camera,active,265,467264,initial_to_bounded,original,mamba_NI_residual,0.7021756301797379,0.6801448362290003,0.08212657014853235,272956,594,974,1822,1442,0.007688001367158029,0.006877878132003907,31371,28762,379989,0,3300,0.0,0.008684461918634487
2,cross_camera,active,265,467264,initial_to_bounded,original,mamba_TI_residual,0.7690342196968809,0.8031464053325498,0.07343347286043703,165978,161,638,1094,617,0.0048314420974178715,0.0031320983055099024,19760,13276,429619,0,810,0.0,0.0018853914747718327
2,cross_camera,active,265,467264,initial_to_bounded,original,pure_bank,0.7476281070518028,0.7451664050533254,0.044228672734622713,241633,0,0,0,0,4.8427187099905436e-05,6.74883833713967e-06,515,97,453101,0,4,0.0,8.828053789331739e-06
2,cross_camera,active,265,467264,initial_to_bounded,original,pure_cnn,0.7504800823264578,0.7438950494688037,0.05561285141999726,251463,0,0,0,0,0.00015908023001500775,3.508019579263705e-05,1380,364,453479,0,24,0.0,5.2924170689271165e-05
2,cross_camera,active,265,467264,initial_to_bounded,original,pure_transformer,0.7504622674067201,0.7443218188900727,0.0662817264998643,248422,0,0,0,0,3.3984856542406804e-05,3.7070724015601194e-06,364,59,445739,0,13,0.0,2.9165049502062866e-05
2,cross_camera,active,265,467264,initial_to_bounded,original,pure_mamba,0.7419419855527548,0.7472823721193401,0.050560483975773444,216768,0,0,0,0,0.0001350772929932758,3.607382608932391e-05,1289,361,449985,0,27,0.0,6.000200006666889e-05
2,cross_camera,active,265,467264,initial_to_bounded,registered_style,baseline_only,0.48616281921510257,0.48616281921510257,0.0,0,0,0,0,0,0.0005188856857412945,0.0005188856857412945,5806,5806,461458,0,0,0.0,0.0
2,cross_camera,active,265,467264,initial_to_bounded,registered_style,fused,0.5702039792206091,0.5689696435822166,0.030395769014511693,251786,0,0,0,0,0.000682049349940773,9.131146790710388e-05,6839,1371,460324,0,48,0.0,0.00010427438065362658
2,cross_camera,active,265,467264,initial_to_bounded,registered_style,cnn,0.5769136026802089,0.5936048438272026,0.035368145454964625,164949,0,3,3,0,0.0007351641020420246,0.00010657667700819674,6915,1334,460163,0,51,0.0,0.00011083029274409285
2,cross_camera,active,265,467264,initial_to_bounded,registered_style,transformer,0.5628491081944981,0.5870464546238422,0.044775677593649706,154764,0,2,2,0,0.0008792791481720001,6.849404614632743e-05,8604,1061,458574,0,90,0.0,0.0001962605817163642
2,cross_camera,active,265,467264,initial_to_bounded,registered_style,mamba,0.570849224264038,0.5950623795519283,0.03742686091998613,131926,0,0,0,0,0.0008354198072724328,0.00013826246051357465,8107,1814,459007,0,84,0.0,0.0001830037450409253
2,cross_camera,active,265,467264,initial_to_bounded,registered_style,cnn_RGB_residual,0.6655230841365997,0.6926416298191648,0.10906280220432209,201623,340,4994,6135,1481,0.01587129562317909,0.006864977168903804,50686,28807,414368,0,4316,0.0,0.010415862228743532
2,cross_camera,active,265,467264,initial_to_bounded,registered_style,cnn_NI_residual,0.6109700819919528,0.636861821793102,0.10953369615833511,204747,853,7758,10282,3377,0.024510490539904277,0.012111706785484995,74278,45924,389104,12,5848,3.0840083885028165e-05,0.015029400879970393
2,cross_camera,active,265,467264,initial_to_bounded,registered_style,cnn_TI_residual,0.7265000777491918,0.773637253479655,0.09511195062891752,161024,140,2282,2978,836,0.009553665310817248,0.004362941065931309,34632,18295,430467,0,1543,0.0,0.0035844791819117376
2,cross_camera,active,265,467264,initial_to_bounded,registered_style,transformer_RGB_residual,0.6387647664303975,0.6831492748021089,0.12931028231810499,187845,410,6228,7584,1766,0.01865803640350292,0.006616538260169269,57835,26114,408204,12,4099,2.9397066172795955e-05,0.010041547853524218
2,cross_camera,active,265,467264,initial_to_bounded,registered_style,transformer_NI_residual,0.5757367877840798,0.6177352305595012,0.1377056219020986,198576,1091,12787,15324,3628,0.03232664192970697,0.011684790201898604,87529,43049,376620,30,7240,7.965588657001752e-05,0.01922362062556423
2,cross_camera,active,265,467264,initial_to_bounded,registered_style,transformer_TI_residual,0.704104714878388,0.762905856261197,0.12791443704592215,173269,150,2584,3178,744,0.010184897924132276,0.0031289847988274773,36009,13390,429296,3,1618,6.988185308039208e-06,0.003768961276135813
2,cross_camera,active,265,467264,initial_to_bounded,registered_style,mamba_RGB_residual,0.6547946401666548,0.7091652758884054,0.11206357235197173,163880,390,5322,6811,1879,0.016928658632674964,0.007189580784618819,53544,28461,411415,4,3727,9.72254293110363e-06,0.009058979376055808
2,cross_camera,active,265,467264,initial_to_bounded,registered_style,mamba_NI_residual,0.5946923651728132,0.6315978177618088,0.11307351055618885,193054,973,9862,13059,4170,0.02914555398796398,0.013892520182570874,83296,50423,379989,2,5580,5.2633102537178705e-06,0.01468463560787286
2,cross_camera,active,265,467264,initial_to_bounded,registered_style,mamba_TI_residual,0.7171199715826937,0.7711228165539536,0.08855857755579914,140474,256,1861,2943,1338,0.009704647408068406,0.005140030319096816,35424,19847,429619,0,1254,0.0,0.0029188653202023187
2,cross_camera,active,265,467264,initial_to_bounded,registered_style,pure_bank,0.6542451571183954,0.697646320786008,0.06802706951590698,135301,0,69,69,0,0.001974242308559416,7.646418354448457e-05,14095,941,453101,0,60,0.0,0.00013242080683997608
2,cross_camera,active,265,467264,initial_to_bounded,registered_style,pure_cnn,0.6676644139745471,0.7010469016414789,0.07073629359809008,164950,0,121,121,0,0.0020472492461331257,0.00015491689971818958,13616,1575,453479,0,131,0.0,0.0002888777650122718
2,cross_camera,active,265,467264,initial_to_bounded,registered_style,pure_transformer,0.6395354230387706,0.6879301145547835,0.0895513545223362,154764,0,140,140,0,0.003301589244354393,0.00010895074295404779,21458,1354,445739,0,170,0.0,0.0003813891088731298
2,cross_camera,active,265,467264,initial_to_bounded,registered_style,pure_mamba,0.6555356546935505,0.7039619667015496,0.07485372426374735,131926,0,119,120,1,0.0025497953318505276,0.00019323469496815307,17120,2021,449985,0,149,0.0,0.00033112214851606164
2,cross_camera,active,265,467264,control_to_bounded,original,baseline_only,0.48616281921510257,0.48616281921510257,0.0,0,0,0,0,0,0.0005188856857412945,0.0005188856857412945,5806,5806,461458,0,0,0.0,0.0
2,cross_camera,active,265,467264,control_to_bounded,original,fused,0.6227175084098742,0.5916483884900352,0.03110529835966226,464784,0,0,0,0,2.8763216485998025e-05,3.9853330833961015e-05,372,522,466242,0,82,0.0,0.0001758743313558195
2,cross_camera,active,265,467264,control_to_bounded,original,cnn,0.6197440932980502,0.6150289204696938,0.008792886834850118,322209,0,0,0,0,5.6120150064072494e-05,5.697860835585078e-05,669,715,465860,0,43,0.0,9.230240844889023e-05
2,cross_camera,active,265,467264,control_to_bounded,original,transformer,0.6280348949249526,0.6152423024155564,0.019508169620081676,339172,0,0,0,0,1.8296733124224677e-05,2.3971413854304103e-05,253,312,466264,0,43,0.0,9.222243192697699e-05
2,cross_camera,active,265,467264,control_to_bounded,original,mamba,0.6203735397634192,0.6167225813425423,0.009224882160898349,297551,0,0,0,0,5.821365851326128e-05,6.712565385127102e-05,721,783,465506,0,59,0.0,0.00012674380136883304
2,cross_camera,active,265,467264,control_to_bounded,original,cnn_RGB_residual,0.7532568042769078,0.7415681289243478,0.02647977283717941,307167,73,62,478,489,0.0030909252079770774,0.0030653610984427023,14537,14556,436566,0,695,0.0,0.001591970057219298
2,cross_camera,active,265,467264,control_to_bounded,original,cnn_NI_residual,0.6944695220053948,0.6856038650519322,0.025689667526691863,287004,234,160,1094,1168,0.005911613190177606,0.006116635978175226,26076,26670,418838,0,1248,0.0,0.002979672331545848
2,cross_camera,active,265,467264,control_to_bounded,original,cnn_TI_residual,0.8122498712850135,0.8045131569614254,0.02459314605236898,283137,45,90,446,401,0.0027185402317477236,0.0026741916749733028,12440,12458,447454,0,563,0.0,0.0012582298962574923
2,cross_camera,active,265,467264,control_to_bounded,original,transformer_RGB_residual,0.7795870506398096,0.7536479297938534,0.0581039504273446,301691,80,133,411,358,0.001922380532374433,0.0017524043339490014,8549,8302,440600,0,787,0.0,0.0017862006354970495
2,cross_camera,active,265,467264,control_to_bounded,original,transformer_NI_residual,0.706172469467923,0.680246702891212,0.0506743655271531,308275,229,258,990,961,0.004475292257538239,0.004433845458259588,18999,19330,424482,0,1572,0.0,0.003703337243982077
2,cross_camera,active,265,467264,control_to_bounded,original,transformer_TI_residual,0.8239614997084873,0.7990708318458837,0.061236257492173145,292908,55,76,270,249,0.0017857275783120013,0.001662274447560712,8247,8024,452292,0,1018,0.0,0.00225075835964377
2,cross_camera,active,265,467264,control_to_bounded,original,mamba_RGB_residual,0.7664727106198866,0.758555895974274,0.026137518531752807,283751,85,83,562,564,0.002902489455255423,0.003070405702061415,13211,14097,437950,0,850,0.0,0.0019408608288617422
2,cross_camera,active,265,467264,control_to_bounded,original,mamba_NI_residual,0.6895356429192238,0.6801448362290003,0.026204889671949824,286745,264,241,1419,1442,0.006727896580061384,0.006877878132003907,28192,28762,414442,0,1277,0.0,0.003081251417568683
2,cross_camera,active,265,467264,control_to_bounded,original,mamba_TI_residual,0.8077445321293493,0.8031464053325498,0.028341881785979885,260562,97,67,587,617,0.003050037153015133,0.0031320983055099024,12912,13276,446103,0,686,0.0,0.0015377614586765836
2,cross_camera,active,265,467264,control_to_bounded,original,pure_bank,0.7592722197590277,0.7451664050533254,0.01884178454927828,364599,0,0,0,0,4.81918966694042e-06,6.74883833713967e-06,67,97,466367,0,17,0.0,3.6451978806390676e-05
2,cross_camera,active,265,467264,control_to_bounded,original,pure_cnn,0.753325397305721,0.7438950494688037,0.017585775011124075,322207,0,0,0,0,3.3645695880945404e-05,3.508019579263705e-05,332,364,465763,0,36,0.0,7.729252860360311e-05
2,cross_camera,active,265,467264,control_to_bounded,original,pure_transformer,0.7699070008583779,0.7443218188900727,0.03901633875832568,339172,0,0,0,0,1.5223224420077744e-06,3.7070724015601194e-06,33,59,465986,0,26,0.0,5.579566768100329e-05
2,cross_camera,active,265,467264,control_to_bounded,original,pure_mamba,0.7545842900516351,0.7472823721193401,0.018449765420462186,297551,0,0,0,0,2.8369987849676184e-05,3.607382608932391e-05,310,361,465338,0,49,0.0,0.00010529980358363168
2,cross_camera,active,265,467264,control_to_bounded,registered_style,baseline_only,0.48616281921510257,0.48616281921510257,0.0,0,0,0,0,0,0.0005188856857412945,0.0005188856857412945,5806,5806,461458,0,0,0.0,0.0
2,cross_camera,active,265,467264,control_to_bounded,registered_style,fused,0.598959920399759,0.5689696435822166,0.030041449354835336,464154,0,0,0,0,6.454544927651371e-05,9.131146790710388e-05,972,1371,466242,0,399,0.0,0.00085577875867039
2,cross_camera,active,265,467264,control_to_bounded,registered_style,cnn,0.5982752141210834,0.5936048438272026,0.008843157562980899,320070,0,0,0,0,9.869060769231537e-05,0.00010657667700819674,1260,1334,465860,0,162,0.0,0.0003477439574120981
2,cross_camera,active,265,467264,control_to_bounded,registered_style,transformer,0.6000659494165723,0.5870464546238422,0.019869037331826087,340452,0,0,0,0,5.899674812918908e-05,6.849404614632743e-05,952,1061,466264,0,267,0.0,0.0005726369610349501
2,cross_camera,active,265,467264,control_to_bounded,registered_style,mamba,0.59853860570508,0.5950623795519283,0.009149949931816878,295529,0,0,0,0,0.00012364078132281987,0.00013826246051357465,1675,1814,465506,0,246,0.0,0.0005284572057073379
2,cross_camera,active,265,467264,control_to_bounded,registered_style,cnn_RGB_residual,0.703875860745716,0.6926416298191648,0.02670347629643838,303165,233,187,1435,1481,0.006818642213502569,0.006864977168903804,28551,28807,436566,0,2249,0.0,0.00515156929307367
2,cross_camera,active,265,467264,control_to_bounded,registered_style,cnn_NI_residual,0.646700326760802,0.636861821793102,0.026428624516425678,291652,620,313,3070,3377,0.011605080340034598,0.012111706785484995,44774,45924,418838,0,3633,0.0,0.008673998061302939
2,cross_camera,active,265,467264,control_to_bounded,registered_style,cnn_TI_residual,0.7805867186456226,0.773637253479655,0.024771776268745712,278079,92,148,892,836,0.004377634476240856,0.004362941065931309,18221,18295,447454,0,1277,0.0,0.002853924649237687
2,cross_camera,active,265,467264,control_to_bounded,registered_style,transformer_RGB_residual,0.7083345905851322,0.6831492748021089,0.05846157020603547,299277,323,726,2169,1766,0.006920437485142684,0.006616538260169269,25384,26114,440600,0,4473,0.0,0.010152065365410804
2,cross_camera,active,265,467264,control_to_bounded,registered_style,transformer_NI_residual,0.645016696536926,0.6177352305595012,0.05222159797684836,311332,857,709,3480,3628,0.011057174016452329,0.011684790201898604,39950,43049,424482,0,7332,0.0,0.01727281722193167
2,cross_camera,active,265,467264,control_to_bounded,registered_style,transformer_TI_residual,0.7885560472397413,0.762905856261197,0.06221050073896745,293845,139,211,816,744,0.0033279835008850358,0.0031289847988274773,13723,13390,452292,0,2093,0.0,0.004627541499739107
2,cross_camera,active,265,467264,control_to_bounded,registered_style,mamba_RGB_residual,0.7166779651436341,0.7091652758884054,0.02621872523386714,280332,293,194,1780,1879,0.00688755578729362,0.007189580784618819,27349,28461,437950,0,2659,0.0,0.006071469345815732
2,cross_camera,active,265,467264,control_to_bounded,registered_style,mamba_NI_residual,0.6405811944193991,0.6315978177618088,0.026592844673392037,282472,570,493,4093,4170,0.013579252214068863,0.013892520182570874,49306,50423,414442,0,3651,0.0,0.008809435337152123
2,cross_camera,active,265,467264,control_to_bounded,registered_style,mamba_TI_residual,0.7754841179318168,0.7711228165539536,0.02839641226327759,258071,165,179,1352,1338,0.005094148296617476,0.005140030319096816,19700,19847,446103,0,1421,0.0,0.003185363021544352
2,cross_camera,active,265,467264,control_to_bounded,registered_style,pure_bank,0.7117570458664076,0.697646320786008,0.018974658508137187,363591,0,0,0,0,7.092267282589581e-05,7.646418354448457e-05,878,941,466367,0,167,0.0,0.0003580870859216025
2,cross_camera,active,265,467264,control_to_bounded,registered_style,pure_cnn,0.7103876340517958,0.7010469016414789,0.017686312430992467,320070,0,1,1,0,0.00014175110688952196,0.00015491689971818958,1425,1575,465763,0,291,0.0,0.0006247812728791253
2,cross_camera,active,265,467264,control_to_bounded,registered_style,pure_transformer,0.7139691062639387,0.6879301145547835,0.03973807738379038,340453,0,0,0,0,0.00012326911277056674,0.00010895074295404779,1260,1354,465986,0,487,0.0,0.0010450957754095617
2,cross_camera,active,265,467264,control_to_bounded,registered_style,pure_mamba,0.7109144210222252,0.7039619667015496,0.018299903026481993,295526,0,0,1,1,0.00017276384726198278,0.00019323469496815307,1864,2021,465338,0,388,0.0,0.0008338025263356958
2,cross_camera,inactive,275,537488,initial_to_control,original,baseline_only,0.4783156142466308,0.4783156142466308,0.0,0,0,0,5,5,0.0006466809825647742,0.0006466809825647742,7757,7757,529731,0,0,0.0,0.0
2,cross_camera,inactive,275,537488,initial_to_control,original,fused,0.6087640040238084,0.6152717646327373,0.022711572362124892,219765,0,4,4,0,0.00013882285721960152,5.85179278393233e-05,1697,751,535791,0,38,0.0,7.092317713436769e-05
2,cross_camera,inactive,275,537488,initial_to_control,original,cnn,0.6087956141395543,0.6123804703443637,0.027237264011275363,247644,0,4,4,0,0.00021802442670723003,8.697251563603187e-05,2573,1190,534915,0,104,0.0,0.00019442341306562724
2,cross_camera,inactive,275,537488,initial_to_control,original,transformer,0.61308997180505,0.621821452664126,0.034750575973102,225653,0,5,5,0,9.681571292901305e-05,3.907130578764238e-05,1095,461,536393,0,87,0.0,0.00016219451036833069
2,cross_camera,inactive,275,537488,initial_to_control,original,mamba,0.6044064217752345,0.6116133732347474,0.02565798875828498,219170,0,2,3,1,0.0002245489436458898,0.00011852264822190241,2625,1447,534863,0,135,0.0,0.00025240108214626925
2,cross_camera,inactive,275,537488,initial_to_control,original,cnn_RGB_residual,0.7528089227734686,0.745823910698631,0.08656022562851588,281653,323,507,1049,865,0.004112442592395458,0.0038786760205306993,20532,20253,516956,2,6645,3.868801213256061e-06,0.012854092031043261
2,cross_camera,inactive,275,537488,initial_to_control,original,cnn_NI_residual,0.7066808404312689,0.6930405016682846,0.08668763344051994,296564,669,978,1796,1487,0.0070880465150408795,0.006418125545933388,34194,31770,503294,2,8725,3.973820470738773e-06,0.017335791803597896
2,cross_camera,inactive,275,537488,initial_to_control,original,cnn_TI_residual,0.7583371682732498,0.8004716608614253,0.08780591199102736,183101,153,1202,1934,885,0.005590433948618611,0.003374324880857052,24489,16447,512999,0,2273,0.0,0.004430807857325258
2,cross_camera,inactive,275,537488,initial_to_control,original,transformer_RGB_residual,0.776280940916003,0.7844577920337186,0.10761357723777251,252406,206,291,633,548,0.0024048158929143733,0.0019204874575827122,12187,9780,525301,14,3493,2.665138653838466e-05,0.006649520941326973
2,cross_camera,inactive,275,537488,initial_to_control,original,transformer_NI_residual,0.702965131567976,0.7012762350429992,0.11272881830863728,272383,645,890,1512,1267,0.005091977850760636,0.005002894969930278,24564,24458,512924,38,9865,7.408504963698325e-05,0.019232868807074734
2,cross_camera,inactive,275,537488,initial_to_control,original,transformer_TI_residual,0.7643470000095934,0.8102479473609737,0.10549551262577128,198146,104,1038,1442,508,0.004133239696053072,0.002034922957898391,18439,9799,519049,0,1585,0.0,0.0030536616003498706
2,cross_camera,inactive,275,537488,initial_to_control,original,mamba_RGB_residual,0.7443207513816671,0.7584366875293025,0.07890383462390478,237259,302,467,985,820,0.004080342201263604,0.003458636024337174,20899,17810,516589,0,4441,0.0,0.008596776160545425
2,cross_camera,inactive,275,537488,initial_to_control,original,mamba_NI_residual,0.6939022397030963,0.6833832753855347,0.0802114675624759,290061,629,1107,2199,1721,0.008023156074357787,0.007212055045541224,37590,35112,499898,6,8473,1.2002448499493896e-05,0.016949457689368633
2,cross_camera,inactive,275,537488,initial_to_control,original,mamba_TI_residual,0.7532687905231882,0.792913540015565,0.07727447241965803,176315,210,888,1832,1154,0.005657867488457574,0.003815024844597417,24772,17318,512716,0,1833,0.0,0.0035750786010188876
2,cross_camera,inactive,275,537488,initial_to_control,original,pure_bank,0.7392124122661693,0.7522279391389699,0.04542314646156544,219765,0,2,2,0,6.56084713431166e-05,1.5878272260435438e-05,677,177,536811,0,18,0.0,3.3531354610840686e-05
2,cross_camera,inactive,275,537488,initial_to_control,original,pure_cnn,0.7392756416785727,0.7464453577800234,0.05447453026107019,247644,0,6,6,0,0.00016463897001459745,3.739324159510856e-05,1697,470,535791,0,97,0.0,0.0001810407416324649
2,cross_camera,inactive,275,537488,initial_to_control,original,pure_transformer,0.7478643586160189,0.7653273190432311,0.06950115264433931,225653,0,4,4,0,5.1095705452204985e-05,1.038082653237294e-05,485,128,537003,0,44,0.0,8.193622754435263e-05
2,cross_camera,inactive,275,537488,initial_to_control,original,pure_mamba,0.7304972592450111,0.7449111625992066,0.05131597769281791,219171,0,3,3,0,0.00017114381309030647,6.215928820862252e-05,1734,692,535754,0,131,0.0,0.00024451520660601696
2,cross_camera,inactive,275,537488,initial_to_control,registered_style,baseline_only,0.4783156142466308,0.4783156142466308,0.0,0,0,0,5,5,0.0006466809825647742,0.0006466809825647742,7757,7757,529731,0,0,0.0,0.0
2,cross_camera,inactive,275,537488,initial_to_control,registered_style,fused,0.6087640040238084,0.6152717646327373,0.022711572362124892,219765,0,4,4,0,0.00013882285721960152,5.85179278393233e-05,1697,751,535791,0,38,0.0,7.092317713436769e-05
2,cross_camera,inactive,275,537488,initial_to_control,registered_style,cnn,0.6087956141395543,0.6123804703443637,0.027237264011275363,247644,0,4,4,0,0.00021802442670723003,8.697251563603187e-05,2573,1190,534915,0,104,0.0,0.00019442341306562724
2,cross_camera,inactive,275,537488,initial_to_control,registered_style,transformer,0.61308997180505,0.621821452664126,0.034750575973102,225653,0,5,5,0,9.681571292901305e-05,3.907130578764238e-05,1095,461,536393,0,87,0.0,0.00016219451036833069
2,cross_camera,inactive,275,537488,initial_to_control,registered_style,mamba,0.6044064217752345,0.6116133732347474,0.02565798875828498,219170,0,2,3,1,0.0002245489436458898,0.00011852264822190241,2625,1447,534863,0,135,0.0,0.00025240108214626925
2,cross_camera,inactive,275,537488,initial_to_control,registered_style,cnn_RGB_residual,0.7528089227734686,0.745823910698631,0.08656022562851588,281653,323,507,1049,865,0.004112442592395458,0.0038786760205306993,20532,20253,516956,2,6645,3.868801213256061e-06,0.012854092031043261
2,cross_camera,inactive,275,537488,initial_to_control,registered_style,cnn_NI_residual,0.7066808404312689,0.6930405016682846,0.08668763344051994,296564,669,978,1796,1487,0.0070880465150408795,0.006418125545933388,34194,31770,503294,2,8725,3.973820470738773e-06,0.017335791803597896
2,cross_camera,inactive,275,537488,initial_to_control,registered_style,cnn_TI_residual,0.7583371682732498,0.8004716608614253,0.08780591199102736,183101,153,1202,1934,885,0.005590433948618611,0.003374324880857052,24489,16447,512999,0,2273,0.0,0.004430807857325258
2,cross_camera,inactive,275,537488,initial_to_control,registered_style,transformer_RGB_residual,0.776280940916003,0.7844577920337186,0.10761357723777251,252406,206,291,633,548,0.0024048158929143733,0.0019204874575827122,12187,9780,525301,14,3493,2.665138653838466e-05,0.006649520941326973
2,cross_camera,inactive,275,537488,initial_to_control,registered_style,transformer_NI_residual,0.702965131567976,0.7012762350429992,0.11272881830863728,272383,645,890,1512,1267,0.005091977850760636,0.005002894969930278,24564,24458,512924,38,9865,7.408504963698325e-05,0.019232868807074734
2,cross_camera,inactive,275,537488,initial_to_control,registered_style,transformer_TI_residual,0.7643470000095934,0.8102479473609737,0.10549551262577128,198146,104,1038,1442,508,0.004133239696053072,0.002034922957898391,18439,9799,519049,0,1585,0.0,0.0030536616003498706
2,cross_camera,inactive,275,537488,initial_to_control,registered_style,mamba_RGB_residual,0.7443207513816671,0.7584366875293025,0.07890383462390478,237259,302,467,985,820,0.004080342201263604,0.003458636024337174,20899,17810,516589,0,4441,0.0,0.008596776160545425
2,cross_camera,inactive,275,537488,initial_to_control,registered_style,mamba_NI_residual,0.6939022397030963,0.6833832753855347,0.0802114675624759,290061,629,1107,2199,1721,0.008023156074357787,0.007212055045541224,37590,35112,499898,6,8473,1.2002448499493896e-05,0.016949457689368633
2,cross_camera,inactive,275,537488,initial_to_control,registered_style,mamba_TI_residual,0.7532687905231882,0.792913540015565,0.07727447241965803,176315,210,888,1832,1154,0.005657867488457574,0.003815024844597417,24772,17318,512716,0,1833,0.0,0.0035750786010188876
2,cross_camera,inactive,275,537488,initial_to_control,registered_style,pure_bank,0.7392124122661693,0.7522279391389699,0.04542314646156544,219765,0,2,2,0,6.56084713431166e-05,1.5878272260435438e-05,677,177,536811,0,18,0.0,3.3531354610840686e-05
2,cross_camera,inactive,275,537488,initial_to_control,registered_style,pure_cnn,0.7392756416785727,0.7464453577800234,0.05447453026107019,247644,0,6,6,0,0.00016463897001459745,3.739324159510856e-05,1697,470,535791,0,97,0.0,0.0001810407416324649
2,cross_camera,inactive,275,537488,initial_to_control,registered_style,pure_transformer,0.7478643586160189,0.7653273190432311,0.06950115264433931,225653,0,4,4,0,5.1095705452204985e-05,1.038082653237294e-05,485,128,537003,0,44,0.0,8.193622754435263e-05
2,cross_camera,inactive,275,537488,initial_to_control,registered_style,pure_mamba,0.7304972592450111,0.7449111625992066,0.05131597769281791,219171,0,3,3,0,0.00017114381309030647,6.215928820862252e-05,1734,692,535754,0,131,0.0,0.00024451520660601696
2,cross_camera,inactive,275,537488,initial_to_bounded,original,baseline_only,0.4783156142466308,0.4783156142466308,0.0,0,0,0,5,5,0.0006466809825647742,0.0006466809825647742,7757,7757,529731,0,0,0.0,0.0
2,cross_camera,inactive,275,537488,initial_to_bounded,original,fused,0.6087640040238084,0.5837317704155892,0.030658573818800793,438745,0,4,4,0,0.00013882285721960152,7.745888030652816e-05,1697,1009,535791,0,85,0.0,0.0001586439488531909
2,cross_camera,inactive,275,537488,initial_to_bounded,original,cnn,0.6087956141395543,0.6076238139350505,0.027316753801174876,277672,0,4,4,0,0.00021802442670723003,9.374278759600599e-05,2573,1269,534915,0,117,0.0,0.00021872633969883065
2,cross_camera,inactive,275,537488,initial_to_bounded,original,transformer,0.61308997180505,0.6095466582673893,0.03337275588943665,287950,0,5,5,0,9.681571292901305e-05,4.5227240062553724e-05,1095,560,536393,0,109,0.0,0.0002032092141396327
2,cross_camera,inactive,275,537488,initial_to_bounded,original,mamba,0.6044064217752345,0.6082400968719257,0.0257498144640113,242384,0,3,3,0,0.0002245489436458898,0.000129557783208679,2625,1554,534863,0,174,0.0,0.0003253169503218581
2,cross_camera,inactive,275,537488,initial_to_bounded,original,cnn_RGB_residual,0.7528089227734686,0.73464388001107,0.08722707412330227,304755,350,521,1049,878,0.004112442592395458,0.003950150701601136,20532,20468,516956,5,6588,9.672003033140152e-06,0.012743831196465463
2,cross_camera,inactive,275,537488,initial_to_bounded,original,cnn_NI_residual,0.7066808404312689,0.6850562582711872,0.08772332156032535,311712,681,995,1796,1482,0.0070880465150408795,0.006468874330145403,34194,32156,503294,2,8848,3.973820470738773e-06,0.01758018176254833
2,cross_camera,inactive,275,537488,initial_to_bounded,original,cnn_TI_residual,0.7583371682732498,0.7910960015208053,0.08470462659873187,202948,140,1226,1934,848,0.005590433948618611,0.003369866040745787,24489,16684,512999,0,2388,0.0,0.004654979834268683
2,cross_camera,inactive,275,537488,initial_to_bounded,original,transformer_RGB_residual,0.776280940916003,0.7584565063040368,0.10135401428768637,296483,151,324,633,460,0.0024048158929143733,0.0018755335799597388,12187,9839,525301,2,3300,3.8073409340549513e-06,0.00628211254119067
2,cross_camera,inactive,275,537488,initial_to_bounded,original,transformer_NI_residual,0.702965131567976,0.674043084726683,0.10946409320821844,315354,611,916,1512,1207,0.005091977850760636,0.0051152182537025056,24564,25375,512924,47,10380,9.163150876153192e-05,0.020236916190312794
2,cross_camera,inactive,275,537488,initial_to_bounded,original,transformer_TI_residual,0.7643470000095934,0.7898336112461408,0.10743405438783464,237654,97,1019,1442,520,0.004133239696053072,0.002039349927036281,18439,10085,519049,0,1868,0.0,0.003598889507541677
2,cross_camera,inactive,275,537488,initial_to_bounded,original,mamba_RGB_residual,0.7443207513816671,0.7519311027246801,0.08026197180279956,253745,288,473,985,800,0.004080342201263604,0.003649458173082169,20899,18738,516589,0,5179,0.0,0.010025378008436107
2,cross_camera,inactive,275,537488,initial_to_bounded,original,mamba_NI_residual,0.6939022397030963,0.6741005446423955,0.0825427167172305,309308,638,1079,2199,1758,0.008023156074357787,0.007314893365983249,37590,35720,499898,6,8842,1.2002448499493896e-05,0.017687608272087506
2,cross_camera,inactive,275,537488,initial_to_bounded,original,mamba_TI_residual,0.7532687905231882,0.7884621921912295,0.07452832384007127,187416,214,917,1832,1129,0.005657867488457574,0.003821389173802368,24772,17354,512716,0,1848,0.0,0.0036043345633840177
2,cross_camera,inactive,275,537488,initial_to_bounded,original,pure_bank,0.7392124122661693,0.7386247857219552,0.04415122956280498,272640,0,2,2,0,6.56084713431166e-05,1.946813634640104e-05,677,206,536811,0,25,0.0,4.657132584838984e-05
2,cross_camera,inactive,275,537488,initial_to_bounded,original,pure_cnn,0.7392756416785727,0.7369320445285661,0.054633509470044625,277671,0,6,6,0,0.00016463897001459745,4.238513494446713e-05,1697,512,535791,0,120,0.0,0.0002239679277927401
2,cross_camera,inactive,275,537488,initial_to_bounded,original,pure_transformer,0.7478643586160189,0.7407777253347158,0.06674551365984036,287950,0,4,4,0,5.1095705452204985e-05,1.0506361443626452e-05,485,142,537003,0,40,0.0,7.448747958577513e-05
2,cross_camera,inactive,275,537488,initial_to_bounded,original,pure_mamba,0.7304972592450111,0.738164608207169,0.05149962762221108,242384,0,3,3,0,0.00017114381309030647,7.499402435259403e-05,1734,789,535754,0,183,0.0,0.00034157467793054274
2,cross_camera,inactive,275,537488,initial_to_bounded,registered_style,baseline_only,0.4783156142466308,0.4783156142466308,0.0,0,0,0,5,5,0.0006466809825647742,0.0006466809825647742,7757,7757,529731,0,0,0.0,0.0
2,cross_camera,inactive,275,537488,initial_to_bounded,registered_style,fused,0.6087640040238084,0.5837317704155892,0.030658573818800793,438745,0,4,4,0,0.00013882285721960152,7.745888030652816e-05,1697,1009,535791,0,85,0.0,0.0001586439488531909
2,cross_camera,inactive,275,537488,initial_to_bounded,registered_style,cnn,0.6087956141395543,0.6076238139350505,0.027316753801174876,277672,0,4,4,0,0.00021802442670723003,9.374278759600599e-05,2573,1269,534915,0,117,0.0,0.00021872633969883065
2,cross_camera,inactive,275,537488,initial_to_bounded,registered_style,transformer,0.61308997180505,0.6095466582673893,0.03337275588943665,287950,0,5,5,0,9.681571292901305e-05,4.5227240062553724e-05,1095,560,536393,0,109,0.0,0.0002032092141396327
2,cross_camera,inactive,275,537488,initial_to_bounded,registered_style,mamba,0.6044064217752345,0.6082400968719257,0.0257498144640113,242384,0,3,3,0,0.0002245489436458898,0.000129557783208679,2625,1554,534863,0,174,0.0,0.0003253169503218581
2,cross_camera,inactive,275,537488,initial_to_bounded,registered_style,cnn_RGB_residual,0.7528089227734686,0.73464388001107,0.08722707412330227,304755,350,521,1049,878,0.004112442592395458,0.003950150701601136,20532,20468,516956,5,6588,9.672003033140152e-06,0.012743831196465463
2,cross_camera,inactive,275,537488,initial_to_bounded,registered_style,cnn_NI_residual,0.7066808404312689,0.6850562582711872,0.08772332156032535,311712,681,995,1796,1482,0.0070880465150408795,0.006468874330145403,34194,32156,503294,2,8848,3.973820470738773e-06,0.01758018176254833
2,cross_camera,inactive,275,537488,initial_to_bounded,registered_style,cnn_TI_residual,0.7583371682732498,0.7910960015208053,0.08470462659873187,202948,140,1226,1934,848,0.005590433948618611,0.003369866040745787,24489,16684,512999,0,2388,0.0,0.004654979834268683
2,cross_camera,inactive,275,537488,initial_to_bounded,registered_style,transformer_RGB_residual,0.776280940916003,0.7584565063040368,0.10135401428768637,296483,151,324,633,460,0.0024048158929143733,0.0018755335799597388,12187,9839,525301,2,3300,3.8073409340549513e-06,0.00628211254119067
2,cross_camera,inactive,275,537488,initial_to_bounded,registered_style,transformer_NI_residual,0.702965131567976,0.674043084726683,0.10946409320821844,315354,611,916,1512,1207,0.005091977850760636,0.0051152182537025056,24564,25375,512924,47,10380,9.163150876153192e-05,0.020236916190312794
2,cross_camera,inactive,275,537488,initial_to_bounded,registered_style,transformer_TI_residual,0.7643470000095934,0.7898336112461408,0.10743405438783464,237654,97,1019,1442,520,0.004133239696053072,0.002039349927036281,18439,10085,519049,0,1868,0.0,0.003598889507541677
2,cross_camera,inactive,275,537488,initial_to_bounded,registered_style,mamba_RGB_residual,0.7443207513816671,0.7519311027246801,0.08026197180279956,253745,288,473,985,800,0.004080342201263604,0.003649458173082169,20899,18738,516589,0,5179,0.0,0.010025378008436107
2,cross_camera,inactive,275,537488,initial_to_bounded,registered_style,mamba_NI_residual,0.6939022397030963,0.6741005446423955,0.0825427167172305,309308,638,1079,2199,1758,0.008023156074357787,0.007314893365983249,37590,35720,499898,6,8842,1.2002448499493896e-05,0.017687608272087506
2,cross_camera,inactive,275,537488,initial_to_bounded,registered_style,mamba_TI_residual,0.7532687905231882,0.7884621921912295,0.07452832384007127,187416,214,917,1832,1129,0.005657867488457574,0.003821389173802368,24772,17354,512716,0,1848,0.0,0.0036043345633840177
2,cross_camera,inactive,275,537488,initial_to_bounded,registered_style,pure_bank,0.7392124122661693,0.7386247857219552,0.04415122956280498,272640,0,2,2,0,6.56084713431166e-05,1.946813634640104e-05,677,206,536811,0,25,0.0,4.657132584838984e-05
2,cross_camera,inactive,275,537488,initial_to_bounded,registered_style,pure_cnn,0.7392756416785727,0.7369320445285661,0.054633509470044625,277671,0,6,6,0,0.00016463897001459745,4.238513494446713e-05,1697,512,535791,0,120,0.0,0.0002239679277927401
2,cross_camera,inactive,275,537488,initial_to_bounded,registered_style,pure_transformer,0.7478643586160189,0.7407777253347158,0.06674551365984036,287950,0,4,4,0,5.1095705452204985e-05,1.0506361443626452e-05,485,142,537003,0,40,0.0,7.448747958577513e-05
2,cross_camera,inactive,275,537488,initial_to_bounded,registered_style,pure_mamba,0.7304972592450111,0.738164608207169,0.05149962762221108,242384,0,3,3,0,0.00017114381309030647,7.499402435259403e-05,1734,789,535754,0,183,0.0,0.00034157467793054274
2,cross_camera,inactive,275,537488,control_to_bounded,original,baseline_only,0.4783156142466308,0.4783156142466308,0.0,0,0,0,5,5,0.0006466809825647742,0.0006466809825647742,7757,7757,529731,0,0,0.0,0.0
2,cross_camera,inactive,275,537488,control_to_bounded,original,fused,0.6152717646327373,0.5837317704155892,0.03159240282633345,534052,0,0,0,0,5.85179278393233e-05,7.745888030652816e-05,751,1009,536737,0,264,0.0,0.0004918610045515774
2,cross_camera,inactive,275,537488,control_to_bounded,original,cnn,0.6123804703443637,0.6076238139350505,0.00882317790373251,371222,0,0,0,0,8.697251563603187e-05,9.374278759600599e-05,1190,1269,536298,0,146,0.0,0.00027223670422041476
2,cross_camera,inactive,275,537488,control_to_bounded,original,transformer,0.621821452664126,0.6095466582673893,0.019384640994429606,383451,0,0,0,0,3.907130578764238e-05,4.5227240062553724e-05,461,560,537027,0,137,0.0,0.0002551082161604538
2,cross_camera,inactive,275,537488,control_to_bounded,original,mamba,0.6116133732347474,0.6082400968719257,0.00922640080713828,337193,0,1,1,0,0.00011852264822190241,0.000129557783208679,1447,1554,536041,0,194,0.0,0.0003619126148932638
2,cross_camera,inactive,275,537488,control_to_bounded,original,cnn_RGB_residual,0.745823910698631,0.73464388001107,0.026748784187259154,348201,138,125,865,878,0.0038786760205306993,0.003950150701601136,20253,20468,517235,0,2045,0.0,0.00395371542915696
2,cross_camera,inactive,275,537488,control_to_bounded,original,cnn_NI_residual,0.6930405016682846,0.6850562582711872,0.02564045441985488,322532,235,240,1487,1482,0.006418125545933388,0.006468874330145403,31770,32156,505718,0,2982,0.0,0.005896566861373334
2,cross_camera,inactive,275,537488,control_to_bounded,original,cnn_TI_residual,0.8004716608614253,0.7910960015208053,0.024702003175973822,339202,78,115,885,848,0.003374324880857052,0.003369866040745787,16447,16684,521041,0,1450,0.0,0.0027828904059373446
2,cross_camera,inactive,275,537488,control_to_bounded,original,transformer_RGB_residual,0.7844577920337186,0.7584565063040368,0.05851516760441114,349027,71,159,548,460,0.0019204874575827122,0.0018755335799597388,9780,9839,527708,0,1986,0.0,0.0037634449354567298
2,cross_camera,inactive,275,537488,control_to_bounded,original,transformer_NI_residual,0.7012762350429992,0.674043084726683,0.05178901715592426,358769,266,326,1267,1207,0.005002894969930278,0.0051152182537025056,24458,25375,513030,0,4483,0.0,0.008738280412451513
2,cross_camera,inactive,275,537488,control_to_bounded,original,transformer_TI_residual,0.8102479473609737,0.7898336112461408,0.05976930967034114,325762,146,134,508,520,0.002034922957898391,0.002039349927036281,9799,10085,527689,0,2091,0.0,0.003962561281360802
2,cross_camera,inactive,275,537488,control_to_bounded,original,mamba_RGB_residual,0.7584366875293025,0.7519311027246801,0.02601569053302184,314843,99,119,820,800,0.003458636024337174,0.003649458173082169,17810,18738,519678,0,2309,0.0,0.004443135941871698
2,cross_camera,inactive,275,537488,control_to_bounded,original,mamba_NI_residual,0.6833832753855347,0.6741005446423955,0.026783399569038385,327575,296,259,1721,1758,0.007212055045541224,0.007314893365983249,35112,35720,502376,0,3594,0.0,0.00715400417217383
2,cross_camera,inactive,275,537488,control_to_bounded,original,mamba_TI_residual,0.792913540015565,0.7884621921912295,0.02817736170040439,299779,125,150,1154,1129,0.003815024844597417,0.003821389173802368,17318,17354,520170,0,1363,0.0,0.0026202972105273275
2,cross_camera,inactive,275,537488,control_to_bounded,original,pure_bank,0.7522279391389699,0.7386247857219552,0.01870205179320495,412429,0,0,0,0,1.5878272260435438e-05,1.946813634640104e-05,177,206,537311,0,47,0.0,8.747261827879943e-05
2,cross_camera,inactive,275,537488,control_to_bounded,original,pure_cnn,0.7464453577800234,0.7369320445285661,0.017646357515598735,371223,0,0,0,0,3.739324159510856e-05,4.238513494446713e-05,470,512,537018,0,88,0.0,0.0001638678777992544
2,cross_camera,inactive,275,537488,control_to_bounded,original,pure_transformer,0.7653273190432311,0.7407777253347158,0.03876928616967053,383451,0,0,0,0,1.038082653237294e-05,1.0506361443626452e-05,128,142,537360,0,45,0.0,8.374274229566771e-05
2,cross_camera,inactive,275,537488,control_to_bounded,original,pure_mamba,0.7449111625992066,0.738164608207169,0.01845280253122136,337194,0,0,0,0,6.215928820862252e-05,7.499402435259403e-05,692,789,536796,0,144,0.0,0.0002682583327744618
2,cross_camera,inactive,275,537488,control_to_bounded,registered_style,baseline_only,0.4783156142466308,0.4783156142466308,0.0,0,0,0,5,5,0.0006466809825647742,0.0006466809825647742,7757,7757,529731,0,0,0.0,0.0
2,cross_camera,inactive,275,537488,control_to_bounded,registered_style,fused,0.6152717646327373,0.5837317704155892,0.03159240282633345,534052,0,0,0,0,5.85179278393233e-05,7.745888030652816e-05,751,1009,536737,0,264,0.0,0.0004918610045515774
2,cross_camera,inactive,275,537488,control_to_bounded,registered_style,cnn,0.6123804703443637,0.6076238139350505,0.00882317790373251,371222,0,0,0,0,8.697251563603187e-05,9.374278759600599e-05,1190,1269,536298,0,146,0.0,0.00027223670422041476
2,cross_camera,inactive,275,537488,control_to_bounded,registered_style,transformer,0.621821452664126,0.6095466582673893,0.019384640994429606,383451,0,0,0,0,3.907130578764238e-05,4.5227240062553724e-05,461,560,537027,0,137,0.0,0.0002551082161604538
2,cross_camera,inactive,275,537488,control_to_bounded,registered_style,mamba,0.6116133732347474,0.6082400968719257,0.00922640080713828,337193,0,1,1,0,0.00011852264822190241,0.000129557783208679,1447,1554,536041,0,194,0.0,0.0003619126148932638
2,cross_camera,inactive,275,537488,control_to_bounded,registered_style,cnn_RGB_residual,0.745823910698631,0.73464388001107,0.026748784187259154,348201,138,125,865,878,0.0038786760205306993,0.003950150701601136,20253,20468,517235,0,2045,0.0,0.00395371542915696
2,cross_camera,inactive,275,537488,control_to_bounded,registered_style,cnn_NI_residual,0.6930405016682846,0.6850562582711872,0.02564045441985488,322532,235,240,1487,1482,0.006418125545933388,0.006468874330145403,31770,32156,505718,0,2982,0.0,0.005896566861373334
2,cross_camera,inactive,275,537488,control_to_bounded,registered_style,cnn_TI_residual,0.8004716608614253,0.7910960015208053,0.024702003175973822,339202,78,115,885,848,0.003374324880857052,0.003369866040745787,16447,16684,521041,0,1450,0.0,0.0027828904059373446
2,cross_camera,inactive,275,537488,control_to_bounded,registered_style,transformer_RGB_residual,0.7844577920337186,0.7584565063040368,0.05851516760441114,349027,71,159,548,460,0.0019204874575827122,0.0018755335799597388,9780,9839,527708,0,1986,0.0,0.0037634449354567298
2,cross_camera,inactive,275,537488,control_to_bounded,registered_style,transformer_NI_residual,0.7012762350429992,0.674043084726683,0.05178901715592426,358769,266,326,1267,1207,0.005002894969930278,0.0051152182537025056,24458,25375,513030,0,4483,0.0,0.008738280412451513
2,cross_camera,inactive,275,537488,control_to_bounded,registered_style,transformer_TI_residual,0.8102479473609737,0.7898336112461408,0.05976930967034114,325762,146,134,508,520,0.002034922957898391,0.002039349927036281,9799,10085,527689,0,2091,0.0,0.003962561281360802
2,cross_camera,inactive,275,537488,control_to_bounded,registered_style,mamba_RGB_residual,0.7584366875293025,0.7519311027246801,0.02601569053302184,314843,99,119,820,800,0.003458636024337174,0.003649458173082169,17810,18738,519678,0,2309,0.0,0.004443135941871698
2,cross_camera,inactive,275,537488,control_to_bounded,registered_style,mamba_NI_residual,0.6833832753855347,0.6741005446423955,0.026783399569038385,327575,296,259,1721,1758,0.007212055045541224,0.007314893365983249,35112,35720,502376,0,3594,0.0,0.00715400417217383
2,cross_camera,inactive,275,537488,control_to_bounded,registered_style,mamba_TI_residual,0.792913540015565,0.7884621921912295,0.02817736170040439,299779,125,150,1154,1129,0.003815024844597417,0.003821389173802368,17318,17354,520170,0,1363,0.0,0.0026202972105273275
2,cross_camera,inactive,275,537488,control_to_bounded,registered_style,pure_bank,0.7522279391389699,0.7386247857219552,0.01870205179320495,412429,0,0,0,0,1.5878272260435438e-05,1.946813634640104e-05,177,206,537311,0,47,0.0,8.747261827879943e-05
2,cross_camera,inactive,275,537488,control_to_bounded,registered_style,pure_cnn,0.7464453577800234,0.7369320445285661,0.017646357515598735,371223,0,0,0,0,3.739324159510856e-05,4.238513494446713e-05,470,512,537018,0,88,0.0,0.0001638678777992544
2,cross_camera,inactive,275,537488,control_to_bounded,registered_style,pure_transformer,0.7653273190432311,0.7407777253347158,0.03876928616967053,383451,0,0,0,0,1.038082653237294e-05,1.0506361443626452e-05,128,142,537360,0,45,0.0,8.374274229566771e-05
2,cross_camera,inactive,275,537488,control_to_bounded,registered_style,pure_mamba,0.7449111625992066,0.738164608207169,0.01845280253122136,337194,0,0,0,0,6.215928820862252e-05,7.499402435259403e-05,692,789,536796,0,144,0.0,0.0002682583327744618
2,identity,active,265,6648320,initial_to_control,original,baseline_only,0.5341617212078777,0.5341617212078777,0.0,0,0,0,5,5,0.00019538555610352002,0.00019538555610352002,30409,30409,6617911,0,0,0.0,0.0
2,identity,active,265,6648320,initial_to_control,original,fused,0.6654688111498667,0.6690930951836962,0.023579233455789776,2962398,0,0,0,0,4.3203605507104864e-05,1.8071655899899352e-05,6989,3082,6602658,0,116,0.0,1.7568682188294473e-05
2,identity,active,265,6648320,initial_to_control,original,cnn,0.6664177503739483,0.6654636813287528,0.02742013467620655,3405281,0,1,1,0,7.233624320065377e-05,2.369250533534114e-05,11137,4152,6598527,0,189,0.0,2.864275617876535e-05
2,identity,active,265,6648320,initial_to_control,original,transformer,0.6658283374073561,0.6746551345219485,0.036146567276185725,2799033,0,0,0,0,2.921245576452454e-05,1.395855944781415e-05,4645,2288,6592513,0,274,0.0,4.1562299535852264e-05
2,identity,active,265,6648320,initial_to_control,original,mamba,0.6641603428283536,0.6671604687790136,0.026433963405357114,3040283,1,0,1,2,7.933852487780446e-05,3.6175836499887355e-05,12039,5845,6591656,0,263,0.0,3.9898926764382125e-05
2,identity,active,265,6648320,initial_to_control,original,cnn_RGB_residual,0.7985115849938377,0.7972969236315121,0.0861075625666976,3344714,1660,5077,8571,5154,0.0025688792498059073,0.0018820602912238283,156673,123636,6003693,7,16046,1.1659490250417534e-06,0.002672688293688568
2,identity,active,265,6648320,initial_to_control,original,cnn_NI_residual,0.7654664586503775,0.7412082172711418,0.08513646079012159,3932714,2937,7793,13265,8409,0.004029633007037939,0.00321513120066318,243181,208849,5827042,13,29227,2.2309775697515136e-06,0.005015752417779038
2,identity,active,265,6648320,initial_to_control,original,cnn_TI_residual,0.8320434009894931,0.8517918847890952,0.08042769464340979,2834742,976,5655,9245,4566,0.002707134703653304,0.0016229983298317987,158233,102462,6335733,0,9206,0.0,0.0014530284025542112
2,identity,active,265,6648320,initial_to_control,original,transformer_RGB_residual,0.8036182063980587,0.8241667158817554,0.11621106558008232,2960788,2343,2128,4346,4561,0.0014098940661479166,0.001328295665615188,92035,82003,5843143,122,17140,2.0879174102020094e-05,0.0029333528205624953
2,identity,active,265,6648320,initial_to_control,original,transformer_NI_residual,0.7570947541087854,0.7494686694696157,0.11436586686229344,3447097,4263,5266,8948,7945,0.00273806501637975,0.002480544390059593,171919,154632,5610592,76,32800,1.354580764382796e-05,0.005846085404178383
2,identity,active,265,6648320,initial_to_control,original,transformer_TI_residual,0.8317719946279938,0.8718103710272257,0.10675253492881087,2546083,1463,3979,6693,4177,0.0019503406633202538,0.0012772215361907214,115878,76429,6313585,1,10620,1.5838861756038764e-07,0.0016820871184913167
2,identity,active,265,6648320,initial_to_control,original,mamba_RGB_residual,0.7981561214222607,0.8097201771386546,0.08202853833070256,2989759,2164,4293,8533,6404,0.002564706310723945,0.002005721532145519,156206,125014,5972377,8,14092,1.33950016886074e-06,0.0023595295474481935
2,identity,active,265,6648320,initial_to_control,original,mamba_NI_residual,0.7540910721180049,0.7382688315661646,0.08298058398709056,3716094,4006,8623,15805,11188,0.004503261859781719,0.0036925546350924103,265457,228890,5727714,2,29129,3.491794457614329e-07,0.005085624037792389
2,identity,active,265,6648320,initial_to_control,original,mamba_TI_residual,0.8302298050024894,0.8524887545193451,0.07527611519033812,2746054,1568,4489,8914,5993,0.0026216381701751825,0.0018885152281798096,154237,113626,6314176,0,10156,0.0,0.0016084442372211354
2,identity,active,265,6648320,initial_to_control,original,pure_bank,0.7967759228368886,0.8040244929477622,0.047158466971271865,2962403,0,0,0,0,2.2333466051526057e-05,6.328772596550612e-06,3301,938,6521380,0,99,0.0,1.5180835958033423e-05
2,identity,active,265,6648320,initial_to_control,original,pure_cnn,0.7986738118858678,0.796765673954075,0.05484027114392428,3405280,0,5,5,0,7.072928464659367e-05,1.3280992357045316e-05,9158,2061,6517218,0,262,0.0,4.0201202414895436e-05
2,identity,active,265,6648320,initial_to_control,original,pure_transformer,0.7974949860679323,0.8151485801829459,0.07229313701250233,2799033,0,0,0,0,1.5274897369400738e-05,5.413792988355247e-06,2234,809,6447078,0,245,0.0,3.800171178322955e-05
2,identity,active,265,6648320,initial_to_control,original,pure_mamba,0.794158996312963,0.8001592489284391,0.05286792844879726,3040290,2,5,6,3,7.540960037684364e-05,2.2339719630055616e-05,9877,3228,6494030,0,352,0.0,5.420363010334107e-05
2,identity,active,265,6648320,initial_to_control,registered_style,baseline_only,0.5341617212078777,0.5341617212078777,0.0,0,0,0,5,5,0.00019538555610352002,0.00019538555610352002,30409,30409,6617911,0,0,0.0,0.0
2,identity,active,265,6648320,initial_to_control,registered_style,fused,0.6154930111271951,0.6440040736512769,0.03902429109401362,1616198,0,23,24,1,0.00032598330650927706,3.926933322098405e-05,44955,6875,6602658,0,229,0.0,3.4683001906202016e-05
2,identity,active,265,6648320,initial_to_control,registered_style,cnn,0.622695575260425,0.6427224513827231,0.03724763948019283,2187239,1,37,39,3,0.00036682449363131656,4.6403256968446667e-05,48601,8058,6598527,0,368,0.0,5.5770022612622484e-05
2,identity,active,265,6648320,initial_to_control,registered_style,transformer,0.6060961885472563,0.6458884592028432,0.054456023584431315,1610232,0,25,25,0,0.00040210428457273297,3.4001617947978746e-05,55269,5966,6592513,0,621,0.0,9.419776646629289e-05
2,identity,active,265,6648320,initial_to_control,registered_style,mamba,0.6176872680787141,0.643401308498687,0.039848964878924156,1874634,1,58,64,7,0.00042491956870639334,7.327392301566917e-05,55404,11777,6591656,0,536,0.0,8.1314922987486e-05
2,identity,active,265,6648320,initial_to_control,registered_style,cnn_RGB_residual,0.6951172088144955,0.7460786824704196,0.11673310420115189,2458920,2702,68466,80789,15025,0.013998054428219312,0.004435533819204419,620752,263159,6003693,31,33051,5.163488539470622e-06,0.005505111603807856
2,identity,active,265,6648320,initial_to_control,registered_style,cnn_NI_residual,0.6575899246286361,0.6893161938341308,0.1109665343603204,2851594,5273,80599,96719,21393,0.01732596572401409,0.006613243022569936,783016,393302,5827042,47,56375,8.06584198294778e-06,0.009674720038057045
2,identity,active,265,6648320,initial_to_control,registered_style,cnn_TI_residual,0.780981250067539,0.8184547630031821,0.08934830519690892,2451452,1455,16162,23383,8676,0.005462338827742457,0.002639712876970309,291300,158679,6335733,12,16020,1.8940192081958e-06,0.0025285156429413927
2,identity,active,265,6648320,initial_to_control,registered_style,transformer_RGB_residual,0.660418390891295,0.7578025543607065,0.16100058948832394,2020027,5022,90090,101677,16609,0.017930480202852227,0.00419235464795873,790735,233618,5843143,201,39482,3.4399295036934744e-05,0.006756979933573421
2,identity,active,265,6648320,initial_to_control,registered_style,transformer_NI_residual,0.6144735965869983,0.682690163455135,0.15224747197896044,2441046,8253,122473,139714,25494,0.023604212686895176,0.0067426062705034165,1007287,381309,5610592,274,71323,4.883620124222185e-05,0.01271220577079923
2,identity,active,265,6648320,initial_to_control,registered_style,transformer_TI_residual,0.7592000625718109,0.8323529803344397,0.12835502272212407,2083634,2334,21553,28414,9195,0.006155027998195739,0.002354057631200148,317648,132458,6313585,13,20414,2.0590520282850392e-06,0.0032333452388777534
2,identity,active,265,6648320,initial_to_control,registered_style,mamba_RGB_residual,0.6906572533574495,0.7575994943869788,0.12098000364508857,2154251,3642,70840,85558,18360,0.01477580069477849,0.004764917298168198,652412,268481,5972377,45,30792,7.534688449841663e-06,0.005155736149944988
2,identity,active,265,6648320,initial_to_control,registered_style,mamba_NI_residual,0.6416937134848141,0.6850165724917195,0.11825693540787827,2657473,6875,100011,121391,28255,0.020383757686416138,0.007637042346395953,879347,429310,5727714,97,57393,1.6935203119429496e-05,0.01002022796529296
2,identity,active,265,6648320,initial_to_control,registered_style,mamba_TI_residual,0.7712875724596887,0.8153067269039509,0.08837072247870202,2286526,2419,15930,25595,12084,0.005923103300063972,0.0032085195943733365,313130,181544,6314176,0,17451,0.0,0.002763781053933245
2,identity,active,265,6648320,initial_to_control,registered_style,pure_bank,0.6968243215338386,0.7538464476213871,0.07804858290946047,1616197,1,782,790,9,0.001284437481843691,4.594094291858279e-05,126409,6760,6521380,0,389,0.0,5.964995139065658e-05
2,identity,active,265,6648320,initial_to_control,registered_style,pure_cnn,0.7112294582053988,0.7512832117127657,0.07449528135622327,2187240,4,1183,1203,24,0.0014088781597191933,7.287704919601045e-05,129722,10288,6517218,0,908,0.0,0.0001393232511172712
2,identity,active,265,6648320,initial_to_control,registered_style,pure_transformer,0.6780306842054312,0.7576152270204888,0.10891204950372634,1610232,1,1610,1614,5,0.002187223184382358,5.121073707996705e-05,200853,7648,6447078,0,1057,0.0,0.00016395024226479034
2,identity,active,265,6648320,initial_to_control,registered_style,pure_mamba,0.7012128437866155,0.7526409261228219,0.07969793231747196,1874637,4,1487,1518,35,0.0016849142135359704,0.00012107655569547824,152790,15846,6494030,0,1249,0.0,0.0001923304943155483
2,identity,active,265,6648320,initial_to_bounded,original,baseline_only,0.5341617212078777,0.5341617212078777,0.0,0,0,0,5,5,0.00019538555610352002,0.00019538555610352002,30409,30409,6617911,0,0,0.0,0.0
2,identity,active,265,6648320,initial_to_bounded,original,fused,0.6654688111498667,0.6351357343958476,0.03493126527177174,5650585,0,0,0,0,4.3203605507104864e-05,2.3682339064955174e-05,6989,4088,6602658,0,284,0.0,4.3012980529962326e-05
2,identity,active,265,6648320,initial_to_bounded,original,cnn,0.6664177503739483,0.6608353250448767,0.02805814918787281,3762899,0,1,1,0,7.233624320065377e-05,2.4286868132088315e-05,11137,4344,6598527,0,183,0.0,2.773346233182042e-05
2,identity,active,265,6648320,initial_to_bounded,original,transformer,0.6658283374073561,0.6625333090026635,0.03501333741708458,3535203,0,0,0,0,2.921245576452454e-05,1.4732225932350183e-05,4645,2387,6592513,0,313,0.0,4.7478101294604955e-05
2,identity,active,265,6648320,initial_to_bounded,original,mamba,0.6641603428283536,0.6643534498368736,0.026671456797687475,3262427,0,0,1,1,7.933852487780446e-05,3.7226978518162445e-05,12039,5994,6591656,0,305,0.0,4.6270618491013486e-05
2,identity,active,265,6648320,initial_to_bounded,original,cnn_RGB_residual,0.7985115849938377,0.7846581590475825,0.08661011160879084,3653232,1731,4941,8571,5361,0.0025688792498059073,0.0019338725202977939,156673,127051,6003693,4,16892,6.662565857381449e-07,0.0028136015615721857
2,identity,active,265,6648320,initial_to_bounded,original,cnn_NI_residual,0.7654664586503775,0.7344839349356062,0.08646863559113577,4102127,2841,7788,13265,8318,0.004029633007037939,0.003212754964936179,243181,209369,5827042,8,28939,1.3729092736932392e-06,0.004966327683926081
2,identity,active,265,6648320,initial_to_bounded,original,cnn_TI_residual,0.8320434009894931,0.8433847915346054,0.08024262374868078,3057826,938,5693,9245,4490,0.002707134703653304,0.0016250688238259314,158233,103354,6335733,0,9120,0.0,0.001439454598228808
2,identity,active,265,6648320,initial_to_bounded,original,transformer_RGB_residual,0.8036182063980587,0.8034743590721898,0.1119614199926125,3314748,2178,2210,4346,4314,0.0014098940661479166,0.0013026908561242273,92035,82232,5843143,90,16785,1.540266941952302e-05,0.0028725978467410433
2,identity,active,265,6648320,initial_to_bounded,original,transformer_NI_residual,0.7570947541087854,0.7232923061696983,0.11174648653237254,3932625,4032,5255,8948,7725,0.00273806501637975,0.002484309492478317,171919,157887,5610592,89,33692,1.5862853688166953e-05,0.006005070409682258
2,identity,active,265,6648320,initial_to_bounded,original,transformer_TI_residual,0.8317719946279938,0.8459481374961113,0.10657162789143831,3086014,1240,4250,6693,3683,0.0019503406633202538,0.0012012639485906868,115878,74139,6313585,10,10820,1.5838861756038764e-06,0.0017137648420033943
2,identity,active,265,6648320,initial_to_bounded,original,mamba_RGB_residual,0.7981561214222607,0.8040457483098918,0.08318150741122252,3156139,2069,4341,8533,6261,0.002564706310723945,0.002020982913859469,156206,126823,5972377,3,14882,5.023125633227776e-07,0.0024918051891231916
2,identity,active,265,6648320,initial_to_bounded,original,mamba_NI_residual,0.7540910721180049,0.7284056712726928,0.08575893056366482,3961126,4011,8762,15805,11054,0.004503261859781719,0.003727980425502552,265457,231843,5727714,2,30827,3.491794457614329e-07,0.005382077387243846
2,identity,active,265,6648320,initial_to_bounded,original,mamba_TI_residual,0.8302298050024894,0.851184226737403,0.0742774739536591,2759267,1481,4412,8914,5983,0.0026216381701751825,0.0019037047428051616,154237,114553,6314176,0,10081,0.0,0.00159656620277927
2,identity,active,265,6648320,initial_to_bounded,original,pure_bank,0.7967759228368886,0.790986358168491,0.04679232290094828,3563295,0,0,0,0,2.2333466051526057e-05,6.439234964111761e-06,3301,973,6521380,0,107,0.0,1.6407570176864406e-05
2,identity,active,265,6648320,initial_to_bounded,original,pure_cnn,0.7986738118858678,0.7875089606742823,0.056116300441845304,3762898,0,5,5,0,7.072928464659367e-05,1.3308613624317491e-05,9158,2104,6517218,0,243,0.0,3.728584804129615e-05
2,identity,active,265,6648320,initial_to_bounded,original,pure_transformer,0.7974949860679323,0.7909049292604322,0.07002667657542515,3535205,0,0,0,0,1.5274897369400738e-05,5.764718502900923e-06,2234,855,6447078,0,274,0.0,4.249987358614244e-05
2,identity,active,265,6648320,initial_to_bounded,original,pure_mamba,0.794158996312963,0.7945452105857005,0.05334291575692151,3262429,0,5,6,1,7.540960037684364e-05,2.3088080899591398e-05,9877,3294,6494030,0,359,0.0,5.5281543201987055e-05
2,identity,active,265,6648320,initial_to_bounded,registered_style,baseline_only,0.5341617212078777,0.5341617212078777,0.0,0,0,0,5,5,0.00019538555610352002,0.00019538555610352002,30409,30409,6617911,0,0,0.0,0.0
2,identity,active,265,6648320,initial_to_bounded,registered_style,fused,0.6154930111271951,0.6115191968903547,0.03310211339190784,3758534,0,23,24,1,0.00032598330650927706,5.049954025179698e-05,44955,8881,6602658,0,498,0.0,7.542417008422972e-05
2,identity,active,265,6648320,initial_to_bounded,registered_style,cnn,0.622695575260425,0.6384218458898256,0.03621513093547609,2457465,0,37,39,2,0.00036682449363131656,4.883620179906973e-05,48601,8488,6598527,0,392,0.0,5.940719800040221e-05
2,identity,active,265,6648320,initial_to_bounded,registered_style,transformer,0.6060961885472563,0.6334360405694669,0.04856341617335612,2136762,0,25,25,0,0.00040210428457273297,3.729628905061065e-05,55269,6495,6592513,0,653,0.0,9.905175765296178e-05
2,identity,active,265,6648320,initial_to_bounded,registered_style,mamba,0.6176872680787141,0.6407055191716772,0.03918383484039126,2046494,0,59,64,5,0.00042491956870639334,7.556508478491973e-05,55404,12114,6591656,0,622,0.0,9.436172033249308e-05
2,identity,active,265,6648320,initial_to_bounded,registered_style,cnn_RGB_residual,0.6951172088144955,0.7341494559434772,0.11414298168014592,2689985,2842,68063,80789,15568,0.013998054428219312,0.004546420699745494,620752,269415,6003693,31,34670,5.163488539470622e-06,0.005774778956885371
2,identity,active,265,6648320,initial_to_bounded,registered_style,cnn_NI_residual,0.6575899246286361,0.6829609671946583,0.11040178306808222,2978514,5238,80390,96719,21567,0.01732596572401409,0.00665183308290379,783016,395493,5827042,42,55861,7.207773686889506e-06,0.009586510617222254
2,identity,active,265,6648320,initial_to_bounded,registered_style,cnn_TI_residual,0.780981250067539,0.8109355859368089,0.08833179708692933,2642386,1408,16231,23383,8560,0.005462338827742457,0.0026509571113835194,291300,160232,6335733,7,16062,1.1048445381142167e-06,0.002535144710170078
2,identity,active,265,6648320,initial_to_bounded,registered_style,transformer_RGB_residual,0.660418390891295,0.73686441842715,0.15132215572530477,2297818,4437,90480,101677,15634,0.017930480202852227,0.004218259578277957,790735,241239,5843143,164,39462,2.8067086497797505e-05,0.006753557118146861
2,identity,active,265,6648320,initial_to_bounded,registered_style,transformer_NI_residual,0.6144735965869983,0.6561248651571164,0.14220660277132163,2825736,8184,121736,139714,26162,0.023604212686895176,0.007011784080520193,1007287,401098,5610592,298,75672,5.3113824708693844e-05,0.013487346789786176
2,identity,active,265,6648320,initial_to_bounded,registered_style,transformer_TI_residual,0.7592000625718109,0.8051419019857509,0.12287423158421364,2586364,2326,21996,28414,8744,0.006155027998195739,0.00230567728392203,317648,134035,6313585,33,22535,5.226824379492792e-06,0.0035692874967233356
2,identity,active,265,6648320,initial_to_bounded,registered_style,mamba_RGB_residual,0.6906572533574495,0.7518741924057692,0.12084353631188641,2280486,3624,70981,85558,18201,0.01477580069477849,0.004792315078093445,652412,271028,5972377,39,31966,6.530063323196108e-06,0.005352307799725302
2,identity,active,265,6648320,initial_to_bounded,registered_style,mamba_NI_residual,0.6416937134848141,0.6760938402892899,0.11851924397932159,2841668,6930,100240,121391,28081,0.020383757686416138,0.007668250662680993,879347,433088,5727714,102,60310,1.7808151733833078e-05,0.01052950618693601
2,identity,active,265,6648320,initial_to_bounded,registered_style,mamba_TI_residual,0.7712875724596887,0.8137800226890507,0.0873966275509547,2303618,2369,15755,25595,12209,0.005923103300063972,0.003236813271145621,313130,182892,6314176,0,17570,0.0,0.0027826275352476715
2,identity,active,265,6648320,initial_to_bounded,registered_style,pure_bank,0.6968243215338386,0.7408805717469334,0.07232774610039569,2011096,0,781,790,9,0.001284437481843691,4.9379573258509445e-05,126409,7245,6521380,0,418,0.0,6.409686293391889e-05
2,identity,active,265,6648320,initial_to_bounded,registered_style,pure_cnn,0.7112294582053988,0.7426820013054927,0.07243026427292143,2457467,2,1184,1203,21,0.0014088781597191933,7.820362718080284e-05,129722,10997,6517218,0,996,0.0,0.0001528259450581521
2,identity,active,265,6648320,initial_to_bounded,registered_style,pure_transformer,0.6780306842054312,0.7327103899047197,0.09712683488757307,2136766,1,1613,1614,2,0.002187223184382358,5.860686899253619e-05,200853,8921,6447078,0,1263,0.0,0.0001959027019682405
2,identity,active,265,6648320,initial_to_bounded,registered_style,pure_mamba,0.7012128437866155,0.7472493479095949,0.07836767251182788,2046495,4,1489,1518,33,0.0016849142135359704,0.0001254890717392078,152790,16449,6494030,0,1417,0.0,0.00021820040868305196
2,identity,active,265,6648320,control_to_bounded,original,baseline_only,0.5341617212078777,0.5341617212078777,0.0,0,0,0,5,5,0.00019538555610352002,0.00019538555610352002,30409,30409,6617911,0,0,0.0,0.0
2,identity,active,265,6648320,control_to_bounded,original,fused,0.6690930951836962,0.6351357343958476,0.03401316423051457,6605159,0,0,0,0,1.8071655899899352e-05,2.3682339064955174e-05,3082,4088,6641071,0,574,0.0,8.643184209293953e-05
2,identity,active,265,6648320,control_to_bounded,original,cnn,0.6654636813287528,0.6608353250448767,0.009139651557953645,4491087,0,0,0,0,2.369250533534114e-05,2.4286868132088315e-05,4152,4344,6639564,0,243,0.0,3.6598788715644584e-05
2,identity,active,265,6648320,control_to_bounded,original,transformer,0.6746551345219485,0.6625333090026635,0.02024612343244232,4703295,0,0,0,0,1.395855944781415e-05,1.4732225932350183e-05,2288,2387,6641994,0,295,0.0,4.441437315360417e-05
2,identity,active,265,6648320,control_to_bounded,original,mamba,0.6671604687790136,0.6643534498368736,0.008787756056031534,4029525,0,1,2,1,3.6175836499887355e-05,3.7226978518162445e-05,5845,5994,6635829,0,298,0.0,4.4907727429383726e-05
2,identity,active,265,6648320,control_to_bounded,original,cnn_RGB_residual,0.7972969236315121,0.7846581590475825,0.027124448853182465,4395415,873,666,5154,5361,0.0018820602912238283,0.0019338725202977939,123636,127051,6367059,0,7074,0.0,0.0011110310113350607
2,identity,active,265,6648320,control_to_bounded,original,cnn_NI_residual,0.7412082172711418,0.7344839349356062,0.02555354260128477,3918658,1161,1252,8409,8318,0.00321513120066318,0.003212754964936179,208849,209369,6223602,0,10072,0.0,0.0016183554154009206
2,identity,active,265,6648320,control_to_bounded,original,cnn_TI_residual,0.8517918847890952,0.8433847915346054,0.02475850591658212,4062635,506,582,4566,4490,0.0016229983298317987,0.0016250688238259314,102462,103354,6474169,0,5054,0.0,0.0007806407277907018
2,identity,active,265,6648320,control_to_bounded,original,transformer_RGB_residual,0.8241667158817554,0.8034743590721898,0.05750327429549001,4100589,1023,1270,4561,4314,0.001328295665615188,0.0013026908561242273,82003,82232,6402101,0,9233,0.0,0.0014421828084249218
2,identity,active,265,6648320,control_to_bounded,original,transformer_NI_residual,0.7494686694696157,0.7232923061696983,0.056718022446981806,4293242,1834,2054,7945,7725,0.002480544390059593,0.002484309492478317,154632,157887,6242818,0,17315,0.0,0.0027735871845054588
2,identity,active,265,6648320,control_to_bounded,original,transformer_TI_residual,0.8718103710272257,0.8459481374961113,0.06153623058588981,4246514,744,1238,4177,3683,0.0012772215361907214,0.0012012639485906868,76429,74139,6504390,0,8359,0.0,0.001285132041590372
2,identity,active,265,6648320,control_to_bounded,original,mamba_RGB_residual,0.8097201771386546,0.8040457483098918,0.024820267561823744,3843038,723,866,6404,6261,0.002005721532145519,0.002020982913859469,125014,126823,6362375,0,5905,0.0,0.0009281125365920745
2,identity,active,265,6648320,control_to_bounded,original,mamba_NI_residual,0.7382688315661646,0.7284056712726928,0.02542297212836612,4171875,1431,1565,11188,11054,0.0036925546350924103,0.003727980425502552,228890,231843,6187315,0,10931,0.0,0.0017666790845463662
2,identity,active,265,6648320,control_to_bounded,original,mamba_TI_residual,0.8524887545193451,0.851184226737403,0.02819698199830363,3421173,738,748,5993,5983,0.0018885152281798096,0.0019037047428051616,113626,114553,6450603,0,5517,0.0,0.0008552688795140548
2,identity,active,265,6648320,control_to_bounded,original,pure_bank,0.8040244929477622,0.790986358168491,0.018798013434052727,4982076,0,0,0,0,6.328772596550612e-06,6.439234964111761e-06,938,973,6641351,0,80,0.0,1.2045741897996356e-05
2,identity,active,265,6648320,control_to_bounded,original,pure_cnn,0.796765673954075,0.7875089606742823,0.01827930366780967,4491086,0,0,0,0,1.3280992357045316e-05,1.3308613624317491e-05,2061,2104,6637539,0,181,0.0,2.726914297603374e-05
2,identity,active,265,6648320,control_to_bounded,original,pure_transformer,0.8151485801829459,0.7909049292604322,0.040492247480263206,4703297,0,0,0,0,5.413792988355247e-06,5.764718502900923e-06,809,855,6640496,0,179,0.0,2.6955817758191558e-05
2,identity,active,265,6648320,control_to_bounded,original,pure_mamba,0.8001592489284391,0.7945452105857005,0.017575512862476297,4029529,0,2,3,1,2.2339719630055616e-05,2.3088080899591398e-05,3228,3294,6631836,0,253,0.0,3.814931491068235e-05
2,identity,active,265,6648320,control_to_bounded,registered_style,baseline_only,0.5341617212078777,0.5341617212078777,0.0,0,0,0,5,5,0.00019538555610352002,0.00019538555610352002,30409,30409,6617911,0,0,0.0,0.0
2,identity,active,265,6648320,control_to_bounded,registered_style,fused,0.6440040736512769,0.6115191968903547,0.03255789500321816,6593844,0,0,1,1,3.926933322098405e-05,5.049954025179698e-05,6875,8881,6641071,0,2058,0.0,0.000309889775308832
2,identity,active,265,6648320,control_to_bounded,registered_style,cnn,0.6427224513827231,0.6384218458898256,0.008997785266724765,4416533,0,1,3,2,4.6403256968446667e-05,4.883620179906973e-05,8058,8488,6639564,0,915,0.0,0.00013781025380582218
2,identity,active,265,6648320,control_to_bounded,registered_style,transformer,0.6458884592028432,0.6334360405694669,0.020229359616559632,4751446,0,0,0,0,3.4001617947978746e-05,3.729628905061065e-05,5966,6495,6641994,0,1429,0.0,0.00021514623470000123
2,identity,active,265,6648320,control_to_bounded,registered_style,mamba,0.643401308498687,0.6407055191716772,0.008696358276724787,4011164,0,2,7,5,7.327392301566917e-05,7.556508478491973e-05,11777,12114,6635829,0,1183,0.0,0.00017827463607033876
2,identity,active,265,6648320,control_to_bounded,registered_style,cnn_RGB_residual,0.7460786824704196,0.7341494559434772,0.02707973060268843,4321326,2293,1750,15025,15568,0.004435533819204419,0.004546420699745494,263159,269415,6367059,0,24217,0.0,0.003803482895321058
2,identity,active,265,6648320,control_to_bounded,registered_style,cnn_NI_residual,0.6893161938341308,0.6829609671946583,0.02578386611790752,3876433,3103,2929,21393,21567,0.006613243022569936,0.00665183308290379,393302,395493,6223602,0,31559,0.0,0.005070857680166566
2,identity,active,265,6648320,control_to_bounded,registered_style,cnn_TI_residual,0.8184547630031821,0.8109355859368089,0.024882269247736573,3976643,993,1109,8676,8560,0.002639712876970309,0.0026509571113835194,158679,160232,6474169,0,11996,0.0,0.0018529018936638817
2,identity,active,265,6648320,control_to_bounded,registered_style,transformer_RGB_residual,0.7578025543607065,0.73686441842715,0.05726873279839711,4117296,3683,4658,16609,15634,0.00419235464795873,0.004218259578277957,233618,241239,6402101,0,45279,0.0,0.007072521973645839
2,identity,active,265,6648320,control_to_bounded,registered_style,transformer_NI_residual,0.682690163455135,0.6561248651571164,0.056725316379449456,4321901,6763,6095,25494,26162,0.0067426062705034165,0.007011784080520193,381309,401098,6242818,2,73190,3.2036814143869005e-07,0.011723872135948861
2,identity,active,265,6648320,control_to_bounded,registered_style,transformer_TI_residual,0.8323529803344397,0.8051419019857509,0.06243429596674993,4268997,1819,2270,9195,8744,0.002354057631200148,0.00230567728392203,132458,134035,6504390,0,23597,0.0,0.0036278574931699974
2,identity,active,265,6648320,control_to_bounded,registered_style,mamba_RGB_residual,0.7575994943869788,0.7518741924057692,0.02506590974870614,3847748,2026,2185,18360,18201,0.004764917298168198,0.004792315078093445,268481,271028,6362375,0,21061,0.0,0.003310241851509853
2,identity,active,265,6648320,control_to_bounded,registered_style,mamba_NI_residual,0.6850165724917195,0.6760938402892899,0.025517202841190204,4077950,3386,3560,28255,28081,0.007637042346395953,0.007668250662680993,429310,433088,6187315,0,32598,0.0,0.005268521159824576
2,identity,active,265,6648320,control_to_bounded,registered_style,mamba_TI_residual,0.8153067269039509,0.8137800226890507,0.028024403277197872,3437355,1465,1340,12084,12209,0.0032085195943733365,0.003236813271145621,181544,182892,6450603,0,13928,0.0,0.0021591779869261835
2,identity,active,265,6648320,control_to_bounded,registered_style,pure_bank,0.7538464476213871,0.7408805717469334,0.018624328860207612,4992512,1,1,9,9,4.594094291858279e-05,4.9379573258509445e-05,6760,7245,6641351,0,1189,0.0,0.00017902983895897085
2,identity,active,265,6648320,control_to_bounded,registered_style,pure_cnn,0.7512832117127657,0.7426820013054927,0.017995570870196157,4416532,3,6,24,21,7.287704919601045e-05,7.820362718080284e-05,10288,10997,6637539,0,1928,0.0,0.0002904691030817295
2,identity,active,265,6648320,control_to_bounded,registered_style,pure_transformer,0.7576152270204888,0.7327103899047197,0.040458720363309775,4751448,0,3,5,2,5.121073707996705e-05,5.860686899253619e-05,7648,8921,6640496,0,3149,0.0,0.000474211564919247
2,identity,active,265,6648320,control_to_bounded,registered_style,pure_mamba,0.7526409261228219,0.7472493479095949,0.01739271701284569,4011158,2,4,35,33,0.00012107655569547824,0.0001254890717392078,15846,16449,6631836,0,2447,0.0,0.00036897776121122414
2,identity,inactive,275,6899200,initial_to_control,original,baseline_only,0.531646172539176,0.531646172539176,0.0,0,0,0,8,8,0.00017964522353117773,0.00017964522353117773,29449,29449,6869751,0,0,0.0,0.0
2,identity,inactive,275,6899200,initial_to_control,original,fused,0.6641513196046458,0.6681847949759024,0.02397340562628947,3035866,0,4,4,0,3.5313062177929464e-05,1.3094568081636064e-05,6126,2607,6893074,0,293,0.0,4.2506434719836174e-05
2,identity,inactive,275,6899200,initial_to_control,original,cnn,0.6643815837316255,0.6645935173803968,0.027526498534882857,3437587,0,4,4,0,6.248610901360305e-05,2.035066331682795e-05,10280,3970,6888920,0,441,0.0,6.401583992846484e-05
2,identity,inactive,275,6899200,initial_to_control,original,transformer,0.6653218114519954,0.6738492336357971,0.03685220891881369,2925208,0,5,5,0,2.285906749088519e-05,8.705139839223689e-06,3814,1695,6895386,0,421,0.0,6.105532018077015e-05
2,identity,inactive,275,6899200,initial_to_control,original,mamba,0.6627505604927723,0.6661116302985246,0.026582090294739725,3127248,0,2,3,1,6.530015764115565e-05,3.0333016459279963e-05,10646,5372,6888554,0,683,0.0,9.914998125876635e-05
2,identity,inactive,275,6899200,initial_to_control,original,cnn_RGB_residual,0.7945488740417952,0.7958272175346891,0.08666898204156612,3394411,1921,5236,9997,6682,0.0026983600092303534,0.002073396542200515,166827,136789,6732373,4,35650,5.941441450139498e-07,0.005295309692436827
2,identity,inactive,275,6899200,initial_to_control,original,cnn_NI_residual,0.772490397597804,0.7513061081064176,0.08398109758166859,4007641,3333,7002,12246,8577,0.003655656716171155,0.0030737544159904462,231191,206061,6668009,21,56793,3.1493658751810324e-06,0.008517235054721732
2,identity,inactive,275,6899200,initial_to_control,original,cnn_TI_residual,0.8243118182947629,0.8454893615761201,0.08040218531503165,2880164,1024,4715,7833,4142,0.0023541086960652507,0.0014865303470165585,149682,100063,6749518,0,16696,0.0,0.0024736581189945712
2,identity,inactive,275,6899200,initial_to_control,original,transformer_RGB_residual,0.8055412874484308,0.824047988955409,0.1182163334834891,3085386,2680,2856,5724,5548,0.001551730936876543,0.0014220632134481306,100315,87483,6798885,96,34645,1.4119962317350565e-05,0.005095688484214691
2,identity,inactive,275,6899200,initial_to_control,original,transformer_NI_residual,0.7621047026857454,0.758166298156154,0.11517444888382648,3511051,4111,4517,8084,7678,0.002441487398968035,0.002333038399454303,160866,151349,6738334,136,63770,2.0183030404844878e-05,0.009463763594977631
2,identity,inactive,275,6899200,initial_to_control,original,transformer_TI_residual,0.829346456880633,0.8659427123327281,0.10436121690243143,2696927,1159,4027,6029,3161,0.0017270974400219689,0.0010741969873971976,109560,70856,6789640,11,18109,1.6201153522130777e-06,0.0026671517193842384
2,identity,inactive,275,6899200,initial_to_control,original,mamba_RGB_residual,0.7941610539059744,0.8068552017848934,0.08250869315086977,3049915,2282,4885,10199,7596,0.0027127362254822595,0.0021957288327745534,166434,139438,6732766,19,33261,2.8220199543545697e-06,0.004940168721146702
2,identity,inactive,275,6899200,initial_to_control,original,mamba_NI_residual,0.7613343278737728,0.746641045442595,0.08260784264904773,3819609,3566,8218,15947,11295,0.004220307639516831,0.003526435373231115,255213,225363,6643987,9,57911,1.3546083097393178e-06,0.008716302425034848
2,identity,inactive,275,6899200,initial_to_control,original,mamba_TI_residual,0.8260695667206938,0.8482351310957967,0.07508401493998643,2809918,1386,4205,8158,5339,0.0023452794901661087,0.0016789371990650014,146805,108611,6752395,0,17988,0.0,0.0026639436822046103
2,identity,inactive,275,6899200,initial_to_control,original,pure_bank,0.7966564880209674,0.8047234386863362,0.047946811669866314,3035868,0,2,2,0,1.612136542547374e-05,2.641265963169376e-06,2546,501,6896654,0,113,0.0,1.638475701405348e-05
2,identity,inactive,275,6899200,initial_to_control,original,pure_cnn,0.7971170275711501,0.7975408940275791,0.055052998645610925,3437586,0,6,6,0,5.6962027160836976e-05,9.863711432229446e-06,8188,1803,6891012,0,526,0.0,7.633131389119624e-05
2,identity,inactive,275,6899200,initial_to_control,original,pure_transformer,0.7989974821510686,0.8160523277020372,0.07370442045907002,2925208,0,4,4,0,1.1110530633749884e-05,2.239445646593852e-06,1586,413,6897614,0,203,0.0,2.9430466825194916e-05
2,identity,inactive,275,6899200,initial_to_control,original,pure_mamba,0.7938549790901607,0.8005771203318268,0.053164182111295,3127250,0,3,3,0,5.749299704664833e-05,1.6520213494291084e-05,8144,2786,6891056,0,737,0.0,0.00010695022649649052
2,identity,inactive,275,6899200,initial_to_control,registered_style,baseline_only,0.531646172539176,0.531646172539176,0.0,0,0,0,8,8,0.00017964522353117773,0.00017964522353117773,29449,29449,6869751,0,0,0.0,0.0
2,identity,inactive,275,6899200,initial_to_control,registered_style,fused,0.6641513196046458,0.6681847949759024,0.02397340562628947,3035866,0,4,4,0,3.5313062177929464e-05,1.3094568081636064e-05,6126,2607,6893074,0,293,0.0,4.2506434719836174e-05
2,identity,inactive,275,6899200,initial_to_control,registered_style,cnn,0.6643815837316255,0.6645935173803968,0.027526498534882857,3437587,0,4,4,0,6.248610901360305e-05,2.035066331682795e-05,10280,3970,6888920,0,441,0.0,6.401583992846484e-05
2,identity,inactive,275,6899200,initial_to_control,registered_style,transformer,0.6653218114519954,0.6738492336357971,0.03685220891881369,2925208,0,5,5,0,2.285906749088519e-05,8.705139839223689e-06,3814,1695,6895386,0,421,0.0,6.105532018077015e-05
2,identity,inactive,275,6899200,initial_to_control,registered_style,mamba,0.6627505604927723,0.6661116302985246,0.026582090294739725,3127248,0,2,3,1,6.530015764115565e-05,3.0333016459279963e-05,10646,5372,6888554,0,683,0.0,9.914998125876635e-05
2,identity,inactive,275,6899200,initial_to_control,registered_style,cnn_RGB_residual,0.7945488740417952,0.7958272175346891,0.08666898204156612,3394411,1921,5236,9997,6682,0.0026983600092303534,0.002073396542200515,166827,136789,6732373,4,35650,5.941441450139498e-07,0.005295309692436827
2,identity,inactive,275,6899200,initial_to_control,registered_style,cnn_NI_residual,0.772490397597804,0.7513061081064176,0.08398109758166859,4007641,3333,7002,12246,8577,0.003655656716171155,0.0030737544159904462,231191,206061,6668009,21,56793,3.1493658751810324e-06,0.008517235054721732
2,identity,inactive,275,6899200,initial_to_control,registered_style,cnn_TI_residual,0.8243118182947629,0.8454893615761201,0.08040218531503165,2880164,1024,4715,7833,4142,0.0023541086960652507,0.0014865303470165585,149682,100063,6749518,0,16696,0.0,0.0024736581189945712
2,identity,inactive,275,6899200,initial_to_control,registered_style,transformer_RGB_residual,0.8055412874484308,0.824047988955409,0.1182163334834891,3085386,2680,2856,5724,5548,0.001551730936876543,0.0014220632134481306,100315,87483,6798885,96,34645,1.4119962317350565e-05,0.005095688484214691
2,identity,inactive,275,6899200,initial_to_control,registered_style,transformer_NI_residual,0.7621047026857454,0.758166298156154,0.11517444888382648,3511051,4111,4517,8084,7678,0.002441487398968035,0.002333038399454303,160866,151349,6738334,136,63770,2.0183030404844878e-05,0.009463763594977631
2,identity,inactive,275,6899200,initial_to_control,registered_style,transformer_TI_residual,0.829346456880633,0.8659427123327281,0.10436121690243143,2696927,1159,4027,6029,3161,0.0017270974400219689,0.0010741969873971976,109560,70856,6789640,11,18109,1.6201153522130777e-06,0.0026671517193842384
2,identity,inactive,275,6899200,initial_to_control,registered_style,mamba_RGB_residual,0.7941610539059744,0.8068552017848934,0.08250869315086977,3049915,2282,4885,10199,7596,0.0027127362254822595,0.0021957288327745534,166434,139438,6732766,19,33261,2.8220199543545697e-06,0.004940168721146702
2,identity,inactive,275,6899200,initial_to_control,registered_style,mamba_NI_residual,0.7613343278737728,0.746641045442595,0.08260784264904773,3819609,3566,8218,15947,11295,0.004220307639516831,0.003526435373231115,255213,225363,6643987,9,57911,1.3546083097393178e-06,0.008716302425034848
2,identity,inactive,275,6899200,initial_to_control,registered_style,mamba_TI_residual,0.8260695667206938,0.8482351310957967,0.07508401493998643,2809918,1386,4205,8158,5339,0.0023452794901661087,0.0016789371990650014,146805,108611,6752395,0,17988,0.0,0.0026639436822046103
2,identity,inactive,275,6899200,initial_to_control,registered_style,pure_bank,0.7966564880209674,0.8047234386863362,0.047946811669866314,3035868,0,2,2,0,1.612136542547374e-05,2.641265963169376e-06,2546,501,6896654,0,113,0.0,1.638475701405348e-05
2,identity,inactive,275,6899200,initial_to_control,registered_style,pure_cnn,0.7971170275711501,0.7975408940275791,0.055052998645610925,3437586,0,6,6,0,5.6962027160836976e-05,9.863711432229446e-06,8188,1803,6891012,0,526,0.0,7.633131389119624e-05
2,identity,inactive,275,6899200,initial_to_control,registered_style,pure_transformer,0.7989974821510686,0.8160523277020372,0.07370442045907002,2925208,0,4,4,0,1.1110530633749884e-05,2.239445646593852e-06,1586,413,6897614,0,203,0.0,2.9430466825194916e-05
2,identity,inactive,275,6899200,initial_to_control,registered_style,pure_mamba,0.7938549790901607,0.8005771203318268,0.053164182111295,3127250,0,3,3,0,5.749299704664833e-05,1.6520213494291084e-05,8144,2786,6891056,0,737,0.0,0.00010695022649649052
2,identity,inactive,275,6899200,initial_to_bounded,original,baseline_only,0.531646172539176,0.531646172539176,0.0,0,0,0,8,8,0.00017964522353117773,0.00017964522353117773,29449,29449,6869751,0,0,0.0,0.0
2,identity,inactive,275,6899200,initial_to_bounded,original,fused,0.6641513196046458,0.6337282132407851,0.034854894219544616,5878285,0,4,4,0,3.5313062177929464e-05,1.768659004547902e-05,6126,3475,6893074,0,521,0.0,7.558311429704657e-05
2,identity,inactive,275,6899200,initial_to_bounded,original,cnn,0.6643815837316255,0.6598493786907468,0.02795517324998768,3820261,0,4,4,0,6.248610901360305e-05,2.2129499875628582e-05,10280,4244,6888920,0,497,0.0,7.214483547493657e-05
2,identity,inactive,275,6899200,initial_to_bounded,original,transformer,0.6653218114519954,0.6618273602610149,0.03543723714925981,3672708,0,5,5,0,2.285906749088519e-05,9.549294435806844e-06,3814,1825,6895386,0,428,0.0,6.207049177522477e-05
2,identity,inactive,275,6899200,initial_to_bounded,original,mamba,0.6627505604927723,0.6634894363408623,0.02696565453801926,3352092,0,3,3,0,6.530015764115565e-05,3.1502515695992925e-05,10646,5552,6888554,0,767,0.0,0.00011134412243846821
2,identity,inactive,275,6899200,initial_to_bounded,original,cnn_RGB_residual,0.7945488740417952,0.7838404032653937,0.08650285370557441,3698641,1956,5219,9997,6734,0.0026983600092303534,0.0021290496813076406,166827,140836,6732373,8,37154,1.1882882900278996e-06,0.005518707890962073
2,identity,inactive,275,6899200,initial_to_bounded,original,cnn_NI_residual,0.772490397597804,0.7446473163108319,0.08510586716777689,4194696,3347,7021,12246,8572,0.003655656716171155,0.003093626371190492,231191,207531,6668009,18,57068,2.6994564644408847e-06,0.008558476750706246
2,identity,inactive,275,6899200,initial_to_bounded,original,cnn_TI_residual,0.8243118182947629,0.835670137437357,0.08012665938920403,3147102,995,4812,7833,4016,0.0023541086960652507,0.001494295420996279,149682,101481,6749518,1,17286,1.4815872777878362e-07,0.0025610717683840537
2,identity,inactive,275,6899200,initial_to_bounded,original,transformer_RGB_residual,0.8055412874484308,0.8019697838832913,0.11267795004530799,3509951,2304,2990,5724,5038,0.001551730936876543,0.0013742476172038036,100315,86949,6798885,79,33646,1.161955232365307e-05,0.004948752626349762
2,identity,inactive,275,6899200,initial_to_bounded,original,transformer_NI_residual,0.7621047026857454,0.7314215026931647,0.11226548420289777,4036142,3561,4626,8084,7019,0.002441487398968035,0.0023213992966162043,160866,154460,6738334,99,64571,1.4692058897644433e-05,0.009582635707876755
2,identity,inactive,275,6899200,initial_to_bounded,original,transformer_TI_residual,0.829346456880633,0.8426344678322082,0.10417193229929043,3209007,1052,4139,6029,2942,0.0017270974400219689,0.0010264849561563833,109560,69923,6789640,9,18489,1.3255489245379725e-06,0.002723119340642508
2,identity,inactive,275,6899200,initial_to_bounded,original,mamba_RGB_residual,0.7941610539059744,0.8023695425124452,0.0840984544062476,3196080,2180,4998,10199,7381,0.0027127362254822595,0.002192741395888814,166434,140595,6732766,26,34301,3.861711516485201e-06,0.005094637181806111
2,identity,inactive,275,6899200,initial_to_bounded,original,mamba_NI_residual,0.7613343278737728,0.7370430491999915,0.08571862556578361,4076935,3576,8314,15947,11209,0.004220307639516831,0.003553456229389841,255213,228589,6643987,14,60978,2.107168481816716e-06,0.009177922834587123
2,identity,inactive,275,6899200,initial_to_bounded,original,mamba_TI_residual,0.8260695667206938,0.846585619717688,0.07420192011223195,2850536,1373,4198,8158,5333,0.0023452794901661087,0.0016767366750729386,146805,108321,6752395,0,17460,0.0,0.0025857492045414997
2,identity,inactive,275,6899200,initial_to_bounded,original,pure_bank,0.7966564880209674,0.7917979677811949,0.04717813808280371,3646164,0,2,2,0,1.612136542547374e-05,3.2167730185653873e-06,2546,584,6896654,0,133,0.0,1.9284714007691266e-05
2,identity,inactive,275,6899200,initial_to_bounded,original,pure_cnn,0.7971170275711501,0.7880526167059406,0.05591034852070408,3820260,0,6,6,0,5.6962027160836976e-05,1.1630842704027022e-05,8188,2064,6891012,0,638,0.0,9.258436932050039e-05
2,identity,inactive,275,6899200,initial_to_bounded,original,pure_transformer,0.7989974821510686,0.7920085783354149,0.07087447655920144,3672708,0,4,4,0,1.1110530633749884e-05,2.1722302498250275e-06,1586,429,6897614,0,188,0.0,2.7255801788850464e-05
2,identity,inactive,275,6899200,initial_to_bounded,original,pure_mamba,0.7938549790901607,0.7953327312880291,0.053931310467858526,3352093,0,3,3,0,5.749299704664833e-05,1.818297669725618e-05,8144,2955,6891056,0,843,0.0,0.00012233248431009702
2,identity,inactive,275,6899200,initial_to_bounded,registered_style,baseline_only,0.531646172539176,0.531646172539176,0.0,0,0,0,8,8,0.00017964522353117773,0.00017964522353117773,29449,29449,6869751,0,0,0.0,0.0
2,identity,inactive,275,6899200,initial_to_bounded,registered_style,fused,0.6641513196046458,0.6337282132407851,0.034854894219544616,5878285,0,4,4,0,3.5313062177929464e-05,1.768659004547902e-05,6126,3475,6893074,0,521,0.0,7.558311429704657e-05
2,identity,inactive,275,6899200,initial_to_bounded,registered_style,cnn,0.6643815837316255,0.6598493786907468,0.02795517324998768,3820261,0,4,4,0,6.248610901360305e-05,2.2129499875628582e-05,10280,4244,6888920,0,497,0.0,7.214483547493657e-05
2,identity,inactive,275,6899200,initial_to_bounded,registered_style,transformer,0.6653218114519954,0.6618273602610149,0.03543723714925981,3672708,0,5,5,0,2.285906749088519e-05,9.549294435806844e-06,3814,1825,6895386,0,428,0.0,6.207049177522477e-05
2,identity,inactive,275,6899200,initial_to_bounded,registered_style,mamba,0.6627505604927723,0.6634894363408623,0.02696565453801926,3352092,0,3,3,0,6.530015764115565e-05,3.1502515695992925e-05,10646,5552,6888554,0,767,0.0,0.00011134412243846821
2,identity,inactive,275,6899200,initial_to_bounded,registered_style,cnn_RGB_residual,0.7945488740417952,0.7838404032653937,0.08650285370557441,3698641,1956,5219,9997,6734,0.0026983600092303534,0.0021290496813076406,166827,140836,6732373,8,37154,1.1882882900278996e-06,0.005518707890962073
2,identity,inactive,275,6899200,initial_to_bounded,registered_style,cnn_NI_residual,0.772490397597804,0.7446473163108319,0.08510586716777689,4194696,3347,7021,12246,8572,0.003655656716171155,0.003093626371190492,231191,207531,6668009,18,57068,2.6994564644408847e-06,0.008558476750706246
2,identity,inactive,275,6899200,initial_to_bounded,registered_style,cnn_TI_residual,0.8243118182947629,0.835670137437357,0.08012665938920403,3147102,995,4812,7833,4016,0.0023541086960652507,0.001494295420996279,149682,101481,6749518,1,17286,1.4815872777878362e-07,0.0025610717683840537
2,identity,inactive,275,6899200,initial_to_bounded,registered_style,transformer_RGB_residual,0.8055412874484308,0.8019697838832913,0.11267795004530799,3509951,2304,2990,5724,5038,0.001551730936876543,0.0013742476172038036,100315,86949,6798885,79,33646,1.161955232365307e-05,0.004948752626349762
2,identity,inactive,275,6899200,initial_to_bounded,registered_style,transformer_NI_residual,0.7621047026857454,0.7314215026931647,0.11226548420289777,4036142,3561,4626,8084,7019,0.002441487398968035,0.0023213992966162043,160866,154460,6738334,99,64571,1.4692058897644433e-05,0.009582635707876755
2,identity,inactive,275,6899200,initial_to_bounded,registered_style,transformer_TI_residual,0.829346456880633,0.8426344678322082,0.10417193229929043,3209007,1052,4139,6029,2942,0.0017270974400219689,0.0010264849561563833,109560,69923,6789640,9,18489,1.3255489245379725e-06,0.002723119340642508
2,identity,inactive,275,6899200,initial_to_bounded,registered_style,mamba_RGB_residual,0.7941610539059744,0.8023695425124452,0.0840984544062476,3196080,2180,4998,10199,7381,0.0027127362254822595,0.002192741395888814,166434,140595,6732766,26,34301,3.861711516485201e-06,0.005094637181806111
2,identity,inactive,275,6899200,initial_to_bounded,registered_style,mamba_NI_residual,0.7613343278737728,0.7370430491999915,0.08571862556578361,4076935,3576,8314,15947,11209,0.004220307639516831,0.003553456229389841,255213,228589,6643987,14,60978,2.107168481816716e-06,0.009177922834587123
2,identity,inactive,275,6899200,initial_to_bounded,registered_style,mamba_TI_residual,0.8260695667206938,0.846585619717688,0.07420192011223195,2850536,1373,4198,8158,5333,0.0023452794901661087,0.0016767366750729386,146805,108321,6752395,0,17460,0.0,0.0025857492045414997
2,identity,inactive,275,6899200,initial_to_bounded,registered_style,pure_bank,0.7966564880209674,0.7917979677811949,0.04717813808280371,3646164,0,2,2,0,1.612136542547374e-05,3.2167730185653873e-06,2546,584,6896654,0,133,0.0,1.9284714007691266e-05
2,identity,inactive,275,6899200,initial_to_bounded,registered_style,pure_cnn,0.7971170275711501,0.7880526167059406,0.05591034852070408,3820260,0,6,6,0,5.6962027160836976e-05,1.1630842704027022e-05,8188,2064,6891012,0,638,0.0,9.258436932050039e-05
2,identity,inactive,275,6899200,initial_to_bounded,registered_style,pure_transformer,0.7989974821510686,0.7920085783354149,0.07087447655920144,3672708,0,4,4,0,1.1110530633749884e-05,2.1722302498250275e-06,1586,429,6897614,0,188,0.0,2.7255801788850464e-05
2,identity,inactive,275,6899200,initial_to_bounded,registered_style,pure_mamba,0.7938549790901607,0.7953327312880291,0.053931310467858526,3352093,0,3,3,0,5.749299704664833e-05,1.818297669725618e-05,8144,2955,6891056,0,843,0.0,0.00012233248431009702
2,identity,inactive,275,6899200,control_to_bounded,original,baseline_only,0.531646172539176,0.531646172539176,0.0,0,0,0,8,8,0.00017964522353117773,0.00017964522353117773,29449,29449,6869751,0,0,0.0,0.0
2,identity,inactive,275,6899200,control_to_bounded,original,fused,0.6681847949759024,0.6337282132407851,0.034511564373986725,6853845,0,0,0,0,1.3094568081636064e-05,1.768659004547902e-05,2607,3475,6896593,0,945,0.0,0.00013702417991028323
2,identity,inactive,275,6899200,control_to_bounded,original,cnn,0.6645935173803968,0.6598493786907468,0.009178939491255526,4679152,0,0,0,0,2.035066331682795e-05,2.2129499875628582e-05,3970,4244,6895230,0,564,0.0,8.179567614133248e-05
2,identity,inactive,275,6899200,control_to_bounded,original,transformer,0.6738492336357971,0.6618273602610149,0.020578884683611996,4824995,0,0,0,0,8.705139839223689e-06,9.549294435806844e-06,1695,1825,6897505,0,451,0.0,6.538596202539904e-05
2,identity,inactive,275,6899200,control_to_bounded,original,mamba,0.6661116302985246,0.6634894363408623,0.00870229007944224,4107782,0,1,1,0,3.0333016459279963e-05,3.1502515695992925e-05,5372,5552,6893828,0,618,0.0,8.964540455607538e-05
2,identity,inactive,275,6899200,control_to_bounded,original,cnn_RGB_residual,0.7958272175346891,0.7838404032653937,0.02686594695740538,4491447,845,793,6682,6734,0.002073396542200515,0.0021290496813076406,136789,140836,6762411,0,15451,0.0,0.0022848359852721167
2,identity,inactive,275,6899200,control_to_bounded,original,cnn_NI_residual,0.7513061081064176,0.7446473163108319,0.025710789914945777,4048100,1300,1305,8577,8572,0.0030737544159904462,0.003093626371190492,206061,207531,6693139,0,20365,0.0,0.003042668021686088
2,identity,inactive,275,6899200,control_to_bounded,original,cnn_TI_residual,0.8454893615761201,0.835670137437357,0.025022164133496456,4342230,498,624,4142,4016,0.0014865303470165585,0.001494295420996279,100063,101481,6799137,0,9572,0.0,0.001407825728471128
2,identity,inactive,275,6899200,control_to_bounded,original,transformer_RGB_residual,0.824047988955409,0.8019697838832913,0.058523904320877125,4295743,1014,1524,5548,5038,0.0014220632134481306,0.0013742476172038036,87483,86949,6811717,0,17038,0.0,0.0025012783120614084
2,identity,inactive,275,6899200,control_to_bounded,original,transformer_NI_residual,0.758166298156154,0.7314215026931647,0.05805520330126842,4482413,1545,2204,7678,7019,0.002333038399454303,0.0023213992966162043,151349,154460,6747851,0,31439,0.0,0.00465911295314612
2,identity,inactive,275,6899200,control_to_bounded,original,transformer_TI_residual,0.8659427123327281,0.8426344678322082,0.06056321506543602,4315783,787,1006,3161,2942,0.0010741969873971976,0.0010264849561563833,70856,69923,6828344,0,13989,0.0,0.002048666558099592
2,identity,inactive,275,6899200,control_to_bounded,original,mamba_RGB_residual,0.8068552017848934,0.8023695425124452,0.02438287922304398,3861907,763,978,7596,7381,0.0021957288327745534,0.002192741395888814,139438,140595,6759762,0,12742,0.0,0.0018849776071997802
2,identity,inactive,275,6899200,control_to_bounded,original,mamba_NI_residual,0.746641045442595,0.7370430491999915,0.025512322215994646,4286105,1452,1538,11295,11209,0.003526435373231115,0.003553456229389841,225363,228589,6673837,0,22741,0.0,0.003407485079422827
2,identity,inactive,275,6899200,control_to_bounded,original,mamba_TI_residual,0.8482351310957967,0.846585619717688,0.02774886139733996,3582555,666,672,5339,5333,0.0016789371990650014,0.0016767366750729386,108611,108321,6790589,0,9645,0.0,0.0014203480728991256
2,identity,inactive,275,6899200,control_to_bounded,original,pure_bank,0.8047234386863362,0.7917979677811949,0.01889198323141994,5129137,0,0,0,0,2.641265963169376e-06,3.2167730185653873e-06,501,584,6898699,0,145,0.0,2.10184557986948e-05
2,identity,inactive,275,6899200,control_to_bounded,original,pure_cnn,0.7975408940275791,0.7880526167059406,0.01835787955817943,4679148,0,0,0,0,9.863711432229446e-06,1.1630842704027022e-05,1803,2064,6897397,0,475,0.0,6.88665593701508e-05
2,identity,inactive,275,6899200,control_to_bounded,original,pure_transformer,0.8160523277020372,0.7920085783354149,0.04115777155252474,4824997,0,0,0,0,2.239445646593852e-06,2.1722302498250275e-06,413,429,6898787,0,174,0.0,2.522182522811619e-05
2,identity,inactive,275,6899200,control_to_bounded,original,pure_mamba,0.8005771203318268,0.7953327312880291,0.01740458132988503,4107787,0,0,0,0,1.6520213494291084e-05,1.818297669725618e-05,2786,2955,6896414,0,550,0.0,7.975159263930501e-05
2,identity,inactive,275,6899200,control_to_bounded,registered_style,baseline_only,0.531646172539176,0.531646172539176,0.0,0,0,0,8,8,0.00017964522353117773,0.00017964522353117773,29449,29449,6869751,0,0,0.0,0.0
2,identity,inactive,275,6899200,control_to_bounded,registered_style,fused,0.6681847949759024,0.6337282132407851,0.034511564373986725,6853845,0,0,0,0,1.3094568081636064e-05,1.768659004547902e-05,2607,3475,6896593,0,945,0.0,0.00013702417991028323
2,identity,inactive,275,6899200,control_to_bounded,registered_style,cnn,0.6645935173803968,0.6598493786907468,0.009178939491255526,4679152,0,0,0,0,2.035066331682795e-05,2.2129499875628582e-05,3970,4244,6895230,0,564,0.0,8.179567614133248e-05
2,identity,inactive,275,6899200,control_to_bounded,registered_style,transformer,0.6738492336357971,0.6618273602610149,0.020578884683611996,4824995,0,0,0,0,8.705139839223689e-06,9.549294435806844e-06,1695,1825,6897505,0,451,0.0,6.538596202539904e-05
2,identity,inactive,275,6899200,control_to_bounded,registered_style,mamba,0.6661116302985246,0.6634894363408623,0.00870229007944224,4107782,0,1,1,0,3.0333016459279963e-05,3.1502515695992925e-05,5372,5552,6893828,0,618,0.0,8.964540455607538e-05
2,identity,inactive,275,6899200,control_to_bounded,registered_style,cnn_RGB_residual,0.7958272175346891,0.7838404032653937,0.02686594695740538,4491447,845,793,6682,6734,0.002073396542200515,0.0021290496813076406,136789,140836,6762411,0,15451,0.0,0.0022848359852721167
2,identity,inactive,275,6899200,control_to_bounded,registered_style,cnn_NI_residual,0.7513061081064176,0.7446473163108319,0.025710789914945777,4048100,1300,1305,8577,8572,0.0030737544159904462,0.003093626371190492,206061,207531,6693139,0,20365,0.0,0.003042668021686088
2,identity,inactive,275,6899200,control_to_bounded,registered_style,cnn_TI_residual,0.8454893615761201,0.835670137437357,0.025022164133496456,4342230,498,624,4142,4016,0.0014865303470165585,0.001494295420996279,100063,101481,6799137,0,9572,0.0,0.001407825728471128
2,identity,inactive,275,6899200,control_to_bounded,registered_style,transformer_RGB_residual,0.824047988955409,0.8019697838832913,0.058523904320877125,4295743,1014,1524,5548,5038,0.0014220632134481306,0.0013742476172038036,87483,86949,6811717,0,17038,0.0,0.0025012783120614084
2,identity,inactive,275,6899200,control_to_bounded,registered_style,transformer_NI_residual,0.758166298156154,0.7314215026931647,0.05805520330126842,4482413,1545,2204,7678,7019,0.002333038399454303,0.0023213992966162043,151349,154460,6747851,0,31439,0.0,0.00465911295314612
2,identity,inactive,275,6899200,control_to_bounded,registered_style,transformer_TI_residual,0.8659427123327281,0.8426344678322082,0.06056321506543602,4315783,787,1006,3161,2942,0.0010741969873971976,0.0010264849561563833,70856,69923,6828344,0,13989,0.0,0.002048666558099592
2,identity,inactive,275,6899200,control_to_bounded,registered_style,mamba_RGB_residual,0.8068552017848934,0.8023695425124452,0.02438287922304398,3861907,763,978,7596,7381,0.0021957288327745534,0.002192741395888814,139438,140595,6759762,0,12742,0.0,0.0018849776071997802
2,identity,inactive,275,6899200,control_to_bounded,registered_style,mamba_NI_residual,0.746641045442595,0.7370430491999915,0.025512322215994646,4286105,1452,1538,11295,11209,0.003526435373231115,0.003553456229389841,225363,228589,6673837,0,22741,0.0,0.003407485079422827
2,identity,inactive,275,6899200,control_to_bounded,registered_style,mamba_TI_residual,0.8482351310957967,0.846585619717688,0.02774886139733996,3582555,666,672,5339,5333,0.0016789371990650014,0.0016767366750729386,108611,108321,6790589,0,9645,0.0,0.0014203480728991256
2,identity,inactive,275,6899200,control_to_bounded,registered_style,pure_bank,0.8047234386863362,0.7917979677811949,0.01889198323141994,5129137,0,0,0,0,2.641265963169376e-06,3.2167730185653873e-06,501,584,6898699,0,145,0.0,2.10184557986948e-05
2,identity,inactive,275,6899200,control_to_bounded,registered_style,pure_cnn,0.7975408940275791,0.7880526167059406,0.01835787955817943,4679148,0,0,0,0,9.863711432229446e-06,1.1630842704027022e-05,1803,2064,6897397,0,475,0.0,6.88665593701508e-05
2,identity,inactive,275,6899200,control_to_bounded,registered_style,pure_transformer,0.8160523277020372,0.7920085783354149,0.04115777155252474,4824997,0,0,0,0,2.239445646593852e-06,2.1722302498250275e-06,413,429,6898787,0,174,0.0,2.522182522811619e-05
2,identity,inactive,275,6899200,control_to_bounded,registered_style,pure_mamba,0.8005771203318268,0.7953327312880291,0.01740458132988503,4107787,0,0,0,0,1.6520213494291084e-05,1.818297669725618e-05,2786,2955,6896414,0,550,0.0,7.975159263930501e-05
