fold,view,comparison,role,modality,stratum,cosine_count,cosine_mean,cosine_min,cosine_p05,cosine_median,cosine_p95,cosine_max,chord_count,chord_mean,chord_min,chord_p05,chord_median,chord_p95,chord_max
0,original,initial_to_control,cnn,RGB,all,37120,0.861801279188487,0.7257100939750671,0.815538415312767,0.8639237880706787,0.9012267529964447,0.9331614971160889,37120,0.523395217479014,0.36561885476112366,0.44446193277835844,0.5216823518276215,0.6073904275894164,0.7406617403030396
0,original,initial_to_control,cnn,RGB,active,18880,0.8620435526468239,0.7257100939750671,0.8150097370147705,0.8644503653049469,0.901198473572731,0.9294286966323853,18880,0.5229135982960589,0.3756895065307617,0.44452582150697706,0.5206720232963562,0.6082603156566619,0.7406617403030396
0,original,initial_to_control,cnn,RGB,inactive,18240,0.8615505049070507,0.7360044121742249,0.816092774271965,0.8633771538734436,0.901229989528656,0.9331614971160889,18240,0.5238937355806692,0.36561885476112366,0.44445480555295946,0.5227291882038116,0.6064772009849548,0.7266301512718201
0,original,initial_to_control,cnn,NI,all,37120,0.8575860030676142,0.7140562534332275,0.8115873247385025,0.859734296798706,0.8963732212781906,0.9300552010536194,37120,0.531491252050157,0.3740183711051941,0.45525122731924056,0.5296522974967957,0.6138610243797302,0.756232500076294
0,original,initial_to_control,cnn,NI,active,18880,0.8577173109339961,0.7140562534332275,0.8117450714111328,0.859769880771637,0.8963665008544922,0.9274338483810425,18880,0.5312438298269349,0.38096269965171814,0.45526595413684845,0.5295849442481995,0.6136040955781936,0.756232500076294
0,original,initial_to_control,cnn,NI,inactive,18240,0.8574500879076751,0.7200434803962708,0.811422124505043,0.8597120642662048,0.8964034140110015,0.9300552010536194,18240,0.5317473557548957,0.3740183711051941,0.45518477261066437,0.5296941995620728,0.6141299933195115,0.7482734322547913
0,original,initial_to_control,cnn,TI,all,37120,0.8666750015594579,0.6837604641914368,0.8264655321836472,0.8678165078163147,0.903648293018341,0.9316316246986389,37120,0.5143710131130728,0.3697795569896698,0.43897999078035355,0.5141662061214447,0.5891256481409073,0.7952855229377747
0,original,initial_to_control,cnn,TI,active,18880,0.8664217991628131,0.6837604641914368,0.825743967294693,0.8674285113811493,0.9042046219110489,0.9316316246986389,18880,0.5148098256202194,0.3697795569896698,0.4377108156681061,0.5149204134941101,0.5903491795063018,0.7952855229377747
0,original,initial_to_control,cnn,TI,inactive,18240,0.8669370882507218,0.7389726042747498,0.8270400196313858,0.8681571185588837,0.9032047271728515,0.9308088421821594,18240,0.5139168036758508,0.3719978928565979,0.43998938500881196,0.5135034918785095,0.5881495654582977,0.7225337028503418
0,original,initial_to_control,transformer,RGB,all,37120,0.7648635349910835,0.5312143564224243,0.6897007882595062,0.7704721093177795,0.8207813888788223,0.8739917278289795,37120,0.6832554449889295,0.5020127892494202,0.5986963659524918,0.6775365769863129,0.787780874967575,0.9682826995849609
0,original,initial_to_control,transformer,RGB,active,18880,0.7651786805335749,0.5491156578063965,0.6883936107158661,0.7711764574050903,0.8207782328128814,0.8711684942245483,18880,0.6827765859474065,0.5076053738594055,0.5987016826868057,0.6764962077140808,0.7894381791353225,0.9496150612831116
0,original,initial_to_control,transformer,RGB,inactive,18240,0.7645373317102592,0.5312143564224243,0.6909420847892761,0.76973956823349,0.8207860797643661,0.8739917278289795,18240,0.6837511061020849,0.5020127892494202,0.5986884891986847,0.6786170303821564,0.7862034827470779,0.9682826995849609
0,original,initial_to_control,transformer,NI,all,37120,0.754443842768348,0.5482628345489502,0.6813302516937256,0.7572066485881805,0.8181748121976853,0.8592125773429871,37120,0.6982979916293045,0.5306363105773926,0.6030344426631927,0.6968405246734619,0.798335462808609,0.9505126476287842
0,original,initial_to_control,transformer,NI,active,18880,0.7537573343363859,0.5703471899032593,0.6808485984802246,0.7560132741928101,0.8184776961803436,0.8592125773429871,18880,0.6992735054975344,0.5306363105773926,0.602531886100769,0.6985509991645813,0.7989386349916459,0.9269875288009644
0,original,initial_to_control,transformer,NI,inactive,18240,0.7551544392154667,0.5482628345489502,0.6819359451532364,0.7584175765514374,0.8178749740123749,0.8582278490066528,18240,0.6972882492042948,0.5324888229370117,0.603531563282013,0.6951006650924683,0.7975764006376267,0.9505126476287842
0,original,initial_to_control,transformer,TI,all,37120,0.7884532570774699,0.5773715972900391,0.7178185284137726,0.7924919724464417,0.8429663181304932,0.8954856395721436,37120,0.6478175900732006,0.4571967124938965,0.5604173511266708,0.6442174315452576,0.7512408584356307,0.9193785190582275
0,original,initial_to_control,transformer,TI,active,18880,0.7882829518136332,0.5883017778396606,0.7163176834583282,0.7925133109092712,0.8431668758392334,0.8954856395721436,18880,0.6480394952204395,0.4571967124938965,0.5600592374801636,0.6441842913627625,0.7532362014055252,0.9074119925498962
0,original,initial_to_control,transformer,TI,inactive,18240,0.7886295379645992,0.5773715972900391,0.7199254959821701,0.7924134731292725,0.8427709370851516,0.8910989165306091,18240,0.6475878987804448,0.46669280529022217,0.5607658326625824,0.6443392932415009,0.748431071639061,0.9193785190582275
0,original,initial_to_control,mamba,RGB,all,37120,0.8642153803018275,0.6931122541427612,0.8182848542928696,0.8667415082454681,0.9014391958713531,0.930590033531189,37120,0.5188864627050171,0.3725854754447937,0.44398375749588015,0.5162528455257416,0.6028518348932266,0.7834383249282837
0,original,initial_to_control,mamba,RGB,active,18880,0.8639584224734266,0.7073123455047607,0.8183643311262131,0.8663717806339264,0.9010443359613418,0.930590033531189,18880,0.5194157947612515,0.3725854754447937,0.4448722556233406,0.5169686377048492,0.6027197986841202,0.7650980949401855
0,original,initial_to_control,mamba,RGB,inactive,18240,0.8644813541943829,0.6931122541427612,0.8181639015674591,0.867081344127655,0.9018037915229797,0.9299827814102173,18240,0.518338557594178,0.3742121160030365,0.4431619569659233,0.5155943036079407,0.6030525952577591,0.7834383249282837
0,original,initial_to_control,mamba,NI,all,37120,0.8543397325893928,0.6373821496963501,0.8039761930704117,0.8578945696353912,0.8918681412935257,0.9169249534606934,37120,0.5375179116060187,0.40761521458625793,0.46504184007644656,0.5331144332885742,0.6261371195316313,0.851607620716095
0,original,initial_to_control,mamba,NI,active,18880,0.8544371195484773,0.6373821496963501,0.804787939786911,0.8580649495124817,0.8913605242967606,0.9155898094177246,18880,0.5373790053603381,0.410877525806427,0.4661320224404335,0.5327947735786438,0.6248393237590789,0.851607620716095
0,original,initial_to_control,mamba,NI,inactive,18240,0.8542389285440246,0.6471914052963257,0.8032539248466491,0.8577151894569397,0.892290472984314,0.9169249534606934,18240,0.5376616917550564,0.40761521458625793,0.46413246244192125,0.5334508121013641,0.6272897064685822,0.8400102257728577
0,original,initial_to_control,mamba,TI,all,37120,0.8748204160433519,0.7274805307388306,0.8294026911258697,0.8778406381607056,0.9081458449363708,0.9332834482192993,37120,0.4980854459805414,0.36528515815734863,0.42861236482858656,0.49428611993789673,0.5841186791658397,0.7382676005363464
0,original,initial_to_control,mamba,TI,active,18880,0.8749534706916597,0.7325490117073059,0.8281843543052674,0.8781944811344147,0.9083579659461976,0.9327821731567383,18880,0.4977501265325789,0.366654634475708,0.4281169205904007,0.4935697466135025,0.5862007856369018,0.7313700318336487
0,original,initial_to_control,mamba,TI,inactive,18240,0.8746826928108931,0.7274805307388306,0.8303983449935913,0.8775508999824524,0.9079482197761536,0.9332834482192993,18240,0.4984325310231693,0.36528515815734863,0.42907299697399137,0.49487191438674927,0.5824118673801422,0.7382676005363464
0,original,initial_to_bounded,cnn,RGB,all,37120,0.8558627671819051,0.7204121351242065,0.8062234133481979,0.8584141433238983,0.8961998850107193,0.926283597946167,37120,0.5345444354694336,0.38396990299224854,0.4556317463517189,0.5321389734745026,0.6225377917289734,0.7477806210517883
0,original,initial_to_bounded,cnn,RGB,active,18880,0.8561633542590474,0.7204121351242065,0.8064664244651795,0.858790397644043,0.8967190265655518,0.9212903380393982,18880,0.5339534073357739,0.3967611789703369,0.45449077188968656,0.5314314663410187,0.6221473306417464,0.7477806210517883
0,original,initial_to_bounded,cnn,RGB,inactive,18240,0.8555516331897755,0.7259884476661682,0.8059916585683823,0.8580480813980103,0.8958273500204086,0.926283597946167,18240,0.5351562014323447,0.38396990299224854,0.4564485281705856,0.53282630443573,0.6229098826646805,0.7402858734130859
0,original,initial_to_bounded,cnn,NI,all,37120,0.8510328817454264,0.6829370260238647,0.7997103989124298,0.8546653985977173,0.8894064038991928,0.9277693033218384,37120,0.5435980035112529,0.3800806701183319,0.47030560225248336,0.5391375422477722,0.6329132974147796,0.7963203191757202
0,original,initial_to_bounded,cnn,NI,active,18880,0.8511490553680618,0.6829370260238647,0.7998560667037964,0.8548116981983185,0.8896171122789382,0.9265034198760986,18880,0.5433720366176912,0.38339677453041077,0.469857257604599,0.5388660132884979,0.6326832890510559,0.7963203191757202
0,original,initial_to_bounded,cnn,NI,inactive,18240,0.85091263185533,0.7004923224449158,0.799598878622055,0.8544888198375702,0.8890518426895142,0.9277693033218384,18240,0.5438318990677464,0.3800806701183319,0.4710587576031685,0.5394649803638458,0.6330895602703094,0.7739608883857727
0,original,initial_to_bounded,cnn,TI,all,37120,0.8647008884858726,0.6696734428405762,0.81721810400486,0.8669010996818542,0.9047584593296051,0.9364643096923828,37120,0.5176736031947978,0.3564710319042206,0.43644366413354874,0.5159437358379364,0.6046189308166502,0.8128057718276978
0,original,initial_to_bounded,cnn,TI,active,18880,0.864784568112533,0.6696734428405762,0.8168901324272155,0.8671019673347473,0.9051924586296082,0.9348691701889038,18880,0.5174841670366793,0.36091798543930054,0.43544831722974775,0.5155542194843292,0.6051610946655274,0.8128057718276978
0,original,initial_to_bounded,cnn,TI,inactive,18240,0.8646142727319609,0.7513595223426819,0.8176370859146118,0.8666905760765076,0.9043957769870759,0.9364643096923828,18240,0.5178696862356574,0.3564710319042206,0.43727397471666335,0.5163516700267792,0.6039254039525985,0.7051816582679749
0,original,initial_to_bounded,transformer,RGB,all,37120,0.7576689355332276,0.4904399514198303,0.6775029271841049,0.7603334188461304,0.8239814460277557,0.8683511018753052,37120,0.6933166809653029,0.5131257772445679,0.5933272153139114,0.6923389732837677,0.8031153500080108,1.0095148086547852
0,original,initial_to_bounded,transformer,RGB,active,18880,0.7580802644050475,0.5239135026931763,0.676618042588234,0.7611396014690399,0.8251949846744537,0.8683511018753052,18880,0.6926255913419743,0.5131257772445679,0.591278338432312,0.6911735534667969,0.8042163848876953,0.9757936000823975
0,original,initial_to_bounded,transformer,RGB,inactive,18240,0.757243174069414,0.4904399514198303,0.6784819453954697,0.7597006261348724,0.8225820660591125,0.8622012138366699,18240,0.6940320193473446,0.5249739289283752,0.5956811040639878,0.693252295255661,0.8018955081701279,1.0095148086547852
0,original,initial_to_bounded,transformer,NI,all,37120,0.7445874806621979,0.5157989859580994,0.6655578851699829,0.7485491037368774,0.8105159193277358,0.8723536729812622,37120,0.7119225847454549,0.5052651166915894,0.6156039476394654,0.7091557085514069,0.8178534388542175,0.9840742349624634
0,original,initial_to_bounded,transformer,NI,active,18880,0.7444154294207692,0.5460565090179443,0.664360448718071,0.7483438849449158,0.8107845962047577,0.8722789883613586,18880,0.7121404430781633,0.5054128766059875,0.6151672750711441,0.7094450294971466,0.8193162649869918,0.9528310894966125
0,original,initial_to_bounded,transformer,NI,inactive,18240,0.7447655687892908,0.5157989859580994,0.6664401799440384,0.7488163113594055,0.810212156176567,0.8723536729812622,18240,0.7116970822607216,0.5052651166915894,0.6160972237586975,0.7087788283824921,0.816773971915245,0.9840742349624634
0,original,initial_to_bounded,transformer,TI,all,37120,0.7893777878505402,0.603072464466095,0.713554123044014,0.7963941395282745,0.8425271064043045,0.8867184519767761,37120,0.6462973768469589,0.4759864807128906,0.5612004041671753,0.6381315588951111,0.7568961888551712,0.8909856081008911
0,original,initial_to_bounded,transformer,TI,active,18880,0.7894201164275912,0.6092209815979004,0.7137884676456452,0.7962606251239777,0.842394796013832,0.882874608039856,18880,0.6462531103720983,0.48399466276168823,0.56143599152565,0.6383406817913055,0.7565865159034729,0.8840578198432922
0,original,initial_to_bounded,transformer,TI,inactive,18240,0.7893339740602594,0.603072464466095,0.7133952647447586,0.7966037690639496,0.8427075892686844,0.8867184519767761,18240,0.6463431965314637,0.4759864807128906,0.560878700017929,0.6378028690814972,0.7571059763431548,0.8909856081008911
0,original,initial_to_bounded,mamba,RGB,all,37120,0.8600481718184491,0.6471070051193237,0.8047546714544296,0.8649225831031799,0.8995065808296203,0.9254854321479797,37120,0.5262873783683533,0.38604310154914856,0.4483157157897949,0.5197644233703613,0.6248927146196365,0.840110719203949
0,original,initial_to_bounded,mamba,RGB,active,18880,0.8600798494008891,0.6471070051193237,0.8043590635061264,0.865257203578949,0.8994667947292327,0.9248884916305542,18880,0.5262031549429994,0.3875860571861267,0.44840436726808547,0.519120067358017,0.6255253702402115,0.840110719203949
0,original,initial_to_bounded,mamba,RGB,inactive,18240,0.8600153827418884,0.669371485710144,0.8053465038537979,0.8645559251308441,0.899542835354805,0.9254854321479797,18240,0.5263745570016143,0.38604310154914856,0.4482347801327705,0.5204691588878632,0.6239447861909866,0.8131772875785828
0,original,initial_to_bounded,mamba,NI,all,37120,0.8493648138073883,0.5601184368133545,0.79029740691185,0.8544730544090271,0.8917849600315094,0.9203237891197205,37120,0.5459724029397656,0.399189829826355,0.46522058397531507,0.5394941866397858,0.6476150691509246,0.9379568696022034
0,original,initial_to_bounded,mamba,NI,active,18880,0.8492183836776827,0.5601184368133545,0.789367601275444,0.8543437421321869,0.8919195920228958,0.9203237891197205,18880,0.5462133743374025,0.399189829826355,0.46493114680051806,0.5397339165210724,0.6490492463111877,0.9379568696022034
0,original,initial_to_bounded,mamba,NI,inactive,18240,0.8495163818363819,0.5775226950645447,0.7910219877958298,0.8545881509780884,0.8915952503681183,0.9170677661895752,18240,0.5457229764053696,0.40726470947265625,0.4656281754374504,0.5392808020114899,0.6464951336383818,0.9192140698432922
0,original,initial_to_bounded,mamba,TI,all,37120,0.8702228689084536,0.6136302351951599,0.819295459985733,0.874972939491272,0.9081152975559235,0.9385695457458496,37120,0.5061701910570264,0.35051533579826355,0.42868356704711913,0.5000542104244232,0.6011732220649718,0.8790560960769653
0,original,initial_to_bounded,mamba,TI,active,18880,0.8702887475143297,0.6136302351951599,0.8167701035737991,0.8754274845123291,0.9080912709236145,0.9367599487304688,18880,0.5059171470718743,0.355640709400177,0.4287395000457764,0.49914440512657166,0.6053592681884765,0.8790560960769653
0,original,initial_to_bounded,mamba,TI,inactive,18240,0.8701546787725467,0.6192824840545654,0.8208751618862152,0.8744120895862579,0.9081715434789658,0.9385695457458496,18240,0.5064321137784996,0.35051533579826355,0.42855220288038254,0.5011745691299438,0.5985396414995193,0.872602641582489
0,original,control_to_bounded,cnn,RGB,all,37120,0.9366606810451324,0.8614472150802612,0.9084585726261138,0.9378016293048859,0.9607729464769363,0.9764431715011597,37120,0.35304670571389707,0.21705716848373413,0.28009699285030365,0.35269926488399506,0.4278820991516113,0.5264081954956055
0,original,control_to_bounded,cnn,RGB,active,18880,0.9370265358080299,0.8614472150802612,0.908885446190834,0.9383280575275421,0.9608814567327499,0.9759832620620728,18880,0.35201111262253787,0.2191651463508606,0.2797090485692024,0.35120363533496857,0.4268830448389053,0.5264081954956055
0,original,control_to_bounded,cnn,RGB,inactive,18240,0.9362819892730107,0.8680156469345093,0.9081249356269836,0.9371620416641235,0.9606516778469085,0.9764431715011597,18240,0.35411863540495303,0.21705716848373413,0.2805295243859291,0.3545079678297043,0.4286609098315239,0.5137789249420166
0,original,control_to_bounded,cnn,NI,all,37120,0.9342903478793672,0.8497682213783264,0.9060463547706604,0.935527503490448,0.9577316254377365,0.9697773456573486,37120,0.3600253665466504,0.24585673213005066,0.29075210839509963,0.35908934473991394,0.43348288089036907,0.548145592212677
0,original,control_to_bounded,cnn,NI,active,18880,0.9345448027317554,0.8609598875045776,0.9062786519527435,0.9357997179031372,0.9578600883483886,0.9697773456573486,18880,0.3593121153626086,0.24585673213005066,0.2903100162744522,0.3583303689956665,0.43294658362865446,0.5273331999778748
0,original,control_to_bounded,cnn,NI,inactive,18240,0.9340269647865442,0.8497682213783264,0.9057824790477753,0.9351975917816162,0.9575722277164459,0.9697081446647644,18240,0.36076364408802697,0.2461376041173935,0.2913000926375389,0.36000680923461914,0.4340912878513336,0.548145592212677
0,original,control_to_bounded,cnn,TI,all,37120,0.9435107281046181,0.8742837905883789,0.9166937947273255,0.9449735879898071,0.9655794262886047,0.9786866903305054,37120,0.333095416803202,0.20646248757839203,0.26237565726041795,0.33174218237400055,0.4081819862127304,0.5014307498931885
0,original,control_to_bounded,cnn,TI,active,18880,0.943449883983802,0.8798612952232361,0.916900846362114,0.9447377622127533,0.9657938748598098,0.9786866903305054,18880,0.3332786350211097,0.20646248757839203,0.2615573063492775,0.33245237171649933,0.4076744049787521,0.49018117785453796
0,original,control_to_bounded,cnn,TI,inactive,18240,0.9435737071068664,0.8742837905883789,0.9163346797227859,0.945163756608963,0.9653772473335266,0.9765395522117615,18240,0.332905769875894,0.2166125774383545,0.26314583867788316,0.3311687260866165,0.4090607166290283,0.5014307498931885
0,original,control_to_bounded,transformer,RGB,all,37120,0.8875673984337984,0.7850882411003113,0.8517248719930649,0.8887554407119751,0.9204244166612625,0.9509086012840271,37120,0.472146898057665,0.3133416175842285,0.3989377185702324,0.4716877043247223,0.5445643097162246,0.6556093096733093
0,original,control_to_bounded,transformer,RGB,active,18880,0.8878923130995137,0.7850882411003113,0.851779094338417,0.8892417252063751,0.9204840987920762,0.9502614140510559,18880,0.4714451617261363,0.31540021300315857,0.3987882658839226,0.470655620098114,0.5444649368524551,0.6556093096733093
0,original,control_to_bounded,transformer,RGB,inactive,18240,0.8872310832534965,0.8002246618270874,0.8515864789485932,0.8882811665534973,0.9203794300556183,0.9509086012840271,18240,0.4728732567166158,0.3133416175842285,0.3990502879023552,0.4726921021938324,0.5448184043169022,0.6321004033088684
0,original,control_to_bounded,transformer,NI,all,37120,0.8801424541334012,0.7609370946884155,0.8471938610076905,0.8809957802295685,0.9111939609050751,0.9418817758560181,37120,0.487874275446741,0.34093478322029114,0.42144061625003815,0.4878610372543335,0.5528220802545547,0.6914663910865784
0,original,control_to_bounded,transformer,NI,active,18880,0.8801345155211323,0.7609370946884155,0.8469868302345276,0.8810069262981415,0.9110121846199035,0.9418817758560181,18880,0.4878936233567232,0.34093478322029114,0.4218717709183693,0.48783840239048004,0.5531965374946595,0.6914663910865784
0,original,control_to_bounded,transformer,NI,inactive,18240,0.8801506712934688,0.7691633701324463,0.8473800629377365,0.8809873163700104,0.9113335222005844,0.9390909671783447,18240,0.4878542486627243,0.3490247130393982,0.4211093604564667,0.4878785014152527,0.5524852335453033,0.6794655919075012
0,original,control_to_bounded,transformer,TI,all,37120,0.9004238124069726,0.77754807472229,0.8643503189086914,0.9021246433258057,0.9306054323911667,0.943362295627594,37120,0.4440024446495327,0.3365640938282013,0.37254399359226226,0.44243739545345306,0.5208642333745956,0.6670112013816833
0,original,control_to_bounded,transformer,TI,active,18880,0.900552441621736,0.77754807472229,0.8639420688152313,0.9024651050567627,0.930748850107193,0.943362295627594,18880,0.4436388452868846,0.3365640938282013,0.372158981859684,0.44166719913482666,0.5216473519802093,0.6670112013816833
0,original,control_to_bounded,transformer,TI,inactive,18240,0.900290669886428,0.8008112907409668,0.864767524600029,0.9017395377159119,0.9304425925016403,0.9427586793899536,18240,0.4443788018845545,0.33835315704345703,0.3729810416698456,0.4433070570230484,0.5200625985860825,0.6311716437339783
0,original,control_to_bounded,mamba,RGB,all,37120,0.9544639493162134,0.9076226353645325,0.9356306314468383,0.955379843711853,0.9694492369890213,0.9805406332015991,37120,0.29992758281496834,0.1972784399986267,0.2471872813999653,0.2987314462661743,0.35880205929279324,0.4298311769962311
0,original,control_to_bounded,mamba,RGB,active,18880,0.9546734818431027,0.9087446928024292,0.9357034951448441,0.9556215405464172,0.9696121871471405,0.9782371520996094,18880,0.29922587470214623,0.20862841606140137,0.24652743712067604,0.2979210764169693,0.3585986956954002,0.42721256613731384
0,original,control_to_bounded,mamba,RGB,inactive,18240,0.9542470647708365,0.9076226353645325,0.9355667650699615,0.9551547169685364,0.9693009078502655,0.9805406332015991,18240,0.3006539122650825,0.1972784399986267,0.24778669849038124,0.2994838058948517,0.35898010730743407,0.4298311769962311
0,original,control_to_bounded,mamba,NI,all,37120,0.9510014632588316,0.8917057514190674,0.9319616079330444,0.9525531828403473,0.9646262645721435,0.9754347205162048,37120,0.3114488827060619,0.22165456414222717,0.2659845188260078,0.3080482482910156,0.36888611465692517,0.4653908908367157
0,original,control_to_bounded,mamba,NI,active,18880,0.9510221901365509,0.8940919637680054,0.9320434957742691,0.9526553153991699,0.9646131873130799,0.9754347205162048,18880,0.3113813561008517,0.22165456414222717,0.26603313237428666,0.30771662294864655,0.36866362094879146,0.4602349102497101
0,original,control_to_bounded,mamba,NI,inactive,18240,0.9509800091222451,0.8917057514190674,0.9319196224212647,0.9524314999580383,0.9646444141864776,0.975347638130188,18240,0.3115187786658409,0.2220466136932373,0.2659156292676926,0.3084428906440735,0.36899990290403367,0.4653908908367157
0,original,control_to_bounded,mamba,TI,all,37120,0.9574040150334096,0.8921033143997192,0.941484797000885,0.9590098857879639,0.9688936680555343,0.9786875247955322,37120,0.29040013138357357,0.20645858347415924,0.2494248054921627,0.2863220125436783,0.3420973166823387,0.46453580260276794
0,original,control_to_bounded,mamba,TI,active,18880,0.957211046688006,0.8921033143997192,0.9412533730268479,0.9588099718093872,0.9687337160110474,0.9765917658805847,18880,0.29105813214081827,0.2163713127374649,0.25006553530693054,0.2870194613933563,0.34277324527502057,0.46453580260276794
0,original,control_to_bounded,mamba,TI,inactive,18240,0.9576037541979499,0.8938134908676147,0.9416803270578384,0.9592141509056091,0.9690557092428207,0.9786875247955322,18240,0.28971904288046063,0.20645858347415924,0.2487741716206074,0.28560788929462433,0.34152507334947585,0.46083950996398926
0,original,bounded_h_to_y,cnn,RGB,all,37120,0.8944337977770844,0.8944276571273804,0.8944291472434998,0.894432008266449,0.894442081451416,0.8948020935058594,37120,0.4594915551583058,0.4586893618106842,0.4594734311103821,0.459495484828949,0.4595016837120056,0.4595048129558563
0,original,bounded_h_to_y,cnn,RGB,active,18880,0.8944337550771692,0.8944276571273804,0.8944292068481445,0.8944319486618042,0.8944419622421265,0.8947351574897766,18880,0.45949164857866903,0.4588353931903839,0.45947372913360596,0.459495484828949,0.45950162410736084,0.4595048129558563
0,original,bounded_h_to_y,cnn,RGB,inactive,18240,0.8944338419752424,0.8944277763366699,0.894429087638855,0.894432008266449,0.8944422006607056,0.8948020935058594,18240,0.45949145846003503,0.4586893618106842,0.4594732493162155,0.459495484828949,0.4595017433166504,0.4595045745372772
0,original,bounded_h_to_y,cnn,NI,all,37120,0.894431902204865,0.8944277763366699,0.8944286108016968,0.8944306969642639,0.8944377899169922,0.8947982788085938,37120,0.45949567930275126,0.45869743824005127,0.45948293805122375,0.4594982862472534,0.4595027565956116,0.4595046043395996
0,original,bounded_h_to_y,cnn,NI,active,18880,0.8944318997942038,0.8944277763366699,0.8944286704063416,0.8944307565689087,0.8944377332925797,0.894682765007019,18880,0.4594956841114593,0.45894941687583923,0.45948299765586853,0.45949822664260864,0.4595026969909668,0.4595046043395996
0,original,bounded_h_to_y,cnn,NI,inactive,18240,0.8944319047001109,0.8944277763366699,0.8944286108016968,0.8944306969642639,0.8944377899169922,0.8947982788085938,18240,0.4594956743253166,0.45869743824005127,0.459482878446579,0.4594983160495758,0.45950278639793396,0.45950454473495483
0,original,bounded_h_to_y,cnn,TI,all,37120,0.8944512795046743,0.8944286108016968,0.8944323062896729,0.8944411277770996,0.8944951295852661,0.895398736000061,37120,0.4594534974778071,0.4573867917060852,0.45935815423727033,0.45947565138339996,0.4594947099685669,0.4595029652118683
0,original,bounded_h_to_y,cnn,TI,active,18880,0.8944509941863559,0.8944286108016968,0.8944323629140853,0.8944411873817444,0.894494178891182,0.8953350782394409,18880,0.45945411882189624,0.4575257897377014,0.45935999900102614,0.45947548747062683,0.4594947099685669,0.4595029652118683
0,original,bounded_h_to_y,cnn,TI,inactive,18240,0.8944515748341617,0.8944289684295654,0.8944323062896729,0.8944410085678101,0.8944962084293365,0.895398736000061,18240,0.459452854332171,0.4573867917060852,0.4593558177351952,0.4594758152961731,0.4594947099685669,0.45950213074684143
0,original,bounded_h_to_y,transformer,RGB,all,37120,0.8944367519467427,0.8944287300109863,0.8944307565689087,0.8944347500801086,0.8944486975669861,0.8945951461791992,37120,0.4594851296900868,0.45914021134376526,0.4594591841101646,0.45948946475982666,0.45949822664260864,0.45950251817703247
0,original,bounded_h_to_y,transformer,RGB,active,18880,0.8944367852630252,0.8944287300109863,0.8944307565689087,0.8944348096847534,0.8944487571716309,0.8945692181587219,18880,0.4594850571905026,0.45919686555862427,0.4594590365886688,0.4594894051551819,0.45949819684028625,0.45950251817703247
0,original,bounded_h_to_y,transformer,RGB,inactive,18240,0.8944367174614678,0.8944288492202759,0.8944307565689087,0.8944346904754639,0.8944485783576965,0.8945951461791992,18240,0.45948520473351606,0.45914021134376526,0.4594593644142151,0.45948953926563263,0.4594982862472534,0.45950230956077576
0,original,bounded_h_to_y,transformer,NI,all,37120,0.8944369301264142,0.894428551197052,0.8944307565689087,0.894434928894043,0.8944489359855652,0.8946777582168579,37120,0.4594847425352782,0.4589604437351227,0.4594586193561554,0.45948919653892517,0.4594981372356415,0.45950302481651306
0,original,bounded_h_to_y,transformer,NI,active,18880,0.8944369569768087,0.8944287300109863,0.8944307565689087,0.8944348692893982,0.8944490551948547,0.894599437713623,18880,0.45948468394324943,0.4591309428215027,0.45945837944746015,0.45948922634124756,0.4594981074333191,0.45950251817703247
0,original,bounded_h_to_y,transformer,NI,inactive,18240,0.8944369023339006,0.894428551197052,0.8944307565689087,0.894434928894043,0.8944487601518631,0.8946777582168579,18240,0.45948480318316764,0.4589604437351227,0.4594589456915855,0.4594891369342804,0.45949819684028625,0.45950302481651306
0,original,bounded_h_to_y,transformer,TI,all,37120,0.8944460678251525,0.8944302797317505,0.8944348692893982,0.8944437503814697,0.8944647908210754,0.8945364952087402,37120,0.45946485335087595,0.4592677354812622,0.45942410826683044,0.45946985483169556,0.45948919653892517,0.45949897170066833
0,original,bounded_h_to_y,transformer,TI,active,18880,0.894446015212748,0.8944302797317505,0.894434928894043,0.8944436311721802,0.8944651514291764,0.8945289850234985,18880,0.459464967681758,0.459284245967865,0.4594232141971588,0.45947009325027466,0.45948919653892517,0.45949897170066833
0,original,bounded_h_to_y,transformer,TI,inactive,18240,0.8944461222836062,0.8944307565689087,0.8944348692893982,0.8944438695907593,0.8944643139839172,0.8945364952087402,18240,0.45946473500838403,0.4592677354812622,0.45942514985799787,0.45946967601776123,0.45948922634124756,0.4594983458518982
0,original,bounded_h_to_y,mamba,RGB,all,37120,0.8944287724230953,0.8944271206855774,0.8944272994995117,0.8944275379180908,0.8944332599639893,0.8946819305419922,37120,0.45950249309234065,0.4589512348175049,0.45949265360832214,0.4595051109790802,0.45950567722320557,0.4595058262348175
0,original,bounded_h_to_y,mamba,RGB,active,18880,0.8944287949667896,0.8944271802902222,0.8944272994995117,0.8944275379180908,0.8944332599639893,0.8946819305419922,18880,0.4595024430682346,0.4589512348175049,0.4594926819205284,0.4595051109790802,0.45950567722320557,0.4595058262348175
0,original,bounded_h_to_y,mamba,RGB,inactive,18240,0.894428749088394,0.8944271206855774,0.8944272994995117,0.8944275379180908,0.8944332599639893,0.8945707082748413,18240,0.45950254487167846,0.45919346809387207,0.459492652118206,0.4595051109790802,0.45950567722320557,0.4595058262348175
0,original,bounded_h_to_y,mamba,NI,all,37120,0.8944281851840687,0.8944271206855774,0.8944272398948669,0.894427478313446,0.8944301605224609,0.8946290016174316,37120,0.45950377174524654,0.45906633138656616,0.4594994783401489,0.4595052897930145,0.45950573682785034,0.4595058560371399
0,original,bounded_h_to_y,mamba,NI,active,18880,0.894428162418811,0.8944271206855774,0.8944272398948669,0.894427478313446,0.8944301605224609,0.8945324420928955,18880,0.4595038209820829,0.4592767059803009,0.4594994783401489,0.4595052897930145,0.45950573682785034,0.4595058560371399
0,original,bounded_h_to_y,mamba,NI,inactive,18240,0.8944282087481075,0.8944271206855774,0.8944272398948669,0.894427478313446,0.8944301605224609,0.8946290016174316,18240,0.45950372078080187,0.45906633138656616,0.4594994783401489,0.4595052897930145,0.45950573682785034,0.4595058560371399
0,original,bounded_h_to_y,mamba,TI,all,37120,0.8945090911832863,0.8944271802902222,0.8944275379180908,0.8944302201271057,0.8945142090320587,0.9350746870040894,37120,0.4593225843835108,0.3603479266166687,0.4593164294958115,0.4594993591308594,0.459505170583725,0.45950570702552795
0,original,bounded_h_to_y,mamba,TI,active,18880,0.8945196268353927,0.8944272994995117,0.8944275379180908,0.8944302201271057,0.8945258855819702,0.9350746870040894,18880,0.45929828858066163,0.3603479266166687,0.4592911288142204,0.45949937403202057,0.4595051407814026,0.45950570702552795
0,original,bounded_h_to_y,mamba,TI,inactive,18240,0.8944981858591762,0.8944271802902222,0.8944275379180908,0.8944302201271057,0.8945059806108475,0.9297831654548645,18240,0.4593477326706705,0.3747449517250061,0.4593346074223518,0.4594993591308594,0.459505170583725,0.45950567722320557
0,registered_style,initial_to_control,cnn,RGB,all,37120,0.8574771350554736,0.5298369526863098,0.8058737695217133,0.8605722188949585,0.899941024184227,0.9331614971160889,37120,0.5311013308482181,0.36561885476112366,0.44734556376934054,0.5280678272247314,0.6230991154909133,0.9697042107582092
0,registered_style,initial_to_control,cnn,RGB,active,18880,0.8535418455378484,0.5298369526863098,0.7958443462848663,0.8576855957508087,0.8984244912862778,0.9318687915802002,18880,0.5380646008524602,0.369137704372406,0.4507228508591652,0.5335062444210052,0.638992491364479,0.9697042107582092
0,registered_style,initial_to_control,cnn,RGB,inactive,18240,0.8615505049070507,0.7360044121742249,0.816092774271965,0.8633771538734436,0.901229989528656,0.9331614971160889,18240,0.5238937355806692,0.36561885476112366,0.44445480555295946,0.5227291882038116,0.6064772009849548,0.7266301512718201
0,registered_style,initial_to_control,cnn,NI,all,37120,0.8531224667239163,0.5604260563850403,0.8013724774122238,0.8563100695610046,0.8949556350708008,0.9300552010536194,37120,0.5393319713096295,0.3740183711051941,0.4583544865250587,0.5360783338546753,0.6302818357944489,0.9376288652420044
0,registered_style,initial_to_control,cnn,NI,active,18880,0.8489415445633359,0.5604260563850403,0.7916457742452622,0.8529950082302094,0.8935491621494294,0.9253711104393005,18880,0.5466594812523384,0.38633906841278076,0.461412750184536,0.5422269701957703,0.6455296754837035,0.9376288652420044
0,registered_style,initial_to_control,cnn,NI,inactive,18240,0.8574500879076751,0.7200434803962708,0.811422124505043,0.8597120642662048,0.8964034140110015,0.9300552010536194,18240,0.5317473557548957,0.3740183711051941,0.45518477261066437,0.5296941995620728,0.6141299933195115,0.7482734322547913
0,registered_style,initial_to_control,cnn,TI,all,37120,0.8622528476913556,0.49118566513061523,0.8149408251047134,0.8650457859039307,0.9022275894880295,0.9308088421821594,37120,0.5222940129894313,0.3719978928565979,0.4422046810388565,0.5195272564888,0.6083735764026641,1.0087758302688599
0,registered_style,initial_to_control,cnn,TI,active,18880,0.8577273949475611,0.49118566513061523,0.8026040196418762,0.861380398273468,0.9011136889457703,0.9306631684303284,18880,0.5303872491059415,0.3723891079425812,0.4447164133191109,0.5265350937843323,0.6283248007297516,1.0087758302688599
0,registered_style,initial_to_control,cnn,TI,inactive,18240,0.8669370882507218,0.7389726042747498,0.8270400196313858,0.8681571185588837,0.9032047271728515,0.9308088421821594,18240,0.5139168036758508,0.3719978928565979,0.43998938500881196,0.5135034918785095,0.5881495654582977,0.7225337028503418
0,registered_style,initial_to_control,transformer,RGB,all,37120,0.7589781592246787,0.4773007035255432,0.6758943021297454,0.765236109495163,0.8188845425844192,0.8739917278289795,37120,0.6914875181215205,0.5020127892494202,0.6018562525510788,0.6852210164070129,0.8051158159971237,1.0224473476409912
0,registered_style,initial_to_control,transformer,RGB,active,18880,0.7536074332640332,0.4773007035255432,0.665603545308113,0.7602092921733856,0.816819754242897,0.8655874133110046,18880,0.69896167888606,0.5184836387634277,0.6052771836519242,0.6925182938575745,0.8177977979183196,1.0224473476409912
0,registered_style,initial_to_control,transformer,RGB,inactive,18240,0.7645373317102592,0.5312143564224243,0.6909420847892761,0.76973956823349,0.8207860797643661,0.8739917278289795,18240,0.6837511061020849,0.5020127892494202,0.5986884891986847,0.6786170303821564,0.7862034827470779,0.9682826995849609
0,registered_style,initial_to_control,transformer,NI,all,37120,0.7487993139275831,0.4443041682243347,0.6693690359592438,0.7526578903198242,0.8152937471866607,0.858845055103302,37120,0.7060197423726063,0.531328558921814,0.6077931880950928,0.7033380270004272,0.8131802588701248,1.0542256832122803
0,registered_style,initial_to_control,transformer,NI,active,18880,0.7426596166155601,0.4443041682243347,0.6582941919565201,0.7466301321983337,0.8119785100221634,0.858845055103302,18880,0.7144552527216531,0.531328558921814,0.6132235288619995,0.7118566930294037,0.8266871958971024,1.0542256832122803
0,registered_style,initial_to_control,transformer,NI,inactive,18240,0.7551544392154667,0.5482628345489502,0.6819359451532364,0.7584175765514374,0.8178749740123749,0.8582278490066528,18240,0.6972882492042948,0.5324888229370117,0.603531563282013,0.6951006650924683,0.7975764006376267,0.9505126476287842
0,registered_style,initial_to_control,transformer,TI,all,37120,0.7829652772879164,0.5373726487159729,0.7068679302930831,0.7882062792778015,0.8406132698059082,0.8910989165306091,37120,0.6558783953447409,0.46669280529022217,0.5646003216505051,0.6508360505104065,0.7656789898872375,0.9619016647338867
0,registered_style,initial_to_control,transformer,TI,active,18880,0.7774930254477314,0.5373726487159729,0.6954914182424545,0.7836072146892548,0.8383849292993546,0.8881121277809143,18880,0.6638878581271964,0.4730495810508728,0.5685334473848342,0.6578645706176758,0.7803955256938935,0.9619016647338867
0,registered_style,initial_to_control,transformer,TI,inactive,18240,0.7886295379645992,0.5773715972900391,0.7199254959821701,0.7924134731292725,0.8427709370851516,0.8910989165306091,18240,0.6475878987804448,0.46669280529022217,0.5607658326625824,0.6443392932415009,0.748431071639061,0.9193785190582275
0,registered_style,initial_to_control,mamba,RGB,all,37120,0.8584435962782851,0.5897674560546875,0.8011427879333496,0.8629640638828278,0.8998156905174255,0.9299827814102173,37120,0.5290585588920733,0.3742121160030365,0.4476256430149078,0.5235188603401184,0.6306461602449415,0.9057953953742981
0,registered_style,initial_to_control,mamba,RGB,active,18880,0.8526105081220552,0.5897674560546875,0.7868020892143249,0.8586882650852203,0.8974792569875717,0.929925799369812,18880,0.5394151703154637,0.3743642568588257,0.4528151601552963,0.5316236019134521,0.6529899537563324,0.9057953953742981
0,registered_style,initial_to_control,mamba,RGB,inactive,18240,0.8644813541943829,0.6931122541427612,0.8181639015674591,0.867081344127655,0.9018037915229797,0.9299827814102173,18240,0.518338557594178,0.3742121160030365,0.4431619569659233,0.5155943036079407,0.6030525952577591,0.7834383249282837
0,registered_style,initial_to_control,mamba,NI,all,37120,0.8485512594676352,0.5214769244194031,0.7883199959993362,0.8538104295730591,0.8904892504215239,0.9212089776992798,37120,0.5474346973307045,0.39696618914604187,0.46799745261669157,0.5407210290431976,0.6506613314151762,0.978287398815155
0,registered_style,initial_to_control,mamba,NI,active,18880,0.8430563927328183,0.5214769244194031,0.7759824872016907,0.8494659662246704,0.8884240537881851,0.9212089776992798,18880,0.5568764145817544,0.39696618914604187,0.47238959223031995,0.5486968159675598,0.6693541556596756,0.978287398815155
0,registered_style,initial_to_control,mamba,NI,inactive,18240,0.8542389285440246,0.6471914052963257,0.8032539248466491,0.8577151894569397,0.892290472984314,0.9169249534606934,18240,0.5376616917550564,0.40761521458625793,0.46413246244192125,0.5334508121013641,0.6272897064685822,0.8400102257728577
0,registered_style,initial_to_control,mamba,TI,all,37120,0.8694412078162462,0.5703511238098145,0.8125787734985351,0.8744576871395111,0.9070875316858291,0.9332834482192993,37120,0.5079422013850177,0.36528515815734863,0.43107426166534424,0.5010834634304047,0.6122438699007032,0.9269832372665405
0,registered_style,initial_to_control,mamba,TI,active,18880,0.8643774002790451,0.5703511238098145,0.7983356833457946,0.8708380460739136,0.9059187829494476,0.9320076107978821,18880,0.5171295100396847,0.368761271238327,0.4337769582867622,0.5082558393478394,0.635081660747528,0.9269832372665405
0,registered_style,initial_to_control,mamba,TI,inactive,18240,0.8746826928108931,0.7274805307388306,0.8303983449935913,0.8775508999824524,0.9079482197761536,0.9332834482192993,18240,0.4984325310231693,0.36528515815734863,0.42907299697399137,0.49487191438674927,0.5824118673801422,0.7382676005363464
0,registered_style,initial_to_bounded,cnn,RGB,all,37120,0.8514368529238835,0.5358118414878845,0.796106418967247,0.8552630841732025,0.8946747541427612,0.926283597946167,37120,0.5423023755429313,0.38396990299224854,0.4589668601751328,0.5380278527736664,0.63858223259449,0.9635229110717773
0,registered_style,initial_to_bounded,cnn,RGB,active,18880,0.8474615567348014,0.5358118414878845,0.7866100639104843,0.8520620763301849,0.8934628963470459,0.9208633303642273,18880,0.5492063064633285,0.3978361487388611,0.46159967333078383,0.5439447164535522,0.6532840311527252,0.9635229110717773
0,registered_style,initial_to_bounded,cnn,RGB,inactive,18240,0.8555516331897755,0.7259884476661682,0.8059916585683823,0.8580480813980103,0.8958273500204086,0.926283597946167,18240,0.5351562014323447,0.38396990299224854,0.4564485281705856,0.53282630443573,0.6229098826646805,0.7402858734130859
0,registered_style,initial_to_bounded,cnn,NI,all,37120,0.8464695588300197,0.5835407972335815,0.7885964959859848,0.8512895703315735,0.8881130158901215,0.9277693033218384,37120,0.5513977831093081,0.3800806701183319,0.47304767519235613,0.5453632175922394,0.6502363592386246,0.912643551826477
0,registered_style,initial_to_bounded,cnn,NI,active,18880,0.8421770984496353,0.5835407972335815,0.7790447056293488,0.848114013671875,0.8871260315179824,0.9267327785491943,18880,0.558707196505393,0.38279837369918823,0.47512948513031006,0.551155298948288,0.6647636890411377,0.912643551826477
0,registered_style,initial_to_bounded,cnn,NI,inactive,18240,0.85091263185533,0.7004923224449158,0.799598878622055,0.8544888198375702,0.8890518426895142,0.9277693033218384,18240,0.5438318990677464,0.3800806701183319,0.4710587576031685,0.5394649803638458,0.6330895602703094,0.7739608883857727
0,registered_style,initial_to_bounded,cnn,TI,all,37120,0.8595965886063038,0.4506218135356903,0.8042636781930923,0.863451212644577,0.9034730494022369,0.9364643096923828,37120,0.5267100479678604,0.3564710319042206,0.4393790289759636,0.5225874483585358,0.6256777495145797,1.0482158660888672
0,registered_style,initial_to_bounded,cnn,TI,active,18880,0.8547489954679574,0.4506218135356903,0.7927694767713547,0.8597915172576904,0.9022434234619141,0.9348691701889038,18880,0.5352507364210057,0.36091798543930054,0.44216878414154054,0.5295441150665283,0.6437865525484083,1.0482158660888672
0,registered_style,initial_to_bounded,cnn,TI,inactive,18240,0.8646142727319609,0.7513595223426819,0.8176370859146118,0.8666905760765076,0.9043957769870759,0.9364643096923828,18240,0.5178696862356574,0.3564710319042206,0.43727397471666335,0.5163516700267792,0.6039254039525985,0.7051816582679749
0,registered_style,initial_to_bounded,transformer,RGB,all,37120,0.7517048560404058,0.46887242794036865,0.665162917971611,0.7556810975074768,0.8219935715198516,0.8676846027374268,37120,0.7015407071208003,0.5144227743148804,0.5966681689023972,0.6990264058113098,0.8183362722396847,1.0306577682495117
0,registered_style,initial_to_bounded,transformer,RGB,active,18880,0.7463542776056012,0.46887242794036865,0.6535262256860733,0.751027375459671,0.8211520850658417,0.8676846027374268,18880,0.7087948631053254,0.5144227743148804,0.598076856136322,0.7056524753570557,0.8324347794055938,1.0306577682495117
0,registered_style,initial_to_bounded,transformer,RGB,inactive,18240,0.757243174069414,0.4904399514198303,0.6784819453954697,0.7597006261348724,0.8225820660591125,0.8622012138366699,18240,0.6940320193473446,0.5249739289283752,0.5956811040639878,0.693252295255661,0.8018955081701279,1.0095148086547852
0,registered_style,initial_to_bounded,transformer,NI,all,37120,0.7392732534316722,0.4402172565460205,0.6556320995092392,0.7434999644756317,0.8083162784576415,0.8723536729812622,37120,0.7191074822932996,0.5052651166915894,0.6191667348146439,0.7162403166294098,0.8299010962247848,1.0580952167510986
0,registered_style,initial_to_bounded,transformer,NI,active,18880,0.7339671182556677,0.4402172565460205,0.6456766784191131,0.7383450865745544,0.806035703420639,0.8717806339263916,18880,0.7262666823247732,0.5063978433609009,0.6228390038013458,0.7234016060829163,0.8418115913867951,1.0580952167510986
0,registered_style,initial_to_bounded,transformer,NI,inactive,18240,0.7447655687892908,0.5157989859580994,0.6664401799440384,0.7488163113594055,0.810212156176567,0.8723536729812622,18240,0.7116970822607216,0.5052651166915894,0.6160972237586975,0.7087788283824921,0.816773971915245,0.9840742349624634
0,registered_style,initial_to_bounded,transformer,TI,all,37120,0.7835989916600801,0.49930232763290405,0.703566575050354,0.7914333343505859,0.8405541479587555,0.8867184519767761,37120,0.654800303123795,0.4759864807128906,0.5647051006555557,0.6458586752414703,0.7699784457683561,1.0006974935531616
0,registered_style,initial_to_bounded,transformer,TI,active,18880,0.7780584154429577,0.49930232763290405,0.6960440784692764,0.7862214744091034,0.8379804223775864,0.8827385902404785,18880,0.6629707281367253,0.4842755198478699,0.5692443042993546,0.6538785398006439,0.7796872019767761,1.0006974935531616
0,registered_style,initial_to_bounded,transformer,TI,inactive,18240,0.7893339740602594,0.603072464466095,0.7133952647447586,0.7966037690639496,0.8427075892686844,0.8867184519767761,18240,0.6463431965314637,0.4759864807128906,0.560878700017929,0.6378028690814972,0.7571059763431548,0.8909856081008911
0,registered_style,initial_to_bounded,mamba,RGB,all,37120,0.8538072696999358,0.5550242066383362,0.7903470396995544,0.8601731657981873,0.898207813501358,0.9324110746383667,37120,0.5371232360489024,0.36766552925109863,0.45120320171117784,0.5288229882717133,0.6475384026765824,0.9433724284172058
0,registered_style,initial_to_bounded,mamba,RGB,active,18880,0.8478096011678798,0.5550242066383362,0.7762794733047486,0.8553061485290527,0.8968668133020401,0.9324110746383667,18880,0.5475075530945875,0.36766552925109863,0.45416557639837263,0.5379476249217987,0.6689104378223419,0.9433724284172058
0,registered_style,initial_to_bounded,mamba,RGB,inactive,18240,0.8600153827418884,0.669371485710144,0.8053465038537979,0.8645559251308441,0.899542835354805,0.9254854321479797,18240,0.5263745570016143,0.38604310154914856,0.4482347801327705,0.5204691588878632,0.6239447861909866,0.8131772875785828
0,registered_style,initial_to_bounded,mamba,NI,all,37120,0.8426296534980166,0.4907527565956116,0.7722204595804214,0.8495031297206879,0.8900215983390808,0.926008403301239,37120,0.5572831016074031,0.3846861720085144,0.4689956784248352,0.5486290752887726,0.6749511897563935,1.0092049837112427
0,registered_style,initial_to_bounded,mamba,NI,active,18880,0.8359763735779009,0.4907527565956116,0.757103955745697,0.8434835076332092,0.8885785549879074,0.926008403301239,18880,0.5684513581585202,0.3846861720085144,0.47206261456012727,0.5594936907291412,0.6969879269599915,1.0092049837112427
0,registered_style,initial_to_bounded,mamba,NI,inactive,18240,0.8495163818363819,0.5775226950645447,0.7910219877958298,0.8545881509780884,0.8915952503681183,0.9170677661895752,18240,0.5457229764053696,0.40726470947265625,0.4656281754374504,0.5392808020114899,0.6464951336383818,0.9192140698432922
0,registered_style,initial_to_bounded,mamba,TI,all,37120,0.8643557902698501,0.5226083397865295,0.7978107273578644,0.87124964594841,0.9066946387290954,0.9385695457458496,37120,0.5167289669360516,0.35051533579826355,0.4319847017526627,0.5074454545974731,0.635907706618309,0.9771301746368408
0,registered_style,initial_to_bounded,mamba,TI,active,18880,0.8587534742587704,0.5226083397865295,0.7785780966281891,0.8675212562084198,0.9050955414772034,0.9346301555633545,18880,0.526676774223856,0.361579567193985,0.43567085564136504,0.514740377664566,0.6654653280973434,0.9771301746368408
0,registered_style,initial_to_bounded,mamba,TI,inactive,18240,0.8701546787725467,0.6192824840545654,0.8208751618862152,0.8744120895862579,0.9081715434789658,0.9385695457458496,18240,0.5064321137784996,0.35051533579826355,0.42855220288038254,0.5011745691299438,0.5985396414995193,0.872602641582489
0,registered_style,control_to_bounded,cnn,RGB,all,37120,0.9363860533572733,0.867750346660614,0.9083967059850693,0.937505841255188,0.9604395091533661,0.9764431715011597,37120,0.3538701207983179,0.21705716848373413,0.2812845706939697,0.3535369038581848,0.4280264362692833,0.514295220375061
0,registered_style,control_to_bounded,cnn,RGB,active,18880,0.9364865898454593,0.867750346660614,0.9086524188518524,0.9378010928630829,0.9602270036935806,0.9759832620620728,18880,0.3536300304156365,0.2191651463508606,0.2820393741130829,0.35270093381404877,0.4274285867810249,0.514295220375061
0,registered_style,control_to_bounded,cnn,RGB,inactive,18240,0.9362819892730107,0.8680156469345093,0.9081249356269836,0.9371620416641235,0.9606516778469085,0.9764431715011597,18240,0.35411863540495303,0.21705716848373413,0.2805295243859291,0.3545079678297043,0.4286609098315239,0.5137789249420166
0,registered_style,control_to_bounded,cnn,NI,all,37120,0.9343382494604408,0.8496772050857544,0.9065796077251435,0.935594230890274,0.95736945271492,0.9714529514312744,37120,0.35996744208567744,0.2389436811208725,0.29199521988630295,0.35890360176563263,0.4322508469223976,0.5483115315437317
0,registered_style,control_to_bounded,cnn,NI,active,18880,0.9346389821114934,0.8496772050857544,0.9072285741567612,0.9359458386898041,0.9571809977293014,0.9714529514312744,18880,0.35919822998171264,0.2389436811208725,0.29263986796140673,0.35792239010334015,0.43074696362018583,0.5483115315437317
0,registered_style,control_to_bounded,cnn,NI,inactive,18240,0.9340269647865442,0.8497682213783264,0.9057824790477753,0.9351975917816162,0.9575722277164459,0.9697081446647644,18240,0.36076364408802697,0.2461376041173935,0.2913000926375389,0.36000680923461914,0.4340912878513336,0.548145592212677
0,registered_style,control_to_bounded,cnn,TI,all,37120,0.94325599781366,0.8712937235832214,0.9158534228801727,0.9448418021202087,0.9655515789985657,0.9789617657661438,37120,0.3337853470018358,0.20512571930885315,0.2624823868274689,0.3321392387151718,0.4102356448769569,0.5073584914207458
0,registered_style,control_to_bounded,cnn,TI,active,18880,0.942949058327003,0.8712937235832214,0.9154037833213806,0.9445033669471741,0.9657281696796417,0.9789617657661438,18880,0.3346351079540169,0.20512571930885315,0.26180821359157563,0.33315661549568176,0.41133015751838686,0.5073584914207458
0,registered_style,control_to_bounded,cnn,TI,inactive,18240,0.9435737071068664,0.8742837905883789,0.9163346797227859,0.945163756608963,0.9653772473335266,0.9765395522117615,18240,0.332905769875894,0.2166125774383545,0.26314583867788316,0.3311687260866165,0.4090607166290283,0.5014307498931885
0,registered_style,control_to_bounded,transformer,RGB,all,37120,0.8868871848387965,0.7933636903762817,0.851503437757492,0.8880002498626709,0.9193838953971862,0.9509086012840271,37120,0.4736456268033462,0.3133416175842285,0.40153730362653733,0.4732859432697296,0.5449709326028823,0.6428629755973816
0,registered_style,control_to_bounded,transformer,RGB,active,18880,0.886554943997476,0.7933636903762817,0.8513093501329422,0.8877524733543396,0.9185324817895889,0.9502614140510559,18880,0.47439181485323834,0.31540021300315857,0.403652249276638,0.47380924224853516,0.5453269481658936,0.6428629755973816
0,registered_style,control_to_bounded,transformer,RGB,inactive,18240,0.8872310832534965,0.8002246618270874,0.8515864789485932,0.8882811665534973,0.9203794300556183,0.9509086012840271,18240,0.4728732567166158,0.3133416175842285,0.3990502879023552,0.4726921021938324,0.5448184043169022,0.6321004033088684
0,registered_style,control_to_bounded,transformer,NI,all,37120,0.8798960899677256,0.7677502036094666,0.84707912504673,0.8806451857089996,0.91055548787117,0.9418817758560181,37120,0.4884243451661013,0.34093478322029114,0.42295269668102264,0.48857931792736053,0.5530299812555313,0.6815420985221863
0,registered_style,control_to_bounded,transformer,NI,active,18880,0.8796501385174312,0.7677502036094666,0.846753054857254,0.8803892731666565,0.9097827017307282,0.9418817758560181,18880,0.48897511636427904,0.34093478322029114,0.42477591931819914,0.48910292983055115,0.5536191463470459,0.6815420985221863
0,registered_style,control_to_bounded,transformer,NI,inactive,18240,0.8801506712934688,0.7691633701324463,0.8473800629377365,0.8809873163700104,0.9113335222005844,0.9390909671783447,18240,0.4878542486627243,0.3490247130393982,0.4211093604564667,0.4878785014152527,0.5524852335453033,0.6794655919075012
0,registered_style,control_to_bounded,transformer,TI,all,37120,0.9004813742599097,0.7887895107269287,0.8650815516710282,0.9021263122558594,0.9305090337991715,0.9438595771789551,37120,0.4439192748283325,0.3350837230682373,0.37280294448137286,0.442433625459671,0.5194583922624587,0.6499394178390503
0,registered_style,control_to_bounded,transformer,TI,active,18880,0.9006656140783581,0.7887895107269287,0.8653975874185562,0.9024638235569,0.9305530488491058,0.9438595771789551,18880,0.44347532496045705,0.3350837230682373,0.37268488854169846,0.4416700601577759,0.5188495993614196,0.6499394178390503
0,registered_style,control_to_bounded,transformer,TI,inactive,18240,0.900290669886428,0.8008112907409668,0.864767524600029,0.9017395377159119,0.9304425925016403,0.9427586793899536,18240,0.4443788018845545,0.33835315704345703,0.3729810416698456,0.4433070570230484,0.5200625985860825,0.6311716437339783
0,registered_style,control_to_bounded,mamba,RGB,all,37120,0.9542574181157196,0.9037532806396484,0.9355138868093491,0.95514315366745,0.9693519473075867,0.9805406332015991,37120,0.30062976198929264,0.1972784399986267,0.24758047685027124,0.2995225787162781,0.3591274261474609,0.43874087929725647
0,registered_style,control_to_bounded,mamba,RGB,active,18880,0.9542674204997592,0.9037532806396484,0.9354826867580414,0.9551343619823456,0.9694180577993393,0.9793627262115479,18880,0.3006064303669195,0.20316174626350403,0.2473132900893688,0.2995520085096359,0.3592142239212989,0.43874087929725647
0,registered_style,control_to_bounded,mamba,RGB,inactive,18240,0.9542470647708365,0.9076226353645325,0.9355667650699615,0.9551547169685364,0.9693009078502655,0.9805406332015991,18240,0.3006539122650825,0.1972784399986267,0.24778669849038124,0.2994838058948517,0.35898010730743407,0.4298311769962311
0,registered_style,control_to_bounded,mamba,NI,all,37120,0.950788600139063,0.8917057514190674,0.9316748857498169,0.9523022174835205,0.9645492434501648,0.9754347205162048,37120,0.31211967766766663,0.22165456414222717,0.26627350598573685,0.3088616728782654,0.3696625500917434,0.4653908908367157
0,registered_style,control_to_bounded,mamba,NI,active,18880,0.9506036795959887,0.8940265774726868,0.9314581751823425,0.9522173702716827,0.9644799768924713,0.9754347205162048,18880,0.3127002072118033,0.22165456414222717,0.266533175110817,0.3091365098953247,0.37024834752082825,0.46037667989730835
0,registered_style,control_to_bounded,mamba,NI,inactive,18240,0.9509800091222451,0.8917057514190674,0.9319196224212647,0.9524314999580383,0.9646444141864776,0.975347638130188,18240,0.3115187786658409,0.2220466136932373,0.2659156292676926,0.3084428906440735,0.36899990290403367,0.4653908908367157
0,registered_style,control_to_bounded,mamba,TI,all,37120,0.9573538379261977,0.8938134908676147,0.9414182275533676,0.9589678645133972,0.9689080208539963,0.9786875247955322,37120,0.29057854498768676,0.20645858347415924,0.24936704337596893,0.28646883368492126,0.3422915831208228,0.46083950996398926
0,registered_style,control_to_bounded,mamba,TI,active,18880,0.9571123933924709,0.8941794633865356,0.9411981254816055,0.958663672208786,0.9687335699796676,0.9779126048088074,18880,0.29140891143026115,0.21017850935459137,0.25006608068943026,0.2875288277864456,0.3429338902235031,0.46004465222358704
0,registered_style,control_to_bounded,mamba,TI,inactive,18240,0.9576037541979499,0.8938134908676147,0.9416803270578384,0.9592141509056091,0.9690557092428207,0.9786875247955322,18240,0.28971904288046063,0.20645858347415924,0.2487741716206074,0.28560788929462433,0.34152507334947585,0.46083950996398926
0,registered_style,bounded_h_to_y,cnn,RGB,all,37120,0.8944334985174496,0.8944277763366699,0.8944290280342102,0.8944318294525146,0.894441545009613,0.8948020935058594,37120,0.4594922047461672,0.4586893618106842,0.45947468280792236,0.4594959020614624,0.4595019519329071,0.4595045745372772
0,registered_style,bounded_h_to_y,cnn,RGB,active,18880,0.8944331667022938,0.8944277763366699,0.8944289684295654,0.8944315910339355,0.8944407105445862,0.8947111368179321,18880,0.4594929257344644,0.4588876962661743,0.45947649925947187,0.4594963490962982,0.45950210094451904,0.4595045745372772
0,registered_style,bounded_h_to_y,cnn,RGB,inactive,18240,0.8944338419752424,0.8944277763366699,0.894429087638855,0.894432008266449,0.8944422006607056,0.8948020935058594,18240,0.45949145846003503,0.4586893618106842,0.4594732493162155,0.459495484828949,0.4595017433166504,0.4595045745372772
0,registered_style,bounded_h_to_y,cnn,NI,all,37120,0.8944317607466002,0.8944277763366699,0.8944286108016968,0.8944306373596191,0.8944374322891235,0.8947982788085938,37120,0.45949598675481335,0.45869743824005127,0.4594835937023163,0.45949849486351013,0.45950281620025635,0.4595046043395996
0,registered_style,bounded_h_to_y,cnn,NI,active,18880,0.8944316216728697,0.8944277763366699,0.8944286108016968,0.8944305181503296,0.8944370746612549,0.894682765007019,18880,0.45949628859347963,0.45894941687583923,0.45948433727025983,0.45949867367744446,0.4595028758049011,0.4595046043395996
0,registered_style,bounded_h_to_y,cnn,NI,inactive,18240,0.8944319047001109,0.8944277763366699,0.8944286108016968,0.8944306969642639,0.8944377899169922,0.8947982788085938,18240,0.4594956743253166,0.45869743824005127,0.459482878446579,0.4594983160495758,0.45950278639793396,0.45950454473495483
0,registered_style,bounded_h_to_y,cnn,TI,all,37120,0.8944513210577184,0.894428551197052,0.8944323062896729,0.8944411277770996,0.8944951325654984,0.895398736000061,37120,0.45945340756262687,0.4573867917060852,0.4593579426407814,0.4594756066799164,0.45949476957321167,0.45950302481651306
0,registered_style,bounded_h_to_y,cnn,TI,active,18880,0.8944510758838664,0.894428551197052,0.8944323062896729,0.8944412469863892,0.8944940567016602,0.8953205943107605,18880,0.45945394203950796,0.45755764842033386,0.4593603864312172,0.4594753533601761,0.45949482917785645,0.45950302481651306
0,registered_style,bounded_h_to_y,cnn,TI,inactive,18240,0.8944515748341617,0.8944289684295654,0.8944323062896729,0.8944410085678101,0.8944962084293365,0.895398736000061,18240,0.459452854332171,0.4573867917060852,0.4593558177351952,0.4594758152961731,0.4594947099685669,0.45950213074684143
0,registered_style,bounded_h_to_y,transformer,RGB,all,37120,0.8944370594228906,0.8944288492202759,0.8944308757781982,0.8944350481033325,0.8944493532180786,0.8946042060852051,37120,0.4594844599977007,0.4591205418109894,0.4594576954841614,0.45948880910873413,0.45949798822402954,0.45950230956077576
0,registered_style,bounded_h_to_y,transformer,RGB,active,18880,0.894437389792401,0.894429087638855,0.8944309949874878,0.8944354057312012,0.8944500088691711,0.8946042060852051,18880,0.4594837405071673,0.4591205418109894,0.45945635437965393,0.4594881236553192,0.4594976305961609,0.45950180292129517
0,registered_style,bounded_h_to_y,transformer,RGB,inactive,18240,0.8944367174614678,0.8944288492202759,0.8944307565689087,0.8944346904754639,0.8944485783576965,0.8945951461791992,18240,0.45948520473351606,0.45914021134376526,0.4594593644142151,0.45948953926563263,0.4594982862472534,0.45950230956077576
0,registered_style,bounded_h_to_y,transformer,NI,all,37120,0.8944371633809702,0.894428551197052,0.8944308757781982,0.8944351077079773,0.8944495320320129,0.8946777582168579,37120,0.45948423571113883,0.4589604437351227,0.45945730805397034,0.4594886898994446,0.45949795842170715,0.45950302481651306
0,registered_style,bounded_h_to_y,transformer,NI,active,18880,0.8944374155789866,0.8944287896156311,0.8944309949874878,0.8944352865219116,0.8944501876831055,0.8945823311805725,18880,0.45948368747544993,0.45916813611984253,0.4594559073448181,0.45948827266693115,0.45949774980545044,0.4595024287700653
0,registered_style,bounded_h_to_y,transformer,NI,inactive,18240,0.8944369023339006,0.894428551197052,0.8944307565689087,0.894434928894043,0.8944487601518631,0.8946777582168579,18240,0.45948480318316764,0.4589604437351227,0.4594589456915855,0.4594891369342804,0.45949819684028625,0.45950302481651306
0,registered_style,bounded_h_to_y,transformer,TI,all,37120,0.8944455359339842,0.8944303393363953,0.8944346904754639,0.8944433331489563,0.8944637775421143,0.8945364952087402,37120,0.4594660111181117,0.4592677354812622,0.4594263732433319,0.45947080850601196,0.459489643573761,0.4594990909099579
0,registered_style,bounded_h_to_y,transformer,TI,active,18880,0.8944449694606207,0.8944303393363953,0.8944344520568848,0.8944427967071533,0.894463124871254,0.894527018070221,18880,0.4594672439698824,0.45928871631622314,0.4594277128577232,0.4594719409942627,0.4594900906085968,0.4594990909099579
0,registered_style,bounded_h_to_y,transformer,TI,inactive,18240,0.8944461222836062,0.8944307565689087,0.8944348692893982,0.8944438695907593,0.8944643139839172,0.8945364952087402,18240,0.45946473500838403,0.4592677354812622,0.45942514985799787,0.45946967601776123,0.45948922634124756,0.4594983458518982
0,registered_style,bounded_h_to_y,mamba,RGB,all,37120,0.8944286995551324,0.8944271206855774,0.8944272994995117,0.8944275379180908,0.894432783126831,0.8946802616119385,37120,0.45950265270497265,0.45895490050315857,0.45949387550354004,0.4595051407814026,0.45950570702552795,0.4595058262348175
0,registered_style,bounded_h_to_y,mamba,RGB,active,18880,0.8944286517009644,0.8944271802902222,0.8944272994995117,0.8944275379180908,0.8944321870803833,0.8946802616119385,18880,0.45950275688290093,0.45895490050315857,0.45949503779411316,0.45950523018836975,0.45950570702552795,0.4595058262348175
0,registered_style,bounded_h_to_y,mamba,RGB,inactive,18240,0.894428749088394,0.8944271206855774,0.8944272994995117,0.8944275379180908,0.8944332599639893,0.8945707082748413,18240,0.45950254487167846,0.45919346809387207,0.459492652118206,0.4595051109790802,0.45950567722320557,0.4595058262348175
0,registered_style,bounded_h_to_y,mamba,NI,all,37120,0.8944281296499459,0.8944271206855774,0.8944272398948669,0.894427478313446,0.8944299221038818,0.8946290016174316,37120,0.459503892978557,0.45906633138656616,0.4595000147819519,0.4595053493976593,0.45950576663017273,0.4595058560371399
0,registered_style,bounded_h_to_y,mamba,NI,active,18880,0.894428053233078,0.8944271206855774,0.8944272398948669,0.8944274187088013,0.894429624080658,0.894532322883606,18880,0.45950405933910005,0.4592770040035248,0.45950064063072205,0.4595053791999817,0.45950576663017273,0.4595058560371399
0,registered_style,bounded_h_to_y,mamba,NI,inactive,18240,0.8944282087481075,0.8944271206855774,0.8944272398948669,0.894427478313446,0.8944301605224609,0.8946290016174316,18240,0.45950372078080187,0.45906633138656616,0.4594994783401489,0.4595052897930145,0.45950573682785034,0.4595058560371399
0,registered_style,bounded_h_to_y,mamba,TI,all,37120,0.8944981661705493,0.8944271802902222,0.8944275379180908,0.8944299817085266,0.8945050239562988,0.9351292252540588,37120,0.45934737072374415,0.3601968288421631,0.459336519241333,0.45949989557266235,0.45950520038604736,0.45950570702552795
0,registered_style,bounded_h_to_y,mamba,TI,active,18880,0.8944981471493335,0.8944271802902222,0.8944275379180908,0.8944298028945923,0.8945039570331573,0.9351292252540588,18880,0.4593470210462051,0.3601968288421631,0.4593388348817825,0.4595003128051758,0.45950523018836975,0.45950570702552795
0,registered_style,bounded_h_to_y,mamba,TI,inactive,18240,0.8944981858591762,0.8944271802902222,0.8944275379180908,0.8944302201271057,0.8945059806108475,0.9297831654548645,18240,0.4593477326706705,0.3747449517250061,0.4593346074223518,0.4594993591308594,0.459505170583725,0.45950567722320557
1,original,initial_to_control,cnn,RGB,all,35840,0.8414228304106343,0.6903491020202637,0.7846645981073379,0.8435925841331482,0.89014293551445,0.9248403310775757,35840,0.5602786151966679,0.38771042227745056,0.46873668432235716,0.5592987239360809,0.6562552392482757,0.786957323551178
1,original,initial_to_control,cnn,RGB,active,16576,0.8412125887507464,0.6959935426712036,0.7838970869779587,0.8436522483825684,0.8896490037441254,0.9248403310775757,16576,0.5606466001618841,0.38771042227745056,0.4697893559932709,0.559192031621933,0.657423660159111,0.7797519564628601
1,original,initial_to_control,cnn,RGB,inactive,19264,0.8416037360249564,0.6903491020202637,0.7850532948970794,0.8435480892658234,0.8906170785427093,0.9214284420013428,19264,0.5599619769707842,0.3964129686355591,0.46772408932447435,0.5593782067298889,0.6556625068187713,0.786957323551178
1,original,initial_to_control,cnn,NI,all,35840,0.8299739017334234,0.6710993647575378,0.767166581749916,0.8335073590278625,0.879874986410141,0.9220613241195679,35840,0.5802400036332463,0.3948132395744324,0.49015317410230635,0.5770488679409027,0.682397875189781,0.8110494613647461
1,original,initial_to_control,cnn,NI,active,16576,0.8297031500653641,0.6794073581695557,0.7666441202163696,0.8333200216293335,0.8798753917217255,0.9220613241195679,16576,0.5806603413524689,0.3948132395744324,0.49015238136053085,0.5773735046386719,0.6831631362438202,0.8007405996322632
1,original,initial_to_control,cnn,NI,inactive,19264,0.8302068740989629,0.6710993647575378,0.7676707178354263,0.8336601257324219,0.8798634499311446,0.9189096689224243,19264,0.579878317688799,0.40271684527397156,0.49017648994922636,0.576784074306488,0.6816587090492248,0.8110494613647461
1,original,initial_to_control,cnn,TI,all,35840,0.8411456029263458,0.6302129030227661,0.777713942527771,0.8447237610816956,0.893201720714569,0.9255396127700806,35840,0.5598659018528581,0.3859027624130249,0.4621649578213692,0.5572723746299744,0.6667625665664672,0.8599849939346313
1,original,initial_to_control,cnn,TI,active,16576,0.840365619229649,0.645629346370697,0.7770000398159027,0.8431432843208313,0.8934645056724548,0.9245346784591675,16576,0.5611939223152388,0.3884979784488678,0.4615963250398636,0.5601012706756592,0.6678323000669479,0.8418677449226379
1,original,initial_to_control,cnn,TI,inactive,19264,0.8418167516886198,0.6302129030227661,0.7783421277999878,0.8458785116672516,0.8930314183235168,0.9255396127700806,19264,0.5587231865712747,0.3859027624130249,0.46253356486558916,0.5551964938640594,0.6658197671175003,0.8599849939346313
1,original,initial_to_control,transformer,RGB,all,35840,0.7196752768284309,0.3923080265522003,0.6128008723258972,0.7282118797302246,0.7963265597820282,0.8434185981750488,35840,0.7452242831832596,0.559609591960907,0.6382373571395874,0.7372763454914093,0.8799990862607956,1.1024445295333862
1,original,initial_to_control,transformer,RGB,active,16576,0.7191268677560749,0.4187725782394409,0.6110033839941025,0.7277792394161224,0.7957747280597687,0.8434185981750488,16576,0.7459096163007859,0.559609591960907,0.6391014754772186,0.7378629446029663,0.8820393085479736,1.078171968460083
1,original,initial_to_control,transformer,RGB,inactive,19264,0.7201471637046442,0.3923080265522003,0.6147801607847214,0.7285130321979523,0.7967850446701049,0.8406121730804443,19264,0.7446345779425975,0.5646024942398071,0.6375186234712601,0.736867755651474,0.8777470678091047,1.1024445295333862
1,original,initial_to_control,transformer,NI,all,35840,0.7116830413786894,0.3899024426937103,0.6063229322433472,0.7204047441482544,0.7847571372985839,0.8341614007949829,35840,0.7561147105780297,0.5759144425392151,0.6561142563819885,0.7477904856204987,0.8873297929763793,1.1046245098114014
1,original,initial_to_control,transformer,NI,active,16576,0.7115930850890871,0.3899024426937103,0.6053229421377182,0.7207483649253845,0.7848259508609772,0.8285261392593384,16576,0.7561966353078089,0.5856173634529114,0.6560093909502029,0.747330904006958,0.8884560614824295,1.1046245098114014
1,original,initial_to_control,transformer,NI,inactive,19264,0.711760445627882,0.4537914991378784,0.6074731528759003,0.720079094171524,0.7845880806446075,0.8341614007949829,19264,0.7560442172058941,0.5759144425392151,0.656371682882309,0.7482258081436157,0.8860325425863266,1.0451875925064087
1,original,initial_to_control,transformer,TI,all,35840,0.7560326437848354,0.5065135955810547,0.6691782712936402,0.7606967985630035,0.825129845738411,0.8991380929946899,35840,0.6951607216623545,0.4491368532180786,0.5913884580135346,0.6918139159679413,0.8134147554636002,0.9934651255607605
1,original,initial_to_control,transformer,TI,active,16576,0.7551077716052532,0.5271217823028564,0.6688624918460846,0.7598975598812103,0.8233024179935455,0.8991380929946899,16576,0.6966033553719003,0.4491368532180786,0.5944704860448837,0.6929682791233063,0.8138027936220169,0.9725000858306885
1,original,initial_to_control,transformer,TI,inactive,19264,0.7568284640323829,0.5065135955810547,0.6693599998950959,0.7614679336547852,0.8266910672187805,0.8986994028091431,19264,0.6939193856797221,0.4501124322414398,0.5887427449226379,0.6906982362270355,0.8131912380456923,0.9934651255607605
1,original,initial_to_control,mamba,RGB,all,35840,0.8752676811135773,0.7334136962890625,0.8320225894451141,0.8776801228523254,0.9107158064842223,0.9378200173377991,35840,0.49716944685871045,0.3526471257209778,0.4225736051797867,0.4946108013391495,0.5796160399913788,0.7301867604255676
1,original,initial_to_control,mamba,RGB,active,16576,0.8750570922780739,0.7334136962890625,0.8321210145950317,0.8773313164710999,0.9103018343448639,0.9378200173377991,16576,0.4976132476403878,0.3526471257209778,0.42355208098888397,0.4953156113624573,0.5794463455677032,0.7301867604255676
1,original,initial_to_control,mamba,RGB,inactive,19264,0.8754488854604059,0.745854377746582,0.8318285286426544,0.8779391050338745,0.9111414194107056,0.9377357959747314,19264,0.49678757176749977,0.3528860807418823,0.42156528532505033,0.4940868467092514,0.5799507588148116,0.7129455804824829
1,original,initial_to_control,mamba,NI,all,35840,0.8597533026377537,0.7276982665061951,0.8105412632226944,0.8617361187934875,0.902397632598877,0.9294966459274292,35840,0.526948188528851,0.3755090832710266,0.4418201118707657,0.5258592069149017,0.615562742948532,0.7379725575447083
1,original,initial_to_control,mamba,NI,active,16576,0.8591791789647926,0.7276982665061951,0.8100005388259888,0.8613318800926208,0.902103915810585,0.9284390807151794,16576,0.5280418924368832,0.378314733505249,0.4424842596054077,0.526627391576767,0.6164405345916748,0.7379725575447083
1,original,initial_to_control,mamba,NI,inactive,19264,0.8602473160307669,0.7355148792266846,0.8109411209821701,0.8621237874031067,0.902654105424881,0.9294966459274292,19264,0.5260070944684512,0.3755090832710266,0.44123927801847457,0.5251214504241943,0.6149128675460814,0.7273034453392029
1,original,initial_to_control,mamba,TI,all,35840,0.8765381798663708,0.76252281665802,0.8331233918666839,0.8784173727035522,0.9140693694353104,0.9359657764434814,35840,0.49451956916517315,0.3578665256500244,0.41456169784069063,0.4931180328130722,0.5777140974998474,0.6891693472862244
1,original,initial_to_control,mamba,TI,active,16576,0.8765351910892025,0.76252281665802,0.8334875255823135,0.8783375024795532,0.913964569568634,0.9358662962913513,16576,0.4945307327254629,0.35814449191093445,0.4148145318031311,0.4932800233364105,0.577083095908165,0.6891693472862244
1,original,initial_to_control,mamba,TI,inactive,19264,0.8765407516048646,0.7789722084999084,0.8327489882707596,0.8784785270690918,0.9141443371772766,0.9359657764434814,19264,0.4945099633109703,0.3578665256500244,0.4143808498978615,0.49299390614032745,0.5783615618944168,0.6648727655410767
1,original,initial_to_bounded,cnn,RGB,all,35840,0.8409771277303142,0.6819961071014404,0.7904410302639008,0.8421313166618347,0.8880141556262969,0.9307979345321655,35840,0.5614769819001335,0.37202709913253784,0.4732566803693771,0.5619051456451416,0.647393202781677,0.7975010871887207
1,original,initial_to_bounded,cnn,RGB,active,16576,0.8407139692915798,0.6930540800094604,0.7900462597608566,0.8419552743434906,0.8874291181564331,0.9307979345321655,16576,0.5619512324034448,0.37202709913253784,0.4744911789894104,0.5622184872627258,0.6480026841163635,0.7835124731063843
1,original,initial_to_bounded,cnn,RGB,inactive,19264,0.8412035663868996,0.6819961071014404,0.7909687399864197,0.8422533273696899,0.8885894477367401,0.9271363019943237,19264,0.5610689058856562,0.3817426264286041,0.47203937321901324,0.5616879463195801,0.6465775012969971,0.7975010871887207
1,original,initial_to_bounded,cnn,NI,all,35840,0.8273133434055905,0.6743333339691162,0.7746008068323136,0.8288946747779846,0.8745251446962357,0.9167625308036804,35840,0.5854449613934516,0.40801364183425903,0.5009489864110946,0.5849878787994385,0.6714152276515959,0.8070523142814636
1,original,initial_to_bounded,cnn,NI,active,16576,0.8268054579366646,0.6868604421615601,0.7734332233667374,0.8284739553928375,0.8742962032556534,0.9164257049560547,16576,0.5862837276550937,0.4088382422924042,0.5014057159423828,0.5857066512107849,0.6731520444154739,0.7913780212402344
1,original,initial_to_bounded,cnn,NI,inactive,19264,0.8277503611346664,0.6743333339691162,0.7757375419139863,0.8291733860969543,0.8748821645975113,0.9167625308036804,19264,0.5847232322845967,0.40801364183425903,0.5002357304096222,0.5845111012458801,0.6697200626134873,0.8070523142814636
1,original,initial_to_bounded,cnn,TI,all,35840,0.8420462700771167,0.6581380367279053,0.775748348236084,0.8468672633171082,0.8935673594474792,0.9275972843170166,35840,0.5582628227362875,0.380533367395401,0.4613730952143669,0.5534127056598663,0.669704046845436,0.8268761038780212
1,original,initial_to_bounded,cnn,TI,active,16576,0.8409961894995975,0.6643397808074951,0.7739539295434952,0.845325380563736,0.8935967981815338,0.9262583255767822,16576,0.5600687985193401,0.3840356469154358,0.46130961179733276,0.5561918616294861,0.6723780483007431,0.8193414807319641
1,original,initial_to_bounded,cnn,TI,inactive,19264,0.8429498277833543,0.6581380367279053,0.7772352546453476,0.8481879234313965,0.8935261756181716,0.9275972843170166,19264,0.5567088435741259,0.380533367395401,0.4614625573158264,0.5510210692882538,0.6674800664186478,0.8268761038780212
1,original,initial_to_bounded,transformer,RGB,all,35840,0.7257547731112156,0.4618709087371826,0.6315402626991272,0.7310070395469666,0.7954866468906402,0.8339556455612183,35840,0.7376311810770338,0.5762713551521301,0.6395521014928818,0.7334752678871155,0.858440226316452,1.037428617477417
1,original,initial_to_bounded,transformer,RGB,active,16576,0.7250541524015884,0.4912864565849304,0.6309684365987778,0.730132520198822,0.7956188321113586,0.8329311013221741,16576,0.7385653238240126,0.5780465602874756,0.6393452435731888,0.7346665561199188,0.8591059893369675,1.0086759328842163
1,original,initial_to_bounded,transformer,RGB,inactive,19264,0.7263576327915925,0.4618709087371826,0.6319118767976761,0.7317561507225037,0.7954020708799362,0.8339556455612183,19264,0.7368273838296334,0.5762713551521301,0.6396842479705811,0.7324532866477966,0.8580072551965713,1.037428617477417
1,original,initial_to_bounded,transformer,NI,all,35840,0.7121844133029559,0.41707032918930054,0.6167897164821625,0.719228208065033,0.7789618641138076,0.8378267884254456,35840,0.7560302980011329,0.5695144534111023,0.6648882836103439,0.7493621706962585,0.8754544168710706,1.0797497034072876
1,original,initial_to_bounded,transformer,NI,active,16576,0.7121157071384167,0.41707032918930054,0.615164116024971,0.7191765308380127,0.7788699418306351,0.8370621204376221,16576,0.7560917724635898,0.570855438709259,0.6650265008211136,0.7494311332702637,0.8773093968629837,1.0797497034072876
1,original,initial_to_bounded,transformer,NI,inactive,19264,0.7122435325608153,0.4646134376525879,0.6181688755750656,0.7192409634590149,0.7791156470775604,0.8378267884254456,19264,0.7559774013706467,0.5695144534111023,0.664656913280487,0.74934521317482,0.8738777667284011,1.0347816944122314
1,original,initial_to_bounded,transformer,TI,all,35840,0.7565880324475334,0.5423296689987183,0.6819367945194245,0.7585835456848145,0.8279809474945067,0.8844659924507141,35840,0.694833807433523,0.48069536685943604,0.5865475684404373,0.6948617994785309,0.7975755572319028,0.9567344188690186
1,original,initial_to_bounded,transformer,TI,active,16576,0.7561500022928572,0.5847588777542114,0.6835928857326508,0.7576535642147064,0.8266350775957108,0.8762606978416443,16576,0.6955460291841287,0.49747225642204285,0.5888379067182541,0.6961989998817444,0.7954962700605392,0.9113080501556396
1,original,initial_to_bounded,transformer,TI,inactive,19264,0.7569649421155106,0.5423296689987183,0.6807181775569916,0.7595720589160919,0.8289063215255738,0.8844659924507141,19264,0.6942209654620716,0.48069536685943604,0.584967851638794,0.6934378147125244,0.7991018652915952,0.9567344188690186
1,original,initial_to_bounded,mamba,RGB,all,35840,0.8725183167794187,0.7037563323974609,0.8274494141340256,0.8757758140563965,0.9086870133876801,0.9327723979949951,35840,0.5025999308330938,0.36668136715888977,0.42734771519899367,0.4984460473060608,0.5874532997608185,0.7697320580482483
1,original,initial_to_bounded,mamba,RGB,active,16576,0.8720640831421989,0.7037563323974609,0.8267512917518616,0.8754920959472656,0.9083657413721085,0.9327723979949951,16576,0.5034681060980704,0.36668136715888977,0.42809896916151047,0.4990149140357971,0.5886403173208237,0.7697320580482483
1,original,initial_to_bounded,mamba,RGB,inactive,19264,0.8729091689788869,0.7590212821960449,0.8282496094703674,0.8759721517562866,0.9089931488037108,0.9308003187179565,19264,0.5018528963027652,0.37202081084251404,0.42663068771362306,0.49805206060409546,0.5860894232988357,0.6942316293716431
1,original,initial_to_bounded,mamba,NI,all,35840,0.8539790092252328,0.6635586023330688,0.8025061964988709,0.855664849281311,0.8985237896442413,0.9275426864624023,35840,0.5376274280782257,0.38067665696144104,0.45050249844789503,0.5372805893421173,0.6284805119037629,0.8202943205833435
1,original,initial_to_bounded,mamba,NI,active,16576,0.8530881609515967,0.6635586023330688,0.8018477857112885,0.8546482622623444,0.8976456671953201,0.9275426864624023,16576,0.5392948270282748,0.38067665696144104,0.45244745910167694,0.5391693115234375,0.6295272558927536,0.8202943205833435
1,original,initial_to_bounded,mamba,NI,inactive,19264,0.8547455530885941,0.6926402449607849,0.8030348509550095,0.856587141752243,0.899227648973465,0.925834059715271,19264,0.5361926894467881,0.385138601064682,0.4489374577999115,0.5355613231658936,0.6276387989521026,0.7840405106544495
1,original,initial_to_bounded,mamba,TI,all,35840,0.8794002031524931,0.7673180103302002,0.8335323601961135,0.8817732334136963,0.9153952360153198,0.9380235075950623,35840,0.4886463154656147,0.352069616317749,0.4113509178161621,0.48626498878002167,0.5770056098699569,0.6821759343147278
1,original,initial_to_bounded,mamba,TI,active,16576,0.8791182582126391,0.7780494689941406,0.8338880836963654,0.8815369307994843,0.9149781465530396,0.9380235075950623,16576,0.4892421547398978,0.352069616317749,0.4123637080192566,0.4867505729198456,0.5763885974884033,0.6662590503692627
1,original,initial_to_bounded,mamba,TI,inactive,19264,0.879642806937949,0.7673180103302002,0.8332484751939774,0.8819749057292938,0.9156895250082016,0.9349471926689148,19264,0.4881336165551851,0.36070185899734497,0.41063497960567474,0.4858500361442566,0.5774973303079605,0.6821759343147278
1,original,control_to_bounded,cnn,RGB,all,35840,0.9237526783320521,0.8503175973892212,0.8905861556529999,0.9250366389751434,0.9525965809822082,0.9747850894927979,35840,0.3876060620349433,0.22456634044647217,0.3079074516892433,0.38720381259918213,0.46779038757085784,0.5471424460411072
1,original,control_to_bounded,cnn,RGB,active,16576,0.9239535340068423,0.8600003719329834,0.8912307620048523,0.9252464771270752,0.9524842798709869,0.9741072058677673,16576,0.38715395856914775,0.22756443917751312,0.30827178061008453,0.38666148483753204,0.4664101302623749,0.5291497707366943
1,original,control_to_bounded,cnn,RGB,inactive,19264,0.9235798490304884,0.8503175973892212,0.8900071680545807,0.9249041080474854,0.9526723861694336,0.9747850894927979,19264,0.3879950812962092,0.22456634044647217,0.307661110162735,0.3875460773706436,0.4690265342593193,0.5471424460411072
1,original,control_to_bounded,cnn,NI,all,35840,0.9221028705826029,0.8389036655426025,0.889300674200058,0.9242729246616364,0.9473139882087708,0.961368978023529,35840,0.3922229546080676,0.2779606282711029,0.32461085766553877,0.3891710042953491,0.47053028047084805,0.5676202178001404
1,original,control_to_bounded,cnn,NI,active,16576,0.9223868059979673,0.8457616567611694,0.8897481560707092,0.9246084094047546,0.9472395181655884,0.961368978023529,16576,0.3915498900985971,0.2779606282711029,0.32483991980552673,0.38830843567848206,0.4695783481001854,0.5554068088531494
1,original,control_to_bounded,cnn,NI,inactive,19264,0.9218585540624057,0.8389036655426025,0.8887389004230499,0.9240619242191315,0.9473871052265167,0.9602546691894531,19264,0.39280210313947245,0.2819408178329468,0.3243854209780693,0.38971298933029175,0.4717226430773735,0.5676202178001404
1,original,control_to_bounded,cnn,TI,all,35840,0.9261968459235504,0.8492813110351562,0.8956169664859772,0.9271355271339417,0.95282381772995,0.9667661190032959,35840,0.38149396518711,0.25781363248825073,0.30716818422079084,0.3817448019981384,0.4569093525409698,0.5490331649780273
1,original,control_to_bounded,cnn,TI,active,16576,0.9260176493387137,0.8549052476882935,0.8952284455299377,0.927035003900528,0.9525983482599258,0.9667661190032959,16576,0.38195099247597936,0.25781363248825073,0.30790164321660995,0.38200807571411133,0.4577588513493538,0.5386925935745239
1,original,control_to_bounded,cnn,TI,inactive,19264,0.9263510383337588,0.8492813110351562,0.895966911315918,0.9272095561027527,0.9529717028141022,0.965945303440094,19264,0.3811007091478503,0.2609778642654419,0.30668687969446184,0.38155078887939453,0.45614286214113237,0.5490331649780273
1,original,control_to_bounded,transformer,RGB,all,35840,0.8464518311350341,0.6576467752456665,0.7789972722530365,0.8534335196018219,0.8915449440479278,0.921314537525177,35840,0.5507479230083325,0.3967001438140869,0.4657361939549446,0.5414175391197205,0.6648349344730375,0.8274698853492737
1,original,control_to_bounded,transformer,RGB,active,16576,0.8472614203935712,0.666529655456543,0.781300812959671,0.8537184298038483,0.8917145431041718,0.920513391494751,16576,0.5494333115895369,0.3987143933773041,0.46537183225154877,0.540891170501709,0.6613610535860062,0.8166645169258118
1,original,control_to_bounded,transformer,RGB,inactive,19264,0.8457552078195486,0.6576467752456665,0.7772587060928344,0.8531409502029419,0.8913003146648407,0.921314537525177,19264,0.5518791002756684,0.3967001438140869,0.46626110523939135,0.5419578850269318,0.6674448966979979,0.8274698853492737
1,original,control_to_bounded,transformer,NI,all,35840,0.8423799326077902,0.6828271150588989,0.7789942651987076,0.8473998606204987,0.8873573243618011,0.920678436756134,35840,0.5584868340794595,0.3983003795146942,0.4746425673365593,0.5524495542049408,0.6648394823074341,0.7964582443237305
1,original,control_to_bounded,transformer,NI,active,16576,0.8429735077789564,0.6828271150588989,0.7822834700345993,0.847653865814209,0.8879484832286835,0.920678436756134,16576,0.5575047672319884,0.3983003795146942,0.4733954146504402,0.5519894659519196,0.6598734706640244,0.7964582443237305
1,original,control_to_bounded,transformer,NI,inactive,19264,0.8418691818791123,0.7157608270645142,0.7768954128026963,0.8471654057502747,0.8869986951351165,0.9206579923629761,19264,0.5593318683435626,0.39835187792778015,0.47539747357368467,0.5528737306594849,0.6679889261722565,0.7539750337600708
1,original,control_to_bounded,transformer,TI,all,35840,0.8630388745788617,0.7296112775802612,0.804057914018631,0.8686216473579407,0.9022555142641068,0.9389285445213318,35840,0.5201776650393315,0.3494897484779358,0.44214152097702025,0.5125980973243713,0.6260066419839858,0.7353758215904236
1,original,control_to_bounded,transformer,TI,active,16576,0.8634767003508436,0.7374496459960938,0.8050296455621719,0.868981659412384,0.9021750390529633,0.9382779598236084,16576,0.5193788880827517,0.35134610533714294,0.44232340157032013,0.5118951797485352,0.6244523972272873,0.7246383428573608
1,original,control_to_bounded,transformer,TI,inactive,19264,0.8626621407750635,0.7296112775802612,0.8034061521291733,0.8683122396469116,0.9023492008447647,0.9389285445213318,19264,0.5208649847461561,0.3494897484779358,0.4419295459985733,0.5132013559341431,0.6270468443632126,0.7353758215904236
1,original,control_to_bounded,mamba,RGB,all,35840,0.9464253867394291,0.8888561725616455,0.9252761781215668,0.9470997452735901,0.9654271692037583,0.981792688369751,35840,0.32519063171265383,0.19082656502723694,0.2629560321569443,0.3252701759338379,0.38658477663993834,0.4714741110801697
1,original,control_to_bounded,mamba,RGB,active,16576,0.9462939152012231,0.8888561725616455,0.9248007535934448,0.9471091032028198,0.9651612043380737,0.9812768697738647,16576,0.32559259153604075,0.19351038336753845,0.26396532356739044,0.32524143159389496,0.3878125920891762,0.4714741110801697
1,original,control_to_bounded,mamba,RGB,inactive,19264,0.9465385134118389,0.8955233097076416,0.9258610248565674,0.9470904469490051,0.9657490193843842,0.981792688369751,19264,0.32484475930648365,0.19082656502723694,0.2617290005087852,0.3252987563610077,0.3850688457489014,0.4571143388748169
1,original,control_to_bounded,mamba,NI,all,35840,0.9432720789868784,0.8792932629585266,0.9215339571237564,0.9443486630916595,0.9612571269273757,0.9712588787078857,35840,0.33488423006118473,0.23975501954555511,0.2783627092838287,0.333620622754097,0.3961467266082764,0.4913385808467865
1,original,control_to_bounded,mamba,NI,active,16576,0.9431452288051427,0.8792932629585266,0.9212644249200821,0.9442158937454224,0.9613589495420456,0.9712588787078857,16576,0.33522107344548646,0.23975501954555511,0.2779967412352562,0.33401836454868317,0.39682653546333313,0.4913385808467865
1,original,control_to_bounded,mamba,NI,inactive,19264,0.9433812291432556,0.8799532651901245,0.921873289346695,0.9444604516029358,0.9612052053213119,0.9711663722991943,19264,0.3345943880793437,0.24014034867286682,0.27854951471090317,0.33328552544116974,0.3952891767024994,0.4899933934211731
1,original,control_to_bounded,mamba,TI,all,35840,0.9502297294908203,0.904559314250946,0.9326940178871155,0.9513120949268341,0.9644449084997178,0.9771621823310852,35840,0.31395515109844774,0.21371817588806152,0.26666528433561326,0.31205105781555176,0.3668951764702796,0.436899870634079
1,original,control_to_bounded,mamba,TI,active,16576,0.950292991402354,0.904559314250946,0.9328306466341019,0.9514820575714111,0.9644872844219208,0.9771621823310852,16576,0.31374024615072893,0.21371817588806152,0.2665061503648758,0.31150615215301514,0.3665226623415947,0.436899870634079
1,original,control_to_bounded,mamba,TI,inactive,19264,0.9501752948227564,0.9087892174720764,0.9325134992599488,0.9511851966381073,0.9644239187240601,0.9742178320884705,19264,0.3141400693092755,0.22707781195640564,0.2667437270283699,0.31245753169059753,0.3673867166042328,0.4271085560321808
1,original,bounded_h_to_y,cnn,RGB,all,35840,0.8944273149561403,0.8944270610809326,0.8944271802902222,0.8944272398948669,0.8944275379180908,0.8944746255874634,35840,0.4595056603587831,0.45940274000167847,0.4595051109790802,0.4595058262348175,0.4595058560371399,0.45950591564178467
1,original,bounded_h_to_y,cnn,RGB,active,16576,0.8944273086724998,0.8944270610809326,0.8944271802902222,0.8944272398948669,0.8944275379180908,0.8944447040557861,16576,0.45950567466116954,0.4594677686691284,0.459505170583725,0.4595058262348175,0.4595058560371399,0.45950591564178467
1,original,bounded_h_to_y,cnn,RGB,inactive,19264,0.8944273203629939,0.8944270610809326,0.8944271802902222,0.8944272398948669,0.8944275975227356,0.8944746255874634,19264,0.45950564805207855,0.45940274000167847,0.4595050811767578,0.4595058262348175,0.4595058560371399,0.45950591564178467
1,original,bounded_h_to_y,cnn,NI,all,35840,0.8944272487407683,0.8944270610809326,0.8944271802902222,0.8944272398948669,0.8944272994995117,0.8944313526153564,35840,0.45950580225492427,0.4594968855381012,0.4595056474208832,0.4595058262348175,0.4595058560371399,0.45950591564178467
1,original,bounded_h_to_y,cnn,NI,active,16576,0.894427246975076,0.8944270610809326,0.8944271802902222,0.8944272398948669,0.8944272994995117,0.8944297432899475,16576,0.4595058049672215,0.45950037240982056,0.45950567722320557,0.4595058262348175,0.4595058560371399,0.45950591564178467
1,original,bounded_h_to_y,cnn,NI,inactive,19264,0.894427250260085,0.8944270610809326,0.8944271802902222,0.8944272398948669,0.8944273591041565,0.8944313526153564,19264,0.45950579992108714,0.4594968855381012,0.4595056474208832,0.4595058262348175,0.4595058560371399,0.45950591564178467
1,original,bounded_h_to_y,cnn,TI,all,35840,0.8944287369559918,0.8944270610809326,0.8944271802902222,0.8944272994995117,0.8944318294525146,0.896195650100708,35840,0.4595025674140613,0.4556410312652588,0.45949581265449524,0.45950573682785034,0.4595058560371399,0.45950591564178467
1,original,bounded_h_to_y,cnn,TI,active,16576,0.8944287812588988,0.8944270610809326,0.8944271802902222,0.8944272994995117,0.8944317102432251,0.8957515358924866,16576,0.4595024702930284,0.4566149115562439,0.4594962149858475,0.45950576663017273,0.4595058560371399,0.4595058858394623
1,original,bounded_h_to_y,cnn,TI,inactive,19264,0.8944286988348857,0.8944270610809326,0.8944271802902222,0.8944272994995117,0.8944319486618042,0.896195650100708,19264,0.4595026509833222,0.4556410312652588,0.459495484828949,0.45950573682785034,0.4595058560371399,0.45950591564178467
1,original,bounded_h_to_y,transformer,RGB,all,35840,0.8944272353197448,0.8944270610809326,0.8944271802902222,0.8944272398948669,0.8944272994995117,0.8944274187088013,35840,0.45950583749051604,0.45950549840927124,0.4595057964324951,0.4595058262348175,0.4595058858394623,0.45950591564178467
1,original,bounded_h_to_y,transformer,RGB,active,16576,0.8944272354288336,0.8944270610809326,0.8944271802902222,0.8944272398948669,0.8944272994995117,0.8944274187088013,16576,0.4595058376012679,0.4595056474208832,0.4595057964324951,0.4595058262348175,0.4595058858394623,0.45950591564178467
1,original,bounded_h_to_y,transformer,RGB,inactive,19264,0.8944272352258776,0.8944270610809326,0.8944271802902222,0.8944272398948669,0.8944272994995117,0.8944274187088013,19264,0.45950583739521794,0.45950549840927124,0.4595057964324951,0.4595058262348175,0.4595058858394623,0.45950591564178467
1,original,bounded_h_to_y,transformer,NI,all,35840,0.8944272355775216,0.8944270610809326,0.8944271802902222,0.8944272398948669,0.8944272994995117,0.8944274187088013,35840,0.4595058383860825,0.4595053791999817,0.4595057964324951,0.4595058262348175,0.4595058858394623,0.45950591564178467
1,original,bounded_h_to_y,transformer,NI,active,16576,0.8944272357884177,0.8944270610809326,0.8944271802902222,0.8944272398948669,0.8944272994995117,0.8944274187088013,16576,0.45950583870698875,0.4595056176185608,0.4595057964324951,0.4595058262348175,0.4595058858394623,0.45950591564178467
1,original,bounded_h_to_y,transformer,NI,inactive,19264,0.894427235396053,0.8944270610809326,0.8944271802902222,0.8944272398948669,0.8944272994995117,0.8944274187088013,19264,0.4595058381099539,0.4595053791999817,0.4595057964324951,0.4595058262348175,0.4595058858394623,0.45950591564178467
1,original,bounded_h_to_y,transformer,TI,all,35840,0.8944272482252148,0.8944270610809326,0.8944271802902222,0.8944272398948669,0.8944272994995117,0.8944284319877625,35840,0.4595058116346731,0.45950305461883545,0.45950573682785034,0.4595058262348175,0.4595058560371399,0.45950591564178467
1,original,bounded_h_to_y,transformer,TI,active,16576,0.8944272477553733,0.8944270610809326,0.8944271802902222,0.8944272398948669,0.8944272994995117,0.8944284319877625,16576,0.45950581207080354,0.45950305461883545,0.45950573682785034,0.4595058262348175,0.4595058560371399,0.45950591564178467
1,original,bounded_h_to_y,transformer,TI,inactive,19264,0.894427248629497,0.8944270610809326,0.8944271802902222,0.8944272398948669,0.8944272994995117,0.8944283723831177,19264,0.45950581125939804,0.4595034420490265,0.45950573682785034,0.4595058262348175,0.4595058560371399,0.45950591564178467
1,original,bounded_h_to_y,mamba,RGB,all,35840,0.8944272356989261,0.8944270610809326,0.8944271802902222,0.8944272398948669,0.8944272994995117,0.894435465335846,35840,0.4595058376077629,0.4594879746437073,0.4595057964324951,0.4595058560371399,0.4595058858394623,0.45950591564178467
1,original,bounded_h_to_y,mamba,RGB,active,16576,0.8944272355151337,0.8944270610809326,0.8944271802902222,0.8944272398948669,0.8944272994995117,0.8944301605224609,16576,0.45950583767498265,0.45949938893318176,0.4595057964324951,0.4595058560371399,0.4595058858394623,0.45950591564178467
1,original,bounded_h_to_y,mamba,RGB,inactive,19264,0.8944272358570731,0.8944270610809326,0.8944271802902222,0.8944272398948669,0.8944272994995117,0.894435465335846,19264,0.4595058375499227,0.4594879746437073,0.4595057964324951,0.4595058560371399,0.4595058858394623,0.45950591564178467
1,original,bounded_h_to_y,mamba,NI,all,35840,0.8944272324825371,0.8944270610809326,0.8944271802902222,0.8944272398948669,0.8944272994995117,0.8944274187088013,35840,0.4595058440563402,0.45950543880462646,0.4595058262348175,0.4595058560371399,0.4595058858394623,0.45950591564178467
1,original,bounded_h_to_y,mamba,NI,active,16576,0.8944272326672285,0.8944270610809326,0.8944271802902222,0.8944272398948669,0.8944272994995117,0.8944274187088013,16576,0.4595058439982674,0.45950552821159363,0.4595058262348175,0.4595058560371399,0.4595058858394623,0.45950591564178467
1,original,bounded_h_to_y,mamba,NI,inactive,19264,0.8944272323236166,0.8944270610809326,0.8944271802902222,0.8944272398948669,0.8944272994995117,0.8944274187088013,19264,0.45950584410630985,0.45950543880462646,0.4595058262348175,0.4595058560371399,0.4595058858394623,0.45950591564178467
1,original,bounded_h_to_y,mamba,TI,all,35840,0.8944331412020672,0.8944270610809326,0.8944271802902222,0.8944272398948669,0.8944324851036072,0.9009919762611389,35840,0.4594929626386147,0.4449900686740875,0.4594944417476654,0.4595058262348175,0.4595058560371399,0.45950591564178467
1,original,bounded_h_to_y,mamba,TI,active,16576,0.8944329235012352,0.8944270610809326,0.8944271802902222,0.8944272398948669,0.8944337368011475,0.8965392112731934,16576,0.45949344544646303,0.4548865258693695,0.45949167013168335,0.4595058262348175,0.4595058560371399,0.45950591564178467
1,original,bounded_h_to_y,mamba,TI,inactive,19264,0.8944333285260389,0.8944270610809326,0.8944271802902222,0.8944272398948669,0.8944315910339355,0.9009919762611389,19264,0.4594925471993033,0.4449900686740875,0.45949641317129136,0.4595058262348175,0.4595058560371399,0.45950591564178467
1,registered_style,initial_to_control,cnn,RGB,all,35840,0.836537476916731,0.5604574680328369,0.7746804237365723,0.8395856320858002,0.8883297383785248,0.9249370098114014,35840,0.5684981402841264,0.38746118545532227,0.47258911430835726,0.5664176344871521,0.6712967485189436,0.9375954270362854
1,registered_style,initial_to_control,cnn,RGB,active,16576,0.830649662277442,0.5604574680328369,0.7644822001457214,0.834534764289856,0.8851466625928879,0.9249370098114014,16576,0.5784185462969295,0.38746118545532227,0.4792773723602295,0.5752656161785126,0.686320349574089,0.9375954270362854
1,registered_style,initial_to_control,cnn,RGB,inactive,19264,0.8416037360249564,0.6903491020202637,0.7850532948970794,0.8435480892658234,0.8906170785427093,0.9214284420013428,19264,0.5599619769707842,0.3964129686355591,0.46772408932447435,0.5593782067298889,0.6556625068187713,0.786957323551178
1,registered_style,initial_to_control,cnn,NI,all,35840,0.8243899214630281,0.5202388763427734,0.7559301644563675,0.8292722702026367,0.8778413653373718,0.9189096689224243,35840,0.5892672310051109,0.40271684527397156,0.49428478330373765,0.58434197306633,0.6986700743436813,0.979552149772644
1,registered_style,initial_to_control,cnn,NI,active,16576,0.8176296792104553,0.5202388763427734,0.741512194275856,0.8235154151916504,0.8748819530010223,0.9187448024749756,16576,0.600178670805149,0.4031258523464203,0.5002361685037613,0.5941121876239777,0.7190102934837341,0.979552149772644
1,registered_style,initial_to_control,cnn,NI,inactive,19264,0.8302068740989629,0.6710993647575378,0.7676707178354263,0.8336601257324219,0.8798634499311446,0.9189096689224243,19264,0.579878317688799,0.40271684527397156,0.49017648994922636,0.576784074306488,0.6816587090492248,0.8110494613647461
1,registered_style,initial_to_control,cnn,TI,all,35840,0.8378551091316955,0.6243743300437927,0.7700785964727401,0.841820627450943,0.8916687101125718,0.9255396127700806,35840,0.5655202990248134,0.3859027624130249,0.4654702827334404,0.5624577701091766,0.6781170904636382,0.8667476773262024
1,registered_style,initial_to_control,cnn,TI,active,16576,0.8332510380520266,0.6243743300437927,0.7619356662034988,0.8366376459598541,0.8897737562656403,0.9229238033294678,16576,0.5734196459302772,0.39262256026268005,0.4695237725973129,0.571598470211029,0.6900208443403244,0.8667476773262024
1,registered_style,initial_to_control,cnn,TI,inactive,19264,0.8418167516886198,0.6302129030227661,0.7783421277999878,0.8458785116672516,0.8930314183235168,0.9255396127700806,19264,0.5587231865712747,0.3859027624130249,0.46253356486558916,0.5551964938640594,0.6658197671175003,0.8599849939346313
1,registered_style,initial_to_control,transformer,RGB,all,35840,0.7149980109151719,0.3923080265522003,0.6067366242408753,0.7236078381538391,0.7943956077098846,0.8532117605209351,35840,0.7513359550785805,0.5418270230293274,0.6412557810544968,0.7434948086738586,0.886863449215889,1.1024445295333862
1,registered_style,initial_to_control,transformer,RGB,active,16576,0.7090138603760555,0.40389716625213623,0.5976123809814453,0.7174887955188751,0.7905689626932144,0.8532117605209351,16576,0.7591240420203986,0.5418270230293274,0.6471956372261047,0.7516797482967377,0.8970927298069,1.0918817520141602
1,registered_style,initial_to_control,transformer,RGB,inactive,19264,0.7201471637046442,0.3923080265522003,0.6147801607847214,0.7285130321979523,0.7967850446701049,0.8406121730804443,19264,0.7446345779425975,0.5646024942398071,0.6375186234712601,0.736867755651474,0.8777470678091047,1.1024445295333862
1,registered_style,initial_to_control,transformer,NI,all,35840,0.7081470895724903,0.3856116831302643,0.6045491993427277,0.7160800695419312,0.7828609257936477,0.8341614007949829,35840,0.7607706274238548,0.5759144425392151,0.6589978188276291,0.7535515427589417,0.8893265664577483,1.1085020303726196
1,registered_style,initial_to_control,transformer,NI,active,16576,0.7039477838864946,0.3856116831302643,0.6014106273651123,0.7109609246253967,0.78048937022686,0.8305568099021912,16576,0.7662634825420253,0.5821396112442017,0.6625868231058121,0.7603145837783813,0.8928487300872803,1.1085020303726196
1,registered_style,initial_to_control,transformer,NI,inactive,19264,0.711760445627882,0.4537914991378784,0.6074731528759003,0.720079094171524,0.7845880806446075,0.8341614007949829,19264,0.7560442172058941,0.5759144425392151,0.656371682882309,0.7482258081436157,0.8860325425863266,1.0451875925064087
1,registered_style,initial_to_control,transformer,TI,all,35840,0.7526034744947018,0.4854985177516937,0.6668956577777863,0.7571987211704254,0.8226389199495315,0.8991380929946899,35840,0.7000782135075756,0.4491368532180786,0.5955855518579483,0.6968519985675812,0.8162161529064178,1.0143979787826538
1,registered_style,initial_to_control,transformer,TI,active,16576,0.7476933515184778,0.4854985177516937,0.664466142654419,0.7518663108348846,0.8178485929965973,0.8991380929946899,16576,0.7072357701723784,0.4491368532180786,0.6035751551389694,0.7044625580310822,0.8191872835159302,1.0143979787826538
1,registered_style,initial_to_control,transformer,TI,inactive,19264,0.7568284640323829,0.5065135955810547,0.6693599998950959,0.7614679336547852,0.8266910672187805,0.8986994028091431,19264,0.6939193856797221,0.4501124322414398,0.5887427449226379,0.6906982362270355,0.8131912380456923,0.9934651255607605
1,registered_style,initial_to_control,mamba,RGB,all,35840,0.8701358662984733,0.5426068902015686,0.8192949891090393,0.8742018938064575,0.9097636729478836,0.9378200173377991,35840,0.506569701384121,0.3526471257209778,0.4248205959796906,0.5015937983989716,0.6011739701032637,0.9564446210861206
1,registered_style,initial_to_control,mamba,RGB,active,16576,0.8639612764616328,0.5426068902015686,0.8023280799388885,0.8690598607063293,0.9075930565595627,0.9378200173377991,16576,0.5179381222899241,0.3526471257209778,0.42989976704120636,0.5117424428462982,0.628763735294342,0.9564446210861206
1,registered_style,initial_to_control,mamba,RGB,inactive,19264,0.8754488854604059,0.745854377746582,0.8318285286426544,0.8779391050338745,0.9111414194107056,0.9377357959747314,19264,0.49678757176749977,0.3528860807418823,0.42156528532505033,0.4940868467092514,0.5799507588148116,0.7129455804824829
1,registered_style,initial_to_control,mamba,NI,all,35840,0.8540155200919669,0.5632314682006836,0.7957971811294555,0.8572701215744019,0.9008736073970794,0.9294966459274292,35840,0.536950307287043,0.3755090832710266,0.44525597244501114,0.5342844724655151,0.6390662729740141,0.9346321821212769
1,registered_style,initial_to_control,mamba,NI,active,16576,0.8467731626495777,0.5632314682006836,0.7797987759113312,0.8513346910476685,0.8984323889017105,0.9278907775878906,16576,0.5496680951572983,0.3797612190246582,0.4507053717970848,0.545280396938324,0.6636281609535217,0.9346321821212769
1,registered_style,initial_to_control,mamba,NI,inactive,19264,0.8602473160307669,0.7355148792266846,0.8109411209821701,0.8621237874031067,0.902654105424881,0.9294966459274292,19264,0.5260070944684512,0.3755090832710266,0.44123927801847457,0.5251214504241943,0.6149128675460814,0.7273034453392029
1,registered_style,initial_to_control,mamba,TI,all,35840,0.8727347006389339,0.7011637687683105,0.8248343348503113,0.8755226135253906,0.9127625256776809,0.9359657764434814,35840,0.501733008350545,0.3578665256500244,0.4177019879221916,0.4989538639783859,0.5918879628181457,0.7730928659439087
1,registered_style,initial_to_control,mamba,TI,active,16576,0.8683114522190686,0.7011637687683105,0.8163863718509674,0.871528685092926,0.9109936207532883,0.9354710578918457,16576,0.5101273579911318,0.3592463433742523,0.42191580682992935,0.5068950057029724,0.6059929132461548,0.7730928659439087
1,registered_style,initial_to_control,mamba,TI,inactive,19264,0.8765407516048646,0.7789722084999084,0.8327489882707596,0.8784785270690918,0.9141443371772766,0.9359657764434814,19264,0.4945099633109703,0.3578665256500244,0.4143808498978615,0.49299390614032745,0.5783615618944168,0.6648727655410767
1,registered_style,initial_to_bounded,cnn,RGB,all,35840,0.835537976157918,0.5662321448326111,0.7779499679803848,0.8380173146724701,0.8860320687294007,0.9310427308082581,35840,0.5705866023166372,0.37136855721473694,0.4774263337254524,0.5691796243190765,0.666408449411392,0.9314159750938416
1,registered_style,initial_to_bounded,cnn,RGB,active,16576,0.82895364156748,0.5662321448326111,0.7656412124633789,0.8325237929821014,0.8822782933712006,0.9310427308082581,16576,0.581647708979669,0.37136855721473694,0.4852251186966896,0.5787508189678192,0.6846295893192291,0.9314159750938416
1,registered_style,initial_to_bounded,cnn,RGB,inactive,19264,0.8412035663868996,0.6819961071014404,0.7909687399864197,0.8422533273696899,0.8885894477367401,0.9271363019943237,19264,0.5610689058856562,0.3817426264286041,0.47203937321901324,0.5616879463195801,0.6465775012969971,0.7975010871887207
1,registered_style,initial_to_bounded,cnn,NI,all,35840,0.8215472221490927,0.5128463506698608,0.7603508174419403,0.824901282787323,0.8723948299884796,0.9167625308036804,35840,0.5946494208914893,0.40801364183425903,0.5051836311817169,0.5917748510837555,0.6923137813806534,0.9870700240135193
1,registered_style,initial_to_bounded,cnn,NI,active,16576,0.814338168733426,0.5128463506698608,0.7456202805042267,0.8189272880554199,0.8690347820520401,0.9164257049560547,16576,0.606185261704905,0.4088382422924042,0.5117915272712708,0.6017852127552032,0.7132737785577774,0.9870700240135193
1,registered_style,initial_to_bounded,cnn,NI,inactive,19264,0.8277503611346664,0.6743333339691162,0.7757375419139863,0.8291733860969543,0.8748821645975113,0.9167625308036804,19264,0.5847232322845967,0.40801364183425903,0.5002357304096222,0.5845111012458801,0.6697200626134873,0.8070523142814636
1,registered_style,initial_to_bounded,cnn,TI,all,35840,0.8385630511994739,0.6400988698005676,0.768616333603859,0.8432811200618744,0.8918059170246124,0.9275972843170166,35840,0.5642374854534864,0.380533367395401,0.46517552584409716,0.5598552227020264,0.6802701830863952,0.8484116196632385
1,registered_style,initial_to_bounded,cnn,TI,active,16576,0.8334649054398293,0.6400988698005676,0.7606009691953659,0.8382309973239899,0.889527216553688,0.9268586039543152,16576,0.5729869881781487,0.3824692666530609,0.47004856169223785,0.5688041746616364,0.6919524073600769,0.8484116196632385
1,registered_style,initial_to_bounded,cnn,TI,inactive,19264,0.8429498277833543,0.6581380367279053,0.7772352546453476,0.8481879234313965,0.8935261756181716,0.9275972843170166,19264,0.5567088435741259,0.380533367395401,0.4614625573158264,0.5510210692882538,0.6674800664186478,0.8268761038780212
1,registered_style,initial_to_bounded,transformer,RGB,all,35840,0.7207232157259048,0.4352196455001831,0.6205913364887238,0.7265992164611816,0.7941990613937377,0.8339556455612183,35840,0.7441516163725672,0.5762713551521301,0.6415621668100357,0.7394604384899139,0.8711011618375778,1.0628080368041992
1,registered_style,initial_to_bounded,transformer,RGB,active,16576,0.7141751094063219,0.4352196455001831,0.6101181209087372,0.720469057559967,0.792386844754219,0.8338503241539001,16576,0.7526635623008415,0.5764541625976562,0.644380584359169,0.7477045059204102,0.8830423653125763,1.0628080368041992
1,registered_style,initial_to_bounded,transformer,RGB,inactive,19264,0.7263576327915925,0.4618709087371826,0.6319118767976761,0.7317561507225037,0.7954020708799362,0.8339556455612183,19264,0.7368273838296334,0.5762713551521301,0.6396842479705811,0.7324532866477966,0.8580072551965713,1.037428617477417
1,registered_style,initial_to_bounded,transformer,NI,all,35840,0.7077641783365315,0.4276733696460724,0.6100843966007232,0.7152923941612244,0.7771808564662932,0.8378267884254456,35840,0.7617157522139938,0.5695144534111023,0.6675614416599274,0.7545961737632751,0.8830806672573089,1.0698847770690918
1,registered_style,initial_to_bounded,transformer,NI,active,16576,0.7025584423461476,0.4276733696460724,0.6030831933021545,0.7104175090789795,0.7748289257287979,0.8350471258163452,16576,0.768384646437343,0.5743743181228638,0.6710754483938217,0.7610290050506592,0.8909734636545181,1.0698847770690918
1,registered_style,initial_to_bounded,transformer,NI,inactive,19264,0.7122435325608153,0.4646134376525879,0.6181688755750656,0.7192409634590149,0.7791156470775604,0.8378267884254456,19264,0.7559774013706467,0.5695144534111023,0.664656913280487,0.74934521317482,0.8738777667284011,1.0347816944122314
1,registered_style,initial_to_bounded,transformer,TI,all,35840,0.7514052485182349,0.48114973306655884,0.6718835055828094,0.7535667419433594,0.8245109438896179,0.8844659924507141,35840,0.7020546695666521,0.48069536685943604,0.5924341768026352,0.7020446360111237,0.810082122683525,1.0186760425567627
1,registered_style,initial_to_bounded,transformer,TI,active,16576,0.7449439829862659,0.48114973306655884,0.6635539680719376,0.7469292283058167,0.8188919275999069,0.8764774203300476,16576,0.71115870406657,0.4970364570617676,0.6018439680337906,0.7114363610744476,0.8203000277280807,1.0186760425567627
1,registered_style,initial_to_bounded,transformer,TI,inactive,19264,0.7569649421155106,0.5423296689987183,0.6807181775569916,0.7595720589160919,0.8289063215255738,0.8844659924507141,19264,0.6942209654620716,0.48069536685943604,0.584967851638794,0.6934378147125244,0.7991018652915952,0.9567344188690186
1,registered_style,initial_to_bounded,mamba,RGB,all,35840,0.8665683406554828,0.5176063776016235,0.8114735364913941,0.8717184662818909,0.9072109222412109,0.9322609305381775,35840,0.5133586762273418,0.3680736720561981,0.43078807443380357,0.5065206587314606,0.6140464693307875,0.9822359085083008
1,registered_style,initial_to_bounded,mamba,RGB,active,16576,0.8591992699012563,0.5176063776016235,0.793322741985321,0.865351140499115,0.9047797173261642,0.9322609305381775,16576,0.5267302583018497,0.3680736720561981,0.43639520555734634,0.5189389288425446,0.6429265141487122,0.9822359085083008
1,registered_style,initial_to_bounded,mamba,RGB,inactive,19264,0.8729091689788869,0.7590212821960449,0.8282496094703674,0.8759721517562866,0.9089931488037108,0.9308003187179565,19264,0.5018528963027652,0.37202081084251404,0.42663068771362306,0.49805206060409546,0.5860894232988357,0.6942316293716431
1,registered_style,initial_to_bounded,mamba,NI,all,35840,0.8473330970238229,0.5470362901687622,0.783858236670494,0.8511558175086975,0.8970212817192078,0.925834059715271,35840,0.5489628079230897,0.385138601064682,0.4538255110383034,0.5456082820892334,0.6574826836585997,0.9518023133277893
1,registered_style,initial_to_bounded,mamba,NI,active,16576,0.8387186210566564,0.5470362901687622,0.7649686187505722,0.8441070914268494,0.8931436836719513,0.9196025729179382,16576,0.5638037564225754,0.40099257230758667,0.4622906297445297,0.5583779513835907,0.6856113076210022,0.9518023133277893
1,registered_style,initial_to_bounded,mamba,NI,inactive,19264,0.8547455530885941,0.6926402449607849,0.8030348509550095,0.856587141752243,0.899227648973465,0.925834059715271,19264,0.5361926894467881,0.385138601064682,0.4489374577999115,0.5355613231658936,0.6276387989521026,0.7840405106544495
1,registered_style,initial_to_bounded,mamba,TI,all,35840,0.8748364718597649,0.6908093690872192,0.8219049990177154,0.8783985376358032,0.913933652639389,0.9349471926689148,35840,0.49740560777551895,0.36070185899734497,0.4148887798190117,0.4931561052799225,0.5968165576457977,0.7863723039627075
1,registered_style,initial_to_bounded,mamba,TI,active,16576,0.8692507310932265,0.6908093690872192,0.8121417164802551,0.873257577419281,0.9108502864837646,0.9346768260002136,16576,0.5081811651396907,0.36145076155662537,0.422255240380764,0.5034728348255157,0.6129572540521622,0.7863723039627075
1,registered_style,initial_to_bounded,mamba,TI,inactive,19264,0.879642806937949,0.7673180103302002,0.8332484751939774,0.8819749057292938,0.9156895250082016,0.9349471926689148,19264,0.4881336165551851,0.36070185899734497,0.41063497960567474,0.4858500361442566,0.5774973303079605,0.6821759343147278
1,registered_style,control_to_bounded,cnn,RGB,all,35840,0.9230718981857146,0.8503175973892212,0.8899365186691284,0.9243058562278748,0.9517104089260101,0.976951003074646,35840,0.3893751790343751,0.21470500528812408,0.31077211201190946,0.3890867084264755,0.4691769644618034,0.5471424460411072
1,registered_style,control_to_bounded,cnn,RGB,active,16576,0.9224815769336802,0.8508063554763794,0.8898636996746063,0.9236294627189636,0.9505272209644318,0.976951003074646,16576,0.390979076405757,0.21470500528812408,0.3145562931895256,0.3908211588859558,0.46933234483003616,0.5462483763694763
1,registered_style,control_to_bounded,cnn,RGB,inactive,19264,0.9235798490304884,0.8503175973892212,0.8900071680545807,0.9249041080474854,0.9526723861694336,0.9747850894927979,19264,0.3879950812962092,0.22456634044647217,0.307661110162735,0.3875460773706436,0.4690265342593193,0.5471424460411072
1,registered_style,control_to_bounded,cnn,NI,all,35840,0.9216394968896306,0.8389036655426025,0.8890667408704758,0.923767626285553,0.9467721253633499,0.962395191192627,35840,0.3934469069919682,0.2742440104484558,0.32627578973770144,0.3904673010110855,0.4710271447896957,0.5676202178001404
1,registered_style,control_to_bounded,cnn,NI,active,16576,0.9213849169320811,0.8493726253509521,0.889536902308464,0.923448234796524,0.946028083562851,0.962395191192627,16576,0.3941962736313551,0.2742440104484558,0.328548364341259,0.3912844955921173,0.470027893781662,0.548866868019104
1,registered_style,control_to_bounded,cnn,NI,inactive,19264,0.9218585540624057,0.8389036655426025,0.8887389004230499,0.9240619242191315,0.9473871052265167,0.9602546691894531,19264,0.39280210313947245,0.2819408178329468,0.3243854209780693,0.38971298933029175,0.4717226430773735,0.5676202178001404
1,registered_style,control_to_bounded,cnn,TI,all,35840,0.9258401388485383,0.8444053530693054,0.8948518216609955,0.9268642067909241,0.9525772750377655,0.9677007794380188,35840,0.3824012518494523,0.2541622817516327,0.3079700738191605,0.3824547380208969,0.4585808455944061,0.5578435659408569
1,registered_style,control_to_bounded,cnn,TI,active,16576,0.9252463907981471,0.8444053530693054,0.89372718334198,0.9263841509819031,0.9521049112081528,0.9677007794380188,16576,0.38391269336753026,0.2541622817516327,0.30949993431568146,0.3837078809738159,0.4610266834497452,0.5578435659408569
1,registered_style,control_to_bounded,cnn,TI,inactive,19264,0.9263510383337588,0.8492813110351562,0.895966911315918,0.9272095561027527,0.9529717028141022,0.965945303440094,19264,0.3811007091478503,0.2609778642654419,0.30668687969446184,0.38155078887939453,0.45614286214113237,0.5490331649780273
1,registered_style,control_to_bounded,transformer,RGB,all,35840,0.8460396312177181,0.6576467752456665,0.7793340146541595,0.8527895510196686,0.8911385476589203,0.9245230555534363,35840,0.5515560226589774,0.38852807879447937,0.46660809963941574,0.5426057279109955,0.664328247308731,0.8274698853492737
1,registered_style,control_to_bounded,transformer,RGB,active,16576,0.8463701773291044,0.6667203307151794,0.782482460141182,0.8525114059448242,0.8908336758613586,0.9245230555534363,16576,0.5511805540774176,0.38852807879447937,0.46726085245609283,0.54311802983284,0.6595718860626221,0.816430926322937
1,registered_style,control_to_bounded,transformer,RGB,inactive,19264,0.8457552078195486,0.6576467752456665,0.7772587060928344,0.8531409502029419,0.8913003146648407,0.921314537525177,19264,0.5518791002756684,0.3967001438140869,0.46626110523939135,0.5419578850269318,0.6674448966979979,0.8274698853492737
1,registered_style,control_to_bounded,transformer,NI,all,35840,0.8421385988759409,0.6831797361373901,0.779984426498413,0.8469533920288086,0.8869987487792969,0.9206579923629761,35840,0.5589767299135149,0.39835187792778015,0.4753973618149757,0.5532569289207458,0.6633483439683914,0.7960156202316284
1,registered_style,control_to_bounded,transformer,NI,active,16576,0.8424517051154985,0.6831797361373901,0.78397636115551,0.8467453122138977,0.8869970589876175,0.920627236366272,16576,0.5585640014677837,0.3984288275241852,0.475400947034359,0.5536330342292786,0.6573030650615692,0.7960156202316284
1,registered_style,control_to_bounded,transformer,NI,inactive,19264,0.8418691818791123,0.7157608270645142,0.7768954128026963,0.8471654057502747,0.8869986951351165,0.9206579923629761,19264,0.5593318683435626,0.39835187792778015,0.47539747357368467,0.5528737306594849,0.6679889261722565,0.7539750337600708
1,registered_style,control_to_bounded,transformer,TI,all,35840,0.8629631103482097,0.7296112775802612,0.8044968962669372,0.8683265745639801,0.9022668272256851,0.9389285445213318,35840,0.5203755383047142,0.3494897484779358,0.44211591184139254,0.5131734013557434,0.6253049880266189,0.7353758215904236
1,registered_style,control_to_bounded,transformer,TI,active,16576,0.8633128857980824,0.7359074354171753,0.8057333528995514,0.8683337569236755,0.9021719694137573,0.9382779598236084,16576,0.5198067221700656,0.35134610533714294,0.44233041256666183,0.5131593942642212,0.6233244389295578,0.7267635464668274
1,registered_style,control_to_bounded,transformer,TI,inactive,19264,0.8626621407750635,0.7296112775802612,0.8034061521291733,0.8683122396469116,0.9023492008447647,0.9389285445213318,19264,0.5208649847461561,0.3494897484779358,0.4419295459985733,0.5132013559341431,0.6270468443632126,0.7353758215904236
1,registered_style,control_to_bounded,mamba,RGB,all,35840,0.946122489508707,0.8821073174476624,0.9250364750623703,0.9467616975307465,0.9650810867547989,0.9827081561088562,35840,0.3261310872210223,0.18596677482128143,0.2642688497900963,0.3263076990842819,0.38720427006483066,0.4855775237083435
1,registered_style,control_to_bounded,mamba,RGB,active,16576,0.9456390022699322,0.8821073174476624,0.9243633449077606,0.9464124739170074,0.9643925130367279,0.9827081561088562,16576,0.32762600885143206,0.18596677482128143,0.2668614014983177,0.32737626135349274,0.3889389857649803,0.4855775237083435
1,registered_style,control_to_bounded,mamba,RGB,inactive,19264,0.9465385134118389,0.8955233097076416,0.9258610248565674,0.9470904469490051,0.9657490193843842,0.981792688369751,19264,0.32484475930648365,0.19082656502723694,0.2617290005087852,0.3252987563610077,0.3850688457489014,0.4571143388748169
1,registered_style,control_to_bounded,mamba,NI,all,35840,0.9430936941378084,0.8639633655548096,0.9212988436222076,0.944192498922348,0.961135846376419,0.9734618663787842,35840,0.33541498430089894,0.2303832322359085,0.2787981778383255,0.33408835530281067,0.39673962295055387,0.5216063261032104
1,registered_style,control_to_bounded,mamba,NI,active,16576,0.9427595318341807,0.8639633655548096,0.9205399602651596,0.9438692033290863,0.961066871881485,0.9734618663787842,16576,0.3363686501800036,0.2303832322359085,0.27904564142227173,0.3350546658039093,0.3986479565501213,0.5216063261032104
1,registered_style,control_to_bounded,mamba,NI,inactive,19264,0.9433812291432556,0.8799532651901245,0.921873289346695,0.9444604516029358,0.9612052053213119,0.9711663722991943,19264,0.3345943880793437,0.24014034867286682,0.27854951471090317,0.33328552544116974,0.3952891767024994,0.4899933934211731
1,registered_style,control_to_bounded,mamba,TI,all,35840,0.950145878742582,0.8999664187431335,0.9323969185352325,0.9512545466423035,0.9643950641155243,0.9771472811698914,35840,0.3142146983013455,0.21378843486309052,0.2668520450592041,0.3122355043888092,0.36770388185977937,0.4472886025905609
1,registered_style,control_to_bounded,mamba,TI,active,16576,0.9501116924872443,0.8999664187431335,0.9322889894247055,0.9513666033744812,0.9643678665161133,0.9771472811698914,16576,0.31430142929212956,0.21378843486309052,0.26695390045642853,0.3118765205144882,0.3679974228143692,0.4472886025905609
1,registered_style,control_to_bounded,mamba,TI,inactive,19264,0.9501752948227564,0.9087892174720764,0.9325134992599488,0.9511851966381073,0.9644239187240601,0.9742178320884705,19264,0.3141400693092755,0.22707781195640564,0.2667437270283699,0.31245753169059753,0.3673867166042328,0.4271085560321808
1,registered_style,bounded_h_to_y,cnn,RGB,all,35840,0.894427306220002,0.8944270610809326,0.8944271802902222,0.8944272398948669,0.8944275379180908,0.8944746255874634,35840,0.45950567950245125,0.45940274000167847,0.459505170583725,0.4595058262348175,0.4595058560371399,0.45950591564178467
1,registered_style,bounded_h_to_y,cnn,RGB,active,16576,0.8944272897835519,0.8944270610809326,0.8944271802902222,0.8944272398948669,0.894427478313446,0.8944399356842041,16576,0.4595057160528844,0.45947811007499695,0.4595053195953369,0.4595058262348175,0.4595058560371399,0.45950591564178467
1,registered_style,bounded_h_to_y,cnn,RGB,inactive,19264,0.8944273203629939,0.8944270610809326,0.8944271802902222,0.8944272398948669,0.8944275975227356,0.8944746255874634,19264,0.45950564805207855,0.45940274000167847,0.4595050811767578,0.4595058262348175,0.4595058560371399,0.45950591564178467
1,registered_style,bounded_h_to_y,cnn,NI,all,35840,0.8944272478975888,0.8944270610809326,0.8944271802902222,0.8944272398948669,0.8944272994995117,0.8944313526153564,35840,0.45950580498070587,0.4594968855381012,0.45950567722320557,0.4595058262348175,0.4595058560371399,0.45950591564178467
1,registered_style,bounded_h_to_y,cnn,NI,active,16576,0.8944272451519851,0.8944270610809326,0.8944271802902222,0.8944272398948669,0.8944272994995117,0.8944295048713684,16576,0.45950581086080333,0.4595009386539459,0.45950570702552795,0.4595058262348175,0.4595058560371399,0.45950591564178467
1,registered_style,bounded_h_to_y,cnn,NI,inactive,19264,0.894427250260085,0.8944270610809326,0.8944271802902222,0.8944272398948669,0.8944273591041565,0.8944313526153564,19264,0.45950579992108714,0.4594968855381012,0.4595056474208832,0.4595058262348175,0.4595058560371399,0.45950591564178467
1,registered_style,bounded_h_to_y,cnn,TI,all,35840,0.8944285162042693,0.8944270610809326,0.8944271802902222,0.8944272994995117,0.8944314122200012,0.896195650100708,35840,0.45950304838645806,0.4556410312652588,0.45949676632881165,0.45950576663017273,0.4595058560371399,0.45950591564178467
1,registered_style,bounded_h_to_y,cnn,TI,active,16576,0.8944283039578772,0.8944270610809326,0.8944271802902222,0.8944272994995117,0.8944307565689087,0.8950899243354797,16576,0.4595035102333456,0.45806169509887695,0.45949824154376984,0.45950576663017273,0.4595058560371399,0.4595058858394623
1,registered_style,bounded_h_to_y,cnn,TI,inactive,19264,0.8944286988348857,0.8944270610809326,0.8944271802902222,0.8944272994995117,0.8944319486618042,0.896195650100708,19264,0.4595026509833222,0.4556410312652588,0.459495484828949,0.45950573682785034,0.4595058560371399,0.45950591564178467
1,registered_style,bounded_h_to_y,transformer,RGB,all,35840,0.8944272347360052,0.8944270610809326,0.8944271802902222,0.8944272398948669,0.8944272994995117,0.8944274187088013,35840,0.4595058380626142,0.45950549840927124,0.4595057964324951,0.4595058262348175,0.4595058858394623,0.45950591564178467
1,registered_style,bounded_h_to_y,transformer,RGB,active,16576,0.8944272341666938,0.8944270610809326,0.8944271802902222,0.8944272398948669,0.8944272994995117,0.8944274187088013,16576,0.4595058388382369,0.4595056176185608,0.4595057964324951,0.4595058262348175,0.4595058858394623,0.45950591564178467
1,registered_style,bounded_h_to_y,transformer,RGB,inactive,19264,0.8944272352258776,0.8944270610809326,0.8944271802902222,0.8944272398948669,0.8944272994995117,0.8944274187088013,19264,0.45950583739521794,0.45950549840927124,0.4595057964324951,0.4595058262348175,0.4595058858394623,0.45950591564178467
1,registered_style,bounded_h_to_y,transformer,NI,all,35840,0.8944272350935665,0.8944270610809326,0.8944271802902222,0.8944272398948669,0.8944272994995117,0.8944274187088013,35840,0.4595058386139239,0.4595053791999817,0.4595057964324951,0.4595058262348175,0.4595058858394623,0.45950591564178467
1,registered_style,bounded_h_to_y,transformer,NI,active,16576,0.8944272347420281,0.8944270610809326,0.8944271802902222,0.8944272398948669,0.8944272994995117,0.8944274187088013,16576,0.45950583919961885,0.459505558013916,0.4595057964324951,0.4595058262348175,0.4595058858394623,0.45950591564178467
1,registered_style,bounded_h_to_y,transformer,NI,inactive,19264,0.894427235396053,0.8944270610809326,0.8944271802902222,0.8944272398948669,0.8944272994995117,0.8944274187088013,19264,0.4595058381099539,0.4595053791999817,0.4595057964324951,0.4595058262348175,0.4595058858394623,0.45950591564178467
1,registered_style,bounded_h_to_y,transformer,TI,all,35840,0.8944272472506523,0.8944270610809326,0.8944271802902222,0.8944272398948669,0.8944272994995117,0.8944283723831177,35840,0.45950581302583615,0.4595034420490265,0.45950573682785034,0.4595058262348175,0.4595058560371399,0.45950591564178467
1,registered_style,bounded_h_to_y,transformer,TI,active,16576,0.8944272456482111,0.8944270610809326,0.8944271802902222,0.8944272398948669,0.8944272994995117,0.8944282531738281,16576,0.45950581507872373,0.4595036804676056,0.45950573682785034,0.4595058262348175,0.4595058560371399,0.45950591564178467
1,registered_style,bounded_h_to_y,transformer,TI,inactive,19264,0.894427248629497,0.8944270610809326,0.8944271802902222,0.8944272398948669,0.8944272994995117,0.8944283723831177,19264,0.45950581125939804,0.4595034420490265,0.45950573682785034,0.4595058262348175,0.4595058560371399,0.45950591564178467
1,registered_style,bounded_h_to_y,mamba,RGB,all,35840,0.89442723556588,0.8944270610809326,0.8944271802902222,0.8944272398948669,0.8944272994995117,0.894435465335846,35840,0.4595058381806926,0.4594879746437073,0.4595057964324951,0.4595058560371399,0.4595058858394623,0.45950591564178467
1,registered_style,bounded_h_to_y,mamba,RGB,active,16576,0.8944272352274666,0.8944270610809326,0.8944271802902222,0.8944272398948669,0.8944272994995117,0.8944301605224609,16576,0.4595058389137495,0.45949944853782654,0.4595057964324951,0.4595058560371399,0.4595058858394623,0.45950591564178467
1,registered_style,bounded_h_to_y,mamba,RGB,inactive,19264,0.8944272358570731,0.8944270610809326,0.8944271802902222,0.8944272398948669,0.8944272994995117,0.894435465335846,19264,0.4595058375499227,0.4594879746437073,0.4595057964324951,0.4595058560371399,0.4595058858394623,0.45950591564178467
1,registered_style,bounded_h_to_y,mamba,NI,all,35840,0.8944272322147818,0.8944270610809326,0.8944271802902222,0.8944272398948669,0.8944272994995117,0.8944274187088013,35840,0.45950584412120016,0.45950543880462646,0.4595058262348175,0.4595058560371399,0.4595058858394623,0.45950591564178467
1,registered_style,bounded_h_to_y,mamba,NI,active,16576,0.8944272320882982,0.8944270610809326,0.8944271802902222,0.8944272398948669,0.8944272994995117,0.8944274187088013,16576,0.45950584413850515,0.45950549840927124,0.4595058262348175,0.4595058560371399,0.4595058858394623,0.45950591564178467
1,registered_style,bounded_h_to_y,mamba,NI,inactive,19264,0.8944272323236166,0.8944270610809326,0.8944271802902222,0.8944272398948669,0.8944272994995117,0.8944274187088013,19264,0.45950584410630985,0.45950543880462646,0.4595058262348175,0.4595058560371399,0.4595058858394623,0.45950591564178467
1,registered_style,bounded_h_to_y,mamba,TI,all,35840,0.8944325944857805,0.8944270610809326,0.8944271802902222,0.8944272398948669,0.8944310575723649,0.9009919762611389,35840,0.45949415462008414,0.4449900686740875,0.4594974800944328,0.4595058262348175,0.4595058858394623,0.45950591564178467
1,registered_style,bounded_h_to_y,mamba,TI,active,16576,0.8944317414119667,0.8944270610809326,0.8944271802902222,0.8944272398948669,0.8944304585456848,0.8965601921081543,16576,0.4594960227036942,0.45484036207199097,0.45949886739254,0.4595058262348175,0.4595058858394623,0.45950591564178467
1,registered_style,bounded_h_to_y,mamba,TI,inactive,19264,0.8944333285260389,0.8944270610809326,0.8944271802902222,0.8944272398948669,0.8944315910339355,0.9009919762611389,19264,0.4594925471993033,0.4449900686740875,0.45949641317129136,0.4595058262348175,0.4595058560371399,0.45950591564178467
2,original,initial_to_control,cnn,RGB,all,34560,0.8329590705982237,0.6335617303848267,0.7706457644701004,0.8363959789276123,0.8845454663038254,0.9213926792144775,34560,0.5749538797471259,0.3965030610561371,0.48053007274866105,0.5720210075378418,0.6772803604602814,0.8560820817947388
2,original,initial_to_control,cnn,RGB,active,16960,0.8332439535877334,0.6335617303848267,0.7709337651729584,0.8367813527584076,0.8849402815103531,0.9192843437194824,16960,0.5744343585528011,0.4017854630947113,0.4797076180577278,0.5713470280170441,0.676854857802391,0.8560820817947388
2,original,initial_to_control,cnn,RGB,inactive,17600,0.8326845469901507,0.6437860727310181,0.7705345451831818,0.8360538482666016,0.8838789254426955,0.9213926792144775,17600,0.5754545092616569,0.3965030610561371,0.48191520273685456,0.5726189315319061,0.6774444013834,0.8440544009208679
2,original,initial_to_control,cnn,NI,all,34560,0.8333170171413157,0.644132673740387,0.7738981038331986,0.8379005789756775,0.8793978005647659,0.9216448068618774,34560,0.5745876615685929,0.3958670198917389,0.4911257207393646,0.5693847239017487,0.6724610596895217,0.8436436653137207
2,original,initial_to_control,cnn,NI,active,16960,0.8330531104766535,0.6532735824584961,0.7720836997032166,0.837927907705307,0.8794155955314636,0.9178745746612549,16960,0.5749827075925357,0.4052787721157074,0.4910894244909286,0.5693367123603821,0.6751538783311843,0.8327382802963257
2,original,initial_to_control,cnn,NI,inactive,17600,0.83357132719999,0.644132673740387,0.7750384122133255,0.8378586173057556,0.8793770998716354,0.9216448068618774,17600,0.5742069808546115,0.3958670198917389,0.4911678910255432,0.5694583654403687,0.6707631796598434,0.8436436653137207
2,original,initial_to_control,cnn,TI,all,34560,0.8496586928454538,0.7059879899024963,0.7896448373794556,0.8544164597988129,0.8946773767471313,0.934410810470581,34560,0.5452181350612254,0.36218568682670593,0.45896130949258807,0.5395990610122681,0.6486218094825744,0.7668274641036987
2,original,initial_to_control,cnn,TI,active,16960,0.8500869950841902,0.7184455394744873,0.7897190511226654,0.8552537262439728,0.894812473654747,0.934410810470581,16960,0.5444117755189819,0.36218568682670593,0.4586667358875275,0.5380453169345856,0.6485075205564499,0.7504058480262756
2,original,initial_to_control,cnn,TI,inactive,17600,0.8492459652335806,0.7059879899024963,0.7896358460187912,0.853562980890274,0.8943874686956406,0.9324073791503906,17600,0.5459951724382964,0.36767563223838806,0.45959227681159975,0.5411784052848816,0.6486358970403671,0.7668274641036987
2,original,initial_to_control,transformer,RGB,all,34560,0.7424969785027551,0.49000462889671326,0.6506012439727783,0.7481937408447266,0.8148978888988495,0.8720108270645142,34560,0.7142113545133422,0.505943238735199,0.608444195985794,0.709656685590744,0.8359411656856537,1.0099458694458008
2,original,initial_to_control,transformer,RGB,active,16960,0.7422385762480773,0.49000462889671326,0.6522390455007553,0.7476600110530853,0.8138103604316711,0.8704012036323547,16960,0.7146442133546719,0.5091145634651184,0.6102290481328965,0.7104083597660065,0.8339796304702759,1.0099458694458008
2,original,initial_to_control,transformer,RGB,inactive,17600,0.7427459843118083,0.5078041553497314,0.6493168026208878,0.7487934529781342,0.8158689498901367,0.8720108270645142,17600,0.7137942359935153,0.505943238735199,0.6068460822105408,0.7088111042976379,0.8374763071537017,0.9921652674674988
2,original,initial_to_control,transformer,NI,all,34560,0.7269527736585587,0.5261579155921936,0.653378689289093,0.7296058833599091,0.794444864988327,0.8386814594268799,34560,0.736657306186303,0.5680115818977356,0.6411789178848266,0.7353832125663757,0.8326119184494017,0.973490834236145
2,original,initial_to_control,transformer,NI,active,16960,0.7267766109579857,0.5261579155921936,0.6525027871131897,0.729205846786499,0.7955701172351837,0.8384460210800171,16960,0.7368581949821058,0.5684259533882141,0.6394215077161789,0.7359268367290497,0.8336633712053299,0.973490834236145
2,original,initial_to_control,transformer,NI,inactive,17600,0.7271225304427472,0.535222589969635,0.6542491793632508,0.7298957407474518,0.7935187548398972,0.8386814594268799,17600,0.7364637224376201,0.5680115818977356,0.64262153506279,0.734988808631897,0.8315658301115035,0.9641342759132385
2,original,initial_to_control,transformer,TI,all,34560,0.7848191016681354,0.5877915024757385,0.7236745864152908,0.7870494425296783,0.8392792880535126,0.8838797807693481,34560,0.6538410114046808,0.4819134473800659,0.5669582068920136,0.6526110172271729,0.7434049665927887,0.9079742431640625
2,original,initial_to_control,transformer,TI,active,16960,0.7851014320439887,0.6138418316841125,0.7232673943042756,0.7870826721191406,0.8399826288223267,0.879959225654602,16960,0.6533589516327066,0.48998114466667175,0.5657160133123398,0.6525602340698242,0.7439524263143539,0.8788153529167175
2,original,initial_to_control,transformer,TI,inactive,17600,0.784547037851404,0.5877915024757385,0.7240496307611466,0.7870118319988251,0.8385070800781249,0.8838797807693481,17600,0.6543055417304012,0.4819134473800659,0.5683183789253234,0.6526688039302826,0.7429002732038498,0.9079742431640625
2,original,initial_to_control,mamba,RGB,all,34560,0.8677683507437232,0.6777387857437134,0.8196124166250229,0.8718143701553345,0.9033377766609192,0.9375380873680115,34560,0.5117399761634361,0.35344594717025757,0.43968692421913147,0.5063312351703644,0.6006457000970838,0.8028216361999512
2,original,initial_to_control,mamba,RGB,active,16960,0.867738950649663,0.6949781179428101,0.8193750977516174,0.8715214729309082,0.9039297819137573,0.9375380873680115,16960,0.5117775252703929,0.35344594717025757,0.4383382901549339,0.5069093406200409,0.6010405629873276,0.7810530066490173
2,original,initial_to_control,mamba,RGB,inactive,17600,0.8677966817434538,0.6777387857437134,0.8198159545660019,0.8720793724060059,0.9028497338294983,0.9363368153572083,17600,0.5117037924785506,0.356828510761261,0.44079522490501405,0.5058076083660126,0.6003066658973694,0.8028216361999512
2,original,initial_to_control,mamba,NI,all,34560,0.8616310483914007,0.7152213454246521,0.8141884207725525,0.8653473854064941,0.8965278655290604,0.9236441850662231,34560,0.5239681242197683,0.39078328013420105,0.45491140335798264,0.5189463794231415,0.6096091926097869,0.7546902894973755
2,original,initial_to_control,mamba,NI,active,16960,0.8615766871579975,0.7152213454246521,0.8142014861106872,0.8653293251991272,0.896438267827034,0.9236441850662231,16960,0.5240785944099837,0.39078328013420105,0.45510829985141754,0.5189811885356903,0.6095875680446625,0.7546902894973755
2,original,initial_to_control,mamba,NI,inactive,17600,0.86168343285268,0.7352086305618286,0.8141561359167099,0.8653816282749176,0.8966333925724029,0.9167696833610535,17600,0.5238616711273789,0.4079958200454712,0.45467925667762754,0.5188804566860199,0.6096621423959732,0.7277244925498962
2,original,initial_to_control,mamba,TI,all,34560,0.8863699456659594,0.7897133231163025,0.8525960505008697,0.8873935341835022,0.9151950567960739,0.9451642036437988,34560,0.4750495873814173,0.3311673104763031,0.41183738857507707,0.4745660573244095,0.5429622709751128,0.6485162973403931
2,original,initial_to_control,mamba,TI,active,16960,0.8862046799288605,0.800533652305603,0.8523560434579849,0.887066125869751,0.9152514785528183,0.9451642036437988,16960,0.47539108991798645,0.3311673104763031,0.4117001846432686,0.4752555191516876,0.543404084444046,0.6316114068031311
2,original,initial_to_control,mamba,TI,inactive,17600,0.886529201739891,0.7897133231163025,0.8529198288917541,0.887689620256424,0.9151494532823563,0.9409897327423096,17600,0.4747205031189052,0.34354111552238464,0.4119478777050972,0.4739418029785156,0.5423656791448593,0.6485162973403931
2,original,initial_to_bounded,cnn,RGB,all,34560,0.8304951188171765,0.6529994010925293,0.7644791692495346,0.8346558809280396,0.8807561308145523,0.9262444972991943,34560,0.5792500687521641,0.3840717673301697,0.4883523523807526,0.5750550925731659,0.686324781179428,0.8330672979354858
2,original,initial_to_bounded,cnn,RGB,active,16960,0.8307859403942273,0.6529994010925293,0.7645284414291382,0.8352687060832977,0.8807561308145523,0.9215493202209473,16960,0.5787560030150245,0.39610785245895386,0.4883523523807526,0.5739884972572327,0.6862529516220093,0.8330672979354858
2,original,initial_to_bounded,cnn,RGB,inactive,17600,0.8302148725702004,0.6614902019500732,0.7644197762012481,0.8341235816478729,0.8807517766952515,0.9262444972991943,17600,0.5797261684624986,0.3840717673301697,0.48836122900247575,0.5759799480438232,0.6864113628864288,0.822812020778656
2,original,initial_to_bounded,cnn,NI,all,34560,0.8249787345114682,0.623907744884491,0.7592621564865112,0.8294052183628082,0.8737302392721176,0.908690333366394,34560,0.5888394082094439,0.4273398816585541,0.5025332003831864,0.5841144621372223,0.6938844799995422,0.8672857880592346
2,original,initial_to_bounded,cnn,NI,active,16960,0.8246887814148136,0.623907744884491,0.7579920917749405,0.829532116651535,0.8730201154947281,0.908690333366394,16960,0.5893100677093245,0.4273398816585541,0.503944393992424,0.5838971436023712,0.6957124710083006,0.8672857880592346
2,original,initial_to_bounded,cnn,NI,inactive,17600,0.8252581438591534,0.6508378982543945,0.7603173375129699,0.829289585351944,0.8745482325553894,0.908462643623352,17600,0.5883858636004681,0.4278724193572998,0.5009027659893036,0.5843123197555542,0.6923623114824294,0.835658073425293
2,original,initial_to_bounded,cnn,TI,all,34560,0.8441748354359772,0.6863243579864502,0.7814812242984772,0.8483174443244934,0.8940394520759583,0.9240517616271973,34560,0.5549126058998001,0.38973909616470337,0.46034895032644274,0.550786018371582,0.6610882818698883,0.7920551896095276
2,original,initial_to_bounded,cnn,TI,active,16960,0.8447659392893877,0.6984658241271973,0.7815054893493653,0.8492536544799805,0.8943563938140869,0.9221180081367493,16960,0.5537921585880642,0.39466962218284607,0.4596600502729416,0.5490835607051849,0.661051657795906,0.7765748500823975
2,original,initial_to_bounded,cnn,TI,inactive,17600,0.8436052262681452,0.6863243579864502,0.7814101576805115,0.8476029932498932,0.8937543302774429,0.9240517616271973,17600,0.5559923096729273,0.38973909616470337,0.4609678864479065,0.5520815253257751,0.6611956775188446,0.7920551896095276
2,original,initial_to_bounded,transformer,RGB,all,34560,0.7302596481068543,0.469516783952713,0.6174633860588074,0.741207480430603,0.8106317549943924,0.8553797602653503,34560,0.7302392344369932,0.5378110408782959,0.615415734052658,0.7194338738918304,0.8746845692396162,1.0300322771072388
2,original,initial_to_bounded,transformer,RGB,active,16960,0.7291304607699924,0.4823606014251709,0.61726975440979,0.7393684983253479,0.809127128124237,0.8553797602653503,16960,0.7318625594260839,0.5378110408782959,0.6178559064865112,0.7219854593276978,0.8749060928821564,1.017486572265625
2,original,initial_to_bounded,transformer,RGB,inactive,17600,0.731347774086012,0.469516783952713,0.6178962677717209,0.7431169748306274,0.8119560301303863,0.8549238443374634,17600,0.7286749394475059,0.5386579632759094,0.6132601350545883,0.7167748212814331,0.874189630150795,1.0300322771072388
2,original,initial_to_bounded,transformer,NI,all,34560,0.7110895280045009,0.48577359318733215,0.6207247912883759,0.7158995568752289,0.7879352927207947,0.8377412557601929,34560,0.7572187586601272,0.5696645975112915,0.6512523084878922,0.7537910640239716,0.8709481239318847,1.0141267776489258
2,original,initial_to_bounded,transformer,NI,active,16960,0.710469087603379,0.4982033371925354,0.618167695403099,0.7152768969535828,0.7882657945156097,0.833331823348999,16960,0.7579907630833814,0.5773531198501587,0.6507445871829987,0.7546167373657227,0.8738791227340699,1.0017950534820557
2,original,initial_to_bounded,transformer,NI,inactive,17600,0.7116874069364911,0.48577359318733215,0.6225618064403534,0.7164964079856873,0.7878072202205658,0.8377412557601929,17600,0.7564748271249911,0.5696645975112915,0.6514488697052002,0.7529988288879395,0.8688362181186676,1.0141267776489258
2,original,initial_to_bounded,transformer,TI,all,34560,0.767551215858785,0.5549145340919495,0.6920408487319947,0.7692470252513885,0.837941113114357,0.881622314453125,34560,0.6786827168384291,0.48657524585723877,0.5693134963512421,0.6793423891067505,0.784804606437683,0.9434886574745178
2,original,initial_to_bounded,transformer,TI,active,16960,0.7682645251131002,0.585781455039978,0.6922809571027756,0.7699677050113678,0.8400108993053437,0.881622314453125,16960,0.6775688736049353,0.48657524585723877,0.5656661301851272,0.6782805919647217,0.7844987034797668,0.9101852774620056
2,original,initial_to_bounded,transformer,TI,inactive,17600,0.7668638451228088,0.5549145340919495,0.6917953044176102,0.7686427533626556,0.8359157294034958,0.8765865564346313,17600,0.679756056681614,0.4968169629573822,0.5728600502014161,0.6802313029766083,0.785117557644844,0.9434886574745178
2,original,initial_to_bounded,mamba,RGB,all,34560,0.864124660756163,0.6836813688278198,0.816309678554535,0.8674504458904266,0.9002538859844208,0.9344522356987,34560,0.518939548028909,0.36207127571105957,0.44664546251297,0.5148780047893524,0.606119355559349,0.7953850030899048
2,original,initial_to_bounded,mamba,RGB,active,16960,0.8642307821696378,0.6993406414985657,0.8165949761867524,0.8673407137393951,0.9008559584617615,0.9303591251373291,16960,0.5187245868550578,0.37320476770401,0.44529577642679213,0.5150909721851349,0.6056485921144485,0.775447428226471
2,original,initial_to_bounded,mamba,RGB,inactive,17600,0.8640223983031782,0.6836813688278198,0.8160886198282242,0.8675863146781921,0.8997362375259399,0.9344522356987,17600,0.5191466924328019,0.36207127571105957,0.44780307710170747,0.5146140158176422,0.6064840495586395,0.7953850030899048
2,original,initial_to_bounded,mamba,NI,all,34560,0.8549136217562827,0.7003318071365356,0.8062547087669373,0.859138548374176,0.8893312692642211,0.9106560945510864,34560,0.5366676263235234,0.4227149188518524,0.4704652979969978,0.5307758748531342,0.6224875479936599,0.7741681337356567
2,original,initial_to_bounded,mamba,NI,active,16960,0.8550460919948681,0.7003318071365356,0.8070111542940139,0.8589746356010437,0.8894500732421875,0.909755289554596,16960,0.5364315790001233,0.4248404800891876,0.47021268010139466,0.5310844779014587,0.6212710797786712,0.7741681337356567
2,original,initial_to_bounded,mamba,NI,inactive,17600,0.8547859686172822,0.7195295095443726,0.8055631786584854,0.859258770942688,0.8891904413700104,0.9106560945510864,17600,0.5368950901078907,0.4227149188518524,0.47076442986726763,0.5305493772029877,0.62359738945961,0.7489599585533142
2,original,initial_to_bounded,mamba,TI,all,34560,0.8827063262773057,0.7909985780715942,0.8474691092967988,0.8835427463054657,0.9148395955562592,0.9467395544052124,34560,0.4824722438912701,0.32637545466423035,0.4126995220780373,0.4826122969388962,0.5523239433765411,0.6465314626693726
2,original,initial_to_bounded,mamba,TI,active,16960,0.8824836375929836,0.8009070754051208,0.8475433081388474,0.8832665979862213,0.914663752913475,0.9467395544052124,16960,0.48294350481328535,0.32637545466423035,0.4131252944469452,0.4831840693950653,0.552189764380455,0.6310197710990906
2,original,initial_to_bounded,mamba,TI,inactive,17600,0.8829209171912887,0.7909985780715942,0.8472577959299088,0.8838037252426147,0.9150213390588761,0.9439345598220825,17600,0.4820181197300553,0.33485978841781616,0.4122588708996773,0.4820713400840759,0.5527065247297287,0.6465314626693726
2,original,control_to_bounded,cnn,RGB,all,34560,0.9155329877096746,0.8098561763763428,0.8714661478996277,0.9198894202709198,0.9454689055681228,0.96559739112854,34560,0.40745334127331495,0.26230767369270325,0.33024594783782957,0.40027643740177155,0.5070185214281081,0.6166746616363525
2,original,control_to_bounded,cnn,RGB,active,16960,0.91566220142369,0.8098561763763428,0.8719416171312332,0.9200281798839569,0.9455302476882934,0.9644876718521118,16960,0.4071250448477859,0.26650428771972656,0.330060014128685,0.39992964267730713,0.5060800164937973,0.6166746616363525
2,original,control_to_bounded,cnn,RGB,inactive,17600,0.9154084726761688,0.8106789588928223,0.8709277719259262,0.9197932779788971,0.9453357040882111,0.96559739112854,17600,0.40776969964700666,0.26230767369270325,0.3306485965847969,0.40051668882369995,0.5080792456865311,0.615338921546936
2,original,control_to_bounded,cnn,NI,all,34560,0.9109980652315749,0.8151295781135559,0.8704596161842346,0.9139186441898346,0.9394910842180252,0.9568108320236206,34560,0.4190559309088039,0.2939022183418274,0.34787611961364745,0.4149249941110611,0.5089999735355375,0.6080633401870728
2,original,control_to_bounded,cnn,NI,active,16960,0.9108349942233203,0.817123293876648,0.8701195061206818,0.9138644933700562,0.9395145118236542,0.9568108320236206,16960,0.41943374943199024,0.2939022183418274,0.34780905991792677,0.41505543887615204,0.5096675276756286,0.6047753691673279
2,original,control_to_bounded,cnn,NI,inactive,17600,0.9111552063849839,0.8151295781135559,0.8706396728754043,0.9139764904975891,0.9394733756780624,0.9550379514694214,17600,0.4186918512410061,0.29987335205078125,0.347927026450634,0.41478578746318817,0.5086460828781127,0.6080633401870728
2,original,control_to_bounded,cnn,TI,all,34560,0.9229096576278271,0.8228546977043152,0.8757669419050217,0.9250345826148987,0.9589711904525757,0.9739837646484375,34560,0.3872376023623575,0.22810646891593933,0.2864572435617447,0.38720911741256714,0.4984637394547462,0.5952231287956238
2,original,control_to_bounded,cnn,TI,active,16960,0.9236173631377378,0.8233292102813721,0.8761870503425598,0.9259678721427917,0.9590497583150863,0.9739837646484375,16960,0.3853532008123848,0.22810646891593933,0.2861824735999107,0.3847912698984146,0.49762026965618134,0.5944255590438843
2,original,control_to_bounded,cnn,TI,inactive,17600,0.9222276868637312,0.8228546977043152,0.8752474993467331,0.9242339134216309,0.958901995420456,0.9727787375450134,17600,0.38905348021960395,0.23332948982715607,0.28669872879981995,0.3892715126276016,0.49950496852397913,0.5952231287956238
2,original,control_to_bounded,transformer,RGB,all,34560,0.8774526134098846,0.7564367055892944,0.8354076147079468,0.8793241679668427,0.9132828772068023,0.9470967650413513,34560,0.4927086697253226,0.32527947425842285,0.4164544105529785,0.4912756532430649,0.573746234178543,0.697944700717926
2,original,control_to_bounded,transformer,RGB,active,16960,0.8776403333148304,0.7662254571914673,0.8349534451961518,0.8794060945510864,0.9141303300857544,0.9470967650413513,16960,0.49224775953499494,0.32527947425842285,0.4144144430756569,0.4911087900400162,0.5745373040437698,0.6837757229804993
2,original,control_to_bounded,transformer,RGB,inactive,17600,0.8772717196833003,0.7564367055892944,0.8360158652067184,0.8792308270931244,0.9123708695173264,0.9460984468460083,17600,0.49315281954509294,0.32833391427993774,0.4186388090252876,0.491465762257576,0.5726850897073745,0.697944700717926
2,original,control_to_bounded,transformer,NI,all,34560,0.8730669035662517,0.7496886849403381,0.8314075976610183,0.8752385675907135,0.9086372405290603,0.9353998899459839,34560,0.5015740929525001,0.359444260597229,0.42746421992778777,0.49952273070812225,0.5806763321161269,0.7075469493865967
2,original,control_to_bounded,transformer,NI,active,16960,0.8728962189465199,0.7541965246200562,0.831231626868248,0.874779999256134,0.9091547816991806,0.9353998899459839,16960,0.5018620665343303,0.359444260597229,0.4262518882751465,0.5004399418830872,0.5809792280197144,0.7011471390724182
2,original,control_to_bounded,transformer,NI,inactive,17600,0.8732313814725389,0.7496886849403381,0.8316708385944367,0.8755539953708649,0.9081597268581391,0.9332587718963623,17600,0.5012965911372819,0.3653526306152344,0.42857985347509386,0.49889078736305237,0.5802227228879928,0.7075469493865967
2,original,control_to_bounded,transformer,TI,all,34560,0.8932920177156727,0.7752255201339722,0.8501606106758117,0.8954614400863647,0.9290610641241074,0.9530758261680603,34560,0.45908108216675897,0.3063470423221588,0.37666698545217514,0.4572495371103287,0.5474292933940885,0.6704843640327454
2,original,control_to_bounded,transformer,TI,active,16960,0.8936113568655444,0.7801607847213745,0.8513562232255936,0.895420491695404,0.929404816031456,0.9530758261680603,16960,0.4584126500114096,0.3063470423221588,0.3757534325122833,0.45733924210071564,0.5452410638332367,0.6630826592445374
2,original,control_to_bounded,transformer,TI,inactive,17600,0.8929842908985236,0.7752255201339722,0.8487948149442672,0.8955168128013611,0.9286337584257126,0.9528188705444336,17600,0.45972520769827746,0.3071846663951874,0.3777997508645058,0.45712853968143463,0.5499185919761658,0.6704843640327454
2,original,control_to_bounded,mamba,RGB,all,34560,0.9575476654529296,0.9200921654701233,0.9421716153621673,0.9582160115242004,0.9707719594240188,0.9806051254272461,34560,0.28993185106319963,0.19695156812667847,0.24177722558379172,0.28908127546310425,0.3400834932923316,0.39976954460144043
2,original,control_to_bounded,mamba,RGB,active,16960,0.9574891289414943,0.9225139021873474,0.9420643627643586,0.9581474959850311,0.9706896603107452,0.9805579781532288,16960,0.29012455473179527,0.19719043374061584,0.24211726635694503,0.28931836783885956,0.34039899706840515,0.3936651349067688
2,original,control_to_bounded,mamba,RGB,inactive,17600,0.9576040733639489,0.9200921654701233,0.9422470808029175,0.9583025276660919,0.9708976656198501,0.9806051254272461,17600,0.28974615480073473,0.19695156812667847,0.24125690683722495,0.28878213465213776,0.33986175507307054,0.39976954460144043
2,original,control_to_bounded,mamba,NI,all,34560,0.9570230196212867,0.924232006072998,0.9443808734416962,0.9578083157539368,0.9666706055402756,0.9736445546150208,34560,0.29231625100019976,0.22958865761756897,0.2581838950514793,0.2904881536960602,0.3335242599248886,0.3892761170864105
2,original,control_to_bounded,mamba,NI,active,16960,0.9570083220190597,0.924232006072998,0.9444247514009476,0.9578009247779846,0.9666122406721115,0.9736445546150208,16960,0.2923695826384608,0.22958865761756897,0.258409820497036,0.2905137240886688,0.3333925917744637,0.3892761170864105
2,original,control_to_bounded,mamba,NI,inactive,17600,0.9570371827652508,0.9270628690719604,0.9443562716245651,0.9578162729740143,0.9667389333248139,0.9734509587287903,17600,0.29226485869423907,0.23043003678321838,0.25791902244091036,0.29046088457107544,0.3335980445146561,0.3819350004196167
2,original,control_to_bounded,mamba,TI,all,34560,0.9598136732699695,0.9136404395103455,0.9433289766311646,0.9604669511318207,0.9746090441942215,0.982984185218811,34560,0.2815386056447298,0.18447650969028473,0.2253483809530735,0.2811873257160187,0.33666334301233286,0.41559508442878723
2,original,control_to_bounded,mamba,TI,active,16960,0.9598293838530497,0.9136404395103455,0.9432799220085144,0.9605115950107574,0.9746691644191742,0.982984185218811,16960,0.2814502043096032,0.18447650969028473,0.22508196160197258,0.2810280919075012,0.3368088185787201,0.41559508442878723
2,original,control_to_bounded,mamba,TI,inactive,17600,0.9597985339808193,0.915260374546051,0.9433822482824326,0.9604284465312958,0.9745599150657653,0.9829094409942627,17600,0.2816237923858518,0.18488138914108276,0.22556668594479562,0.28132395446300507,0.3365050107240677,0.41167864203453064
2,original,bounded_h_to_y,cnn,RGB,all,34560,0.8944276854654567,0.8944271206855774,0.8944272398948669,0.894427478313446,0.894428551197052,0.8944645524024963,34560,0.45950485783266937,0.45942458510398865,0.45950296372175214,0.4595053195953369,0.45950576663017273,0.4595058560371399
2,original,bounded_h_to_y,cnn,RGB,active,16960,0.8944276663316589,0.8944271802902222,0.8944272398948669,0.894427478313446,0.8944284915924072,0.8944645524024963,16960,0.45950489901357666,0.45942458510398865,0.45950308442115784,0.4595053493976593,0.45950576663017273,0.4595058560371399
2,original,bounded_h_to_y,cnn,RGB,inactive,17600,0.89442770390348,0.8944271206855774,0.8944272398948669,0.894427478313446,0.8944286108016968,0.8944582939147949,17600,0.45950481814924965,0.45943814516067505,0.45950284600257874,0.4595053195953369,0.45950576663017273,0.4595058560371399
2,original,bounded_h_to_y,cnn,NI,all,34560,0.8944274992957987,0.8944271206855774,0.8944272398948669,0.8944273591041565,0.8944278955459595,0.894470751285553,34560,0.4595052628044936,0.45941123366355896,0.4595043361186981,0.4595056474208832,0.4595057964324951,0.4595058560371399
2,original,bounded_h_to_y,cnn,NI,active,16960,0.8944274757549447,0.8944271206855774,0.8944272398948669,0.8944272994995117,0.8944278955459595,0.894470751285553,16960,0.45950531488073604,0.45941123366355896,0.4595044255256653,0.4595056474208832,0.4595057964324951,0.4595058560371399
2,original,bounded_h_to_y,cnn,NI,inactive,17600,0.8944275219806216,0.8944271206855774,0.8944272398948669,0.8944273591041565,0.8944279551506042,0.8944616317749023,17600,0.45950521262193267,0.4594310224056244,0.45950427651405334,0.4595056474208832,0.4595057964324951,0.4595058560371399
2,original,bounded_h_to_y,cnn,TI,all,34560,0.8944280386264264,0.8944271802902222,0.8944272994995117,0.8944276571273804,0.8944300413131714,0.8944534063339233,34560,0.4595040877936063,0.45944902300834656,0.4594997465610504,0.4595049023628235,0.4595056474208832,0.4595058262348175
2,original,bounded_h_to_y,cnn,TI,active,16960,0.8944280600210406,0.8944271802902222,0.8944272994995117,0.8944276571273804,0.8944301605224609,0.8944489359855652,16960,0.4595040401338406,0.45945867896080017,0.45949941873550415,0.4595048725605011,0.4595056474208832,0.4595057964324951
2,original,bounded_h_to_y,cnn,TI,inactive,17600,0.8944280180097981,0.8944271802902222,0.8944272994995117,0.8944276571273804,0.8944299221038818,0.8944534063339233,17600,0.4595041337202896,0.45944902300834656,0.4594999849796295,0.4595049023628235,0.4595056474208832,0.4595058262348175
2,original,bounded_h_to_y,transformer,RGB,all,34560,0.8944272437167389,0.8944270610809326,0.8944271802902222,0.8944272398948669,0.8944272994995117,0.8944277167320251,34560,0.4595058244609929,0.45950478315353394,0.4595057964324951,0.4595058262348175,0.4595058560371399,0.45950591564178467
2,original,bounded_h_to_y,transformer,RGB,active,16960,0.8944272436974746,0.8944270610809326,0.8944271802902222,0.8944272398948669,0.8944272994995117,0.8944275975227356,16960,0.45950582446003296,0.4595050811767578,0.4595057964324951,0.4595058262348175,0.4595058560371399,0.45950591564178467
2,original,bounded_h_to_y,transformer,RGB,inactive,17600,0.8944272437353026,0.8944270610809326,0.8944271802902222,0.8944272398948669,0.8944272994995117,0.8944277167320251,17600,0.459505824461918,0.45950478315353394,0.4595057964324951,0.4595058262348175,0.4595058560371399,0.45950591564178467
2,original,bounded_h_to_y,transformer,NI,all,34560,0.8944272421559112,0.8944270610809326,0.8944271802902222,0.8944272398948669,0.8944272994995117,0.8944274187088013,34560,0.45950582748951596,0.459505558013916,0.4595057964324951,0.4595058262348175,0.4595058560371399,0.45950591564178467
2,original,bounded_h_to_y,transformer,NI,active,16960,0.8944272420562382,0.8944270610809326,0.8944271802902222,0.8944272398948669,0.8944272994995117,0.8944274187088013,16960,0.4595058276195009,0.4595055878162384,0.4595057964324951,0.4595058262348175,0.4595058560371399,0.45950591564178467
2,original,bounded_h_to_y,transformer,NI,inactive,17600,0.8944272422519597,0.8944270610809326,0.8944271802902222,0.8944272398948669,0.8944272994995117,0.8944274187088013,17600,0.45950582736425777,0.459505558013916,0.4595057964324951,0.4595058262348175,0.4595058560371399,0.45950591564178467
2,original,bounded_h_to_y,transformer,TI,all,34560,0.894427251143174,0.8944270610809326,0.8944271802902222,0.8944272398948669,0.8944272994995117,0.8944275379180908,34560,0.4595058085543483,0.4595051407814026,0.45950573682785034,0.4595058262348175,0.4595058560371399,0.4595058858394623
2,original,bounded_h_to_y,transformer,TI,active,16960,0.8944272512991754,0.8944270610809326,0.8944271802902222,0.8944272398948669,0.8944272994995117,0.8944275379180908,16960,0.4595058085853761,0.4595053195953369,0.45950573682785034,0.4595058262348175,0.4595058560371399,0.4595058858394623
2,original,bounded_h_to_y,transformer,TI,inactive,17600,0.8944272509928454,0.8944270610809326,0.8944271802902222,0.8944272398948669,0.8944272994995117,0.8944275379180908,17600,0.4595058085244488,0.4595051407814026,0.45950573682785034,0.4595058262348175,0.4595058560371399,0.4595058858394623
2,original,bounded_h_to_y,mamba,RGB,all,34560,0.8944282940364684,0.8944271802902222,0.8944274187088013,0.8944279551506042,0.89443039894104,0.8944491147994995,34560,0.4595035369404488,0.45945829153060913,0.4594990611076355,0.45950430631637573,0.4595054090023041,0.4595057964324951
2,original,bounded_h_to_y,mamba,RGB,active,16960,0.8944283301537892,0.8944271802902222,0.8944274187088013,0.8944279551506042,0.8944304585456848,0.8944461345672607,16960,0.4595034586529265,0.4594646990299225,0.4594988226890564,0.45950424671173096,0.4595054090023041,0.45950576663017273
2,original,bounded_h_to_y,mamba,RGB,inactive,17600,0.8944282592325048,0.8944271802902222,0.8944274187088013,0.8944278955459595,0.8944302201271057,0.8944491147994995,17600,0.4595036123811521,0.45945829153060913,0.4594992995262146,0.4595043659210205,0.4595054090023041,0.4595057964324951
2,original,bounded_h_to_y,mamba,NI,all,34560,0.8944283579476178,0.8944271802902222,0.8944274187088013,0.8944278955459595,0.8944308161735535,0.894458532333374,34560,0.4595033984415716,0.45943766832351685,0.4594980478286743,0.4595043659210205,0.4595054090023041,0.45950573682785034
2,original,bounded_h_to_y,mamba,NI,active,16960,0.8944283772295095,0.8944271802902222,0.8944274187088013,0.8944278955459595,0.8944308757781982,0.894458532333374,16960,0.45950335560647665,0.45943766832351685,0.45949789732694624,0.4595043361186981,0.4595054090023041,0.45950573682785034
2,original,bounded_h_to_y,mamba,NI,inactive,17600,0.8944283393668857,0.8944272398948669,0.8944274187088013,0.8944278955459595,0.8944307565689087,0.8944534659385681,17600,0.45950343971902674,0.4594486355781555,0.45949816703796387,0.4595043957233429,0.4595054090023041,0.45950573682785034
2,original,bounded_h_to_y,mamba,TI,all,34560,0.8944413737807837,0.8944271206855774,0.8944277763366699,0.894431471824646,0.8944575786590576,0.9019876718521118,34560,0.45947502875804075,0.44274669885635376,0.459439842402935,0.4594965875148773,0.45950472354888916,0.4595058262348175
2,original,bounded_h_to_y,mamba,TI,active,16960,0.8944405459148704,0.8944271802902222,0.8944277137517929,0.894431471824646,0.8944573402404785,0.8995901942253113,16960,0.4594768417665278,0.4481290876865387,0.45944043397903445,0.4594966322183609,0.45950478315353394,0.4595058262348175
2,original,bounded_h_to_y,mamba,TI,inactive,17600,0.894442171542482,0.8944271206855774,0.8944277763366699,0.894431471824646,0.8944577574729919,0.9019876718521118,17600,0.459473281677135,0.44274669885635376,0.4594394251704216,0.45949652791023254,0.459504634141922,0.4595058262348175
2,registered_style,initial_to_control,cnn,RGB,all,34560,0.8241145236245184,0.48350459337234497,0.7429517328739166,0.8308709561824799,0.881406643986702,0.9213926792144775,34560,0.5889652932174849,0.3965030610561371,0.48701822608709333,0.5815996825695038,0.7170053511857986,1.0163615942001343
2,registered_style,initial_to_control,cnn,RGB,active,16960,0.815221103150749,0.48350459337234497,0.7208721488714218,0.8242237567901611,0.8784177809953689,0.9207992553710938,16960,0.6029859180773064,0.39799705147743225,0.4931171089410782,0.5929186046123505,0.7471652418375015,1.0163615942001343
2,registered_style,initial_to_control,cnn,RGB,inactive,17600,0.8326845469901507,0.6437860727310181,0.7705345451831818,0.8360538482666016,0.8838789254426955,0.9213926792144775,17600,0.5754545092616569,0.3965030610561371,0.48191520273685456,0.5726189315319061,0.6774444013834,0.8440544009208679
2,registered_style,initial_to_control,cnn,NI,all,34560,0.8224830369706507,0.34128934144973755,0.7332509219646454,0.8316341042518616,0.8769184708595275,0.9216448068618774,34560,0.5914246089411554,0.3958670198917389,0.4961484044790268,0.5802860260009766,0.7304098039865494,1.1477898359298706
2,registered_style,initial_to_control,cnn,NI,active,16960,0.8109763206949212,0.34128934144973755,0.7042066156864166,0.8234366476535797,0.8735755860805511,0.9090760946273804,16960,0.6092919588422859,0.42643627524375916,0.5028408527374267,0.5942445695400238,0.7691467940807342,1.1477898359298706
2,registered_style,initial_to_control,cnn,NI,inactive,17600,0.83357132719999,0.644132673740387,0.7750384122133255,0.8378586173057556,0.8793770998716354,0.9216448068618774,17600,0.5742069808546115,0.3958670198917389,0.4911678910255432,0.5694583654403687,0.6707631796598434,0.8436436653137207
2,registered_style,initial_to_control,cnn,TI,all,34560,0.847272252800219,0.6914175152778625,0.7865309357643128,0.8517451882362366,0.8935388833284378,0.9332895874977112,34560,0.5494958658616438,0.3652682304382324,0.46143505573272703,0.5445270538330078,0.6534050732851028,0.7855984568595886
2,registered_style,initial_to_control,cnn,TI,active,16960,0.845224060652391,0.6914175152778625,0.7836319237947464,0.8498769402503967,0.8926098883152008,0.9332895874977112,16960,0.553128660923608,0.3652682304382324,0.4634438842535019,0.5479472279548645,0.6578269839286804,0.7855984568595886
2,registered_style,initial_to_control,cnn,TI,inactive,17600,0.8492459652335806,0.7059879899024963,0.7896358460187912,0.853562980890274,0.8943874686956406,0.9324073791503906,17600,0.5459951724382964,0.36767563223838806,0.45959227681159975,0.5411784052848816,0.6486358970403671,0.7668274641036987
2,registered_style,initial_to_control,transformer,RGB,all,34560,0.734857665372288,0.4332132935523987,0.6345000565052032,0.7415122985839844,0.8123848050832748,0.8720108270645142,34560,0.7243287630154993,0.505943238735199,0.6125605970621109,0.7190100848674774,0.8549853056669234,1.0646940469741821
2,registered_style,initial_to_control,transformer,RGB,active,16960,0.7266716740199558,0.4332132935523987,0.6193969279527665,0.7331958115100861,0.8084121346473694,0.8699215650558472,16960,0.7352608193590675,0.5100558400154114,0.6190121054649353,0.7304850518703461,0.8724713325500488,1.0646940469741821
2,registered_style,initial_to_control,transformer,RGB,inactive,17600,0.7427459843118083,0.5078041553497314,0.6493168026208878,0.7487934529781342,0.8158689498901367,0.8720108270645142,17600,0.7137942359935153,0.505943238735199,0.6068460822105408,0.7088111042976379,0.8374763071537017,0.9921652674674988
2,registered_style,initial_to_control,transformer,NI,all,34560,0.7189078906628613,0.39961034059524536,0.6302657753229142,0.723818302154541,0.7913467317819595,0.8386814594268799,34560,0.7469403048925516,0.5680115818977356,0.6459927648305893,0.7432115972042084,0.8599234968423843,1.095800757408142
2,registered_style,initial_to_control,transformer,NI,active,16960,0.7103832644761874,0.39961034059524536,0.6094865441322327,0.7164824903011322,0.7883318543434142,0.8375314474105835,16960,0.7578122300816313,0.57003253698349,0.6506431400775909,0.7530173361301422,0.8837573260068893,1.095800757408142
2,registered_style,initial_to_control,transformer,NI,inactive,17600,0.7271225304427472,0.535222589969635,0.6542491793632508,0.7298957407474518,0.7935187548398972,0.8386814594268799,17600,0.7364637224376201,0.5680115818977356,0.64262153506279,0.734988808631897,0.8315658301115035,0.9641342759132385
2,registered_style,initial_to_control,transformer,TI,all,34560,0.7797010309062898,0.5369656085968018,0.7117949873209,0.7826875150203705,0.8371914118528364,0.887374997138977,34560,0.6612950043649309,0.474604994058609,0.5706288427114486,0.6592609584331512,0.75921673476696,0.9623247385025024
2,registered_style,initial_to_control,transformer,TI,active,16960,0.7746721557745675,0.5369656085968018,0.7002037853002548,0.778013288974762,0.835487625002861,0.887374997138977,16960,0.668548220306424,0.474604994058609,0.5736067891120911,0.6663133203983307,0.7743335127830505,0.9623247385025024
2,registered_style,initial_to_control,transformer,TI,inactive,17600,0.784547037851404,0.5877915024757385,0.7240496307611466,0.7870118319988251,0.8385070800781249,0.8838797807693481,17600,0.6543055417304012,0.4819134473800659,0.5683183789253234,0.6526688039302826,0.7429002732038498,0.9079742431640625
2,registered_style,initial_to_control,mamba,RGB,all,34560,0.8582076784619993,0.5070996284484863,0.7847386181354523,0.866733193397522,0.9017971158027649,0.9363368153572083,34560,0.528174028530096,0.356828510761261,0.4431769773364067,0.5162690579891205,0.6561424255371091,0.9928749799728394
2,registered_style,initial_to_control,mamba,RGB,active,16960,0.8482568260001124,0.5070996284484863,0.7559915602207183,0.859270453453064,0.9004321575164795,0.9339338541030884,16960,0.5452657829232093,0.3635001480579376,0.446246537566185,0.5305272340774536,0.6985821336507797,0.9928749799728394
2,registered_style,initial_to_control,mamba,RGB,inactive,17600,0.8677966817434538,0.6777387857437134,0.8198159545660019,0.8720793724060059,0.9028497338294983,0.9363368153572083,17600,0.5117037924785506,0.356828510761261,0.44079522490501405,0.5058076083660126,0.6003066658973694,0.8028216361999512
2,registered_style,initial_to_control,mamba,NI,all,34560,0.8501235277331607,0.367010235786438,0.7709620893001556,0.8600951731204987,0.8953687131404876,0.9240257740020752,34560,0.5428756242635211,0.3898058831691742,0.45745218396186826,0.5289705097675323,0.676813060045242,1.1251575946807861
2,registered_style,initial_to_control,mamba,NI,active,16960,0.8381273997789425,0.367010235786438,0.7284130990505219,0.8521171510219574,0.8936719477176667,0.9240257740020752,16960,0.5626070850651782,0.3898058831691742,0.46114671677351,0.5438434779644012,0.7370033502578734,1.1251575946807861
2,registered_style,initial_to_control,mamba,NI,inactive,17600,0.86168343285268,0.7352086305618286,0.8141561359167099,0.8653816282749176,0.8966333925724029,0.9167696833610535,17600,0.5238616711273789,0.4079958200454712,0.45467925667762754,0.5188804566860199,0.6096621423959732,0.7277244925498962
2,registered_style,initial_to_control,mamba,TI,all,34560,0.8834638222689843,0.7002922892570496,0.8461591064929962,0.885206401348114,0.913859885931015,0.9419544339179993,34560,0.48084315965641977,0.34072160720825195,0.415066722035408,0.479152649641037,0.5546909600496291,0.774219274520874
2,registered_style,initial_to_control,mamba,TI,active,16960,0.8802827681010624,0.7002922892570496,0.8398289561271668,0.8825403153896332,0.912460970878601,0.9419544339179993,16960,0.4871968598368595,0.34072160720825195,0.4184232234954834,0.48468488454818726,0.5659879505634308,0.774219274520874
2,registered_style,initial_to_control,mamba,TI,inactive,17600,0.886529201739891,0.7897133231163025,0.8529198288917541,0.887689620256424,0.9151494532823563,0.9409897327423096,17600,0.4747205031189052,0.34354111552238464,0.4119478777050972,0.4739418029785156,0.5423656791448593,0.6485162973403931
2,registered_style,initial_to_bounded,cnn,RGB,all,34560,0.8209174151230535,0.49307429790496826,0.7383026570081711,0.8286387920379639,0.8781860798597335,0.9262444972991943,34560,0.5942498479693852,0.3840717673301697,0.4935867637395859,0.5854249894618988,0.7234604030847548,1.0069018602371216
2,registered_style,initial_to_bounded,cnn,RGB,active,16960,0.8112691102250708,0.49307429790496826,0.71490079164505,0.8212786316871643,0.8751386791467667,0.9180011749267578,16960,0.6093215908538901,0.4049663245677948,0.4997225910425186,0.5978651940822601,0.7551148980855942,1.0069018602371216
2,registered_style,initial_to_bounded,cnn,RGB,inactive,17600,0.8302148725702004,0.6614902019500732,0.7644197762012481,0.8341235816478729,0.8807517766952515,0.9262444972991943,17600,0.5797261684624986,0.3840717673301697,0.48836122900247575,0.5759799480438232,0.6864113628864288,0.822812020778656
2,registered_style,initial_to_bounded,cnn,NI,all,34560,0.8130110641501637,0.33710789680480957,0.7242941051721573,0.8223945796489716,0.8715250313282012,0.908462643623352,34560,0.6070121996285808,0.4278724193572998,0.5069023698568345,0.5959957540035248,0.7425711572170255,1.1514270305633545
2,registered_style,initial_to_bounded,cnn,NI,active,16960,0.8003018304898913,0.33710789680480957,0.6911065757274628,0.8131214380264282,0.867270416021347,0.9081168174743652,16960,0.626341416261528,0.42867976427078247,0.5152274549007416,0.611356794834137,0.7859941840171814,1.1514270305633545
2,registered_style,initial_to_bounded,cnn,NI,inactive,17600,0.8252581438591534,0.6508378982543945,0.7603173375129699,0.829289585351944,0.8745482325553894,0.908462643623352,17600,0.5883858636004681,0.4278724193572998,0.5009027659893036,0.5843123197555542,0.6923623114824294,0.835658073425293
2,registered_style,initial_to_bounded,cnn,TI,all,34560,0.8417902106091518,0.679934024810791,0.7786948323249817,0.8459011614322662,0.8924437254667282,0.9240517616271973,34560,0.5591395165719506,0.38973909616470337,0.46380251944065093,0.5551556050777435,0.6652898371219634,0.8000824451446533
2,registered_style,initial_to_bounded,cnn,TI,active,16960,0.8399067037932153,0.679934024810791,0.7759396821260452,0.8441741466522217,0.8911893665790558,0.9224543571472168,16960,0.5624054859954652,0.3938165009021759,0.46649894416332244,0.5582577586174011,0.6694181770086288,0.8000824451446533
2,registered_style,initial_to_bounded,cnn,TI,inactive,17600,0.8436052262681452,0.6863243579864502,0.7814101576805115,0.8476029932498932,0.8937543302774429,0.9240517616271973,17600,0.5559923096729273,0.38973909616470337,0.4609678864479065,0.5520815253257751,0.6611956775188446,0.7920551896095276
2,registered_style,initial_to_bounded,transformer,RGB,all,34560,0.7226266577149982,0.3747262954711914,0.6010626196861267,0.7333609461784363,0.8081647872924804,0.8553797602653503,34560,0.7401097469514719,0.5378110408782959,0.6194114774465561,0.730258971452713,0.8932384341955185,1.1182787418365479
2,registered_style,initial_to_bounded,transformer,RGB,active,16960,0.7135764426130028,0.3747262954711914,0.5889075368642807,0.723262757062912,0.8031823903322219,0.8553797602653503,16960,0.7519760566253988,0.5378110408782959,0.6274037152528763,0.7439588010311127,0.906744197010994,1.1182787418365479
2,registered_style,initial_to_bounded,transformer,RGB,inactive,17600,0.731347774086012,0.469516783952713,0.6178962677717209,0.7431169748306274,0.8119560301303863,0.8549238443374634,17600,0.7286749394475059,0.5386579632759094,0.6132601350545883,0.7167748212814331,0.874189630150795,1.0300322771072388
2,registered_style,initial_to_bounded,transformer,NI,all,34560,0.7031602771297373,0.31856781244277954,0.602917829155922,0.7095955610275269,0.7849686592817307,0.8377412557601929,34560,0.7671217954683083,0.5696645975112915,0.6557916283607483,0.7621082663536072,0.8911589622497558,1.1674178838729858
2,registered_style,initial_to_bounded,transformer,NI,active,16960,0.6943113688397098,0.31856781244277954,0.5851902604103089,0.701359897851944,0.7809442967176438,0.8330347537994385,16960,0.7781705362019393,0.5778672695159912,0.6618998944759369,0.7728390693664551,0.9108344823122024,1.1674178838729858
2,registered_style,initial_to_bounded,transformer,NI,inactive,17600,0.7116874069364911,0.48577359318733215,0.6225618064403534,0.7164964079856873,0.7878072202205658,0.8377412557601929,17600,0.7564748271249911,0.5696645975112915,0.6514488697052002,0.7529988288879395,0.8688362181186676,1.0141267776489258
2,registered_style,initial_to_bounded,transformer,TI,all,34560,0.7617681319066496,0.45003706216812134,0.6786794006824494,0.76446932554245,0.835418277978897,0.8894960880279541,34560,0.6867221411386574,0.47011467814445496,0.5737276792526245,0.6863391995429993,0.8016491025686263,1.0487735271453857
2,registered_style,initial_to_bounded,transformer,TI,active,16960,0.7564801276257297,0.45003706216812134,0.6656554400920868,0.7596883773803711,0.8347611397504806,0.8894960880279541,16960,0.6939510967072873,0.47011467814445496,0.5748719185590744,0.6932699978351593,0.8177341997623443,1.0487735271453857
2,registered_style,initial_to_bounded,transformer,TI,inactive,17600,0.7668638451228088,0.5549145340919495,0.6917953044176102,0.7686427533626556,0.8359157294034958,0.8765865564346313,17600,0.679756056681614,0.4968169629573822,0.5728600502014161,0.6802313029766083,0.785117557644844,0.9434886574745178
2,registered_style,initial_to_bounded,mamba,RGB,all,34560,0.8545417169315948,0.4791315793991089,0.7824897319078445,0.8622705936431885,0.898634511232376,0.9344522356987,34560,0.5352016665170797,0.36207127571105957,0.45025676786899566,0.5248417556285858,0.659560877084732,1.0206551551818848
2,registered_style,initial_to_bounded,mamba,RGB,active,16960,0.8447032739988194,0.4791315793991089,0.754341721534729,0.8552612364292145,0.8969134986400604,0.9292727708816528,16960,0.5518624886800095,0.37610456347465515,0.45406287908554077,0.5380311608314514,0.7009397685527802,1.0206551551818848
2,registered_style,initial_to_bounded,mamba,RGB,inactive,17600,0.8640223983031782,0.6836813688278198,0.8160886198282242,0.8675863146781921,0.8997362375259399,0.9344522356987,17600,0.5191466924328019,0.36207127571105957,0.44780307710170747,0.5146140158176422,0.6064840495586395,0.7953850030899048
2,registered_style,initial_to_bounded,mamba,NI,all,34560,0.8430401744993611,0.37605512142181396,0.7604517638683319,0.8538400530815125,0.88823681473732,0.9125537872314453,34560,0.5557728273828548,0.4182014763355255,0.4727859705686569,0.5406662821769714,0.6921679556369781,1.117089867591858
2,registered_style,initial_to_bounded,mamba,NI,active,16960,0.8308511428675561,0.37605512142181396,0.7196945250034332,0.8455404937267303,0.8867167890071869,0.9125537872314453,16960,0.5753629321021573,0.4182014763355255,0.47599030286073685,0.5558048784732819,0.7487396746873854,1.117089867591858
2,registered_style,initial_to_bounded,mamba,NI,inactive,17600,0.8547859686172822,0.7195295095443726,0.8055631786584854,0.859258770942688,0.8891904413700104,0.9106560945510864,17600,0.5368950901078907,0.4227149188518524,0.47076442986726763,0.5305493772029877,0.62359738945961,0.7489599585533142
2,registered_style,initial_to_bounded,mamba,TI,all,34560,0.8797035707747218,0.7067092657089233,0.8408123761415481,0.8812500834465027,0.913552725315094,0.9439345598220825,34560,0.4883642572271465,0.33485978841781616,0.41580609530210494,0.48733967542648315,0.5642475545406341,0.7658862471580505
2,registered_style,initial_to_bounded,mamba,TI,active,16960,0.8763648150594167,0.7067092657089233,0.8345491737127304,0.8784286379814148,0.9117884814739228,0.9434041380882263,16960,0.4949498716109204,0.3364396095275879,0.42002747505903243,0.49309496581554413,0.5752405494451522,0.7658862471580505
2,registered_style,initial_to_bounded,mamba,TI,inactive,17600,0.8829209171912887,0.7909985780715942,0.8472577959299088,0.8838037252426147,0.9150213390588761,0.9439345598220825,17600,0.4820181197300553,0.33485978841781616,0.4122588708996773,0.4820713400840759,0.5527065247297287,0.6465314626693726
2,registered_style,control_to_bounded,cnn,RGB,all,34560,0.915452299910356,0.8064491152763367,0.8718419969081879,0.9195294678211212,0.9452371060848236,0.96559739112854,34560,0.4077283797483822,0.26230767369270325,0.3309468016028404,0.4011748135089874,0.5062766522169112,0.6221749782562256
2,registered_style,control_to_bounded,cnn,RGB,active,16960,0.9154977810024372,0.8064491152763367,0.8728294253349305,0.9192495048046112,0.9451573044061661,0.9650065302848816,16960,0.4076855006083003,0.2645506262779236,0.33118810802698134,0.40187208354473114,0.5043225526809693,0.6221749782562256
2,registered_style,control_to_bounded,cnn,RGB,inactive,17600,0.9154084726761688,0.8106789588928223,0.8709277719259262,0.9197932779788971,0.9453357040882111,0.96559739112854,17600,0.40776969964700666,0.26230767369270325,0.3306485965847969,0.40051668882369995,0.5080792456865311,0.615338921546936
2,registered_style,control_to_bounded,cnn,NI,all,34560,0.9109633091768181,0.8065569400787354,0.871107816696167,0.9136887788772583,0.939330381155014,0.9632492065429688,34560,0.4192014321650344,0.2711121439933777,0.3483379304409027,0.41547882556915283,0.5077248722314834,0.6220018267631531
2,registered_style,control_to_bounded,cnn,NI,active,16960,0.9107641705645705,0.8065569400787354,0.8715725064277648,0.9134074151515961,0.9391709744930268,0.9632492065429688,16960,0.41973024255789393,0.2711121439933777,0.348795285820961,0.41615524888038635,0.5068086713552475,0.6220018267631531
2,registered_style,control_to_bounded,cnn,NI,inactive,17600,0.9111552063849839,0.8151295781135559,0.8706396728754043,0.9139764904975891,0.9394733756780624,0.9550379514694214,17600,0.4186918512410061,0.29987335205078125,0.347927026450634,0.41478578746318817,0.5086460828781127,0.6080633401870728
2,registered_style,control_to_bounded,cnn,TI,all,34560,0.9225711764578052,0.8228546977043152,0.8753710418939591,0.9248749315738678,0.9586252301931381,0.9742087125778198,34560,0.38809719520353675,0.2271178513765335,0.28766251504421236,0.38762129843235016,0.49925746768713,0.5952231287956238
2,registered_style,control_to_bounded,cnn,TI,active,16960,0.9229276279233537,0.8261434435844421,0.8755066633224488,0.9256391525268555,0.9584261745214462,0.9742087125778198,16960,0.3871048239604482,0.2271178513765335,0.28835379630327224,0.3856445997953415,0.4989858582615852,0.5896722674369812
2,registered_style,control_to_bounded,cnn,TI,inactive,17600,0.9222276868637312,0.8228546977043152,0.8752474993467331,0.9242339134216309,0.958901995420456,0.9727787375450134,17600,0.38905348021960395,0.23332948982715607,0.28669872879981995,0.3892715126276016,0.49950496852397913,0.5952231287956238
2,registered_style,control_to_bounded,transformer,RGB,all,34560,0.8769771389490753,0.7459573745727539,0.8347384810447693,0.8788778483867645,0.9126278936862945,0.9473086595535278,34560,0.4936691497625024,0.3246270716190338,0.4180242970585823,0.49218328297138214,0.5749114245176314,0.7128009796142578
2,registered_style,control_to_bounded,transformer,RGB,active,16960,0.8766714419607284,0.7459573745727539,0.833528870344162,0.8784932196140289,0.9129736930131912,0.9473086595535278,16960,0.49420496413905945,0.3246270716190338,0.41719614416360856,0.49296410381793976,0.5770115733146667,0.7128009796142578
2,registered_style,control_to_bounded,transformer,RGB,inactive,17600,0.8772717196833003,0.7564367055892944,0.8360158652067184,0.8792308270931244,0.9123708695173264,0.9460984468460083,17600,0.49315281954509294,0.32833391427993774,0.4186388090252876,0.491465762257576,0.5726850897073745,0.697944700717926
2,registered_style,control_to_bounded,transformer,NI,all,34560,0.8726379968639877,0.7496886849403381,0.8310712099075317,0.8745681345462799,0.9087894141674041,0.9392862319946289,34560,0.5024281040377294,0.3484645187854767,0.42710800021886824,0.5008631348609924,0.5812551647424697,0.7075469493865967
2,registered_style,control_to_bounded,transformer,NI,active,16960,0.8720222203834158,0.7541965246200562,0.8303937971591949,0.8734535574913025,0.9093913197517395,0.9392862319946289,16960,0.5036023155381938,0.3484645187854767,0.42569655030965803,0.5030834674835205,0.5824194908142089,0.7011471390724182
2,registered_style,control_to_bounded,transformer,NI,inactive,17600,0.8732313814725389,0.7496886849403381,0.8316708385944367,0.8755539953708649,0.9081597268581391,0.9332587718963623,17600,0.5012965911372819,0.3653526306152344,0.42857985347509386,0.49889078736305237,0.5802227228879928,0.7075469493865967
2,registered_style,control_to_bounded,transformer,TI,all,34560,0.8928599938163879,0.7752255201339722,0.8490225970745087,0.8952535092830658,0.9286343812942505,0.9528188705444336,34560,0.46000368272264797,0.3071846663951874,0.3777978539466858,0.4577041566371918,0.5495041191577911,0.6704843640327454
2,registered_style,control_to_bounded,transformer,TI,active,16960,0.8927310062783226,0.7802987098693848,0.8494989395141601,0.8949458003044128,0.9286346018314362,0.9513041377067566,16960,0.4602926662385042,0.31207653880119324,0.3777972608804703,0.4583759158849716,0.5486366957426071,0.6628746390342712
2,registered_style,control_to_bounded,transformer,TI,inactive,17600,0.8929842908985236,0.7752255201339722,0.8487948149442672,0.8955168128013611,0.9286337584257126,0.9528188705444336,17600,0.45972520769827746,0.3071846663951874,0.3777997508645058,0.45712853968143463,0.5499185919761658,0.6704843640327454
2,registered_style,control_to_bounded,mamba,RGB,all,34560,0.9573924347551332,0.9200921654701233,0.9419509559869766,0.9580920934677124,0.9704137146472931,0.9806051254272461,34560,0.29049151237381415,0.19695156812667847,0.24325433224439622,0.2895100265741348,0.34073180854320523,0.39976954460144043
2,registered_style,control_to_bounded,mamba,RGB,active,16960,0.9571728097837208,0.9215385317802429,0.9416602700948715,0.9579268097877502,0.9699512183666229,0.9794541597366333,16960,0.2912649966477645,0.20271117985248566,0.24514828622341156,0.2900800406932831,0.34158402979373925,0.3961351215839386
2,registered_style,control_to_bounded,mamba,RGB,inactive,17600,0.9576040733639489,0.9200921654701233,0.9422470808029175,0.9583025276660919,0.9708976656198501,0.9806051254272461,17600,0.28974615480073473,0.19695156812667847,0.24125690683722495,0.28878213465213776,0.33986175507307054,0.39976954460144043
2,registered_style,control_to_bounded,mamba,NI,all,34560,0.957035344535554,0.9251063466072083,0.944361287355423,0.957825094461441,0.9666580200195313,0.9762197732925415,34560,0.292270896631224,0.2180839478969574,0.2582326427102089,0.29043062031269073,0.33358279466629026,0.3870238959789276
2,registered_style,control_to_bounded,mamba,NI,active,16960,0.9570334369386986,0.9251063466072083,0.9443816661834716,0.9578410685062408,0.966582465171814,0.9762197732925415,16960,0.2922771624148876,0.2180839478969574,0.25852497220039367,0.29037539660930634,0.3335216552019119,0.3870238959789276
2,registered_style,control_to_bounded,mamba,NI,inactive,17600,0.9570371827652508,0.9270628690719604,0.9443562716245651,0.9578162729740143,0.9667389333248139,0.9734509587287903,17600,0.29226485869423907,0.23043003678321838,0.25791902244091036,0.29046088457107544,0.3335980445146561,0.3819350004196167
2,registered_style,control_to_bounded,mamba,TI,all,34560,0.9596988562873944,0.9136404395103455,0.9430998384952545,0.960428774356842,0.974501958489418,0.9831995964050293,34560,0.2819333832072853,0.1833057403564453,0.22582331225275992,0.28132273256778717,0.33734305799007414,0.41559508442878723
2,registered_style,control_to_bounded,mamba,TI,active,16960,0.9595954171715761,0.9136404395103455,0.9427833437919617,0.960428774356842,0.9744439244270324,0.9831995964050293,16960,0.28225465670122574,0.1833057403564453,0.2260805994272232,0.28132273256778717,0.338280189037323,0.41559508442878723
2,registered_style,control_to_bounded,mamba,TI,inactive,17600,0.9597985339808193,0.915260374546051,0.9433822482824326,0.9604284465312958,0.9745599150657653,0.9829094409942627,17600,0.2816237923858518,0.18488138914108276,0.22556668594479562,0.28132395446300507,0.3365050107240677,0.41167864203453064
2,registered_style,bounded_h_to_y,cnn,RGB,all,34560,0.8944276867831057,0.8944271206855774,0.8944272398948669,0.894427478313446,0.8944286108016968,0.8944763541221619,34560,0.4595048543410721,0.45939892530441284,0.4595029056072235,0.4595053493976593,0.45950576663017273,0.4595058560371399
2,registered_style,bounded_h_to_y,cnn,RGB,active,16960,0.8944276690166795,0.8944271206855774,0.8944272398948669,0.8944274187088013,0.8944286108016968,0.8944763541221619,16960,0.4595048918986236,0.45939892530441284,0.4595029354095459,0.4595053493976593,0.45950576663017273,0.4595058560371399
2,registered_style,bounded_h_to_y,cnn,RGB,inactive,17600,0.89442770390348,0.8944271206855774,0.8944272398948669,0.894427478313446,0.8944286108016968,0.8944582939147949,17600,0.45950481814924965,0.45943814516067505,0.45950284600257874,0.4595053195953369,0.45950576663017273,0.4595058560371399
2,registered_style,bounded_h_to_y,cnn,NI,all,34560,0.8944274981178482,0.8944271206855774,0.8944272398948669,0.8944272994995117,0.8944278955459595,0.8944714069366455,34560,0.45950526501724703,0.4594097435474396,0.4595043659210205,0.4595056474208832,0.4595057964324951,0.4595058560371399
2,registered_style,bounded_h_to_y,cnn,NI,active,16960,0.8944274733545926,0.8944271206855774,0.8944271802902222,0.8944272994995117,0.8944278955459595,0.8944714069366455,16960,0.45950531938974304,0.4594097435474396,0.45950448513031006,0.4595056474208832,0.4595057964324951,0.4595058560371399
2,registered_style,bounded_h_to_y,cnn,NI,inactive,17600,0.8944275219806216,0.8944271206855774,0.8944272398948669,0.8944273591041565,0.8944279551506042,0.8944616317749023,17600,0.45950521262193267,0.4594310224056244,0.45950427651405334,0.4595056474208832,0.4595057964324951,0.4595058560371399
2,registered_style,bounded_h_to_y,cnn,TI,all,34560,0.8944280110610028,0.8944271802902222,0.8944272994995117,0.8944276571273804,0.8944299221038818,0.8944652080535889,34560,0.45950414744050555,0.4594229757785797,0.45949995517730713,0.4595049321651459,0.4595056474208832,0.4595058262348175
2,registered_style,bounded_h_to_y,cnn,TI,active,16960,0.8944280038499889,0.8944271802902222,0.8944272994995117,0.8944276571273804,0.8944299221038818,0.8944652080535889,16960,0.4595041616784655,0.4594229757785797,0.45949995517730713,0.4595049321651459,0.4595056474208832,0.4595058262348175
2,registered_style,bounded_h_to_y,cnn,TI,inactive,17600,0.8944280180097981,0.8944271802902222,0.8944272994995117,0.8944276571273804,0.8944299221038818,0.8944534063339233,17600,0.4595041337202896,0.45944902300834656,0.4594999849796295,0.4595049023628235,0.4595056474208832,0.4595058262348175
2,registered_style,bounded_h_to_y,transformer,RGB,all,34560,0.8944272439116268,0.8944270610809326,0.8944271802902222,0.8944272398948669,0.8944272994995117,0.8944277167320251,34560,0.45950582450497207,0.45950478315353394,0.4595057964324951,0.4595058262348175,0.4595058560371399,0.45950591564178467
2,registered_style,bounded_h_to_y,transformer,RGB,active,16960,0.8944272440946046,0.8944270610809326,0.8944271802902222,0.8944272398948669,0.8944272994995117,0.8944275379180908,16960,0.45950582454965083,0.4595052897930145,0.4595057964324951,0.4595058262348175,0.4595058560371399,0.45950591564178467
2,registered_style,bounded_h_to_y,transformer,RGB,inactive,17600,0.8944272437353026,0.8944270610809326,0.8944271802902222,0.8944272398948669,0.8944272994995117,0.8944277167320251,17600,0.459505824461918,0.45950478315353394,0.4595057964324951,0.4595058262348175,0.4595058560371399,0.45950591564178467
2,registered_style,bounded_h_to_y,transformer,NI,all,34560,0.8944272422059266,0.8944270610809326,0.8944271802902222,0.8944272398948669,0.8944272994995117,0.8944274187088013,34560,0.4595058271989088,0.459505558013916,0.4595057964324951,0.4595058262348175,0.4595058560371399,0.45950591564178467
2,registered_style,bounded_h_to_y,transformer,NI,active,16960,0.8944272421581565,0.8944270610809326,0.8944271802902222,0.8944272398948669,0.8944272994995117,0.8944274187088013,16960,0.4595058270273203,0.4595055878162384,0.4595057964324951,0.4595058262348175,0.4595058560371399,0.45950591564178467
2,registered_style,bounded_h_to_y,transformer,NI,inactive,17600,0.8944272422519597,0.8944270610809326,0.8944271802902222,0.8944272398948669,0.8944272994995117,0.8944274187088013,17600,0.45950582736425777,0.459505558013916,0.4595057964324951,0.4595058262348175,0.4595058560371399,0.45950591564178467
2,registered_style,bounded_h_to_y,transformer,TI,all,34560,0.8944272504533055,0.8944270610809326,0.8944271802902222,0.8944272398948669,0.8944272994995117,0.8944275379180908,34560,0.45950580940806063,0.4595051407814026,0.45950576663017273,0.4595058262348175,0.4595058560371399,0.45950591564178467
2,registered_style,bounded_h_to_y,transformer,TI,active,16960,0.8944272498934055,0.8944270610809326,0.8944271802902222,0.8944272398948669,0.8944272994995117,0.8944274187088013,16960,0.4595058103250164,0.4595053493976593,0.45950576663017273,0.4595058262348175,0.4595058560371399,0.45950591564178467
2,registered_style,bounded_h_to_y,transformer,TI,inactive,17600,0.8944272509928454,0.8944270610809326,0.8944271802902222,0.8944272398948669,0.8944272994995117,0.8944275379180908,17600,0.4595058085244488,0.4595051407814026,0.45950573682785034,0.4595058262348175,0.4595058560371399,0.4595058858394623
2,registered_style,bounded_h_to_y,mamba,RGB,all,34560,0.8944282318172218,0.8944271802902222,0.8944274187088013,0.8944278955459595,0.8944301009178162,0.8944491147994995,34560,0.45950367204086096,0.45945829153060913,0.4594996258616447,0.4595043957233429,0.45950543880462646,0.4595057964324951
2,registered_style,bounded_h_to_y,mamba,RGB,active,16960,0.8944282033673997,0.8944271802902222,0.8944274187088013,0.8944278955459595,0.8944299817085266,0.8944461941719055,16960,0.45950373395187954,0.4594648480415344,0.4594998359680176,0.4595044255256653,0.45950543880462646,0.45950576663017273
2,registered_style,bounded_h_to_y,mamba,RGB,inactive,17600,0.8944282592325048,0.8944271802902222,0.8944274187088013,0.8944278955459595,0.8944302201271057,0.8944491147994995,17600,0.4595036123811521,0.45945829153060913,0.4594992995262146,0.4595043659210205,0.4595054090023041,0.4595057964324951
2,registered_style,bounded_h_to_y,mamba,NI,all,34560,0.8944283015198178,0.8944272398948669,0.8944274187088013,0.8944278955459595,0.8944306373596191,0.894458532333374,34560,0.45950352151326285,0.45943766832351685,0.45949849486351013,0.4595044255256653,0.45950543880462646,0.45950576663017273
2,registered_style,bounded_h_to_y,mamba,NI,active,16960,0.8944282622445585,0.8944272398948669,0.8944274187088013,0.8944278955459595,0.89443039894104,0.894458532333374,16960,0.4595036063940739,0.45943766832351685,0.4594988524913788,0.45950445532798767,0.45950543880462646,0.45950576663017273
2,registered_style,bounded_h_to_y,mamba,NI,inactive,17600,0.8944283393668857,0.8944272398948669,0.8944274187088013,0.8944278955459595,0.8944307565689087,0.8944534659385681,17600,0.45950343971902674,0.4594486355781555,0.45949816703796387,0.4595043957233429,0.4595054090023041,0.45950573682785034
2,registered_style,bounded_h_to_y,mamba,TI,all,34560,0.8944405144839375,0.8944271206855774,0.8944277167320251,0.8944312334060669,0.8944554954767228,0.9019876718521118,34560,0.4594769010596253,0.44274669885635376,0.4594442546367645,0.4594970941543579,0.45950478315353394,0.4595058262348175
2,registered_style,bounded_h_to_y,mamba,TI,active,16960,0.894438794894882,0.8944271206855774,0.8944276571273804,0.8944309949874878,0.8944530487060547,0.8995901942253113,16960,0.45948065702258695,0.4481290876865387,0.4594496190547943,0.4594976603984833,0.4595049321651459,0.4595058262348175
2,registered_style,bounded_h_to_y,mamba,TI,inactive,17600,0.894442171542482,0.8944271206855774,0.8944277763366699,0.894431471824646,0.8944577574729919,0.9019876718521118,17600,0.459473281677135,0.44274669885635376,0.4594394251704216,0.45949652791023254,0.459504634141922,0.4595058262348175
