fold,endpoint,output,record_index,identity,scene,ap,first_rank,positive_count,negative_count
0,control,baseline_only,0,1,2,0.11212121212121212,11,2,355
0,control,baseline_only,1,1,2,0.16666666666666666,6,2,355
0,control,baseline_only,2,1,2,0.5526315789473684,1,2,355
0,control,baseline_only,3,1,12,0.17733990147783252,3,3,355
0,control,baseline_only,4,1,12,0.11565678903140203,14,3,355
0,control,baseline_only,34,9,0,0.09319529991918611,19,20,332
0,control,baseline_only,35,9,0,0.1488556735865631,4,20,332
0,control,baseline_only,36,9,0,0.12547371290263704,23,20,332
0,control,baseline_only,37,9,0,0.16104928518187506,2,20,332
0,control,baseline_only,38,9,0,0.15115011622808935,6,20,332
0,control,baseline_only,39,9,0,0.1444030229985197,15,20,332
0,control,baseline_only,40,9,0,0.22820036776870536,8,20,332
0,control,baseline_only,41,9,0,0.07895834796250546,41,20,332
0,control,baseline_only,42,9,2,0.5251834850904038,1,25,332
0,control,baseline_only,43,9,2,0.8340714162022692,1,25,332
0,control,baseline_only,44,9,2,0.8083077457785428,1,25,332
0,control,baseline_only,45,9,12,0.5434468023587644,1,24,332
0,control,baseline_only,46,9,12,0.5976270510701925,1,24,332
0,control,baseline_only,47,9,12,0.6879815738712,1,24,332
0,control,baseline_only,48,9,12,0.45550483924474655,1,24,332
0,control,baseline_only,49,9,25,0.49058692085977357,1,23,332
0,control,baseline_only,50,9,25,0.6158922961447476,1,23,332
0,control,baseline_only,51,9,25,0.4906141114950439,1,23,332
0,control,baseline_only,52,9,25,0.6231682988613894,1,23,332
0,control,baseline_only,53,9,25,0.553262725252142,1,23,332
0,control,baseline_only,54,9,28,0.532141987445125,1,20,332
0,control,baseline_only,55,9,28,0.40496279058889817,1,20,332
0,control,baseline_only,56,9,28,0.3115938205393691,1,20,332
0,control,baseline_only,57,9,28,0.5529286661980375,1,20,332
0,control,baseline_only,58,9,28,0.37965361191138247,1,20,332
0,control,baseline_only,59,9,28,0.4112110131536076,1,20,332
0,control,baseline_only,60,9,28,0.386362530718806,1,20,332
0,control,baseline_only,61,9,28,0.3675232624821846,1,20,332
0,control,baseline_only,82,15,2,0.15699769582350523,4,7,350
0,control,baseline_only,83,15,2,0.20688203351516046,5,7,350
0,control,baseline_only,84,15,2,0.4866580866580867,1,7,350
0,control,baseline_only,85,15,12,0.3979256854256854,2,8,350
0,control,baseline_only,86,15,12,0.44160436024003097,1,8,350
0,control,baseline_only,87,15,17,0.14415584415584415,3,5,350
0,control,baseline_only,88,15,17,0.07480083641848348,17,5,350
0,control,baseline_only,89,15,17,0.14826530612244898,3,5,350
0,control,baseline_only,90,15,17,0.2537029637029637,4,5,350
0,control,baseline_only,91,15,17,0.20418318523581683,5,5,350
0,control,baseline_only,114,21,3,0.13061994662938511,11,7,351
0,control,baseline_only,115,21,3,0.13712408853604868,8,7,351
0,control,baseline_only,116,21,30,0.04564102564102564,25,2,351
0,control,baseline_only,117,21,30,0.05626780626780627,26,2,351
0,control,baseline_only,118,21,30,0.034417344173441736,41,2,351
0,control,baseline_only,119,21,30,0.028820116054158608,47,2,351
0,control,baseline_only,120,21,30,0.02620841180163214,54,2,351
0,control,baseline_only,121,21,30,0.040625,32,2,351
0,control,baseline_only,122,21,30,0.038157894736842106,38,2,351
0,control,baseline_only,150,27,4,0.12895299145299147,9,6,352
0,control,baseline_only,151,27,4,0.5801587301587302,1,6,352
0,control,baseline_only,152,27,25,0.09999999999999999,7,2,352
0,control,baseline_only,153,27,25,0.034722222222222224,36,2,352
0,control,baseline_only,154,27,25,0.04880952380952381,21,2,352
0,control,baseline_only,155,27,25,0.04206349206349206,35,2,352
0,control,baseline_only,156,27,25,0.03954175905395418,33,2,352
0,control,baseline_only,157,27,25,0.04643206256109482,31,2,352
0,control,baseline_only,169,33,4,1.0,1,13,344
0,control,baseline_only,170,33,4,1.0,1,13,344
0,control,baseline_only,171,33,4,1.0,1,13,344
0,control,baseline_only,172,33,5,0.8816711183307823,1,14,344
0,control,baseline_only,173,33,5,0.9387816548530834,1,14,344
0,control,baseline_only,174,33,9,0.9945054945054945,1,13,344
0,control,baseline_only,175,33,9,0.9751850713389175,1,13,344
0,control,baseline_only,176,33,9,0.9885883347421809,1,13,344
0,control,baseline_only,177,33,14,0.9516705516705517,1,11,344
0,control,baseline_only,178,33,14,0.9750688705234161,1,11,344
0,control,baseline_only,179,33,14,0.9342069546615,1,11,344
0,control,baseline_only,180,33,14,0.8953791158336614,1,11,344
0,control,baseline_only,181,33,14,0.9442325351416261,1,11,344
0,control,baseline_only,182,33,18,0.864220909809145,1,13,344
0,control,baseline_only,183,33,18,0.9156870906870906,1,13,344
0,control,baseline_only,184,33,18,0.9681776556776557,1,13,344
0,control,baseline_only,205,40,5,0.7588028024606972,1,10,347
0,control,baseline_only,206,40,5,0.7143646893646893,1,10,347
0,control,baseline_only,207,40,5,0.7181699346405229,1,10,347
0,control,baseline_only,208,40,6,0.6457431457431457,1,11,347
0,control,baseline_only,209,40,6,0.9406172110717566,1,11,347
0,control,baseline_only,210,40,17,0.42913648419129735,1,10,347
0,control,baseline_only,211,40,17,0.21009802795270777,4,10,347
0,control,baseline_only,212,40,17,0.4707916524380241,1,10,347
0,control,baseline_only,213,40,18,0.5488275613275614,1,11,347
0,control,baseline_only,214,40,18,0.9679144385026738,1,11,347
0,control,baseline_only,215,40,20,0.4394851845143607,1,10,347
0,control,baseline_only,216,40,20,0.6543650793650794,1,10,347
0,control,baseline_only,217,40,20,0.8800000000000001,1,10,347
0,control,baseline_only,264,64,0,0.15371476037991466,18,8,346
0,control,baseline_only,265,64,0,0.13763353617308993,18,8,346
0,control,baseline_only,266,64,0,0.2881431519976412,7,8,346
0,control,baseline_only,267,64,0,0.11872394908471286,16,8,346
0,control,baseline_only,268,64,0,0.2047684587446416,7,8,346
0,control,baseline_only,269,64,0,0.47426739926739925,2,8,346
0,control,baseline_only,270,64,7,0.6297728594361721,1,12,346
0,control,baseline_only,271,64,7,0.5454863484468747,1,12,346
0,control,baseline_only,272,64,21,0.44896908646908645,4,11,346
0,control,baseline_only,273,64,21,0.3330049004080568,4,11,346
0,control,baseline_only,274,64,21,0.4869972830200103,4,11,346
0,control,baseline_only,275,64,22,0.6596549914731733,1,11,346
0,control,baseline_only,276,64,22,0.6229978354978355,2,11,346
0,control,baseline_only,277,64,22,0.6306561798273028,1,11,346
0,control,baseline_only,296,76,9,0.7529461279461279,1,6,352
0,control,baseline_only,297,76,9,0.7049242424242425,1,6,352
0,control,baseline_only,298,76,11,0.8761904761904763,1,5,352
0,control,baseline_only,299,76,11,0.8761904761904763,1,5,352
0,control,baseline_only,300,76,11,0.5425,1,5,352
0,control,baseline_only,301,76,12,0.6775757575757575,1,5,352
0,control,baseline_only,302,76,12,0.8099999999999999,1,5,352
0,control,baseline_only,303,76,12,0.4333333333333333,2,5,352
0,control,baseline_only,318,82,10,0.8333333333333334,1,3,354
0,control,baseline_only,319,82,10,0.8666666666666667,1,3,354
0,control,baseline_only,320,82,10,0.8666666666666667,1,3,354
0,control,baseline_only,321,82,22,0.7000000000000001,1,3,354
0,control,baseline_only,322,82,22,0.8666666666666667,1,3,354
0,control,baseline_only,323,82,22,0.7222222222222222,1,3,354
0,control,baseline_only,346,91,10,0.8055555555555555,1,3,355
0,control,baseline_only,347,91,10,0.20643939393939395,4,3,355
0,control,baseline_only,348,91,13,0.31666666666666665,2,2,355
0,control,baseline_only,349,91,13,0.3088235294117647,2,2,355
0,control,baseline_only,350,91,13,0.7,1,2,355
0,control,baseline_only,373,99,11,0.7018556745918013,1,29,329
0,control,baseline_only,374,99,11,0.6913258184747447,1,29,329
0,control,baseline_only,375,99,25,0.674231566212362,1,24,329
0,control,baseline_only,376,99,25,0.7735608076296555,1,24,329
0,control,baseline_only,377,99,25,0.9316044737504137,1,24,329
0,control,baseline_only,378,99,25,0.8215596426195377,1,24,329
0,control,baseline_only,379,99,25,0.8327027927334586,1,24,329
0,control,baseline_only,380,99,25,0.8028152906233864,1,24,329
0,control,baseline_only,381,99,25,0.8721818935063904,1,24,329
0,control,baseline_only,382,99,26,0.855350380692486,1,25,329
0,control,baseline_only,383,99,26,0.930169264069264,1,25,329
0,control,baseline_only,384,99,26,0.8156309450692271,1,25,329
0,control,baseline_only,385,99,26,0.7068710317015057,1,25,329
0,control,baseline_only,386,99,26,0.7650705475102781,1,25,329
0,control,baseline_only,387,99,26,0.7838359617669487,1,25,329
0,control,baseline_only,388,99,27,0.7305114441043216,1,25,329
0,control,baseline_only,389,99,27,0.8148939341816511,1,25,329
0,control,baseline_only,390,99,27,0.8516816491833364,1,25,329
0,control,baseline_only,391,99,27,0.8665481163262203,1,25,329
0,control,baseline_only,392,99,27,0.7053593994674248,1,25,329
0,control,baseline_only,393,99,27,0.8212631118389805,1,25,329
0,control,baseline_only,394,99,28,0.821604569497461,1,27,329
0,control,baseline_only,395,99,28,0.888918299257791,1,27,329
0,control,baseline_only,396,99,28,0.7402999853387657,2,27,329
0,control,baseline_only,397,99,28,0.8152274975989748,1,27,329
0,control,baseline_only,398,99,30,0.8002049428407138,1,25,329
0,control,baseline_only,399,99,30,0.8723107925176237,1,25,329
0,control,baseline_only,400,99,30,0.7841925092174991,1,25,329
0,control,baseline_only,401,99,30,0.808415631608427,1,25,329
0,control,baseline_only,402,99,30,0.8208325793531377,1,25,329
0,control,baseline_only,403,99,30,0.7070309159499777,1,25,329
0,control,baseline_only,430,109,11,0.021739130434782608,46,1,357
0,control,baseline_only,431,109,11,0.037037037037037035,27,1,357
0,control,baseline_only,432,109,22,0.05626780626780627,26,2,357
0,control,baseline_only,449,121,12,0.41954619362762363,1,7,351
0,control,baseline_only,450,121,12,0.45494505494505494,1,7,351
0,control,baseline_only,451,121,13,0.3524090425316092,1,7,351
0,control,baseline_only,452,121,13,0.4927154195011338,1,7,351
0,control,baseline_only,453,121,17,0.36225482235334455,1,7,351
0,control,baseline_only,454,121,17,0.4886125570336097,1,7,351
0,control,baseline_only,455,121,19,0.4685483870967742,1,6,351
0,control,baseline_only,456,121,19,0.40014568764568764,1,6,351
0,control,baseline_only,457,121,19,0.1636492630738155,4,6,351
0,control,baseline_only,490,138,15,0.575187969924812,1,4,354
0,control,baseline_only,491,138,15,0.6803030303030303,1,4,354
0,control,baseline_only,492,138,21,0.675,1,4,354
0,control,baseline_only,493,138,21,0.18510452961672474,7,4,354
0,control,baseline_only,494,138,28,0.3489583333333333,1,4,354
0,control,baseline_only,495,138,28,0.7589285714285714,1,4,354
0,control,baseline_only,520,155,16,1.0,1,3,355
0,control,baseline_only,521,155,16,1.0,1,3,355
0,control,baseline_only,522,155,24,1.0,1,2,355
0,control,baseline_only,523,155,24,1.0,1,2,355
0,control,baseline_only,524,155,24,1.0,1,2,355
0,control,baseline_only,542,165,17,0.10237781542129368,9,4,352
0,control,baseline_only,543,165,17,0.32172619047619044,3,4,352
0,control,baseline_only,544,165,17,0.283768315018315,6,4,352
0,control,baseline_only,545,165,17,0.14027777777777778,5,4,352
0,control,baseline_only,546,165,19,0.09305323299888517,8,4,352
0,control,baseline_only,547,165,19,0.09649192096000607,13,4,352
0,control,baseline_only,548,165,19,0.07000482845919952,15,4,352
0,control,baseline_only,549,165,19,0.125,5,4,352
0,control,baseline_only,574,173,18,1.0,1,4,354
0,control,baseline_only,575,173,18,1.0,1,4,354
0,control,baseline_only,576,173,19,1.0,1,2,354
0,control,baseline_only,577,173,19,1.0,1,2,354
0,control,baseline_only,578,173,19,1.0,1,2,354
0,control,baseline_only,579,173,19,1.0,1,2,354
0,control,baseline_only,620,195,0,0.04945054945054945,21,2,351
0,control,baseline_only,621,195,0,0.03901515151515152,24,2,351
0,control,baseline_only,622,195,0,0.015038444142921756,67,2,351
0,control,baseline_only,623,195,0,0.010446570972886763,114,2,351
0,control,baseline_only,624,195,0,0.014425072644250726,73,2,351
0,control,baseline_only,625,195,0,0.016361950185479597,68,2,351
0,control,baseline_only,626,195,0,0.1111111111111111,9,2,351
0,control,baseline_only,627,195,22,0.06470721209084507,12,7,351
0,control,baseline_only,628,195,22,0.03590321313004689,56,7,351
0,control,baseline_only,696,234,0,0.00642328665287849,234,3,349
0,control,baseline_only,697,234,0,0.006172703095780018,275,3,349
0,control,baseline_only,698,234,0,0.007563587684069613,166,3,349
0,control,baseline_only,699,234,0,0.007940997788632111,150,3,349
0,control,baseline_only,700,234,0,0.0067116400459109335,211,3,349
0,control,baseline_only,701,234,0,0.0069238896363844615,227,3,349
0,control,baseline_only,702,234,0,0.007367871484133779,172,3,349
0,control,baseline_only,703,234,0,0.0066242760951309015,204,3,349
0,control,baseline_only,704,234,27,0.016108253310440968,219,8,349
0,control,baseline_only,705,234,27,0.01591780753654936,208,8,349
0,control,baseline_only,706,234,27,0.019582927746476936,171,8,349
0,control,fused,0,1,2,0.25,4,2,355
0,control,fused,1,1,2,0.5833333333333333,2,2,355
0,control,fused,2,1,2,0.5555555555555556,1,2,355
0,control,fused,3,1,12,0.13968253968253966,7,3,355
0,control,fused,4,1,12,0.09837164750957854,15,3,355
0,control,fused,34,9,0,0.16708119645319855,10,20,332
0,control,fused,35,9,0,0.2998143950481667,1,20,332
0,control,fused,36,9,0,0.2368696520738239,14,20,332
0,control,fused,37,9,0,0.1716613389146902,16,20,332
0,control,fused,38,9,0,0.16066747156764555,13,20,332
0,control,fused,39,9,0,0.2202587090895491,6,20,332
0,control,fused,40,9,0,0.374592259491184,4,20,332
0,control,fused,41,9,0,0.1349030762353795,18,20,332
0,control,fused,42,9,2,0.518099181326901,1,25,332
0,control,fused,43,9,2,0.8534879141574057,1,25,332
0,control,fused,44,9,2,0.8632075109069568,1,25,332
0,control,fused,45,9,12,0.6086800249919609,1,24,332
0,control,fused,46,9,12,0.6040011334555468,1,24,332
0,control,fused,47,9,12,0.5909505888077785,1,24,332
0,control,fused,48,9,12,0.6206071607749328,1,24,332
0,control,fused,49,9,25,0.6182632048667398,1,23,332
0,control,fused,50,9,25,0.7231077926772024,1,23,332
0,control,fused,51,9,25,0.46486500304707645,1,23,332
0,control,fused,52,9,25,0.7059996998051209,1,23,332
0,control,fused,53,9,25,0.6313506466822897,1,23,332
0,control,fused,54,9,28,0.5597081847685007,1,20,332
0,control,fused,55,9,28,0.4720570464635556,1,20,332
0,control,fused,56,9,28,0.3272080928165475,1,20,332
0,control,fused,57,9,28,0.6231227859674624,1,20,332
0,control,fused,58,9,28,0.42155745279876833,1,20,332
0,control,fused,59,9,28,0.4280817250655316,1,20,332
0,control,fused,60,9,28,0.443089203059824,1,20,332
0,control,fused,61,9,28,0.44170868388950507,1,20,332
0,control,fused,82,15,2,0.2856846295830585,2,7,350
0,control,fused,83,15,2,0.33496063115628333,3,7,350
0,control,fused,84,15,2,0.6503703094140881,1,7,350
0,control,fused,85,15,12,0.6110516953302797,1,8,350
0,control,fused,86,15,12,0.6069318753142282,1,8,350
0,control,fused,87,15,17,0.298069961227856,1,5,350
0,control,fused,88,15,17,0.14573046996576408,5,5,350
0,control,fused,89,15,17,0.19083196496989602,4,5,350
0,control,fused,90,15,17,0.3162987012987013,5,5,350
0,control,fused,91,15,17,0.2988235294117647,2,5,350
0,control,fused,114,21,3,0.18429891929860837,8,7,351
0,control,fused,115,21,3,0.2407513121798836,6,7,351
0,control,fused,116,21,30,0.11309523809523808,12,2,351
0,control,fused,117,21,30,0.12222222222222222,9,2,351
0,control,fused,118,21,30,0.08888888888888888,15,2,351
0,control,fused,119,21,30,0.05077658303464755,27,2,351
0,control,fused,120,21,30,0.06847826086956521,20,2,351
0,control,fused,121,21,30,0.08095238095238094,15,2,351
0,control,fused,122,21,30,0.07472826086956522,16,2,351
0,control,fused,150,27,4,0.11598669418436859,8,6,352
0,control,fused,151,27,4,0.6119628702544847,1,6,352
0,control,fused,152,27,25,0.10173160173160173,7,2,352
0,control,fused,153,27,25,0.056589147286821705,15,2,352
0,control,fused,154,27,25,0.06869369369369369,12,2,352
0,control,fused,155,27,25,0.05606060606060606,22,2,352
0,control,fused,156,27,25,0.10173160173160173,7,2,352
0,control,fused,157,27,25,0.06666666666666667,15,2,352
0,control,fused,169,33,4,1.0,1,13,344
0,control,fused,170,33,4,1.0,1,13,344
0,control,fused,171,33,4,1.0,1,13,344
0,control,fused,172,33,5,0.9257187373784012,1,14,344
0,control,fused,173,33,5,0.8934585256013827,1,14,344
0,control,fused,174,33,9,1.0,1,13,344
0,control,fused,175,33,9,0.9674927636466097,1,13,344
0,control,fused,176,33,9,0.9821780783319245,1,13,344
0,control,fused,177,33,14,0.9841597796143251,1,11,344
0,control,fused,178,33,14,1.0,1,11,344
0,control,fused,179,33,14,0.9708624708624708,1,11,344
0,control,fused,180,33,14,0.9841597796143251,1,11,344
0,control,fused,181,33,14,0.9924242424242423,1,11,344
0,control,fused,182,33,18,0.8842479102094487,1,13,344
0,control,fused,183,33,18,0.91026302757072,1,13,344
0,control,fused,184,33,18,0.9745879120879122,1,13,344
0,control,fused,205,40,5,0.778034188034188,1,10,347
0,control,fused,206,40,5,0.8041481481481482,1,10,347
0,control,fused,207,40,5,0.664053724053724,1,10,347
0,control,fused,208,40,6,0.5798853320592451,1,11,347
0,control,fused,209,40,6,0.6273491214667686,1,11,347
0,control,fused,210,40,17,0.45747067416710274,1,10,347
0,control,fused,211,40,17,0.4923178698178698,1,10,347
0,control,fused,212,40,17,0.5124335362877498,1,10,347
0,control,fused,213,40,18,0.4325062639801816,3,11,347
0,control,fused,214,40,18,0.88456605782809,1,11,347
0,control,fused,215,40,20,0.33984254992319507,1,10,347
0,control,fused,216,40,20,0.7378296703296703,1,10,347
0,control,fused,217,40,20,0.9069444444444444,1,10,347
0,control,fused,264,64,0,0.2685151112740627,10,8,346
0,control,fused,265,64,0,0.21192866797449375,11,8,346
0,control,fused,266,64,0,0.315384452149158,9,8,346
0,control,fused,267,64,0,0.19666199813258636,10,8,346
0,control,fused,268,64,0,0.24083120184413287,8,8,346
0,control,fused,269,64,0,0.45532159726238675,2,8,346
0,control,fused,270,64,7,0.5728572396529052,1,12,346
0,control,fused,271,64,7,0.5116363407124277,2,12,346
0,control,fused,272,64,21,0.4497048208873226,2,11,346
0,control,fused,273,64,21,0.42939396954677095,4,11,346
0,control,fused,274,64,21,0.46766844266844265,3,11,346
0,control,fused,275,64,22,0.7153000594177065,1,11,346
0,control,fused,276,64,22,0.6604048125787256,1,11,346
0,control,fused,277,64,22,0.6564464501630277,1,11,346
0,control,fused,296,76,9,0.8075757575757576,1,6,352
0,control,fused,297,76,9,0.8819444444444445,1,6,352
0,control,fused,298,76,11,0.8433333333333334,1,5,352
0,control,fused,299,76,11,0.925,1,5,352
0,control,fused,300,76,11,0.6961904761904762,1,5,352
0,control,fused,301,76,12,0.8766666666666667,1,5,352
0,control,fused,302,76,12,0.835,1,5,352
0,control,fused,303,76,12,0.43522727272727274,2,5,352
0,control,fused,318,82,10,0.8333333333333334,1,3,354
0,control,fused,319,82,10,0.9166666666666666,1,3,354
0,control,fused,320,82,10,0.9166666666666666,1,3,354
0,control,fused,321,82,22,0.9166666666666666,1,3,354
0,control,fused,322,82,22,0.6428571428571429,1,3,354
0,control,fused,323,82,22,0.7555555555555555,1,3,354
0,control,fused,346,91,10,0.7777777777777778,1,3,355
0,control,fused,347,91,10,0.21329365079365079,6,3,355
0,control,fused,348,91,13,0.6666666666666666,1,2,355
0,control,fused,349,91,13,0.75,1,2,355
0,control,fused,350,91,13,0.6666666666666666,1,2,355
0,control,fused,373,99,11,0.667777890406004,2,29,329
0,control,fused,374,99,11,0.7990092436723103,1,29,329
0,control,fused,375,99,25,0.8342862976797942,1,24,329
0,control,fused,376,99,25,0.8818612687634427,1,24,329
0,control,fused,377,99,25,0.8853951617643917,1,24,329
0,control,fused,378,99,25,0.886144319361176,1,24,329
0,control,fused,379,99,25,0.83616327032651,1,24,329
0,control,fused,380,99,25,0.8773314943771656,1,24,329
0,control,fused,381,99,25,0.9193244215576111,1,24,329
0,control,fused,382,99,26,0.8850513408087047,1,25,329
0,control,fused,383,99,26,0.9227183292755852,1,25,329
0,control,fused,384,99,26,0.7027328463627669,2,25,329
0,control,fused,385,99,26,0.6115742405271745,2,25,329
0,control,fused,386,99,26,0.7880627249930656,1,25,329
0,control,fused,387,99,26,0.8570901461328156,1,25,329
0,control,fused,388,99,27,0.8670412742232932,1,25,329
0,control,fused,389,99,27,0.8271126529166242,1,25,329
0,control,fused,390,99,27,0.7759276332094344,1,25,329
0,control,fused,391,99,27,0.8219314510912976,1,25,329
0,control,fused,392,99,27,0.6965106452139684,1,25,329
0,control,fused,393,99,27,0.8950149495166773,1,25,329
0,control,fused,394,99,28,0.8597814173129842,1,27,329
0,control,fused,395,99,28,0.8663147788019523,1,27,329
0,control,fused,396,99,28,0.6935410127460117,2,27,329
0,control,fused,397,99,28,0.8652037794298997,1,27,329
0,control,fused,398,99,30,0.7151349834082066,1,25,329
0,control,fused,399,99,30,0.5669606186112538,4,25,329
0,control,fused,400,99,30,0.6051875856344607,1,25,329
0,control,fused,401,99,30,0.6934942087989576,1,25,329
0,control,fused,402,99,30,0.7249975016361141,1,25,329
0,control,fused,403,99,30,0.8051182166658536,1,25,329
0,control,fused,430,109,11,0.045454545454545456,22,1,357
0,control,fused,431,109,11,0.25,4,1,357
0,control,fused,432,109,22,0.19166666666666665,4,2,357
0,control,fused,449,121,12,0.5366479925303455,1,7,351
0,control,fused,450,121,12,0.45470809659314726,1,7,351
0,control,fused,451,121,13,0.3757322366581817,1,7,351
0,control,fused,452,121,13,0.6004594820384294,1,7,351
0,control,fused,453,121,17,0.4113595265494,1,7,351
0,control,fused,454,121,17,0.599108138238573,1,7,351
0,control,fused,455,121,19,0.5501984126984126,1,6,351
0,control,fused,456,121,19,0.5647222222222222,1,6,351
0,control,fused,457,121,19,0.24442229518449032,4,6,351
0,control,fused,490,138,15,0.7375,1,4,354
0,control,fused,491,138,15,0.8611111111111112,1,4,354
0,control,fused,492,138,21,0.677027027027027,1,4,354
0,control,fused,493,138,21,0.427027027027027,2,4,354
0,control,fused,494,138,28,0.31147214854111405,1,4,354
0,control,fused,495,138,28,0.9166666666666666,1,4,354
0,control,fused,520,155,16,1.0,1,3,355
0,control,fused,521,155,16,1.0,1,3,355
0,control,fused,522,155,24,1.0,1,2,355
0,control,fused,523,155,24,1.0,1,2,355
0,control,fused,524,155,24,1.0,1,2,355
0,control,fused,542,165,17,0.09311818449749484,9,4,352
0,control,fused,543,165,17,0.5192307692307693,1,4,352
0,control,fused,544,165,17,0.7071428571428572,1,4,352
0,control,fused,545,165,17,0.19846491228070173,6,4,352
0,control,fused,546,165,19,0.1527777777777778,5,4,352
0,control,fused,547,165,19,0.1652874902874903,5,4,352
0,control,fused,548,165,19,0.10203000150289307,8,4,352
0,control,fused,549,165,19,0.16998462064251538,4,4,352
0,control,fused,574,173,18,1.0,1,4,354
0,control,fused,575,173,18,1.0,1,4,354
0,control,fused,576,173,19,1.0,1,2,354
0,control,fused,577,173,19,1.0,1,2,354
0,control,fused,578,173,19,1.0,1,2,354
0,control,fused,579,173,19,1.0,1,2,354
0,control,fused,620,195,0,0.06285178236397748,13,2,351
0,control,fused,621,195,0,0.07478632478632478,9,2,351
0,control,fused,622,195,0,0.01980108499095841,70,2,351
0,control,fused,623,195,0,0.009721514688402105,151,2,351
0,control,fused,624,195,0,0.021269841269841272,63,2,351
0,control,fused,625,195,0,0.02631578947368421,38,2,351
0,control,fused,626,195,0,0.16346153846153846,4,2,351
0,control,fused,627,195,22,0.08446757046477744,13,7,351
0,control,fused,628,195,22,0.05206458049592046,37,7,351
0,control,fused,696,234,0,0.0064533271940679345,243,3,349
0,control,fused,697,234,0,0.0066823413456411655,255,3,349
0,control,fused,698,234,0,0.00847512702351412,182,3,349
0,control,fused,699,234,0,0.008358416980474638,199,3,349
0,control,fused,700,234,0,0.006973784516078126,238,3,349
0,control,fused,701,234,0,0.0071454879153620985,230,3,349
0,control,fused,702,234,0,0.008026167620342842,213,3,349
0,control,fused,703,234,0,0.006647491867268568,260,3,349
0,control,fused,704,234,27,0.01989131715868541,189,8,349
0,control,fused,705,234,27,0.013974013387618325,238,8,349
0,control,fused,706,234,27,0.016979457483105736,180,8,349
0,control,cnn,0,1,2,0.24358974358974358,3,2,355
0,control,cnn,1,1,2,0.75,1,2,355
0,control,cnn,2,1,2,0.1923076923076923,3,2,355
0,control,cnn,3,1,12,0.14387464387464388,9,3,355
0,control,cnn,4,1,12,0.09974747474747475,12,3,355
0,control,cnn,34,9,0,0.14639552571723968,15,20,332
0,control,cnn,35,9,0,0.24931981749670937,3,20,332
0,control,cnn,36,9,0,0.2714267281150327,5,20,332
0,control,cnn,37,9,0,0.20190839402173508,6,20,332
0,control,cnn,38,9,0,0.19338161185710556,9,20,332
0,control,cnn,39,9,0,0.2401786007168632,4,20,332
0,control,cnn,40,9,0,0.33896041821800066,4,20,332
0,control,cnn,41,9,0,0.11529622127568362,24,20,332
0,control,cnn,42,9,2,0.5251688597029361,1,25,332
0,control,cnn,43,9,2,0.7766929933537425,1,25,332
0,control,cnn,44,9,2,0.8634925111999397,1,25,332
0,control,cnn,45,9,12,0.5223508539364812,1,24,332
0,control,cnn,46,9,12,0.613661908908998,1,24,332
0,control,cnn,47,9,12,0.5547998161997487,1,24,332
0,control,cnn,48,9,12,0.6137121000266514,1,24,332
0,control,cnn,49,9,25,0.6332190567492672,1,23,332
0,control,cnn,50,9,25,0.7159634613947279,1,23,332
0,control,cnn,51,9,25,0.4954461343412605,1,23,332
0,control,cnn,52,9,25,0.6885410418829,1,23,332
0,control,cnn,53,9,25,0.6387602531888159,1,23,332
0,control,cnn,54,9,28,0.48694967288187635,1,20,332
0,control,cnn,55,9,28,0.4548136529888259,1,20,332
0,control,cnn,56,9,28,0.33351385663604105,1,20,332
0,control,cnn,57,9,28,0.6796591991657694,1,20,332
0,control,cnn,58,9,28,0.41925884148129056,1,20,332
0,control,cnn,59,9,28,0.4527008898470443,1,20,332
0,control,cnn,60,9,28,0.5097702903075834,1,20,332
0,control,cnn,61,9,28,0.47849472025799605,1,20,332
0,control,cnn,82,15,2,0.2342668925277621,2,7,350
0,control,cnn,83,15,2,0.28093786295005807,4,7,350
0,control,cnn,84,15,2,0.5338438405665297,1,7,350
0,control,cnn,85,15,12,0.5917439768776781,1,8,350
0,control,cnn,86,15,12,0.5822835917312662,1,8,350
0,control,cnn,87,15,17,0.17104883420672895,3,5,350
0,control,cnn,88,15,17,0.09435909151426393,16,5,350
0,control,cnn,89,15,17,0.2053318903318903,5,5,350
0,control,cnn,90,15,17,0.30012654012654016,6,5,350
0,control,cnn,91,15,17,0.32121212121212117,2,5,350
0,control,cnn,114,21,3,0.15346017304793555,6,7,351
0,control,cnn,115,21,3,0.2245424166476798,5,7,351
0,control,cnn,116,21,30,0.1125,10,2,351
0,control,cnn,117,21,30,0.08680555555555555,16,2,351
0,control,cnn,118,21,30,0.08888888888888888,15,2,351
0,control,cnn,119,21,30,0.047379032258064516,31,2,351
0,control,cnn,120,21,30,0.07539682539682539,18,2,351
0,control,cnn,121,21,30,0.055714285714285716,25,2,351
0,control,cnn,122,21,30,0.08125,16,2,351
0,control,cnn,150,27,4,0.138144397592072,13,6,352
0,control,cnn,151,27,4,0.5467119087808743,1,6,352
0,control,cnn,152,27,25,0.27040816326530615,2,2,352
0,control,cnn,153,27,25,0.0768321513002364,9,2,352
0,control,cnn,154,27,25,0.06227106227106227,13,2,352
0,control,cnn,155,27,25,0.05643879173290938,17,2,352
0,control,cnn,156,27,25,0.09583333333333333,8,2,352
0,control,cnn,157,27,25,0.06631578947368422,19,2,352
0,control,cnn,169,33,4,0.9704231665770127,1,13,344
0,control,cnn,170,33,4,0.9723443223443223,1,13,344
0,control,cnn,171,33,4,0.9422407720484643,1,13,344
0,control,cnn,172,33,5,0.8836257988043703,1,14,344
0,control,cnn,173,33,5,0.9239485556214879,1,14,344
0,control,cnn,174,33,9,0.9855769230769231,1,13,344
0,control,cnn,175,33,9,0.9541838503376965,1,13,344
0,control,cnn,176,33,9,0.9415741121623474,1,13,344
0,control,cnn,177,33,14,0.9198818857909767,1,11,344
0,control,cnn,178,33,14,0.9686586141131596,1,11,344
0,control,cnn,179,33,14,0.8927062836153745,1,11,344
0,control,cnn,180,33,14,0.9135609340154794,1,11,344
0,control,cnn,181,33,14,0.9686586141131596,1,11,344
0,control,cnn,182,33,18,0.8394593654209039,1,13,344
0,control,cnn,183,33,18,0.8948784121861044,1,13,344
0,control,cnn,184,33,18,0.9558091481168405,1,13,344
0,control,cnn,205,40,5,0.6976197788697789,1,10,347
0,control,cnn,206,40,5,0.8045833333333332,1,10,347
0,control,cnn,207,40,5,0.6822874493927126,1,10,347
0,control,cnn,208,40,6,0.5295053926069969,1,11,347
0,control,cnn,209,40,6,0.48603283346106313,1,11,347
0,control,cnn,210,40,17,0.46941816271963327,1,10,347
0,control,cnn,211,40,17,0.49268247788548125,1,10,347
0,control,cnn,212,40,17,0.41030801419566715,1,10,347
0,control,cnn,213,40,18,0.40909506389009725,2,11,347
0,control,cnn,214,40,18,0.859954327968682,1,11,347
0,control,cnn,215,40,20,0.34910267293544034,1,10,347
0,control,cnn,216,40,20,0.7775953721075672,1,10,347
0,control,cnn,217,40,20,0.9454545454545455,1,10,347
0,control,cnn,264,64,0,0.22416735633647397,8,8,346
0,control,cnn,265,64,0,0.20629224841181362,7,8,346
0,control,cnn,266,64,0,0.30546507491550595,9,8,346
0,control,cnn,267,64,0,0.15934200489110534,13,8,346
0,control,cnn,268,64,0,0.2420623053846738,8,8,346
0,control,cnn,269,64,0,0.47742535242535244,2,8,346
0,control,cnn,270,64,7,0.515337708886096,1,12,346
0,control,cnn,271,64,7,0.4719445778545172,2,12,346
0,control,cnn,272,64,21,0.3135680918135279,2,11,346
0,control,cnn,273,64,21,0.42337084954912513,4,11,346
0,control,cnn,274,64,21,0.43353061080333805,3,11,346
0,control,cnn,275,64,22,0.6123119477443442,1,11,346
0,control,cnn,276,64,22,0.671347802529312,1,11,346
0,control,cnn,277,64,22,0.662871682189864,1,11,346
0,control,cnn,296,76,9,0.8486111111111111,1,6,352
0,control,cnn,297,76,9,0.8037037037037037,1,6,352
0,control,cnn,298,76,11,0.7814285714285714,1,5,352
0,control,cnn,299,76,11,0.925,1,5,352
0,control,cnn,300,76,11,0.7861904761904762,1,5,352
0,control,cnn,301,76,12,0.7595238095238095,1,5,352
0,control,cnn,302,76,12,0.8711111111111112,1,5,352
0,control,cnn,303,76,12,0.4198717948717949,2,5,352
0,control,cnn,318,82,10,0.8666666666666667,1,3,354
0,control,cnn,319,82,10,1.0,1,3,354
0,control,cnn,320,82,10,0.8333333333333334,1,3,354
0,control,cnn,321,82,22,0.8055555555555555,1,3,354
0,control,cnn,322,82,22,0.5777777777777778,1,3,354
0,control,cnn,323,82,22,0.7555555555555555,1,3,354
0,control,cnn,346,91,10,0.8666666666666667,1,3,355
0,control,cnn,347,91,10,0.2378167641325536,3,3,355
0,control,cnn,348,91,13,0.75,1,2,355
0,control,cnn,349,91,13,0.39285714285714285,2,2,355
0,control,cnn,350,91,13,0.75,1,2,355
0,control,cnn,373,99,11,0.6777643944010019,2,29,329
0,control,cnn,374,99,11,0.8056986414187368,1,29,329
0,control,cnn,375,99,25,0.8158964346643511,1,24,329
0,control,cnn,376,99,25,0.8651964551983838,1,24,329
0,control,cnn,377,99,25,0.8567181146368115,1,24,329
0,control,cnn,378,99,25,0.8282793983079633,1,24,329
0,control,cnn,379,99,25,0.7913147366474642,1,24,329
0,control,cnn,380,99,25,0.8077247618618458,1,24,329
0,control,cnn,381,99,25,0.8893741202015374,1,24,329
0,control,cnn,382,99,26,0.8740281108812069,1,25,329
0,control,cnn,383,99,26,0.8998747990381645,1,25,329
0,control,cnn,384,99,26,0.6260275542385813,3,25,329
0,control,cnn,385,99,26,0.577293458942849,2,25,329
0,control,cnn,386,99,26,0.7469094327047147,1,25,329
0,control,cnn,387,99,26,0.8237914738684089,1,25,329
0,control,cnn,388,99,27,0.8158623780676565,1,25,329
0,control,cnn,389,99,27,0.7952844909407878,1,25,329
0,control,cnn,390,99,27,0.7325186572918166,2,25,329
0,control,cnn,391,99,27,0.6882644414597163,1,25,329
0,control,cnn,392,99,27,0.6721478578165064,1,25,329
0,control,cnn,393,99,27,0.8514268003521899,1,25,329
0,control,cnn,394,99,28,0.8028271447639505,1,27,329
0,control,cnn,395,99,28,0.7715679558403212,1,27,329
0,control,cnn,396,99,28,0.6570392690758399,2,27,329
0,control,cnn,397,99,28,0.8302374843704128,1,27,329
0,control,cnn,398,99,30,0.674595604096233,2,25,329
0,control,cnn,399,99,30,0.53017309904061,3,25,329
0,control,cnn,400,99,30,0.5473956335614948,2,25,329
0,control,cnn,401,99,30,0.6291686249988604,1,25,329
0,control,cnn,402,99,30,0.6557971178456172,2,25,329
0,control,cnn,403,99,30,0.7658814003995968,1,25,329
0,control,cnn,430,109,11,0.043478260869565216,23,1,357
0,control,cnn,431,109,11,1.0,1,1,357
0,control,cnn,432,109,22,0.24358974358974358,3,2,357
0,control,cnn,449,121,12,0.3823181058993192,1,7,351
0,control,cnn,450,121,12,0.4687439062439062,1,7,351
0,control,cnn,451,121,13,0.3840745894317323,1,7,351
0,control,cnn,452,121,13,0.5824193605747005,1,7,351
0,control,cnn,453,121,17,0.36487246413717,1,7,351
0,control,cnn,454,121,17,0.6760924708866598,1,7,351
0,control,cnn,455,121,19,0.5425057410351528,1,6,351
0,control,cnn,456,121,19,0.5316759066759067,1,6,351
0,control,cnn,457,121,19,0.21306858806858806,6,6,351
0,control,cnn,490,138,15,0.8,1,4,354
0,control,cnn,491,138,15,0.8928571428571428,1,4,354
0,control,cnn,492,138,21,0.61375,1,4,354
0,control,cnn,493,138,21,0.7777777777777778,1,4,354
0,control,cnn,494,138,28,0.13634199134199135,3,4,354
0,control,cnn,495,138,28,0.8166666666666667,1,4,354
0,control,cnn,520,155,16,0.9166666666666666,1,3,355
0,control,cnn,521,155,16,1.0,1,3,355
0,control,cnn,522,155,24,1.0,1,2,355
0,control,cnn,523,155,24,1.0,1,2,355
0,control,cnn,524,155,24,1.0,1,2,355
0,control,cnn,542,165,17,0.06465379280913261,14,4,352
0,control,cnn,543,165,17,0.26435185185185184,3,4,352
0,control,cnn,544,165,17,0.24162087912087912,5,4,352
0,control,cnn,545,165,17,0.11437529255734125,13,4,352
0,control,cnn,546,165,19,0.16634615384615384,4,4,352
0,control,cnn,547,165,19,0.1367826617826618,7,4,352
0,control,cnn,548,165,19,0.09904680683189454,8,4,352
0,control,cnn,549,165,19,0.17302489177489178,3,4,352
0,control,cnn,574,173,18,1.0,1,4,354
0,control,cnn,575,173,18,1.0,1,4,354
0,control,cnn,576,173,19,1.0,1,2,354
0,control,cnn,577,173,19,1.0,1,2,354
0,control,cnn,578,173,19,1.0,1,2,354
0,control,cnn,579,173,19,1.0,1,2,354
0,control,cnn,620,195,0,0.05057471264367816,29,2,351
0,control,cnn,621,195,0,0.08258258258258258,9,2,351
0,control,cnn,622,195,0,0.023684210526315787,38,2,351
0,control,cnn,623,195,0,0.010387879984208448,136,2,351
0,control,cnn,624,195,0,0.018702814001372685,62,2,351
0,control,cnn,625,195,0,0.043697478991596636,17,2,351
0,control,cnn,626,195,0,0.10263157894736842,10,2,351
0,control,cnn,627,195,22,0.06969408492450256,14,7,351
0,control,cnn,628,195,22,0.058600080568375124,29,7,351
0,control,cnn,696,234,0,0.006623042411968931,224,3,349
0,control,cnn,697,234,0,0.006418134917616476,258,3,349
0,control,cnn,698,234,0,0.007175573842240508,220,3,349
0,control,cnn,699,234,0,0.006904713240723992,239,3,349
0,control,cnn,700,234,0,0.00650844117209579,249,3,349
0,control,cnn,701,234,0,0.00678534145528072,253,3,349
0,control,cnn,702,234,0,0.0073836175438256775,218,3,349
0,control,cnn,703,234,0,0.006506650829946683,268,3,349
0,control,cnn,704,234,27,0.017236933077174013,207,8,349
0,control,cnn,705,234,27,0.013430259223972119,261,8,349
0,control,cnn,706,234,27,0.016413870996372894,171,8,349
0,control,transformer,0,1,2,0.15476190476190477,7,2,355
0,control,transformer,1,1,2,0.25,4,2,355
0,control,transformer,2,1,2,0.6,1,2,355
0,control,transformer,3,1,12,0.11441798941798942,8,3,355
0,control,transformer,4,1,12,0.08439363206097487,17,3,355
0,control,transformer,34,9,0,0.13626753966775657,11,20,332
0,control,transformer,35,9,0,0.2387649311088254,1,20,332
0,control,transformer,36,9,0,0.17280240199234656,21,20,332
0,control,transformer,37,9,0,0.1372763453341968,16,20,332
0,control,transformer,38,9,0,0.12328458527792521,25,20,332
0,control,transformer,39,9,0,0.17254998156035592,11,20,332
0,control,transformer,40,9,0,0.45906851496697454,3,20,332
0,control,transformer,41,9,0,0.11259193272396315,11,20,332
0,control,transformer,42,9,2,0.4748468693006155,1,25,332
0,control,transformer,43,9,2,0.8444624683134094,1,25,332
0,control,transformer,44,9,2,0.8228071378692087,1,25,332
0,control,transformer,45,9,12,0.4967439339305469,1,24,332
0,control,transformer,46,9,12,0.5064054692169858,1,24,332
0,control,transformer,47,9,12,0.5467805186323079,1,24,332
0,control,transformer,48,9,12,0.3958578215402608,1,24,332
0,control,transformer,49,9,25,0.5279209258942471,1,23,332
0,control,transformer,50,9,25,0.7034926614584132,1,23,332
0,control,transformer,51,9,25,0.3891227704581393,1,23,332
0,control,transformer,52,9,25,0.6611548083857529,1,23,332
0,control,transformer,53,9,25,0.6031797153008578,1,23,332
0,control,transformer,54,9,28,0.5859964886070708,1,20,332
0,control,transformer,55,9,28,0.4257072717216423,1,20,332
0,control,transformer,56,9,28,0.29979254383528375,1,20,332
0,control,transformer,57,9,28,0.5733258296877823,1,20,332
0,control,transformer,58,9,28,0.3061413266762304,1,20,332
0,control,transformer,59,9,28,0.33182610013121594,1,20,332
0,control,transformer,60,9,28,0.4096557140616155,1,20,332
0,control,transformer,61,9,28,0.37006660566168936,1,20,332
0,control,transformer,82,15,2,0.3491751447129022,1,7,350
0,control,transformer,83,15,2,0.26587301587301587,2,7,350
0,control,transformer,84,15,2,0.5794410268094479,1,7,350
0,control,transformer,85,15,12,0.5515973630831643,1,8,350
0,control,transformer,86,15,12,0.6569444444444444,1,8,350
0,control,transformer,87,15,17,0.12309632432031452,4,5,350
0,control,transformer,88,15,17,0.08736099736099737,12,5,350
0,control,transformer,89,15,17,0.13821195144724557,8,5,350
0,control,transformer,90,15,17,0.37464285714285717,2,5,350
0,control,transformer,91,15,17,0.3861538461538462,1,5,350
0,control,transformer,114,21,3,0.27667834810691955,6,7,351
0,control,transformer,115,21,3,0.3040538437597261,5,7,351
0,control,transformer,116,21,30,0.15476190476190477,7,2,351
0,control,transformer,117,21,30,0.225,5,2,351
0,control,transformer,118,21,30,0.1125,10,2,351
0,control,transformer,119,21,30,0.06272727272727273,22,2,351
0,control,transformer,120,21,30,0.07261904761904761,20,2,351
0,control,transformer,121,21,30,0.14090909090909093,10,2,351
0,control,transformer,122,21,30,0.10555555555555556,10,2,351
0,control,transformer,150,27,4,0.09876264199109618,13,6,352
0,control,transformer,151,27,4,0.4245876836963369,1,6,352
0,control,transformer,152,27,25,0.0506883604505632,17,2,352
0,control,transformer,153,27,25,0.04304029304029304,26,2,352
0,control,transformer,154,27,25,0.05213903743315508,22,2,352
0,control,transformer,155,27,25,0.05083655083655084,21,2,352
0,control,transformer,156,27,25,0.050505050505050504,22,2,352
0,control,transformer,157,27,25,0.053418803418803416,18,2,352
0,control,transformer,169,33,4,1.0,1,13,344
0,control,transformer,170,33,4,1.0,1,13,344
0,control,transformer,171,33,4,1.0,1,13,344
0,control,transformer,172,33,5,0.9786891679748823,1,14,344
0,control,transformer,173,33,5,0.929853083424512,1,14,344
0,control,transformer,174,33,9,1.0,1,13,344
0,control,transformer,175,33,9,0.9945054945054945,1,13,344
0,control,transformer,176,33,9,1.0,1,13,344
0,control,transformer,177,33,14,0.9924242424242423,1,11,344
0,control,transformer,178,33,14,1.0,1,11,344
0,control,transformer,179,33,14,0.9686586141131596,1,11,344
0,control,transformer,180,33,14,0.9924242424242423,1,11,344
0,control,transformer,181,33,14,1.0,1,11,344
0,control,transformer,182,33,18,0.9611846486846486,1,13,344
0,control,transformer,183,33,18,0.9522349445426368,1,13,344
0,control,transformer,184,33,18,0.9723443223443223,1,13,344
0,control,transformer,205,40,5,0.782041690193864,1,10,347
0,control,transformer,206,40,5,0.7947346477052359,1,10,347
0,control,transformer,207,40,5,0.6382968852612816,1,10,347
0,control,transformer,208,40,6,0.44697762711596706,1,11,347
0,control,transformer,209,40,6,0.706200459014982,1,11,347
0,control,transformer,210,40,17,0.5077011910375064,1,10,347
0,control,transformer,211,40,17,0.4679759681909874,1,10,347
0,control,transformer,212,40,17,0.5508231646466941,1,10,347
0,control,transformer,213,40,18,0.3819665549504259,4,11,347
0,control,transformer,214,40,18,0.8742269239711695,1,11,347
0,control,transformer,215,40,20,0.2993363019315832,1,10,347
0,control,transformer,216,40,20,0.5187826588247345,1,10,347
0,control,transformer,217,40,20,0.806969696969697,1,10,347
0,control,transformer,264,64,0,0.2716018642305407,10,8,346
0,control,transformer,265,64,0,0.2609350310637075,10,8,346
0,control,transformer,266,64,0,0.32941782374831907,8,8,346
0,control,transformer,267,64,0,0.21183821155858323,8,8,346
0,control,transformer,268,64,0,0.2762296365914787,8,8,346
0,control,transformer,269,64,0,0.3938920454545455,3,8,346
0,control,transformer,270,64,7,0.6145539537654142,1,12,346
0,control,transformer,271,64,7,0.6645549096636053,1,12,346
0,control,transformer,272,64,21,0.51010101010101,2,11,346
0,control,transformer,273,64,21,0.3677996839761546,6,11,346
0,control,transformer,274,64,21,0.49603107330380053,2,11,346
0,control,transformer,275,64,22,0.6505797092484399,1,11,346
0,control,transformer,276,64,22,0.6221077039258858,1,11,346
0,control,transformer,277,64,22,0.6637920457439175,1,11,346
0,control,transformer,296,76,9,0.625,1,6,352
0,control,transformer,297,76,9,0.6954064454064454,1,6,352
0,control,transformer,298,76,11,0.7433333333333334,1,5,352
0,control,transformer,299,76,11,0.885,1,5,352
0,control,transformer,300,76,11,0.6587301587301587,1,5,352
0,control,transformer,301,76,12,0.7342857142857142,1,5,352
0,control,transformer,302,76,12,0.835,1,5,352
0,control,transformer,303,76,12,0.43272727272727274,2,5,352
0,control,transformer,318,82,10,0.8333333333333334,1,3,354
0,control,transformer,319,82,10,0.8666666666666667,1,3,354
0,control,transformer,320,82,10,1.0,1,3,354
0,control,transformer,321,82,22,0.9166666666666666,1,3,354
0,control,transformer,322,82,22,0.9166666666666666,1,3,354
0,control,transformer,323,82,22,0.8095238095238094,1,3,354
0,control,transformer,346,91,10,0.45138888888888884,2,3,355
0,control,transformer,347,91,10,0.20555555555555557,6,3,355
0,control,transformer,348,91,13,0.225,5,2,355
0,control,transformer,349,91,13,0.08834586466165413,14,2,355
0,control,transformer,350,91,13,0.19090909090909092,5,2,355
0,control,transformer,373,99,11,0.7041809267037163,1,29,329
0,control,transformer,374,99,11,0.7444269147870074,1,29,329
0,control,transformer,375,99,25,0.79071940340077,1,24,329
0,control,transformer,376,99,25,0.8803962206208124,1,24,329
0,control,transformer,377,99,25,0.9134665940435628,1,24,329
0,control,transformer,378,99,25,0.8988195795657813,1,24,329
0,control,transformer,379,99,25,0.7904440164211154,1,24,329
0,control,transformer,380,99,25,0.8361938422892895,1,24,329
0,control,transformer,381,99,25,0.8983602768890676,1,24,329
0,control,transformer,382,99,26,0.8664325194978553,1,25,329
0,control,transformer,383,99,26,0.9224951678295332,1,25,329
0,control,transformer,384,99,26,0.7517235738683838,1,25,329
0,control,transformer,385,99,26,0.6932862888028514,1,25,329
0,control,transformer,386,99,26,0.8205897118873131,1,25,329
0,control,transformer,387,99,26,0.846618775305201,1,25,329
0,control,transformer,388,99,27,0.9048875525022466,1,25,329
0,control,transformer,389,99,27,0.8388455926562997,1,25,329
0,control,transformer,390,99,27,0.814757949011819,1,25,329
0,control,transformer,391,99,27,0.9016833163784627,1,25,329
0,control,transformer,392,99,27,0.7642196269488954,1,25,329
0,control,transformer,393,99,27,0.9247194233020329,1,25,329
0,control,transformer,394,99,28,0.8853662375699699,1,27,329
0,control,transformer,395,99,28,0.8776139137485324,1,27,329
0,control,transformer,396,99,28,0.7858844435320577,2,27,329
0,control,transformer,397,99,28,0.8443322239706716,1,27,329
0,control,transformer,398,99,30,0.7071716688348801,1,25,329
0,control,transformer,399,99,30,0.6190392522399522,3,25,329
0,control,transformer,400,99,30,0.6588465315810018,1,25,329
0,control,transformer,401,99,30,0.7908071951519579,1,25,329
0,control,transformer,402,99,30,0.7986067394892781,1,25,329
0,control,transformer,403,99,30,0.7638485406633546,1,25,329
0,control,transformer,430,109,11,0.02564102564102564,39,1,357
0,control,transformer,431,109,11,0.14285714285714285,7,1,357
0,control,transformer,432,109,22,0.09475806451612903,8,2,357
0,control,transformer,449,121,12,0.41671258667401384,1,7,351
0,control,transformer,450,121,12,0.3211318368781699,1,7,351
0,control,transformer,451,121,13,0.2578138889645364,1,7,351
0,control,transformer,452,121,13,0.5821513550261116,1,7,351
0,control,transformer,453,121,17,0.34841005012498366,1,7,351
0,control,transformer,454,121,17,0.365828171185314,1,7,351
0,control,transformer,455,121,19,0.4133509700176367,1,6,351
0,control,transformer,456,121,19,0.4510006901311249,1,6,351
0,control,transformer,457,121,19,0.1986111111111111,4,6,351
0,control,transformer,490,138,15,0.6072580645161291,1,4,354
0,control,transformer,491,138,15,0.9166666666666666,1,4,354
0,control,transformer,492,138,21,0.6327380952380952,1,4,354
0,control,transformer,493,138,21,0.5054824561403508,2,4,354
0,control,transformer,494,138,28,0.3316832943092741,1,4,354
0,control,transformer,495,138,28,0.875,1,4,354
0,control,transformer,520,155,16,1.0,1,3,355
0,control,transformer,521,155,16,1.0,1,3,355
0,control,transformer,522,155,24,1.0,1,2,355
0,control,transformer,523,155,24,1.0,1,2,355
0,control,transformer,524,155,24,1.0,1,2,355
0,control,transformer,542,165,17,0.102005577005577,9,4,352
0,control,transformer,543,165,17,0.374390243902439,2,4,352
0,control,transformer,544,165,17,0.8166666666666667,1,4,352
0,control,transformer,545,165,17,0.23154761904761906,5,4,352
0,control,transformer,546,165,19,0.11944444444444444,10,4,352
0,control,transformer,547,165,19,0.17586206896551723,3,4,352
0,control,transformer,548,165,19,0.09172077922077922,7,4,352
0,control,transformer,549,165,19,0.13150935025935026,9,4,352
0,control,transformer,574,173,18,1.0,1,4,354
0,control,transformer,575,173,18,1.0,1,4,354
0,control,transformer,576,173,19,1.0,1,2,354
0,control,transformer,577,173,19,1.0,1,2,354
0,control,transformer,578,173,19,1.0,1,2,354
0,control,transformer,579,173,19,1.0,1,2,354
0,control,transformer,620,195,0,0.10846560846560846,7,2,351
0,control,transformer,621,195,0,0.07828282828282829,9,2,351
0,control,transformer,622,195,0,0.024963924963924963,55,2,351
0,control,transformer,623,195,0,0.010711409395973155,125,2,351
0,control,transformer,624,195,0,0.03449292452830188,32,2,351
0,control,transformer,625,195,0,0.018723037100949094,61,2,351
0,control,transformer,626,195,0,0.11666666666666667,6,2,351
0,control,transformer,627,195,22,0.14428872689742253,4,7,351
0,control,transformer,628,195,22,0.06801455720102001,18,7,351
0,control,transformer,696,234,0,0.0065134366702435135,244,3,349
0,control,transformer,697,234,0,0.006694356488134366,265,3,349
0,control,transformer,698,234,0,0.009205748815509413,163,3,349
0,control,transformer,699,234,0,0.009443656523096344,163,3,349
0,control,transformer,700,234,0,0.007728483200181314,212,3,349
0,control,transformer,701,234,0,0.007546403441101527,240,3,349
0,control,transformer,702,234,0,0.009253219790633937,172,3,349
0,control,transformer,703,234,0,0.006842484178950487,237,3,349
0,control,transformer,704,234,27,0.01907503867235738,169,8,349
0,control,transformer,705,234,27,0.0142546281771822,227,8,349
0,control,transformer,706,234,27,0.01799036733787564,155,8,349
0,control,mamba,0,1,2,0.20833333333333331,6,2,355
0,control,mamba,1,1,2,0.3333333333333333,3,2,355
0,control,mamba,2,1,2,0.5476190476190477,1,2,355
0,control,mamba,3,1,12,0.20833333333333334,3,3,355
0,control,mamba,4,1,12,0.11909814323607427,10,3,355
0,control,mamba,34,9,0,0.20702422753965494,8,20,332
0,control,mamba,35,9,0,0.3370297276812703,2,20,332
0,control,mamba,36,9,0,0.27784225899099124,6,20,332
0,control,mamba,37,9,0,0.17507297523210646,17,20,332
0,control,mamba,38,9,0,0.18469810135045892,8,20,332
0,control,mamba,39,9,0,0.2707766422036244,4,20,332
0,control,mamba,40,9,0,0.26552488582171896,6,20,332
0,control,mamba,41,9,0,0.16753213012414087,8,20,332
0,control,mamba,42,9,2,0.4678942398682945,1,25,332
0,control,mamba,43,9,2,0.8320344723127358,1,25,332
0,control,mamba,44,9,2,0.8050571512829867,1,25,332
0,control,mamba,45,9,12,0.7427967349913298,1,24,332
0,control,mamba,46,9,12,0.6297994492250234,1,24,332
0,control,mamba,47,9,12,0.5727860862693639,1,24,332
0,control,mamba,48,9,12,0.6992764833232016,1,24,332
0,control,mamba,49,9,25,0.6403570468052046,1,23,332
0,control,mamba,50,9,25,0.7502161177256524,1,23,332
0,control,mamba,51,9,25,0.47834937650740295,1,23,332
0,control,mamba,52,9,25,0.744786852863568,1,23,332
0,control,mamba,53,9,25,0.6152953397150909,1,23,332
0,control,mamba,54,9,28,0.5390681559147528,1,20,332
0,control,mamba,55,9,28,0.5006219156926442,1,20,332
0,control,mamba,56,9,28,0.305363456205163,1,20,332
0,control,mamba,57,9,28,0.6262935923330779,1,20,332
0,control,mamba,58,9,28,0.46166356650827406,1,20,332
0,control,mamba,59,9,28,0.4462165760137049,1,20,332
0,control,mamba,60,9,28,0.4309494717636239,1,20,332
0,control,mamba,61,9,28,0.4795652244702481,1,20,332
0,control,mamba,82,15,2,0.3761904761904762,1,7,350
0,control,mamba,83,15,2,0.3409142444856731,3,7,350
0,control,mamba,84,15,2,0.7030020703933747,1,7,350
0,control,mamba,85,15,12,0.6110775089605734,1,8,350
0,control,mamba,86,15,12,0.581759715380405,1,8,350
0,control,mamba,87,15,17,0.3170852402745995,1,5,350
0,control,mamba,88,15,17,0.28527616174674997,2,5,350
0,control,mamba,89,15,17,0.23511554621848738,2,5,350
0,control,mamba,90,15,17,0.4282051282051282,2,5,350
0,control,mamba,91,15,17,0.28085497835497836,3,5,350
0,control,mamba,114,21,3,0.13606565639871496,15,7,351
0,control,mamba,115,21,3,0.18207070707070708,8,7,351
0,control,mamba,116,21,30,0.09401709401709402,13,2,351
0,control,mamba,117,21,30,0.07703081232492998,17,2,351
0,control,mamba,118,21,30,0.08095238095238094,15,2,351
0,control,mamba,119,21,30,0.04224137931034483,29,2,351
0,control,mamba,120,21,30,0.04126602564102564,32,2,351
0,control,mamba,121,21,30,0.06847826086956521,20,2,351
0,control,mamba,122,21,30,0.06084656084656084,21,2,351
0,control,mamba,150,27,4,0.1125570160656106,6,6,352
0,control,mamba,151,27,4,0.6136039886039887,1,6,352
0,control,mamba,152,27,25,0.20192307692307693,4,2,352
0,control,mamba,153,27,25,0.06666666666666667,12,2,352
0,control,mamba,154,27,25,0.1285714285714286,5,2,352
0,control,mamba,155,27,25,0.08814102564102563,8,2,352
0,control,mamba,156,27,25,0.19444444444444442,3,2,352
0,control,mamba,157,27,25,0.11036036036036036,6,2,352
0,control,mamba,169,33,4,0.9945054945054945,1,13,344
0,control,mamba,170,33,4,0.9885883347421809,1,13,344
0,control,mamba,171,33,4,0.9885883347421809,1,13,344
0,control,mamba,172,33,5,0.9301405060858842,1,14,344
0,control,mamba,173,33,5,0.8732726442312908,1,14,344
0,control,mamba,174,33,9,1.0,1,13,344
0,control,mamba,175,33,9,0.9493303704842166,1,13,344
0,control,mamba,176,33,9,0.9480682778759703,1,13,344
0,control,mamba,177,33,14,0.9841597796143251,1,11,344
0,control,mamba,178,33,14,1.0,1,11,344
0,control,mamba,179,33,14,0.9649678604224058,1,11,344
0,control,mamba,180,33,14,0.9924242424242423,1,11,344
0,control,mamba,181,33,14,1.0,1,11,344
0,control,mamba,182,33,18,0.7904361663977049,1,13,344
0,control,mamba,183,33,18,0.8619769998729274,1,13,344
0,control,mamba,184,33,18,0.973249506903353,1,13,344
0,control,mamba,205,40,5,0.7349177170868347,1,10,347
0,control,mamba,206,40,5,0.6782012432012432,1,10,347
0,control,mamba,207,40,5,0.6216133866133866,1,10,347
0,control,mamba,208,40,6,0.5603405685223867,1,11,347
0,control,mamba,209,40,6,0.6418569247516616,1,11,347
0,control,mamba,210,40,17,0.39658033835002926,1,10,347
0,control,mamba,211,40,17,0.46073819999169396,1,10,347
0,control,mamba,212,40,17,0.43641145893000344,1,10,347
0,control,mamba,213,40,18,0.4354007566079721,3,11,347
0,control,mamba,214,40,18,0.8374098124098125,1,11,347
0,control,mamba,215,40,20,0.38025933245498467,1,10,347
0,control,mamba,216,40,20,0.6769219286460666,1,10,347
0,control,mamba,217,40,20,0.8241666666666667,1,10,347
0,control,mamba,264,64,0,0.24927287581699348,9,8,346
0,control,mamba,265,64,0,0.14843507300403852,16,8,346
0,control,mamba,266,64,0,0.270152417027417,9,8,346
0,control,mamba,267,64,0,0.1802779250618593,9,8,346
0,control,mamba,268,64,0,0.1533891735504639,8,8,346
0,control,mamba,269,64,0,0.4096178127428127,3,8,346
0,control,mamba,270,64,7,0.5333714531082953,1,12,346
0,control,mamba,271,64,7,0.4302955001371351,2,12,346
0,control,mamba,272,64,21,0.41672420472153865,2,11,346
0,control,mamba,273,64,21,0.3897566265750866,4,11,346
0,control,mamba,274,64,21,0.46421863160993593,3,11,346
0,control,mamba,275,64,22,0.6377946127946128,1,11,346
0,control,mamba,276,64,22,0.6608766233766233,1,11,346
0,control,mamba,277,64,22,0.6509750098386462,1,11,346
0,control,mamba,296,76,9,0.8964646464646465,1,6,352
0,control,mamba,297,76,9,0.8857142857142857,1,6,352
0,control,mamba,298,76,11,0.850909090909091,1,5,352
0,control,mamba,299,76,11,0.925,1,5,352
0,control,mamba,300,76,11,0.6676190476190476,1,5,352
0,control,mamba,301,76,12,0.9666666666666666,1,5,352
0,control,mamba,302,76,12,0.7814285714285714,1,5,352
0,control,mamba,303,76,12,0.4741452991452991,2,5,352
0,control,mamba,318,82,10,0.8333333333333334,1,3,354
0,control,mamba,319,82,10,0.9166666666666666,1,3,354
0,control,mamba,320,82,10,0.6805555555555555,1,3,354
0,control,mamba,321,82,22,0.8055555555555555,1,3,354
0,control,mamba,322,82,22,0.6333333333333333,1,3,354
0,control,mamba,323,82,22,0.7555555555555555,1,3,354
0,control,mamba,346,91,10,0.75,1,3,355
0,control,mamba,347,91,10,0.09163533834586467,16,3,355
0,control,mamba,348,91,13,0.625,1,2,355
0,control,mamba,349,91,13,0.29166666666666663,4,2,355
0,control,mamba,350,91,13,0.5555555555555556,1,2,355
0,control,mamba,373,99,11,0.6541559206896467,2,29,329
0,control,mamba,374,99,11,0.8204725045612042,1,29,329
0,control,mamba,375,99,25,0.8392751103777991,1,24,329
0,control,mamba,376,99,25,0.8738891219043561,1,24,329
0,control,mamba,377,99,25,0.8717195428837696,1,24,329
0,control,mamba,378,99,25,0.8652546730623355,1,24,329
0,control,mamba,379,99,25,0.8629030710872754,1,24,329
0,control,mamba,380,99,25,0.9173468650692979,1,24,329
0,control,mamba,381,99,25,0.9181503356941954,1,24,329
0,control,mamba,382,99,26,0.8877481202152565,1,25,329
0,control,mamba,383,99,26,0.9007046981454042,1,25,329
0,control,mamba,384,99,26,0.7003429164163854,2,25,329
0,control,mamba,385,99,26,0.5949341578802615,1,25,329
0,control,mamba,386,99,26,0.8013065850245523,1,25,329
0,control,mamba,387,99,26,0.8808798353640863,1,25,329
0,control,mamba,388,99,27,0.8396298516322217,1,25,329
0,control,mamba,389,99,27,0.8358918348850882,1,25,329
0,control,mamba,390,99,27,0.7547285369948419,2,25,329
0,control,mamba,391,99,27,0.8063715727433254,1,25,329
0,control,mamba,392,99,27,0.5962683931380245,2,25,329
0,control,mamba,393,99,27,0.8796095712566302,1,25,329
0,control,mamba,394,99,28,0.8881339716035584,1,27,329
0,control,mamba,395,99,28,0.8640946896132645,1,27,329
0,control,mamba,396,99,28,0.6434211532128808,2,27,329
0,control,mamba,397,99,28,0.8686594857592773,1,27,329
0,control,mamba,398,99,30,0.6970637214297706,1,25,329
0,control,mamba,399,99,30,0.5485283003760757,4,25,329
0,control,mamba,400,99,30,0.5925708573787181,1,25,329
0,control,mamba,401,99,30,0.6479254262163068,1,25,329
0,control,mamba,402,99,30,0.6420461694745437,2,25,329
0,control,mamba,403,99,30,0.7695676724233472,1,25,329
0,control,mamba,430,109,11,0.058823529411764705,17,1,357
0,control,mamba,431,109,11,0.125,8,1,357
0,control,mamba,432,109,22,0.20833333333333331,6,2,357
0,control,mamba,449,121,12,0.6019506312952192,1,7,351
0,control,mamba,450,121,12,0.4378788862205491,1,7,351
0,control,mamba,451,121,13,0.4205269567107316,1,7,351
0,control,mamba,452,121,13,0.5790250088274203,1,7,351
0,control,mamba,453,121,17,0.512172603635131,1,7,351
0,control,mamba,454,121,17,0.5412751686502566,1,7,351
0,control,mamba,455,121,19,0.5497990659280981,1,6,351
0,control,mamba,456,121,19,0.5492175049403966,1,6,351
0,control,mamba,457,121,19,0.1720083249688513,11,6,351
0,control,mamba,490,138,15,0.6696428571428571,1,4,354
0,control,mamba,491,138,15,0.6629901960784313,1,4,354
0,control,mamba,492,138,21,0.6319444444444444,1,4,354
0,control,mamba,493,138,21,0.33110119047619047,3,4,354
0,control,mamba,494,138,28,0.31513409961685823,1,4,354
0,control,mamba,495,138,28,0.8928571428571428,1,4,354
0,control,mamba,520,155,16,1.0,1,3,355
0,control,mamba,521,155,16,0.9166666666666666,1,3,355
0,control,mamba,522,155,24,0.8333333333333333,1,2,355
0,control,mamba,523,155,24,1.0,1,2,355
0,control,mamba,524,155,24,1.0,1,2,355
0,control,mamba,542,165,17,0.10380824372759856,9,4,352
0,control,mamba,543,165,17,0.515625,1,4,352
0,control,mamba,544,165,17,0.44424019607843135,2,4,352
0,control,mamba,545,165,17,0.21845238095238095,3,4,352
0,control,mamba,546,165,19,0.1554985754985755,5,4,352
0,control,mamba,547,165,19,0.23583333333333334,4,4,352
0,control,mamba,548,165,19,0.10696691874017455,8,4,352
0,control,mamba,549,165,19,0.26750700280112044,2,4,352
0,control,mamba,574,173,18,1.0,1,4,354
0,control,mamba,575,173,18,1.0,1,4,354
0,control,mamba,576,173,19,1.0,1,2,354
0,control,mamba,577,173,19,1.0,1,2,354
0,control,mamba,578,173,19,1.0,1,2,354
0,control,mamba,579,173,19,1.0,1,2,354
0,control,mamba,620,195,0,0.042270531400966184,18,2,351
0,control,mamba,621,195,0,0.03734567901234568,20,2,351
0,control,mamba,622,195,0,0.014078416298289449,86,2,351
0,control,mamba,623,195,0,0.007967032967032966,156,2,351
0,control,mamba,624,195,0,0.016012909632571994,76,2,351
0,control,mamba,625,195,0,0.022363818090954522,46,2,351
0,control,mamba,626,195,0,0.08472222222222223,8,2,351
0,control,mamba,627,195,22,0.06785922756048528,14,7,351
0,control,mamba,628,195,22,0.03617164109705121,50,7,351
0,control,mamba,696,234,0,0.00652775730175111,266,3,349
0,control,mamba,697,234,0,0.00728864249014767,206,3,349
0,control,mamba,698,234,0,0.009979021073106227,160,3,349
0,control,mamba,699,234,0,0.009920271476210605,151,3,349
0,control,mamba,700,234,0,0.007130671188467697,242,3,349
0,control,mamba,701,234,0,0.007563278330525146,186,3,349
0,control,mamba,702,234,0,0.007952669308636888,221,3,349
0,control,mamba,703,234,0,0.007002403747415402,214,3,349
0,control,mamba,704,234,27,0.022032020081196507,145,8,349
0,control,mamba,705,234,27,0.015088137020346469,224,8,349
0,control,mamba,706,234,27,0.01706274988310435,171,8,349
0,balanced,baseline_only,0,1,2,0.11212121212121212,11,2,355
0,balanced,baseline_only,1,1,2,0.16666666666666666,6,2,355
0,balanced,baseline_only,2,1,2,0.5526315789473684,1,2,355
0,balanced,baseline_only,3,1,12,0.17733990147783252,3,3,355
0,balanced,baseline_only,4,1,12,0.11565678903140203,14,3,355
0,balanced,baseline_only,34,9,0,0.09319529991918611,19,20,332
0,balanced,baseline_only,35,9,0,0.1488556735865631,4,20,332
0,balanced,baseline_only,36,9,0,0.12547371290263704,23,20,332
0,balanced,baseline_only,37,9,0,0.16104928518187506,2,20,332
0,balanced,baseline_only,38,9,0,0.15115011622808935,6,20,332
0,balanced,baseline_only,39,9,0,0.1444030229985197,15,20,332
0,balanced,baseline_only,40,9,0,0.22820036776870536,8,20,332
0,balanced,baseline_only,41,9,0,0.07895834796250546,41,20,332
0,balanced,baseline_only,42,9,2,0.5251834850904038,1,25,332
0,balanced,baseline_only,43,9,2,0.8340714162022692,1,25,332
0,balanced,baseline_only,44,9,2,0.8083077457785428,1,25,332
0,balanced,baseline_only,45,9,12,0.5434468023587644,1,24,332
0,balanced,baseline_only,46,9,12,0.5976270510701925,1,24,332
0,balanced,baseline_only,47,9,12,0.6879815738712,1,24,332
0,balanced,baseline_only,48,9,12,0.45550483924474655,1,24,332
0,balanced,baseline_only,49,9,25,0.49058692085977357,1,23,332
0,balanced,baseline_only,50,9,25,0.6158922961447476,1,23,332
0,balanced,baseline_only,51,9,25,0.4906141114950439,1,23,332
0,balanced,baseline_only,52,9,25,0.6231682988613894,1,23,332
0,balanced,baseline_only,53,9,25,0.553262725252142,1,23,332
0,balanced,baseline_only,54,9,28,0.532141987445125,1,20,332
0,balanced,baseline_only,55,9,28,0.40496279058889817,1,20,332
0,balanced,baseline_only,56,9,28,0.3115938205393691,1,20,332
0,balanced,baseline_only,57,9,28,0.5529286661980375,1,20,332
0,balanced,baseline_only,58,9,28,0.37965361191138247,1,20,332
0,balanced,baseline_only,59,9,28,0.4112110131536076,1,20,332
0,balanced,baseline_only,60,9,28,0.386362530718806,1,20,332
0,balanced,baseline_only,61,9,28,0.3675232624821846,1,20,332
0,balanced,baseline_only,82,15,2,0.15699769582350523,4,7,350
0,balanced,baseline_only,83,15,2,0.20688203351516046,5,7,350
0,balanced,baseline_only,84,15,2,0.4866580866580867,1,7,350
0,balanced,baseline_only,85,15,12,0.3979256854256854,2,8,350
0,balanced,baseline_only,86,15,12,0.44160436024003097,1,8,350
0,balanced,baseline_only,87,15,17,0.14415584415584415,3,5,350
0,balanced,baseline_only,88,15,17,0.07480083641848348,17,5,350
0,balanced,baseline_only,89,15,17,0.14826530612244898,3,5,350
0,balanced,baseline_only,90,15,17,0.2537029637029637,4,5,350
0,balanced,baseline_only,91,15,17,0.20418318523581683,5,5,350
0,balanced,baseline_only,114,21,3,0.13061994662938511,11,7,351
0,balanced,baseline_only,115,21,3,0.13712408853604868,8,7,351
0,balanced,baseline_only,116,21,30,0.04564102564102564,25,2,351
0,balanced,baseline_only,117,21,30,0.05626780626780627,26,2,351
0,balanced,baseline_only,118,21,30,0.034417344173441736,41,2,351
0,balanced,baseline_only,119,21,30,0.028820116054158608,47,2,351
0,balanced,baseline_only,120,21,30,0.02620841180163214,54,2,351
0,balanced,baseline_only,121,21,30,0.040625,32,2,351
0,balanced,baseline_only,122,21,30,0.038157894736842106,38,2,351
0,balanced,baseline_only,150,27,4,0.12895299145299147,9,6,352
0,balanced,baseline_only,151,27,4,0.5801587301587302,1,6,352
0,balanced,baseline_only,152,27,25,0.09999999999999999,7,2,352
0,balanced,baseline_only,153,27,25,0.034722222222222224,36,2,352
0,balanced,baseline_only,154,27,25,0.04880952380952381,21,2,352
0,balanced,baseline_only,155,27,25,0.04206349206349206,35,2,352
0,balanced,baseline_only,156,27,25,0.03954175905395418,33,2,352
0,balanced,baseline_only,157,27,25,0.04643206256109482,31,2,352
0,balanced,baseline_only,169,33,4,1.0,1,13,344
0,balanced,baseline_only,170,33,4,1.0,1,13,344
0,balanced,baseline_only,171,33,4,1.0,1,13,344
0,balanced,baseline_only,172,33,5,0.8816711183307823,1,14,344
0,balanced,baseline_only,173,33,5,0.9387816548530834,1,14,344
0,balanced,baseline_only,174,33,9,0.9945054945054945,1,13,344
0,balanced,baseline_only,175,33,9,0.9751850713389175,1,13,344
0,balanced,baseline_only,176,33,9,0.9885883347421809,1,13,344
0,balanced,baseline_only,177,33,14,0.9516705516705517,1,11,344
0,balanced,baseline_only,178,33,14,0.9750688705234161,1,11,344
0,balanced,baseline_only,179,33,14,0.9342069546615,1,11,344
0,balanced,baseline_only,180,33,14,0.8953791158336614,1,11,344
0,balanced,baseline_only,181,33,14,0.9442325351416261,1,11,344
0,balanced,baseline_only,182,33,18,0.864220909809145,1,13,344
0,balanced,baseline_only,183,33,18,0.9156870906870906,1,13,344
0,balanced,baseline_only,184,33,18,0.9681776556776557,1,13,344
0,balanced,baseline_only,205,40,5,0.7588028024606972,1,10,347
0,balanced,baseline_only,206,40,5,0.7143646893646893,1,10,347
0,balanced,baseline_only,207,40,5,0.7181699346405229,1,10,347
0,balanced,baseline_only,208,40,6,0.6457431457431457,1,11,347
0,balanced,baseline_only,209,40,6,0.9406172110717566,1,11,347
0,balanced,baseline_only,210,40,17,0.42913648419129735,1,10,347
0,balanced,baseline_only,211,40,17,0.21009802795270777,4,10,347
0,balanced,baseline_only,212,40,17,0.4707916524380241,1,10,347
0,balanced,baseline_only,213,40,18,0.5488275613275614,1,11,347
0,balanced,baseline_only,214,40,18,0.9679144385026738,1,11,347
0,balanced,baseline_only,215,40,20,0.4394851845143607,1,10,347
0,balanced,baseline_only,216,40,20,0.6543650793650794,1,10,347
0,balanced,baseline_only,217,40,20,0.8800000000000001,1,10,347
0,balanced,baseline_only,264,64,0,0.15371476037991466,18,8,346
0,balanced,baseline_only,265,64,0,0.13763353617308993,18,8,346
0,balanced,baseline_only,266,64,0,0.2881431519976412,7,8,346
0,balanced,baseline_only,267,64,0,0.11872394908471286,16,8,346
0,balanced,baseline_only,268,64,0,0.2047684587446416,7,8,346
0,balanced,baseline_only,269,64,0,0.47426739926739925,2,8,346
0,balanced,baseline_only,270,64,7,0.6297728594361721,1,12,346
0,balanced,baseline_only,271,64,7,0.5454863484468747,1,12,346
0,balanced,baseline_only,272,64,21,0.44896908646908645,4,11,346
0,balanced,baseline_only,273,64,21,0.3330049004080568,4,11,346
0,balanced,baseline_only,274,64,21,0.4869972830200103,4,11,346
0,balanced,baseline_only,275,64,22,0.6596549914731733,1,11,346
0,balanced,baseline_only,276,64,22,0.6229978354978355,2,11,346
0,balanced,baseline_only,277,64,22,0.6306561798273028,1,11,346
0,balanced,baseline_only,296,76,9,0.7529461279461279,1,6,352
0,balanced,baseline_only,297,76,9,0.7049242424242425,1,6,352
0,balanced,baseline_only,298,76,11,0.8761904761904763,1,5,352
0,balanced,baseline_only,299,76,11,0.8761904761904763,1,5,352
0,balanced,baseline_only,300,76,11,0.5425,1,5,352
0,balanced,baseline_only,301,76,12,0.6775757575757575,1,5,352
0,balanced,baseline_only,302,76,12,0.8099999999999999,1,5,352
0,balanced,baseline_only,303,76,12,0.4333333333333333,2,5,352
0,balanced,baseline_only,318,82,10,0.8333333333333334,1,3,354
0,balanced,baseline_only,319,82,10,0.8666666666666667,1,3,354
0,balanced,baseline_only,320,82,10,0.8666666666666667,1,3,354
0,balanced,baseline_only,321,82,22,0.7000000000000001,1,3,354
0,balanced,baseline_only,322,82,22,0.8666666666666667,1,3,354
0,balanced,baseline_only,323,82,22,0.7222222222222222,1,3,354
0,balanced,baseline_only,346,91,10,0.8055555555555555,1,3,355
0,balanced,baseline_only,347,91,10,0.20643939393939395,4,3,355
0,balanced,baseline_only,348,91,13,0.31666666666666665,2,2,355
0,balanced,baseline_only,349,91,13,0.3088235294117647,2,2,355
0,balanced,baseline_only,350,91,13,0.7,1,2,355
0,balanced,baseline_only,373,99,11,0.7018556745918013,1,29,329
0,balanced,baseline_only,374,99,11,0.6913258184747447,1,29,329
0,balanced,baseline_only,375,99,25,0.674231566212362,1,24,329
0,balanced,baseline_only,376,99,25,0.7735608076296555,1,24,329
0,balanced,baseline_only,377,99,25,0.9316044737504137,1,24,329
0,balanced,baseline_only,378,99,25,0.8215596426195377,1,24,329
0,balanced,baseline_only,379,99,25,0.8327027927334586,1,24,329
0,balanced,baseline_only,380,99,25,0.8028152906233864,1,24,329
0,balanced,baseline_only,381,99,25,0.8721818935063904,1,24,329
0,balanced,baseline_only,382,99,26,0.855350380692486,1,25,329
0,balanced,baseline_only,383,99,26,0.930169264069264,1,25,329
0,balanced,baseline_only,384,99,26,0.8156309450692271,1,25,329
0,balanced,baseline_only,385,99,26,0.7068710317015057,1,25,329
0,balanced,baseline_only,386,99,26,0.7650705475102781,1,25,329
0,balanced,baseline_only,387,99,26,0.7838359617669487,1,25,329
0,balanced,baseline_only,388,99,27,0.7305114441043216,1,25,329
0,balanced,baseline_only,389,99,27,0.8148939341816511,1,25,329
0,balanced,baseline_only,390,99,27,0.8516816491833364,1,25,329
0,balanced,baseline_only,391,99,27,0.8665481163262203,1,25,329
0,balanced,baseline_only,392,99,27,0.7053593994674248,1,25,329
0,balanced,baseline_only,393,99,27,0.8212631118389805,1,25,329
0,balanced,baseline_only,394,99,28,0.821604569497461,1,27,329
0,balanced,baseline_only,395,99,28,0.888918299257791,1,27,329
0,balanced,baseline_only,396,99,28,0.7402999853387657,2,27,329
0,balanced,baseline_only,397,99,28,0.8152274975989748,1,27,329
0,balanced,baseline_only,398,99,30,0.8002049428407138,1,25,329
0,balanced,baseline_only,399,99,30,0.8723107925176237,1,25,329
0,balanced,baseline_only,400,99,30,0.7841925092174991,1,25,329
0,balanced,baseline_only,401,99,30,0.808415631608427,1,25,329
0,balanced,baseline_only,402,99,30,0.8208325793531377,1,25,329
0,balanced,baseline_only,403,99,30,0.7070309159499777,1,25,329
0,balanced,baseline_only,430,109,11,0.021739130434782608,46,1,357
0,balanced,baseline_only,431,109,11,0.037037037037037035,27,1,357
0,balanced,baseline_only,432,109,22,0.05626780626780627,26,2,357
0,balanced,baseline_only,449,121,12,0.41954619362762363,1,7,351
0,balanced,baseline_only,450,121,12,0.45494505494505494,1,7,351
0,balanced,baseline_only,451,121,13,0.3524090425316092,1,7,351
0,balanced,baseline_only,452,121,13,0.4927154195011338,1,7,351
0,balanced,baseline_only,453,121,17,0.36225482235334455,1,7,351
0,balanced,baseline_only,454,121,17,0.4886125570336097,1,7,351
0,balanced,baseline_only,455,121,19,0.4685483870967742,1,6,351
0,balanced,baseline_only,456,121,19,0.40014568764568764,1,6,351
0,balanced,baseline_only,457,121,19,0.1636492630738155,4,6,351
0,balanced,baseline_only,490,138,15,0.575187969924812,1,4,354
0,balanced,baseline_only,491,138,15,0.6803030303030303,1,4,354
0,balanced,baseline_only,492,138,21,0.675,1,4,354
0,balanced,baseline_only,493,138,21,0.18510452961672474,7,4,354
0,balanced,baseline_only,494,138,28,0.3489583333333333,1,4,354
0,balanced,baseline_only,495,138,28,0.7589285714285714,1,4,354
0,balanced,baseline_only,520,155,16,1.0,1,3,355
0,balanced,baseline_only,521,155,16,1.0,1,3,355
0,balanced,baseline_only,522,155,24,1.0,1,2,355
0,balanced,baseline_only,523,155,24,1.0,1,2,355
0,balanced,baseline_only,524,155,24,1.0,1,2,355
0,balanced,baseline_only,542,165,17,0.10237781542129368,9,4,352
0,balanced,baseline_only,543,165,17,0.32172619047619044,3,4,352
0,balanced,baseline_only,544,165,17,0.283768315018315,6,4,352
0,balanced,baseline_only,545,165,17,0.14027777777777778,5,4,352
0,balanced,baseline_only,546,165,19,0.09305323299888517,8,4,352
0,balanced,baseline_only,547,165,19,0.09649192096000607,13,4,352
0,balanced,baseline_only,548,165,19,0.07000482845919952,15,4,352
0,balanced,baseline_only,549,165,19,0.125,5,4,352
0,balanced,baseline_only,574,173,18,1.0,1,4,354
0,balanced,baseline_only,575,173,18,1.0,1,4,354
0,balanced,baseline_only,576,173,19,1.0,1,2,354
0,balanced,baseline_only,577,173,19,1.0,1,2,354
0,balanced,baseline_only,578,173,19,1.0,1,2,354
0,balanced,baseline_only,579,173,19,1.0,1,2,354
0,balanced,baseline_only,620,195,0,0.04945054945054945,21,2,351
0,balanced,baseline_only,621,195,0,0.03901515151515152,24,2,351
0,balanced,baseline_only,622,195,0,0.015038444142921756,67,2,351
0,balanced,baseline_only,623,195,0,0.010446570972886763,114,2,351
0,balanced,baseline_only,624,195,0,0.014425072644250726,73,2,351
0,balanced,baseline_only,625,195,0,0.016361950185479597,68,2,351
0,balanced,baseline_only,626,195,0,0.1111111111111111,9,2,351
0,balanced,baseline_only,627,195,22,0.06470721209084507,12,7,351
0,balanced,baseline_only,628,195,22,0.03590321313004689,56,7,351
0,balanced,baseline_only,696,234,0,0.00642328665287849,234,3,349
0,balanced,baseline_only,697,234,0,0.006172703095780018,275,3,349
0,balanced,baseline_only,698,234,0,0.007563587684069613,166,3,349
0,balanced,baseline_only,699,234,0,0.007940997788632111,150,3,349
0,balanced,baseline_only,700,234,0,0.0067116400459109335,211,3,349
0,balanced,baseline_only,701,234,0,0.0069238896363844615,227,3,349
0,balanced,baseline_only,702,234,0,0.007367871484133779,172,3,349
0,balanced,baseline_only,703,234,0,0.0066242760951309015,204,3,349
0,balanced,baseline_only,704,234,27,0.016108253310440968,219,8,349
0,balanced,baseline_only,705,234,27,0.01591780753654936,208,8,349
0,balanced,baseline_only,706,234,27,0.019582927746476936,171,8,349
0,balanced,fused,0,1,2,0.2361111111111111,4,2,355
0,balanced,fused,1,1,2,0.5,2,2,355
0,balanced,fused,2,1,2,0.5454545454545454,1,2,355
0,balanced,fused,3,1,12,0.13968253968253966,7,3,355
0,balanced,fused,4,1,12,0.09477124183006536,15,3,355
0,balanced,fused,34,9,0,0.18176777643505573,8,20,332
0,balanced,fused,35,9,0,0.3352946880164568,1,20,332
0,balanced,fused,36,9,0,0.2519366185483016,12,20,332
0,balanced,fused,37,9,0,0.17830082330560673,14,20,332
0,balanced,fused,38,9,0,0.174051967939344,10,20,332
0,balanced,fused,39,9,0,0.24772105245658554,5,20,332
0,balanced,fused,40,9,0,0.41123808791859656,3,20,332
0,balanced,fused,41,9,0,0.14502755732149852,17,20,332
0,balanced,fused,42,9,2,0.5265469399778847,1,25,332
0,balanced,fused,43,9,2,0.8561860580583303,1,25,332
0,balanced,fused,44,9,2,0.8667665675115398,1,25,332
0,balanced,fused,45,9,12,0.626861941187788,1,24,332
0,balanced,fused,46,9,12,0.6172662001780492,1,24,332
0,balanced,fused,47,9,12,0.6002034974571459,1,24,332
0,balanced,fused,48,9,12,0.623033761245065,1,24,332
0,balanced,fused,49,9,25,0.626976274814535,1,23,332
0,balanced,fused,50,9,25,0.7290035285082107,1,23,332
0,balanced,fused,51,9,25,0.4626343976406415,1,23,332
0,balanced,fused,52,9,25,0.7195746243714567,1,23,332
0,balanced,fused,53,9,25,0.6373060956347146,1,23,332
0,balanced,fused,54,9,28,0.5653073751418051,1,20,332
0,balanced,fused,55,9,28,0.47666534405851635,1,20,332
0,balanced,fused,56,9,28,0.32977397138494746,1,20,332
0,balanced,fused,57,9,28,0.6381416264610632,1,20,332
0,balanced,fused,58,9,28,0.41586792912691867,1,20,332
0,balanced,fused,59,9,28,0.4315027936454873,1,20,332
0,balanced,fused,60,9,28,0.4468327267617789,1,20,332
0,balanced,fused,61,9,28,0.451221843627691,1,20,332
0,balanced,fused,82,15,2,0.2856846295830585,2,7,350
0,balanced,fused,83,15,2,0.33496063115628333,3,7,350
0,balanced,fused,84,15,2,0.6533464998902787,1,7,350
0,balanced,fused,85,15,12,0.6131213450292398,1,8,350
0,balanced,fused,86,15,12,0.6077117327117327,1,8,350
0,balanced,fused,87,15,17,0.298069961227856,1,5,350
0,balanced,fused,88,15,17,0.14564772917714094,5,5,350
0,balanced,fused,89,15,17,0.18694293204275053,4,5,350
0,balanced,fused,90,15,17,0.30796536796536794,5,5,350
0,balanced,fused,91,15,17,0.3158333333333333,2,5,350
0,balanced,fused,114,21,3,0.19318758707976638,8,7,351
0,balanced,fused,115,21,3,0.2567669172932331,6,7,351
0,balanced,fused,116,21,30,0.11212121212121212,11,2,351
0,balanced,fused,117,21,30,0.12698412698412698,9,2,351
0,balanced,fused,118,21,30,0.08888888888888888,15,2,351
0,balanced,fused,119,21,30,0.04976851851851852,27,2,351
0,balanced,fused,120,21,30,0.06666666666666667,20,2,351
0,balanced,fused,121,21,30,0.08596491228070174,15,2,351
0,balanced,fused,122,21,30,0.07670454545454546,16,2,351
0,balanced,fused,150,27,4,0.11654691827400444,8,6,352
0,balanced,fused,151,27,4,0.6092395587076438,1,6,352
0,balanced,fused,152,27,25,0.10368663594470046,7,2,352
0,balanced,fused,153,27,25,0.04957160342717258,19,2,352
0,balanced,fused,154,27,25,0.06869369369369369,12,2,352
0,balanced,fused,155,27,25,0.05397727272727273,22,2,352
0,balanced,fused,156,27,25,0.0928030303030303,8,2,352
0,balanced,fused,157,27,25,0.06559139784946236,15,2,352
0,balanced,fused,169,33,4,1.0,1,13,344
0,balanced,fused,170,33,4,1.0,1,13,344
0,balanced,fused,171,33,4,1.0,1,13,344
0,balanced,fused,172,33,5,0.9257187373784012,1,14,344
0,balanced,fused,173,33,5,0.8934585256013827,1,14,344
0,balanced,fused,174,33,9,1.0,1,13,344
0,balanced,fused,175,33,9,0.9674927636466097,1,13,344
0,balanced,fused,176,33,9,0.9821780783319245,1,13,344
0,balanced,fused,177,33,14,0.9841597796143251,1,11,344
0,balanced,fused,178,33,14,1.0,1,11,344
0,balanced,fused,179,33,14,0.9708624708624708,1,11,344
0,balanced,fused,180,33,14,0.9841597796143251,1,11,344
0,balanced,fused,181,33,14,0.9924242424242423,1,11,344
0,balanced,fused,182,33,18,0.8894926654542039,1,13,344
0,balanced,fused,183,33,18,0.91026302757072,1,13,344
0,balanced,fused,184,33,18,0.9745879120879122,1,13,344
0,balanced,fused,205,40,5,0.778034188034188,1,10,347
0,balanced,fused,206,40,5,0.8153703703703703,1,10,347
0,balanced,fused,207,40,5,0.6647077042198993,1,10,347
0,balanced,fused,208,40,6,0.5798853320592451,1,11,347
0,balanced,fused,209,40,6,0.6391576832753304,1,11,347
0,balanced,fused,210,40,17,0.45188559437152787,1,10,347
0,balanced,fused,211,40,17,0.4911364770228711,1,10,347
0,balanced,fused,212,40,17,0.5106521481620074,1,10,347
0,balanced,fused,213,40,18,0.4092854623203847,3,11,347
0,balanced,fused,214,40,18,0.8839761248852157,1,11,347
0,balanced,fused,215,40,20,0.34204563258233206,1,10,347
0,balanced,fused,216,40,20,0.7340551605257487,1,10,347
0,balanced,fused,217,40,20,0.9109267040149392,1,10,347
0,balanced,fused,264,64,0,0.2666211718801233,10,8,346
0,balanced,fused,265,64,0,0.2234274368068539,10,8,346
0,balanced,fused,266,64,0,0.315384452149158,9,8,346
0,balanced,fused,267,64,0,0.19313346960405783,10,8,346
0,balanced,fused,268,64,0,0.24708650950498776,8,8,346
0,balanced,fused,269,64,0,0.45532159726238675,2,8,346
0,balanced,fused,270,64,7,0.563899428458252,1,12,346
0,balanced,fused,271,64,7,0.5108855899616769,2,12,346
0,balanced,fused,272,64,21,0.45607788688002593,2,11,346
0,balanced,fused,273,64,21,0.42967722734469144,4,11,346
0,balanced,fused,274,64,21,0.46927877068942897,3,11,346
0,balanced,fused,275,64,22,0.7086491345849635,1,11,346
0,balanced,fused,276,64,22,0.6622014349287076,1,11,346
0,balanced,fused,277,64,22,0.6564464501630277,1,11,346
0,balanced,fused,296,76,9,0.8075757575757576,1,6,352
0,balanced,fused,297,76,9,0.8819444444444445,1,6,352
0,balanced,fused,298,76,11,0.8433333333333334,1,5,352
0,balanced,fused,299,76,11,0.925,1,5,352
0,balanced,fused,300,76,11,0.6961904761904762,1,5,352
0,balanced,fused,301,76,12,0.8528571428571429,1,5,352
0,balanced,fused,302,76,12,0.8528571428571429,1,5,352
0,balanced,fused,303,76,12,0.43522727272727274,2,5,352
0,balanced,fused,318,82,10,0.8333333333333334,1,3,354
0,balanced,fused,319,82,10,0.9166666666666666,1,3,354
0,balanced,fused,320,82,10,0.9166666666666666,1,3,354
0,balanced,fused,321,82,22,0.9166666666666666,1,3,354
0,balanced,fused,322,82,22,0.6428571428571429,1,3,354
0,balanced,fused,323,82,22,0.7555555555555555,1,3,354
0,balanced,fused,346,91,10,0.7777777777777778,1,3,355
0,balanced,fused,347,91,10,0.2096171802054155,6,3,355
0,balanced,fused,348,91,13,0.6666666666666666,1,2,355
0,balanced,fused,349,91,13,0.5833333333333333,2,2,355
0,balanced,fused,350,91,13,0.6666666666666666,1,2,355
0,balanced,fused,373,99,11,0.6716822976587319,2,29,329
0,balanced,fused,374,99,11,0.8031641203909051,1,29,329
0,balanced,fused,375,99,25,0.8398244410160493,1,24,329
0,balanced,fused,376,99,25,0.8842623034013194,1,24,329
0,balanced,fused,377,99,25,0.8888042526734826,1,24,329
0,balanced,fused,378,99,25,0.8878987053260884,1,24,329
0,balanced,fused,379,99,25,0.8342989632784462,1,24,329
0,balanced,fused,380,99,25,0.876431680008359,1,24,329
0,balanced,fused,381,99,25,0.9195187989036911,1,24,329
0,balanced,fused,382,99,26,0.8850513408087047,1,25,329
0,balanced,fused,383,99,26,0.9236800998565704,1,25,329
0,balanced,fused,384,99,26,0.7187382426720563,1,25,329
0,balanced,fused,385,99,26,0.6149792937609262,2,25,329
0,balanced,fused,386,99,26,0.7944436773740179,1,25,329
0,balanced,fused,387,99,26,0.8597061166138122,1,25,329
0,balanced,fused,388,99,27,0.872708930825614,1,25,329
0,balanced,fused,389,99,27,0.82893275873673,1,25,329
0,balanced,fused,390,99,27,0.7767609665427676,1,25,329
0,balanced,fused,391,99,27,0.8103164904353758,1,25,329
0,balanced,fused,392,99,27,0.6949477977415235,1,25,329
0,balanced,fused,393,99,27,0.8993811284619442,1,25,329
0,balanced,fused,394,99,28,0.8641121643973544,1,27,329
0,balanced,fused,395,99,28,0.8722924861083249,1,27,329
0,balanced,fused,396,99,28,0.7020096321775106,2,27,329
0,balanced,fused,397,99,28,0.8673642732570601,1,27,329
0,balanced,fused,398,99,30,0.7227799361820597,1,25,329
0,balanced,fused,399,99,30,0.5677960560629487,4,25,329
0,balanced,fused,400,99,30,0.6036213278182029,1,25,329
0,balanced,fused,401,99,30,0.7037519962405514,1,25,329
0,balanced,fused,402,99,30,0.7324715296027384,1,25,329
0,balanced,fused,403,99,30,0.8069095301143101,1,25,329
0,balanced,fused,430,109,11,0.041666666666666664,24,1,357
0,balanced,fused,431,109,11,0.25,4,1,357
0,balanced,fused,432,109,22,0.19166666666666665,4,2,357
0,balanced,fused,449,121,12,0.5439677593195716,1,7,351
0,balanced,fused,450,121,12,0.45048741356378036,1,7,351
0,balanced,fused,451,121,13,0.37884716514094713,1,7,351
0,balanced,fused,452,121,13,0.5993929217256523,1,7,351
0,balanced,fused,453,121,17,0.42474404543370065,1,7,351
0,balanced,fused,454,121,17,0.598500091457838,1,7,351
0,balanced,fused,455,121,19,0.5501754385964912,1,6,351
0,balanced,fused,456,121,19,0.5616501594762464,1,6,351
0,balanced,fused,457,121,19,0.22088747664195232,4,6,351
0,balanced,fused,490,138,15,0.6976190476190476,1,4,354
0,balanced,fused,491,138,15,0.8928571428571428,1,4,354
0,balanced,fused,492,138,21,0.677027027027027,1,4,354
0,balanced,fused,493,138,21,0.38611111111111107,3,4,354
0,balanced,fused,494,138,28,0.30980629539951576,1,4,354
0,balanced,fused,495,138,28,0.9166666666666666,1,4,354
0,balanced,fused,520,155,16,1.0,1,3,355
0,balanced,fused,521,155,16,1.0,1,3,355
0,balanced,fused,522,155,24,1.0,1,2,355
0,balanced,fused,523,155,24,1.0,1,2,355
0,balanced,fused,524,155,24,1.0,1,2,355
0,balanced,fused,542,165,17,0.09614176002254632,9,4,352
0,balanced,fused,543,165,17,0.545,1,4,352
0,balanced,fused,544,165,17,0.7182539682539683,1,4,352
0,balanced,fused,545,165,17,0.2065972222222222,6,4,352
0,balanced,fused,546,165,19,0.15499557913351017,5,4,352
0,balanced,fused,547,165,19,0.20475781845919144,3,4,352
0,balanced,fused,548,165,19,0.11087251356238698,7,4,352
0,balanced,fused,549,165,19,0.1915291915291915,3,4,352
0,balanced,fused,574,173,18,1.0,1,4,354
0,balanced,fused,575,173,18,1.0,1,4,354
0,balanced,fused,576,173,19,1.0,1,2,354
0,balanced,fused,577,173,19,1.0,1,2,354
0,balanced,fused,578,173,19,1.0,1,2,354
0,balanced,fused,579,173,19,1.0,1,2,354
0,balanced,fused,620,195,0,0.08055555555555555,9,2,351
0,balanced,fused,621,195,0,0.09316770186335403,7,2,351
0,balanced,fused,622,195,0,0.02261904761904762,60,2,351
0,balanced,fused,623,195,0,0.010348820379215515,141,2,351
0,balanced,fused,624,195,0,0.02472929470295581,51,2,351
0,balanced,fused,625,195,0,0.027777777777777776,36,2,351
0,balanced,fused,626,195,0,0.20512820512820512,3,2,351
0,balanced,fused,627,195,22,0.08788738570775848,13,7,351
0,balanced,fused,628,195,22,0.05399238589488137,36,7,351
0,balanced,fused,696,234,0,0.006405112735661411,245,3,349
0,balanced,fused,697,234,0,0.006700361550306404,253,3,349
0,balanced,fused,698,234,0,0.008511088391087343,184,3,349
0,balanced,fused,699,234,0,0.00840691080953185,201,3,349
0,balanced,fused,700,234,0,0.006930809122505737,238,3,349
0,balanced,fused,701,234,0,0.0071260454216811875,230,3,349
0,balanced,fused,702,234,0,0.008047139221087131,215,3,349
0,balanced,fused,703,234,0,0.00665141121913635,261,3,349
0,balanced,fused,704,234,27,0.019930586533521956,186,8,349
0,balanced,fused,705,234,27,0.013956621242027008,234,8,349
0,balanced,fused,706,234,27,0.016770347660509482,180,8,349
0,balanced,cnn,0,1,2,0.23809523809523808,3,2,355
0,balanced,cnn,1,1,2,0.6666666666666666,1,2,355
0,balanced,cnn,2,1,2,0.19105691056910568,3,2,355
0,balanced,cnn,3,1,12,0.14387464387464388,9,3,355
0,balanced,cnn,4,1,12,0.09949723479135243,13,3,355
0,balanced,cnn,34,9,0,0.16347434102886493,9,20,332
0,balanced,cnn,35,9,0,0.3157235574637277,3,20,332
0,balanced,cnn,36,9,0,0.3145135941647697,4,20,332
0,balanced,cnn,37,9,0,0.2207022537140943,4,20,332
0,balanced,cnn,38,9,0,0.23094481593831215,8,20,332
0,balanced,cnn,39,9,0,0.2714851609560687,4,20,332
0,balanced,cnn,40,9,0,0.376163108026193,4,20,332
0,balanced,cnn,41,9,0,0.12500309794018244,27,20,332
0,balanced,cnn,42,9,2,0.5191102235059316,1,25,332
0,balanced,cnn,43,9,2,0.7734876357662596,1,25,332
0,balanced,cnn,44,9,2,0.8599635231916474,1,25,332
0,balanced,cnn,45,9,12,0.5477575853309561,1,24,332
0,balanced,cnn,46,9,12,0.6288838460617322,1,24,332
0,balanced,cnn,47,9,12,0.5680343883787934,1,24,332
0,balanced,cnn,48,9,12,0.6329300870298202,1,24,332
0,balanced,cnn,49,9,25,0.6515032540010216,1,23,332
0,balanced,cnn,50,9,25,0.7234851438723117,1,23,332
0,balanced,cnn,51,9,25,0.49742205417334456,1,23,332
0,balanced,cnn,52,9,25,0.7053665483724861,1,23,332
0,balanced,cnn,53,9,25,0.6770013405714662,1,23,332
0,balanced,cnn,54,9,28,0.5184611512479275,1,20,332
0,balanced,cnn,55,9,28,0.4559641663763528,1,20,332
0,balanced,cnn,56,9,28,0.330318059199046,1,20,332
0,balanced,cnn,57,9,28,0.6876464325522071,1,20,332
0,balanced,cnn,58,9,28,0.4232125325329842,1,20,332
0,balanced,cnn,59,9,28,0.4572861129140315,1,20,332
0,balanced,cnn,60,9,28,0.5294024035881283,1,20,332
0,balanced,cnn,61,9,28,0.5015436239123555,1,20,332
0,balanced,cnn,82,15,2,0.23874794713669395,2,7,350
0,balanced,cnn,83,15,2,0.2813484035103682,4,7,350
0,balanced,cnn,84,15,2,0.5355467944753659,1,7,350
0,balanced,cnn,85,15,12,0.5917439768776781,1,8,350
0,balanced,cnn,86,15,12,0.5836218762385252,1,8,350
0,balanced,cnn,87,15,17,0.13607519931049344,6,5,350
0,balanced,cnn,88,15,17,0.09617727333244575,16,5,350
0,balanced,cnn,89,15,17,0.21706349206349204,4,5,350
0,balanced,cnn,90,15,17,0.30012654012654016,6,5,350
0,balanced,cnn,91,15,17,0.28211875843454787,3,5,350
0,balanced,cnn,114,21,3,0.166423267735819,6,7,351
0,balanced,cnn,115,21,3,0.23938075230092037,5,7,351
0,balanced,cnn,116,21,30,0.11437908496732026,9,2,351
0,balanced,cnn,117,21,30,0.08680555555555555,16,2,351
0,balanced,cnn,118,21,30,0.09453781512605042,14,2,351
0,balanced,cnn,119,21,30,0.04791666666666666,30,2,351
0,balanced,cnn,120,21,30,0.07539682539682539,18,2,351
0,balanced,cnn,121,21,30,0.05654761904761904,24,2,351
0,balanced,cnn,122,21,30,0.08571428571428572,14,2,351
0,balanced,cnn,150,27,4,0.13742217534787193,13,6,352
0,balanced,cnn,151,27,4,0.5139790764790765,1,6,352
0,balanced,cnn,152,27,25,0.27,2,2,352
0,balanced,cnn,153,27,25,0.06673114119922631,11,2,352
0,balanced,cnn,154,27,25,0.06285178236397748,13,2,352
0,balanced,cnn,155,27,25,0.059027777777777776,16,2,352
0,balanced,cnn,156,27,25,0.09003831417624521,9,2,352
0,balanced,cnn,157,27,25,0.06203007518796992,19,2,352
0,balanced,cnn,169,33,4,0.9557605855682779,1,13,344
0,balanced,cnn,170,33,4,0.9787545787545787,1,13,344
0,balanced,cnn,171,33,4,0.9422407720484643,1,13,344
0,balanced,cnn,172,33,5,0.8957660395160395,1,14,344
0,balanced,cnn,173,33,5,0.9239485556214879,1,14,344
0,balanced,cnn,174,33,9,0.9796597633136095,1,13,344
0,balanced,cnn,175,33,9,0.9541838503376965,1,13,344
0,balanced,cnn,176,33,9,0.9368732574614926,1,13,344
0,balanced,cnn,177,33,14,0.9198818857909767,1,11,344
0,balanced,cnn,178,33,14,0.9617715617715618,1,11,344
0,balanced,cnn,179,33,14,0.8868787777878687,1,11,344
0,balanced,cnn,180,33,14,0.9135609340154794,1,11,344
0,balanced,cnn,181,33,14,0.9686586141131596,1,11,344
0,balanced,cnn,182,33,18,0.8394593654209039,1,13,344
0,balanced,cnn,183,33,18,0.9003024753024753,1,13,344
0,balanced,cnn,184,33,18,0.9558091481168405,1,13,344
0,balanced,cnn,205,40,5,0.7107013574660633,1,10,347
0,balanced,cnn,206,40,5,0.8219827586206897,1,10,347
0,balanced,cnn,207,40,5,0.678734335839599,1,10,347
0,balanced,cnn,208,40,6,0.5375220038532732,1,11,347
0,balanced,cnn,209,40,6,0.48407996403924963,1,11,347
0,balanced,cnn,210,40,17,0.4677800949050949,1,10,347
0,balanced,cnn,211,40,17,0.4937987093242933,1,10,347
0,balanced,cnn,212,40,17,0.41230029439187155,1,10,347
0,balanced,cnn,213,40,18,0.39639767796813635,2,11,347
0,balanced,cnn,214,40,18,0.8723599632690541,1,11,347
0,balanced,cnn,215,40,20,0.36022569606235666,1,10,347
0,balanced,cnn,216,40,20,0.8004824561403507,1,10,347
0,balanced,cnn,217,40,20,0.9476190476190476,1,10,347
0,balanced,cnn,264,64,0,0.2436614039555216,8,8,346
0,balanced,cnn,265,64,0,0.21468677552437143,6,8,346
0,balanced,cnn,266,64,0,0.306696602009102,9,8,346
0,balanced,cnn,267,64,0,0.16218914772093193,13,8,346
0,balanced,cnn,268,64,0,0.25127462084698926,8,8,346
0,balanced,cnn,269,64,0,0.48917748917748916,2,8,346
0,balanced,cnn,270,64,7,0.5154015474137426,1,12,346
0,balanced,cnn,271,64,7,0.45147420238452757,2,12,346
0,balanced,cnn,272,64,21,0.3201630997341632,2,11,346
0,balanced,cnn,273,64,21,0.43390476008303563,4,11,346
0,balanced,cnn,274,64,21,0.43001869622064315,3,11,346
0,balanced,cnn,275,64,22,0.5801176494956399,1,11,346
0,balanced,cnn,276,64,22,0.6711801521362649,1,11,346
0,balanced,cnn,277,64,22,0.6844801662983481,1,11,346
0,balanced,cnn,296,76,9,0.8375,1,6,352
0,balanced,cnn,297,76,9,0.8037037037037037,1,6,352
0,balanced,cnn,298,76,11,0.7814285714285714,1,5,352
0,balanced,cnn,299,76,11,0.925,1,5,352
0,balanced,cnn,300,76,11,0.7861904761904762,1,5,352
0,balanced,cnn,301,76,12,0.8261904761904763,1,5,352
0,balanced,cnn,302,76,12,0.7944444444444445,1,5,352
0,balanced,cnn,303,76,12,0.4276315789473684,2,5,352
0,balanced,cnn,318,82,10,0.8666666666666667,1,3,354
0,balanced,cnn,319,82,10,1.0,1,3,354
0,balanced,cnn,320,82,10,0.8333333333333334,1,3,354
0,balanced,cnn,321,82,22,0.8055555555555555,1,3,354
0,balanced,cnn,322,82,22,0.5666666666666667,1,3,354
0,balanced,cnn,323,82,22,0.7555555555555555,1,3,354
0,balanced,cnn,346,91,10,0.8333333333333334,1,3,355
0,balanced,cnn,347,91,10,0.23063973063973062,3,3,355
0,balanced,cnn,348,91,13,0.6428571428571428,1,2,355
0,balanced,cnn,349,91,13,0.375,2,2,355
0,balanced,cnn,350,91,13,0.75,1,2,355
0,balanced,cnn,373,99,11,0.6801731741573882,2,29,329
0,balanced,cnn,374,99,11,0.8101663626153363,1,29,329
0,balanced,cnn,375,99,25,0.8185191724595581,1,24,329
0,balanced,cnn,376,99,25,0.8657498681704686,1,24,329
0,balanced,cnn,377,99,25,0.8553358292665231,1,24,329
0,balanced,cnn,378,99,25,0.8218742354911548,1,24,329
0,balanced,cnn,379,99,25,0.7925877182970774,1,24,329
0,balanced,cnn,380,99,25,0.8078864089915304,1,24,329
0,balanced,cnn,381,99,25,0.897026733288933,1,24,329
0,balanced,cnn,382,99,26,0.8854499106531812,1,25,329
0,balanced,cnn,383,99,26,0.8939284859495348,1,25,329
0,balanced,cnn,384,99,26,0.6218167955930399,3,25,329
0,balanced,cnn,385,99,26,0.5761947624675987,2,25,329
0,balanced,cnn,386,99,26,0.7399059591068388,1,25,329
0,balanced,cnn,387,99,26,0.8299485755097884,1,25,329
0,balanced,cnn,388,99,27,0.811968430099353,1,25,329
0,balanced,cnn,389,99,27,0.8000915296537089,1,25,329
0,balanced,cnn,390,99,27,0.7327692624055048,2,25,329
0,balanced,cnn,391,99,27,0.6875181153947367,1,25,329
0,balanced,cnn,392,99,27,0.6683751462305508,1,25,329
0,balanced,cnn,393,99,27,0.8567578974174717,1,25,329
0,balanced,cnn,394,99,28,0.8029197648329299,1,27,329
0,balanced,cnn,395,99,28,0.7680001948164199,1,27,329
0,balanced,cnn,396,99,28,0.6574680705859494,2,27,329
0,balanced,cnn,397,99,28,0.8331332922662206,1,27,329
0,balanced,cnn,398,99,30,0.675599815437677,2,25,329
0,balanced,cnn,399,99,30,0.5253561312064009,4,25,329
0,balanced,cnn,400,99,30,0.5396537553419042,2,25,329
0,balanced,cnn,401,99,30,0.6231277895941946,1,25,329
0,balanced,cnn,402,99,30,0.6547941312896896,2,25,329
0,balanced,cnn,403,99,30,0.7671248502306078,1,25,329
0,balanced,cnn,430,109,11,0.041666666666666664,24,1,357
0,balanced,cnn,431,109,11,1.0,1,1,357
0,balanced,cnn,432,109,22,0.34090909090909094,2,2,357
0,balanced,cnn,449,121,12,0.389843911956588,1,7,351
0,balanced,cnn,450,121,12,0.4689875950380152,1,7,351
0,balanced,cnn,451,121,13,0.38563539599604335,1,7,351
0,balanced,cnn,452,121,13,0.5562407446786093,1,7,351
0,balanced,cnn,453,121,17,0.377585076583825,1,7,351
0,balanced,cnn,454,121,17,0.6755548364780576,1,7,351
0,balanced,cnn,455,121,19,0.540954415954416,1,6,351
0,balanced,cnn,456,121,19,0.5481366459627329,1,6,351
0,balanced,cnn,457,121,19,0.2082122139351055,6,6,351
0,balanced,cnn,490,138,15,0.8,1,4,354
0,balanced,cnn,491,138,15,0.8928571428571428,1,4,354
0,balanced,cnn,492,138,21,0.6133578431372549,1,4,354
0,balanced,cnn,493,138,21,0.782258064516129,1,4,354
0,balanced,cnn,494,138,28,0.13507936507936508,3,4,354
0,balanced,cnn,495,138,28,0.8541666666666666,1,4,354
0,balanced,cnn,520,155,16,0.9166666666666666,1,3,355
0,balanced,cnn,521,155,16,1.0,1,3,355
0,balanced,cnn,522,155,24,1.0,1,2,355
0,balanced,cnn,523,155,24,1.0,1,2,355
0,balanced,cnn,524,155,24,1.0,1,2,355
0,balanced,cnn,542,165,17,0.06423437673437674,14,4,352
0,balanced,cnn,543,165,17,0.3075,2,4,352
0,balanced,cnn,544,165,17,0.26085164835164837,5,4,352
0,balanced,cnn,545,165,17,0.12361111111111112,9,4,352
0,balanced,cnn,546,165,19,0.2280448717948718,2,4,352
0,balanced,cnn,547,165,19,0.1343036274070757,7,4,352
0,balanced,cnn,548,165,19,0.11242678889737713,7,4,352
0,balanced,cnn,549,165,19,0.17586580086580086,3,4,352
0,balanced,cnn,574,173,18,1.0,1,4,354
0,balanced,cnn,575,173,18,1.0,1,4,354
0,balanced,cnn,576,173,19,1.0,1,2,354
0,balanced,cnn,577,173,19,1.0,1,2,354
0,balanced,cnn,578,173,19,1.0,1,2,354
0,balanced,cnn,579,173,19,1.0,1,2,354
0,balanced,cnn,620,195,0,0.05714285714285714,21,2,351
0,balanced,cnn,621,195,0,0.10084033613445378,7,2,351
0,balanced,cnn,622,195,0,0.027529761904761904,32,2,351
0,balanced,cnn,623,195,0,0.011236277947008448,127,2,351
0,balanced,cnn,624,195,0,0.021286031042128603,55,2,351
0,balanced,cnn,625,195,0,0.04595588235294118,16,2,351
0,balanced,cnn,626,195,0,0.13025210084033612,7,2,351
0,balanced,cnn,627,195,22,0.07043199847338055,13,7,351
0,balanced,cnn,628,195,22,0.058382813888848854,28,7,351
0,balanced,cnn,696,234,0,0.0065150354460162445,231,3,349
0,balanced,cnn,697,234,0,0.006395218164397744,259,3,349
0,balanced,cnn,698,234,0,0.007101014245772538,233,3,349
0,balanced,cnn,699,234,0,0.006780550659902497,253,3,349
0,balanced,cnn,700,234,0,0.006392879062426935,256,3,349
0,balanced,cnn,701,234,0,0.006717298636245809,255,3,349
0,balanced,cnn,702,234,0,0.00736784318179667,225,3,349
0,balanced,cnn,703,234,0,0.006502027108405688,269,3,349
0,balanced,cnn,704,234,27,0.017430204856298766,213,8,349
0,balanced,cnn,705,234,27,0.013433202773096975,260,8,349
0,balanced,cnn,706,234,27,0.01630761968658093,179,8,349
0,balanced,transformer,0,1,2,0.1534090909090909,8,2,355
0,balanced,transformer,1,1,2,0.2361111111111111,4,2,355
0,balanced,transformer,2,1,2,0.5909090909090909,1,2,355
0,balanced,transformer,3,1,12,0.10855683269476372,9,3,355
0,balanced,transformer,4,1,12,0.09497354497354497,15,3,355
0,balanced,transformer,34,9,0,0.13851371427936712,11,20,332
0,balanced,transformer,35,9,0,0.2424155432904742,1,20,332
0,balanced,transformer,36,9,0,0.17157938904790185,22,20,332
0,balanced,transformer,37,9,0,0.13577355360565202,15,20,332
0,balanced,transformer,38,9,0,0.12308428010203928,26,20,332
0,balanced,transformer,39,9,0,0.182609206692961,8,20,332
0,balanced,transformer,40,9,0,0.4761093179102575,3,20,332
0,balanced,transformer,41,9,0,0.11962743350924261,10,20,332
0,balanced,transformer,42,9,2,0.46956716640862034,1,25,332
0,balanced,transformer,43,9,2,0.837701800957614,1,25,332
0,balanced,transformer,44,9,2,0.8183052331935781,1,25,332
0,balanced,transformer,45,9,12,0.4827388294021558,1,24,332
0,balanced,transformer,46,9,12,0.49782193572924527,1,24,332
0,balanced,transformer,47,9,12,0.5429432424699964,1,24,332
0,balanced,transformer,48,9,12,0.3703539356872498,1,24,332
0,balanced,transformer,49,9,25,0.5328454527062323,1,23,332
0,balanced,transformer,50,9,25,0.7118707540568109,1,23,332
0,balanced,transformer,51,9,25,0.3888819656589031,1,23,332
0,balanced,transformer,52,9,25,0.6635138508768196,1,23,332
0,balanced,transformer,53,9,25,0.601308857880872,1,23,332
0,balanced,transformer,54,9,28,0.5818846131285957,1,20,332
0,balanced,transformer,55,9,28,0.42114963088488067,1,20,332
0,balanced,transformer,56,9,28,0.2994943445699961,1,20,332
0,balanced,transformer,57,9,28,0.5694050234647087,1,20,332
0,balanced,transformer,58,9,28,0.30318791551191054,1,20,332
0,balanced,transformer,59,9,28,0.33292022545990013,1,20,332
0,balanced,transformer,60,9,28,0.4140869984889801,1,20,332
0,balanced,transformer,61,9,28,0.3695917827876346,1,20,332
0,balanced,transformer,82,15,2,0.34426338980114723,1,7,350
0,balanced,transformer,83,15,2,0.2632598493943032,2,7,350
0,balanced,transformer,84,15,2,0.5794410268094479,1,7,350
0,balanced,transformer,85,15,12,0.5532058189655172,1,8,350
0,balanced,transformer,86,15,12,0.6589955280357758,1,8,350
0,balanced,transformer,87,15,17,0.11321600855764583,5,5,350
0,balanced,transformer,88,15,17,0.08617775364695857,12,5,350
0,balanced,transformer,89,15,17,0.13271245271245272,9,5,350
0,balanced,transformer,90,15,17,0.3063095238095238,5,5,350
0,balanced,transformer,91,15,17,0.39898989898989895,1,5,350
0,balanced,transformer,114,21,3,0.29783074068788357,6,7,351
0,balanced,transformer,115,21,3,0.3160204081632653,5,7,351
0,balanced,transformer,116,21,30,0.14835164835164835,7,2,351
0,balanced,transformer,117,21,30,0.225,5,2,351
0,balanced,transformer,118,21,30,0.12698412698412698,9,2,351
0,balanced,transformer,119,21,30,0.06173913043478261,23,2,351
0,balanced,transformer,120,21,30,0.07886904761904762,16,2,351
0,balanced,transformer,121,21,30,0.14090909090909093,10,2,351
0,balanced,transformer,122,21,30,0.10555555555555556,10,2,351
0,balanced,transformer,150,27,4,0.1017155928446251,12,6,352
0,balanced,transformer,151,27,4,0.42318266337874183,1,6,352
0,balanced,transformer,152,27,25,0.05347222222222223,16,2,352
0,balanced,transformer,153,27,25,0.04177433247200689,27,2,352
0,balanced,transformer,154,27,25,0.05213903743315508,22,2,352
0,balanced,transformer,155,27,25,0.05064102564102564,20,2,352
0,balanced,transformer,156,27,25,0.04836829836829837,22,2,352
0,balanced,transformer,157,27,25,0.053418803418803416,18,2,352
0,balanced,transformer,169,33,4,1.0,1,13,344
0,balanced,transformer,170,33,4,1.0,1,13,344
0,balanced,transformer,171,33,4,1.0,1,13,344
0,balanced,transformer,172,33,5,0.9786891679748823,1,14,344
0,balanced,transformer,173,33,5,0.934889713461142,1,14,344
0,balanced,transformer,174,33,9,1.0,1,13,344
0,balanced,transformer,175,33,9,0.9945054945054945,1,13,344
0,balanced,transformer,176,33,9,1.0,1,13,344
0,balanced,transformer,177,33,14,0.9924242424242423,1,11,344
0,balanced,transformer,178,33,14,1.0,1,11,344
0,balanced,transformer,179,33,14,0.9686586141131596,1,11,344
0,balanced,transformer,180,33,14,0.9924242424242423,1,11,344
0,balanced,transformer,181,33,14,1.0,1,11,344
0,balanced,transformer,182,33,18,0.9611846486846486,1,13,344
0,balanced,transformer,183,33,18,0.9669202592279516,1,13,344
0,balanced,transformer,184,33,18,0.9723443223443223,1,13,344
0,balanced,transformer,205,40,5,0.7826980231082615,1,10,347
0,balanced,transformer,206,40,5,0.7725091575091575,1,10,347
0,balanced,transformer,207,40,5,0.6396956276763579,1,10,347
0,balanced,transformer,208,40,6,0.4404841206224605,1,11,347
0,balanced,transformer,209,40,6,0.7111591367009323,1,11,347
0,balanced,transformer,210,40,17,0.4948362723400205,1,10,347
0,balanced,transformer,211,40,17,0.43284248021582333,1,10,347
0,balanced,transformer,212,40,17,0.5694042962929853,1,10,347
0,balanced,transformer,213,40,18,0.36742785999503585,5,11,347
0,balanced,transformer,214,40,18,0.8540249037691493,1,11,347
0,balanced,transformer,215,40,20,0.2899735080495659,1,10,347
0,balanced,transformer,216,40,20,0.5162467001597436,1,10,347
0,balanced,transformer,217,40,20,0.7894605394605395,1,10,347
0,balanced,transformer,264,64,0,0.27157897045764695,10,8,346
0,balanced,transformer,265,64,0,0.2619430955798366,10,8,346
0,balanced,transformer,266,64,0,0.32941782374831907,8,8,346
0,balanced,transformer,267,64,0,0.21007413781870304,8,8,346
0,balanced,transformer,268,64,0,0.27704210027158943,8,8,346
0,balanced,transformer,269,64,0,0.3938920454545455,3,8,346
0,balanced,transformer,270,64,7,0.6132153207584242,1,12,346
0,balanced,transformer,271,64,7,0.6669053370140327,1,12,346
0,balanced,transformer,272,64,21,0.511138157824266,2,11,346
0,balanced,transformer,273,64,21,0.36458263958263953,6,11,346
0,balanced,transformer,274,64,21,0.492266721713362,2,11,346
0,balanced,transformer,275,64,22,0.655523887876829,1,11,346
0,balanced,transformer,276,64,22,0.617445699263881,1,11,346
0,balanced,transformer,277,64,22,0.6605240718877082,1,11,346
0,balanced,transformer,296,76,9,0.5930555555555556,1,6,352
0,balanced,transformer,297,76,9,0.6954064454064454,1,6,352
0,balanced,transformer,298,76,11,0.7433333333333334,1,5,352
0,balanced,transformer,299,76,11,0.9028571428571428,1,5,352
0,balanced,transformer,300,76,11,0.6587301587301587,1,5,352
0,balanced,transformer,301,76,12,0.7342857142857142,1,5,352
0,balanced,transformer,302,76,12,0.835,1,5,352
0,balanced,transformer,303,76,12,0.43939393939393934,2,5,352
0,balanced,transformer,318,82,10,0.8333333333333334,1,3,354
0,balanced,transformer,319,82,10,0.8666666666666667,1,3,354
0,balanced,transformer,320,82,10,1.0,1,3,354
0,balanced,transformer,321,82,22,0.8666666666666667,1,3,354
0,balanced,transformer,322,82,22,1.0,1,3,354
0,balanced,transformer,323,82,22,0.8095238095238094,1,3,354
0,balanced,transformer,346,91,10,0.44771241830065356,2,3,355
0,balanced,transformer,347,91,10,0.2333333333333333,5,3,355
0,balanced,transformer,348,91,13,0.225,5,2,355
0,balanced,transformer,349,91,13,0.08928571428571427,12,2,355
0,balanced,transformer,350,91,13,0.2159090909090909,4,2,355
0,balanced,transformer,373,99,11,0.700063751148444,1,29,329
0,balanced,transformer,374,99,11,0.7487291259857703,1,29,329
0,balanced,transformer,375,99,25,0.7956457986404645,1,24,329
0,balanced,transformer,376,99,25,0.8791304894479604,1,24,329
0,balanced,transformer,377,99,25,0.9134665940435628,1,24,329
0,balanced,transformer,378,99,25,0.8969874083257153,1,24,329
0,balanced,transformer,379,99,25,0.7898965566345252,1,24,329
0,balanced,transformer,380,99,25,0.8390733433838212,1,24,329
0,balanced,transformer,381,99,25,0.9015809335858088,1,24,329
0,balanced,transformer,382,99,26,0.871354243317412,1,25,329
0,balanced,transformer,383,99,26,0.9262249206002067,1,25,329
0,balanced,transformer,384,99,26,0.7545576776730759,1,25,329
0,balanced,transformer,385,99,26,0.7163008897829697,1,25,329
0,balanced,transformer,386,99,26,0.8214096762366891,1,25,329
0,balanced,transformer,387,99,26,0.8409838620999217,1,25,329
0,balanced,transformer,388,99,27,0.9060046985216,1,25,329
0,balanced,transformer,389,99,27,0.8396641450669421,1,25,329
0,balanced,transformer,390,99,27,0.8167394689933389,1,25,329
0,balanced,transformer,391,99,27,0.9027415174366638,1,25,329
0,balanced,transformer,392,99,27,0.7654489397118688,1,25,329
0,balanced,transformer,393,99,27,0.9282279336522216,1,25,329
0,balanced,transformer,394,99,28,0.8895932914308091,1,27,329
0,balanced,transformer,395,99,28,0.8816758557935356,1,27,329
0,balanced,transformer,396,99,28,0.7908613920762576,2,27,329
0,balanced,transformer,397,99,28,0.8440091100332167,1,27,329
0,balanced,transformer,398,99,30,0.7189665556202067,1,25,329
0,balanced,transformer,399,99,30,0.6305381526722874,3,25,329
0,balanced,transformer,400,99,30,0.6623902646042872,1,25,329
0,balanced,transformer,401,99,30,0.8062797607457415,1,25,329
0,balanced,transformer,402,99,30,0.8059682270337877,1,25,329
0,balanced,transformer,403,99,30,0.7605264676881219,1,25,329
0,balanced,transformer,430,109,11,0.02702702702702703,37,1,357
0,balanced,transformer,431,109,11,0.14285714285714285,7,1,357
0,balanced,transformer,432,109,22,0.09375,8,2,357
0,balanced,transformer,449,121,12,0.41526672599165154,1,7,351
0,balanced,transformer,450,121,12,0.31412815893587304,1,7,351
0,balanced,transformer,451,121,13,0.2541332993247887,1,7,351
0,balanced,transformer,452,121,13,0.5445427859811421,1,7,351
0,balanced,transformer,453,121,17,0.3568474957550588,1,7,351
0,balanced,transformer,454,121,17,0.3656336888044205,1,7,351
0,balanced,transformer,455,121,19,0.4114023499269401,1,6,351
0,balanced,transformer,456,121,19,0.4509793044275803,1,6,351
0,balanced,transformer,457,121,19,0.17479964207905385,5,6,351
0,balanced,transformer,490,138,15,0.6004398826979472,1,4,354
0,balanced,transformer,491,138,15,0.875,1,4,354
0,balanced,transformer,492,138,21,0.5952380952380952,1,4,354
0,balanced,transformer,493,138,21,0.5048076923076923,2,4,354
0,balanced,transformer,494,138,28,0.33081486182989944,1,4,354
0,balanced,transformer,495,138,28,0.875,1,4,354
0,balanced,transformer,520,155,16,1.0,1,3,355
0,balanced,transformer,521,155,16,1.0,1,3,355
0,balanced,transformer,522,155,24,1.0,1,2,355
0,balanced,transformer,523,155,24,1.0,1,2,355
0,balanced,transformer,524,155,24,1.0,1,2,355
0,balanced,transformer,542,165,17,0.10238095238095238,9,4,352
0,balanced,transformer,543,165,17,0.5006410256410256,1,4,352
0,balanced,transformer,544,165,17,0.8166666666666667,1,4,352
0,balanced,transformer,545,165,17,0.24583333333333335,5,4,352
0,balanced,transformer,546,165,19,0.1232195224130708,10,4,352
0,balanced,transformer,547,165,19,0.18156565656565657,3,4,352
0,balanced,transformer,548,165,19,0.09870164281928988,6,4,352
0,balanced,transformer,549,165,19,0.14027777777777778,8,4,352
0,balanced,transformer,574,173,18,1.0,1,4,354
0,balanced,transformer,575,173,18,1.0,1,4,354
0,balanced,transformer,576,173,19,1.0,1,2,354
0,balanced,transformer,577,173,19,1.0,1,2,354
0,balanced,transformer,578,173,19,1.0,1,2,354
0,balanced,transformer,579,173,19,1.0,1,2,354
0,balanced,transformer,620,195,0,0.10714285714285714,7,2,351
0,balanced,transformer,621,195,0,0.08689024390243902,8,2,351
0,balanced,transformer,622,195,0,0.027615780445969122,53,2,351
0,balanced,transformer,623,195,0,0.01130952380952381,120,2,351
0,balanced,transformer,624,195,0,0.039968652037617555,29,2,351
0,balanced,transformer,625,195,0,0.019564414913252122,63,2,351
0,balanced,transformer,626,195,0,0.13333333333333333,5,2,351
0,balanced,transformer,627,195,22,0.16660856092001983,3,7,351
0,balanced,transformer,628,195,22,0.07064667566160736,19,7,351
0,balanced,transformer,696,234,0,0.006660828490300666,237,3,349
0,balanced,transformer,697,234,0,0.006795865481616946,261,3,349
0,balanced,transformer,698,234,0,0.009667447597320829,152,3,349
0,balanced,transformer,699,234,0,0.009845837370679884,151,3,349
0,balanced,transformer,700,234,0,0.00791625858530408,209,3,349
0,balanced,transformer,701,234,0,0.007831802812269716,227,3,349
0,balanced,transformer,702,234,0,0.009558009926362318,157,3,349
0,balanced,transformer,703,234,0,0.007114063690556227,222,3,349
0,balanced,transformer,704,234,27,0.019313386442335045,167,8,349
0,balanced,transformer,705,234,27,0.014525751480414547,216,8,349
0,balanced,transformer,706,234,27,0.01818630977076227,150,8,349
0,balanced,mamba,0,1,2,0.20833333333333331,6,2,355
0,balanced,mamba,1,1,2,0.325,4,2,355
0,balanced,mamba,2,1,2,0.5476190476190477,1,2,355
0,balanced,mamba,3,1,12,0.18333333333333335,4,3,355
0,balanced,mamba,4,1,12,0.10987958401751503,12,3,355
0,balanced,mamba,34,9,0,0.2307067654970346,5,20,332
0,balanced,mamba,35,9,0,0.3955555810617767,1,20,332
0,balanced,mamba,36,9,0,0.3077897618580128,6,20,332
0,balanced,mamba,37,9,0,0.18276702987105303,14,20,332
0,balanced,mamba,38,9,0,0.20902151142506234,5,20,332
0,balanced,mamba,39,9,0,0.3501426306494449,2,20,332
0,balanced,mamba,40,9,0,0.2907049578033235,6,20,332
0,balanced,mamba,41,9,0,0.18172952672863257,6,20,332
0,balanced,mamba,42,9,2,0.4866793927465977,1,25,332
0,balanced,mamba,43,9,2,0.8363010163714367,1,25,332
0,balanced,mamba,44,9,2,0.8216983654552272,1,25,332
0,balanced,mamba,45,9,12,0.7609168866161099,1,24,332
0,balanced,mamba,46,9,12,0.6473680819625324,1,24,332
0,balanced,mamba,47,9,12,0.592628148575979,1,24,332
0,balanced,mamba,48,9,12,0.7311502605726817,1,24,332
0,balanced,mamba,49,9,25,0.6574097599970695,1,23,332
0,balanced,mamba,50,9,25,0.7620285260931996,1,23,332
0,balanced,mamba,51,9,25,0.48135687720036435,1,23,332
0,balanced,mamba,52,9,25,0.7597504226232654,1,23,332
0,balanced,mamba,53,9,25,0.6270039619278919,1,23,332
0,balanced,mamba,54,9,28,0.5429710878042748,1,20,332
0,balanced,mamba,55,9,28,0.5156931337368427,1,20,332
0,balanced,mamba,56,9,28,0.31178788157155773,1,20,332
0,balanced,mamba,57,9,28,0.6367108976490277,1,20,332
0,balanced,mamba,58,9,28,0.473654830235364,1,20,332
0,balanced,mamba,59,9,28,0.4563169083815487,1,20,332
0,balanced,mamba,60,9,28,0.43270922684417334,1,20,332
0,balanced,mamba,61,9,28,0.48822236671912494,1,20,332
0,balanced,mamba,82,15,2,0.30986394557823127,2,7,350
0,balanced,mamba,83,15,2,0.32324867250975625,3,7,350
0,balanced,mamba,84,15,2,0.7036054421768707,1,7,350
0,balanced,mamba,85,15,12,0.6110775089605734,1,8,350
0,balanced,mamba,86,15,12,0.5894369339951236,1,8,350
0,balanced,mamba,87,15,17,0.31866626794258374,1,5,350
0,balanced,mamba,88,15,17,0.2743386243386243,2,5,350
0,balanced,mamba,89,15,17,0.23367698477992596,2,5,350
0,balanced,mamba,90,15,17,0.4333333333333333,2,5,350
0,balanced,mamba,91,15,17,0.27246336996336995,3,5,350
0,balanced,mamba,114,21,3,0.1368224387410283,14,7,351
0,balanced,mamba,115,21,3,0.18051269288203087,9,7,351
0,balanced,mamba,116,21,30,0.08571428571428572,14,2,351
0,balanced,mamba,117,21,30,0.07886904761904762,16,2,351
0,balanced,mamba,118,21,30,0.08095238095238094,15,2,351
0,balanced,mamba,119,21,30,0.04224137931034483,29,2,351
0,balanced,mamba,120,21,30,0.042444821731748725,31,2,351
0,balanced,mamba,121,21,30,0.06847826086956521,20,2,351
0,balanced,mamba,122,21,30,0.06346153846153846,20,2,351
0,balanced,mamba,150,27,4,0.11008085695901672,7,6,352
0,balanced,mamba,151,27,4,0.6006410256410256,1,6,352
0,balanced,mamba,152,27,25,0.20833333333333331,4,2,352
0,balanced,mamba,153,27,25,0.06666666666666667,12,2,352
0,balanced,mamba,154,27,25,0.1285714285714286,5,2,352
0,balanced,mamba,155,27,25,0.08689024390243902,8,2,352
0,balanced,mamba,156,27,25,0.19444444444444442,3,2,352
0,balanced,mamba,157,27,25,0.11036036036036036,6,2,352
0,balanced,mamba,169,33,4,0.9945054945054945,1,13,344
0,balanced,mamba,170,33,4,0.9885883347421809,1,13,344
0,balanced,mamba,171,33,4,0.9885883347421809,1,13,344
0,balanced,mamba,172,33,5,0.9210091612402537,1,14,344
0,balanced,mamba,173,33,5,0.8783092742679209,1,14,344
0,balanced,mamba,174,33,9,0.9945054945054945,1,13,344
0,balanced,mamba,175,33,9,0.9493303704842166,1,13,344
0,balanced,mamba,176,33,9,0.9480682778759703,1,13,344
0,balanced,mamba,177,33,14,0.9841597796143251,1,11,344
0,balanced,mamba,178,33,14,1.0,1,11,344
0,balanced,mamba,179,33,14,0.9536042240587694,1,11,344
0,balanced,mamba,180,33,14,0.9924242424242423,1,11,344
0,balanced,mamba,181,33,14,1.0,1,11,344
0,balanced,mamba,182,33,18,0.8096669356284741,1,13,344
0,balanced,mamba,183,33,18,0.8619769998729274,1,13,344
0,balanced,mamba,184,33,18,0.9774161735700198,1,13,344
0,balanced,mamba,205,40,5,0.750094696969697,1,10,347
0,balanced,mamba,206,40,5,0.6782012432012432,1,10,347
0,balanced,mamba,207,40,5,0.6258700980392157,1,10,347
0,balanced,mamba,208,40,6,0.5563660484188344,1,11,347
0,balanced,mamba,209,40,6,0.6442336330107228,1,11,347
0,balanced,mamba,210,40,17,0.3956721562653766,1,10,347
0,balanced,mamba,211,40,17,0.4544393837156995,1,10,347
0,balanced,mamba,212,40,17,0.3689397200490599,2,10,347
0,balanced,mamba,213,40,18,0.4192004337967071,3,11,347
0,balanced,mamba,214,40,18,0.8413059163059163,1,11,347
0,balanced,mamba,215,40,20,0.37106147833777564,1,10,347
0,balanced,mamba,216,40,20,0.6693299373040753,1,10,347
0,balanced,mamba,217,40,20,0.8390350877192982,1,10,347
0,balanced,mamba,264,64,0,0.24603260044049519,9,8,346
0,balanced,mamba,265,64,0,0.14633893885145274,18,8,346
0,balanced,mamba,266,64,0,0.270152417027417,9,8,346
0,balanced,mamba,267,64,0,0.18145307757376722,9,8,346
0,balanced,mamba,268,64,0,0.15354567382027337,8,8,346
0,balanced,mamba,269,64,0,0.4124772898669957,3,8,346
0,balanced,mamba,270,64,7,0.5272270598671277,1,12,346
0,balanced,mamba,271,64,7,0.42993654778984763,2,12,346
0,balanced,mamba,272,64,21,0.4213443155662944,2,11,346
0,balanced,mamba,273,64,21,0.39115568111415866,4,11,346
0,balanced,mamba,274,64,21,0.4692016064743338,3,11,346
0,balanced,mamba,275,64,22,0.6316433566433566,1,11,346
0,balanced,mamba,276,64,22,0.659332445970377,1,11,346
0,balanced,mamba,277,64,22,0.6578623616173023,1,11,346
0,balanced,mamba,296,76,9,0.8888888888888888,1,6,352
0,balanced,mamba,297,76,9,0.8375,1,6,352
0,balanced,mamba,298,76,11,0.8051948051948052,1,5,352
0,balanced,mamba,299,76,11,0.925,1,5,352
0,balanced,mamba,300,76,11,0.6676190476190476,1,5,352
0,balanced,mamba,301,76,12,0.9666666666666666,1,5,352
0,balanced,mamba,302,76,12,0.7814285714285714,1,5,352
0,balanced,mamba,303,76,12,0.4741452991452991,2,5,352
0,balanced,mamba,318,82,10,0.8333333333333334,1,3,354
0,balanced,mamba,319,82,10,0.9166666666666666,1,3,354
0,balanced,mamba,320,82,10,0.6984126984126985,1,3,354
0,balanced,mamba,321,82,22,0.9166666666666666,1,3,354
0,balanced,mamba,322,82,22,0.6095238095238095,1,3,354
0,balanced,mamba,323,82,22,0.7555555555555555,1,3,354
0,balanced,mamba,346,91,10,0.75,1,3,355
0,balanced,mamba,347,91,10,0.09730994152046783,15,3,355
0,balanced,mamba,348,91,13,0.625,1,2,355
0,balanced,mamba,349,91,13,0.325,4,2,355
0,balanced,mamba,350,91,13,0.5526315789473684,1,2,355
0,balanced,mamba,373,99,11,0.6511078005547932,2,29,329
0,balanced,mamba,374,99,11,0.8102757312900858,1,29,329
0,balanced,mamba,375,99,25,0.840438877166566,1,24,329
0,balanced,mamba,376,99,25,0.8738432113321298,1,24,329
0,balanced,mamba,377,99,25,0.8713266079320112,1,24,329
0,balanced,mamba,378,99,25,0.8643135132240619,1,24,329
0,balanced,mamba,379,99,25,0.8629030710872754,1,24,329
0,balanced,mamba,380,99,25,0.9177161127223185,1,24,329
0,balanced,mamba,381,99,25,0.9181503356941954,1,24,329
0,balanced,mamba,382,99,26,0.8849276073947436,1,25,329
0,balanced,mamba,383,99,26,0.8979646252989513,1,25,329
0,balanced,mamba,384,99,26,0.6985782105340322,2,25,329
0,balanced,mamba,385,99,26,0.600151259813932,1,25,329
0,balanced,mamba,386,99,26,0.8159567823988877,1,25,329
0,balanced,mamba,387,99,26,0.8732443333601633,1,25,329
0,balanced,mamba,388,99,27,0.8368315494619537,1,25,329
0,balanced,mamba,389,99,27,0.8327418029424867,1,25,329
0,balanced,mamba,390,99,27,0.7514590492658576,2,25,329
0,balanced,mamba,391,99,27,0.8051419491865857,1,25,329
0,balanced,mamba,392,99,27,0.5973657760792069,2,25,329
0,balanced,mamba,393,99,27,0.8809952435293991,1,25,329
0,balanced,mamba,394,99,28,0.8938414055413217,1,27,329
0,balanced,mamba,395,99,28,0.8603927961264248,1,27,329
0,balanced,mamba,396,99,28,0.6455450022178214,2,27,329
0,balanced,mamba,397,99,28,0.8681673965528295,1,27,329
0,balanced,mamba,398,99,30,0.701916997783047,1,25,329
0,balanced,mamba,399,99,30,0.5469664075173912,4,25,329
0,balanced,mamba,400,99,30,0.5914453162531771,1,25,329
0,balanced,mamba,401,99,30,0.6268278083073545,1,25,329
0,balanced,mamba,402,99,30,0.6434921003552572,2,25,329
0,balanced,mamba,403,99,30,0.7788490592657428,1,25,329
0,balanced,mamba,430,109,11,0.058823529411764705,17,1,357
0,balanced,mamba,431,109,11,0.125,8,1,357
0,balanced,mamba,432,109,22,0.18333333333333335,6,2,357
0,balanced,mamba,449,121,12,0.6278215028215028,1,7,351
0,balanced,mamba,450,121,12,0.4386720479311174,1,7,351
0,balanced,mamba,451,121,13,0.44053013678589714,1,7,351
0,balanced,mamba,452,121,13,0.5776842243746814,1,7,351
0,balanced,mamba,453,121,17,0.5222943722943724,1,7,351
0,balanced,mamba,454,121,17,0.5449312674378507,1,7,351
0,balanced,mamba,455,121,19,0.5529340010272213,1,6,351
0,balanced,mamba,456,121,19,0.5468468468468468,1,6,351
0,balanced,mamba,457,121,19,0.17203562684193963,12,6,351
0,balanced,mamba,490,138,15,0.6838235294117647,1,4,354
0,balanced,mamba,491,138,15,0.6950757575757576,1,4,354
0,balanced,mamba,492,138,21,0.6327380952380952,1,4,354
0,balanced,mamba,493,138,21,0.33271756978653527,3,4,354
0,balanced,mamba,494,138,28,0.3133639822447685,1,4,354
0,balanced,mamba,495,138,28,0.9166666666666666,1,4,354
0,balanced,mamba,520,155,16,1.0,1,3,355
0,balanced,mamba,521,155,16,0.9166666666666666,1,3,355
0,balanced,mamba,522,155,24,0.8333333333333333,1,2,355
0,balanced,mamba,523,155,24,1.0,1,2,355
0,balanced,mamba,524,155,24,1.0,1,2,355
0,balanced,mamba,542,165,17,0.10454980842911876,9,4,352
0,balanced,mamba,543,165,17,0.5163934426229508,1,4,352
0,balanced,mamba,544,165,17,0.6083333333333333,1,4,352
0,balanced,mamba,545,165,17,0.22804621848739495,4,4,352
0,balanced,mamba,546,165,19,0.1587037037037037,5,4,352
0,balanced,mamba,547,165,19,0.2817651098901099,2,4,352
0,balanced,mamba,548,165,19,0.1201208318285783,8,4,352
0,balanced,mamba,549,165,19,0.296078431372549,2,4,352
0,balanced,mamba,574,173,18,1.0,1,4,354
0,balanced,mamba,575,173,18,1.0,1,4,354
0,balanced,mamba,576,173,19,1.0,1,2,354
0,balanced,mamba,577,173,19,1.0,1,2,354
0,balanced,mamba,578,173,19,1.0,1,2,354
0,balanced,mamba,579,173,19,1.0,1,2,354
0,balanced,mamba,620,195,0,0.054334554334554336,13,2,351
0,balanced,mamba,621,195,0,0.04330065359477124,17,2,351
0,balanced,mamba,622,195,0,0.01610062893081761,75,2,351
0,balanced,mamba,623,195,0,0.008787508787508787,143,2,351
0,balanced,mamba,624,195,0,0.017991239048811013,68,2,351
0,balanced,mamba,625,195,0,0.02379619260918253,47,2,351
0,balanced,mamba,626,195,0,0.12439024390243902,5,2,351
0,balanced,mamba,627,195,22,0.06919911342557877,14,7,351
0,balanced,mamba,628,195,22,0.03877402536441438,50,7,351
0,balanced,mamba,696,234,0,0.006418500611803366,263,3,349
0,balanced,mamba,697,234,0,0.0072494516044376575,209,3,349
0,balanced,mamba,698,234,0,0.009978380860718191,166,3,349
0,balanced,mamba,699,234,0,0.009677970329574457,153,3,349
0,balanced,mamba,700,234,0,0.007088847601258246,239,3,349
0,balanced,mamba,701,234,0,0.0074329707589913035,187,3,349
0,balanced,mamba,702,234,0,0.007803417849842702,224,3,349
0,balanced,mamba,703,234,0,0.0068433237900827225,219,3,349
0,balanced,mamba,704,234,27,0.021973030798948006,149,8,349
0,balanced,mamba,705,234,27,0.014896840272020064,231,8,349
0,balanced,mamba,706,234,27,0.01651506638528666,185,8,349
1,control,baseline_only,7,5,2,0.8332417308751012,1,17,329
1,control,baseline_only,8,5,2,0.752953278909741,1,17,329
1,control,baseline_only,9,5,2,0.7962929854275206,1,17,329
1,control,baseline_only,10,5,11,0.7914053618987014,1,18,329
1,control,baseline_only,11,5,11,0.5123377668550977,1,18,329
1,control,baseline_only,12,5,12,0.7892741809847074,1,18,329
1,control,baseline_only,13,5,12,0.8498075136067968,1,18,329
1,control,baseline_only,14,5,17,0.7932432831039332,1,17,329
1,control,baseline_only,15,5,17,0.8510047437493932,1,17,329
1,control,baseline_only,16,5,17,0.48715131720264193,1,17,329
1,control,baseline_only,17,5,28,0.7933359133126935,1,16,329
1,control,baseline_only,18,5,28,0.8536851282775195,1,16,329
1,control,baseline_only,19,5,28,0.8658491449519431,1,16,329
1,control,baseline_only,20,5,28,0.716721609895952,1,16,329
1,control,baseline_only,21,5,30,0.6074563758237227,1,14,329
1,control,baseline_only,22,5,30,0.5546844246189717,1,14,329
1,control,baseline_only,23,5,30,0.8441755531041245,1,14,329
1,control,baseline_only,24,5,30,0.2905276134767064,4,14,329
1,control,baseline_only,25,5,30,0.5407356622627689,1,14,329
1,control,baseline_only,26,5,30,0.7365446852971612,1,14,329
1,control,baseline_only,62,11,0,0.02501282882298925,34,3,338
1,control,baseline_only,63,11,0,0.05385058891359854,19,3,338
1,control,baseline_only,64,11,0,0.2370748299319728,4,3,338
1,control,baseline_only,65,11,0,0.12474974974974974,8,3,338
1,control,baseline_only,66,11,0,0.13538011695906432,6,3,338
1,control,baseline_only,67,11,0,0.038468830155012824,20,3,338
1,control,baseline_only,68,11,0,0.09294871794871795,13,3,338
1,control,baseline_only,69,11,0,0.0638201878511956,21,3,338
1,control,baseline_only,70,11,2,0.06693567855241395,15,8,338
1,control,baseline_only,71,11,2,0.464584705753184,1,8,338
1,control,baseline_only,72,11,2,0.26895053475935826,4,8,338
1,control,baseline_only,92,17,2,0.6298771121351766,1,5,341
1,control,baseline_only,93,17,2,0.7476190476190476,1,5,341
1,control,baseline_only,94,17,2,0.46686371100164203,1,5,341
1,control,baseline_only,95,17,17,0.5187878787878788,1,5,341
1,control,baseline_only,96,17,17,0.37941176470588234,1,5,341
1,control,baseline_only,97,17,17,0.41714285714285715,2,5,341
1,control,baseline_only,98,17,19,0.6663038219641993,1,6,341
1,control,baseline_only,99,17,19,0.7094827586206897,1,6,341
1,control,baseline_only,123,23,3,0.7006639824821643,1,11,336
1,control,baseline_only,124,23,3,0.6821511821511822,1,11,336
1,control,baseline_only,125,23,4,0.5709653220366763,1,11,336
1,control,baseline_only,126,23,4,0.7550214812509896,1,11,336
1,control,baseline_only,127,23,5,0.5465799797350599,1,11,336
1,control,baseline_only,128,23,5,0.4920147588596786,2,11,336
1,control,baseline_only,129,23,14,0.8303030303030302,1,11,336
1,control,baseline_only,130,23,14,0.43609895748933186,1,11,336
1,control,baseline_only,131,23,17,0.6892576872288247,1,10,336
1,control,baseline_only,132,23,17,0.3364022604082574,1,10,336
1,control,baseline_only,133,23,17,0.1179815774958349,14,10,336
1,control,baseline_only,134,23,18,0.7067689885871704,1,11,336
1,control,baseline_only,135,23,18,0.4195123872936508,3,11,336
1,control,baseline_only,158,29,4,0.73,1,5,342
1,control,baseline_only,159,29,4,0.4571895424836601,2,5,342
1,control,baseline_only,160,29,9,0.5714285714285714,1,4,342
1,control,baseline_only,161,29,9,0.24734848484848485,5,4,342
1,control,baseline_only,162,29,9,0.35833333333333334,3,4,342
1,control,baseline_only,163,29,18,0.4575974025974026,1,5,342
1,control,baseline_only,164,29,18,0.14517500587268029,6,5,342
1,control,baseline_only,185,35,4,0.8526315789473685,1,5,341
1,control,baseline_only,186,35,4,0.8400000000000001,1,5,341
1,control,baseline_only,187,35,4,0.8314285714285715,1,5,341
1,control,baseline_only,188,35,5,0.8455555555555555,1,6,341
1,control,baseline_only,189,35,5,0.8859649122807017,1,6,341
1,control,baseline_only,190,35,18,1.0,1,5,341
1,control,baseline_only,191,35,18,1.0,1,5,341
1,control,baseline_only,192,35,18,0.11409892934903343,17,5,341
1,control,baseline_only,222,46,0,0.0629854481666581,16,13,328
1,control,baseline_only,223,46,0,0.06918973939565466,22,13,328
1,control,baseline_only,224,46,0,0.10338448560331746,13,13,328
1,control,baseline_only,225,46,0,0.08932656819931563,17,13,328
1,control,baseline_only,226,46,0,0.048037349127596225,48,13,328
1,control,baseline_only,227,46,0,0.07926242714473439,14,13,328
1,control,baseline_only,228,46,0,0.09028934033821769,13,13,328
1,control,baseline_only,229,46,0,0.04280647526882957,42,13,328
1,control,baseline_only,230,46,5,0.39148880951116943,1,18,328
1,control,baseline_only,231,46,5,0.4147622717962372,1,18,328
1,control,baseline_only,232,46,5,0.42052896464195844,1,18,328
1,control,baseline_only,233,46,8,0.45504656854213843,1,19,328
1,control,baseline_only,234,46,8,0.5503152264517241,1,19,328
1,control,baseline_only,235,46,9,0.435974032108734,1,18,328
1,control,baseline_only,236,46,9,0.5019271190739582,1,18,328
1,control,baseline_only,237,46,9,0.4384875662269949,1,18,328
1,control,baseline_only,238,46,12,0.375632620259378,3,19,328
1,control,baseline_only,239,46,12,0.5786934595975517,1,19,328
1,control,baseline_only,240,46,17,0.2383796538911857,5,18,328
1,control,baseline_only,241,46,17,0.6015808499669761,1,18,328
1,control,baseline_only,242,46,17,0.47580310042546575,3,18,328
1,control,baseline_only,278,68,0,0.13935132931368407,5,7,335
1,control,baseline_only,279,68,0,0.4189586350944382,1,7,335
1,control,baseline_only,280,68,0,0.6156084656084656,1,7,335
1,control,baseline_only,281,68,0,0.5015352864190074,1,7,335
1,control,baseline_only,282,68,0,0.8089700996677741,1,7,335
1,control,baseline_only,283,68,0,0.3548272905215402,1,7,335
1,control,baseline_only,284,68,0,0.07784339546336698,17,7,335
1,control,baseline_only,285,68,8,0.8786671661671662,1,12,335
1,control,baseline_only,286,68,8,0.7526312576312577,1,12,335
1,control,baseline_only,287,68,29,0.8856481481481482,1,9,335
1,control,baseline_only,288,68,29,0.2702753424975647,3,9,335
1,control,baseline_only,289,68,29,0.5255671668715147,1,9,335
1,control,baseline_only,290,68,29,0.41385457403573345,3,9,335
1,control,baseline_only,291,68,29,0.752972027972028,1,9,335
1,control,baseline_only,304,78,10,1.0,1,5,342
1,control,baseline_only,305,78,10,1.0,1,5,342
1,control,baseline_only,306,78,16,1.0,1,4,342
1,control,baseline_only,307,78,16,1.0,1,4,342
1,control,baseline_only,308,78,16,1.0,1,4,342
1,control,baseline_only,309,78,22,1.0,1,5,342
1,control,baseline_only,310,78,22,1.0,1,5,342
1,control,baseline_only,324,85,0,0.0069313531656627885,182,2,339
1,control,baseline_only,325,85,0,0.008599339570720968,158,2,339
1,control,baseline_only,326,85,0,0.011209672519594142,109,2,339
1,control,baseline_only,327,85,0,0.007492071881606765,176,2,339
1,control,baseline_only,328,85,0,0.007075243890659712,174,2,339
1,control,baseline_only,329,85,0,0.008297258297258298,154,2,339
1,control,baseline_only,330,85,0,0.006151718112987769,202,2,339
1,control,baseline_only,331,85,0,0.01251920122887865,93,2,339
1,control,baseline_only,332,85,10,0.040856332059485446,42,8,339
1,control,baseline_only,333,85,10,0.03786341092309357,39,8,339
1,control,baseline_only,351,93,10,0.037037037037037035,18,2,345
1,control,baseline_only,352,93,10,0.5833333333333334,1,2,345
1,control,baseline_only,353,93,28,0.06871035940803383,11,2,345
1,control,baseline_only,354,93,28,0.225,4,2,345
1,control,baseline_only,404,101,11,0.6538548752834467,1,7,339
1,control,baseline_only,405,101,11,0.597920586674386,1,7,339
1,control,baseline_only,406,101,11,0.5651618223046795,1,7,339
1,control,baseline_only,407,101,13,0.8043040293040293,1,7,339
1,control,baseline_only,408,101,13,0.6976190476190477,1,7,339
1,control,baseline_only,409,101,13,0.49367232230135455,1,7,339
1,control,baseline_only,410,101,15,0.4447398088023088,4,8,339
1,control,baseline_only,411,101,15,0.5266369047619047,3,8,339
1,control,baseline_only,412,101,16,0.723109243697479,1,8,339
1,control,baseline_only,413,101,16,0.7077266483516483,1,8,339
1,control,baseline_only,435,113,12,0.12251082251082251,10,3,344
1,control,baseline_only,436,113,12,0.19897959183673466,4,3,344
1,control,baseline_only,437,113,19,0.10263157894736842,10,2,344
1,control,baseline_only,438,113,19,0.20833333333333331,4,2,344
1,control,baseline_only,439,113,19,0.12878787878787878,11,2,344
1,control,baseline_only,464,130,13,0.6722632974180962,1,10,337
1,control,baseline_only,465,130,13,0.8965811965811966,1,10,337
1,control,baseline_only,466,130,15,0.419442657435489,1,9,337
1,control,baseline_only,467,130,15,0.6614992627287709,1,9,337
1,control,baseline_only,468,130,15,0.5972041756899329,1,9,337
1,control,baseline_only,469,130,16,0.6192287610050768,1,8,337
1,control,baseline_only,470,130,16,0.48430341055341053,1,8,337
1,control,baseline_only,471,130,16,0.6291937229437229,1,8,337
1,control,baseline_only,472,130,16,0.5893554362304362,2,8,337
1,control,baseline_only,473,130,22,0.725949975949976,1,9,337
1,control,baseline_only,474,130,22,0.6139119713832357,1,9,337
1,control,baseline_only,475,130,22,0.7163418170664548,1,9,337
1,control,baseline_only,496,140,15,0.07827048125097373,6,7,340
1,control,baseline_only,497,140,15,0.11922157915276828,8,7,340
1,control,baseline_only,498,140,16,0.34288826641767817,2,6,340
1,control,baseline_only,499,140,16,0.6061072492552135,1,6,340
1,control,baseline_only,500,140,16,0.3087836473269669,2,6,340
1,control,baseline_only,501,140,24,0.6053030303030302,1,5,340
1,control,baseline_only,502,140,24,0.5422222222222223,1,5,340
1,control,baseline_only,503,140,24,0.2512566137566138,2,5,340
1,control,baseline_only,504,140,24,0.26115942028985506,3,5,340
1,control,baseline_only,525,157,16,0.6688679245283019,1,4,343
1,control,baseline_only,526,157,16,0.7083333333333334,1,4,343
1,control,baseline_only,527,157,24,1.0,1,2,343
1,control,baseline_only,528,157,24,0.6111111111111112,1,2,343
1,control,baseline_only,529,157,24,0.060714285714285714,14,2,343
1,control,baseline_only,530,157,24,0.7,1,2,343
1,control,baseline_only,550,167,17,0.041245791245791245,22,2,344
1,control,baseline_only,551,167,17,0.3333333333333333,2,2,344
1,control,baseline_only,552,167,17,0.6666666666666666,1,2,344
1,control,baseline_only,553,167,18,0.18571428571428572,5,3,344
1,control,baseline_only,554,167,18,0.38446969696969696,1,3,344
1,control,baseline_only,580,175,18,0.5741159279317174,2,10,337
1,control,baseline_only,581,175,18,0.7997619047619048,1,10,337
1,control,baseline_only,582,175,19,0.3201597008182686,3,8,337
1,control,baseline_only,583,175,19,0.396092938138028,1,8,337
1,control,baseline_only,584,175,19,0.4702681577681578,1,8,337
1,control,baseline_only,585,175,19,0.33128272069061543,1,8,337
1,control,baseline_only,586,175,25,0.3162722081839729,1,6,337
1,control,baseline_only,587,175,25,0.47659967659967656,1,6,337
1,control,baseline_only,588,175,25,0.6474358974358975,1,6,337
1,control,baseline_only,589,175,25,0.3723434148434148,1,6,337
1,control,baseline_only,590,175,25,0.1580267558528428,3,6,337
1,control,baseline_only,591,175,25,0.43974721750613094,1,6,337
1,control,baseline_only,672,229,26,0.925,1,5,337
1,control,baseline_only,673,229,26,0.885,1,5,337
1,control,baseline_only,674,229,26,0.925,1,5,337
1,control,baseline_only,675,229,26,1.0,1,5,337
1,control,baseline_only,676,229,26,0.021566532409747454,97,5,337
1,control,baseline_only,677,229,26,1.0,1,5,337
1,control,baseline_only,678,229,26,1.0,1,5,337
1,control,baseline_only,679,229,30,0.7535175045628008,1,7,337
1,control,baseline_only,680,229,30,0.8405514877706809,1,7,337
1,control,baseline_only,681,229,30,0.731433040643567,1,7,337
1,control,baseline_only,682,229,30,0.8624338624338624,1,7,337
1,control,baseline_only,683,229,30,0.8622974963181148,1,7,337
1,control,baseline_only,711,238,0,0.08483496219804536,17,5,336
1,control,baseline_only,712,238,0,0.09485661636559964,14,5,336
1,control,baseline_only,713,238,0,0.20508563899868246,3,5,336
1,control,baseline_only,714,238,0,0.18998853450072964,4,5,336
1,control,baseline_only,715,238,0,0.059751937984496115,14,5,336
1,control,baseline_only,716,238,0,0.26053030303030306,3,5,336
1,control,baseline_only,717,238,0,0.044848817631585595,47,5,336
1,control,baseline_only,718,238,0,0.045869139448665386,30,5,336
1,control,baseline_only,719,238,28,0.13027848985079146,9,8,336
1,control,baseline_only,720,238,28,0.3658272871703723,1,8,336
1,control,baseline_only,721,238,28,0.08985810485810486,9,8,336
1,control,baseline_only,722,238,28,0.09905553695883544,15,8,336
1,control,baseline_only,723,238,28,0.47400664811379095,1,8,336
1,control,fused,7,5,2,0.7537669494416899,1,17,329
1,control,fused,8,5,2,0.7387881848148239,1,17,329
1,control,fused,9,5,2,0.5460241803723545,1,17,329
1,control,fused,10,5,11,0.7799335890896919,1,18,329
1,control,fused,11,5,11,0.4936801174218567,1,18,329
1,control,fused,12,5,12,0.715191520575037,1,18,329
1,control,fused,13,5,12,0.7572630345669561,1,18,329
1,control,fused,14,5,17,0.801313063271211,1,17,329
1,control,fused,15,5,17,0.8415182136202897,1,17,329
1,control,fused,16,5,17,0.3460498711293397,1,17,329
1,control,fused,17,5,28,0.5371737486122438,1,16,329
1,control,fused,18,5,28,0.5810349429848068,1,16,329
1,control,fused,19,5,28,0.7549591649133983,1,16,329
1,control,fused,20,5,28,0.6280072358197358,2,16,329
1,control,fused,21,5,30,0.23021055009954336,3,14,329
1,control,fused,22,5,30,0.31290525421159077,1,14,329
1,control,fused,23,5,30,0.6935264470978757,1,14,329
1,control,fused,24,5,30,0.18961381988102874,2,14,329
1,control,fused,25,5,30,0.2839643803968105,3,14,329
1,control,fused,26,5,30,0.6379282590779258,1,14,329
1,control,fused,62,11,0,0.029980715027444,30,3,338
1,control,fused,63,11,0,0.05842273668360625,22,3,338
1,control,fused,64,11,0,0.11999550157444894,6,3,338
1,control,fused,65,11,0,0.09597902097902099,10,3,338
1,control,fused,66,11,0,0.166005291005291,3,3,338
1,control,fused,67,11,0,0.04734848484848484,16,3,338
1,control,fused,68,11,0,0.051179889507301145,23,3,338
1,control,fused,69,11,0,0.06384049220861365,17,3,338
1,control,fused,70,11,2,0.12515228545400958,5,8,338
1,control,fused,71,11,2,0.7185763888888889,1,8,338
1,control,fused,72,11,2,0.3843930933617466,2,8,338
1,control,fused,92,17,2,0.6954545454545454,1,5,341
1,control,fused,93,17,2,0.6803986710963456,1,5,341
1,control,fused,94,17,2,0.49391941391941396,1,5,341
1,control,fused,95,17,17,0.6365079365079365,1,5,341
1,control,fused,96,17,17,0.5168484848484848,1,5,341
1,control,fused,97,17,17,0.7442424242424243,1,5,341
1,control,fused,98,17,19,0.5227759622367466,1,6,341
1,control,fused,99,17,19,0.5015135327635328,1,6,341
1,control,fused,123,23,3,0.6987023998173226,1,11,336
1,control,fused,124,23,3,0.6181605011150466,1,11,336
1,control,fused,125,23,4,0.5191339715734793,1,11,336
1,control,fused,126,23,4,0.6916543966308857,1,11,336
1,control,fused,127,23,5,0.5081490363273041,1,11,336
1,control,fused,128,23,5,0.4531823335394764,2,11,336
1,control,fused,129,23,14,0.7758158508158508,1,11,336
1,control,fused,130,23,14,0.4642504349026088,1,11,336
1,control,fused,131,23,17,0.6370124601564764,1,10,336
1,control,fused,132,23,17,0.29239051864634263,1,10,336
1,control,fused,133,23,17,0.07322830378745362,26,10,336
1,control,fused,134,23,18,0.570400432900433,1,11,336
1,control,fused,135,23,18,0.3265999550688546,3,11,336
1,control,fused,158,29,4,0.8666666666666666,1,5,342
1,control,fused,159,29,4,0.7384615384615385,1,5,342
1,control,fused,160,29,9,0.6451048951048951,1,4,342
1,control,fused,161,29,9,0.5020053475935828,1,4,342
1,control,fused,162,29,9,0.6291666666666667,1,4,342
1,control,fused,163,29,18,0.673109243697479,1,5,342
1,control,fused,164,29,18,0.17467772692601066,6,5,342
1,control,fused,185,35,4,0.7455357142857142,1,5,341
1,control,fused,186,35,4,0.6743902439024391,1,5,341
1,control,fused,187,35,4,0.7984615384615384,1,5,341
1,control,fused,188,35,5,0.8025252525252525,1,6,341
1,control,fused,189,35,5,0.8809523809523809,1,6,341
1,control,fused,190,35,18,0.9666666666666666,1,5,341
1,control,fused,191,35,18,0.5496503496503496,1,5,341
1,control,fused,192,35,18,0.09560368232173506,13,5,341
1,control,fused,222,46,0,0.05320750165020912,27,13,328
1,control,fused,223,46,0,0.06102214698504239,15,13,328
1,control,fused,224,46,0,0.1259262086602899,4,13,328
1,control,fused,225,46,0,0.08151442003400652,15,13,328
1,control,fused,226,46,0,0.043912919509710796,25,13,328
1,control,fused,227,46,0,0.05511534976264584,17,13,328
1,control,fused,228,46,0,0.10723742559144078,6,13,328
1,control,fused,229,46,0,0.037635406846032546,29,13,328
1,control,fused,230,46,5,0.3661347721481588,1,18,328
1,control,fused,231,46,5,0.35484114926514737,1,18,328
1,control,fused,232,46,5,0.4023682693737772,1,18,328
1,control,fused,233,46,8,0.3363142585555428,2,19,328
1,control,fused,234,46,8,0.2901730697274843,1,19,328
1,control,fused,235,46,9,0.37937863423945123,1,18,328
1,control,fused,236,46,9,0.4546317056531476,1,18,328
1,control,fused,237,46,9,0.3977556856810387,1,18,328
1,control,fused,238,46,12,0.389923876953392,1,19,328
1,control,fused,239,46,12,0.5051842140328983,1,19,328
1,control,fused,240,46,17,0.2612399642049534,3,18,328
1,control,fused,241,46,17,0.5980895748153386,1,18,328
1,control,fused,242,46,17,0.6576816097614384,1,18,328
1,control,fused,278,68,0,0.18285977147457225,5,7,335
1,control,fused,279,68,0,0.19685014165849404,4,7,335
1,control,fused,280,68,0,0.4752715121136174,1,7,335
1,control,fused,281,68,0,0.5665298674929493,1,7,335
1,control,fused,282,68,0,0.8779761904761905,1,7,335
1,control,fused,283,68,0,0.31646473974205064,4,7,335
1,control,fused,284,68,0,0.10546280758103418,14,7,335
1,control,fused,285,68,8,0.7984559422059422,1,12,335
1,control,fused,286,68,8,0.6482831713295152,1,12,335
1,control,fused,287,68,29,0.7633631800298466,1,9,335
1,control,fused,288,68,29,0.34458634131343996,1,9,335
1,control,fused,289,68,29,0.599722701734196,1,9,335
1,control,fused,290,68,29,0.4625701459034792,2,9,335
1,control,fused,291,68,29,0.7754689754689754,1,9,335
1,control,fused,304,78,10,1.0,1,5,342
1,control,fused,305,78,10,1.0,1,5,342
1,control,fused,306,78,16,1.0,1,4,342
1,control,fused,307,78,16,1.0,1,4,342
1,control,fused,308,78,16,1.0,1,4,342
1,control,fused,309,78,22,1.0,1,5,342
1,control,fused,310,78,22,1.0,1,5,342
1,control,fused,324,85,0,0.009129106187929718,154,2,339
1,control,fused,325,85,0,0.011266511266511268,117,2,339
1,control,fused,326,85,0,0.012298794509093443,113,2,339
1,control,fused,327,85,0,0.009055508614672496,163,2,339
1,control,fused,328,85,0,0.008993879683534857,154,2,339
1,control,fused,329,85,0,0.010176069670579326,139,2,339
1,control,fused,330,85,0,0.0056516759102966,232,2,339
1,control,fused,331,85,0,0.019824561403508772,75,2,339
1,control,fused,332,85,10,0.054335385041463055,33,8,339
1,control,fused,333,85,10,0.054394381715598156,45,8,339
1,control,fused,351,93,10,0.05092592592592592,12,2,345
1,control,fused,352,93,10,0.3055555555555556,2,2,345
1,control,fused,353,93,28,0.059153175591531756,11,2,345
1,control,fused,354,93,28,0.3269230769230769,2,2,345
1,control,fused,404,101,11,0.6538548752834467,1,7,339
1,control,fused,405,101,11,0.48003246753246753,1,7,339
1,control,fused,406,101,11,0.5890810359231412,1,7,339
1,control,fused,407,101,13,0.7518707482993197,1,7,339
1,control,fused,408,101,13,0.42966373306538236,1,7,339
1,control,fused,409,101,13,0.48985940530058175,1,7,339
1,control,fused,410,101,15,0.3927301864801865,5,8,339
1,control,fused,411,101,15,0.46673951048951046,4,8,339
1,control,fused,412,101,16,0.44721606744704573,1,8,339
1,control,fused,413,101,16,0.29410857478291685,4,8,339
1,control,fused,435,113,12,0.04292929292929293,21,3,344
1,control,fused,436,113,12,0.07510339123242349,10,3,344
1,control,fused,437,113,19,0.03256302521008403,28,2,344
1,control,fused,438,113,19,0.15555555555555556,9,2,344
1,control,fused,439,113,19,0.030869565217391304,46,2,344
1,control,fused,464,130,13,0.635691065775021,1,10,337
1,control,fused,465,130,13,0.7537878787878788,1,10,337
1,control,fused,466,130,15,0.5001382023787015,1,9,337
1,control,fused,467,130,15,0.6546872880206214,1,9,337
1,control,fused,468,130,15,0.44667424079188783,1,9,337
1,control,fused,469,130,16,0.36829491572163126,2,8,337
1,control,fused,470,130,16,0.42472269923388306,1,8,337
1,control,fused,471,130,16,0.25841575476992146,6,8,337
1,control,fused,472,130,16,0.43583333333333335,3,8,337
1,control,fused,473,130,22,0.7427868427868428,1,9,337
1,control,fused,474,130,22,0.6230010528923572,1,9,337
1,control,fused,475,130,22,0.6921539961013645,1,9,337
1,control,fused,496,140,15,0.3616430498418076,1,7,340
1,control,fused,497,140,15,0.3966972344163947,2,7,340
1,control,fused,498,140,16,0.3063704541645718,4,6,340
1,control,fused,499,140,16,0.4556053532524121,1,6,340
1,control,fused,500,140,16,0.2509997516145057,2,6,340
1,control,fused,501,140,24,0.6967857142857142,1,5,340
1,control,fused,502,140,24,0.7227272727272728,1,5,340
1,control,fused,503,140,24,0.24325910931174088,4,5,340
1,control,fused,504,140,24,0.2155112044817927,4,5,340
1,control,fused,525,157,16,0.6805555555555556,1,4,343
1,control,fused,526,157,16,0.7954545454545454,1,4,343
1,control,fused,527,157,24,0.3269230769230769,2,2,343
1,control,fused,528,157,24,0.1625,8,2,343
1,control,fused,529,157,24,0.07261904761904761,20,2,343
1,control,fused,530,157,24,0.75,1,2,343
1,control,fused,550,167,17,0.41666666666666663,3,2,344
1,control,fused,551,167,17,0.35,2,2,344
1,control,fused,552,167,17,1.0,1,2,344
1,control,fused,553,167,18,0.34347826086956523,2,3,344
1,control,fused,554,167,18,0.4158249158249158,1,3,344
1,control,fused,580,175,18,0.5535900210900211,3,10,337
1,control,fused,581,175,18,0.8739958570840924,1,10,337
1,control,fused,582,175,19,0.2854787542487351,6,8,337
1,control,fused,583,175,19,0.6053499740999742,1,8,337
1,control,fused,584,175,19,0.5301282051282051,1,8,337
1,control,fused,585,175,19,0.3308302808302808,1,8,337
1,control,fused,586,175,25,0.6055263157894737,1,6,337
1,control,fused,587,175,25,0.5032175032175032,1,6,337
1,control,fused,588,175,25,0.726007326007326,1,6,337
1,control,fused,589,175,25,0.5816666666666667,1,6,337
1,control,fused,590,175,25,0.48715277777777777,1,6,337
1,control,fused,591,175,25,0.6052696078431373,1,6,337
1,control,fused,672,229,26,0.34685185185185186,2,5,337
1,control,fused,673,229,26,0.5061071428571429,1,5,337
1,control,fused,674,229,26,0.7288888888888889,1,5,337
1,control,fused,675,229,26,0.5559282822440716,1,5,337
1,control,fused,676,229,26,0.018108442671651886,133,5,337
1,control,fused,677,229,26,1.0,1,5,337
1,control,fused,678,229,26,1.0,1,5,337
1,control,fused,679,229,30,0.48984824699110413,1,7,337
1,control,fused,680,229,30,0.6689445475159761,1,7,337
1,control,fused,681,229,30,0.5355293797829342,1,7,337
1,control,fused,682,229,30,0.8143315018315018,1,7,337
1,control,fused,683,229,30,0.7666217430368374,1,7,337
1,control,fused,711,238,0,0.10857487922705314,9,5,336
1,control,fused,712,238,0,0.09913733609385783,9,5,336
1,control,fused,713,238,0,0.2658333333333333,4,5,336
1,control,fused,714,238,0,0.3051864801864802,2,5,336
1,control,fused,715,238,0,0.11841501979433014,5,5,336
1,control,fused,716,238,0,0.30395445134575566,2,5,336
1,control,fused,717,238,0,0.08158844939030697,17,5,336
1,control,fused,718,238,0,0.06961842840607614,21,5,336
1,control,fused,719,238,28,0.09381876828593419,12,8,336
1,control,fused,720,238,28,0.3143171344784248,1,8,336
1,control,fused,721,238,28,0.10475847621111696,15,8,336
1,control,fused,722,238,28,0.08085746193851527,23,8,336
1,control,fused,723,238,28,0.358634768009768,1,8,336
1,control,cnn,7,5,2,0.8182183021656706,1,17,329
1,control,cnn,8,5,2,0.741606455383651,1,17,329
1,control,cnn,9,5,2,0.5113187771591075,1,17,329
1,control,cnn,10,5,11,0.762940014196947,1,18,329
1,control,cnn,11,5,11,0.44045154809029285,1,18,329
1,control,cnn,12,5,12,0.4532423616373096,1,18,329
1,control,cnn,13,5,12,0.7133522410082237,1,18,329
1,control,cnn,14,5,17,0.6195706426013331,1,17,329
1,control,cnn,15,5,17,0.7646207086983215,1,17,329
1,control,cnn,16,5,17,0.31391896212576637,1,17,329
1,control,cnn,17,5,28,0.4941399217881509,1,16,329
1,control,cnn,18,5,28,0.44108523626846785,1,16,329
1,control,cnn,19,5,28,0.6653177995928955,1,16,329
1,control,cnn,20,5,28,0.59296662526321,2,16,329
1,control,cnn,21,5,30,0.20404319960724063,3,14,329
1,control,cnn,22,5,30,0.2313278109232973,1,14,329
1,control,cnn,23,5,30,0.6079417080423116,1,14,329
1,control,cnn,24,5,30,0.1662861526733756,8,14,329
1,control,cnn,25,5,30,0.30589234655853853,2,14,329
1,control,cnn,26,5,30,0.40155188743155845,3,14,329
1,control,cnn,62,11,0,0.03314798836800562,19,3,338
1,control,cnn,63,11,0,0.045321637426900575,28,3,338
1,control,cnn,64,11,0,0.11560457516339868,6,3,338
1,control,cnn,65,11,0,0.08867521367521368,12,3,338
1,control,cnn,66,11,0,0.17165242165242164,4,3,338
1,control,cnn,67,11,0,0.04296296296296296,30,3,338
1,control,cnn,68,11,0,0.04104562228132022,37,3,338
1,control,cnn,69,11,0,0.059402957400454266,17,3,338
1,control,cnn,70,11,2,0.2641155942272014,1,8,338
1,control,cnn,71,11,2,0.5050138739397051,1,8,338
1,control,cnn,72,11,2,0.4181625666000666,1,8,338
1,control,cnn,92,17,2,0.6611888111888111,1,5,341
1,control,cnn,93,17,2,0.6827838827838828,1,5,341
1,control,cnn,94,17,2,0.6866666666666666,1,5,341
1,control,cnn,95,17,17,0.4912698412698413,1,5,341
1,control,cnn,96,17,17,0.47454976964958817,1,5,341
1,control,cnn,97,17,17,0.6126984126984126,1,5,341
1,control,cnn,98,17,19,0.24643624349506701,3,6,341
1,control,cnn,99,17,19,0.3993700221961092,1,6,341
1,control,cnn,123,23,3,0.6479747525202071,1,11,336
1,control,cnn,124,23,3,0.6278569746938226,1,11,336
1,control,cnn,125,23,4,0.5588370162532842,1,11,336
1,control,cnn,126,23,4,0.6230248846454379,1,11,336
1,control,cnn,127,23,5,0.5307598944979787,1,11,336
1,control,cnn,128,23,5,0.5015595515595516,1,11,336
1,control,cnn,129,23,14,0.7126154709759965,1,11,336
1,control,cnn,130,23,14,0.5004282337827043,1,11,336
1,control,cnn,131,23,17,0.6786130832947471,1,10,336
1,control,cnn,132,23,17,0.3348131111848371,1,10,336
1,control,cnn,133,23,17,0.08127891696889097,30,10,336
1,control,cnn,134,23,18,0.5363482031931229,1,11,336
1,control,cnn,135,23,18,0.343225190546438,3,11,336
1,control,cnn,158,29,4,0.8526315789473685,1,5,342
1,control,cnn,159,29,4,0.7422580645161291,1,5,342
1,control,cnn,160,29,9,0.5041208791208791,1,4,342
1,control,cnn,161,29,9,0.3839285714285714,2,4,342
1,control,cnn,162,29,9,0.5996732026143791,1,4,342
1,control,cnn,163,29,18,0.7655555555555555,1,5,342
1,control,cnn,164,29,18,0.1810796221322537,5,5,342
1,control,cnn,185,35,4,0.7655913978494624,1,5,341
1,control,cnn,186,35,4,0.6743902439024391,1,5,341
1,control,cnn,187,35,4,0.6803603603603603,1,5,341
1,control,cnn,188,35,5,0.8717948717948718,1,6,341
1,control,cnn,189,35,5,0.8472222222222222,1,6,341
1,control,cnn,190,35,18,1.0,1,5,341
1,control,cnn,191,35,18,0.4647619047619047,1,5,341
1,control,cnn,192,35,18,0.08689054263963404,19,5,341
1,control,cnn,222,46,0,0.06299071403482528,12,13,328
1,control,cnn,223,46,0,0.0659056046683876,8,13,328
1,control,cnn,224,46,0,0.1579487136846423,2,13,328
1,control,cnn,225,46,0,0.076079986647424,13,13,328
1,control,cnn,226,46,0,0.04131712722416106,16,13,328
1,control,cnn,227,46,0,0.04902913600520816,20,13,328
1,control,cnn,228,46,0,0.0975187578335148,5,13,328
1,control,cnn,229,46,0,0.04054259592257942,18,13,328
1,control,cnn,230,46,5,0.32964299484874965,1,18,328
1,control,cnn,231,46,5,0.3507429293525465,1,18,328
1,control,cnn,232,46,5,0.38744706150895103,1,18,328
1,control,cnn,233,46,8,0.17087426730418648,4,19,328
1,control,cnn,234,46,8,0.23578290446034358,1,19,328
1,control,cnn,235,46,9,0.35323478696482113,1,18,328
1,control,cnn,236,46,9,0.4406024566487017,1,18,328
1,control,cnn,237,46,9,0.3743088607712044,1,18,328
1,control,cnn,238,46,12,0.29728977940519347,4,19,328
1,control,cnn,239,46,12,0.42569692855823393,1,19,328
1,control,cnn,240,46,17,0.2348751353331307,5,18,328
1,control,cnn,241,46,17,0.5278113493076859,1,18,328
1,control,cnn,242,46,17,0.596256915121001,1,18,328
1,control,cnn,278,68,0,0.12258728086510205,7,7,335
1,control,cnn,279,68,0,0.12682867686618624,5,7,335
1,control,cnn,280,68,0,0.32442002442002443,1,7,335
1,control,cnn,281,68,0,0.26888229204725367,1,7,335
1,control,cnn,282,68,0,0.7406122448979592,1,7,335
1,control,cnn,283,68,0,0.27607313321599036,4,7,335
1,control,cnn,284,68,0,0.06162249051158401,27,7,335
1,control,cnn,285,68,8,0.6647072095864489,1,12,335
1,control,cnn,286,68,8,0.5161075381183263,1,12,335
1,control,cnn,287,68,29,0.6457638680909121,1,9,335
1,control,cnn,288,68,29,0.2856055969844022,1,9,335
1,control,cnn,289,68,29,0.4557568446560121,1,9,335
1,control,cnn,290,68,29,0.37336375450410536,3,9,335
1,control,cnn,291,68,29,0.6011193809439423,1,9,335
1,control,cnn,304,78,10,1.0,1,5,342
1,control,cnn,305,78,10,0.9666666666666666,1,5,342
1,control,cnn,306,78,16,0.8875,1,4,342
1,control,cnn,307,78,16,1.0,1,4,342
1,control,cnn,308,78,16,1.0,1,4,342
1,control,cnn,309,78,22,1.0,1,5,342
1,control,cnn,310,78,22,1.0,1,5,342
1,control,cnn,324,85,0,0.008023904865914332,164,2,339
1,control,cnn,325,85,0,0.00825944170771757,150,2,339
1,control,cnn,326,85,0,0.00856760374832664,166,2,339
1,control,cnn,327,85,0,0.007216545369893896,183,2,339
1,control,cnn,328,85,0,0.00793830479694354,185,2,339
1,control,cnn,329,85,0,0.007995474836421452,158,2,339
1,control,cnn,330,85,0,0.00511008225385411,257,2,339
1,control,cnn,331,85,0,0.013419101985175087,97,2,339
1,control,cnn,332,85,10,0.0501165774112141,40,8,339
1,control,cnn,333,85,10,0.03568304361314416,66,8,339
1,control,cnn,351,93,10,0.14224137931034483,4,2,345
1,control,cnn,352,93,10,0.5833333333333334,1,2,345
1,control,cnn,353,93,28,0.2121212121212121,3,2,345
1,control,cnn,354,93,28,0.20192307692307693,4,2,345
1,control,cnn,404,101,11,0.7163265306122449,1,7,339
1,control,cnn,405,101,11,0.4329764463925105,1,7,339
1,control,cnn,406,101,11,0.5448487748503542,1,7,339
1,control,cnn,407,101,13,0.7956916099773242,1,7,339
1,control,cnn,408,101,13,0.3474598799127974,1,7,339
1,control,cnn,409,101,13,0.4342610288262462,1,7,339
1,control,cnn,410,101,15,0.31707124469601783,3,8,339
1,control,cnn,411,101,15,0.3731598076720028,3,8,339
1,control,cnn,412,101,16,0.3012294589051501,2,8,339
1,control,cnn,413,101,16,0.5101733783689428,1,8,339
1,control,cnn,435,113,12,0.023948968995697966,42,3,344
1,control,cnn,436,113,12,0.03262022834736478,29,3,344
1,control,cnn,437,113,19,0.01380642729243238,81,2,344
1,control,cnn,438,113,19,0.07777777777777778,18,2,344
1,control,cnn,439,113,19,0.01956596035543404,76,2,344
1,control,cnn,464,130,13,0.6750724637681159,1,10,337
1,control,cnn,465,130,13,0.7322619047619048,1,10,337
1,control,cnn,466,130,15,0.5440007367484994,1,9,337
1,control,cnn,467,130,15,0.6636087768440709,1,9,337
1,control,cnn,468,130,15,0.4021111876088993,1,9,337
1,control,cnn,469,130,16,0.33837388084679104,2,8,337
1,control,cnn,470,130,16,0.4955707146883617,1,8,337
1,control,cnn,471,130,16,0.20489676534758502,7,8,337
1,control,cnn,472,130,16,0.46111111111111114,2,8,337
1,control,cnn,473,130,22,0.76000481000481,1,9,337
1,control,cnn,474,130,22,0.6535473785473785,1,9,337
1,control,cnn,475,130,22,0.5503979130481345,1,9,337
1,control,cnn,496,140,15,0.24490100189949096,1,7,340
1,control,cnn,497,140,15,0.20626850175722358,2,7,340
1,control,cnn,498,140,16,0.2514069264069264,3,6,340
1,control,cnn,499,140,16,0.330400865113904,2,6,340
1,control,cnn,500,140,16,0.2913163941073118,2,6,340
1,control,cnn,501,140,24,0.3367521367521368,3,5,340
1,control,cnn,502,140,24,0.7655913978494624,1,5,340
1,control,cnn,503,140,24,0.5215151515151515,1,5,340
1,control,cnn,504,140,24,0.3777056277056277,1,5,340
1,control,cnn,525,157,16,0.5787037037037037,1,4,343
1,control,cnn,526,157,16,0.4992559523809524,1,4,343
1,control,cnn,527,157,24,0.14347826086956522,5,2,343
1,control,cnn,528,157,24,0.12142857142857143,10,2,343
1,control,cnn,529,157,24,0.06272727272727273,22,2,343
1,control,cnn,530,157,24,0.5625,1,2,343
1,control,cnn,550,167,17,0.11858974358974358,12,2,344
1,control,cnn,551,167,17,0.20833333333333331,3,2,344
1,control,cnn,552,167,17,1.0,1,2,344
1,control,cnn,553,167,18,0.22569444444444442,4,3,344
1,control,cnn,554,167,18,0.40238095238095234,1,3,344
1,control,cnn,580,175,18,0.5823173966556319,2,10,337
1,control,cnn,581,175,18,0.803054298642534,1,10,337
1,control,cnn,582,175,19,0.33175361616218396,4,8,337
1,control,cnn,583,175,19,0.5805759803921569,1,8,337
1,control,cnn,584,175,19,0.4733113354037267,1,8,337
1,control,cnn,585,175,19,0.1673912469644177,7,8,337
1,control,cnn,586,175,25,0.3940920134474673,2,6,337
1,control,cnn,587,175,25,0.5143298059964726,1,6,337
1,control,cnn,588,175,25,0.7351190476190476,1,6,337
1,control,cnn,589,175,25,0.5224670719351571,1,6,337
1,control,cnn,590,175,25,0.5411225248181769,1,6,337
1,control,cnn,591,175,25,0.5601851851851852,1,6,337
1,control,cnn,672,229,26,0.12187900706888048,7,5,337
1,control,cnn,673,229,26,0.5151960784313726,1,5,337
1,control,cnn,674,229,26,0.4370564516129033,1,5,337
1,control,cnn,675,229,26,0.45037400654511456,1,5,337
1,control,cnn,676,229,26,0.023282214132971164,108,5,337
1,control,cnn,677,229,26,0.9,1,5,337
1,control,cnn,678,229,26,1.0,1,5,337
1,control,cnn,679,229,30,0.320727701450698,1,7,337
1,control,cnn,680,229,30,0.5508308401894789,1,7,337
1,control,cnn,681,229,30,0.3767779675542628,1,7,337
1,control,cnn,682,229,30,0.6656305599162742,1,7,337
1,control,cnn,683,229,30,0.6636863652343529,1,7,337
1,control,cnn,711,238,0,0.10906272972310709,14,5,336
1,control,cnn,712,238,0,0.11095959595959597,8,5,336
1,control,cnn,713,238,0,0.25102707749766573,3,5,336
1,control,cnn,714,238,0,0.21572104018912527,3,5,336
1,control,cnn,715,238,0,0.13794427794427794,7,5,336
1,control,cnn,716,238,0,0.10234267915477994,12,5,336
1,control,cnn,717,238,0,0.048867809057527536,38,5,336
1,control,cnn,718,238,0,0.1006967635539064,18,5,336
1,control,cnn,719,238,28,0.08317221970123895,16,8,336
1,control,cnn,720,238,28,0.29862405106970324,1,8,336
1,control,cnn,721,238,28,0.10463931747871624,20,8,336
1,control,cnn,722,238,28,0.06701793715655474,32,8,336
1,control,cnn,723,238,28,0.27384882110491865,2,8,336
1,control,transformer,7,5,2,0.6616307391920592,1,17,329
1,control,transformer,8,5,2,0.6892014432891801,1,17,329
1,control,transformer,9,5,2,0.5008811193421225,1,17,329
1,control,transformer,10,5,11,0.779623511714155,1,18,329
1,control,transformer,11,5,11,0.532196588866408,1,18,329
1,control,transformer,12,5,12,0.8292764933794908,1,18,329
1,control,transformer,13,5,12,0.7426257432112863,1,18,329
1,control,transformer,14,5,17,0.8162012074460775,1,17,329
1,control,transformer,15,5,17,0.8174061885579782,1,17,329
1,control,transformer,16,5,17,0.32561577482723547,1,17,329
1,control,transformer,17,5,28,0.38963461413336764,1,16,329
1,control,transformer,18,5,28,0.41890979665122086,2,16,329
1,control,transformer,19,5,28,0.7486529963092463,1,16,329
1,control,transformer,20,5,28,0.5677665546564485,2,16,329
1,control,transformer,21,5,30,0.24315208202998595,3,14,329
1,control,transformer,22,5,30,0.34588714071293236,1,14,329
1,control,transformer,23,5,30,0.7145821816388319,1,14,329
1,control,transformer,24,5,30,0.18983057013185384,7,14,329
1,control,transformer,25,5,30,0.29564451039800943,3,14,329
1,control,transformer,26,5,30,0.7985235303603783,1,14,329
1,control,transformer,62,11,0,0.02809081224381771,54,3,338
1,control,transformer,63,11,0,0.0619927536231884,16,3,338
1,control,transformer,64,11,0,0.1187514240145819,7,3,338
1,control,transformer,65,11,0,0.07012987012987014,11,3,338
1,control,transformer,66,11,0,0.12007288412910903,4,3,338
1,control,transformer,67,11,0,0.05897435897435898,13,3,338
1,control,transformer,68,11,0,0.051235334713595586,21,3,338
1,control,transformer,69,11,0,0.0469799414018481,20,3,338
1,control,transformer,70,11,2,0.07892177987433385,16,8,338
1,control,transformer,71,11,2,0.653467039800995,1,8,338
1,control,transformer,72,11,2,0.41602869352869354,3,8,338
1,control,transformer,92,17,2,0.6422222222222222,1,5,341
1,control,transformer,93,17,2,0.598419452887538,1,5,341
1,control,transformer,94,17,2,0.20865942028985507,5,5,341
1,control,transformer,95,17,17,0.6968115942028985,1,5,341
1,control,transformer,96,17,17,0.30408931419457735,2,5,341
1,control,transformer,97,17,17,0.8083333333333333,1,5,341
1,control,transformer,98,17,19,0.35574487780370134,1,6,341
1,control,transformer,99,17,19,0.4280527708159287,1,6,341
1,control,transformer,123,23,3,0.6810827326362424,1,11,336
1,control,transformer,124,23,3,0.590992340992341,1,11,336
1,control,transformer,125,23,4,0.48202187727276014,1,11,336
1,control,transformer,126,23,4,0.6191186909066166,1,11,336
1,control,transformer,127,23,5,0.4646779673269659,1,11,336
1,control,transformer,128,23,5,0.3924430606722874,2,11,336
1,control,transformer,129,23,14,0.7385976884465607,1,11,336
1,control,transformer,130,23,14,0.40270472038831556,1,11,336
1,control,transformer,131,23,17,0.6012548151158494,1,10,336
1,control,transformer,132,23,17,0.2672708347566691,2,10,336
1,control,transformer,133,23,17,0.08148650080544757,19,10,336
1,control,transformer,134,23,18,0.4654320341531435,2,11,336
1,control,transformer,135,23,18,0.3103264266540249,7,11,336
1,control,transformer,158,29,4,0.8400000000000001,1,5,342
1,control,transformer,159,29,4,0.407816091954023,2,5,342
1,control,transformer,160,29,9,0.6458333333333334,1,4,342
1,control,transformer,161,29,9,0.4732142857142857,1,4,342
1,control,transformer,162,29,9,0.5849282296650717,1,4,342
1,control,transformer,163,29,18,0.32036036036036036,3,5,342
1,control,transformer,164,29,18,0.11694577352472088,8,5,342
1,control,transformer,185,35,4,0.7436974789915967,1,5,341
1,control,transformer,186,35,4,0.735,1,5,341
1,control,transformer,187,35,4,0.7625,1,5,341
1,control,transformer,188,35,5,0.7141330891330891,1,6,341
1,control,transformer,189,35,5,0.8455555555555555,1,6,341
1,control,transformer,190,35,18,1.0,1,5,341
1,control,transformer,191,35,18,0.6857142857142857,1,5,341
1,control,transformer,192,35,18,0.08397129186602871,15,5,341
1,control,transformer,222,46,0,0.04637369809837782,39,13,328
1,control,transformer,223,46,0,0.06203864534945472,16,13,328
1,control,transformer,224,46,0,0.11852909674008341,4,13,328
1,control,transformer,225,46,0,0.0798483618093721,15,13,328
1,control,transformer,226,46,0,0.0489492813043419,28,13,328
1,control,transformer,227,46,0,0.05494036685148767,24,13,328
1,control,transformer,228,46,0,0.14494505289230503,3,13,328
1,control,transformer,229,46,0,0.04341830687242594,29,13,328
1,control,transformer,230,46,5,0.40287576870437014,1,18,328
1,control,transformer,231,46,5,0.3697079837492982,1,18,328
1,control,transformer,232,46,5,0.442373774690205,1,18,328
1,control,transformer,233,46,8,0.4113458798791532,2,19,328
1,control,transformer,234,46,8,0.37370952395947277,1,19,328
1,control,transformer,235,46,9,0.42683247971626426,1,18,328
1,control,transformer,236,46,9,0.48609597484670847,1,18,328
1,control,transformer,237,46,9,0.3644028418204701,1,18,328
1,control,transformer,238,46,12,0.4745988422399059,1,19,328
1,control,transformer,239,46,12,0.5818616974195218,1,19,328
1,control,transformer,240,46,17,0.26494544039992146,5,18,328
1,control,transformer,241,46,17,0.5450956216660371,1,18,328
1,control,transformer,242,46,17,0.5425369811311975,2,18,328
1,control,transformer,278,68,0,0.626655925528106,1,7,335
1,control,transformer,279,68,0,0.5772629772629773,1,7,335
1,control,transformer,280,68,0,0.4858432957770706,1,7,335
1,control,transformer,281,68,0,0.6553677500838712,1,7,335
1,control,transformer,282,68,0,0.8798701298701299,1,7,335
1,control,transformer,283,68,0,0.31047505979374723,3,7,335
1,control,transformer,284,68,0,0.24472586861858583,3,7,335
1,control,transformer,285,68,8,0.7684375809375809,1,12,335
1,control,transformer,286,68,8,0.7187328684142776,1,12,335
1,control,transformer,287,68,29,0.8123456790123457,1,9,335
1,control,transformer,288,68,29,0.1607267156237654,3,9,335
1,control,transformer,289,68,29,0.6841899386017034,1,9,335
1,control,transformer,290,68,29,0.39173346401588577,2,9,335
1,control,transformer,291,68,29,0.8478615520282187,1,9,335
1,control,transformer,304,78,10,1.0,1,5,342
1,control,transformer,305,78,10,1.0,1,5,342
1,control,transformer,306,78,16,1.0,1,4,342
1,control,transformer,307,78,16,1.0,1,4,342
1,control,transformer,308,78,16,1.0,1,4,342
1,control,transformer,309,78,22,1.0,1,5,342
1,control,transformer,310,78,22,0.9428571428571428,1,5,342
1,control,transformer,324,85,0,0.013649049363335077,98,2,339
1,control,transformer,325,85,0,0.017812105926860028,61,2,339
1,control,transformer,326,85,0,0.017591813849172973,82,2,339
1,control,transformer,327,85,0,0.008427501269680041,176,2,339
1,control,transformer,328,85,0,0.014090909090909091,100,2,339
1,control,transformer,329,85,0,0.013325281803542673,108,2,339
1,control,transformer,330,85,0,0.006327484089320531,221,2,339
1,control,transformer,331,85,0,0.024818577648766327,53,2,339
1,control,transformer,332,85,10,0.06787294732568316,22,8,339
1,control,transformer,333,85,10,0.06477945776355419,29,8,339
1,control,transformer,351,93,10,0.01855921855921856,35,2,345
1,control,transformer,352,93,10,0.140625,4,2,345
1,control,transformer,353,93,28,0.02051983584131327,34,2,345
1,control,transformer,354,93,28,0.3,2,2,345
1,control,transformer,404,101,11,0.4623015873015873,1,7,339
1,control,transformer,405,101,11,0.4622991953462116,1,7,339
1,control,transformer,406,101,11,0.5650674304809643,1,7,339
1,control,transformer,407,101,13,0.5570144141572714,1,7,339
1,control,transformer,408,101,13,0.46447796509908307,1,7,339
1,control,transformer,409,101,13,0.4555171800383839,1,7,339
1,control,transformer,410,101,15,0.37291774499654934,5,8,339
1,control,transformer,411,101,15,0.4138618326118326,4,8,339
1,control,transformer,412,101,16,0.3321802990793465,1,8,339
1,control,transformer,413,101,16,0.22319520757020758,3,8,339
1,control,transformer,435,113,12,0.061394302848575714,20,3,344
1,control,transformer,436,113,12,0.11446886446886446,7,3,344
1,control,transformer,437,113,19,0.12681159420289856,6,2,344
1,control,transformer,438,113,19,0.12142857142857143,10,2,344
1,control,transformer,439,113,19,0.05606060606060606,22,2,344
1,control,transformer,464,130,13,0.526892736892737,1,10,337
1,control,transformer,465,130,13,0.7267316017316017,1,10,337
1,control,transformer,466,130,15,0.4012253283786296,1,9,337
1,control,transformer,467,130,15,0.6216164493942272,1,9,337
1,control,transformer,468,130,15,0.41958956032055444,1,9,337
1,control,transformer,469,130,16,0.29139751377654605,4,8,337
1,control,transformer,470,130,16,0.31463305169424716,1,8,337
1,control,transformer,471,130,16,0.29029365863604994,5,8,337
1,control,transformer,472,130,16,0.43824786324786325,3,8,337
1,control,transformer,473,130,22,0.6834350834350835,1,9,337
1,control,transformer,474,130,22,0.6787756795003171,1,9,337
1,control,transformer,475,130,22,0.640548760520025,1,9,337
1,control,transformer,496,140,15,0.15749495557135543,4,7,340
1,control,transformer,497,140,15,0.3853562936057906,1,7,340
1,control,transformer,498,140,16,0.35240500240500244,2,6,340
1,control,transformer,499,140,16,0.43539404065719856,1,6,340
1,control,transformer,500,140,16,0.3245591214341214,1,6,340
1,control,transformer,501,140,24,0.4797979797979798,2,5,340
1,control,transformer,502,140,24,0.6765567765567766,1,5,340
1,control,transformer,503,140,24,0.2589126453256888,2,5,340
1,control,transformer,504,140,24,0.16710268317853458,8,5,340
1,control,transformer,525,157,16,0.7884615384615384,1,4,343
1,control,transformer,526,157,16,0.7954545454545454,1,4,343
1,control,transformer,527,157,24,0.22619047619047616,6,2,343
1,control,transformer,528,157,24,0.6428571428571428,1,2,343
1,control,transformer,529,157,24,0.05011520737327189,28,2,343
1,control,transformer,530,157,24,0.8333333333333333,1,2,343
1,control,transformer,550,167,17,1.0,1,2,344
1,control,transformer,551,167,17,0.6666666666666666,1,2,344
1,control,transformer,552,167,17,0.8333333333333333,1,2,344
1,control,transformer,553,167,18,0.3666666666666667,2,3,344
1,control,transformer,554,167,18,0.2698412698412698,2,3,344
1,control,transformer,580,175,18,0.47891298759719814,4,10,337
1,control,transformer,581,175,18,0.833872258010189,1,10,337
1,control,transformer,582,175,19,0.2896114302364302,4,8,337
1,control,transformer,583,175,19,0.5015151515151515,1,8,337
1,control,transformer,584,175,19,0.531076103530337,1,8,337
1,control,transformer,585,175,19,0.3571232742108701,1,8,337
1,control,transformer,586,175,25,0.4966857656443096,1,6,337
1,control,transformer,587,175,25,0.44118675278787817,1,6,337
1,control,transformer,588,175,25,0.6611952861952862,1,6,337
1,control,transformer,589,175,25,0.4932230138432185,1,6,337
1,control,transformer,590,175,25,0.34883488651871003,1,6,337
1,control,transformer,591,175,25,0.40451892109500803,1,6,337
1,control,transformer,672,229,26,0.36857257017280987,1,5,337
1,control,transformer,673,229,26,0.45997123443931953,1,5,337
1,control,transformer,674,229,26,0.5922222222222222,1,5,337
1,control,transformer,675,229,26,0.48558851674641146,1,5,337
1,control,transformer,676,229,26,0.014440609848275355,147,5,337
1,control,transformer,677,229,26,0.8303030303030303,1,5,337
1,control,transformer,678,229,26,0.8766666666666667,1,5,337
1,control,transformer,679,229,30,0.5268361048122953,1,7,337
1,control,transformer,680,229,30,0.5900960930820416,1,7,337
1,control,transformer,681,229,30,0.5680395719765798,1,7,337
1,control,transformer,682,229,30,0.8610339077265147,1,7,337
1,control,transformer,683,229,30,0.683605869125893,1,7,337
1,control,transformer,711,238,0,0.09091016548463357,12,5,336
1,control,transformer,712,238,0,0.0726476411222174,13,5,336
1,control,transformer,713,238,0,0.3202564102564103,3,5,336
1,control,transformer,714,238,0,0.40582010582010575,1,5,336
1,control,transformer,715,238,0,0.050528810270189586,14,5,336
1,control,transformer,716,238,0,0.5635897435897436,2,5,336
1,control,transformer,717,238,0,0.07826904729453454,12,5,336
1,control,transformer,718,238,0,0.0663540200769303,16,5,336
1,control,transformer,719,238,28,0.0793196238185314,10,8,336
1,control,transformer,720,238,28,0.127197137149822,7,8,336
1,control,transformer,721,238,28,0.09725421372028145,13,8,336
1,control,transformer,722,238,28,0.06437194939731028,26,8,336
1,control,transformer,723,238,28,0.1866163412890495,2,8,336
1,control,mamba,7,5,2,0.7312406897657667,1,17,329
1,control,mamba,8,5,2,0.6958064455487324,1,17,329
1,control,mamba,9,5,2,0.44916824593629623,1,17,329
1,control,mamba,10,5,11,0.6750355814479156,1,18,329
1,control,mamba,11,5,11,0.41308487707179187,1,18,329
1,control,mamba,12,5,12,0.6657892069127391,1,18,329
1,control,mamba,13,5,12,0.706324708150177,1,18,329
1,control,mamba,14,5,17,0.74228868020932,1,17,329
1,control,mamba,15,5,17,0.8213436889907478,1,17,329
1,control,mamba,16,5,17,0.3023239329982807,1,17,329
1,control,mamba,17,5,28,0.5847323495134293,1,16,329
1,control,mamba,18,5,28,0.6160428370633746,1,16,329
1,control,mamba,19,5,28,0.7540701951767329,1,16,329
1,control,mamba,20,5,28,0.7067327410253809,1,16,329
1,control,mamba,21,5,30,0.26364546180513837,1,14,329
1,control,mamba,22,5,30,0.3095774052070288,1,14,329
1,control,mamba,23,5,30,0.7066417908892901,1,14,329
1,control,mamba,24,5,30,0.11745946248295902,5,14,329
1,control,mamba,25,5,30,0.17800458059441124,4,14,329
1,control,mamba,26,5,30,0.4583149681937552,2,14,329
1,control,mamba,62,11,0,0.03388778075826703,21,3,338
1,control,mamba,63,11,0,0.06728317804663236,17,3,338
1,control,mamba,64,11,0,0.12739757121779594,6,3,338
1,control,mamba,65,11,0,0.1112012987012987,8,3,338
1,control,mamba,66,11,0,0.3743890518084066,1,3,338
1,control,mamba,67,11,0,0.05817230273752013,9,3,338
1,control,mamba,68,11,0,0.05149741562785041,23,3,338
1,control,mamba,69,11,0,0.1330043859649123,5,3,338
1,control,mamba,70,11,2,0.13985515251712627,3,8,338
1,control,mamba,71,11,2,0.7317016317016317,1,8,338
1,control,mamba,72,11,2,0.41189883384405857,1,8,338
1,control,mamba,92,17,2,0.7042857142857143,1,5,341
1,control,mamba,93,17,2,0.6159147869674185,1,5,341
1,control,mamba,94,17,2,0.4576330532212885,1,5,341
1,control,mamba,95,17,17,0.49212121212121207,1,5,341
1,control,mamba,96,17,17,0.5254201680672269,1,5,341
1,control,mamba,97,17,17,0.3925757575757576,3,5,341
1,control,mamba,98,17,19,0.5133148986090162,1,6,341
1,control,mamba,99,17,19,0.434733893557423,2,6,341
1,control,mamba,123,23,3,0.6820382287901277,1,11,336
1,control,mamba,124,23,3,0.5598652783997612,1,11,336
1,control,mamba,125,23,4,0.521562362706611,1,11,336
1,control,mamba,126,23,4,0.6687340616977543,1,11,336
1,control,mamba,127,23,5,0.5021111702929885,1,11,336
1,control,mamba,128,23,5,0.504648520878029,1,11,336
1,control,mamba,129,23,14,0.7468695688264255,1,11,336
1,control,mamba,130,23,14,0.3271683846672037,2,11,336
1,control,mamba,131,23,17,0.5767490842490842,1,10,336
1,control,mamba,132,23,17,0.18012057437751242,2,10,336
1,control,mamba,133,23,17,0.05764363148035101,21,10,336
1,control,mamba,134,23,18,0.5157711502375534,1,11,336
1,control,mamba,135,23,18,0.31460853812284206,3,11,336
1,control,mamba,158,29,4,0.925,1,5,342
1,control,mamba,159,29,4,0.7603174603174603,1,5,342
1,control,mamba,160,29,9,0.7708333333333334,1,4,342
1,control,mamba,161,29,9,0.6338235294117647,1,4,342
1,control,mamba,162,29,9,0.7083333333333334,1,4,342
1,control,mamba,163,29,18,0.7602564102564102,1,5,342
1,control,mamba,164,29,18,0.28273425499231947,3,5,342
1,control,mamba,185,35,4,0.73125,1,5,341
1,control,mamba,186,35,4,0.6121447028423772,1,5,341
1,control,mamba,187,35,4,0.7457142857142858,1,5,341
1,control,mamba,188,35,5,0.6191798941798942,1,6,341
1,control,mamba,189,35,5,0.8833333333333333,1,6,341
1,control,mamba,190,35,18,0.925,1,5,341
1,control,mamba,191,35,18,0.40596491228070175,2,5,341
1,control,mamba,192,35,18,0.10446417852140524,7,5,341
1,control,mamba,222,46,0,0.05240244070490408,38,13,328
1,control,mamba,223,46,0,0.05967216300373712,25,13,328
1,control,mamba,224,46,0,0.12490039309885427,7,13,328
1,control,mamba,225,46,0,0.09661108960566077,15,13,328
1,control,mamba,226,46,0,0.042560925503264464,37,13,328
1,control,mamba,227,46,0,0.05817303111827376,17,13,328
1,control,mamba,228,46,0,0.08512950249861063,12,13,328
1,control,mamba,229,46,0,0.031036754060566406,53,13,328
1,control,mamba,230,46,5,0.31089863929209893,1,18,328
1,control,mamba,231,46,5,0.3459619212994194,1,18,328
1,control,mamba,232,46,5,0.3803270875213846,1,18,328
1,control,mamba,233,46,8,0.3319814634850792,2,19,328
1,control,mamba,234,46,8,0.23865837118573277,1,19,328
1,control,mamba,235,46,9,0.35064520313932157,1,18,328
1,control,mamba,236,46,9,0.42677510792658124,1,18,328
1,control,mamba,237,46,9,0.3848761902778033,1,18,328
1,control,mamba,238,46,12,0.36799561343116055,1,19,328
1,control,mamba,239,46,12,0.48458179776909344,1,19,328
1,control,mamba,240,46,17,0.24993875006981142,2,18,328
1,control,mamba,241,46,17,0.490404449103989,1,18,328
1,control,mamba,242,46,17,0.6425397198352285,1,18,328
1,control,mamba,278,68,0,0.11227276088642814,9,7,335
1,control,mamba,279,68,0,0.10976141904544737,13,7,335
1,control,mamba,280,68,0,0.644727398205659,1,7,335
1,control,mamba,281,68,0,0.6529204438612105,1,7,335
1,control,mamba,282,68,0,0.740194572452637,1,7,335
1,control,mamba,283,68,0,0.287672305764411,5,7,335
1,control,mamba,284,68,0,0.09657576155439278,13,7,335
1,control,mamba,285,68,8,0.8188549433230284,1,12,335
1,control,mamba,286,68,8,0.6146396221657583,1,12,335
1,control,mamba,287,68,29,0.7178811928811929,1,9,335
1,control,mamba,288,68,29,0.48832180165513495,1,9,335
1,control,mamba,289,68,29,0.670485288132347,1,9,335
1,control,mamba,290,68,29,0.5974508606861548,1,9,335
1,control,mamba,291,68,29,0.7673961840628507,1,9,335
1,control,mamba,304,78,10,1.0,1,5,342
1,control,mamba,305,78,10,1.0,1,5,342
1,control,mamba,306,78,16,1.0,1,4,342
1,control,mamba,307,78,16,1.0,1,4,342
1,control,mamba,308,78,16,1.0,1,4,342
1,control,mamba,309,78,22,1.0,1,5,342
1,control,mamba,310,78,22,1.0,1,5,342
1,control,mamba,324,85,0,0.007906976744186046,172,2,339
1,control,mamba,325,85,0,0.01130667578035999,132,2,339
1,control,mamba,326,85,0,0.01330532212885154,84,2,339
1,control,mamba,327,85,0,0.01208030460366909,107,2,339
1,control,mamba,328,85,0,0.008028169014084508,150,2,339
1,control,mamba,329,85,0,0.010087457761876367,117,2,339
1,control,mamba,330,85,0,0.006143253152105875,211,2,339
1,control,mamba,331,85,0,0.015756302521008403,68,2,339
1,control,mamba,332,85,10,0.04425201041174608,56,8,339
1,control,mamba,333,85,10,0.05892319848040272,35,8,339
1,control,mamba,351,93,10,0.05161943319838057,13,2,345
1,control,mamba,352,93,10,0.28448275862068967,2,2,345
1,control,mamba,353,93,28,0.029551337359792925,38,2,345
1,control,mamba,354,93,28,0.2361111111111111,4,2,345
1,control,mamba,404,101,11,0.5449134199134199,1,7,339
1,control,mamba,405,101,11,0.5248006895065719,1,7,339
1,control,mamba,406,101,11,0.5536154116819142,1,7,339
1,control,mamba,407,101,13,0.6678709761416528,1,7,339
1,control,mamba,408,101,13,0.5332314464247238,1,7,339
1,control,mamba,409,101,13,0.4470388155262105,1,7,339
1,control,mamba,410,101,15,0.332154304029304,5,8,339
1,control,mamba,411,101,15,0.46662087912087913,3,8,339
1,control,mamba,412,101,16,0.38067384004884003,1,8,339
1,control,mamba,413,101,16,0.27063001026396166,8,8,339
1,control,mamba,435,113,12,0.05119047619047618,12,3,344
1,control,mamba,436,113,12,0.20814528261336773,2,3,344
1,control,mamba,437,113,19,0.02104700854700855,40,2,344
1,control,mamba,438,113,19,0.29166666666666663,3,2,344
1,control,mamba,439,113,19,0.02470238095238095,48,2,344
1,control,mamba,464,130,13,0.6675927871148459,1,10,337
1,control,mamba,465,130,13,0.660974025974026,1,10,337
1,control,mamba,466,130,15,0.42569618490671124,1,9,337
1,control,mamba,467,130,15,0.6446425569232587,1,9,337
1,control,mamba,468,130,15,0.5035471759760931,1,9,337
1,control,mamba,469,130,16,0.5013141548653965,1,8,337
1,control,mamba,470,130,16,0.49324577258899294,1,8,337
1,control,mamba,471,130,16,0.30832412319481284,3,8,337
1,control,mamba,472,130,16,0.42108516483516484,2,8,337
1,control,mamba,473,130,22,0.7695546737213405,1,9,337
1,control,mamba,474,130,22,0.5215666593511004,1,9,337
1,control,mamba,475,130,22,0.7057267351384998,1,9,337
1,control,mamba,496,140,15,0.4019861348571898,1,7,340
1,control,mamba,497,140,15,0.4195434814078882,2,7,340
1,control,mamba,498,140,16,0.3283738283738284,3,6,340
1,control,mamba,499,140,16,0.3777833556448014,1,6,340
1,control,mamba,500,140,16,0.2848346440411155,1,6,340
1,control,mamba,501,140,24,0.639298245614035,1,5,340
1,control,mamba,502,140,24,0.773109243697479,1,5,340
1,control,mamba,503,140,24,0.20018607123870283,4,5,340
1,control,mamba,504,140,24,0.1728744939271255,6,5,340
1,control,mamba,525,157,16,0.7214285714285714,1,4,343
1,control,mamba,526,157,16,0.6101190476190477,1,4,343
1,control,mamba,527,157,24,0.5526315789473684,1,2,343
1,control,mamba,528,157,24,0.17142857142857143,7,2,343
1,control,mamba,529,157,24,0.08204334365325078,17,2,343
1,control,mamba,530,157,24,0.7,1,2,343
1,control,mamba,550,167,17,0.225,5,2,344
1,control,mamba,551,167,17,0.34090909090909094,2,2,344
1,control,mamba,552,167,17,1.0,1,2,344
1,control,mamba,553,167,18,0.3717948717948718,2,3,344
1,control,mamba,554,167,18,0.42628205128205127,1,3,344
1,control,mamba,580,175,18,0.5907282913165266,3,10,337
1,control,mamba,581,175,18,0.9206417112299465,1,10,337
1,control,mamba,582,175,19,0.291492806710198,3,8,337
1,control,mamba,583,175,19,0.5931435560053981,1,8,337
1,control,mamba,584,175,19,0.5596941192865106,1,8,337
1,control,mamba,585,175,19,0.35794128751365595,1,8,337
1,control,mamba,586,175,25,0.6294802867383512,1,6,337
1,control,mamba,587,175,25,0.4576880483857228,1,6,337
1,control,mamba,588,175,25,0.7549603174603176,1,6,337
1,control,mamba,589,175,25,0.6433691756272402,1,6,337
1,control,mamba,590,175,25,0.41501985856824564,2,6,337
1,control,mamba,591,175,25,0.6368379446640317,1,6,337
1,control,mamba,672,229,26,0.6988888888888889,1,5,337
1,control,mamba,673,229,26,0.5927072927072927,1,5,337
1,control,mamba,674,229,26,0.8583333333333334,1,5,337
1,control,mamba,675,229,26,0.5301587301587302,1,5,337
1,control,mamba,676,229,26,0.01785964926406198,131,5,337
1,control,mamba,677,229,26,1.0,1,5,337
1,control,mamba,678,229,26,1.0,1,5,337
1,control,mamba,679,229,30,0.636672140120416,1,7,337
1,control,mamba,680,229,30,0.7261760636457973,1,7,337
1,control,mamba,681,229,30,0.46970766531068037,1,7,337
1,control,mamba,682,229,30,0.79736243138305,1,7,337
1,control,mamba,683,229,30,0.7803645730136715,1,7,337
1,control,mamba,711,238,0,0.10923655639445114,9,5,336
1,control,mamba,712,238,0,0.09632659661333151,9,5,336
1,control,mamba,713,238,0,0.22774114774114773,5,5,336
1,control,mamba,714,238,0,0.4117452440033086,1,5,336
1,control,mamba,715,238,0,0.2025879917184265,4,5,336
1,control,mamba,716,238,0,0.3924681598594642,1,5,336
1,control,mamba,717,238,0,0.08962362362362361,9,5,336
1,control,mamba,718,238,0,0.050653591306565826,35,5,336
1,control,mamba,719,238,28,0.09919441781223984,15,8,336
1,control,mamba,720,238,28,0.32802437479568486,1,8,336
1,control,mamba,721,238,28,0.08903742436637173,18,8,336
1,control,mamba,722,238,28,0.11390014143012644,14,8,336
1,control,mamba,723,238,28,0.597133628103389,1,8,336
1,balanced,baseline_only,7,5,2,0.8332417308751012,1,17,329
1,balanced,baseline_only,8,5,2,0.752953278909741,1,17,329
1,balanced,baseline_only,9,5,2,0.7962929854275206,1,17,329
1,balanced,baseline_only,10,5,11,0.7914053618987014,1,18,329
1,balanced,baseline_only,11,5,11,0.5123377668550977,1,18,329
1,balanced,baseline_only,12,5,12,0.7892741809847074,1,18,329
1,balanced,baseline_only,13,5,12,0.8498075136067968,1,18,329
1,balanced,baseline_only,14,5,17,0.7932432831039332,1,17,329
1,balanced,baseline_only,15,5,17,0.8510047437493932,1,17,329
1,balanced,baseline_only,16,5,17,0.48715131720264193,1,17,329
1,balanced,baseline_only,17,5,28,0.7933359133126935,1,16,329
1,balanced,baseline_only,18,5,28,0.8536851282775195,1,16,329
1,balanced,baseline_only,19,5,28,0.8658491449519431,1,16,329
1,balanced,baseline_only,20,5,28,0.716721609895952,1,16,329
1,balanced,baseline_only,21,5,30,0.6074563758237227,1,14,329
1,balanced,baseline_only,22,5,30,0.5546844246189717,1,14,329
1,balanced,baseline_only,23,5,30,0.8441755531041245,1,14,329
1,balanced,baseline_only,24,5,30,0.2905276134767064,4,14,329
1,balanced,baseline_only,25,5,30,0.5407356622627689,1,14,329
1,balanced,baseline_only,26,5,30,0.7365446852971612,1,14,329
1,balanced,baseline_only,62,11,0,0.02501282882298925,34,3,338
1,balanced,baseline_only,63,11,0,0.05385058891359854,19,3,338
1,balanced,baseline_only,64,11,0,0.2370748299319728,4,3,338
1,balanced,baseline_only,65,11,0,0.12474974974974974,8,3,338
1,balanced,baseline_only,66,11,0,0.13538011695906432,6,3,338
1,balanced,baseline_only,67,11,0,0.038468830155012824,20,3,338
1,balanced,baseline_only,68,11,0,0.09294871794871795,13,3,338
1,balanced,baseline_only,69,11,0,0.0638201878511956,21,3,338
1,balanced,baseline_only,70,11,2,0.06693567855241395,15,8,338
1,balanced,baseline_only,71,11,2,0.464584705753184,1,8,338
1,balanced,baseline_only,72,11,2,0.26895053475935826,4,8,338
1,balanced,baseline_only,92,17,2,0.6298771121351766,1,5,341
1,balanced,baseline_only,93,17,2,0.7476190476190476,1,5,341
1,balanced,baseline_only,94,17,2,0.46686371100164203,1,5,341
1,balanced,baseline_only,95,17,17,0.5187878787878788,1,5,341
1,balanced,baseline_only,96,17,17,0.37941176470588234,1,5,341
1,balanced,baseline_only,97,17,17,0.41714285714285715,2,5,341
1,balanced,baseline_only,98,17,19,0.6663038219641993,1,6,341
1,balanced,baseline_only,99,17,19,0.7094827586206897,1,6,341
1,balanced,baseline_only,123,23,3,0.7006639824821643,1,11,336
1,balanced,baseline_only,124,23,3,0.6821511821511822,1,11,336
1,balanced,baseline_only,125,23,4,0.5709653220366763,1,11,336
1,balanced,baseline_only,126,23,4,0.7550214812509896,1,11,336
1,balanced,baseline_only,127,23,5,0.5465799797350599,1,11,336
1,balanced,baseline_only,128,23,5,0.4920147588596786,2,11,336
1,balanced,baseline_only,129,23,14,0.8303030303030302,1,11,336
1,balanced,baseline_only,130,23,14,0.43609895748933186,1,11,336
1,balanced,baseline_only,131,23,17,0.6892576872288247,1,10,336
1,balanced,baseline_only,132,23,17,0.3364022604082574,1,10,336
1,balanced,baseline_only,133,23,17,0.1179815774958349,14,10,336
1,balanced,baseline_only,134,23,18,0.7067689885871704,1,11,336
1,balanced,baseline_only,135,23,18,0.4195123872936508,3,11,336
1,balanced,baseline_only,158,29,4,0.73,1,5,342
1,balanced,baseline_only,159,29,4,0.4571895424836601,2,5,342
1,balanced,baseline_only,160,29,9,0.5714285714285714,1,4,342
1,balanced,baseline_only,161,29,9,0.24734848484848485,5,4,342
1,balanced,baseline_only,162,29,9,0.35833333333333334,3,4,342
1,balanced,baseline_only,163,29,18,0.4575974025974026,1,5,342
1,balanced,baseline_only,164,29,18,0.14517500587268029,6,5,342
1,balanced,baseline_only,185,35,4,0.8526315789473685,1,5,341
1,balanced,baseline_only,186,35,4,0.8400000000000001,1,5,341
1,balanced,baseline_only,187,35,4,0.8314285714285715,1,5,341
1,balanced,baseline_only,188,35,5,0.8455555555555555,1,6,341
1,balanced,baseline_only,189,35,5,0.8859649122807017,1,6,341
1,balanced,baseline_only,190,35,18,1.0,1,5,341
1,balanced,baseline_only,191,35,18,1.0,1,5,341
1,balanced,baseline_only,192,35,18,0.11409892934903343,17,5,341
1,balanced,baseline_only,222,46,0,0.0629854481666581,16,13,328
1,balanced,baseline_only,223,46,0,0.06918973939565466,22,13,328
1,balanced,baseline_only,224,46,0,0.10338448560331746,13,13,328
1,balanced,baseline_only,225,46,0,0.08932656819931563,17,13,328
1,balanced,baseline_only,226,46,0,0.048037349127596225,48,13,328
1,balanced,baseline_only,227,46,0,0.07926242714473439,14,13,328
1,balanced,baseline_only,228,46,0,0.09028934033821769,13,13,328
1,balanced,baseline_only,229,46,0,0.04280647526882957,42,13,328
1,balanced,baseline_only,230,46,5,0.39148880951116943,1,18,328
1,balanced,baseline_only,231,46,5,0.4147622717962372,1,18,328
1,balanced,baseline_only,232,46,5,0.42052896464195844,1,18,328
1,balanced,baseline_only,233,46,8,0.45504656854213843,1,19,328
1,balanced,baseline_only,234,46,8,0.5503152264517241,1,19,328
1,balanced,baseline_only,235,46,9,0.435974032108734,1,18,328
1,balanced,baseline_only,236,46,9,0.5019271190739582,1,18,328
1,balanced,baseline_only,237,46,9,0.4384875662269949,1,18,328
1,balanced,baseline_only,238,46,12,0.375632620259378,3,19,328
1,balanced,baseline_only,239,46,12,0.5786934595975517,1,19,328
1,balanced,baseline_only,240,46,17,0.2383796538911857,5,18,328
1,balanced,baseline_only,241,46,17,0.6015808499669761,1,18,328
1,balanced,baseline_only,242,46,17,0.47580310042546575,3,18,328
1,balanced,baseline_only,278,68,0,0.13935132931368407,5,7,335
1,balanced,baseline_only,279,68,0,0.4189586350944382,1,7,335
1,balanced,baseline_only,280,68,0,0.6156084656084656,1,7,335
1,balanced,baseline_only,281,68,0,0.5015352864190074,1,7,335
1,balanced,baseline_only,282,68,0,0.8089700996677741,1,7,335
1,balanced,baseline_only,283,68,0,0.3548272905215402,1,7,335
1,balanced,baseline_only,284,68,0,0.07784339546336698,17,7,335
1,balanced,baseline_only,285,68,8,0.8786671661671662,1,12,335
1,balanced,baseline_only,286,68,8,0.7526312576312577,1,12,335
1,balanced,baseline_only,287,68,29,0.8856481481481482,1,9,335
1,balanced,baseline_only,288,68,29,0.2702753424975647,3,9,335
1,balanced,baseline_only,289,68,29,0.5255671668715147,1,9,335
1,balanced,baseline_only,290,68,29,0.41385457403573345,3,9,335
1,balanced,baseline_only,291,68,29,0.752972027972028,1,9,335
1,balanced,baseline_only,304,78,10,1.0,1,5,342
1,balanced,baseline_only,305,78,10,1.0,1,5,342
1,balanced,baseline_only,306,78,16,1.0,1,4,342
1,balanced,baseline_only,307,78,16,1.0,1,4,342
1,balanced,baseline_only,308,78,16,1.0,1,4,342
1,balanced,baseline_only,309,78,22,1.0,1,5,342
1,balanced,baseline_only,310,78,22,1.0,1,5,342
1,balanced,baseline_only,324,85,0,0.0069313531656627885,182,2,339
1,balanced,baseline_only,325,85,0,0.008599339570720968,158,2,339
1,balanced,baseline_only,326,85,0,0.011209672519594142,109,2,339
1,balanced,baseline_only,327,85,0,0.007492071881606765,176,2,339
1,balanced,baseline_only,328,85,0,0.007075243890659712,174,2,339
1,balanced,baseline_only,329,85,0,0.008297258297258298,154,2,339
1,balanced,baseline_only,330,85,0,0.006151718112987769,202,2,339
1,balanced,baseline_only,331,85,0,0.01251920122887865,93,2,339
1,balanced,baseline_only,332,85,10,0.040856332059485446,42,8,339
1,balanced,baseline_only,333,85,10,0.03786341092309357,39,8,339
1,balanced,baseline_only,351,93,10,0.037037037037037035,18,2,345
1,balanced,baseline_only,352,93,10,0.5833333333333334,1,2,345
1,balanced,baseline_only,353,93,28,0.06871035940803383,11,2,345
1,balanced,baseline_only,354,93,28,0.225,4,2,345
1,balanced,baseline_only,404,101,11,0.6538548752834467,1,7,339
1,balanced,baseline_only,405,101,11,0.597920586674386,1,7,339
1,balanced,baseline_only,406,101,11,0.5651618223046795,1,7,339
1,balanced,baseline_only,407,101,13,0.8043040293040293,1,7,339
1,balanced,baseline_only,408,101,13,0.6976190476190477,1,7,339
1,balanced,baseline_only,409,101,13,0.49367232230135455,1,7,339
1,balanced,baseline_only,410,101,15,0.4447398088023088,4,8,339
1,balanced,baseline_only,411,101,15,0.5266369047619047,3,8,339
1,balanced,baseline_only,412,101,16,0.723109243697479,1,8,339
1,balanced,baseline_only,413,101,16,0.7077266483516483,1,8,339
1,balanced,baseline_only,435,113,12,0.12251082251082251,10,3,344
1,balanced,baseline_only,436,113,12,0.19897959183673466,4,3,344
1,balanced,baseline_only,437,113,19,0.10263157894736842,10,2,344
1,balanced,baseline_only,438,113,19,0.20833333333333331,4,2,344
1,balanced,baseline_only,439,113,19,0.12878787878787878,11,2,344
1,balanced,baseline_only,464,130,13,0.6722632974180962,1,10,337
1,balanced,baseline_only,465,130,13,0.8965811965811966,1,10,337
1,balanced,baseline_only,466,130,15,0.419442657435489,1,9,337
1,balanced,baseline_only,467,130,15,0.6614992627287709,1,9,337
1,balanced,baseline_only,468,130,15,0.5972041756899329,1,9,337
1,balanced,baseline_only,469,130,16,0.6192287610050768,1,8,337
1,balanced,baseline_only,470,130,16,0.48430341055341053,1,8,337
1,balanced,baseline_only,471,130,16,0.6291937229437229,1,8,337
1,balanced,baseline_only,472,130,16,0.5893554362304362,2,8,337
1,balanced,baseline_only,473,130,22,0.725949975949976,1,9,337
1,balanced,baseline_only,474,130,22,0.6139119713832357,1,9,337
1,balanced,baseline_only,475,130,22,0.7163418170664548,1,9,337
1,balanced,baseline_only,496,140,15,0.07827048125097373,6,7,340
1,balanced,baseline_only,497,140,15,0.11922157915276828,8,7,340
1,balanced,baseline_only,498,140,16,0.34288826641767817,2,6,340
1,balanced,baseline_only,499,140,16,0.6061072492552135,1,6,340
1,balanced,baseline_only,500,140,16,0.3087836473269669,2,6,340
1,balanced,baseline_only,501,140,24,0.6053030303030302,1,5,340
1,balanced,baseline_only,502,140,24,0.5422222222222223,1,5,340
1,balanced,baseline_only,503,140,24,0.2512566137566138,2,5,340
1,balanced,baseline_only,504,140,24,0.26115942028985506,3,5,340
1,balanced,baseline_only,525,157,16,0.6688679245283019,1,4,343
1,balanced,baseline_only,526,157,16,0.7083333333333334,1,4,343
1,balanced,baseline_only,527,157,24,1.0,1,2,343
1,balanced,baseline_only,528,157,24,0.6111111111111112,1,2,343
1,balanced,baseline_only,529,157,24,0.060714285714285714,14,2,343
1,balanced,baseline_only,530,157,24,0.7,1,2,343
1,balanced,baseline_only,550,167,17,0.041245791245791245,22,2,344
1,balanced,baseline_only,551,167,17,0.3333333333333333,2,2,344
1,balanced,baseline_only,552,167,17,0.6666666666666666,1,2,344
1,balanced,baseline_only,553,167,18,0.18571428571428572,5,3,344
1,balanced,baseline_only,554,167,18,0.38446969696969696,1,3,344
1,balanced,baseline_only,580,175,18,0.5741159279317174,2,10,337
1,balanced,baseline_only,581,175,18,0.7997619047619048,1,10,337
1,balanced,baseline_only,582,175,19,0.3201597008182686,3,8,337
1,balanced,baseline_only,583,175,19,0.396092938138028,1,8,337
1,balanced,baseline_only,584,175,19,0.4702681577681578,1,8,337
1,balanced,baseline_only,585,175,19,0.33128272069061543,1,8,337
1,balanced,baseline_only,586,175,25,0.3162722081839729,1,6,337
1,balanced,baseline_only,587,175,25,0.47659967659967656,1,6,337
1,balanced,baseline_only,588,175,25,0.6474358974358975,1,6,337
1,balanced,baseline_only,589,175,25,0.3723434148434148,1,6,337
1,balanced,baseline_only,590,175,25,0.1580267558528428,3,6,337
1,balanced,baseline_only,591,175,25,0.43974721750613094,1,6,337
1,balanced,baseline_only,672,229,26,0.925,1,5,337
1,balanced,baseline_only,673,229,26,0.885,1,5,337
1,balanced,baseline_only,674,229,26,0.925,1,5,337
1,balanced,baseline_only,675,229,26,1.0,1,5,337
1,balanced,baseline_only,676,229,26,0.021566532409747454,97,5,337
1,balanced,baseline_only,677,229,26,1.0,1,5,337
1,balanced,baseline_only,678,229,26,1.0,1,5,337
1,balanced,baseline_only,679,229,30,0.7535175045628008,1,7,337
1,balanced,baseline_only,680,229,30,0.8405514877706809,1,7,337
1,balanced,baseline_only,681,229,30,0.731433040643567,1,7,337
1,balanced,baseline_only,682,229,30,0.8624338624338624,1,7,337
1,balanced,baseline_only,683,229,30,0.8622974963181148,1,7,337
1,balanced,baseline_only,711,238,0,0.08483496219804536,17,5,336
1,balanced,baseline_only,712,238,0,0.09485661636559964,14,5,336
1,balanced,baseline_only,713,238,0,0.20508563899868246,3,5,336
1,balanced,baseline_only,714,238,0,0.18998853450072964,4,5,336
1,balanced,baseline_only,715,238,0,0.059751937984496115,14,5,336
1,balanced,baseline_only,716,238,0,0.26053030303030306,3,5,336
1,balanced,baseline_only,717,238,0,0.044848817631585595,47,5,336
1,balanced,baseline_only,718,238,0,0.045869139448665386,30,5,336
1,balanced,baseline_only,719,238,28,0.13027848985079146,9,8,336
1,balanced,baseline_only,720,238,28,0.3658272871703723,1,8,336
1,balanced,baseline_only,721,238,28,0.08985810485810486,9,8,336
1,balanced,baseline_only,722,238,28,0.09905553695883544,15,8,336
1,balanced,baseline_only,723,238,28,0.47400664811379095,1,8,336
1,balanced,fused,7,5,2,0.7544651699063464,1,17,329
1,balanced,fused,8,5,2,0.7362481549849498,1,17,329
1,balanced,fused,9,5,2,0.546588284109086,1,17,329
1,balanced,fused,10,5,11,0.7783891839183831,1,18,329
1,balanced,fused,11,5,11,0.4952385536417217,1,18,329
1,balanced,fused,12,5,12,0.7173854208121644,1,18,329
1,balanced,fused,13,5,12,0.7635700316859737,1,18,329
1,balanced,fused,14,5,17,0.811685712910693,1,17,329
1,balanced,fused,15,5,17,0.8417191033676005,1,17,329
1,balanced,fused,16,5,17,0.34621315465620256,1,17,329
1,balanced,fused,17,5,28,0.5383204663977159,1,16,329
1,balanced,fused,18,5,28,0.5770540318459028,1,16,329
1,balanced,fused,19,5,28,0.7482278281018654,1,16,329
1,balanced,fused,20,5,28,0.6315226644270762,2,16,329
1,balanced,fused,21,5,30,0.22587317707702512,3,14,329
1,balanced,fused,22,5,30,0.32632592955802375,1,14,329
1,balanced,fused,23,5,30,0.690382112440936,1,14,329
1,balanced,fused,24,5,30,0.17659923787286602,3,14,329
1,balanced,fused,25,5,30,0.29045771447578206,3,14,329
1,balanced,fused,26,5,30,0.6664190609837706,1,14,329
1,balanced,fused,62,11,0,0.03017429193899782,30,3,338
1,balanced,fused,63,11,0,0.05928853754940711,22,3,338
1,balanced,fused,64,11,0,0.12092211387986036,6,3,338
1,balanced,fused,65,11,0,0.10543364681295715,10,3,338
1,balanced,fused,66,11,0,0.1643806485911749,3,3,338
1,balanced,fused,67,11,0,0.04714240102171136,16,3,338
1,balanced,fused,68,11,0,0.05096190167826884,24,3,338
1,balanced,fused,69,11,0,0.06384049220861365,17,3,338
1,balanced,fused,70,11,2,0.13202072204173046,5,8,338
1,balanced,fused,71,11,2,0.7190814393939394,1,8,338
1,balanced,fused,72,11,2,0.37578877005347594,2,8,338
1,balanced,fused,92,17,2,0.7097402597402598,1,5,341
1,balanced,fused,93,17,2,0.6765891472868217,1,5,341
1,balanced,fused,94,17,2,0.48154761904761906,1,5,341
1,balanced,fused,95,17,17,0.6222222222222222,1,5,341
1,balanced,fused,96,17,17,0.5080106100795756,1,5,341
1,balanced,fused,97,17,17,0.7533333333333333,1,5,341
1,balanced,fused,98,17,19,0.5419753086419753,1,6,341
1,balanced,fused,99,17,19,0.5001907814407814,1,6,341
1,balanced,fused,123,23,3,0.6855768225333443,1,11,336
1,balanced,fused,124,23,3,0.6202889282434737,1,11,336
1,balanced,fused,125,23,4,0.5191339715734793,1,11,336
1,balanced,fused,126,23,4,0.7104153360300901,1,11,336
1,balanced,fused,127,23,5,0.5022856338838744,1,11,336
1,balanced,fused,128,23,5,0.45166718202432493,2,11,336
1,balanced,fused,129,23,14,0.7572141379370296,1,11,336
1,balanced,fused,130,23,14,0.4600844807366547,1,11,336
1,balanced,fused,131,23,17,0.6365072182719242,1,10,336
1,balanced,fused,132,23,17,0.28415099337507216,1,10,336
1,balanced,fused,133,23,17,0.07311225459794804,26,10,336
1,balanced,fused,134,23,18,0.5783076908076908,1,11,336
1,balanced,fused,135,23,18,0.3232504270254655,3,11,336
1,balanced,fused,158,29,4,0.8588235294117647,1,5,342
1,balanced,fused,159,29,4,0.7513227513227514,1,5,342
1,balanced,fused,160,29,9,0.6394230769230769,1,4,342
1,balanced,fused,161,29,9,0.5055555555555555,1,4,342
1,balanced,fused,162,29,9,0.6291666666666667,1,4,342
1,balanced,fused,163,29,18,0.673109243697479,1,5,342
1,balanced,fused,164,29,18,0.17338054457619673,6,5,342
1,balanced,fused,185,35,4,0.7428571428571429,1,5,341
1,balanced,fused,186,35,4,0.6743902439024391,1,5,341
1,balanced,fused,187,35,4,0.7970370370370371,1,5,341
1,balanced,fused,188,35,5,0.8025252525252525,1,6,341
1,balanced,fused,189,35,5,0.8809523809523809,1,6,341
1,balanced,fused,190,35,18,0.9666666666666666,1,5,341
1,balanced,fused,191,35,18,0.5496503496503496,1,5,341
1,balanced,fused,192,35,18,0.0915052790346908,13,5,341
1,balanced,fused,222,46,0,0.05250325574823632,27,13,328
1,balanced,fused,223,46,0,0.060433307197349136,15,13,328
1,balanced,fused,224,46,0,0.12544751489266542,4,13,328
1,balanced,fused,225,46,0,0.08383336182649709,15,13,328
1,balanced,fused,226,46,0,0.04421612138620579,24,13,328
1,balanced,fused,227,46,0,0.05613455546073852,17,13,328
1,balanced,fused,228,46,0,0.10857343521602325,6,13,328
1,balanced,fused,229,46,0,0.03775718590774976,29,13,328
1,balanced,fused,230,46,5,0.3617932196025006,1,18,328
1,balanced,fused,231,46,5,0.3552964793243467,1,18,328
1,balanced,fused,232,46,5,0.4055605655404519,1,18,328
1,balanced,fused,233,46,8,0.33284105205058057,2,19,328
1,balanced,fused,234,46,8,0.2906293666595644,1,19,328
1,balanced,fused,235,46,9,0.3879543924596411,1,18,328
1,balanced,fused,236,46,9,0.46369724838927706,1,18,328
1,balanced,fused,237,46,9,0.39557411526852226,1,18,328
1,balanced,fused,238,46,12,0.37640359364714665,1,19,328
1,balanced,fused,239,46,12,0.5071811003789568,1,19,328
1,balanced,fused,240,46,17,0.25917294561060056,3,18,328
1,balanced,fused,241,46,17,0.5907851123444908,1,18,328
1,balanced,fused,242,46,17,0.6625201322925096,1,18,328
1,balanced,fused,278,68,0,0.24523930527934454,2,7,335
1,balanced,fused,279,68,0,0.19905982048839194,4,7,335
1,balanced,fused,280,68,0,0.46574770258980785,1,7,335
1,balanced,fused,281,68,0,0.5580376280066682,1,7,335
1,balanced,fused,282,68,0,0.8767507002801121,1,7,335
1,balanced,fused,283,68,0,0.31391453132977326,4,7,335
1,balanced,fused,284,68,0,0.10463888971486279,14,7,335
1,balanced,fused,285,68,8,0.8137325953773322,1,12,335
1,balanced,fused,286,68,8,0.6634428187011853,1,12,335
1,balanced,fused,287,68,29,0.7690611857278524,1,9,335
1,balanced,fused,288,68,29,0.3374119825661912,1,9,335
1,balanced,fused,289,68,29,0.5986577227280405,1,9,335
1,balanced,fused,290,68,29,0.45145903479236815,2,9,335
1,balanced,fused,291,68,29,0.7889610389610389,1,9,335
1,balanced,fused,304,78,10,1.0,1,5,342
1,balanced,fused,305,78,10,1.0,1,5,342
1,balanced,fused,306,78,16,1.0,1,4,342
1,balanced,fused,307,78,16,1.0,1,4,342
1,balanced,fused,308,78,16,1.0,1,4,342
1,balanced,fused,309,78,22,1.0,1,5,342
1,balanced,fused,310,78,22,1.0,1,5,342
1,balanced,fused,324,85,0,0.009249902837155072,155,2,339
1,balanced,fused,325,85,0,0.011159659896079357,116,2,339
1,balanced,fused,326,85,0,0.012385964912280702,114,2,339
1,balanced,fused,327,85,0,0.008806533098031073,169,2,339
1,balanced,fused,328,85,0,0.008972932888394512,155,2,339
1,balanced,fused,329,85,0,0.010051169590643274,144,2,339
1,balanced,fused,330,85,0,0.005621072694243426,234,2,339
1,balanced,fused,331,85,0,0.020182648401826486,73,2,339
1,balanced,fused,332,85,10,0.05498945294482132,33,8,339
1,balanced,fused,333,85,10,0.054120610098398705,45,8,339
1,balanced,fused,351,93,10,0.042767295597484274,15,2,345
1,balanced,fused,352,93,10,0.3055555555555556,2,2,345
1,balanced,fused,353,93,28,0.06538461538461539,10,2,345
1,balanced,fused,354,93,28,0.3269230769230769,2,2,345
1,balanced,fused,404,101,11,0.5824263038548753,1,7,339
1,balanced,fused,405,101,11,0.47244330510693394,1,7,339
1,balanced,fused,406,101,11,0.5734543234543235,1,7,339
1,balanced,fused,407,101,13,0.7518707482993197,1,7,339
1,balanced,fused,408,101,13,0.4246011441133392,1,7,339
1,balanced,fused,409,101,13,0.477521777941946,1,7,339
1,balanced,fused,410,101,15,0.3843968531468531,5,8,339
1,balanced,fused,411,101,15,0.46193181818181817,4,8,339
1,balanced,fused,412,101,16,0.36745200797710387,2,8,339
1,balanced,fused,413,101,16,0.29725091246472823,4,8,339
1,balanced,fused,435,113,12,0.041765480895915676,22,3,344
1,balanced,fused,436,113,12,0.07806267806267807,9,3,344
1,balanced,fused,437,113,19,0.03492537313432836,25,2,344
1,balanced,fused,438,113,19,0.15555555555555556,9,2,344
1,balanced,fused,439,113,19,0.03111111111111111,45,2,344
1,balanced,fused,464,130,13,0.631505459714415,1,10,337
1,balanced,fused,465,130,13,0.7621212121212121,1,10,337
1,balanced,fused,466,130,15,0.49819140229587994,1,9,337
1,balanced,fused,467,130,15,0.6524130839920314,1,9,337
1,balanced,fused,468,130,15,0.4391093474426808,1,9,337
1,balanced,fused,469,130,16,0.3459025948061036,2,8,337
1,balanced,fused,470,130,16,0.4264034780578898,1,8,337
1,balanced,fused,471,130,16,0.25974164515203674,6,8,337
1,balanced,fused,472,130,16,0.45726190476190476,3,8,337
1,balanced,fused,473,130,22,0.7632996632996634,1,9,337
1,balanced,fused,474,130,22,0.6313505938505939,1,9,337
1,balanced,fused,475,130,22,0.6794521917328935,1,9,337
1,balanced,fused,496,140,15,0.36511434410594074,1,7,340
1,balanced,fused,497,140,15,0.46831368566755416,1,7,340
1,balanced,fused,498,140,16,0.30854377104377106,4,6,340
1,balanced,fused,499,140,16,0.4553763440860215,1,6,340
1,balanced,fused,500,140,16,0.24581320052551436,2,6,340
1,balanced,fused,501,140,24,0.6931092436974791,1,5,340
1,balanced,fused,502,140,24,0.7142857142857142,1,5,340
1,balanced,fused,503,140,24,0.2393526499174766,4,5,340
1,balanced,fused,504,140,24,0.19964470284237726,4,5,340
1,balanced,fused,525,157,16,0.6805555555555556,1,4,343
1,balanced,fused,526,157,16,0.7351190476190477,1,4,343
1,balanced,fused,527,157,24,0.3269230769230769,2,2,343
1,balanced,fused,528,157,24,0.1736111111111111,8,2,343
1,balanced,fused,529,157,24,0.07261904761904761,20,2,343
1,balanced,fused,530,157,24,0.75,1,2,343
1,balanced,fused,550,167,17,0.5,2,2,344
1,balanced,fused,551,167,17,0.34090909090909094,2,2,344
1,balanced,fused,552,167,17,1.0,1,2,344
1,balanced,fused,553,167,18,0.34545454545454546,2,3,344
1,balanced,fused,554,167,18,0.4160401002506266,1,3,344
1,balanced,fused,580,175,18,0.5529489954489955,3,10,337
1,balanced,fused,581,175,18,0.8739958570840924,1,10,337
1,balanced,fused,582,175,19,0.2819379110339788,6,8,337
1,balanced,fused,583,175,19,0.5858423983423984,1,8,337
1,balanced,fused,584,175,19,0.5351449275362319,1,8,337
1,balanced,fused,585,175,19,0.3305860279567176,1,8,337
1,balanced,fused,586,175,25,0.6033333333333334,1,6,337
1,balanced,fused,587,175,25,0.4764480646059593,1,6,337
1,balanced,fused,588,175,25,0.7218406593406593,1,6,337
1,balanced,fused,589,175,25,0.5767195767195767,1,6,337
1,balanced,fused,590,175,25,0.49989787581699346,1,6,337
1,balanced,fused,591,175,25,0.5612219887955182,1,6,337
1,balanced,fused,672,229,26,0.32134453781512606,2,5,337
1,balanced,fused,673,229,26,0.5018985371926548,1,5,337
1,balanced,fused,674,229,26,0.7144827586206897,1,5,337
1,balanced,fused,675,229,26,0.5449417249417249,1,5,337
1,balanced,fused,676,229,26,0.018015264986924906,133,5,337
1,balanced,fused,677,229,26,1.0,1,5,337
1,balanced,fused,678,229,26,1.0,1,5,337
1,balanced,fused,679,229,30,0.4755928890893374,1,7,337
1,balanced,fused,680,229,30,0.6800147085861372,1,7,337
1,balanced,fused,681,229,30,0.5021161865360448,1,7,337
1,balanced,fused,682,229,30,0.8142857142857143,1,7,337
1,balanced,fused,683,229,30,0.7441204348212435,1,7,337
1,balanced,fused,711,238,0,0.10442108923475384,10,5,336
1,balanced,fused,712,238,0,0.09645530730750053,10,5,336
1,balanced,fused,713,238,0,0.28964285714285715,3,5,336
1,balanced,fused,714,238,0,0.30393569844789353,2,5,336
1,balanced,fused,715,238,0,0.11890276077791377,5,5,336
1,balanced,fused,716,238,0,0.3238095238095238,2,5,336
1,balanced,fused,717,238,0,0.0810404995331466,17,5,336
1,balanced,fused,718,238,0,0.07036784292598246,20,5,336
1,balanced,fused,719,238,28,0.08965487637362637,12,8,336
1,balanced,fused,720,238,28,0.3038450170224677,1,8,336
1,balanced,fused,721,238,28,0.10398635461902123,15,8,336
1,balanced,fused,722,238,28,0.0789613514258478,22,8,336
1,balanced,fused,723,238,28,0.35366042250233426,1,8,336
1,balanced,cnn,7,5,2,0.8201790864793961,1,17,329
1,balanced,cnn,8,5,2,0.7353066543607352,1,17,329
1,balanced,cnn,9,5,2,0.4910424449726475,1,17,329
1,balanced,cnn,10,5,11,0.7663251850484699,1,18,329
1,balanced,cnn,11,5,11,0.4401104759439058,1,18,329
1,balanced,cnn,12,5,12,0.46433629906876167,1,18,329
1,balanced,cnn,13,5,12,0.7212315168774439,1,18,329
1,balanced,cnn,14,5,17,0.601881606106951,1,17,329
1,balanced,cnn,15,5,17,0.7652584599668487,1,17,329
1,balanced,cnn,16,5,17,0.3061146878024679,1,17,329
1,balanced,cnn,17,5,28,0.47410181813185653,1,16,329
1,balanced,cnn,18,5,28,0.43797145787630753,1,16,329
1,balanced,cnn,19,5,28,0.6592746097551819,1,16,329
1,balanced,cnn,20,5,28,0.597611345840835,2,16,329
1,balanced,cnn,21,5,30,0.19764756532362648,2,14,329
1,balanced,cnn,22,5,30,0.2247996864026591,1,14,329
1,balanced,cnn,23,5,30,0.6114527653503614,1,14,329
1,balanced,cnn,24,5,30,0.16487656011051022,9,14,329
1,balanced,cnn,25,5,30,0.3045503738037487,2,14,329
1,balanced,cnn,26,5,30,0.4302694020435956,3,14,329
1,balanced,cnn,62,11,0,0.03244855823068309,19,3,338
1,balanced,cnn,63,11,0,0.0459872650650589,29,3,338
1,balanced,cnn,64,11,0,0.11651037226484796,6,3,338
1,balanced,cnn,65,11,0,0.09382561535252398,10,3,338
1,balanced,cnn,66,11,0,0.1577639751552795,5,3,338
1,balanced,cnn,67,11,0,0.042341074360778795,29,3,338
1,balanced,cnn,68,11,0,0.040187533145279626,37,3,338
1,balanced,cnn,69,11,0,0.06114890400604686,15,3,338
1,balanced,cnn,70,11,2,0.281542512694093,1,8,338
1,balanced,cnn,71,11,2,0.5563859697196957,1,8,338
1,balanced,cnn,72,11,2,0.4117785973084886,1,8,338
1,balanced,cnn,92,17,2,0.6523809523809524,1,5,341
1,balanced,cnn,93,17,2,0.6771428571428572,1,5,341
1,balanced,cnn,94,17,2,0.6926190476190476,1,5,341
1,balanced,cnn,95,17,17,0.47510822510822515,1,5,341
1,balanced,cnn,96,17,17,0.46741243505949387,1,5,341
1,balanced,cnn,97,17,17,0.5845021645021645,1,5,341
1,balanced,cnn,98,17,19,0.2719216276761034,2,6,341
1,balanced,cnn,99,17,19,0.4011586239847109,1,6,341
1,balanced,cnn,123,23,3,0.6533931373852323,1,11,336
1,balanced,cnn,124,23,3,0.6294071347547283,1,11,336
1,balanced,cnn,125,23,4,0.5540172035515836,1,11,336
1,balanced,cnn,126,23,4,0.6293067188116351,1,11,336
1,balanced,cnn,127,23,5,0.5283831862389174,1,11,336
1,balanced,cnn,128,23,5,0.4943957850934595,1,11,336
1,balanced,cnn,129,23,14,0.6984152164563086,1,11,336
1,balanced,cnn,130,23,14,0.5015615119471015,1,11,336
1,balanced,cnn,131,23,17,0.6679482323232323,1,10,336
1,balanced,cnn,132,23,17,0.3249869370825253,1,10,336
1,balanced,cnn,133,23,17,0.0813057132921755,34,10,336
1,balanced,cnn,134,23,18,0.5409521850698321,1,11,336
1,balanced,cnn,135,23,18,0.3395917640353377,3,11,336
1,balanced,cnn,158,29,4,0.8526315789473685,1,5,342
1,balanced,cnn,159,29,4,0.7127450980392156,1,5,342
1,balanced,cnn,160,29,9,0.5041208791208791,1,4,342
1,balanced,cnn,161,29,9,0.37916666666666665,2,4,342
1,balanced,cnn,162,29,9,0.5996732026143791,1,4,342
1,balanced,cnn,163,29,18,0.8155555555555555,1,5,342
1,balanced,cnn,164,29,18,0.18304040644597921,5,5,342
1,balanced,cnn,185,35,4,0.7465437788018433,1,5,341
1,balanced,cnn,186,35,4,0.663888888888889,1,5,341
1,balanced,cnn,187,35,4,0.6803603603603603,1,5,341
1,balanced,cnn,188,35,5,0.8703703703703703,1,6,341
1,balanced,cnn,189,35,5,0.8472222222222222,1,6,341
1,balanced,cnn,190,35,18,1.0,1,5,341
1,balanced,cnn,191,35,18,0.4647619047619047,1,5,341
1,balanced,cnn,192,35,18,0.08573593783594367,19,5,341
1,balanced,cnn,222,46,0,0.06622944698845164,11,13,328
1,balanced,cnn,223,46,0,0.06863788340008276,8,13,328
1,balanced,cnn,224,46,0,0.20068177009757582,1,13,328
1,balanced,cnn,225,46,0,0.09128800594634014,9,13,328
1,balanced,cnn,226,46,0,0.04334572835335311,14,13,328
1,balanced,cnn,227,46,0,0.05305452700342718,17,13,328
1,balanced,cnn,228,46,0,0.11474284484808818,3,13,328
1,balanced,cnn,229,46,0,0.042314162034285056,16,13,328
1,balanced,cnn,230,46,5,0.33000376835615586,1,18,328
1,balanced,cnn,231,46,5,0.36744105130721055,1,18,328
1,balanced,cnn,232,46,5,0.3917740333957481,1,18,328
1,balanced,cnn,233,46,8,0.16362914370200352,5,19,328
1,balanced,cnn,234,46,8,0.22803924311999282,1,19,328
1,balanced,cnn,235,46,9,0.35499500435948755,1,18,328
1,balanced,cnn,236,46,9,0.45964851470093276,1,18,328
1,balanced,cnn,237,46,9,0.3823708808740969,1,18,328
1,balanced,cnn,238,46,12,0.3005537055372091,4,19,328
1,balanced,cnn,239,46,12,0.4357668704875557,1,19,328
1,balanced,cnn,240,46,17,0.24072187861415026,5,18,328
1,balanced,cnn,241,46,17,0.5420650274192894,1,18,328
1,balanced,cnn,242,46,17,0.6109082128314072,1,18,328
1,balanced,cnn,278,68,0,0.13460436507531032,7,7,335
1,balanced,cnn,279,68,0,0.13992727850020203,4,7,335
1,balanced,cnn,280,68,0,0.3259687680740312,1,7,335
1,balanced,cnn,281,68,0,0.26676425719789576,1,7,335
1,balanced,cnn,282,68,0,0.6977384464110127,1,7,335
1,balanced,cnn,283,68,0,0.27534731013993685,3,7,335
1,balanced,cnn,284,68,0,0.06559738683124623,24,7,335
1,balanced,cnn,285,68,8,0.6627141407370166,1,12,335
1,balanced,cnn,286,68,8,0.49427200931057463,1,12,335
1,balanced,cnn,287,68,29,0.6776081942748609,1,9,335
1,balanced,cnn,288,68,29,0.28136693324510226,1,9,335
1,balanced,cnn,289,68,29,0.45877622267539014,1,9,335
1,balanced,cnn,290,68,29,0.39050275229137016,2,9,335
1,balanced,cnn,291,68,29,0.6083811250477917,1,9,335
1,balanced,cnn,304,78,10,1.0,1,5,342
1,balanced,cnn,305,78,10,0.9666666666666666,1,5,342
1,balanced,cnn,306,78,16,0.8875,1,4,342
1,balanced,cnn,307,78,16,1.0,1,4,342
1,balanced,cnn,308,78,16,1.0,1,4,342
1,balanced,cnn,309,78,22,1.0,1,5,342
1,balanced,cnn,310,78,22,1.0,1,5,342
1,balanced,cnn,324,85,0,0.007950741272118603,164,2,339
1,balanced,cnn,325,85,0,0.0082184689057141,153,2,339
1,balanced,cnn,326,85,0,0.008611281631539458,162,2,339
1,balanced,cnn,327,85,0,0.006923424440930652,190,2,339
1,balanced,cnn,328,85,0,0.007884049852961771,185,2,339
1,balanced,cnn,329,85,0,0.007781255433837593,162,2,339
1,balanced,cnn,330,85,0,0.005107699132492113,256,2,339
1,balanced,cnn,331,85,0,0.012967139175257731,97,2,339
1,balanced,cnn,332,85,10,0.053221286030939806,36,8,339
1,balanced,cnn,333,85,10,0.03560544527629292,68,8,339
1,balanced,cnn,351,93,10,0.12083333333333333,5,2,345
1,balanced,cnn,352,93,10,0.5833333333333334,1,2,345
1,balanced,cnn,353,93,28,0.23333333333333334,3,2,345
1,balanced,cnn,354,93,28,0.20833333333333331,4,2,345
1,balanced,cnn,404,101,11,0.6704545454545455,1,7,339
1,balanced,cnn,405,101,11,0.42840841570629057,1,7,339
1,balanced,cnn,406,101,11,0.5338855972496526,1,7,339
1,balanced,cnn,407,101,13,0.8115079365079365,1,7,339
1,balanced,cnn,408,101,13,0.35166133694853813,1,7,339
1,balanced,cnn,409,101,13,0.4078528364042289,1,7,339
1,balanced,cnn,410,101,15,0.32153537252221465,3,8,339
1,balanced,cnn,411,101,15,0.32400435212935214,3,8,339
1,balanced,cnn,412,101,16,0.28313170525127046,2,8,339
1,balanced,cnn,413,101,16,0.517270025701435,1,8,339
1,balanced,cnn,435,113,12,0.02496378561081603,38,3,344
1,balanced,cnn,436,113,12,0.03425147836912543,28,3,344
1,balanced,cnn,437,113,19,0.01300819809268864,86,2,344
1,balanced,cnn,438,113,19,0.07177033492822966,19,2,344
1,balanced,cnn,439,113,19,0.019824561403508772,75,2,344
1,balanced,cnn,464,130,13,0.6788991542562971,1,10,337
1,balanced,cnn,465,130,13,0.7498970473970474,1,10,337
1,balanced,cnn,466,130,15,0.5421178228824585,1,9,337
1,balanced,cnn,467,130,15,0.666661279896574,1,9,337
1,balanced,cnn,468,130,15,0.40765768408044833,1,9,337
1,balanced,cnn,469,130,16,0.31111742235094375,3,8,337
1,balanced,cnn,470,130,16,0.50113586523126,1,8,337
1,balanced,cnn,471,130,16,0.2088092828224407,7,8,337
1,balanced,cnn,472,130,16,0.4693407896532896,2,8,337
1,balanced,cnn,473,130,22,0.7867650867650868,1,9,337
1,balanced,cnn,474,130,22,0.6804716969190653,1,9,337
1,balanced,cnn,475,130,22,0.5551302714492018,1,9,337
1,balanced,cnn,496,140,15,0.23243319875194013,1,7,340
1,balanced,cnn,497,140,15,0.2187208118978328,2,7,340
1,balanced,cnn,498,140,16,0.23767226861875793,4,6,340
1,balanced,cnn,499,140,16,0.3134852961503905,2,6,340
1,balanced,cnn,500,140,16,0.2856193955079102,2,6,340
1,balanced,cnn,501,140,24,0.31373200442967886,3,5,340
1,balanced,cnn,502,140,24,0.6866666666666666,1,5,340
1,balanced,cnn,503,140,24,0.314047619047619,2,5,340
1,balanced,cnn,504,140,24,0.3800985221674877,1,5,340
1,balanced,cnn,525,157,16,0.5773809523809523,1,4,343
1,balanced,cnn,526,157,16,0.4964985994397759,1,4,343
1,balanced,cnn,527,157,24,0.13846153846153847,5,2,343
1,balanced,cnn,528,157,24,0.12142857142857143,10,2,343
1,balanced,cnn,529,157,24,0.06380952380952382,21,2,343
1,balanced,cnn,530,157,24,0.5666666666666667,1,2,343
1,balanced,cnn,550,167,17,0.13333333333333333,10,2,344
1,balanced,cnn,551,167,17,0.20512820512820512,3,2,344
1,balanced,cnn,552,167,17,1.0,1,2,344
1,balanced,cnn,553,167,18,0.22569444444444442,4,3,344
1,balanced,cnn,554,167,18,0.4053030303030303,1,3,344
1,balanced,cnn,580,175,18,0.5761052754435108,2,10,337
1,balanced,cnn,581,175,18,0.803054298642534,1,10,337
1,balanced,cnn,582,175,19,0.31154528282885063,5,8,337
1,balanced,cnn,583,175,19,0.5712644279310602,1,8,337
1,balanced,cnn,584,175,19,0.4724184782608696,1,8,337
1,balanced,cnn,585,175,19,0.16632221944721945,7,8,337
1,balanced,cnn,586,175,25,0.37463998419880773,2,6,337
1,balanced,cnn,587,175,25,0.5119949494949495,1,6,337
1,balanced,cnn,588,175,25,0.7067099567099567,1,6,337
1,balanced,cnn,589,175,25,0.5089285714285714,1,6,337
1,balanced,cnn,590,175,25,0.5416056166056166,1,6,337
1,balanced,cnn,591,175,25,0.5577131759360675,1,6,337
1,balanced,cnn,672,229,26,0.10595959595959596,7,5,337
1,balanced,cnn,673,229,26,0.5120978120978121,1,5,337
1,balanced,cnn,674,229,26,0.3909159159159159,1,5,337
1,balanced,cnn,675,229,26,0.37077922077922076,1,5,337
1,balanced,cnn,676,229,26,0.023191475731753224,111,5,337
1,balanced,cnn,677,229,26,0.8909090909090909,1,5,337
1,balanced,cnn,678,229,26,1.0,1,5,337
1,balanced,cnn,679,229,30,0.36222010620137085,1,7,337
1,balanced,cnn,680,229,30,0.5358956328645448,1,7,337
1,balanced,cnn,681,229,30,0.37833229843661603,1,7,337
1,balanced,cnn,682,229,30,0.6111196911196911,1,7,337
1,balanced,cnn,683,229,30,0.522133255215962,1,7,337
1,balanced,cnn,711,238,0,0.09821916645446058,14,5,336
1,balanced,cnn,712,238,0,0.10802981616280849,9,5,336
1,balanced,cnn,713,238,0,0.25952380952380955,3,5,336
1,balanced,cnn,714,238,0,0.21260104041616645,3,5,336
1,balanced,cnn,715,238,0,0.1326118326118326,7,5,336
1,balanced,cnn,716,238,0,0.10151858139973588,12,5,336
1,balanced,cnn,717,238,0,0.04739411302100888,40,5,336
1,balanced,cnn,718,238,0,0.09466408158761683,19,5,336
1,balanced,cnn,719,238,28,0.07419983222588444,17,8,336
1,balanced,cnn,720,238,28,0.28703548644338117,1,8,336
1,balanced,cnn,721,238,28,0.10470209426761698,20,8,336
1,balanced,cnn,722,238,28,0.06404215554005982,32,8,336
1,balanced,cnn,723,238,28,0.2718105065666041,2,8,336
1,balanced,transformer,7,5,2,0.6612877893049872,1,17,329
1,balanced,transformer,8,5,2,0.6984209251410647,1,17,329
1,balanced,transformer,9,5,2,0.5057193117247253,1,17,329
1,balanced,transformer,10,5,11,0.7862362850226392,1,18,329
1,balanced,transformer,11,5,11,0.5367301445921044,1,18,329
1,balanced,transformer,12,5,12,0.8374445781172746,1,18,329
1,balanced,transformer,13,5,12,0.7665441365635212,1,18,329
1,balanced,transformer,14,5,17,0.8152023501504471,1,17,329
1,balanced,transformer,15,5,17,0.8131374623828185,1,17,329
1,balanced,transformer,16,5,17,0.32910865558895797,1,17,329
1,balanced,transformer,17,5,28,0.3870094681194801,1,16,329
1,balanced,transformer,18,5,28,0.40831742625899964,2,16,329
1,balanced,transformer,19,5,28,0.7456226932789433,1,16,329
1,balanced,transformer,20,5,28,0.5611475888080025,2,16,329
1,balanced,transformer,21,5,30,0.26133598048162165,3,14,329
1,balanced,transformer,22,5,30,0.3652001559507495,1,14,329
1,balanced,transformer,23,5,30,0.7025447008640286,1,14,329
1,balanced,transformer,24,5,30,0.18230348243862635,7,14,329
1,balanced,transformer,25,5,30,0.30657616904961066,3,14,329
1,balanced,transformer,26,5,30,0.8018850430615136,1,14,329
1,balanced,transformer,62,11,0,0.028337756310986496,54,3,338
1,balanced,transformer,63,11,0,0.06242537313432836,16,3,338
1,balanced,transformer,64,11,0,0.13318737456668492,7,3,338
1,balanced,transformer,65,11,0,0.0706060606060606,11,3,338
1,balanced,transformer,66,11,0,0.14931598264931598,3,3,338
1,balanced,transformer,67,11,0,0.061486132914704346,13,3,338
1,balanced,transformer,68,11,0,0.052659802659802656,21,3,338
1,balanced,transformer,69,11,0,0.0491400333718393,20,3,338
1,balanced,transformer,70,11,2,0.08544910500524333,15,8,338
1,balanced,transformer,71,11,2,0.6496527777777777,1,8,338
1,balanced,transformer,72,11,2,0.42667282430213466,3,8,338
1,balanced,transformer,92,17,2,0.6422222222222222,1,5,341
1,balanced,transformer,93,17,2,0.5918518518518519,1,5,341
1,balanced,transformer,94,17,2,0.20789267945984363,5,5,341
1,balanced,transformer,95,17,17,0.6900000000000001,1,5,341
1,balanced,transformer,96,17,17,0.28550264550264554,2,5,341
1,balanced,transformer,97,17,17,0.835,1,5,341
1,balanced,transformer,98,17,19,0.33685891558163705,1,6,341
1,balanced,transformer,99,17,19,0.4020847573479152,1,6,341
1,balanced,transformer,123,23,3,0.6741782908449575,1,11,336
1,balanced,transformer,124,23,3,0.5877782508930051,1,11,336
1,balanced,transformer,125,23,4,0.47882603106988525,1,11,336
1,balanced,transformer,126,23,4,0.6033659876195421,1,11,336
1,balanced,transformer,127,23,5,0.46311113129294945,1,11,336
1,balanced,transformer,128,23,5,0.38150777167271244,2,11,336
1,balanced,transformer,129,23,14,0.7231572306309759,1,11,336
1,balanced,transformer,130,23,14,0.3900227982833062,1,11,336
1,balanced,transformer,131,23,17,0.6287504313466277,1,10,336
1,balanced,transformer,132,23,17,0.2466021330819718,2,10,336
1,balanced,transformer,133,23,17,0.083496267548631,21,10,336
1,balanced,transformer,134,23,18,0.46117326384682883,2,11,336
1,balanced,transformer,135,23,18,0.30116962341333714,7,11,336
1,balanced,transformer,158,29,4,0.8416666666666666,1,5,342
1,balanced,transformer,159,29,4,0.3703030303030303,3,5,342
1,balanced,transformer,160,29,9,0.6458333333333334,1,4,342
1,balanced,transformer,161,29,9,0.48703703703703705,1,4,342
1,balanced,transformer,162,29,9,0.5870927318295739,1,4,342
1,balanced,transformer,163,29,18,0.31964912280701757,3,5,342
1,balanced,transformer,164,29,18,0.12226476245564262,7,5,342
1,balanced,transformer,185,35,4,0.7436974789915967,1,5,341
1,balanced,transformer,186,35,4,0.7071428571428571,1,5,341
1,balanced,transformer,187,35,4,0.7555555555555555,1,5,341
1,balanced,transformer,188,35,5,0.6992521367521367,1,6,341
1,balanced,transformer,189,35,5,0.8257142857142857,1,6,341
1,balanced,transformer,190,35,18,1.0,1,5,341
1,balanced,transformer,191,35,18,0.6655122655122655,1,5,341
1,balanced,transformer,192,35,18,0.07977512554618132,17,5,341
1,balanced,transformer,222,46,0,0.04411748852774047,43,13,328
1,balanced,transformer,223,46,0,0.05914282938602911,17,13,328
1,balanced,transformer,224,46,0,0.11059210667341914,4,13,328
1,balanced,transformer,225,46,0,0.07422042877376321,14,13,328
1,balanced,transformer,226,46,0,0.04774382244428339,28,13,328
1,balanced,transformer,227,46,0,0.05397065278033083,24,13,328
1,balanced,transformer,228,46,0,0.1394649722444732,3,13,328
1,balanced,transformer,229,46,0,0.04257710019545409,29,13,328
1,balanced,transformer,230,46,5,0.4052109368265658,1,18,328
1,balanced,transformer,231,46,5,0.36476621055443803,1,18,328
1,balanced,transformer,232,46,5,0.4348122326489945,1,18,328
1,balanced,transformer,233,46,8,0.40473743739488355,2,19,328
1,balanced,transformer,234,46,8,0.36358590807654123,1,19,328
1,balanced,transformer,235,46,9,0.4240315922516938,1,18,328
1,balanced,transformer,236,46,9,0.48446414118619036,1,18,328
1,balanced,transformer,237,46,9,0.33755328420347497,1,18,328
1,balanced,transformer,238,46,12,0.4622925660821425,1,19,328
1,balanced,transformer,239,46,12,0.555395888524762,1,19,328
1,balanced,transformer,240,46,17,0.26469019542449873,5,18,328
1,balanced,transformer,241,46,17,0.5488238235580087,1,18,328
1,balanced,transformer,242,46,17,0.5754736753656885,1,18,328
1,balanced,transformer,278,68,0,0.6389008234872896,1,7,335
1,balanced,transformer,279,68,0,0.5796930342384888,1,7,335
1,balanced,transformer,280,68,0,0.4957141690295329,1,7,335
1,balanced,transformer,281,68,0,0.6013654265533965,1,7,335
1,balanced,transformer,282,68,0,0.8793650793650795,1,7,335
1,balanced,transformer,283,68,0,0.3270582096474954,2,7,335
1,balanced,transformer,284,68,0,0.2569025140278713,3,7,335
1,balanced,transformer,285,68,8,0.8074369973644021,1,12,335
1,balanced,transformer,286,68,8,0.736413644428387,1,12,335
1,balanced,transformer,287,68,29,0.8123456790123457,1,9,335
1,balanced,transformer,288,68,29,0.16178389787535394,3,9,335
1,balanced,transformer,289,68,29,0.6502425044091711,1,9,335
1,balanced,transformer,290,68,29,0.35353868353868356,2,9,335
1,balanced,transformer,291,68,29,0.8478615520282187,1,9,335
1,balanced,transformer,304,78,10,1.0,1,5,342
1,balanced,transformer,305,78,10,1.0,1,5,342
1,balanced,transformer,306,78,16,1.0,1,4,342
1,balanced,transformer,307,78,16,1.0,1,4,342
1,balanced,transformer,308,78,16,1.0,1,4,342
1,balanced,transformer,309,78,22,1.0,1,5,342
1,balanced,transformer,310,78,22,0.9428571428571428,1,5,342
1,balanced,transformer,324,85,0,0.013080576350317959,101,2,339
1,balanced,transformer,325,85,0,0.017720530835284937,61,2,339
1,balanced,transformer,326,85,0,0.01689366160293347,83,2,339
1,balanced,transformer,327,85,0,0.00821256038647343,180,2,339
1,balanced,transformer,328,85,0,0.013910969793322734,102,2,339
1,balanced,transformer,329,85,0,0.013191557403261913,106,2,339
1,balanced,transformer,330,85,0,0.006256791017747193,220,2,339
1,balanced,transformer,331,85,0,0.023752012882447666,54,2,339
1,balanced,transformer,332,85,10,0.06651201020594184,23,8,339
1,balanced,transformer,333,85,10,0.06034339198425387,32,8,339
1,balanced,transformer,351,93,10,0.01693573915796138,39,2,345
1,balanced,transformer,352,93,10,0.14224137931034483,4,2,345
1,balanced,transformer,353,93,28,0.02162353775257001,31,2,345
1,balanced,transformer,354,93,28,0.28448275862068967,2,2,345
1,balanced,transformer,404,101,11,0.4612185269588061,1,7,339
1,balanced,transformer,405,101,11,0.456639566395664,1,7,339
1,balanced,transformer,406,101,11,0.5659332313467652,1,7,339
1,balanced,transformer,407,101,13,0.4984470555899127,1,7,339
1,balanced,transformer,408,101,13,0.4613378684807256,1,7,339
1,balanced,transformer,409,101,13,0.44731379731379733,1,7,339
1,balanced,transformer,410,101,15,0.37489402958152956,5,8,339
1,balanced,transformer,411,101,15,0.4138618326118326,4,8,339
1,balanced,transformer,412,101,16,0.2581463665320938,2,8,339
1,balanced,transformer,413,101,16,0.20975783742413023,3,8,339
1,balanced,transformer,435,113,12,0.060041407867494824,23,3,344
1,balanced,transformer,436,113,12,0.1286549707602339,5,3,344
1,balanced,transformer,437,113,19,0.1388888888888889,6,2,344
1,balanced,transformer,438,113,19,0.11688311688311688,11,2,344
1,balanced,transformer,439,113,19,0.05622188905547226,23,2,344
1,balanced,transformer,464,130,13,0.5202279802546309,1,10,337
1,balanced,transformer,465,130,13,0.6933737585943469,1,10,337
1,balanced,transformer,466,130,15,0.38008299146836355,1,9,337
1,balanced,transformer,467,130,15,0.6076211853989633,1,9,337
1,balanced,transformer,468,130,15,0.41342663416452496,1,9,337
1,balanced,transformer,469,130,16,0.2836826751295746,4,8,337
1,balanced,transformer,470,130,16,0.30047922900068424,1,8,337
1,balanced,transformer,471,130,16,0.2788859691033604,5,8,337
1,balanced,transformer,472,130,16,0.43635392385392385,3,8,337
1,balanced,transformer,473,130,22,0.6723887223887224,1,9,337
1,balanced,transformer,474,130,22,0.6745791245791246,1,9,337
1,balanced,transformer,475,130,22,0.6466423572401834,1,9,337
1,balanced,transformer,496,140,15,0.16463188379564686,4,7,340
1,balanced,transformer,497,140,15,0.39032313912325206,1,7,340
1,balanced,transformer,498,140,16,0.33822683355292055,2,6,340
1,balanced,transformer,499,140,16,0.42660553996434863,1,6,340
1,balanced,transformer,500,140,16,0.3248573796063953,1,6,340
1,balanced,transformer,501,140,24,0.45662337662337665,2,5,340
1,balanced,transformer,502,140,24,0.672077922077922,1,5,340
1,balanced,transformer,503,140,24,0.2522130505941792,2,5,340
1,balanced,transformer,504,140,24,0.15927371437333487,9,5,340
1,balanced,transformer,525,157,16,0.7916666666666666,1,4,343
1,balanced,transformer,526,157,16,0.8026315789473684,1,4,343
1,balanced,transformer,527,157,24,0.26785714285714285,4,2,343
1,balanced,transformer,528,157,24,0.75,1,2,343
1,balanced,transformer,529,157,24,0.052258064516129035,25,2,343
1,balanced,transformer,530,157,24,0.8333333333333333,1,2,343
1,balanced,transformer,550,167,17,1.0,1,2,344
1,balanced,transformer,551,167,17,0.6666666666666666,1,2,344
1,balanced,transformer,552,167,17,0.8333333333333333,1,2,344
1,balanced,transformer,553,167,18,0.37142857142857144,2,3,344
1,balanced,transformer,554,167,18,0.28461538461538466,2,3,344
1,balanced,transformer,580,175,18,0.46327339842819715,4,10,337
1,balanced,transformer,581,175,18,0.8481579722959033,1,10,337
1,balanced,transformer,582,175,19,0.28294476356976356,4,8,337
1,balanced,transformer,583,175,19,0.5099714827656004,1,8,337
1,balanced,transformer,584,175,19,0.5470938375350141,1,8,337
1,balanced,transformer,585,175,19,0.35848583877995643,1,8,337
1,balanced,transformer,586,175,25,0.4179780361757106,1,6,337
1,balanced,transformer,587,175,25,0.44037406629318393,1,6,337
1,balanced,transformer,588,175,25,0.6684782608695653,1,6,337
1,balanced,transformer,589,175,25,0.4882014930397751,1,6,337
1,balanced,transformer,590,175,25,0.3455968352253182,1,6,337
1,balanced,transformer,591,175,25,0.3941786283891547,1,6,337
1,balanced,transformer,672,229,26,0.33142179354233847,1,5,337
1,balanced,transformer,673,229,26,0.46002659574468086,1,5,337
1,balanced,transformer,674,229,26,0.4614529914529914,2,5,337
1,balanced,transformer,675,229,26,0.4733939393939394,1,5,337
1,balanced,transformer,676,229,26,0.014555830971145392,143,5,337
1,balanced,transformer,677,229,26,0.668974358974359,1,5,337
1,balanced,transformer,678,229,26,0.8766666666666667,1,5,337
1,balanced,transformer,679,229,30,0.5173414820473644,1,7,337
1,balanced,transformer,680,229,30,0.5767576166268977,1,7,337
1,balanced,transformer,681,229,30,0.5578593045519116,1,7,337
1,balanced,transformer,682,229,30,0.8610644257703081,1,7,337
1,balanced,transformer,683,229,30,0.6962486917844061,1,7,337
1,balanced,transformer,711,238,0,0.08992680977806836,12,5,336
1,balanced,transformer,712,238,0,0.07289066254583496,13,5,336
1,balanced,transformer,713,238,0,0.3202564102564103,3,5,336
1,balanced,transformer,714,238,0,0.4101045296167247,1,5,336
1,balanced,transformer,715,238,0,0.05085462633884093,14,5,336
1,balanced,transformer,716,238,0,0.5935897435897436,2,5,336
1,balanced,transformer,717,238,0,0.07559397535802607,13,5,336
1,balanced,transformer,718,238,0,0.06417666624563176,18,5,336
1,balanced,transformer,719,238,28,0.07772905659255679,10,8,336
1,balanced,transformer,720,238,28,0.1294979530273648,7,8,336
1,balanced,transformer,721,238,28,0.09528607655329156,14,8,336
1,balanced,transformer,722,238,28,0.06053949046367871,26,8,336
1,balanced,transformer,723,238,28,0.1830985355868247,2,8,336
1,balanced,mamba,7,5,2,0.7304619327033121,1,17,329
1,balanced,mamba,8,5,2,0.6926440532434122,1,17,329
1,balanced,mamba,9,5,2,0.4470973744281764,1,17,329
1,balanced,mamba,10,5,11,0.689632594912443,1,18,329
1,balanced,mamba,11,5,11,0.4149256906699324,1,18,329
1,balanced,mamba,12,5,12,0.6802877132514366,1,18,329
1,balanced,mamba,13,5,12,0.6988605140143509,1,18,329
1,balanced,mamba,14,5,17,0.7372846156150654,1,17,329
1,balanced,mamba,15,5,17,0.8201240922127451,1,17,329
1,balanced,mamba,16,5,17,0.3102251512101315,1,17,329
1,balanced,mamba,17,5,28,0.5755111779394293,1,16,329
1,balanced,mamba,18,5,28,0.5651495104461961,1,16,329
1,balanced,mamba,19,5,28,0.7491747521376971,1,16,329
1,balanced,mamba,20,5,28,0.7149054241200721,1,16,329
1,balanced,mamba,21,5,30,0.2707104642643693,1,14,329
1,balanced,mamba,22,5,30,0.31278635741127564,1,14,329
1,balanced,mamba,23,5,30,0.7080676414400068,1,14,329
1,balanced,mamba,24,5,30,0.11898510734011461,5,14,329
1,balanced,mamba,25,5,30,0.1717740344839658,5,14,329
1,balanced,mamba,26,5,30,0.49657142191180614,1,14,329
1,balanced,mamba,62,11,0,0.03375977256574272,21,3,338
1,balanced,mamba,63,11,0,0.06284086284086284,18,3,338
1,balanced,mamba,64,11,0,0.10858585858585858,8,3,338
1,balanced,mamba,65,11,0,0.11226551226551225,7,3,338
1,balanced,mamba,66,11,0,0.3743890518084066,1,3,338
1,balanced,mamba,67,11,0,0.058684120767321775,9,3,338
1,balanced,mamba,68,11,0,0.049569257902591236,24,3,338
1,balanced,mamba,69,11,0,0.12941176470588237,5,3,338
1,balanced,mamba,70,11,2,0.15919203185254502,2,8,338
1,balanced,mamba,71,11,2,0.7311965811965812,1,8,338
1,balanced,mamba,72,11,2,0.40050071188745806,1,8,338
1,balanced,mamba,92,17,2,0.7217948717948718,1,5,341
1,balanced,mamba,93,17,2,0.6164955070603337,1,5,341
1,balanced,mamba,94,17,2,0.4603479853479853,1,5,341
1,balanced,mamba,95,17,17,0.5554545454545454,1,5,341
1,balanced,mamba,96,17,17,0.5254201680672269,1,5,341
1,balanced,mamba,97,17,17,0.4125757575757576,3,5,341
1,balanced,mamba,98,17,19,0.5717167539748185,1,6,341
1,balanced,mamba,99,17,19,0.44584500466853405,2,6,341
1,balanced,mamba,123,23,3,0.642561372375037,1,11,336
1,balanced,mamba,124,23,3,0.5618396928741757,1,11,336
1,balanced,mamba,125,23,4,0.5127082121400304,1,11,336
1,balanced,mamba,126,23,4,0.6723807221147647,1,11,336
1,balanced,mamba,127,23,5,0.4963587676154521,1,11,336
1,balanced,mamba,128,23,5,0.4534088652197157,2,11,336
1,balanced,mamba,129,23,14,0.7416182700871695,1,11,336
1,balanced,mamba,130,23,14,0.31585871585871583,2,11,336
1,balanced,mamba,131,23,17,0.5925968992248062,1,10,336
1,balanced,mamba,132,23,17,0.1829768901224685,2,10,336
1,balanced,mamba,133,23,17,0.05642127506404744,22,10,336
1,balanced,mamba,134,23,18,0.5254090880573093,1,11,336
1,balanced,mamba,135,23,18,0.31146381349267593,3,11,336
1,balanced,mamba,158,29,4,0.9,1,5,342
1,balanced,mamba,159,29,4,0.7658119658119659,1,5,342
1,balanced,mamba,160,29,9,0.7708333333333334,1,4,342
1,balanced,mamba,161,29,9,0.5472222222222222,1,4,342
1,balanced,mamba,162,29,9,0.6904761904761905,1,4,342
1,balanced,mamba,163,29,18,0.8166666666666667,1,5,342
1,balanced,mamba,164,29,18,0.24941176470588236,3,5,342
1,balanced,mamba,185,35,4,0.7303030303030302,1,5,341
1,balanced,mamba,186,35,4,0.6106280193236715,1,5,341
1,balanced,mamba,187,35,4,0.7457142857142858,1,5,341
1,balanced,mamba,188,35,5,0.6064814814814815,1,6,341
1,balanced,mamba,189,35,5,0.8531746031746031,1,6,341
1,balanced,mamba,190,35,18,0.9,1,5,341
1,balanced,mamba,191,35,18,0.38096491228070173,2,5,341
1,balanced,mamba,192,35,18,0.09610771372461283,8,5,341
1,balanced,mamba,222,46,0,0.050783267749602685,39,13,328
1,balanced,mamba,223,46,0,0.05768410374342452,30,13,328
1,balanced,mamba,224,46,0,0.11829666714704036,8,13,328
1,balanced,mamba,225,46,0,0.0988402921784038,15,13,328
1,balanced,mamba,226,46,0,0.04239731074845551,37,13,328
1,balanced,mamba,227,46,0,0.058130165199509046,18,13,328
1,balanced,mamba,228,46,0,0.08436459511109534,14,13,328
1,balanced,mamba,229,46,0,0.031237284156411797,55,13,328
1,balanced,mamba,230,46,5,0.3113801452506857,1,18,328
1,balanced,mamba,231,46,5,0.34541700348110654,1,18,328
1,balanced,mamba,232,46,5,0.38146668706061104,1,18,328
1,balanced,mamba,233,46,8,0.3276865524322303,2,19,328
1,balanced,mamba,234,46,8,0.22460558891507695,1,19,328
1,balanced,mamba,235,46,9,0.3514295506923009,1,18,328
1,balanced,mamba,236,46,9,0.4245098811290696,1,18,328
1,balanced,mamba,237,46,9,0.39799549383956595,1,18,328
1,balanced,mamba,238,46,12,0.3488498408266507,1,19,328
1,balanced,mamba,239,46,12,0.4877894824532905,1,19,328
1,balanced,mamba,240,46,17,0.2520188554627609,2,18,328
1,balanced,mamba,241,46,17,0.4724079068227728,1,18,328
1,balanced,mamba,242,46,17,0.6340136864717337,1,18,328
1,balanced,mamba,278,68,0,0.12012887863152284,8,7,335
1,balanced,mamba,279,68,0,0.1102987850952606,13,7,335
1,balanced,mamba,280,68,0,0.6352380952380952,1,7,335
1,balanced,mamba,281,68,0,0.6498067957034522,1,7,335
1,balanced,mamba,282,68,0,0.7639455782312925,1,7,335
1,balanced,mamba,283,68,0,0.28848195758212736,5,7,335
1,balanced,mamba,284,68,0,0.09425176065026644,13,7,335
1,balanced,mamba,285,68,8,0.8349839862034983,1,12,335
1,balanced,mamba,286,68,8,0.6318540117868511,1,12,335
1,balanced,mamba,287,68,29,0.7336385836385836,1,9,335
1,balanced,mamba,288,68,29,0.48930386969602657,1,9,335
1,balanced,mamba,289,68,29,0.6776388888888889,1,9,335
1,balanced,mamba,290,68,29,0.6483767866120806,1,9,335
1,balanced,mamba,291,68,29,0.7729326286601829,1,9,335
1,balanced,mamba,304,78,10,1.0,1,5,342
1,balanced,mamba,305,78,10,1.0,1,5,342
1,balanced,mamba,306,78,16,1.0,1,4,342
1,balanced,mamba,307,78,16,1.0,1,4,342
1,balanced,mamba,308,78,16,1.0,1,4,342
1,balanced,mamba,309,78,22,1.0,1,5,342
1,balanced,mamba,310,78,22,1.0,1,5,342
1,balanced,mamba,324,85,0,0.008078231292517005,168,2,339
1,balanced,mamba,325,85,0,0.01162931556632344,127,2,339
1,balanced,mamba,326,85,0,0.01384949896010588,82,2,339
1,balanced,mamba,327,85,0,0.011803774577497206,111,2,339
1,balanced,mamba,328,85,0,0.007817638266068759,150,2,339
1,balanced,mamba,329,85,0,0.009880952380952381,120,2,339
1,balanced,mamba,330,85,0,0.006021619584396896,217,2,339
1,balanced,mamba,331,85,0,0.01604859335038363,68,2,339
1,balanced,mamba,332,85,10,0.04492128480699488,54,8,339
1,balanced,mamba,333,85,10,0.06101222890408741,31,8,339
1,balanced,mamba,351,93,10,0.0517948717948718,13,2,345
1,balanced,mamba,352,93,10,0.20238095238095238,3,2,345
1,balanced,mamba,353,93,28,0.03203203203203203,37,2,345
1,balanced,mamba,354,93,28,0.25,4,2,345
1,balanced,mamba,404,101,11,0.4837296657793552,1,7,339
1,balanced,mamba,405,101,11,0.47065201878866475,1,7,339
1,balanced,mamba,406,101,11,0.5368637110016421,1,7,339
1,balanced,mamba,407,101,13,0.6542517006802722,1,7,339
1,balanced,mamba,408,101,13,0.5138027962571573,1,7,339
1,balanced,mamba,409,101,13,0.42830910141834516,1,7,339
1,balanced,mamba,410,101,15,0.31257648720463366,5,8,339
1,balanced,mamba,411,101,15,0.46662087912087913,3,8,339
1,balanced,mamba,412,101,16,0.3767567893575958,1,8,339
1,balanced,mamba,413,101,16,0.2670958330884802,8,8,339
1,balanced,mamba,435,113,12,0.043769338959212374,15,3,344
1,balanced,mamba,436,113,12,0.15054390054390054,3,3,344
1,balanced,mamba,437,113,19,0.019910644910644912,44,2,344
1,balanced,mamba,438,113,19,0.3333333333333333,3,2,344
1,balanced,mamba,439,113,19,0.022254475084663765,53,2,344
1,balanced,mamba,464,130,13,0.6659235209235209,1,10,337
1,balanced,mamba,465,130,13,0.6423598623598623,1,10,337
1,balanced,mamba,466,130,15,0.4222488343482947,1,9,337
1,balanced,mamba,467,130,15,0.6428688484954469,1,9,337
1,balanced,mamba,468,130,15,0.4958586400547985,1,9,337
1,balanced,mamba,469,130,16,0.4936010971786834,1,8,337
1,balanced,mamba,470,130,16,0.5032353950958602,1,8,337
1,balanced,mamba,471,130,16,0.3450013073360227,3,8,337
1,balanced,mamba,472,130,16,0.4336776377217554,2,8,337
1,balanced,mamba,473,130,22,0.7791057163606183,1,9,337
1,balanced,mamba,474,130,22,0.5167146219320132,1,9,337
1,balanced,mamba,475,130,22,0.6890600684718332,1,9,337
1,balanced,mamba,496,140,15,0.40499791144527986,1,7,340
1,balanced,mamba,497,140,15,0.40489520164692794,2,7,340
1,balanced,mamba,498,140,16,0.33223304473304477,3,6,340
1,balanced,mamba,499,140,16,0.39441394987802175,1,6,340
1,balanced,mamba,500,140,16,0.29298515104966716,1,6,340
1,balanced,mamba,501,140,24,0.7268115942028985,1,5,340
1,balanced,mamba,502,140,24,0.773109243697479,1,5,340
1,balanced,mamba,503,140,24,0.19774436090225564,4,5,340
1,balanced,mamba,504,140,24,0.17745782726045883,5,5,340
1,balanced,mamba,525,157,16,0.7166666666666667,1,4,343
1,balanced,mamba,526,157,16,0.6101190476190477,1,4,343
1,balanced,mamba,527,157,24,0.5555555555555556,1,2,343
1,balanced,mamba,528,157,24,0.18253968253968253,7,2,343
1,balanced,mamba,529,157,24,0.08496732026143791,17,2,343
1,balanced,mamba,530,157,24,0.6666666666666666,1,2,343
1,balanced,mamba,550,167,17,0.2111111111111111,5,2,344
1,balanced,mamba,551,167,17,0.34090909090909094,2,2,344
1,balanced,mamba,552,167,17,1.0,1,2,344
1,balanced,mamba,553,167,18,0.3703703703703704,2,3,344
1,balanced,mamba,554,167,18,0.4280936454849498,1,3,344
1,balanced,mamba,580,175,18,0.5944047619047619,3,10,337
1,balanced,mamba,581,175,18,0.9206417112299465,1,10,337
1,balanced,mamba,582,175,19,0.2894094733768647,3,8,337
1,balanced,mamba,583,175,19,0.587191091954023,1,8,337
1,balanced,mamba,584,175,19,0.5581089743589743,1,8,337
1,balanced,mamba,585,175,19,0.3613121467269065,1,8,337
1,balanced,mamba,586,175,25,0.6098484848484849,1,6,337
1,balanced,mamba,587,175,25,0.4478638973319824,1,6,337
1,balanced,mamba,588,175,25,0.7520363408521303,1,6,337
1,balanced,mamba,589,175,25,0.6081018518518518,1,6,337
1,balanced,mamba,590,175,25,0.42909356725146197,2,6,337
1,balanced,mamba,591,175,25,0.6095860566448802,1,6,337
1,balanced,mamba,672,229,26,0.6601449275362319,1,5,337
1,balanced,mamba,673,229,26,0.5701970443349753,1,5,337
1,balanced,mamba,674,229,26,0.8142857142857143,1,5,337
1,balanced,mamba,675,229,26,0.513888888888889,1,5,337
1,balanced,mamba,676,229,26,0.017148085316541963,138,5,337
1,balanced,mamba,677,229,26,1.0,1,5,337
1,balanced,mamba,678,229,26,1.0,1,5,337
1,balanced,mamba,679,229,30,0.6209192768016297,1,7,337
1,balanced,mamba,680,229,30,0.7220765521398433,1,7,337
1,balanced,mamba,681,229,30,0.47226015919564307,1,7,337
1,balanced,mamba,682,229,30,0.7973098330241187,1,7,337
1,balanced,mamba,683,229,30,0.780294893076848,1,7,337
1,balanced,mamba,711,238,0,0.10983715699505173,9,5,336
1,balanced,mamba,712,238,0,0.0952154195011338,9,5,336
1,balanced,mamba,713,238,0,0.22386350491613652,5,5,336
1,balanced,mamba,714,238,0,0.41067323481116585,1,5,336
1,balanced,mamba,715,238,0,0.21540854978354976,4,5,336
1,balanced,mamba,716,238,0,0.41809523809523813,1,5,336
1,balanced,mamba,717,238,0,0.0908073832765882,8,5,336
1,balanced,mamba,718,238,0,0.0498894263275602,34,5,336
1,balanced,mamba,719,238,28,0.09825547445777173,15,8,336
1,balanced,mamba,720,238,28,0.30918825538390754,1,8,336
1,balanced,mamba,721,238,28,0.08556090303241953,18,8,336
1,balanced,mamba,722,238,28,0.11239537351607065,13,8,336
1,balanced,mamba,723,238,28,0.6110751915708812,1,8,336
2,control,baseline_only,27,7,2,0.46134615384615385,1,5,316
2,control,baseline_only,28,7,2,0.6833333333333333,1,5,316
2,control,baseline_only,29,7,7,0.0698191391941392,16,4,316
2,control,baseline_only,30,7,7,0.525,1,4,316
2,control,baseline_only,31,7,7,0.05428843544515186,13,4,316
2,control,baseline_only,32,7,14,0.4063726970703715,1,5,316
2,control,baseline_only,33,7,14,0.3007583111748899,2,5,316
2,control,baseline_only,73,13,2,0.3823850752422181,1,7,314
2,control,baseline_only,74,13,2,0.3786690898163777,1,7,314
2,control,baseline_only,75,13,7,0.712121212121212,1,7,314
2,control,baseline_only,76,13,7,0.5859977324263038,2,7,314
2,control,baseline_only,77,13,10,0.5277683491969206,2,7,314
2,control,baseline_only,78,13,10,0.43333769405197975,2,7,314
2,control,baseline_only,79,13,28,0.844017094017094,1,6,314
2,control,baseline_only,80,13,28,0.49272486772486773,2,6,314
2,control,baseline_only,81,13,28,0.8019841269841269,1,6,314
2,control,baseline_only,100,19,3,0.7556998556998558,1,11,309
2,control,baseline_only,101,19,3,0.953063098517644,1,11,309
2,control,baseline_only,102,19,3,0.9631641086186541,1,11,309
2,control,baseline_only,103,19,5,0.7115259740259741,1,11,309
2,control,baseline_only,104,19,5,0.7678158541794905,1,11,309
2,control,baseline_only,105,19,5,0.8947639415342764,1,11,309
2,control,baseline_only,106,19,7,0.7162638086551131,1,11,309
2,control,baseline_only,107,19,7,0.8228007061011013,1,11,309
2,control,baseline_only,108,19,7,0.5881023860900022,1,11,309
2,control,baseline_only,109,19,9,0.7274410774410774,2,12,309
2,control,baseline_only,110,19,9,0.9322131572131572,1,12,309
2,control,baseline_only,111,19,12,0.7029089597271415,1,11,309
2,control,baseline_only,112,19,12,0.9805194805194806,1,11,309
2,control,baseline_only,113,19,12,0.8602121111212021,1,11,309
2,control,baseline_only,136,25,3,0.9754901960784313,1,12,309
2,control,baseline_only,137,25,3,0.8996150353058248,1,12,309
2,control,baseline_only,138,25,5,0.8670330339738235,1,12,309
2,control,baseline_only,139,25,5,0.911584595959596,1,12,309
2,control,baseline_only,140,25,7,0.5287704829206805,1,11,309
2,control,baseline_only,141,25,7,0.8026954325867369,1,11,309
2,control,baseline_only,142,25,7,0.6862208053384524,1,11,309
2,control,baseline_only,143,25,9,0.8483531746031746,1,10,309
2,control,baseline_only,144,25,9,0.8748122047035091,1,10,309
2,control,baseline_only,145,25,9,0.8286752136752137,1,10,309
2,control,baseline_only,146,25,9,0.9833333333333334,1,10,309
2,control,baseline_only,147,25,14,0.9715909090909091,1,11,309
2,control,baseline_only,148,25,14,0.9617224880382775,1,11,309
2,control,baseline_only,149,25,14,0.8497405819986465,1,11,309
2,control,baseline_only,165,31,4,0.8333333333333333,1,2,319
2,control,baseline_only,166,31,4,1.0,1,2,319
2,control,baseline_only,167,31,14,0.5833333333333333,2,2,319
2,control,baseline_only,168,31,14,0.6666666666666666,1,2,319
2,control,baseline_only,193,38,4,1.0,1,9,311
2,control,baseline_only,194,38,4,0.8730210602759622,1,9,311
2,control,baseline_only,195,38,4,0.9603174603174602,1,9,311
2,control,baseline_only,196,38,5,1.0,1,10,311
2,control,baseline_only,197,38,5,1.0,1,10,311
2,control,baseline_only,198,38,9,1.0,1,10,311
2,control,baseline_only,199,38,9,1.0,1,10,311
2,control,baseline_only,200,38,14,1.0,1,8,311
2,control,baseline_only,201,38,14,0.9427083333333334,1,8,311
2,control,baseline_only,202,38,14,1.0,1,8,311
2,control,baseline_only,203,38,14,0.900974025974026,1,8,311
2,control,baseline_only,204,38,18,0.9562770562770563,1,11,311
2,control,baseline_only,257,60,7,0.8333333333333333,1,2,318
2,control,baseline_only,258,60,7,0.6,1,2,318
2,control,baseline_only,259,60,7,0.5909090909090909,1,2,318
2,control,baseline_only,260,60,12,0.44761904761904764,1,3,318
2,control,baseline_only,261,60,12,0.6666666666666666,1,3,318
2,control,baseline_only,292,71,8,0.1111111111111111,9,1,319
2,control,baseline_only,293,71,8,0.5,2,1,319
2,control,baseline_only,294,71,8,0.1111111111111111,9,1,319
2,control,baseline_only,295,71,9,0.8055555555555555,1,3,319
2,control,baseline_only,311,80,10,0.8526315789473685,1,5,316
2,control,baseline_only,312,80,10,0.723109243697479,1,5,316
2,control,baseline_only,313,80,22,0.800909090909091,1,5,316
2,control,baseline_only,314,80,22,0.7477124183006536,1,5,316
2,control,baseline_only,315,80,28,0.45707070707070707,1,4,316
2,control,baseline_only,316,80,28,0.8041666666666667,1,4,316
2,control,baseline_only,317,80,28,0.46193693693693694,1,4,316
2,control,baseline_only,334,87,0,0.24358974358974358,3,2,313
2,control,baseline_only,335,87,0,0.08116883116883117,11,2,313
2,control,baseline_only,336,87,0,0.044217687074829926,21,2,313
2,control,baseline_only,337,87,0,0.07828282828282829,9,2,313
2,control,baseline_only,338,87,0,0.06871035940803383,11,2,313
2,control,baseline_only,339,87,0,0.12083333333333333,5,2,313
2,control,baseline_only,340,87,0,0.01448602948757604,61,2,313
2,control,baseline_only,341,87,0,0.075,12,2,313
2,control,baseline_only,342,87,10,0.1143205692604513,18,8,313
2,control,baseline_only,343,87,10,0.23374285704432513,5,8,313
2,control,baseline_only,357,97,0,0.6171267421267421,1,9,307
2,control,baseline_only,358,97,0,0.7640640640640641,1,9,307
2,control,baseline_only,359,97,0,0.47324814582987823,1,9,307
2,control,baseline_only,360,97,0,0.35318258541942754,1,9,307
2,control,baseline_only,361,97,0,0.6420992534036012,1,9,307
2,control,baseline_only,362,97,0,0.6578652828652829,1,9,307
2,control,baseline_only,363,97,0,0.7540123456790124,1,9,307
2,control,baseline_only,364,97,11,0.8683118051539104,1,14,307
2,control,baseline_only,365,97,11,0.8202649202649203,1,14,307
2,control,baseline_only,366,97,13,0.8742205577883327,1,14,307
2,control,baseline_only,367,97,13,0.8569686008374642,1,14,307
2,control,baseline_only,368,97,16,0.787811316363948,1,15,307
2,control,baseline_only,369,97,24,0.2640727369627625,13,12,307
2,control,baseline_only,370,97,24,0.37571014678857817,1,12,307
2,control,baseline_only,371,97,24,0.3884262165169409,1,12,307
2,control,baseline_only,372,97,24,0.4571467119774429,1,12,307
2,control,baseline_only,417,105,11,0.6156084656084656,2,7,313
2,control,baseline_only,418,105,11,0.9325396825396826,1,7,313
2,control,baseline_only,419,105,11,0.9821428571428571,1,7,313
2,control,baseline_only,420,105,15,0.8722222222222222,1,6,313
2,control,baseline_only,421,105,15,0.8964646464646465,1,6,313
2,control,baseline_only,422,105,15,1.0,1,6,313
2,control,baseline_only,423,105,15,0.9583333333333334,1,6,313
2,control,baseline_only,424,105,23,0.4847152847152847,2,7,313
2,control,baseline_only,425,105,23,0.6954931972789116,1,7,313
2,control,baseline_only,426,105,23,0.7464285714285713,1,7,313
2,control,baseline_only,440,115,12,1.0,1,2,319
2,control,baseline_only,441,115,12,1.0,1,2,319
2,control,baseline_only,442,115,16,1.0,1,2,319
2,control,baseline_only,443,115,16,1.0,1,2,319
2,control,baseline_only,482,136,0,0.09555555555555556,9,2,315
2,control,baseline_only,483,136,0,0.2121212121212121,3,2,315
2,control,baseline_only,484,136,0,0.05416666666666667,24,2,315
2,control,baseline_only,485,136,0,0.06631578947368422,19,2,315
2,control,baseline_only,486,136,0,0.07614942528735633,12,2,315
2,control,baseline_only,487,136,0,0.20512820512820512,3,2,315
2,control,baseline_only,488,136,15,0.19760197986004435,9,6,315
2,control,baseline_only,489,136,15,0.8016233766233767,1,6,315
2,control,baseline_only,515,151,16,1.0,1,1,320
2,control,baseline_only,516,151,16,0.5,2,1,320
2,control,baseline_only,517,151,22,1.0,1,2,320
2,control,baseline_only,534,161,17,1.0,1,2,318
2,control,baseline_only,535,161,17,0.6428571428571428,1,2,318
2,control,baseline_only,536,161,17,1.0,1,2,318
2,control,baseline_only,537,161,18,0.8666666666666667,1,3,318
2,control,baseline_only,538,161,18,1.0,1,3,318
2,control,baseline_only,558,171,18,0.9601055806938159,1,13,307
2,control,baseline_only,559,171,18,0.8759089766442708,1,13,307
2,control,baseline_only,560,171,18,0.8771681749622926,1,13,307
2,control,baseline_only,561,171,26,0.6372082558791419,1,10,307
2,control,baseline_only,562,171,26,0.9733333333333334,1,10,307
2,control,baseline_only,563,171,26,0.9909090909090909,1,10,307
2,control,baseline_only,564,171,26,1.0,1,10,307
2,control,baseline_only,565,171,26,0.9909090909090909,1,10,307
2,control,baseline_only,566,171,26,0.8976190476190476,1,10,307
2,control,baseline_only,567,171,27,0.8093544137022398,1,9,307
2,control,baseline_only,568,171,27,0.9626543209876544,1,9,307
2,control,baseline_only,569,171,27,0.9253086419753086,1,9,307
2,control,baseline_only,570,171,27,0.7423206423206423,1,9,307
2,control,baseline_only,571,171,27,0.8949445616112283,1,9,307
2,control,baseline_only,572,171,27,0.9467813051146384,1,9,307
2,control,baseline_only,573,171,27,0.7831009146798621,1,9,307
2,control,baseline_only,595,179,19,1.0,1,4,316
2,control,baseline_only,596,179,19,0.95,1,4,316
2,control,baseline_only,597,179,19,1.0,1,4,316
2,control,baseline_only,598,179,29,1.0,1,3,316
2,control,baseline_only,599,179,29,1.0,1,3,316
2,control,baseline_only,600,179,29,0.9166666666666666,1,3,316
2,control,baseline_only,601,179,29,1.0,1,3,316
2,control,baseline_only,684,231,26,0.2715226802183324,2,7,311
2,control,baseline_only,685,231,26,0.15130067721497034,3,7,311
2,control,baseline_only,686,231,26,0.5396825396825397,2,7,311
2,control,baseline_only,687,231,26,0.5627705627705628,1,7,311
2,control,baseline_only,688,231,26,0.36466934599926926,2,7,311
2,control,baseline_only,689,231,29,0.1468170426065163,10,5,311
2,control,baseline_only,690,231,29,0.15975198938992044,8,5,311
2,control,baseline_only,691,231,29,0.15517202096149466,11,5,311
2,control,baseline_only,692,231,29,0.2667023172905526,4,5,311
2,control,baseline_only,693,231,29,0.1575487012987013,8,5,311
2,control,baseline_only,694,231,29,0.19936507936507936,9,5,311
2,control,baseline_only,695,231,29,0.397037037037037,2,5,311
2,control,baseline_only,759,254,0,0.1634759019561578,5,8,307
2,control,baseline_only,760,254,0,0.3925458324355383,4,8,307
2,control,baseline_only,761,254,0,0.19041319478349553,11,8,307
2,control,baseline_only,762,254,0,0.18377595089255705,10,8,307
2,control,baseline_only,763,254,0,0.11677416661387217,10,8,307
2,control,baseline_only,764,254,0,0.06953871400560453,24,8,307
2,control,baseline_only,765,254,0,0.0775857298047424,16,8,307
2,control,baseline_only,766,254,0,0.07851088661439962,18,8,307
2,control,baseline_only,767,254,30,0.13468760216711037,9,8,307
2,control,baseline_only,768,254,30,0.544020976194151,1,8,307
2,control,baseline_only,769,254,30,0.4808927631508277,1,8,307
2,control,baseline_only,770,254,30,0.2839281247447521,3,8,307
2,control,baseline_only,771,254,30,0.12047594463884723,9,8,307
2,control,baseline_only,772,254,30,0.41123511904761906,2,8,307
2,control,baseline_only,773,254,30,0.5768518518518518,1,8,307
2,control,baseline_only,774,254,30,0.4623431811634059,1,8,307
2,control,fused,27,7,2,0.14109972066961313,6,5,316
2,control,fused,28,7,2,0.5027789630893962,1,5,316
2,control,fused,29,7,7,0.04653245079975433,24,4,316
2,control,fused,30,7,7,0.19445126945126945,5,4,316
2,control,fused,31,7,7,0.039656825323557084,31,4,316
2,control,fused,32,7,14,0.29439830195644145,1,5,316
2,control,fused,33,7,14,0.15099900857795595,3,5,316
2,control,fused,73,13,2,0.40011204481792717,1,7,314
2,control,fused,74,13,2,0.49518025833815305,1,7,314
2,control,fused,75,13,7,0.7391718426501035,1,7,314
2,control,fused,76,13,7,0.7366522366522367,1,7,314
2,control,fused,77,13,10,0.36583333333333334,2,7,314
2,control,fused,78,13,10,0.36816635745207177,6,7,314
2,control,fused,79,13,28,0.876984126984127,1,6,314
2,control,fused,80,13,28,0.6974358974358975,1,6,314
2,control,fused,81,13,28,0.6631944444444444,1,6,314
2,control,fused,100,19,3,0.7704587079587081,1,11,309
2,control,fused,101,19,3,0.9777495232040686,1,11,309
2,control,fused,102,19,3,0.9348124098124099,1,11,309
2,control,fused,103,19,5,0.8119162403253313,1,11,309
2,control,fused,104,19,5,0.8115702479338843,1,11,309
2,control,fused,105,19,5,0.9465709728867623,1,11,309
2,control,fused,106,19,7,0.8281148144784509,1,11,309
2,control,fused,107,19,7,0.9251489251489251,1,11,309
2,control,fused,108,19,7,0.8009398177579996,1,11,309
2,control,fused,109,19,9,0.7284149391057286,1,12,309
2,control,fused,110,19,9,0.9018651426546164,1,12,309
2,control,fused,111,19,12,0.793894363212545,1,11,309
2,control,fused,112,19,12,0.9128968253968254,1,11,309
2,control,fused,113,19,12,0.9214452214452215,1,11,309
2,control,fused,136,25,3,0.8597162097162098,1,12,309
2,control,fused,137,25,3,0.7899647252908122,1,12,309
2,control,fused,138,25,5,0.9277777777777777,1,12,309
2,control,fused,139,25,5,0.8040383593015172,1,12,309
2,control,fused,140,25,7,0.5142775302938642,1,11,309
2,control,fused,141,25,7,0.7634920634920636,1,11,309
2,control,fused,142,25,7,0.7518165135259998,1,11,309
2,control,fused,143,25,9,0.7565384615384615,1,10,309
2,control,fused,144,25,9,0.827422480620155,1,10,309
2,control,fused,145,25,9,0.8248399014778325,1,10,309
2,control,fused,146,25,9,0.9566666666666667,1,10,309
2,control,fused,147,25,14,0.9715909090909091,1,11,309
2,control,fused,148,25,14,0.9030303030303031,1,11,309
2,control,fused,149,25,14,0.8174045651318379,1,11,309
2,control,fused,165,31,4,0.8333333333333333,1,2,319
2,control,fused,166,31,4,0.7,1,2,319
2,control,fused,167,31,14,0.41666666666666663,3,2,319
2,control,fused,168,31,14,0.625,1,2,319
2,control,fused,193,38,4,0.9888888888888889,1,9,311
2,control,fused,194,38,4,0.7803180292427604,1,9,311
2,control,fused,195,38,4,0.8833333333333333,1,9,311
2,control,fused,196,38,5,1.0,1,10,311
2,control,fused,197,38,5,1.0,1,10,311
2,control,fused,198,38,9,1.0,1,10,311
2,control,fused,199,38,9,1.0,1,10,311
2,control,fused,200,38,14,1.0,1,8,311
2,control,fused,201,38,14,1.0,1,8,311
2,control,fused,202,38,14,1.0,1,8,311
2,control,fused,203,38,14,0.9526289682539683,1,8,311
2,control,fused,204,38,18,0.9547785547785548,1,11,311
2,control,fused,257,60,7,0.75,1,2,318
2,control,fused,258,60,7,0.26666666666666666,3,2,318
2,control,fused,259,60,7,0.6666666666666666,1,2,318
2,control,fused,260,60,12,0.2542857142857143,2,3,318
2,control,fused,261,60,12,0.49831649831649827,1,3,318
2,control,fused,292,71,8,1.0,1,1,319
2,control,fused,293,71,8,0.5,2,1,319
2,control,fused,294,71,8,1.0,1,1,319
2,control,fused,295,71,9,0.3833333333333333,4,3,319
2,control,fused,311,80,10,0.8384615384615385,1,5,316
2,control,fused,312,80,10,0.8761904761904763,1,5,316
2,control,fused,313,80,22,0.7576190476190476,1,5,316
2,control,fused,314,80,22,0.6015476190476191,1,5,316
2,control,fused,315,80,28,0.6840659340659341,1,4,316
2,control,fused,316,80,28,0.4666666666666667,2,4,316
2,control,fused,317,80,28,0.1754355400696864,5,4,316
2,control,fused,334,87,0,0.19166666666666665,4,2,313
2,control,fused,335,87,0,0.07275132275132275,14,2,313
2,control,fused,336,87,0,0.07837301587301587,8,2,313
2,control,fused,337,87,0,0.10591133004926108,7,2,313
2,control,fused,338,87,0,0.05507246376811594,15,2,313
2,control,fused,339,87,0,0.06601731601731602,14,2,313
2,control,fused,340,87,0,0.015079365079365078,63,2,313
2,control,fused,341,87,0,0.09107142857142857,8,2,313
2,control,fused,342,87,10,0.08560478451050006,23,8,313
2,control,fused,343,87,10,0.1364638150725612,11,8,313
2,control,fused,357,97,0,0.7212347565288741,1,9,307
2,control,fused,358,97,0,0.8812640637353281,1,9,307
2,control,fused,359,97,0,0.513085203430031,1,9,307
2,control,fused,360,97,0,0.3324708150927663,3,9,307
2,control,fused,361,97,0,0.7558201058201058,1,9,307
2,control,fused,362,97,0,0.8119787619787621,1,9,307
2,control,fused,363,97,0,0.8614997455577166,1,9,307
2,control,fused,364,97,11,0.9068089777717107,1,14,307
2,control,fused,365,97,11,0.8790470442256156,1,14,307
2,control,fused,366,97,13,0.9258066863108879,1,14,307
2,control,fused,367,97,13,0.9334097275273746,1,14,307
2,control,fused,368,97,16,0.8152801247205587,1,15,307
2,control,fused,369,97,24,0.2661759324228842,12,12,307
2,control,fused,370,97,24,0.4400629380328869,1,12,307
2,control,fused,371,97,24,0.5944523313566926,1,12,307
2,control,fused,372,97,24,0.37146924426336186,3,12,307
2,control,fused,417,105,11,0.7159340659340659,1,7,313
2,control,fused,418,105,11,0.7869614512471655,1,7,313
2,control,fused,419,105,11,0.8806122448979592,1,7,313
2,control,fused,420,105,15,0.8617424242424242,1,6,313
2,control,fused,421,105,15,0.8301587301587302,1,6,313
2,control,fused,422,105,15,0.9583333333333334,1,6,313
2,control,fused,423,105,15,0.8416666666666667,1,6,313
2,control,fused,424,105,23,0.5325087610801896,1,7,313
2,control,fused,425,105,23,0.49175170068027213,3,7,313
2,control,fused,426,105,23,0.6034322820037106,1,7,313
2,control,fused,440,115,12,1.0,1,2,319
2,control,fused,441,115,12,1.0,1,2,319
2,control,fused,442,115,16,1.0,1,2,319
2,control,fused,443,115,16,1.0,1,2,319
2,control,fused,482,136,0,0.12222222222222222,9,2,315
2,control,fused,483,136,0,0.12142857142857143,7,2,315
2,control,fused,484,136,0,0.060798548094373864,19,2,315
2,control,fused,485,136,0,0.12222222222222222,9,2,315
2,control,fused,486,136,0,0.08571428571428572,10,2,315
2,control,fused,487,136,0,0.12142857142857143,7,2,315
2,control,fused,488,136,15,0.22894632600514953,6,6,315
2,control,fused,489,136,15,1.0,1,6,315
2,control,fused,515,151,16,1.0,1,1,320
2,control,fused,516,151,16,1.0,1,1,320
2,control,fused,517,151,22,1.0,1,2,320
2,control,fused,534,161,17,1.0,1,2,318
2,control,fused,535,161,17,0.18333333333333335,6,2,318
2,control,fused,536,161,17,1.0,1,2,318
2,control,fused,537,161,18,0.7666666666666666,1,3,318
2,control,fused,538,161,18,0.7666666666666666,1,3,318
2,control,fused,558,171,18,0.9553113553113554,1,13,307
2,control,fused,559,171,18,0.8365766178266179,1,13,307
2,control,fused,560,171,18,0.9215784215784216,1,13,307
2,control,fused,561,171,26,0.8128745631024733,1,10,307
2,control,fused,562,171,26,0.9714285714285713,1,10,307
2,control,fused,563,171,26,0.9909090909090909,1,10,307
2,control,fused,564,171,26,1.0,1,10,307
2,control,fused,565,171,26,1.0,1,10,307
2,control,fused,566,171,26,0.9476301476301476,1,10,307
2,control,fused,567,171,27,0.8251563251563252,1,9,307
2,control,fused,568,171,27,0.9722222222222222,1,9,307
2,control,fused,569,171,27,0.9797979797979798,1,9,307
2,control,fused,570,171,27,0.7605820105820106,1,9,307
2,control,fused,571,171,27,0.9479717813051146,1,9,307
2,control,fused,572,171,27,0.9765432098765433,1,9,307
2,control,fused,573,171,27,0.7772166105499438,1,9,307
2,control,fused,595,179,19,1.0,1,4,316
2,control,fused,596,179,19,1.0,1,4,316
2,control,fused,597,179,19,1.0,1,4,316
2,control,fused,598,179,29,1.0,1,3,316
2,control,fused,599,179,29,1.0,1,3,316
2,control,fused,600,179,29,1.0,1,3,316
2,control,fused,601,179,29,1.0,1,3,316
2,control,fused,684,231,26,0.4122549019607843,1,7,311
2,control,fused,685,231,26,0.18812650763870278,3,7,311
2,control,fused,686,231,26,0.8520408163265306,1,7,311
2,control,fused,687,231,26,0.7992673992673992,1,7,311
2,control,fused,688,231,26,0.38983118330944416,2,7,311
2,control,fused,689,231,29,0.13262515262515262,12,5,311
2,control,fused,690,231,29,0.16750190985485103,6,5,311
2,control,fused,691,231,29,0.2726799415418341,4,5,311
2,control,fused,692,231,29,0.4181929181929182,2,5,311
2,control,fused,693,231,29,0.21285714285714286,5,5,311
2,control,fused,694,231,29,0.3503787878787879,2,5,311
2,control,fused,695,231,29,0.3257525998905309,4,5,311
2,control,fused,759,254,0,0.16752902534482897,6,8,307
2,control,fused,760,254,0,0.27421536796536794,3,8,307
2,control,fused,761,254,0,0.3078991069158403,3,8,307
2,control,fused,762,254,0,0.10150066515957044,25,8,307
2,control,fused,763,254,0,0.11350505452643456,18,8,307
2,control,fused,764,254,0,0.07234194632719634,20,8,307
2,control,fused,765,254,0,0.12614354684667184,3,8,307
2,control,fused,766,254,0,0.05424548648110273,31,8,307
2,control,fused,767,254,30,0.12964616402116402,7,8,307
2,control,fused,768,254,30,0.3129614345738295,2,8,307
2,control,fused,769,254,30,0.2873133671227643,2,8,307
2,control,fused,770,254,30,0.13633636254057635,8,8,307
2,control,fused,771,254,30,0.09586850928569195,17,8,307
2,control,fused,772,254,30,0.16952425272520738,8,8,307
2,control,fused,773,254,30,0.3911854036099075,1,8,307
2,control,fused,774,254,30,0.2813538881288002,2,8,307
2,control,cnn,27,7,2,0.1695649705485771,4,5,316
2,control,cnn,28,7,2,0.3366161883582195,2,5,316
2,control,cnn,29,7,7,0.042834788554597096,24,4,316
2,control,cnn,30,7,7,0.09365424931462667,13,4,316
2,control,cnn,31,7,7,0.03244348816640495,69,4,316
2,control,cnn,32,7,14,0.31449952516619184,1,5,316
2,control,cnn,33,7,14,0.2059433198380567,2,5,316
2,control,cnn,73,13,2,0.2435926124835899,3,7,314
2,control,cnn,74,13,2,0.4179928989139516,1,7,314
2,control,cnn,75,13,7,0.6957156214519469,1,7,314
2,control,cnn,76,13,7,0.5795815295815296,2,7,314
2,control,cnn,77,13,10,0.25905498754773104,2,7,314
2,control,cnn,78,13,10,0.35196886446886444,5,7,314
2,control,cnn,79,13,28,0.7464285714285714,1,6,314
2,control,cnn,80,13,28,0.6468253968253969,1,6,314
2,control,cnn,81,13,28,0.6507936507936508,1,6,314
2,control,cnn,100,19,3,0.6735877684407097,1,11,309
2,control,cnn,101,19,3,0.9472910927456382,1,11,309
2,control,cnn,102,19,3,0.8775547684638595,1,11,309
2,control,cnn,103,19,5,0.7349553224553224,2,11,309
2,control,cnn,104,19,5,0.8036274855019577,1,11,309
2,control,cnn,105,19,5,0.9216450216450216,1,11,309
2,control,cnn,106,19,7,0.8379623199141917,1,11,309
2,control,cnn,107,19,7,0.880812146509821,1,11,309
2,control,cnn,108,19,7,0.618635693311018,1,11,309
2,control,cnn,109,19,9,0.691819618585923,2,12,309
2,control,cnn,110,19,9,0.7656880428939252,1,12,309
2,control,cnn,111,19,12,0.8099329962966326,1,11,309
2,control,cnn,112,19,12,0.8675605959696869,1,11,309
2,control,cnn,113,19,12,0.918329637841833,1,11,309
2,control,cnn,136,25,3,0.9371794871794871,1,12,309
2,control,cnn,137,25,3,0.8054428371894639,1,12,309
2,control,cnn,138,25,5,0.945400432900433,1,12,309
2,control,cnn,139,25,5,0.8157391845627139,1,12,309
2,control,cnn,140,25,7,0.3954633494499637,1,11,309
2,control,cnn,141,25,7,0.8064554352103759,1,11,309
2,control,cnn,142,25,7,0.8273576097105508,1,11,309
2,control,cnn,143,25,9,0.870962370962371,1,10,309
2,control,cnn,144,25,9,0.7851158528732899,1,10,309
2,control,cnn,145,25,9,0.8044018700597648,1,10,309
2,control,cnn,146,25,9,0.9263888888888889,1,10,309
2,control,cnn,147,25,14,0.9448051948051948,1,11,309
2,control,cnn,148,25,14,0.8881313131313131,1,11,309
2,control,cnn,149,25,14,0.7794877344877346,1,11,309
2,control,cnn,165,31,4,0.8333333333333333,1,2,319
2,control,cnn,166,31,4,0.3666666666666667,3,2,319
2,control,cnn,167,31,14,0.3333333333333333,3,2,319
2,control,cnn,168,31,14,0.375,2,2,319
2,control,cnn,193,38,4,0.9626543209876544,1,9,311
2,control,cnn,194,38,4,0.8210146782727428,1,9,311
2,control,cnn,195,38,4,0.7967285110925462,1,9,311
2,control,cnn,196,38,5,0.9809090909090908,1,10,311
2,control,cnn,197,38,5,0.9488235294117647,1,10,311
2,control,cnn,198,38,9,1.0,1,10,311
2,control,cnn,199,38,9,0.9666666666666666,1,10,311
2,control,cnn,200,38,14,0.9861111111111112,1,8,311
2,control,cnn,201,38,14,1.0,1,8,311
2,control,cnn,202,38,14,1.0,1,8,311
2,control,cnn,203,38,14,0.9159722222222222,1,8,311
2,control,cnn,204,38,18,0.9226190476190476,1,11,311
2,control,cnn,257,60,7,0.75,1,2,318
2,control,cnn,258,60,7,0.29166666666666663,3,2,318
2,control,cnn,259,60,7,0.6666666666666666,1,2,318
2,control,cnn,260,60,12,0.44027777777777777,1,3,318
2,control,cnn,261,60,12,0.4653679653679654,1,3,318
2,control,cnn,292,71,8,0.5,2,1,319
2,control,cnn,293,71,8,1.0,1,1,319
2,control,cnn,294,71,8,1.0,1,1,319
2,control,cnn,295,71,9,0.4444444444444444,3,3,319
2,control,cnn,311,80,10,0.8263157894736842,1,5,316
2,control,cnn,312,80,10,0.9111111111111111,1,5,316
2,control,cnn,313,80,22,0.8344827586206897,1,5,316
2,control,cnn,314,80,22,0.5611111111111111,1,5,316
2,control,cnn,315,80,28,0.6934782608695652,1,4,316
2,control,cnn,316,80,28,0.37681159420289856,3,4,316
2,control,cnn,317,80,28,0.2270923520923521,2,4,316
2,control,cnn,334,87,0,0.0339080459770115,30,2,313
2,control,cnn,335,87,0,0.023458810692853244,47,2,313
2,control,cnn,336,87,0,0.019806763285024155,45,2,313
2,control,cnn,337,87,0,0.03149801587301587,32,2,313
2,control,cnn,338,87,0,0.02105496453900709,48,2,313
2,control,cnn,339,87,0,0.04805491990846682,19,2,313
2,control,cnn,340,87,0,0.009987789987789989,117,2,313
2,control,cnn,341,87,0,0.027745885954841176,39,2,313
2,control,cnn,342,87,10,0.0577923690506639,49,8,313
2,control,cnn,343,87,10,0.08498962484075716,30,8,313
2,control,cnn,357,97,0,0.5900209578781008,1,9,307
2,control,cnn,358,97,0,0.7716049382716049,1,9,307
2,control,cnn,359,97,0,0.35627421858932007,2,9,307
2,control,cnn,360,97,0,0.23295496226754578,8,9,307
2,control,cnn,361,97,0,0.6659437512378689,1,9,307
2,control,cnn,362,97,0,0.6681807725285986,1,9,307
2,control,cnn,363,97,0,0.8195286195286196,1,9,307
2,control,cnn,364,97,11,0.9049872541251851,1,14,307
2,control,cnn,365,97,11,0.8397049612385746,1,14,307
2,control,cnn,366,97,13,0.8786641412417809,1,14,307
2,control,cnn,367,97,13,0.9107942781855825,1,14,307
2,control,cnn,368,97,16,0.8676263840969723,1,15,307
2,control,cnn,369,97,24,0.25138048452999434,14,12,307
2,control,cnn,370,97,24,0.40329711640850907,1,12,307
2,control,cnn,371,97,24,0.4326023137199786,1,12,307
2,control,cnn,372,97,24,0.39350149850149846,3,12,307
2,control,cnn,417,105,11,0.7777777777777778,1,7,313
2,control,cnn,418,105,11,0.6642024642024642,1,7,313
2,control,cnn,419,105,11,0.8070175438596491,1,7,313
2,control,cnn,420,105,15,0.7963235294117648,1,6,313
2,control,cnn,421,105,15,0.7361111111111112,1,6,313
2,control,cnn,422,105,15,0.8708333333333332,1,6,313
2,control,cnn,423,105,15,0.47979797979797983,3,6,313
2,control,cnn,424,105,23,0.6130100893258789,1,7,313
2,control,cnn,425,105,23,0.37463048647259173,2,7,313
2,control,cnn,426,105,23,0.5956959706959707,1,7,313
2,control,cnn,440,115,12,1.0,1,2,319
2,control,cnn,441,115,12,1.0,1,2,319
2,control,cnn,442,115,16,1.0,1,2,319
2,control,cnn,443,115,16,1.0,1,2,319
2,control,cnn,482,136,0,0.0787878787878788,15,2,315
2,control,cnn,483,136,0,0.08514492753623187,12,2,315
2,control,cnn,484,136,0,0.0625,16,2,315
2,control,cnn,485,136,0,0.09722222222222221,12,2,315
2,control,cnn,486,136,0,0.07023809523809524,12,2,315
2,control,cnn,487,136,0,0.06696428571428571,16,2,315
2,control,cnn,488,136,15,0.1925149528410398,8,6,315
2,control,cnn,489,136,15,0.8734126984126984,1,6,315
2,control,cnn,515,151,16,1.0,1,1,320
2,control,cnn,516,151,16,1.0,1,1,320
2,control,cnn,517,151,22,1.0,1,2,320
2,control,cnn,534,161,17,1.0,1,2,318
2,control,cnn,535,161,17,0.04786036036036036,24,2,318
2,control,cnn,536,161,17,0.8333333333333333,1,2,318
2,control,cnn,537,161,18,0.5416666666666666,1,3,318
2,control,cnn,538,161,18,0.5955555555555555,1,3,318
2,control,cnn,558,171,18,0.962087912087912,1,13,307
2,control,cnn,559,171,18,0.8346244679746704,1,13,307
2,control,cnn,560,171,18,0.9508353637312913,1,13,307
2,control,cnn,561,171,26,0.8544664031620555,1,10,307
2,control,cnn,562,171,26,0.976923076923077,1,10,307
2,control,cnn,563,171,26,0.9909090909090909,1,10,307
2,control,cnn,564,171,26,1.0,1,10,307
2,control,cnn,565,171,26,1.0,1,10,307
2,control,cnn,566,171,26,0.9377124183006537,1,10,307
2,control,cnn,567,171,27,0.8412280701754385,1,9,307
2,control,cnn,568,171,27,0.9658119658119657,1,9,307
2,control,cnn,569,171,27,0.9797979797979798,1,9,307
2,control,cnn,570,171,27,0.8025150231032584,1,9,307
2,control,cnn,571,171,27,0.9555555555555555,1,9,307
2,control,cnn,572,171,27,0.9626543209876544,1,9,307
2,control,cnn,573,171,27,0.7136707509514527,1,9,307
2,control,cnn,595,179,19,0.95,1,4,316
2,control,cnn,596,179,19,0.85,1,4,316
2,control,cnn,597,179,19,1.0,1,4,316
2,control,cnn,598,179,29,0.8666666666666667,1,3,316
2,control,cnn,599,179,29,1.0,1,3,316
2,control,cnn,600,179,29,0.8333333333333334,1,3,316
2,control,cnn,601,179,29,0.9166666666666666,1,3,316
2,control,cnn,684,231,26,0.46185956900242614,2,7,311
2,control,cnn,685,231,26,0.1565587756558323,3,7,311
2,control,cnn,686,231,26,0.8188365001172883,1,7,311
2,control,cnn,687,231,26,0.8626373626373626,1,7,311
2,control,cnn,688,231,26,0.37695078031212487,4,7,311
2,control,cnn,689,231,29,0.14575396825396825,6,5,311
2,control,cnn,690,231,29,0.23954545454545456,3,5,311
2,control,cnn,691,231,29,0.28793650793650793,4,5,311
2,control,cnn,692,231,29,0.4688888888888889,2,5,311
2,control,cnn,693,231,29,0.2048618538324421,5,5,311
2,control,cnn,694,231,29,0.3942857142857143,2,5,311
2,control,cnn,695,231,29,0.544390243902439,1,5,311
2,control,cnn,759,254,0,0.12872453274238987,4,8,307
2,control,cnn,760,254,0,0.14183123865981964,8,8,307
2,control,cnn,761,254,0,0.26079296661193213,3,8,307
2,control,cnn,762,254,0,0.06896895739544998,35,8,307
2,control,cnn,763,254,0,0.11882237306765608,12,8,307
2,control,cnn,764,254,0,0.06474620525388466,38,8,307
2,control,cnn,765,254,0,0.21469616973388525,2,8,307
2,control,cnn,766,254,0,0.04823227142559226,33,8,307
2,control,cnn,767,254,30,0.09531617678919195,13,8,307
2,control,cnn,768,254,30,0.18173884510675567,5,8,307
2,control,cnn,769,254,30,0.4767581668221092,1,8,307
2,control,cnn,770,254,30,0.10274714052287581,16,8,307
2,control,cnn,771,254,30,0.08070856564482733,20,8,307
2,control,cnn,772,254,30,0.11653842835064027,15,8,307
2,control,cnn,773,254,30,0.10475312389646266,10,8,307
2,control,cnn,774,254,30,0.36617266368769774,1,8,307
2,control,transformer,27,7,2,0.11527287375648032,10,5,316
2,control,transformer,28,7,2,0.22943955685891168,2,5,316
2,control,transformer,29,7,7,0.051464799820062974,26,4,316
2,control,transformer,30,7,7,0.5941176470588235,1,4,316
2,control,transformer,31,7,7,0.056968787515006,10,4,316
2,control,transformer,32,7,14,0.17313441832429174,2,5,316
2,control,transformer,33,7,14,0.09686165166410995,10,5,316
2,control,transformer,73,13,2,0.4759422944205553,1,7,314
2,control,transformer,74,13,2,0.3764957264957265,1,7,314
2,control,transformer,75,13,7,0.7815734989648033,1,7,314
2,control,transformer,76,13,7,0.836080586080586,1,7,314
2,control,transformer,77,13,10,0.41661465149837246,2,7,314
2,control,transformer,78,13,10,0.40786951144094,3,7,314
2,control,transformer,79,13,28,0.8412698412698413,1,6,314
2,control,transformer,80,13,28,0.7100140056022409,1,6,314
2,control,transformer,81,13,28,0.59011568777015,1,6,314
2,control,transformer,100,19,3,0.6751672569854388,1,11,309
2,control,transformer,101,19,3,0.9278846153846154,1,11,309
2,control,transformer,102,19,3,0.8457634470792365,1,11,309
2,control,transformer,103,19,5,0.6875349617444478,1,11,309
2,control,transformer,104,19,5,0.606348113166295,1,11,309
2,control,transformer,105,19,5,0.8715302374393284,1,11,309
2,control,transformer,106,19,7,0.6948593073593073,1,11,309
2,control,transformer,107,19,7,0.8881673881673883,1,11,309
2,control,transformer,108,19,7,0.6764242303416945,1,11,309
2,control,transformer,109,19,9,0.6105068542568542,2,12,309
2,control,transformer,110,19,9,0.8172440984940984,1,12,309
2,control,transformer,111,19,12,0.6607054116412405,1,11,309
2,control,transformer,112,19,12,0.8766445972328326,1,11,309
2,control,transformer,113,19,12,0.8193770610038552,1,11,309
2,control,transformer,136,25,3,0.8072228697228697,1,12,309
2,control,transformer,137,25,3,0.7697437747437746,1,12,309
2,control,transformer,138,25,5,0.9186447811447812,1,12,309
2,control,transformer,139,25,5,0.7884498072733367,1,12,309
2,control,transformer,140,25,7,0.5119227263964107,1,11,309
2,control,transformer,141,25,7,0.6869811560988032,1,11,309
2,control,transformer,142,25,7,0.7139119938032982,1,11,309
2,control,transformer,143,25,9,0.6743697478991597,1,10,309
2,control,transformer,144,25,9,0.7104010025062657,1,10,309
2,control,transformer,145,25,9,0.8185754985754986,1,10,309
2,control,transformer,146,25,9,0.976923076923077,1,10,309
2,control,transformer,147,25,14,0.9442325351416261,1,11,309
2,control,transformer,148,25,14,0.9086199995290904,1,11,309
2,control,transformer,149,25,14,0.7116307934489753,1,11,309
2,control,transformer,165,31,4,0.6666666666666666,1,2,319
2,control,transformer,166,31,4,0.7,1,2,319
2,control,transformer,167,31,14,0.41666666666666663,3,2,319
2,control,transformer,168,31,14,0.6428571428571428,1,2,319
2,control,transformer,193,38,4,0.9376903960237293,1,9,311
2,control,transformer,194,38,4,0.5694393569393569,1,9,311
2,control,transformer,195,38,4,0.9500000000000001,1,9,311
2,control,transformer,196,38,5,1.0,1,10,311
2,control,transformer,197,38,5,1.0,1,10,311
2,control,transformer,198,38,9,0.9909090909090909,1,10,311
2,control,transformer,199,38,9,1.0,1,10,311
2,control,transformer,200,38,14,1.0,1,8,311
2,control,transformer,201,38,14,0.9861111111111112,1,8,311
2,control,transformer,202,38,14,1.0,1,8,311
2,control,transformer,203,38,14,0.9704861111111112,1,8,311
2,control,transformer,204,38,18,0.9924242424242423,1,11,311
2,control,transformer,257,60,7,1.0,1,2,318
2,control,transformer,258,60,7,0.5625,1,2,318
2,control,transformer,259,60,7,0.6666666666666666,1,2,318
2,control,transformer,260,60,12,0.24919871794871795,2,3,318
2,control,transformer,261,60,12,0.6180555555555555,1,3,318
2,control,transformer,292,71,8,0.07142857142857142,14,1,319
2,control,transformer,293,71,8,0.3333333333333333,3,1,319
2,control,transformer,294,71,8,0.16666666666666666,6,1,319
2,control,transformer,295,71,9,0.2686868686868687,3,3,319
2,control,transformer,311,80,10,0.7903030303030303,1,5,316
2,control,transformer,312,80,10,0.6797979797979797,1,5,316
2,control,transformer,313,80,22,0.4586967418546366,1,5,316
2,control,transformer,314,80,22,0.35408199643493765,2,5,316
2,control,transformer,315,80,28,0.6004901960784313,1,4,316
2,control,transformer,316,80,28,0.4583333333333333,2,4,316
2,control,transformer,317,80,28,0.09937372942488032,10,4,316
2,control,transformer,334,87,0,0.6666666666666666,1,2,313
2,control,transformer,335,87,0,0.19642857142857142,4,2,313
2,control,transformer,336,87,0,0.53125,1,2,313
2,control,transformer,337,87,0,0.14835164835164835,7,2,313
2,control,transformer,338,87,0,0.10555555555555556,10,2,313
2,control,transformer,339,87,0,0.04390681003584229,31,2,313
2,control,transformer,340,87,0,0.025460793502030614,33,2,313
2,control,transformer,341,87,0,0.29545454545454547,2,2,313
2,control,transformer,342,87,10,0.10804495327527303,14,8,313
2,control,transformer,343,87,10,0.21773772204806688,3,8,313
2,control,transformer,357,97,0,0.6488332654999321,1,9,307
2,control,transformer,358,97,0,0.8753086419753087,1,9,307
2,control,transformer,359,97,0,0.4637260666732657,2,9,307
2,control,transformer,360,97,0,0.3599340888343446,2,9,307
2,control,transformer,361,97,0,0.6374066196646841,1,9,307
2,control,transformer,362,97,0,0.8599240265906932,1,9,307
2,control,transformer,363,97,0,0.9241622574955909,1,9,307
2,control,transformer,364,97,11,0.9162816548530834,1,14,307
2,control,transformer,365,97,11,0.8577266979052693,1,14,307
2,control,transformer,366,97,13,0.9361111111111111,1,14,307
2,control,transformer,367,97,13,0.8929451034493051,1,14,307
2,control,transformer,368,97,16,0.7470003352092903,1,15,307
2,control,transformer,369,97,24,0.25408167452818287,8,12,307
2,control,transformer,370,97,24,0.437926454261727,1,12,307
2,control,transformer,371,97,24,0.6882594965886041,1,12,307
2,control,transformer,372,97,24,0.309291237134122,4,12,307
2,control,transformer,417,105,11,0.5050092764378479,2,7,313
2,control,transformer,418,105,11,0.7449812092669236,1,7,313
2,control,transformer,419,105,11,0.7888888888888889,1,7,313
2,control,transformer,420,105,15,0.7791666666666667,1,6,313
2,control,transformer,421,105,15,0.8857142857142857,1,6,313
2,control,transformer,422,105,15,0.9444444444444445,1,6,313
2,control,transformer,423,105,15,0.5877344877344878,2,6,313
2,control,transformer,424,105,23,0.5179962894248609,2,7,313
2,control,transformer,425,105,23,0.5968864468864469,2,7,313
2,control,transformer,426,105,23,0.6230158730158729,1,7,313
2,control,transformer,440,115,12,1.0,1,2,319
2,control,transformer,441,115,12,1.0,1,2,319
2,control,transformer,442,115,16,0.5,2,2,319
2,control,transformer,443,115,16,1.0,1,2,319
2,control,transformer,482,136,0,0.1588235294117647,5,2,315
2,control,transformer,483,136,0,0.22916666666666666,3,2,315
2,control,transformer,484,136,0,0.05119047619047619,28,2,315
2,control,transformer,485,136,0,0.1125,10,2,315
2,control,transformer,486,136,0,0.16847826086956522,4,2,315
2,control,transformer,487,136,0,0.5666666666666667,1,2,315
2,control,transformer,488,136,15,0.16506393861892585,15,6,315
2,control,transformer,489,136,15,0.9107142857142857,1,6,315
2,control,transformer,515,151,16,1.0,1,1,320
2,control,transformer,516,151,16,0.3333333333333333,3,1,320
2,control,transformer,517,151,22,1.0,1,2,320
2,control,transformer,534,161,17,1.0,1,2,318
2,control,transformer,535,161,17,0.41666666666666663,3,2,318
2,control,transformer,536,161,17,1.0,1,2,318
2,control,transformer,537,161,18,0.7666666666666666,1,3,318
2,control,transformer,538,161,18,0.7916666666666666,1,3,318
2,control,transformer,558,171,18,0.9594017094017093,1,13,307
2,control,transformer,559,171,18,0.8858336108336109,1,13,307
2,control,transformer,560,171,18,0.9412087912087912,1,13,307
2,control,transformer,561,171,26,0.8519827586206897,1,10,307
2,control,transformer,562,171,26,0.9714285714285713,1,10,307
2,control,transformer,563,171,26,1.0,1,10,307
2,control,transformer,564,171,26,1.0,1,10,307
2,control,transformer,565,171,26,1.0,1,10,307
2,control,transformer,566,171,26,0.9387412587412587,1,10,307
2,control,transformer,567,171,27,0.9419191919191918,1,9,307
2,control,transformer,568,171,27,0.9888888888888889,1,9,307
2,control,transformer,569,171,27,0.9722222222222222,1,9,307
2,control,transformer,570,171,27,0.6904579564710284,1,9,307
2,control,transformer,571,171,27,0.9598765432098766,1,9,307
2,control,transformer,572,171,27,0.9765432098765433,1,9,307
2,control,transformer,573,171,27,0.7566966435697086,1,9,307
2,control,transformer,595,179,19,1.0,1,4,316
2,control,transformer,596,179,19,1.0,1,4,316
2,control,transformer,597,179,19,1.0,1,4,316
2,control,transformer,598,179,29,1.0,1,3,316
2,control,transformer,599,179,29,1.0,1,3,316
2,control,transformer,600,179,29,1.0,1,3,316
2,control,transformer,601,179,29,0.9166666666666666,1,3,316
2,control,transformer,684,231,26,0.23011789331117063,4,7,311
2,control,transformer,685,231,26,0.17104708564335894,4,7,311
2,control,transformer,686,231,26,0.8099162742019885,1,7,311
2,control,transformer,687,231,26,0.7992673992673992,1,7,311
2,control,transformer,688,231,26,0.30183769123861287,3,7,311
2,control,transformer,689,231,29,0.22017316017316016,5,5,311
2,control,transformer,690,231,29,0.17735760971055087,7,5,311
2,control,transformer,691,231,29,0.2992997198879552,3,5,311
2,control,transformer,692,231,29,0.3798552754435107,2,5,311
2,control,transformer,693,231,29,0.251369332421964,5,5,311
2,control,transformer,694,231,29,0.2870454545454545,4,5,311
2,control,transformer,695,231,29,0.3904761904761905,2,5,311
2,control,transformer,759,254,0,0.28885287877749083,1,8,307
2,control,transformer,760,254,0,0.4653128629500581,1,8,307
2,control,transformer,761,254,0,0.34041139781271357,2,8,307
2,control,transformer,762,254,0,0.14940538830859296,7,8,307
2,control,transformer,763,254,0,0.1499570326263271,10,8,307
2,control,transformer,764,254,0,0.08590556228439315,11,8,307
2,control,transformer,765,254,0,0.06241511362002577,16,8,307
2,control,transformer,766,254,0,0.052425307791390395,30,8,307
2,control,transformer,767,254,30,0.2911515922158337,3,8,307
2,control,transformer,768,254,30,0.3635749054285132,2,8,307
2,control,transformer,769,254,30,0.11346809661492617,6,8,307
2,control,transformer,770,254,30,0.1861190188635841,7,8,307
2,control,transformer,771,254,30,0.09984658892221918,9,8,307
2,control,transformer,772,254,30,0.45125180375180374,2,8,307
2,control,transformer,773,254,30,0.5382130553999281,1,8,307
2,control,transformer,774,254,30,0.4079164901269912,1,8,307
2,control,mamba,27,7,2,0.15993161427944036,4,5,316
2,control,mamba,28,7,2,0.46460317460317463,1,5,316
2,control,mamba,29,7,7,0.04300945967612634,22,4,316
2,control,mamba,30,7,7,0.1811936936936937,6,4,316
2,control,mamba,31,7,7,0.036872288515488516,55,4,316
2,control,mamba,32,7,14,0.19038495419309373,2,5,316
2,control,mamba,33,7,14,0.17425109373385234,2,5,316
2,control,mamba,73,13,2,0.30690579262007833,2,7,314
2,control,mamba,74,13,2,0.5837661681851956,1,7,314
2,control,mamba,75,13,7,0.6579863869908363,1,7,314
2,control,mamba,76,13,7,0.5965085638998683,1,7,314
2,control,mamba,77,13,10,0.43063962873284906,2,7,314
2,control,mamba,78,13,10,0.3789656771799629,5,7,314
2,control,mamba,79,13,28,0.8455555555555555,1,6,314
2,control,mamba,80,13,28,0.49619708994708994,1,6,314
2,control,mamba,81,13,28,0.6763888888888889,1,6,314
2,control,mamba,100,19,3,0.9239505444050898,1,11,309
2,control,mamba,101,19,3,1.0,1,11,309
2,control,mamba,102,19,3,0.9924242424242423,1,11,309
2,control,mamba,103,19,5,0.9258953168044077,1,11,309
2,control,mamba,104,19,5,0.9120197983834347,1,11,309
2,control,mamba,105,19,5,0.9805194805194806,1,11,309
2,control,mamba,106,19,7,0.864328600692237,1,11,309
2,control,mamba,107,19,7,0.9527629233511586,1,11,309
2,control,mamba,108,19,7,0.8762921422012332,1,11,309
2,control,mamba,109,19,9,0.8418921356421357,1,12,309
2,control,mamba,110,19,9,0.9663461538461539,1,12,309
2,control,mamba,111,19,12,0.8542650531286895,1,11,309
2,control,mamba,112,19,12,0.986013986013986,1,11,309
2,control,mamba,113,19,12,0.9646464646464646,1,11,309
2,control,mamba,136,25,3,0.773896047983269,1,12,309
2,control,mamba,137,25,3,0.7241903929403929,1,12,309
2,control,mamba,138,25,5,0.8705357142857143,1,12,309
2,control,mamba,139,25,5,0.7690197026364628,1,12,309
2,control,mamba,140,25,7,0.47005152855486365,1,11,309
2,control,mamba,141,25,7,0.7641121358512662,1,11,309
2,control,mamba,142,25,7,0.6587821942367397,1,11,309
2,control,mamba,143,25,9,0.6762740323495472,1,10,309
2,control,mamba,144,25,9,0.7297211407966556,1,10,309
2,control,mamba,145,25,9,0.7847772570566688,1,10,309
2,control,mamba,146,25,9,0.9206593406593406,1,10,309
2,control,mamba,147,25,14,0.9258264462809916,1,11,309
2,control,mamba,148,25,14,0.8747454785004192,1,11,309
2,control,mamba,149,25,14,0.7994588744588745,1,11,309
2,control,mamba,165,31,4,0.8333333333333333,1,2,319
2,control,mamba,166,31,4,0.375,2,2,319
2,control,mamba,167,31,14,0.41666666666666663,3,2,319
2,control,mamba,168,31,14,0.625,1,2,319
2,control,mamba,193,38,4,0.9459876543209877,1,9,311
2,control,mamba,194,38,4,0.8298059964726632,1,9,311
2,control,mamba,195,38,4,0.7047930283224401,1,9,311
2,control,mamba,196,38,5,0.9666666666666666,1,10,311
2,control,mamba,197,38,5,0.9316666666666666,1,10,311
2,control,mamba,198,38,9,0.9566666666666667,1,10,311
2,control,mamba,199,38,9,0.9265079365079366,1,10,311
2,control,mamba,200,38,14,0.975,1,8,311
2,control,mamba,201,38,14,0.9861111111111112,1,8,311
2,control,mamba,202,38,14,1.0,1,8,311
2,control,mamba,203,38,14,0.8103386809269162,1,8,311
2,control,mamba,204,38,18,0.9030657451710083,1,11,311
2,control,mamba,257,60,7,0.5909090909090909,1,2,318
2,control,mamba,258,60,7,0.24358974358974358,3,2,318
2,control,mamba,259,60,7,0.6428571428571428,1,2,318
2,control,mamba,260,60,12,0.39811912225705326,1,3,318
2,control,mamba,261,60,12,0.3125,2,3,318
2,control,mamba,292,71,8,1.0,1,1,319
2,control,mamba,293,71,8,0.5,2,1,319
2,control,mamba,294,71,8,1.0,1,1,319
2,control,mamba,295,71,9,0.30277777777777776,5,3,319
2,control,mamba,311,80,10,0.8099999999999999,1,5,316
2,control,mamba,312,80,10,0.8261904761904763,1,5,316
2,control,mamba,313,80,22,0.8526315789473685,1,5,316
2,control,mamba,314,80,22,0.7857142857142857,1,5,316
2,control,mamba,315,80,28,0.40406162464985995,2,4,316
2,control,mamba,316,80,28,0.3958333333333333,3,4,316
2,control,mamba,317,80,28,0.10947625780605631,9,4,316
2,control,mamba,334,87,0,0.5454545454545454,1,2,313
2,control,mamba,335,87,0,0.2222222222222222,3,2,313
2,control,mamba,336,87,0,0.18888888888888888,3,2,313
2,control,mamba,337,87,0,0.21666666666666667,3,2,313
2,control,mamba,338,87,0,0.07777777777777778,9,2,313
2,control,mamba,339,87,0,0.12564102564102564,5,2,313
2,control,mamba,340,87,0,0.01602809706257982,58,2,313
2,control,mamba,341,87,0,0.13392857142857142,8,2,313
2,control,mamba,342,87,10,0.08715193524976134,22,8,313
2,control,mamba,343,87,10,0.14562704807270024,9,8,313
2,control,mamba,357,97,0,0.7173080006413339,1,9,307
2,control,mamba,358,97,0,0.8538239538239538,1,9,307
2,control,mamba,359,97,0,0.542938784243132,1,9,307
2,control,mamba,360,97,0,0.48627884157690004,1,9,307
2,control,mamba,361,97,0,0.7533207533207533,1,9,307
2,control,mamba,362,97,0,0.8006613756613756,1,9,307
2,control,mamba,363,97,0,0.783835257973189,1,9,307
2,control,mamba,364,97,11,0.8653664457235886,1,14,307
2,control,mamba,365,97,11,0.8755136571865895,1,14,307
2,control,mamba,366,97,13,0.9304611796871859,1,14,307
2,control,mamba,367,97,13,0.886939073875164,1,14,307
2,control,mamba,368,97,16,0.7847391543354276,1,15,307
2,control,mamba,369,97,24,0.24634700545026633,9,12,307
2,control,mamba,370,97,24,0.3994269448874712,3,12,307
2,control,mamba,371,97,24,0.6037996561451939,1,12,307
2,control,mamba,372,97,24,0.431968027980959,3,12,307
2,control,mamba,417,105,11,0.6203032783571832,1,7,313
2,control,mamba,418,105,11,0.7495421245421244,1,7,313
2,control,mamba,419,105,11,0.961734693877551,1,7,313
2,control,mamba,420,105,15,0.8412698412698413,1,6,313
2,control,mamba,421,105,15,0.7819444444444444,1,6,313
2,control,mamba,422,105,15,0.9583333333333334,1,6,313
2,control,mamba,423,105,15,0.9305555555555555,1,6,313
2,control,mamba,424,105,23,0.4743351886209029,1,7,313
2,control,mamba,425,105,23,0.4377736350950637,2,7,313
2,control,mamba,426,105,23,0.6187880415324024,1,7,313
2,control,mamba,440,115,12,1.0,1,2,319
2,control,mamba,441,115,12,1.0,1,2,319
2,control,mamba,442,115,16,0.8333333333333333,1,2,319
2,control,mamba,443,115,16,1.0,1,2,319
2,control,mamba,482,136,0,0.29166666666666663,4,2,315
2,control,mamba,483,136,0,0.11805555555555555,9,2,315
2,control,mamba,484,136,0,0.08834586466165413,14,2,315
2,control,mamba,485,136,0,0.11212121212121212,11,2,315
2,control,mamba,486,136,0,0.075,15,2,315
2,control,mamba,487,136,0,0.11437908496732026,9,2,315
2,control,mamba,488,136,15,0.34953703703703703,2,6,315
2,control,mamba,489,136,15,0.9583333333333334,1,6,315
2,control,mamba,515,151,16,1.0,1,1,320
2,control,mamba,516,151,16,0.5,2,1,320
2,control,mamba,517,151,22,1.0,1,2,320
2,control,mamba,534,161,17,1.0,1,2,318
2,control,mamba,535,161,17,0.325,4,2,318
2,control,mamba,536,161,17,0.45,2,2,318
2,control,mamba,537,161,18,0.8055555555555555,1,3,318
2,control,mamba,538,161,18,0.7916666666666666,1,3,318
2,control,mamba,558,171,18,0.8402081173824857,1,13,307
2,control,mamba,559,171,18,0.727972934551882,1,13,307
2,control,mamba,560,171,18,0.8210181974887857,1,13,307
2,control,mamba,561,171,26,0.6804576506475241,1,10,307
2,control,mamba,562,171,26,0.9294372294372295,1,10,307
2,control,mamba,563,171,26,0.9572979797979798,1,10,307
2,control,mamba,564,171,26,1.0,1,10,307
2,control,mamba,565,171,26,0.9909090909090909,1,10,307
2,control,mamba,566,171,26,0.9032828282828284,1,10,307
2,control,mamba,567,171,27,0.7584500466853408,1,9,307
2,control,mamba,568,171,27,0.8867813051146385,1,9,307
2,control,mamba,569,171,27,0.9513888888888888,1,9,307
2,control,mamba,570,171,27,0.7446466912046622,1,9,307
2,control,mamba,571,171,27,0.8529541446208113,1,9,307
2,control,mamba,572,171,27,0.8913239538239538,1,9,307
2,control,mamba,573,171,27,0.7207373271889401,1,9,307
2,control,mamba,595,179,19,1.0,1,4,316
2,control,mamba,596,179,19,0.95,1,4,316
2,control,mamba,597,179,19,1.0,1,4,316
2,control,mamba,598,179,29,1.0,1,3,316
2,control,mamba,599,179,29,1.0,1,3,316
2,control,mamba,600,179,29,1.0,1,3,316
2,control,mamba,601,179,29,0.8666666666666667,1,3,316
2,control,mamba,684,231,26,0.2655325288009941,2,7,311
2,control,mamba,685,231,26,0.20435278041768914,3,7,311
2,control,mamba,686,231,26,0.7947278911564626,1,7,311
2,control,mamba,687,231,26,0.5146413110698825,1,7,311
2,control,mamba,688,231,26,0.2334836813242129,3,7,311
2,control,mamba,689,231,29,0.08247675813465287,19,5,311
2,control,mamba,690,231,29,0.10990523928869793,9,5,311
2,control,mamba,691,231,29,0.19459236326109391,9,5,311
2,control,mamba,692,231,29,0.3004545454545454,4,5,311
2,control,mamba,693,231,29,0.15988795518207283,5,5,311
2,control,mamba,694,231,29,0.26084582084582086,5,5,311
2,control,mamba,695,231,29,0.11640895200217234,11,5,311
2,control,mamba,759,254,0,0.1242945414748308,8,8,307
2,control,mamba,760,254,0,0.2844395553277132,3,8,307
2,control,mamba,761,254,0,0.2930827002518179,3,8,307
2,control,mamba,762,254,0,0.08828108262450159,28,8,307
2,control,mamba,763,254,0,0.07205281754969076,20,8,307
2,control,mamba,764,254,0,0.062094240123542324,37,8,307
2,control,mamba,765,254,0,0.09381559547596252,5,8,307
2,control,mamba,766,254,0,0.05206962401341177,28,8,307
2,control,mamba,767,254,30,0.10371866402801011,16,8,307
2,control,mamba,768,254,30,0.2660622497987049,2,8,307
2,control,mamba,769,254,30,0.29492711334816596,2,8,307
2,control,mamba,770,254,30,0.12342698448150491,6,8,307
2,control,mamba,771,254,30,0.09682235872918114,22,8,307
2,control,mamba,772,254,30,0.1362033811973258,9,8,307
2,control,mamba,773,254,30,0.2164414672697352,3,8,307
2,control,mamba,774,254,30,0.18072496282855535,2,8,307
2,balanced,baseline_only,27,7,2,0.46134615384615385,1,5,316
2,balanced,baseline_only,28,7,2,0.6833333333333333,1,5,316
2,balanced,baseline_only,29,7,7,0.0698191391941392,16,4,316
2,balanced,baseline_only,30,7,7,0.525,1,4,316
2,balanced,baseline_only,31,7,7,0.05428843544515186,13,4,316
2,balanced,baseline_only,32,7,14,0.4063726970703715,1,5,316
2,balanced,baseline_only,33,7,14,0.3007583111748899,2,5,316
2,balanced,baseline_only,73,13,2,0.3823850752422181,1,7,314
2,balanced,baseline_only,74,13,2,0.3786690898163777,1,7,314
2,balanced,baseline_only,75,13,7,0.712121212121212,1,7,314
2,balanced,baseline_only,76,13,7,0.5859977324263038,2,7,314
2,balanced,baseline_only,77,13,10,0.5277683491969206,2,7,314
2,balanced,baseline_only,78,13,10,0.43333769405197975,2,7,314
2,balanced,baseline_only,79,13,28,0.844017094017094,1,6,314
2,balanced,baseline_only,80,13,28,0.49272486772486773,2,6,314
2,balanced,baseline_only,81,13,28,0.8019841269841269,1,6,314
2,balanced,baseline_only,100,19,3,0.7556998556998558,1,11,309
2,balanced,baseline_only,101,19,3,0.953063098517644,1,11,309
2,balanced,baseline_only,102,19,3,0.9631641086186541,1,11,309
2,balanced,baseline_only,103,19,5,0.7115259740259741,1,11,309
2,balanced,baseline_only,104,19,5,0.7678158541794905,1,11,309
2,balanced,baseline_only,105,19,5,0.8947639415342764,1,11,309
2,balanced,baseline_only,106,19,7,0.7162638086551131,1,11,309
2,balanced,baseline_only,107,19,7,0.8228007061011013,1,11,309
2,balanced,baseline_only,108,19,7,0.5881023860900022,1,11,309
2,balanced,baseline_only,109,19,9,0.7274410774410774,2,12,309
2,balanced,baseline_only,110,19,9,0.9322131572131572,1,12,309
2,balanced,baseline_only,111,19,12,0.7029089597271415,1,11,309
2,balanced,baseline_only,112,19,12,0.9805194805194806,1,11,309
2,balanced,baseline_only,113,19,12,0.8602121111212021,1,11,309
2,balanced,baseline_only,136,25,3,0.9754901960784313,1,12,309
2,balanced,baseline_only,137,25,3,0.8996150353058248,1,12,309
2,balanced,baseline_only,138,25,5,0.8670330339738235,1,12,309
2,balanced,baseline_only,139,25,5,0.911584595959596,1,12,309
2,balanced,baseline_only,140,25,7,0.5287704829206805,1,11,309
2,balanced,baseline_only,141,25,7,0.8026954325867369,1,11,309
2,balanced,baseline_only,142,25,7,0.6862208053384524,1,11,309
2,balanced,baseline_only,143,25,9,0.8483531746031746,1,10,309
2,balanced,baseline_only,144,25,9,0.8748122047035091,1,10,309
2,balanced,baseline_only,145,25,9,0.8286752136752137,1,10,309
2,balanced,baseline_only,146,25,9,0.9833333333333334,1,10,309
2,balanced,baseline_only,147,25,14,0.9715909090909091,1,11,309
2,balanced,baseline_only,148,25,14,0.9617224880382775,1,11,309
2,balanced,baseline_only,149,25,14,0.8497405819986465,1,11,309
2,balanced,baseline_only,165,31,4,0.8333333333333333,1,2,319
2,balanced,baseline_only,166,31,4,1.0,1,2,319
2,balanced,baseline_only,167,31,14,0.5833333333333333,2,2,319
2,balanced,baseline_only,168,31,14,0.6666666666666666,1,2,319
2,balanced,baseline_only,193,38,4,1.0,1,9,311
2,balanced,baseline_only,194,38,4,0.8730210602759622,1,9,311
2,balanced,baseline_only,195,38,4,0.9603174603174602,1,9,311
2,balanced,baseline_only,196,38,5,1.0,1,10,311
2,balanced,baseline_only,197,38,5,1.0,1,10,311
2,balanced,baseline_only,198,38,9,1.0,1,10,311
2,balanced,baseline_only,199,38,9,1.0,1,10,311
2,balanced,baseline_only,200,38,14,1.0,1,8,311
2,balanced,baseline_only,201,38,14,0.9427083333333334,1,8,311
2,balanced,baseline_only,202,38,14,1.0,1,8,311
2,balanced,baseline_only,203,38,14,0.900974025974026,1,8,311
2,balanced,baseline_only,204,38,18,0.9562770562770563,1,11,311
2,balanced,baseline_only,257,60,7,0.8333333333333333,1,2,318
2,balanced,baseline_only,258,60,7,0.6,1,2,318
2,balanced,baseline_only,259,60,7,0.5909090909090909,1,2,318
2,balanced,baseline_only,260,60,12,0.44761904761904764,1,3,318
2,balanced,baseline_only,261,60,12,0.6666666666666666,1,3,318
2,balanced,baseline_only,292,71,8,0.1111111111111111,9,1,319
2,balanced,baseline_only,293,71,8,0.5,2,1,319
2,balanced,baseline_only,294,71,8,0.1111111111111111,9,1,319
2,balanced,baseline_only,295,71,9,0.8055555555555555,1,3,319
2,balanced,baseline_only,311,80,10,0.8526315789473685,1,5,316
2,balanced,baseline_only,312,80,10,0.723109243697479,1,5,316
2,balanced,baseline_only,313,80,22,0.800909090909091,1,5,316
2,balanced,baseline_only,314,80,22,0.7477124183006536,1,5,316
2,balanced,baseline_only,315,80,28,0.45707070707070707,1,4,316
2,balanced,baseline_only,316,80,28,0.8041666666666667,1,4,316
2,balanced,baseline_only,317,80,28,0.46193693693693694,1,4,316
2,balanced,baseline_only,334,87,0,0.24358974358974358,3,2,313
2,balanced,baseline_only,335,87,0,0.08116883116883117,11,2,313
2,balanced,baseline_only,336,87,0,0.044217687074829926,21,2,313
2,balanced,baseline_only,337,87,0,0.07828282828282829,9,2,313
2,balanced,baseline_only,338,87,0,0.06871035940803383,11,2,313
2,balanced,baseline_only,339,87,0,0.12083333333333333,5,2,313
2,balanced,baseline_only,340,87,0,0.01448602948757604,61,2,313
2,balanced,baseline_only,341,87,0,0.075,12,2,313
2,balanced,baseline_only,342,87,10,0.1143205692604513,18,8,313
2,balanced,baseline_only,343,87,10,0.23374285704432513,5,8,313
2,balanced,baseline_only,357,97,0,0.6171267421267421,1,9,307
2,balanced,baseline_only,358,97,0,0.7640640640640641,1,9,307
2,balanced,baseline_only,359,97,0,0.47324814582987823,1,9,307
2,balanced,baseline_only,360,97,0,0.35318258541942754,1,9,307
2,balanced,baseline_only,361,97,0,0.6420992534036012,1,9,307
2,balanced,baseline_only,362,97,0,0.6578652828652829,1,9,307
2,balanced,baseline_only,363,97,0,0.7540123456790124,1,9,307
2,balanced,baseline_only,364,97,11,0.8683118051539104,1,14,307
2,balanced,baseline_only,365,97,11,0.8202649202649203,1,14,307
2,balanced,baseline_only,366,97,13,0.8742205577883327,1,14,307
2,balanced,baseline_only,367,97,13,0.8569686008374642,1,14,307
2,balanced,baseline_only,368,97,16,0.787811316363948,1,15,307
2,balanced,baseline_only,369,97,24,0.2640727369627625,13,12,307
2,balanced,baseline_only,370,97,24,0.37571014678857817,1,12,307
2,balanced,baseline_only,371,97,24,0.3884262165169409,1,12,307
2,balanced,baseline_only,372,97,24,0.4571467119774429,1,12,307
2,balanced,baseline_only,417,105,11,0.6156084656084656,2,7,313
2,balanced,baseline_only,418,105,11,0.9325396825396826,1,7,313
2,balanced,baseline_only,419,105,11,0.9821428571428571,1,7,313
2,balanced,baseline_only,420,105,15,0.8722222222222222,1,6,313
2,balanced,baseline_only,421,105,15,0.8964646464646465,1,6,313
2,balanced,baseline_only,422,105,15,1.0,1,6,313
2,balanced,baseline_only,423,105,15,0.9583333333333334,1,6,313
2,balanced,baseline_only,424,105,23,0.4847152847152847,2,7,313
2,balanced,baseline_only,425,105,23,0.6954931972789116,1,7,313
2,balanced,baseline_only,426,105,23,0.7464285714285713,1,7,313
2,balanced,baseline_only,440,115,12,1.0,1,2,319
2,balanced,baseline_only,441,115,12,1.0,1,2,319
2,balanced,baseline_only,442,115,16,1.0,1,2,319
2,balanced,baseline_only,443,115,16,1.0,1,2,319
2,balanced,baseline_only,482,136,0,0.09555555555555556,9,2,315
2,balanced,baseline_only,483,136,0,0.2121212121212121,3,2,315
2,balanced,baseline_only,484,136,0,0.05416666666666667,24,2,315
2,balanced,baseline_only,485,136,0,0.06631578947368422,19,2,315
2,balanced,baseline_only,486,136,0,0.07614942528735633,12,2,315
2,balanced,baseline_only,487,136,0,0.20512820512820512,3,2,315
2,balanced,baseline_only,488,136,15,0.19760197986004435,9,6,315
2,balanced,baseline_only,489,136,15,0.8016233766233767,1,6,315
2,balanced,baseline_only,515,151,16,1.0,1,1,320
2,balanced,baseline_only,516,151,16,0.5,2,1,320
2,balanced,baseline_only,517,151,22,1.0,1,2,320
2,balanced,baseline_only,534,161,17,1.0,1,2,318
2,balanced,baseline_only,535,161,17,0.6428571428571428,1,2,318
2,balanced,baseline_only,536,161,17,1.0,1,2,318
2,balanced,baseline_only,537,161,18,0.8666666666666667,1,3,318
2,balanced,baseline_only,538,161,18,1.0,1,3,318
2,balanced,baseline_only,558,171,18,0.9601055806938159,1,13,307
2,balanced,baseline_only,559,171,18,0.8759089766442708,1,13,307
2,balanced,baseline_only,560,171,18,0.8771681749622926,1,13,307
2,balanced,baseline_only,561,171,26,0.6372082558791419,1,10,307
2,balanced,baseline_only,562,171,26,0.9733333333333334,1,10,307
2,balanced,baseline_only,563,171,26,0.9909090909090909,1,10,307
2,balanced,baseline_only,564,171,26,1.0,1,10,307
2,balanced,baseline_only,565,171,26,0.9909090909090909,1,10,307
2,balanced,baseline_only,566,171,26,0.8976190476190476,1,10,307
2,balanced,baseline_only,567,171,27,0.8093544137022398,1,9,307
2,balanced,baseline_only,568,171,27,0.9626543209876544,1,9,307
2,balanced,baseline_only,569,171,27,0.9253086419753086,1,9,307
2,balanced,baseline_only,570,171,27,0.7423206423206423,1,9,307
2,balanced,baseline_only,571,171,27,0.8949445616112283,1,9,307
2,balanced,baseline_only,572,171,27,0.9467813051146384,1,9,307
2,balanced,baseline_only,573,171,27,0.7831009146798621,1,9,307
2,balanced,baseline_only,595,179,19,1.0,1,4,316
2,balanced,baseline_only,596,179,19,0.95,1,4,316
2,balanced,baseline_only,597,179,19,1.0,1,4,316
2,balanced,baseline_only,598,179,29,1.0,1,3,316
2,balanced,baseline_only,599,179,29,1.0,1,3,316
2,balanced,baseline_only,600,179,29,0.9166666666666666,1,3,316
2,balanced,baseline_only,601,179,29,1.0,1,3,316
2,balanced,baseline_only,684,231,26,0.2715226802183324,2,7,311
2,balanced,baseline_only,685,231,26,0.15130067721497034,3,7,311
2,balanced,baseline_only,686,231,26,0.5396825396825397,2,7,311
2,balanced,baseline_only,687,231,26,0.5627705627705628,1,7,311
2,balanced,baseline_only,688,231,26,0.36466934599926926,2,7,311
2,balanced,baseline_only,689,231,29,0.1468170426065163,10,5,311
2,balanced,baseline_only,690,231,29,0.15975198938992044,8,5,311
2,balanced,baseline_only,691,231,29,0.15517202096149466,11,5,311
2,balanced,baseline_only,692,231,29,0.2667023172905526,4,5,311
2,balanced,baseline_only,693,231,29,0.1575487012987013,8,5,311
2,balanced,baseline_only,694,231,29,0.19936507936507936,9,5,311
2,balanced,baseline_only,695,231,29,0.397037037037037,2,5,311
2,balanced,baseline_only,759,254,0,0.1634759019561578,5,8,307
2,balanced,baseline_only,760,254,0,0.3925458324355383,4,8,307
2,balanced,baseline_only,761,254,0,0.19041319478349553,11,8,307
2,balanced,baseline_only,762,254,0,0.18377595089255705,10,8,307
2,balanced,baseline_only,763,254,0,0.11677416661387217,10,8,307
2,balanced,baseline_only,764,254,0,0.06953871400560453,24,8,307
2,balanced,baseline_only,765,254,0,0.0775857298047424,16,8,307
2,balanced,baseline_only,766,254,0,0.07851088661439962,18,8,307
2,balanced,baseline_only,767,254,30,0.13468760216711037,9,8,307
2,balanced,baseline_only,768,254,30,0.544020976194151,1,8,307
2,balanced,baseline_only,769,254,30,0.4808927631508277,1,8,307
2,balanced,baseline_only,770,254,30,0.2839281247447521,3,8,307
2,balanced,baseline_only,771,254,30,0.12047594463884723,9,8,307
2,balanced,baseline_only,772,254,30,0.41123511904761906,2,8,307
2,balanced,baseline_only,773,254,30,0.5768518518518518,1,8,307
2,balanced,baseline_only,774,254,30,0.4623431811634059,1,8,307
2,balanced,fused,27,7,2,0.14104922854922855,6,5,316
2,balanced,fused,28,7,2,0.4768686868686869,1,5,316
2,balanced,fused,29,7,7,0.046439018207838995,22,4,316
2,balanced,fused,30,7,7,0.19666988416988418,4,4,316
2,balanced,fused,31,7,7,0.039009658374412476,33,4,316
2,balanced,fused,32,7,14,0.28905498110309336,1,5,316
2,balanced,fused,33,7,14,0.14814414414414415,3,5,316
2,balanced,fused,73,13,2,0.408695652173913,1,7,314
2,balanced,fused,74,13,2,0.4964989396568344,1,7,314
2,balanced,fused,75,13,7,0.7408658008658009,1,7,314
2,balanced,fused,76,13,7,0.7435966810966811,1,7,314
2,balanced,fused,77,13,10,0.3684365190676551,2,7,314
2,balanced,fused,78,13,10,0.36399969078540506,6,7,314
2,balanced,fused,79,13,28,0.876984126984127,1,6,314
2,balanced,fused,80,13,28,0.6992474916387961,1,6,314
2,balanced,fused,81,13,28,0.6666666666666666,1,6,314
2,balanced,fused,100,19,3,0.7688402506584324,1,11,309
2,balanced,fused,101,19,3,0.9777495232040686,1,11,309
2,balanced,fused,102,19,3,0.9348124098124099,1,11,309
2,balanced,fused,103,19,5,0.8119162403253313,1,11,309
2,balanced,fused,104,19,5,0.8094057457693822,1,11,309
2,balanced,fused,105,19,5,0.9415584415584416,1,11,309
2,balanced,fused,106,19,7,0.831283867647504,1,11,309
2,balanced,fused,107,19,7,0.9296536796536796,1,11,309
2,balanced,fused,108,19,7,0.8203248444959675,1,11,309
2,balanced,fused,109,19,9,0.721933457624247,1,12,309
2,balanced,fused,110,19,9,0.9018651426546164,1,12,309
2,balanced,fused,111,19,12,0.7709506402688221,1,11,309
2,balanced,fused,112,19,12,0.9128968253968254,1,11,309
2,balanced,fused,113,19,12,0.9214452214452215,1,11,309
2,balanced,fused,136,25,3,0.8500092500092501,1,12,309
2,balanced,fused,137,25,3,0.7823246198246198,1,12,309
2,balanced,fused,138,25,5,0.9272263071895425,1,12,309
2,balanced,fused,139,25,5,0.8026138578770158,1,12,309
2,balanced,fused,140,25,7,0.5174594821549365,1,11,309
2,balanced,fused,141,25,7,0.7593978058092891,1,11,309
2,balanced,fused,142,25,7,0.7469968979327267,1,11,309
2,balanced,fused,143,25,9,0.7589194139194139,1,10,309
2,balanced,fused,144,25,9,0.7999649859943977,1,10,309
2,balanced,fused,145,25,9,0.8379761904761904,1,10,309
2,balanced,fused,146,25,9,0.9614285714285714,1,10,309
2,balanced,fused,147,25,14,0.9715909090909091,1,11,309
2,balanced,fused,148,25,14,0.9041797283176595,1,11,309
2,balanced,fused,149,25,14,0.8179852852247531,1,11,309
2,balanced,fused,165,31,4,0.8333333333333333,1,2,319
2,balanced,fused,166,31,4,0.7,1,2,319
2,balanced,fused,167,31,14,0.41666666666666663,3,2,319
2,balanced,fused,168,31,14,0.6428571428571428,1,2,319
2,balanced,fused,193,38,4,0.9888888888888889,1,9,311
2,balanced,fused,194,38,4,0.7860349527016193,1,9,311
2,balanced,fused,195,38,4,0.8776844070961718,1,9,311
2,balanced,fused,196,38,5,1.0,1,10,311
2,balanced,fused,197,38,5,1.0,1,10,311
2,balanced,fused,198,38,9,1.0,1,10,311
2,balanced,fused,199,38,9,1.0,1,10,311
2,balanced,fused,200,38,14,1.0,1,8,311
2,balanced,fused,201,38,14,1.0,1,8,311
2,balanced,fused,202,38,14,1.0,1,8,311
2,balanced,fused,203,38,14,0.9526289682539683,1,8,311
2,balanced,fused,204,38,18,0.9595404595404595,1,11,311
2,balanced,fused,257,60,7,0.75,1,2,318
2,balanced,fused,258,60,7,0.35,2,2,318
2,balanced,fused,259,60,7,0.6666666666666666,1,2,318
2,balanced,fused,260,60,12,0.2542857142857143,2,3,318
2,balanced,fused,261,60,12,0.49831649831649827,1,3,318
2,balanced,fused,292,71,8,1.0,1,1,319
2,balanced,fused,293,71,8,0.5,2,1,319
2,balanced,fused,294,71,8,1.0,1,1,319
2,balanced,fused,295,71,9,0.3833333333333333,4,3,319
2,balanced,fused,311,80,10,0.8384615384615385,1,5,316
2,balanced,fused,312,80,10,0.8761904761904763,1,5,316
2,balanced,fused,313,80,22,0.7554545454545455,1,5,316
2,balanced,fused,314,80,22,0.5946428571428571,1,5,316
2,balanced,fused,315,80,28,0.6706730769230769,1,4,316
2,balanced,fused,316,80,28,0.4666666666666667,2,4,316
2,balanced,fused,317,80,28,0.16297706830888906,5,4,316
2,balanced,fused,334,87,0,0.23333333333333334,3,2,313
2,balanced,fused,335,87,0,0.07142857142857142,14,2,313
2,balanced,fused,336,87,0,0.08658008658008658,7,2,313
2,balanced,fused,337,87,0,0.10591133004926108,7,2,313
2,balanced,fused,338,87,0,0.05298913043478261,16,2,313
2,balanced,fused,339,87,0,0.061553030303030304,16,2,313
2,balanced,fused,340,87,0,0.014588859416445624,65,2,313
2,balanced,fused,341,87,0,0.08881578947368421,8,2,313
2,balanced,fused,342,87,10,0.08625068509359064,22,8,313
2,balanced,fused,343,87,10,0.135163689759278,11,8,313
2,balanced,fused,357,97,0,0.7221260221260221,1,9,307
2,balanced,fused,358,97,0,0.8812640637353281,1,9,307
2,balanced,fused,359,97,0,0.5225621043708899,1,9,307
2,balanced,fused,360,97,0,0.3434276052162231,3,9,307
2,balanced,fused,361,97,0,0.7335978835978836,1,9,307
2,balanced,fused,362,97,0,0.8263187429854096,1,9,307
2,balanced,fused,363,97,0,0.8614997455577166,1,9,307
2,balanced,fused,364,97,11,0.9159281194995481,1,14,307
2,balanced,fused,365,97,11,0.8981796972868402,1,14,307
2,balanced,fused,366,97,13,0.9258066863108879,1,14,307
2,balanced,fused,367,97,13,0.9439075630252101,1,14,307
2,balanced,fused,368,97,16,0.827889881832338,1,15,307
2,balanced,fused,369,97,24,0.2664494343356132,12,12,307
2,balanced,fused,370,97,24,0.4491306215570921,1,12,307
2,balanced,fused,371,97,24,0.6064731765818722,1,12,307
2,balanced,fused,372,97,24,0.37802182345192376,3,12,307
2,balanced,fused,417,105,11,0.7047619047619048,1,7,313
2,balanced,fused,418,105,11,0.7869614512471655,1,7,313
2,balanced,fused,419,105,11,0.87152133580705,1,7,313
2,balanced,fused,420,105,15,0.828409090909091,1,6,313
2,balanced,fused,421,105,15,0.8301587301587302,1,6,313
2,balanced,fused,422,105,15,0.9305555555555555,1,6,313
2,balanced,fused,423,105,15,0.8833333333333333,1,6,313
2,balanced,fused,424,105,23,0.5261595547309833,1,7,313
2,balanced,fused,425,105,23,0.4825807245975313,3,7,313
2,balanced,fused,426,105,23,0.5970220255934542,1,7,313
2,balanced,fused,440,115,12,1.0,1,2,319
2,balanced,fused,441,115,12,1.0,1,2,319
2,balanced,fused,442,115,16,1.0,1,2,319
2,balanced,fused,443,115,16,1.0,1,2,319
2,balanced,fused,482,136,0,0.12222222222222222,9,2,315
2,balanced,fused,483,136,0,0.12406015037593984,7,2,315
2,balanced,fused,484,136,0,0.060798548094373864,19,2,315
2,balanced,fused,485,136,0,0.12916666666666665,8,2,315
2,balanced,fused,486,136,0,0.08571428571428572,10,2,315
2,balanced,fused,487,136,0,0.12142857142857143,7,2,315
2,balanced,fused,488,136,15,0.22922558626219955,6,6,315
2,balanced,fused,489,136,15,1.0,1,6,315
2,balanced,fused,515,151,16,1.0,1,1,320
2,balanced,fused,516,151,16,1.0,1,1,320
2,balanced,fused,517,151,22,1.0,1,2,320
2,balanced,fused,534,161,17,1.0,1,2,318
2,balanced,fused,535,161,17,0.20833333333333331,6,2,318
2,balanced,fused,536,161,17,1.0,1,2,318
2,balanced,fused,537,161,18,0.7666666666666666,1,3,318
2,balanced,fused,538,161,18,0.7666666666666666,1,3,318
2,balanced,fused,558,171,18,0.9576923076923076,1,13,307
2,balanced,fused,559,171,18,0.8380184949150465,1,13,307
2,balanced,fused,560,171,18,0.9239593739593739,1,13,307
2,balanced,fused,561,171,26,0.8128745631024733,1,10,307
2,balanced,fused,562,171,26,0.9714285714285713,1,10,307
2,balanced,fused,563,171,26,0.9909090909090909,1,10,307
2,balanced,fused,564,171,26,1.0,1,10,307
2,balanced,fused,565,171,26,1.0,1,10,307
2,balanced,fused,566,171,26,0.9476301476301476,1,10,307
2,balanced,fused,567,171,27,0.8251563251563252,1,9,307
2,balanced,fused,568,171,27,0.9722222222222222,1,9,307
2,balanced,fused,569,171,27,0.9797979797979798,1,9,307
2,balanced,fused,570,171,27,0.7523569023569023,1,9,307
2,balanced,fused,571,171,27,0.9340828924162258,1,9,307
2,balanced,fused,572,171,27,0.9765432098765433,1,9,307
2,balanced,fused,573,171,27,0.7717293233082707,1,9,307
2,balanced,fused,595,179,19,1.0,1,4,316
2,balanced,fused,596,179,19,0.95,1,4,316
2,balanced,fused,597,179,19,1.0,1,4,316
2,balanced,fused,598,179,29,1.0,1,3,316
2,balanced,fused,599,179,29,1.0,1,3,316
2,balanced,fused,600,179,29,1.0,1,3,316
2,balanced,fused,601,179,29,1.0,1,3,316
2,balanced,fused,684,231,26,0.4166925465838509,1,7,311
2,balanced,fused,685,231,26,0.1850750875141119,3,7,311
2,balanced,fused,686,231,26,0.8520408163265306,1,7,311
2,balanced,fused,687,231,26,0.7992673992673992,1,7,311
2,balanced,fused,688,231,26,0.3858974358974359,2,7,311
2,balanced,fused,689,231,29,0.14091757915287326,11,5,311
2,balanced,fused,690,231,29,0.18188769414575867,5,5,311
2,balanced,fused,691,231,29,0.27465622612681434,4,5,311
2,balanced,fused,692,231,29,0.4181929181929182,2,5,311
2,balanced,fused,693,231,29,0.2163354037267081,5,5,311
2,balanced,fused,694,231,29,0.36787878787878786,2,5,311
2,balanced,fused,695,231,29,0.326984126984127,4,5,311
2,balanced,fused,759,254,0,0.1692555708180708,6,8,307
2,balanced,fused,760,254,0,0.2891649048625793,3,8,307
2,balanced,fused,761,254,0,0.3337175592967927,2,8,307
2,balanced,fused,762,254,0,0.10202684247318598,25,8,307
2,balanced,fused,763,254,0,0.11718759708608739,18,8,307
2,balanced,fused,764,254,0,0.07117613288035417,18,8,307
2,balanced,fused,765,254,0,0.12509172948102126,3,8,307
2,balanced,fused,766,254,0,0.05400503463382143,29,8,307
2,balanced,fused,767,254,30,0.13172949735449735,7,8,307
2,balanced,fused,768,254,30,0.33813567704696734,2,8,307
2,balanced,fused,769,254,30,0.2937572704416676,2,8,307
2,balanced,fused,770,254,30,0.1394152539144775,8,8,307
2,balanced,fused,771,254,30,0.10106112637362638,16,8,307
2,balanced,fused,772,254,30,0.18030433938839693,7,8,307
2,balanced,fused,773,254,30,0.3972771122555605,1,8,307
2,balanced,fused,774,254,30,0.35038971445221445,1,8,307
2,balanced,cnn,27,7,2,0.168714859437751,4,5,316
2,balanced,cnn,28,7,2,0.3362853442330659,2,5,316
2,balanced,cnn,29,7,7,0.042606960408684544,24,4,316
2,balanced,cnn,30,7,7,0.09632518948556684,12,4,316
2,balanced,cnn,31,7,7,0.03235384130946872,67,4,316
2,balanced,cnn,32,7,14,0.31424508264844403,1,5,316
2,balanced,cnn,33,7,14,0.30699406744709873,1,5,316
2,balanced,cnn,73,13,2,0.25356142456982794,3,7,314
2,balanced,cnn,74,13,2,0.42634442371284476,1,7,314
2,balanced,cnn,75,13,7,0.7051242236024845,1,7,314
2,balanced,cnn,76,13,7,0.7371212121212122,1,7,314
2,balanced,cnn,77,13,10,0.2553730435263536,2,7,314
2,balanced,cnn,78,13,10,0.35605049712192566,5,7,314
2,balanced,cnn,79,13,28,0.7519230769230769,1,6,314
2,balanced,cnn,80,13,28,0.6437400318979266,1,6,314
2,balanced,cnn,81,13,28,0.6678062678062678,1,6,314
2,balanced,cnn,100,19,3,0.6790323238852651,1,11,309
2,balanced,cnn,101,19,3,0.9596499756927565,1,11,309
2,balanced,cnn,102,19,3,0.8944739603830513,1,11,309
2,balanced,cnn,103,19,5,0.7349553224553224,2,11,309
2,balanced,cnn,104,19,5,0.787573669926611,1,11,309
2,balanced,cnn,105,19,5,0.9194805194805195,1,11,309
2,balanced,cnn,106,19,7,0.8383559622195985,1,11,309
2,balanced,cnn,107,19,7,0.8792954629911152,1,11,309
2,balanced,cnn,108,19,7,0.6215594612723799,1,11,309
2,balanced,cnn,109,19,9,0.6835265429015429,2,12,309
2,balanced,cnn,110,19,9,0.7737898947457772,1,12,309
2,balanced,cnn,111,19,12,0.7978117841754205,1,11,309
2,balanced,cnn,112,19,12,0.8552062836153745,1,11,309
2,balanced,cnn,113,19,12,0.9171952078928822,1,11,309
2,balanced,cnn,136,25,3,0.9131605622984934,1,12,309
2,balanced,cnn,137,25,3,0.7933614996114996,1,12,309
2,balanced,cnn,138,25,5,0.9495670995670995,1,12,309
2,balanced,cnn,139,25,5,0.8055685420817,1,12,309
2,balanced,cnn,140,25,7,0.409166791913113,1,11,309
2,balanced,cnn,141,25,7,0.789926210153483,1,11,309
2,balanced,cnn,142,25,7,0.8192865141394553,1,11,309
2,balanced,cnn,143,25,9,0.8773260073260072,1,10,309
2,balanced,cnn,144,25,9,0.7346101163913226,1,10,309
2,balanced,cnn,145,25,9,0.8086875843454792,1,10,309
2,balanced,cnn,146,25,9,0.9375,1,10,309
2,balanced,cnn,147,25,14,0.9413489736070382,1,11,309
2,balanced,cnn,148,25,14,0.8808725553406405,1,11,309
2,balanced,cnn,149,25,14,0.7761888364161091,1,11,309
2,balanced,cnn,165,31,4,0.8333333333333333,1,2,319
2,balanced,cnn,166,31,4,0.325,4,2,319
2,balanced,cnn,167,31,14,0.3333333333333333,3,2,319
2,balanced,cnn,168,31,14,0.39285714285714285,2,2,319
2,balanced,cnn,193,38,4,0.9535634118967453,1,9,311
2,balanced,cnn,194,38,4,0.8220899470899471,1,9,311
2,balanced,cnn,195,38,4,0.7906856261022928,1,9,311
2,balanced,cnn,196,38,5,0.9697979797979798,1,10,311
2,balanced,cnn,197,38,5,0.9588235294117646,1,10,311
2,balanced,cnn,198,38,9,1.0,1,10,311
2,balanced,cnn,199,38,9,0.9666666666666666,1,10,311
2,balanced,cnn,200,38,14,1.0,1,8,311
2,balanced,cnn,201,38,14,1.0,1,8,311
2,balanced,cnn,202,38,14,1.0,1,8,311
2,balanced,cnn,203,38,14,0.9159722222222222,1,8,311
2,balanced,cnn,204,38,18,0.9171122994652406,1,11,311
2,balanced,cnn,257,60,7,0.75,1,2,318
2,balanced,cnn,258,60,7,0.29166666666666663,3,2,318
2,balanced,cnn,259,60,7,0.6428571428571428,1,2,318
2,balanced,cnn,260,60,12,0.4366013071895425,1,3,318
2,balanced,cnn,261,60,12,0.4880952380952381,1,3,318
2,balanced,cnn,292,71,8,0.5,2,1,319
2,balanced,cnn,293,71,8,1.0,1,1,319
2,balanced,cnn,294,71,8,1.0,1,1,319
2,balanced,cnn,295,71,9,0.4444444444444444,3,3,319
2,balanced,cnn,311,80,10,0.825,1,5,316
2,balanced,cnn,312,80,10,0.86,1,5,316
2,balanced,cnn,313,80,22,0.832258064516129,1,5,316
2,balanced,cnn,314,80,22,0.549047619047619,1,5,316
2,balanced,cnn,315,80,28,0.6634615384615384,1,4,316
2,balanced,cnn,316,80,28,0.37037037037037035,3,4,316
2,balanced,cnn,317,80,28,0.16337019303845568,4,4,316
2,balanced,cnn,334,87,0,0.03125,32,2,313
2,balanced,cnn,335,87,0,0.02219512195121951,50,2,313
2,balanced,cnn,336,87,0,0.019444444444444445,45,2,313
2,balanced,cnn,337,87,0,0.030330882352941176,32,2,313
2,balanced,cnn,338,87,0,0.020638297872340425,47,2,313
2,balanced,cnn,339,87,0,0.04592363261093911,19,2,313
2,balanced,cnn,340,87,0,0.009451380341128891,121,2,313
2,balanced,cnn,341,87,0,0.02690501986276634,39,2,313
2,balanced,cnn,342,87,10,0.05653122665134228,47,8,313
2,balanced,cnn,343,87,10,0.08719657967149393,27,8,313
2,balanced,cnn,357,97,0,0.547357210690544,1,9,307
2,balanced,cnn,358,97,0,0.7651571949817564,1,9,307
2,balanced,cnn,359,97,0,0.37232121017005015,2,9,307
2,balanced,cnn,360,97,0,0.23968830027137558,8,9,307
2,balanced,cnn,361,97,0,0.6694897494897495,1,9,307
2,balanced,cnn,362,97,0,0.6688167388167388,1,9,307
2,balanced,cnn,363,97,0,0.8087804051190779,1,9,307
2,balanced,cnn,364,97,11,0.9104395604395604,1,14,307
2,balanced,cnn,365,97,11,0.8397049612385746,1,14,307
2,balanced,cnn,366,97,13,0.884720041862899,1,14,307
2,balanced,cnn,367,97,13,0.9177361853832442,1,14,307
2,balanced,cnn,368,97,16,0.8852428965370142,1,15,307
2,balanced,cnn,369,97,24,0.24937931713904202,15,12,307
2,balanced,cnn,370,97,24,0.42426413455825224,1,12,307
2,balanced,cnn,371,97,24,0.44746122947877337,1,12,307
2,balanced,cnn,372,97,24,0.4159715485802442,2,12,307
2,balanced,cnn,417,105,11,0.7728937728937729,1,7,313
2,balanced,cnn,418,105,11,0.6516497508094147,1,7,313
2,balanced,cnn,419,105,11,0.8070175438596491,1,7,313
2,balanced,cnn,420,105,15,0.7901315789473684,1,6,313
2,balanced,cnn,421,105,15,0.7324346405228758,1,6,313
2,balanced,cnn,422,105,15,0.8617424242424242,1,6,313
2,balanced,cnn,423,105,15,0.47053872053872053,3,6,313
2,balanced,cnn,424,105,23,0.6667277167277168,1,7,313
2,balanced,cnn,425,105,23,0.36454648526077094,2,7,313
2,balanced,cnn,426,105,23,0.5927719940877836,1,7,313
2,balanced,cnn,440,115,12,1.0,1,2,319
2,balanced,cnn,441,115,12,1.0,1,2,319
2,balanced,cnn,442,115,16,1.0,1,2,319
2,balanced,cnn,443,115,16,1.0,1,2,319
2,balanced,cnn,482,136,0,0.07738095238095238,14,2,315
2,balanced,cnn,483,136,0,0.08193979933110368,13,2,315
2,balanced,cnn,484,136,0,0.06458333333333333,15,2,315
2,balanced,cnn,485,136,0,0.10101010101010101,11,2,315
2,balanced,cnn,486,136,0,0.07023809523809524,12,2,315
2,balanced,cnn,487,136,0,0.06458333333333333,16,2,315
2,balanced,cnn,488,136,15,0.18898861806470502,8,6,315
2,balanced,cnn,489,136,15,0.8734126984126984,1,6,315
2,balanced,cnn,515,151,16,1.0,1,1,320
2,balanced,cnn,516,151,16,1.0,1,1,320
2,balanced,cnn,517,151,22,1.0,1,2,320
2,balanced,cnn,534,161,17,1.0,1,2,318
2,balanced,cnn,535,161,17,0.04483430799220273,27,2,318
2,balanced,cnn,536,161,17,0.8333333333333333,1,2,318
2,balanced,cnn,537,161,18,0.54,1,3,318
2,balanced,cnn,538,161,18,0.5955555555555555,1,3,318
2,balanced,cnn,558,171,18,0.962087912087912,1,13,307
2,balanced,cnn,559,171,18,0.8404824561403509,1,13,307
2,balanced,cnn,560,171,18,0.946186166774402,1,13,307
2,balanced,cnn,561,171,26,0.8549494949494949,1,10,307
2,balanced,cnn,562,171,26,0.9833333333333334,1,10,307
2,balanced,cnn,563,171,26,0.9909090909090909,1,10,307
2,balanced,cnn,564,171,26,1.0,1,10,307
2,balanced,cnn,565,171,26,1.0,1,10,307
2,balanced,cnn,566,171,26,0.9455555555555556,1,10,307
2,balanced,cnn,567,171,27,0.8412280701754385,1,9,307
2,balanced,cnn,568,171,27,0.9722222222222222,1,9,307
2,balanced,cnn,569,171,27,0.9797979797979798,1,9,307
2,balanced,cnn,570,171,27,0.7866013071895425,1,9,307
2,balanced,cnn,571,171,27,0.9603174603174602,1,9,307
2,balanced,cnn,572,171,27,0.9626543209876544,1,9,307
2,balanced,cnn,573,171,27,0.7164180036987055,1,9,307
2,balanced,cnn,595,179,19,1.0,1,4,316
2,balanced,cnn,596,179,19,0.85,1,4,316
2,balanced,cnn,597,179,19,1.0,1,4,316
2,balanced,cnn,598,179,29,0.8666666666666667,1,3,316
2,balanced,cnn,599,179,29,1.0,1,3,316
2,balanced,cnn,600,179,29,0.8333333333333334,1,3,316
2,balanced,cnn,601,179,29,0.9166666666666666,1,3,316
2,balanced,cnn,684,231,26,0.4692061439960599,2,7,311
2,balanced,cnn,685,231,26,0.15682169432689866,3,7,311
2,balanced,cnn,686,231,26,0.8166118060127276,1,7,311
2,balanced,cnn,687,231,26,0.8755411255411255,1,7,311
2,balanced,cnn,688,231,26,0.3854541816726691,3,7,311
2,balanced,cnn,689,231,29,0.15304909560723515,6,5,311
2,balanced,cnn,690,231,29,0.23954545454545456,3,5,311
2,balanced,cnn,691,231,29,0.2921848739495798,4,5,311
2,balanced,cnn,692,231,29,0.5412698412698413,1,5,311
2,balanced,cnn,693,231,29,0.21200471097529922,5,5,311
2,balanced,cnn,694,231,29,0.4966666666666667,1,5,311
2,balanced,cnn,695,231,29,0.547027027027027,1,5,311
2,balanced,cnn,759,254,0,0.1283557846611534,4,8,307
2,balanced,cnn,760,254,0,0.14541327572763768,8,8,307
2,balanced,cnn,761,254,0,0.27377089439700947,3,8,307
2,balanced,cnn,762,254,0,0.06810477415848198,37,8,307
2,balanced,cnn,763,254,0,0.11533707860207248,11,8,307
2,balanced,cnn,764,254,0,0.061618542853936496,38,8,307
2,balanced,cnn,765,254,0,0.19695318519702926,2,8,307
2,balanced,cnn,766,254,0,0.04739046657068715,34,8,307
2,balanced,cnn,767,254,30,0.10071873236452948,13,8,307
2,balanced,cnn,768,254,30,0.2064119907869908,3,8,307
2,balanced,cnn,769,254,30,0.4797312062937063,1,8,307
2,balanced,cnn,770,254,30,0.10650830181654289,14,8,307
2,balanced,cnn,771,254,30,0.08301718659949488,20,8,307
2,balanced,cnn,772,254,30,0.11496817238795848,14,8,307
2,balanced,cnn,773,254,30,0.09940098377598378,14,8,307
2,balanced,cnn,774,254,30,0.2617478696020521,2,8,307
2,balanced,transformer,27,7,2,0.1153420663166426,10,5,316
2,balanced,transformer,28,7,2,0.21951219512195125,2,5,316
2,balanced,transformer,29,7,7,0.04818651598570463,29,4,316
2,balanced,transformer,30,7,7,0.6056985294117647,1,4,316
2,balanced,transformer,31,7,7,0.057621038770030615,10,4,316
2,balanced,transformer,32,7,14,0.17074813676964212,2,5,316
2,balanced,transformer,33,7,14,0.09833223989940407,10,5,316
2,balanced,transformer,73,13,2,0.4821701116343973,1,7,314
2,balanced,transformer,74,13,2,0.393483661099853,1,7,314
2,balanced,transformer,75,13,7,0.7495238095238096,1,7,314
2,balanced,transformer,76,13,7,0.8392857142857143,1,7,314
2,balanced,transformer,77,13,10,0.41661465149837246,2,7,314
2,balanced,transformer,78,13,10,0.40786951144094,3,7,314
2,balanced,transformer,79,13,28,0.8523809523809524,1,6,314
2,balanced,transformer,80,13,28,0.6845238095238094,1,6,314
2,balanced,transformer,81,13,28,0.5883040935672514,1,6,314
2,balanced,transformer,100,19,3,0.6731995277449823,1,11,309
2,balanced,transformer,101,19,3,0.9278846153846154,1,11,309
2,balanced,transformer,102,19,3,0.8510082023239918,1,11,309
2,balanced,transformer,103,19,5,0.6875349617444478,1,11,309
2,balanced,transformer,104,19,5,0.598727589416739,1,11,309
2,balanced,transformer,105,19,5,0.8707365866456775,1,11,309
2,balanced,transformer,106,19,7,0.6993548118548119,1,11,309
2,balanced,transformer,107,19,7,0.878066378066378,1,11,309
2,balanced,transformer,108,19,7,0.6912655971479501,1,11,309
2,balanced,transformer,109,19,9,0.6124909812409812,2,12,309
2,balanced,transformer,110,19,9,0.8120533016366349,1,12,309
2,balanced,transformer,111,19,12,0.6825414187713653,1,11,309
2,balanced,transformer,112,19,12,0.8766445972328326,1,11,309
2,balanced,transformer,113,19,12,0.8123063539331482,1,11,309
2,balanced,transformer,136,25,3,0.7995450716580748,1,12,309
2,balanced,transformer,137,25,3,0.7697437747437746,1,12,309
2,balanced,transformer,138,25,5,0.9156024531024531,1,12,309
2,balanced,transformer,139,25,5,0.7869113457348752,1,12,309
2,balanced,transformer,140,25,7,0.5106693501430344,1,11,309
2,balanced,transformer,141,25,7,0.6843073593073593,1,11,309
2,balanced,transformer,142,25,7,0.7041717340630385,1,11,309
2,balanced,transformer,143,25,9,0.6584835547122074,1,10,309
2,balanced,transformer,144,25,9,0.6810754604872252,1,10,309
2,balanced,transformer,145,25,9,0.8151748251748252,1,10,309
2,balanced,transformer,146,25,9,0.976923076923077,1,10,309
2,balanced,transformer,147,25,14,0.9306572215663125,1,11,309
2,balanced,transformer,148,25,14,0.9086199995290904,1,11,309
2,balanced,transformer,149,25,14,0.7121358439540258,1,11,309
2,balanced,transformer,165,31,4,0.41666666666666663,2,2,319
2,balanced,transformer,166,31,4,0.7,1,2,319
2,balanced,transformer,167,31,14,0.41666666666666663,3,2,319
2,balanced,transformer,168,31,14,0.6428571428571428,1,2,319
2,balanced,transformer,193,38,4,0.9278138528138528,1,9,311
2,balanced,transformer,194,38,4,0.564174116645381,1,9,311
2,balanced,transformer,195,38,4,0.9148860398860399,1,9,311
2,balanced,transformer,196,38,5,1.0,1,10,311
2,balanced,transformer,197,38,5,1.0,1,10,311
2,balanced,transformer,198,38,9,0.9909090909090909,1,10,311
2,balanced,transformer,199,38,9,1.0,1,10,311
2,balanced,transformer,200,38,14,1.0,1,8,311
2,balanced,transformer,201,38,14,0.9861111111111112,1,8,311
2,balanced,transformer,202,38,14,1.0,1,8,311
2,balanced,transformer,203,38,14,0.9704861111111112,1,8,311
2,balanced,transformer,204,38,18,0.9924242424242423,1,11,311
2,balanced,transformer,257,60,7,1.0,1,2,318
2,balanced,transformer,258,60,7,0.5555555555555556,1,2,318
2,balanced,transformer,259,60,7,0.6666666666666666,1,2,318
2,balanced,transformer,260,60,12,0.2473604826546003,2,3,318
2,balanced,transformer,261,60,12,0.6180555555555555,1,3,318
2,balanced,transformer,292,71,8,0.07142857142857142,14,1,319
2,balanced,transformer,293,71,8,0.3333333333333333,3,1,319
2,balanced,transformer,294,71,8,0.2,5,1,319
2,balanced,transformer,295,71,9,0.2760942760942761,3,3,319
2,balanced,transformer,311,80,10,0.7903030303030303,1,5,316
2,balanced,transformer,312,80,10,0.6655122655122655,1,5,316
2,balanced,transformer,313,80,22,0.45687134502923976,1,5,316
2,balanced,transformer,314,80,22,0.36305764411027563,2,5,316
2,balanced,transformer,315,80,28,0.6333333333333333,1,4,316
2,balanced,transformer,316,80,28,0.4654761904761905,2,4,316
2,balanced,transformer,317,80,28,0.09973604826546004,10,4,316
2,balanced,transformer,334,87,0,0.7,1,2,313
2,balanced,transformer,335,87,0,0.19642857142857142,4,2,313
2,balanced,transformer,336,87,0,0.532258064516129,1,2,313
2,balanced,transformer,337,87,0,0.12916666666666665,8,2,313
2,balanced,transformer,338,87,0,0.10101010101010101,11,2,313
2,balanced,transformer,339,87,0,0.041770057899090156,31,2,313
2,balanced,transformer,340,87,0,0.02535559678416821,33,2,313
2,balanced,transformer,341,87,0,0.29545454545454547,2,2,313
2,balanced,transformer,342,87,10,0.10924090291949853,12,8,313
2,balanced,transformer,343,87,10,0.2120842972816657,3,8,313
2,balanced,transformer,357,97,0,0.6579365079365079,1,9,307
2,balanced,transformer,358,97,0,0.860585051389649,1,9,307
2,balanced,transformer,359,97,0,0.46738710648755233,2,9,307
2,balanced,transformer,360,97,0,0.36446886446886445,2,9,307
2,balanced,transformer,361,97,0,0.6443741443741443,1,9,307
2,balanced,transformer,362,97,0,0.8723560390227056,1,9,307
2,balanced,transformer,363,97,0,0.9219977553310886,1,9,307
2,balanced,transformer,364,97,11,0.9108741456955742,1,14,307
2,balanced,transformer,365,97,11,0.8625968277753993,1,14,307
2,balanced,transformer,366,97,13,0.9491796718687474,1,14,307
2,balanced,transformer,367,97,13,0.8960963639535068,1,14,307
2,balanced,transformer,368,97,16,0.7438966796056349,1,15,307
2,balanced,transformer,369,97,24,0.25930006336256334,8,12,307
2,balanced,transformer,370,97,24,0.44462527693031545,1,12,307
2,balanced,transformer,371,97,24,0.6929554035052757,1,12,307
2,balanced,transformer,372,97,24,0.3227982870803237,3,12,307
2,balanced,transformer,417,105,11,0.5050092764378479,2,7,313
2,balanced,transformer,418,105,11,0.7329931972789117,1,7,313
2,balanced,transformer,419,105,11,0.7888888888888889,1,7,313
2,balanced,transformer,420,105,15,0.7675925925925927,1,6,313
2,balanced,transformer,421,105,15,0.8857142857142857,1,6,313
2,balanced,transformer,422,105,15,0.9166666666666666,1,6,313
2,balanced,transformer,423,105,15,0.5877344877344878,2,6,313
2,balanced,transformer,424,105,23,0.5077922077922078,2,7,313
2,balanced,transformer,425,105,23,0.5814643689643689,2,7,313
2,balanced,transformer,426,105,23,0.6230158730158729,1,7,313
2,balanced,transformer,440,115,12,1.0,1,2,319
2,balanced,transformer,441,115,12,1.0,1,2,319
2,balanced,transformer,442,115,16,0.5,2,2,319
2,balanced,transformer,443,115,16,1.0,1,2,319
2,balanced,transformer,482,136,0,0.1588235294117647,5,2,315
2,balanced,transformer,483,136,0,0.22916666666666666,3,2,315
2,balanced,transformer,484,136,0,0.05119047619047619,28,2,315
2,balanced,transformer,485,136,0,0.11666666666666667,10,2,315
2,balanced,transformer,486,136,0,0.17045454545454547,4,2,315
2,balanced,transformer,487,136,0,0.5666666666666667,1,2,315
2,balanced,transformer,488,136,15,0.16342995169082125,15,6,315
2,balanced,transformer,489,136,15,0.9107142857142857,1,6,315
2,balanced,transformer,515,151,16,1.0,1,1,320
2,balanced,transformer,516,151,16,0.3333333333333333,3,1,320
2,balanced,transformer,517,151,22,1.0,1,2,320
2,balanced,transformer,534,161,17,1.0,1,2,318
2,balanced,transformer,535,161,17,0.41666666666666663,3,2,318
2,balanced,transformer,536,161,17,1.0,1,2,318
2,balanced,transformer,537,161,18,0.7666666666666666,1,3,318
2,balanced,transformer,538,161,18,0.7916666666666666,1,3,318
2,balanced,transformer,558,171,18,0.9538461538461539,1,13,307
2,balanced,transformer,559,171,18,0.8858336108336109,1,13,307
2,balanced,transformer,560,171,18,0.9388278388278388,1,13,307
2,balanced,transformer,561,171,26,0.8519827586206897,1,10,307
2,balanced,transformer,562,171,26,0.976923076923077,1,10,307
2,balanced,transformer,563,171,26,1.0,1,10,307
2,balanced,transformer,564,171,26,1.0,1,10,307
2,balanced,transformer,565,171,26,1.0,1,10,307
2,balanced,transformer,566,171,26,0.9264285714285714,1,10,307
2,balanced,transformer,567,171,27,0.9419191919191918,1,9,307
2,balanced,transformer,568,171,27,0.9888888888888889,1,9,307
2,balanced,transformer,569,171,27,0.9888888888888889,1,9,307
2,balanced,transformer,570,171,27,0.6895666908738805,1,9,307
2,balanced,transformer,571,171,27,0.9722222222222222,1,9,307
2,balanced,transformer,572,171,27,0.9888888888888889,1,9,307
2,balanced,transformer,573,171,27,0.7452177452177452,1,9,307
2,balanced,transformer,595,179,19,1.0,1,4,316
2,balanced,transformer,596,179,19,1.0,1,4,316
2,balanced,transformer,597,179,19,1.0,1,4,316
2,balanced,transformer,598,179,29,1.0,1,3,316
2,balanced,transformer,599,179,29,1.0,1,3,316
2,balanced,transformer,600,179,29,1.0,1,3,316
2,balanced,transformer,601,179,29,0.9166666666666666,1,3,316
2,balanced,transformer,684,231,26,0.2347932179864953,4,7,311
2,balanced,transformer,685,231,26,0.16851185404408794,4,7,311
2,balanced,transformer,686,231,26,0.7884877027734171,1,7,311
2,balanced,transformer,687,231,26,0.7992673992673992,1,7,311
2,balanced,transformer,688,231,26,0.2975641869651086,3,7,311
2,balanced,transformer,689,231,29,0.23608946608946607,4,5,311
2,balanced,transformer,690,231,29,0.18291316526610643,7,5,311
2,balanced,transformer,691,231,29,0.3063095238095238,3,5,311
2,balanced,transformer,692,231,29,0.36769841269841275,2,5,311
2,balanced,transformer,693,231,29,0.2635338345864661,4,5,311
2,balanced,transformer,694,231,29,0.295021645021645,4,5,311
2,balanced,transformer,695,231,29,0.38380952380952377,2,5,311
2,balanced,transformer,759,254,0,0.3025693688263203,1,8,307
2,balanced,transformer,760,254,0,0.42331509216589863,1,8,307
2,balanced,transformer,761,254,0,0.4043994930508088,1,8,307
2,balanced,transformer,762,254,0,0.14876028520655993,6,8,307
2,balanced,transformer,763,254,0,0.14899098414967388,9,8,307
2,balanced,transformer,764,254,0,0.08828040251129227,10,8,307
2,balanced,transformer,765,254,0,0.06461585973215127,15,8,307
2,balanced,transformer,766,254,0,0.05237759109775502,29,8,307
2,balanced,transformer,767,254,30,0.2972920706744236,3,8,307
2,balanced,transformer,768,254,30,0.36713496330431816,2,8,307
2,balanced,transformer,769,254,30,0.1173135398819165,5,8,307
2,balanced,transformer,770,254,30,0.20166282854639017,6,8,307
2,balanced,transformer,771,254,30,0.10879454941954941,6,8,307
2,balanced,transformer,772,254,30,0.5138575119970469,1,8,307
2,balanced,transformer,773,254,30,0.5434935609463911,1,8,307
2,balanced,transformer,774,254,30,0.42574786324786323,1,8,307
2,balanced,mamba,27,7,2,0.16025587315909898,4,5,316
2,balanced,mamba,28,7,2,0.4599539815926371,1,5,316
2,balanced,mamba,29,7,7,0.04322476276246227,23,4,316
2,balanced,mamba,30,7,7,0.17543191056910568,6,4,316
2,balanced,mamba,31,7,7,0.03615743466115963,58,4,316
2,balanced,mamba,32,7,14,0.19352869352869354,2,5,316
2,balanced,mamba,33,7,14,0.17202279145921334,2,5,316
2,balanced,mamba,73,13,2,0.3030441722143403,2,7,314
2,balanced,mamba,74,13,2,0.5865800865800866,1,7,314
2,balanced,mamba,75,13,7,0.6633153261304522,1,7,314
2,balanced,mamba,76,13,7,0.6339235298862629,1,7,314
2,balanced,mamba,77,13,10,0.40321422998907785,2,7,314
2,balanced,mamba,78,13,10,0.3734711716854574,5,7,314
2,balanced,mamba,79,13,28,0.8768115942028986,1,6,314
2,balanced,mamba,80,13,28,0.48726851851851855,1,6,314
2,balanced,mamba,81,13,28,0.660515873015873,1,6,314
2,balanced,mamba,100,19,3,0.9112359862359862,1,11,309
2,balanced,mamba,101,19,3,1.0,1,11,309
2,balanced,mamba,102,19,3,0.9924242424242423,1,11,309
2,balanced,mamba,103,19,5,0.9258953168044077,1,11,309
2,balanced,mamba,104,19,5,0.9120197983834347,1,11,309
2,balanced,mamba,105,19,5,0.9805194805194806,1,11,309
2,balanced,mamba,106,19,7,0.864328600692237,1,11,309
2,balanced,mamba,107,19,7,0.9494949494949495,1,11,309
2,balanced,mamba,108,19,7,0.8682113341204251,1,11,309
2,balanced,mamba,109,19,9,0.8439576627076627,1,12,309
2,balanced,mamba,110,19,9,0.9663461538461539,1,12,309
2,balanced,mamba,111,19,12,0.8404122392758757,1,11,309
2,balanced,mamba,112,19,12,0.986013986013986,1,11,309
2,balanced,mamba,113,19,12,0.9617224880382775,1,11,309
2,balanced,mamba,136,25,3,0.7710113960113961,1,12,309
2,balanced,mamba,137,25,3,0.7241903929403929,1,12,309
2,balanced,mamba,138,25,5,0.8678554023948761,1,12,309
2,balanced,mamba,139,25,5,0.7640489424025447,1,12,309
2,balanced,mamba,140,25,7,0.45837030464359657,1,11,309
2,balanced,mamba,141,25,7,0.7552737520128825,1,11,309
2,balanced,mamba,142,25,7,0.6587821942367397,1,11,309
2,balanced,mamba,143,25,9,0.6906962043804149,1,10,309
2,balanced,mamba,144,25,9,0.72824016563147,1,10,309
2,balanced,mamba,145,25,9,0.7985027472527473,1,10,309
2,balanced,mamba,146,25,9,0.9117307692307692,1,10,309
2,balanced,mamba,147,25,14,0.9229024696728046,1,11,309
2,balanced,mamba,148,25,14,0.8747454785004192,1,11,309
2,balanced,mamba,149,25,14,0.798905164602839,1,11,309
2,balanced,mamba,165,31,4,0.8333333333333333,1,2,319
2,balanced,mamba,166,31,4,0.6428571428571428,1,2,319
2,balanced,mamba,167,31,14,0.41666666666666663,3,2,319
2,balanced,mamba,168,31,14,0.625,1,2,319
2,balanced,mamba,193,38,4,0.9722222222222222,1,9,311
2,balanced,mamba,194,38,4,0.8203362995029662,1,9,311
2,balanced,mamba,195,38,4,0.683034493379321,1,9,311
2,balanced,mamba,196,38,5,0.9666666666666666,1,10,311
2,balanced,mamba,197,38,5,0.9284615384615386,1,10,311
2,balanced,mamba,198,38,9,0.9566666666666667,1,10,311
2,balanced,mamba,199,38,9,0.9400000000000001,1,10,311
2,balanced,mamba,200,38,14,0.9861111111111112,1,8,311
2,balanced,mamba,201,38,14,0.9861111111111112,1,8,311
2,balanced,mamba,202,38,14,1.0,1,8,311
2,balanced,mamba,203,38,14,0.8103632478632479,1,8,311
2,balanced,mamba,204,38,18,0.9101192924722337,1,11,311
2,balanced,mamba,257,60,7,0.5909090909090909,1,2,318
2,balanced,mamba,258,60,7,0.24358974358974358,3,2,318
2,balanced,mamba,259,60,7,0.6666666666666666,1,2,318
2,balanced,mamba,260,60,12,0.40079365079365076,1,3,318
2,balanced,mamba,261,60,12,0.3125,2,3,318
2,balanced,mamba,292,71,8,1.0,1,1,319
2,balanced,mamba,293,71,8,0.5,2,1,319
2,balanced,mamba,294,71,8,1.0,1,1,319
2,balanced,mamba,295,71,9,0.30277777777777776,5,3,319
2,balanced,mamba,311,80,10,0.8076190476190476,1,5,316
2,balanced,mamba,312,80,10,0.8261904761904763,1,5,316
2,balanced,mamba,313,80,22,0.8526315789473685,1,5,316
2,balanced,mamba,314,80,22,0.7857142857142857,1,5,316
2,balanced,mamba,315,80,28,0.3207282913165266,3,4,316
2,balanced,mamba,316,80,28,0.39215686274509803,3,4,316
2,balanced,mamba,317,80,28,0.10770975056689341,9,4,316
2,balanced,mamba,334,87,0,0.5476190476190477,1,2,313
2,balanced,mamba,335,87,0,0.21929824561403508,3,2,313
2,balanced,mamba,336,87,0,0.18992248062015504,3,2,313
2,balanced,mamba,337,87,0,0.21929824561403508,3,2,313
2,balanced,mamba,338,87,0,0.08575581395348837,8,2,313
2,balanced,mamba,339,87,0,0.12777777777777777,5,2,313
2,balanced,mamba,340,87,0,0.01549599138446811,61,2,313
2,balanced,mamba,341,87,0,0.13392857142857142,8,2,313
2,balanced,mamba,342,87,10,0.08784979477625242,22,8,313
2,balanced,mamba,343,87,10,0.14448912694461663,9,8,313
2,balanced,mamba,357,97,0,0.7200552533885867,1,9,307
2,balanced,mamba,358,97,0,0.8546642899584076,1,9,307
2,balanced,mamba,359,97,0,0.5510395826217082,1,9,307
2,balanced,mamba,360,97,0,0.5144561227894562,1,9,307
2,balanced,mamba,361,97,0,0.7560680060680061,1,9,307
2,balanced,mamba,362,97,0,0.8111149451729163,1,9,307
2,balanced,mamba,363,97,0,0.7863895363895365,1,9,307
2,balanced,mamba,364,97,11,0.8667909471480899,1,14,307
2,balanced,mamba,365,97,11,0.890013046685979,1,14,307
2,balanced,mamba,366,97,13,0.9304611796871859,1,14,307
2,balanced,mamba,367,97,13,0.8874495673408717,1,14,307
2,balanced,mamba,368,97,16,0.7930299285113376,1,15,307
2,balanced,mamba,369,97,24,0.25758525065502086,8,12,307
2,balanced,mamba,370,97,24,0.4122203749409632,3,12,307
2,balanced,mamba,371,97,24,0.6313999067717603,1,12,307
2,balanced,mamba,372,97,24,0.4425838073509642,3,12,307
2,balanced,mamba,417,105,11,0.6110629034222385,1,7,313
2,balanced,mamba,418,105,11,0.7495421245421244,1,7,313
2,balanced,mamba,419,105,11,0.961734693877551,1,7,313
2,balanced,mamba,420,105,15,0.8301587301587302,1,6,313
2,balanced,mamba,421,105,15,0.7819444444444444,1,6,313
2,balanced,mamba,422,105,15,0.9583333333333334,1,6,313
2,balanced,mamba,423,105,15,0.9305555555555555,1,6,313
2,balanced,mamba,424,105,23,0.47461617057890354,1,7,313
2,balanced,mamba,425,105,23,0.40816326530612246,2,7,313
2,balanced,mamba,426,105,23,0.6092642320085929,1,7,313
2,balanced,mamba,440,115,12,1.0,1,2,319
2,balanced,mamba,441,115,12,1.0,1,2,319
2,balanced,mamba,442,115,16,0.8333333333333333,1,2,319
2,balanced,mamba,443,115,16,1.0,1,2,319
2,balanced,mamba,482,136,0,0.29166666666666663,4,2,315
2,balanced,mamba,483,136,0,0.12222222222222222,9,2,315
2,balanced,mamba,484,136,0,0.08834586466165413,14,2,315
2,balanced,mamba,485,136,0,0.11212121212121212,11,2,315
2,balanced,mamba,486,136,0,0.075,15,2,315
2,balanced,mamba,487,136,0,0.11437908496732026,9,2,315
2,balanced,mamba,488,136,15,0.356468253968254,2,6,315
2,balanced,mamba,489,136,15,0.9761904761904762,1,6,315
2,balanced,mamba,515,151,16,1.0,1,1,320
2,balanced,mamba,516,151,16,0.5,2,1,320
2,balanced,mamba,517,151,22,1.0,1,2,320
2,balanced,mamba,534,161,17,1.0,1,2,318
2,balanced,mamba,535,161,17,0.325,4,2,318
2,balanced,mamba,536,161,17,0.45,2,2,318
2,balanced,mamba,537,161,18,0.8055555555555555,1,3,318
2,balanced,mamba,538,161,18,0.7916666666666666,1,3,318
2,balanced,mamba,558,171,18,0.8402081173824857,1,13,307
2,balanced,mamba,559,171,18,0.7142013575742548,1,13,307
2,balanced,mamba,560,171,18,0.82002775002775,1,13,307
2,balanced,mamba,561,171,26,0.6783946608946609,1,10,307
2,balanced,mamba,562,171,26,0.9272727272727274,1,10,307
2,balanced,mamba,563,171,26,0.9572979797979798,1,10,307
2,balanced,mamba,564,171,26,1.0,1,10,307
2,balanced,mamba,565,171,26,0.9909090909090909,1,10,307
2,balanced,mamba,566,171,26,0.8977272727272727,1,10,307
2,balanced,mamba,567,171,27,0.7518176938466793,1,9,307
2,balanced,mamba,568,171,27,0.8867813051146385,1,9,307
2,balanced,mamba,569,171,27,0.9513888888888888,1,9,307
2,balanced,mamba,570,171,27,0.7245143160932634,1,9,307
2,balanced,mamba,571,171,27,0.845589472256139,1,9,307
2,balanced,mamba,572,171,27,0.8752154708037061,1,9,307
2,balanced,mamba,573,171,27,0.7197849462365592,1,9,307
2,balanced,mamba,595,179,19,1.0,1,4,316
2,balanced,mamba,596,179,19,0.95,1,4,316
2,balanced,mamba,597,179,19,1.0,1,4,316
2,balanced,mamba,598,179,29,1.0,1,3,316
2,balanced,mamba,599,179,29,1.0,1,3,316
2,balanced,mamba,600,179,29,1.0,1,3,316
2,balanced,mamba,601,179,29,0.8666666666666667,1,3,316
2,balanced,mamba,684,231,26,0.2610401201732471,2,7,311
2,balanced,mamba,685,231,26,0.20362620572704607,3,7,311
2,balanced,mamba,686,231,26,0.7947278911564626,1,7,311
2,balanced,mamba,687,231,26,0.5102040816326531,1,7,311
2,balanced,mamba,688,231,26,0.2093436662740357,4,7,311
2,balanced,mamba,689,231,29,0.08436995265942634,19,5,311
2,balanced,mamba,690,231,29,0.12226190476190477,7,5,311
2,balanced,mamba,691,231,29,0.19459236326109391,9,5,311
2,balanced,mamba,692,231,29,0.3026190476190476,4,5,311
2,balanced,mamba,693,231,29,0.16630801140782991,4,5,311
2,balanced,mamba,694,231,29,0.29248917748917747,5,5,311
2,balanced,mamba,695,231,29,0.13244099913867355,9,5,311
2,balanced,mamba,759,254,0,0.1368811722865165,7,8,307
2,balanced,mamba,760,254,0,0.3198426057848454,2,8,307
2,balanced,mamba,761,254,0,0.30150162337662334,3,8,307
2,balanced,mamba,762,254,0,0.08888923917573129,27,8,307
2,balanced,mamba,763,254,0,0.07449758051832675,20,8,307
2,balanced,mamba,764,254,0,0.0640320871350071,35,8,307
2,balanced,mamba,765,254,0,0.09860484422035899,5,8,307
2,balanced,mamba,766,254,0,0.05380979584751418,27,8,307
2,balanced,mamba,767,254,30,0.10772364945851891,16,8,307
2,balanced,mamba,768,254,30,0.3044590643274854,2,8,307
2,balanced,mamba,769,254,30,0.33299777725044327,2,8,307
2,balanced,mamba,770,254,30,0.1317237555979792,6,8,307
2,balanced,mamba,771,254,30,0.10201861217944663,20,8,307
2,balanced,mamba,772,254,30,0.1438649891774892,9,8,307
2,balanced,mamba,773,254,30,0.22987829889362907,3,8,307
2,balanced,mamba,774,254,30,0.1918348874551484,2,8,307
