query_index,identity,control_ap,candidate_ap,delta_ap_points,control_first_rank,candidate_first_rank
0,502,0.41030398411583224,0.4195329593120815,0.9228975196249267,1,1
1,502,0.402295741992919,0.3998152571581745,-0.24804848347445008,1,1
2,502,0.41257142610075337,0.41861280752853497,0.60413814277816,1,1
3,502,0.40252952295596106,0.4021303705332623,-0.03991524226987786,1,1
4,502,0.4044556380084787,0.4071260882556749,0.2670450247196199,1,1
5,502,0.27085171387018386,0.28045794741390634,0.9606233543722476,1,1
6,502,0.28795109412172465,0.29625298773979786,0.8301893618073208,1,1
7,502,0.28478337411295324,0.2914984325837349,0.6715058470781687,1,1
8,502,0.3059737641249077,0.3116567506328515,0.5682986507943799,1,1
9,502,0.3347549757850273,0.3372795569568485,0.25245811718212496,1,1
10,502,0.641898744597752,0.6467801343239171,0.4881389726165142,1,1
11,502,0.6104098486742674,0.6158866224130991,0.5476773738831708,1,1
12,502,0.5926353768456684,0.5980378008079265,0.5402423962258096,1,1
13,502,0.65778327388512,0.6531370094643049,-0.46462644208151715,1,1
14,502,0.6406707726789777,0.6401357633418933,-0.05350093370843911,1,1
15,502,0.631006151176952,0.6282251679720133,-0.2780983204938692,1,1
16,502,0.6331199612720925,0.6312116557888334,-0.1908305483259043,1,1
17,502,0.6327266404017726,0.632966490557042,0.023985015526939435,1,1
18,502,0.629248238040358,0.6282463006475135,-0.10019373928444875,1,1
19,502,0.6322201585829722,0.6320327925129282,-0.018736607004399275,1,1
20,502,0.7120482082080685,0.7355616516949437,2.351344348687523,1,1
21,502,0.7037613692968903,0.7290565613843529,2.529519208746267,1,1
22,502,0.7191794844037837,0.7333174880356947,1.413800363191109,1,1
23,502,0.7279957475997074,0.7501379597685552,2.214221216884782,1,1
24,502,0.7557655780384898,0.76650896058563,1.0743382547140246,1,1
25,502,0.863619540862865,0.8561425536118109,-0.7476987251054057,1,1
26,502,0.8353025480608307,0.8230149206214317,-1.228762743939904,1,1
27,502,0.826043326758685,0.8168907164220303,-0.915261033665471,1,1
28,502,0.8388661746545689,0.8280146286582486,-1.0851545996320322,1,1
29,502,0.8310133707099222,0.815567138853034,-1.5446231856888204,1,1
30,502,0.7085042335096952,0.6983914459984477,-1.0112787511247445,1,1
31,502,0.6779703083462867,0.6547850934287148,-2.318521491757186,1,1
32,502,0.6961757503244315,0.6763613439054569,-1.9814406418974584,1,1
33,502,0.7026444898674639,0.6847585361326414,-1.788595373482249,1,1
34,502,0.6671415643354651,0.6511997887312595,-1.5941775604205621,1,1
35,502,0.9059231278020262,0.8715382204152853,-3.4384907386740937,1,1
36,502,0.9184784614532745,0.8871811715552732,-3.129728989800129,1,1
37,502,0.9162750159957074,0.885959258786263,-3.031575720944435,1,1
38,502,0.9052862007007865,0.855187495336263,-5.009870536452343,1,1
39,502,0.9258107911558078,0.899390428118188,-2.6420363037619743,1,1
40,504,0.8487394098719389,0.8149074786408166,-3.383193123112227,1,1
41,504,0.8014841629872925,0.7589700497705589,-4.251411321673359,1,1
42,504,0.8040033229202802,0.7781711516952047,-2.583217122507553,1,1
43,504,0.827081615699548,0.7902571111921052,-3.682450450744279,1,1
44,504,0.7875712976583297,0.7593846353809252,-2.8186662277404517,1,1
45,504,0.49494242837865576,0.5198703736399266,2.4927945261270845,1,1
46,504,0.5067290670003416,0.5286559638250886,2.192689682474702,1,1
47,504,0.504057048799254,0.5253137072047609,2.1256658405506945,1,1
48,504,0.5294741446798712,0.5438075846281769,1.4333439948305715,1,1
49,504,0.5118508381102593,0.5339651574661038,2.2114319355844514,1,1
50,504,0.9124911515271132,0.9063802652732508,-0.6110886253862469,1,1
51,504,0.8889574893839798,0.8919976147218192,0.3040125337839372,1,1
52,504,0.8728434669528989,0.8790963099799721,0.6252843027073185,1,1
53,504,0.8864631897475226,0.888569749560848,0.2106559813325415,1,1
54,504,0.8625414019028339,0.8744521608813729,1.1910758978538993,1,1
55,504,0.9133734710374942,0.9172024589222224,0.38289878847281855,1,1
56,504,0.9088331445069419,0.9108104197707572,0.19772752638153035,1,1
57,504,0.9280826495431741,0.9386142889198432,1.0531639376669122,1,1
58,504,0.9162929047804846,0.9300978210379016,1.3804916257416977,1,1
59,504,0.886960673707683,0.9134585919424052,2.649791823472225,1,1
60,504,0.9988746256428711,0.9986162451164569,-0.025838052641424802,1,1
61,504,0.9996015940336644,0.9995577382573583,-0.004385577630616755,1,1
62,504,0.9989577048770889,0.9987816509796662,-0.017605389742270106,1,1
63,504,0.9998678362573101,0.9997780484829586,-0.008978777435153518,1,1
64,504,0.9993802926326691,0.9992440112376122,-0.013628139505694747,1,1
65,504,0.9663974956095668,0.9702398436357758,0.3842348026208975,1,1
66,504,0.9603504792062377,0.9645574931646528,0.4207013958415051,1,1
67,504,0.9663670783327845,0.9700305383233778,0.3663459990593365,1,1
68,504,0.9669306063572226,0.9703551383843114,0.34245320270888113,1,1
69,504,0.9702823495111962,0.972733255829391,0.24509063181947788,1,1
70,504,0.9743549538077393,0.9743874213402066,0.0032467532467328475,1,1
71,504,0.9743874213402066,0.9743874213402066,0.0,1,1
72,504,0.9738591859699246,0.974197997504374,0.03388115344493681,1,1
73,504,0.974465621519307,0.9744613960119857,-0.0004225507321375943,1,1
74,504,0.9746070142821418,0.9745345885000385,-0.007242578210331363,1,1
75,506,0.9694384506922296,0.9373096159274868,-3.212883476474271,1,1
76,506,0.9844429486953644,0.964261965279159,-2.0180983416205445,1,1
77,506,0.9693952244946461,0.9322891300941366,-3.7106094400509493,1,1
78,506,0.963954762483036,0.9093095087846976,-5.464525369833839,1,1
79,506,0.9611382712084212,0.9108841525462023,-5.025411866221896,1,1
80,506,0.8719789050409047,0.8798252108667638,0.7846305825859101,1,1
81,506,0.8767198458042591,0.8832310012926493,0.6511155488390208,1,1
82,506,0.8639882523114584,0.8693138890002727,0.5325636688814361,1,1
83,506,0.8582355474956258,0.8697383002271437,1.1502752731517907,1,1
84,506,0.8427377115729855,0.8494359898414401,0.6698278268454594,1,1
85,506,0.8772129531130191,0.870615365258634,-0.6597587854385023,1,1
86,506,0.8848078431007528,0.8757666375613005,-0.9041205539452313,1,1
87,506,0.8672962508400168,0.8617112136460943,-0.558503719392256,1,1
88,506,0.8742142397783146,0.866790232659947,-0.7424007118367548,1,1
89,506,0.8671554732942527,0.8627423864758476,-0.4413086818405132,1,1
90,506,0.8276349595553302,0.829041367978864,0.14064084235337893,1,1
91,506,0.817890734639008,0.8173508732201713,-0.05398614188366624,1,1
92,506,0.8178323443001954,0.8182262104726087,0.03938661724133263,1,1
93,506,0.8124661354437849,0.811132960066308,-0.13331753774769028,1,1
94,506,0.8153346885460545,0.8149780584867505,-0.03566300593039751,1,1
95,506,0.1632843444574742,0.1468128797129737,-1.6471464744500508,20,17
96,506,0.2585530810657242,0.21716228894315237,-4.139079212257185,8,7
97,506,0.21148551508502006,0.17837402066662195,-3.3111494418398113,17,16
98,506,0.25042742173413507,0.21663285270180935,-3.379456903232572,12,13
99,506,0.35026169613039176,0.31400599013799496,-3.6255705992396803,1,1
100,506,0.8732278007679231,0.8767126883194178,0.34848875514947864,1,1
101,506,0.868489938928071,0.8700213850003556,0.15314460722846146,1,1
102,506,0.9007842473033542,0.8994147658830416,-0.13694814203125683,1,1
103,506,0.8950815394868381,0.8970563125716168,0.19747730847786693,1,1
104,506,0.8986933477178539,0.8960910335809061,-0.2602314136947781,1,1
105,506,0.8564542466872399,0.8544821326825968,-0.1972114004643144,1,1
106,506,0.862151126545779,0.8628906655884153,0.07395390426363502,1,1
107,506,0.8654746244933618,0.8680235237902012,0.25488992968394353,1,1
108,506,0.8635565771833597,0.8640585525508462,0.050197536748652904,1,1
109,506,0.8797401914153455,0.8803792013635982,0.06390099482526113,1,1
110,506,0.7962642834239224,0.8007175326049136,0.44532491809912145,1,1
111,506,0.791110421818051,0.7967536321012743,0.5643210283223232,1,1
112,506,0.7908527110049155,0.7947828007643576,0.393008975944209,1,1
113,506,0.7924328662844284,0.7982824611770454,0.5849594892616938,1,1
114,506,0.7889184094240841,0.7913523306452005,0.24339212211164085,1,1
115,508,0.627631187471566,0.6089120041889856,-1.8719183282580376,1,1
116,508,0.6093513975545034,0.5912558883690993,-1.8095509185404146,1,1
117,508,0.6223972441440465,0.6071100070180722,-1.5287237125974351,1,1
118,508,0.643367577867162,0.6334036109020325,-0.9963966965129578,1,1
119,508,0.6627916283804121,0.6535867585785698,-0.9204869801842208,1,1
120,508,0.9412109321064412,0.9290196905939245,-1.2191241512516715,1,1
121,508,0.9311378317979835,0.9203659000947817,-1.0771931703201787,1,1
122,508,0.9395448832217095,0.9255253003404198,-1.4019582881289683,1,1
123,508,0.9637477222264036,0.9350682288642851,-2.86794933621185,1,1
124,508,0.9396871411508699,0.92536044592001,-1.4326695230859943,1,1
125,508,0.8308516741307246,0.8606548125664069,2.9803138435682275,1,1
126,508,0.9451639555189697,0.955855978534895,1.0692023015925312,1,1
127,508,0.9218461673343816,0.9490300506453722,2.718388331099053,1,1
128,508,0.881744519879924,0.9103848087908643,2.864028891094028,1,1
129,508,0.9110083716366463,0.926046417125497,1.5038045488850682,1,1
130,508,0.8696615815223656,0.849103490671935,-2.055809085043059,1,1
131,508,0.8740296051366798,0.8526939899409548,-2.133561519572502,1,1
132,508,0.8587902756235541,0.8435974107809112,-1.5192864842642928,1,1
133,508,0.8489964809842304,0.8336332775721392,-1.5363203412091186,1,1
134,508,0.880508828304552,0.8584335203473026,-2.2075307957249435,1,1
135,508,0.9296677067217165,0.9239081580285947,-0.5759548693121785,1,1
136,508,0.9271385444827519,0.9234459448686961,-0.36925996140557693,1,1
137,508,0.9264699734598032,0.9183101861575966,-0.8159787302206567,1,1
138,508,0.9157494410874327,0.9053660790353122,-1.0383362052120537,1,1
139,508,0.9383452616355911,0.9310302341551006,-0.731502748049051,1,1
140,508,0.8214555057236763,0.8501769723822703,2.8721466658593986,1,1
141,508,0.7613661075437727,0.7903965975464353,2.9030490002662668,1,1
142,508,0.8553331578979034,0.8740640624433816,1.873090454547821,1,1
143,508,0.7063363154159583,0.7140701322517377,0.7733816835779339,1,1
144,508,0.7236427652041186,0.7746630242920557,5.102025908793706,1,1
145,508,0.7168075814517397,0.7065825165709343,-1.0225064880805435,1,1
146,508,0.6929074565787751,0.6860676658015388,-0.6839790777236288,1,1
147,508,0.7098733586680467,0.7048581037012404,-0.5015254966806326,1,1
148,508,0.7076089041410598,0.701738509847806,-0.5870394293253867,1,1
149,508,0.7102554060868901,0.7009686101974759,-0.9286795889414168,1,1
150,508,0.8547409129118126,0.8395620805022784,-1.5178832409534215,1,1
151,508,0.870444085532406,0.8663858516629396,-0.40582338694664655,1,1
152,508,0.8791193182403302,0.8769901710897173,-0.21291471506128534,1,1
153,508,0.8836006877092684,0.8824809666736402,-0.1119721035628185,1,1
154,508,0.9004692670314713,0.8981937013516589,-0.22755656798124635,1,1
155,510,0.5201021643821038,0.5428922631811748,2.2790098799071012,1,1
156,510,0.5229370598815943,0.5464116340313512,2.3474574149756844,1,1
157,510,0.5153620606797582,0.5357954068645232,2.0433346184765,1,1
158,510,0.5051658701410306,0.5233289232975387,1.8163053156508013,1,1
159,510,0.5055028835972062,0.5200921079757596,1.4589224378553367,1,1
160,510,0.4484831107455465,0.4240720569639959,-2.441105378155056,1,1
161,510,0.404256562544278,0.3739271323684774,-3.0329430175800587,1,1
162,510,0.3795300002912342,0.36843830785584714,-1.1091692435387046,1,1
163,510,0.4856566331083173,0.4553007674554041,-3.0355865652913208,1,1
164,510,0.47255925923227216,0.4485615800622999,-2.3997679169972255,1,1
165,510,0.22186374475199244,0.14955931650874438,-7.230442824324807,26,26
166,510,0.263875436005346,0.17970430314490637,-8.417113286043964,22,22
167,510,0.23234564285470916,0.14831615475608345,-8.40294880986257,26,26
168,510,0.3034826044236873,0.1927172424503766,-11.07653619733107,22,24
169,510,0.3169383901992526,0.18315492815007142,-13.378346204918115,10,19
170,510,0.6637364680656208,0.6461290341246053,-1.7607433941015493,1,1
171,510,0.6852285802406123,0.6693728884553738,-1.585569178523849,1,1
172,510,0.6794588884654861,0.6550741567874575,-2.438473167802857,1,1
173,510,0.6583863568305323,0.6422704907537988,-1.6115866076733432,1,1
174,510,0.6697520291774773,0.6523991508510065,-1.735287832647081,1,1
175,510,0.6341315152560445,0.5763486025246181,-5.778291273142644,1,1
176,510,0.5779687934897897,0.5362089033464484,-4.1759890143341245,1,1
177,510,0.610046231670851,0.5729455143894977,-3.7100717281353335,1,1
178,510,0.552819888393783,0.5193675936661377,-3.3452294727645326,1,1
179,510,0.5777617838666717,0.5441139815555208,-3.364780231115083,1,1
180,510,0.7584296635494986,0.7746040190678605,1.6174355518361883,1,1
181,510,0.6949873166505834,0.6971231173585971,0.21358007080136687,1,1
182,510,0.666097139790098,0.6531647493962687,-1.2932390393829318,1,1
183,510,0.7982543649904629,0.8113652911793822,1.3110926188919292,1,1
184,510,0.7909391335946008,0.8147240140670708,2.378488047247007,1,1
185,510,0.3695202852049015,0.3042782190663554,-6.524206613854611,1,1
186,510,0.35917883184754046,0.2944027961444808,-6.477603570305968,1,1
187,510,0.3429469180243975,0.26327295635705705,-7.9673961667340425,1,1
188,510,0.39439193117559007,0.2890521274180455,-10.53398037575446,1,1
189,510,0.2154172345166561,0.19916821085903713,-1.624902365761896,3,3
190,510,0.7714192266590488,0.7224842214355146,-4.893500522353422,1,1
191,510,0.7785287452228014,0.7359632080035908,-4.256553721921053,1,1
192,510,0.8163451040430969,0.7722126500563491,-4.413245398674781,1,1
193,510,0.7687155818367918,0.7214588133104658,-4.725676852632599,1,1
194,510,0.7676420763995907,0.7274917144887252,-4.015036191086551,1,1
195,512,0.5019213831626438,0.4378746303850849,-6.404675277755889,1,1
196,512,0.5733042701856015,0.5425271088869578,-3.077716129864372,1,1
197,512,0.49114151870420225,0.44974520940451496,-4.13963092996873,1,1
198,512,0.5629333324112349,0.5474804525797622,-1.54528798314727,1,1
199,512,0.37990898185651206,0.3636920790673939,-1.6216902789118137,3,16
200,512,0.8353809595445173,0.8487231681368326,1.3342208592315274,1,1
201,512,0.836182866236553,0.8469362928678827,1.075342663132972,1,1
202,512,0.8582380348487895,0.8762066377781448,1.7968602929355315,1,1
203,512,0.8087543927371301,0.8214068015430371,1.2652408805907012,1,1
204,512,0.8112328956632883,0.8236830742237451,1.2450178560456826,1,1
205,512,0.9142945274312095,0.9233383700296001,0.9043842598390528,1,1
206,512,0.8759578666925796,0.8910208237945078,1.5062957101928176,1,1
207,512,0.9903084077872103,0.97485226292074,-1.545614486647029,1,1
208,512,0.9332750808098643,0.9150096910887606,-1.8265389721103698,1,1
209,512,0.9018956003313798,0.8892061976509552,-1.2689402680424622,1,1
210,512,0.40474500599997604,0.3779490728742886,-2.6795933125687457,1,1
211,512,0.3816960100296511,0.3489434683480048,-3.2752541681646266,1,1
212,512,0.339233108960926,0.3044940111383606,-3.4739097822565403,3,3
213,512,0.3969234384156824,0.36980178872803754,-2.7121649687644855,1,1
214,512,0.4998373241977267,0.46754574157634476,-3.229158262138193,1,1
215,514,0.978535386733931,0.9894654356968318,1.093004896290073,1,1
216,514,0.9003307704195482,0.9331998023900496,3.2869031970501394,1,1
217,514,0.9184672551673821,0.9474882591483902,2.9021003981008042,1,1
218,514,0.8505333351290394,0.9033874958841068,5.285416075506744,1,1
219,514,0.8471334826657179,0.9132663925894495,6.613290992373166,1,1
220,514,1.0,1.0,0.0,1,1
221,514,1.0,1.0,0.0,1,1
222,514,1.0,1.0,0.0,1,1
223,514,0.9997434940538389,0.9992881495150728,-0.045534453876605596,1,1
224,514,0.9992615682338202,0.9980711166533554,-0.11904515804648241,1,1
225,514,1.0,0.9997456410992323,-0.025435890076774825,1,1
226,514,0.9998723064644852,0.9994963599623972,-0.03759465020880537,1,1
227,514,0.9989503310656018,0.9985808230293775,-0.03695080362243752,1,1
228,514,1.0,0.9999354317998385,-0.006456820016154108,1,1
229,514,1.0,1.0,0.0,1,1
230,514,1.0,1.0,0.0,1,1
231,514,1.0,1.0,0.0,1,1
232,514,1.0,1.0,0.0,1,1
233,514,1.0,1.0,0.0,1,1
234,514,1.0,1.0,0.0,1,1
235,514,1.0,0.9999675324675324,-0.003246753246755052,1,1
236,514,0.9999036918138042,0.9995488721804512,-0.03548196333530429,1,1
237,514,1.0,0.9996911196911197,-0.03088803088803216,1,1
238,514,1.0,0.9998723064644852,-0.012769353551478346,1,1
239,514,1.0,0.9998723064644852,-0.012769353551478346,1,1
240,514,1.0,1.0,0.0,1,1
241,514,0.9827144024611344,0.9812321363319273,-0.14822661292070993,1,1
242,514,1.0,1.0,0.0,1,1
243,514,0.9994204612655234,0.9981239450977255,-0.1296516167797912,1,1
244,514,0.9799022792817196,0.9793376714757325,-0.056460780598710514,1,1
245,514,0.9348131711844995,0.9592311685532997,2.4417997368800237,1,1
246,514,0.9717899659966044,0.9803428558395071,0.85528898429027,1,1
247,514,0.971802990249613,0.9800088538273605,0.8205863577747441,1,1
248,514,0.9787985844348204,0.9829050353550701,0.4106450920249749,1,1
249,514,0.9643384907451478,0.980121547737504,1.578305699235627,1,1
250,514,0.9957782546270881,0.9962596160838298,0.04813614567417135,1,1
251,514,0.9975656686102908,0.997691559648823,0.012589103853211103,1,1
252,514,0.990486251431318,0.9909882879623011,0.050203653098312984,1,1
253,514,0.9916156762127349,0.9896103182375076,-0.20053579752273842,1,1
254,514,0.9942769564715351,0.9944072771777922,0.013032070625706993,1,1
255,516,1.0,1.0,0.0,1,1
256,516,1.0,1.0,0.0,1,1
257,516,1.0,1.0,0.0,1,1
258,516,1.0,1.0,0.0,1,1
259,516,0.999646783625731,0.9918495295997409,-0.7797254025990075,1,1
260,516,0.9987842881549835,0.9882460719049201,-1.053821625006346,1,1
261,516,0.9610635512475693,0.9266009942243378,-3.446255702323142,1,1
262,516,0.9727028554248908,0.9316643541435778,-4.103850128131292,1,1
263,516,0.9118461167166512,0.8976344421644814,-1.4211674552169762,1,1
264,516,0.9202041552848105,0.9064389169691137,-1.376523831569676,1,1
265,516,1.0,1.0,0.0,1,1
266,516,1.0,1.0,0.0,1,1
267,516,1.0,1.0,0.0,1,1
268,516,1.0,1.0,0.0,1,1
269,516,1.0,1.0,0.0,1,1
270,516,1.0,1.0,0.0,1,1
271,516,1.0,1.0,0.0,1,1
272,516,1.0,1.0,0.0,1,1
273,516,1.0,1.0,0.0,1,1
274,516,1.0,1.0,0.0,1,1
275,518,0.8879158634479967,0.9438279588473724,5.591209539937569,1,1
276,518,0.8771323973003398,0.9306000047496018,5.346760744926204,1,1
277,518,0.9176577259660871,0.9800677591004074,6.241003313432037,1,1
278,518,0.9327009407432441,0.9859367993409515,5.323585859770741,1,1
279,518,0.9435355398849379,0.988308175020577,4.477263513563912,1,1
280,518,0.9467983653460292,0.9573832748672675,1.058490952123825,1,1
281,518,0.9568121218349319,0.9449212160284094,-1.1890905806522523,1,1
282,518,0.9621863719031832,0.893482412407253,-6.870395949593022,1,1
283,518,0.944364400948642,0.891804813492881,-5.255958745576105,1,1
284,518,0.9468775145056674,0.8785275589611927,-6.834995554447465,1,1
285,518,1.0,1.0,0.0,1,1
286,518,1.0,1.0,0.0,1,1
287,518,1.0,1.0,0.0,1,1
288,518,1.0,1.0,0.0,1,1
289,518,1.0,1.0,0.0,1,1
290,518,0.8228288251002582,0.6885605326945905,-13.426829240566773,1,1
291,518,0.8439531457128155,0.721700708575938,-12.22524371368775,1,1
292,518,0.8616586539787743,0.7727329521806312,-8.892570179814307,1,1
293,518,0.8762652825579522,0.7813640363175547,-9.490124624039753,1,1
294,518,0.9341057496561572,0.8826141577102554,-5.1491591945901805,1,1
295,518,0.9569446270213037,0.9759111338461456,1.896650682484191,1,1
296,518,0.96602207640832,0.9912033906091854,2.5181314200865335,1,1
297,518,0.9785409380797094,0.9966663107948945,1.8125372715185106,1,1
298,518,0.9592914754366062,0.9888530423208806,2.956156688427436,1,1
299,518,0.8994681002292757,0.9078158478411317,0.8347747611855971,1,1
300,520,1.0,0.9924839690998283,-0.7516030900171722,1,1
301,520,1.0,1.0,0.0,1,1
302,520,1.0,0.999823980481004,-0.017601951899604007,1,1
303,520,1.0,1.0,0.0,1,1
304,520,1.0,0.9999114054451803,-0.008859455481968759,1,1
305,520,1.0,1.0,0.0,1,1
306,520,1.0,1.0,0.0,1,1
307,520,1.0,1.0,0.0,1,1
308,520,1.0,1.0,0.0,1,1
309,520,1.0,1.0,0.0,1,1
310,520,1.0,1.0,0.0,1,1
311,520,1.0,1.0,0.0,1,1
312,520,1.0,1.0,0.0,1,1
313,520,1.0,1.0,0.0,1,1
314,520,1.0,1.0,0.0,1,1
315,520,1.0,1.0,0.0,1,1
316,520,1.0,1.0,0.0,1,1
317,520,1.0,1.0,0.0,1,1
318,520,1.0,1.0,0.0,1,1
319,520,1.0,1.0,0.0,1,1
320,520,1.0,1.0,0.0,1,1
321,520,1.0,1.0,0.0,1,1
322,520,1.0,1.0,0.0,1,1
323,520,1.0,1.0,0.0,1,1
324,520,1.0,1.0,0.0,1,1
325,520,1.0,1.0,0.0,1,1
326,520,1.0,1.0,0.0,1,1
327,520,1.0,1.0,0.0,1,1
328,520,1.0,1.0,0.0,1,1
329,520,1.0,1.0,0.0,1,1
330,520,1.0,1.0,0.0,1,1
331,520,1.0,1.0,0.0,1,1
332,520,1.0,1.0,0.0,1,1
333,520,1.0,1.0,0.0,1,1
334,520,1.0,1.0,0.0,1,1
335,522,0.33987083215873926,0.3629548707723223,2.308403861358305,1,1
336,522,0.31067355287684084,0.3175419250446516,0.6868372167810777,1,1
337,522,0.33131167705565706,0.3515418582162846,2.0230181160627527,1,1
338,522,0.30347760424701914,0.3084660128659945,0.49884086189753707,1,1
339,522,0.3152218437093118,0.3041681447767574,-1.1053698932554368,1,1
340,522,0.6445410055771974,0.6527259409726542,0.8184935395456838,1,1
341,522,0.5664904606299854,0.5701928791349337,0.3702418504948235,1,1
342,522,0.48280304223850523,0.49554891021464187,1.2745867976136638,1,1
343,522,0.49960353311391564,0.5121417909255968,1.2538257811681108,1,1
344,522,0.5689318149283029,0.5717322046900284,0.28003897617254747,1,1
345,522,0.8481209454084009,0.8333401833302664,-1.4780762078134502,1,1
346,522,0.8333059809537319,0.8241515114069389,-0.9154469546792998,1,1
347,522,0.8408340357908127,0.8256310657252498,-1.5202970065562926,1,1
348,522,0.8564715243078956,0.8464453727867055,-1.002615152119013,1,1
349,522,0.8537855430958551,0.8403389193369807,-1.3446623758874399,1,1
350,522,0.6507239064286682,0.6850025852926298,3.427867886396163,1,1
351,522,0.5422251920752538,0.6227838559839198,8.055866390866607,1,1
352,522,0.5414793754710772,0.5715592794432802,3.007990397220306,1,1
353,522,0.6762510878940017,0.7466596892353815,7.040860134137983,1,1
354,522,0.7108747795450115,0.7735377492236309,6.26629696786194,1,1
355,522,0.6967571655140402,0.7321590163302635,3.540185081622327,1,1
356,522,0.6130159252757417,0.6567685857400577,4.375266046431603,1,1
357,522,0.6869799444839648,0.7136317709402236,2.6651826456258743,1,1
358,522,0.4985234370295458,0.545605592987589,4.7082155958043215,1,1
359,522,0.4302749390324172,0.5170542585094079,8.677931947699069,1,1
360,522,0.759775634246399,0.7460284353996264,-1.3747198846772668,1,1
361,522,0.7451482627912069,0.7313060438623353,-1.3842218928871608,1,1
362,522,0.7522674050153351,0.743340390439666,-0.8927014575669023,1,1
363,522,0.7539484182839546,0.7405211613148998,-1.342725696905489,1,1
364,522,0.7442720246932569,0.7261353881030196,-1.8136636590237343,1,1
365,522,0.9634416726213033,0.960065794174346,-0.33758784469573033,1,1
366,522,0.9542723731851318,0.9506375434156482,-0.3634829769483594,1,1
367,522,0.9251940726627672,0.9225103112493003,-0.2683761413466934,1,1
368,522,0.9114965304704932,0.9069432860101029,-0.45532444603902933,1,1
369,522,0.9608352812438435,0.9567980042425958,-0.40372770012477854,1,1
370,524,0.7842481165878327,0.7816377398646195,-0.26103767232131814,1,1
371,524,0.7713301654613798,0.7689996252369099,-0.23305402244698792,1,1
372,524,0.7828987012662807,0.7820756605791072,-0.08230406871735374,1,1
373,524,0.8064244875591752,0.8066059949244471,0.01815073652718935,1,1
374,524,0.8040731250437355,0.8018973616377288,-0.217576340600667,1,1
375,524,0.974098887031215,0.9604916941827158,-1.3607192848499206,1,1
376,524,0.9549303345934371,0.9618374188874139,0.6907084293976795,1,1
377,524,0.9600063735868597,0.9432067931058701,-1.6799580480989618,1,1
378,524,0.958129868483201,0.9397441231693872,-1.8385745313813873,1,1
379,524,0.9704874340305734,0.9612703594075476,-0.9217074623025789,1,1
380,524,0.9914859385458762,0.984451491485081,-0.7034447060795146,1,1
381,524,0.9268363165587453,0.8777810326774121,-4.905528388133318,1,1
382,524,0.967063059572191,0.9317570644281717,-3.530599514401922,1,1
383,524,0.9793008291321786,0.9504289095250554,-2.887191960712321,1,1
384,524,0.9999354317998385,0.9970981007430113,-0.28373310568271526,1,1
385,524,0.37315530024557414,0.22726949385984777,-14.588580638572637,1,26
386,524,0.35226405779875536,0.26308129025973764,-8.918276753901772,7,30
387,524,0.28415747015962173,0.24041047342646768,-4.374699673315405,41,51
388,524,0.28011526615545707,0.22971921311824706,-5.039605303721001,31,45
389,524,0.331806270006189,0.2570571392463041,-7.474913075988493,5,24
390,524,0.9609092125954185,0.8764339819523453,-8.447523064307315,1,1
391,524,0.9468815389879267,0.8694375046630333,-7.744403432489344,1,1
392,524,0.9557274436017722,0.8665147294987408,-8.921271410303145,1,1
393,524,0.9740520079770963,0.9051386529052344,-6.8913355071861915,1,1
394,524,0.9157664075576508,0.8656835203221158,-5.0082887235535,1,1
395,524,0.9824510916526681,0.9746452800269548,-0.7805811625713255,1,1
396,524,0.997237853435127,0.9980447653650117,0.08069119298846905,1,1
397,524,0.9985313211323033,0.9971292068770221,-0.14021142552811394,1,1
398,524,1.0,0.9989557003781332,-0.10442996218668066,1,1
399,524,1.0,0.9998723064644852,-0.012769353551478346,1,1
400,524,0.8158399473493674,0.807313071875658,-0.8526875473709339,1,1
401,524,0.8354471524044105,0.837525841613861,0.2078689209450535,1,1
402,524,0.8161408724704423,0.8273629304768263,1.1222058006383984,1,1
403,524,0.7917393050830938,0.7963161393033781,0.45768342202843204,1,1
404,524,0.7137054292024867,0.7454666670279878,3.176123782550111,1,1
405,524,0.9575488733000347,0.933677932082974,-2.387094121706068,1,1
406,524,0.9774222364986643,0.9656767976078826,-1.1745438890781723,1,1
407,524,0.9241054641815276,0.914142275957923,-0.9963188223604647,1,1
408,524,0.9308496967316305,0.9245218051411821,-0.6327891590448442,1,1
409,524,0.9337570852971993,0.9264268016589342,-0.7330283638265045,1,1
410,526,0.5827555562638213,0.5803592867748244,-0.23962694889968494,1,1
411,526,0.6024915737030248,0.6075138144635627,0.5022240760537922,1,1
412,526,0.6040282413140292,0.6109478429594677,0.6919601645438478,1,1
413,526,0.6112793247338262,0.6162114546802383,0.49321299464121227,1,1
414,526,0.6203458823609137,0.6192859971345702,-0.10598852263434821,1,1
415,526,0.7441195829599639,0.6452415154590301,-9.887806750093386,1,1
416,526,0.7110274900620287,0.6480496964826088,-6.297779357941991,1,1
417,526,0.6862768518260488,0.6220897483901546,-6.418710343589417,1,1
418,526,0.6915989250928977,0.6333565927819713,-5.824233231092634,1,1
419,526,0.6777715903344834,0.6212526771147759,-5.651891321970748,1,1
420,526,1.0,1.0,0.0,1,1
421,526,1.0,1.0,0.0,1,1
422,526,1.0,1.0,0.0,1,1
423,526,1.0,1.0,0.0,1,1
424,526,1.0,1.0,0.0,1,1
425,528,0.9215650625565903,0.943039503928464,2.147444137187371,1,1
426,528,0.9185566374294939,0.9373354753836647,1.877883795417079,1,1
427,528,0.8894733318456232,0.9197681837101894,3.0294851864566263,1,1
428,528,0.9030289620817638,0.9354799931014312,3.24510310196674,1,1
429,528,0.8793568820202544,0.9205647271098595,4.120784508960506,1,1
430,528,0.9462480650901932,0.9711394665968301,2.4891401506636934,1,1
431,528,0.9481019066422133,0.9686099708238813,2.050806418166806,1,1
432,528,0.9804455765107859,0.992410222787153,1.1964646276367064,1,1
433,528,0.9621312522305239,0.9675217629007314,0.5390510670207571,1,1
434,528,0.9691578568085901,0.978606584571684,0.9448727763093911,1,1
435,528,0.9373995814886532,0.9766732392992541,3.927365781060088,1,1
436,528,0.9367904091050037,0.9759116585719709,3.9121249466967267,1,1
437,528,0.9372806749334855,0.9816443723411366,4.4363697407651,1,1
438,528,0.9378400377328429,0.982540304235578,4.4700266502735175,1,1
439,528,0.9454007107182821,0.973394738150048,2.799402743176582,1,1
440,528,0.9465228514075186,0.9431111306949382,-0.3411720712580335,1,1
441,528,0.9473172812904102,0.9452601667930467,-0.20571144973634548,1,1
442,528,0.9484087369232675,0.9463680088343184,-0.2040728088949173,1,1
443,528,0.9565542443194727,0.9530592331307044,-0.3495011188768271,1,1
444,528,0.9566530707634129,0.9584555003931473,0.18024296297344256,1,1
445,528,0.9991328410508015,0.998757466880517,-0.03753741702844371,1,1
446,528,0.9982202025492298,0.9977811455889897,-0.04390569602401584,1,1
447,528,0.9983640771820083,0.9979183723737454,-0.04457048082628923,1,1
448,528,0.998901771949661,0.9985323806454655,-0.03693913041955543,1,1
449,528,0.9983250752639302,0.997154452191965,-0.11706230719652488,1,1
450,528,0.9997780484829586,1.0,0.02219515170414077,1,1
451,528,0.9991676982287341,1.0,0.08323017712659198,1,1
452,528,0.9978683352828462,1.0,0.21316647171537584,1,1
453,528,1.0,1.0,0.0,1,1
454,528,0.9993514187047642,1.0,0.06485812952358172,1,1
455,528,0.8538768832171381,0.7988997098758462,-5.497717334129182,1,1
456,528,0.851720164942945,0.7981435391780083,-5.357662576493672,1,1
457,528,0.8580672467305384,0.792892780595011,-6.517446613552735,1,1
458,528,0.8541194678327827,0.8094513863214025,-4.466808151138024,1,1
459,528,0.8798492632125654,0.8007895770461007,-7.905968616646475,1,1
460,530,0.7448008032755343,0.76069473628602,1.5893933010485695,1,1
461,530,0.724468630635151,0.7552833443266742,3.081471369152322,1,1
462,530,0.7214026728426429,0.7491102746255297,2.770760178288678,1,1
463,530,0.8111871178410788,0.8174188498747842,0.6231732033705417,1,1
464,530,0.8151114867857806,0.8187052188427297,0.3593732056949128,1,1
465,530,1.0,1.0,0.0,1,1
466,530,1.0,1.0,0.0,1,1
467,530,1.0,1.0,0.0,1,1
468,530,1.0,1.0,0.0,1,1
469,530,1.0,1.0,0.0,1,1
470,530,1.0,1.0,0.0,1,1
471,530,0.9999114054451803,1.0,0.008859455481968759,1,1
472,530,0.9994341585563175,0.9999114054451803,0.04772468888628589,1,1
473,530,0.9993095563205223,0.9999114054451803,0.06018491246579938,1,1
474,530,0.9999114054451803,1.0,0.008859455481968759,1,1
475,530,1.0,1.0,0.0,1,1
476,530,1.0,1.0,0.0,1,1
477,530,1.0,1.0,0.0,1,1
478,530,1.0,1.0,0.0,1,1
479,530,1.0,1.0,0.0,1,1
480,530,0.9584334237332389,0.9581348060661397,-0.029861766709926574,1,1
481,530,0.953846319358815,0.9557522080140063,0.19058886551912568,1,1
482,530,0.9067182396135423,0.9201315329066976,1.3413293293155326,1,1
483,530,0.9292937410285557,0.9359979604765314,0.6704219447975723,1,1
484,530,0.940739616858793,0.9524004797625321,1.1660862903739022,1,1
485,530,1.0,1.0,0.0,1,1
486,530,1.0,1.0,0.0,1,1
487,530,1.0,1.0,0.0,1,1
488,530,1.0,1.0,0.0,1,1
489,530,1.0,1.0,0.0,1,1
490,530,0.8317939149333025,0.8627986530231084,3.100473808980597,1,1
491,530,0.8395111560254522,0.8736109235369988,3.409976751154653,1,1
492,530,0.8203805437758745,0.8572719677397337,3.689142396385914,1,1
493,530,0.7313091772023829,0.7955398026298636,6.42306254274807,1,1
494,530,0.7510473934868022,0.8245736835251155,7.352629003831335,1,1
495,532,0.9891651723704227,0.9878621415699669,-0.13030308004557956,1,1
496,532,0.9958448016598632,0.9951715003131938,-0.06733013466694304,1,1
497,532,0.9933009416608788,0.9915700737851105,-0.17308678757682605,1,1
498,532,0.999249884521415,0.9989727209698877,-0.027716355152740402,1,1
499,532,1.0,1.0,0.0,1,1
500,532,0.8103015769662828,0.7970264313285941,-1.3275145637688723,1,1
501,532,0.7387252253217,0.7350799883865983,-0.364523693510177,1,1
502,532,0.8375026278832188,0.8197763065752773,-1.7726321307941495,1,1
503,532,0.7959905405634764,0.7852068038023947,-1.0783736761081686,1,1
504,532,0.735148402042151,0.7152829032019575,-1.9865498840193507,1,1
505,532,0.9005884969844273,0.9065826938328618,0.5994196848434497,1,1
506,532,0.9164121101751711,0.9257672703291279,0.9355160153956765,1,1
507,532,0.9033211621517904,0.9138252396092142,1.0504077457423877,1,1
508,532,0.9128417052590394,0.9206710503529956,0.7829345093956164,1,1
509,532,0.9295558700321208,0.9384200048895475,0.8864134857426653,1,1
510,532,0.8584281432760518,0.8623463611271209,0.3918217851069161,1,1
511,532,0.8972289002397345,0.9047148588636981,0.7485958623963618,1,1
512,532,0.8730737540494533,0.8773040268408034,0.42302727913501315,1,1
513,532,0.9335929526594556,0.9474780763283437,1.3885123668888055,1,1
514,532,0.9170377545389647,0.938562342930764,2.152458839179927,1,1
515,532,0.973289536092448,0.9736831323557082,0.03935962632602985,1,1
516,532,0.984308499982009,0.9843329826708487,0.002448268883969984,1,1
517,532,0.9754807360481754,0.9763799346110573,0.08991985628818977,1,1
518,532,0.9864248491274062,0.9861196308536115,-0.030521827379470512,1,1
519,532,0.9818334463215821,0.9833776242613237,0.15441779397415978,1,1
520,532,1.0,1.0,0.0,1,1
521,532,0.998324735726533,0.9960673987092521,-0.22573370172809248,1,1
522,532,0.9981361235645672,0.9959965133806343,-0.21396101839328274,1,1
523,532,0.9998073713995502,0.9993603269329047,-0.04470444666455631,1,1
524,532,0.9961909217017861,0.9950590826272783,-0.11318390745078677,1,1
525,532,0.9627611762740431,0.9676687403520269,0.49075640779837615,1,1
526,532,0.9494288885050965,0.9569296020002457,0.7500713495149136,1,1
527,532,0.9504184096705892,0.9573168077096015,0.6898398039012266,1,1
528,532,0.9651188708690981,0.9704013578566589,0.5282486987560842,1,1
529,532,0.9562028331888766,0.9601427708425618,0.3939937653685277,1,1
530,532,0.8282364267531391,0.8441364923228489,1.5900065569709798,1,1
531,532,0.8417801939973893,0.8645097995938086,2.2729605596419233,1,1
532,532,0.8416265264498255,0.8610652481113994,1.94387216615739,1,1
533,532,0.8473618075597126,0.8713619476711406,2.4000140111428037,1,1
534,532,0.8381183455365528,0.859493113085836,2.1374767549283136,1,1
535,534,1.0,1.0,0.0,1,1
536,534,1.0,1.0,0.0,1,1
537,534,1.0,1.0,0.0,1,1
538,534,1.0,1.0,0.0,1,1
539,534,1.0,1.0,0.0,1,1
540,534,1.0,1.0,0.0,1,1
541,534,1.0,1.0,0.0,1,1
542,534,1.0,1.0,0.0,1,1
543,534,1.0,1.0,0.0,1,1
544,534,1.0,1.0,0.0,1,1
545,534,1.0,1.0,0.0,1,1
546,534,1.0,1.0,0.0,1,1
547,534,1.0,1.0,0.0,1,1
548,534,1.0,1.0,0.0,1,1
549,534,1.0,1.0,0.0,1,1
550,534,1.0,1.0,0.0,1,1
551,534,1.0,1.0,0.0,1,1
552,534,1.0,1.0,0.0,1,1
553,534,1.0,1.0,0.0,1,1
554,534,1.0,1.0,0.0,1,1
555,534,1.0,1.0,0.0,1,1
556,534,1.0,1.0,0.0,1,1
557,534,1.0,1.0,0.0,1,1
558,534,1.0,1.0,0.0,1,1
559,534,1.0,1.0,0.0,1,1
560,534,1.0,1.0,0.0,1,1
561,534,1.0,1.0,0.0,1,1
562,534,1.0,1.0,0.0,1,1
563,534,1.0,1.0,0.0,1,1
564,534,1.0,1.0,0.0,1,1
565,534,1.0,1.0,0.0,1,1
566,534,1.0,1.0,0.0,1,1
567,534,1.0,1.0,0.0,1,1
568,534,1.0,1.0,0.0,1,1
569,534,1.0,1.0,0.0,1,1
570,536,0.512079850511824,0.5269441492432974,1.4864298731473324,1,1
571,536,0.49623232680662654,0.5194816774784724,2.324935067184586,1,1
572,536,0.5192149744699166,0.5284625464722822,0.9247572002365589,1,1
573,536,0.47527750979001904,0.49939607195422125,2.4118562164202215,1,1
574,536,0.4939783535319852,0.514493270379956,2.0514916847970746,1,1
575,536,0.2519631534216094,0.2534646305258732,0.1501477104263793,72,88
576,536,0.2559485225158919,0.2561127135581414,0.01641910422495174,63,76
577,536,0.25903911562811655,0.2578670042134361,-0.11721114146804323,54,83
578,536,0.2471413306659538,0.24971436745908562,0.2573036793131811,62,74
579,536,0.25428688533149674,0.25442655380771034,0.013966847621360579,66,86
580,536,0.7181144501857918,0.7347286983302475,1.6614248144455668,1,1
581,536,0.7067956135197101,0.7316578262004039,2.4862212680693774,1,1
582,536,0.7496490083587557,0.759019075923839,0.9370067565083295,1,1
583,536,0.708950792209542,0.7289915325174817,2.0040740307939675,1,1
584,536,0.7205548841415403,0.7386248964231822,1.8070012281641845,1,1
585,536,0.5238370407953759,0.5233484977698145,-0.04885430255613388,1,1
586,536,0.538727725243998,0.5338902579997307,-0.48374672442673683,1,1
587,536,0.5566172992409393,0.5463919239281547,-1.0225375312784557,1,1
588,536,0.5908139618000232,0.5803237928948487,-1.0490168905174513,1,1
589,536,0.5842097498459773,0.575815203858797,-0.8394545987180257,1,1
590,538,0.8297372715387558,0.8473192899554018,1.7582018416646084,1,1
591,538,0.7932307347877382,0.7963152722120929,0.3084537424354661,1,1
592,538,0.7954510809639213,0.7976362863379448,0.21852053740235577,1,1
593,538,0.7641908210125985,0.7466180200412179,-1.7572800971380587,1,1
594,538,0.7858758602752037,0.7901557264279797,0.42798661527759796,1,1
595,538,0.8075359583050674,0.6948203194914478,-11.271563881361956,1,1
596,538,0.9280642513877979,0.912585298017959,-1.5478953369838955,1,1
597,538,0.7473582695604861,0.6439724450220322,-10.33858245384539,1,1
598,538,0.839813863124058,0.6884410325362674,-15.137283058779062,1,1
599,538,0.8658390356794304,0.7057571180171115,-16.008191766231896,1,1
600,538,0.7342004573696769,0.574487795099969,-15.971266226970792,1,1
601,538,0.9196337132320296,0.8774235879425526,-4.221012528947698,1,1
602,538,0.8130822129145042,0.8851518091927697,7.2069596278265475,1,1
603,538,0.8791049406446768,0.9056295653017865,2.6524624657109697,1,1
604,538,0.9931890008504206,0.9999675324675324,0.6778531617111838,1,1
605,538,0.8702661889922184,0.9160702181441213,4.580402915190285,1,1
606,538,0.8604038530564151,0.9013637742866615,4.095992123024638,1,1
607,538,0.8803327743706227,0.9259724245996231,4.563965022900041,1,1
608,538,0.8799565670026999,0.9286592259060175,4.87026589033176,1,1
609,538,0.8813046387678108,0.9291436599419363,4.783902117412541,1,1
610,538,0.9891963502450927,0.9601728856583909,-2.9023464586701797,1,1
611,538,0.990528911057648,0.9622194212436592,-2.830948981398873,1,1
612,538,0.9895243564679351,0.9653626020809276,-2.4161754387007517,1,1
613,538,0.9864417423200078,0.9553434838537138,-3.1098258466293993,1,1
614,538,0.9952785576057405,0.9810013915708417,-1.4277166034898814,1,1
615,538,0.8558144534376023,0.8474417172137292,-0.8372736223873134,1,1
616,538,0.8637983265320146,0.8550610615633399,-0.8737264968674663,1,1
617,538,0.8647710394820842,0.8511464658246106,-1.3624573657473604,1,1
618,538,0.8536649531347235,0.8364099660469274,-1.7254987087796048,1,1
619,538,0.8693404349657934,0.8664783404021663,-0.2862094563627071,1,1
620,538,0.8821071170618388,0.8923547287365932,1.0247611674754409,1,1
621,538,0.83735970054861,0.8466207075046474,0.9261006956037376,1,1
622,538,0.8003408639845929,0.8058595580237259,0.5518694039132965,1,1
623,538,0.8209776490615222,0.8252131201042245,0.4235471042702388,1,1
624,538,0.8206687207510025,0.8283967074747306,0.7727986723728097,1,1
625,538,0.9523381963037718,0.9370377872352548,-1.530040906851704,1,1
626,538,0.9584696211658772,0.9640355805678353,0.5565959401958143,1,1
627,538,0.9304450962052409,0.9387827675925989,0.8337671387358081,1,1
628,538,0.9316708382763865,0.9451890513020869,1.3518213025700332,1,1
629,538,0.9343877230274276,0.9507405659618002,1.635284293437267,1,1
630,540,0.696406075894096,0.6226277968308225,-7.37782790632735,1,1
631,540,0.6769574686119998,0.6002193836212748,-7.673808499072498,1,1
632,540,0.6684973234845673,0.5935469747747211,-7.495034870984618,1,1
633,540,0.6712285601162306,0.6030011283414339,-6.822743177479662,1,1
634,540,0.6900175647605125,0.6218912564215824,-6.8126308338930075,1,1
635,540,0.48779984365893164,0.5207994407295022,3.2999597070570594,1,1
636,540,0.5433358904170303,0.5179009248027031,-2.543496561432723,1,1
637,540,0.47142616567939105,0.4602373775418804,-1.1188788137510675,1,1
638,540,0.20801616088454128,0.2086989377755134,0.06827768909721255,1,9
639,540,0.3411363242838415,0.3735376818467382,3.2401357562896695,1,1
640,540,0.6311735429529076,0.7173635108148789,8.61899678619713,1,1
641,540,0.6277737741577406,0.7244730028234553,9.669922866571468,1,1
642,540,0.6827140816766621,0.7419836661214861,5.9269584444824,1,1
643,540,0.6878070303548246,0.7405268256141239,5.271979525929926,1,1
644,540,0.6975061828719382,0.7368612582283246,3.935507535638638,1,1
645,540,0.5115644667784431,0.49387000747223364,-1.7694459306209498,1,1
646,540,0.762492489611884,0.798826378923229,3.633388931134507,1,1
647,540,0.6216965365632053,0.6717130790855806,5.001654252237531,1,1
648,540,0.5490778580829819,0.55757153371507,0.8493675632088027,1,1
649,540,0.5373821189440539,0.5252176940430715,-1.2164424900982351,1,1
650,540,0.8963608208128767,0.9389847316940031,4.262391088112638,1,1
651,540,0.90609804336035,0.9428356735776894,3.6737630217339334,1,1
652,540,0.9242235933527779,0.9587001390070804,3.447654565430247,1,1
653,540,0.8666617373593015,0.9013793490955985,3.471761173629695,1,1
654,540,0.9039937930869093,0.9369830239737059,3.2989230886796617,1,1
655,540,0.7464887642811592,0.7730230941792913,2.653432989813209,1,1
656,540,0.7471528768900184,0.7825208758302128,3.536799894019438,1,1
657,540,0.7653201431054616,0.8120849621727737,4.676481906731212,1,1
658,540,0.7344419175155504,0.7900561590155001,5.561424149994965,1,1
659,540,0.7435167548960518,0.79366707142876,5.015031653270818,1,1
660,540,0.736078620582845,0.5868649124762623,-14.921370810658274,1,1
661,540,0.776380978449907,0.6024133660604962,-17.39676123894108,1,1
662,540,0.751208419843909,0.5787775879165681,-17.243083192734087,1,1
663,540,0.7798154672183172,0.6132001324088531,-16.66153348094641,1,1
664,540,0.8341779086334151,0.7268313235592908,-10.734658507412432,1,1
665,540,0.07665247216081603,0.06928759958607612,-0.7364872574739902,6,15
666,540,0.08358335962519045,0.08979942982508914,0.6216070199898684,5,13
667,540,0.11565187689088442,0.12401573754684052,0.8363860655956096,1,1
668,540,0.09587603115912166,0.10516443883287291,0.9288407673751248,1,1
669,540,0.08162778565029491,0.09531845299989034,1.3690667349595427,5,10
670,542,0.5380153988627778,0.5073378759424534,-3.067752292032444,1,1
671,542,0.5645659756230702,0.4973764650538923,-6.718951056917788,1,1
672,542,0.5345074887752718,0.4845566153200868,-4.995087345518495,1,1
673,542,0.5685362593150425,0.4881518649991032,-8.03843943159393,1,1
674,542,0.5446899040440428,0.48265556550641625,-6.203433853762657,1,1
675,542,0.7781237769755172,0.7024003549083471,-7.572342206717009,1,1
676,542,0.7721030836179309,0.6668997829140451,-10.520330070388583,1,1
677,542,0.7730210349070428,0.6128426315756969,-16.017840333134593,1,1
678,542,0.6376354825902399,0.4834896849142065,-15.414579767603342,1,1
679,542,0.6713871025706993,0.5792833672718667,-9.210373529883265,1,1
680,542,0.20291732284244202,0.09154446752807055,-11.137285531437147,1,19
681,542,0.21044355915855698,0.10045762721623178,-10.99859319423252,1,14
682,542,0.22928996372683338,0.18191739440523405,-4.737256932159934,1,1
683,542,0.23262767712159169,0.12328878056641054,-10.933889655518115,1,5
684,542,0.13297487190027935,0.10075006233027668,-3.222480957000266,7,28
685,542,0.3799973246949518,0.36667611803046735,-1.3321206664484442,1,1
686,542,0.37107777362847844,0.36178297983269836,-0.9294793795780076,1,1
687,542,0.366159125495304,0.3595129676909092,-0.6646157804394814,1,1
688,542,0.37396696465365475,0.3648209229124188,-0.9146041741235955,1,1
689,542,0.3780701103856837,0.3666768090436937,-1.1393301341990014,1,1
690,542,0.4917567136482166,0.4293388144200797,-6.241789922813689,1,1
691,542,0.6273449085884715,0.5457651184919441,-8.157979009652738,1,1
692,542,0.6430716780021993,0.6019967305811726,-4.107494742102668,1,1
693,542,0.6374694647647527,0.5822670544343251,-5.520241033042761,1,1
694,542,0.6789723604360999,0.6695307850479689,-0.9441575388130952,1,1
695,542,0.5735911213705375,0.544700405664998,-2.889071570553947,1,1
696,542,0.5976725132235078,0.5696185720772277,-2.8053941146280126,1,1
697,542,0.6394413986385513,0.7101380069151672,7.0696608276615835,1,1
698,542,0.6223180451174318,0.6069326740400042,-1.5385371077427656,1,1
699,542,0.6399891106155875,0.6314605861722757,-0.8528524443311758,1,1
700,542,0.105914903391026,0.10299737822287841,-0.29175251681475833,27,26
701,542,0.13197394324864814,0.12045676780701527,-1.1517175441632874,18,24
702,542,0.1243691907199217,0.11718959170311924,-0.7179599016802457,22,24
703,542,0.14026708476505703,0.12362617065349601,-1.6640914111561016,21,25
704,542,0.17017650950931842,0.13914907872778182,-3.1027430781536607,16,15
705,544,0.3027221122010594,0.3244556150701576,2.1733502869098196,26,26
706,544,0.350942232415426,0.34604600247061196,-0.48962299448140345,26,26
707,544,0.32286557189835285,0.33230773298050487,0.9442161082152012,26,26
708,544,0.3735789878266963,0.3756316311156917,0.20526432889954038,26,23
709,544,0.36755093734845456,0.36750183282620347,-0.004910452225109774,26,26
710,544,0.9261244807869381,0.9174255628154437,-0.8698917971494358,1,1
711,544,0.9353458167939395,0.9285021499787914,-0.6843666815148031,1,1
712,544,0.9237115904300337,0.9107897279163448,-1.2921862513688875,1,1
713,544,0.9542611828373253,0.9407922917767234,-1.3468891060601895,1,1
714,544,0.9512372283731872,0.9369624765487288,-1.4274751824458476,1,1
715,544,0.8853067502573346,0.887693470965191,0.23867207078563935,1,1
716,544,0.9209708219128196,0.9247690199925512,0.3798198079731585,1,1
717,544,0.9153228606314034,0.9210839895008348,0.5761128869431364,1,1
718,544,0.8635826924113136,0.8660724078541758,0.24897154428622503,1,1
719,544,0.8338796038961191,0.8400729146559531,0.6193310759833981,1,1
720,544,1.0,1.0,0.0,1,1
721,544,0.9947334340578463,0.9946766114753692,-0.00568225824770785,1,1
722,544,0.9993492453478184,0.9996135729111749,0.026432756335648122,1,1
723,544,0.9984863915280903,0.9984931071770243,0.0006715648934063623,1,1
724,544,0.9982003510106086,0.9977888395069147,-0.041151150369389544,1,1
725,544,0.9949915071660101,0.9740998675715244,-2.08916395944857,1,1
726,544,0.988621312738857,0.9656996174254603,-2.2921695313396717,1,1
727,544,0.9913786068078051,0.978633014042645,-1.2745592765160074,1,1
728,544,0.9953353890718423,0.9853516809182397,-0.9983708153602611,1,1
729,544,0.9909842617317004,0.9766470514463305,-1.433721028536994,1,1
730,544,0.986492747774272,0.9717832633943779,-1.4709484379894056,1,1
731,544,0.998068620397911,0.9941359032495379,-0.3932717148373066,1,1
732,544,0.9929407143259448,0.9802660201831569,-1.267469414278788,1,1
733,544,0.9920837220472152,0.9831157634972219,-0.8967958549993327,1,1
734,544,0.9976860261682776,0.9940452636442345,-0.36407625240431063,1,1
735,544,1.0,1.0,0.0,1,1
736,544,1.0,1.0,0.0,1,1
737,544,1.0,1.0,0.0,1,1
738,544,1.0,1.0,0.0,1,1
739,544,1.0,1.0,0.0,1,1
740,546,1.0,1.0,0.0,1,1
741,546,1.0,1.0,0.0,1,1
742,546,1.0,1.0,0.0,1,1
743,546,1.0,1.0,0.0,1,1
744,546,1.0,1.0,0.0,1,1
745,546,0.8058441065716767,0.8511452815198571,4.530117494818042,1,1
746,546,0.8591818104775668,0.9102390056869433,5.105719520937646,1,1
747,546,0.8650643195767431,0.9321244097563967,6.7060090179653535,1,1
748,546,0.878924614367942,0.9387113601464332,5.9786745778491195,1,1
749,546,0.8380934053984742,0.9003402387518249,6.224683335335069,1,1
750,546,0.8983724367740894,0.9259699425053805,2.759750573129105,1,1
751,546,0.8719958117900495,0.9002341278961078,2.8238316106058314,1,1
752,546,0.8836915034018856,0.9049556785123857,2.126417511050005,1,1
753,546,0.8654114397182494,0.878130333621153,1.2718893902903594,1,1
754,546,0.8542168504310725,0.8835862438781644,2.9369393447091885,1,1
755,546,0.7701030106190834,0.7954513852352094,2.5348374616126046,1,1
756,546,0.7604239887693635,0.7845431777919205,2.4119189022557053,1,1
757,546,0.771603608395544,0.798869424235783,2.7265815840239016,1,1
758,546,0.7653593737063171,0.7910618793395471,2.5702505633229955,1,1
759,546,0.7702512017714342,0.797022832919991,2.677163114855674,1,1
760,548,0.8746654453321593,0.8292729265214038,-4.539251881075545,1,1
761,548,0.742468667712052,0.7405486626009207,-0.19200051111313288,1,1
762,548,0.8524257232299343,0.794240977819198,-5.818474541073626,1,1
763,548,0.7753124183915474,0.7315273388053889,-4.3785079586158515,1,1
764,548,0.826386732811725,0.7977162102554354,-2.8670522556289657,1,1
765,548,0.09128987377726888,0.10118407086133559,0.9894197084066705,319,294
766,548,0.10070026173027394,0.1158893645124035,1.5189102782129567,282,257
767,548,0.11200471267176529,0.1329805170944028,2.0975804422637525,186,188
768,548,0.1150043170240125,0.13997297045689353,2.496865343288103,155,160
769,548,0.13910428087445925,0.15920385667348583,2.0099575799026574,165,182
770,548,0.6230340396491932,0.625807698576418,0.2773658927224809,1,1
771,548,0.612245903290854,0.6144710419594084,0.22251386685543384,1,1
772,548,0.6068963749287082,0.6090843709683497,0.21879960396414821,1,1
773,548,0.6117813073951212,0.6106711225760787,-0.1110184819042459,1,1
774,548,0.6218660463296849,0.6176215385890181,-0.42445077406667586,1,1
775,548,0.8547858503331861,0.8751516180988138,2.0365767765627707,1,1
776,548,0.8558526904303111,0.8758460735827059,1.999338315239485,1,1
777,548,0.8318025365515848,0.8321680314826692,0.0365494931084398,1,1
778,548,0.8401475219146524,0.8470122544808956,0.6864732566243203,1,1
779,548,0.8445267159411805,0.8591058933131931,1.4579177372012642,1,1
780,548,0.7531646222606914,0.7246519307257715,-2.8512691534919865,1,1
781,548,0.7236729673398198,0.7193942697489512,-0.427869759086863,1,1
782,548,0.7219718839306325,0.7182695651994824,-0.37023187311501227,1,1
783,548,0.7326315768275468,0.7228223494651232,-0.9809227362423512,1,1
784,548,0.7963724593516401,0.7473256746790302,-4.904678467260992,1,1
785,548,0.6675596290015954,0.5178404731340756,-14.971915586751983,1,1
786,548,0.6924426604131104,0.5939617909852196,-9.848086942789081,1,1
787,548,0.5287213643270963,0.37910091069340407,-14.962045363369219,1,4
788,548,0.6984942099319075,0.6602879732924357,-3.820623663947176,1,1
789,548,0.6429293161053352,0.49195869567467065,-15.097062043066456,1,1
790,550,0.5820379011874512,0.5938287035736094,1.179080238615815,1,1
791,550,0.6165921532908075,0.6286458147076316,1.2053661416824069,1,1
792,550,0.6028860175294725,0.6135612471564761,1.0675229627003624,1,1
793,550,0.641982271622443,0.66053620261743,1.8553930994986922,1,1
794,550,0.5778156480167236,0.5791186259728023,0.13029779560786992,1,1
795,550,0.6063879952148616,0.6475577101919555,4.116971497709388,1,1
796,550,0.5560096482048767,0.59472937746382,3.871972925894329,1,1
797,550,0.5626386205629293,0.6285854552827531,6.594683471982377,1,1
798,550,0.5221950644205576,0.5768846698945075,5.468960547394985,1,1
799,550,0.5317600871903926,0.5947778865802983,6.30177993899057,1,1
800,550,0.5478072972726719,0.7772188532166306,22.94115559439588,1,1
801,550,0.6633275293858477,0.810467879507922,14.714035012207427,1,1
802,550,0.5505107245160681,0.6930406787525946,14.252995423652647,11,1
803,550,0.5814790872561513,0.7685839708884734,18.710488363232216,3,1
804,550,0.5199601288931424,0.6968767673042292,17.691663841108685,4,1
805,550,0.4258295870796351,0.46711465369530125,4.128506661566616,6,4
806,550,0.5143000484401785,0.5476972152394145,3.339716679923599,1,1
807,550,0.4256348368350655,0.49137922025536196,6.574438342029648,3,2
808,550,0.6348823219118934,0.6654799470142785,3.059762510238506,1,1
809,550,0.5930254679248208,0.6179819332699835,2.4956465345162715,1,1
810,550,0.7845885002605412,0.7792226952273167,-0.536580503322448,1,1
811,550,0.7787609851066727,0.7671950859807302,-1.1565899125942525,1,1
812,550,0.8186789735663017,0.7823353381115518,-3.6343635454749945,1,1
813,550,0.8358352493469617,0.8410303472291332,0.5195097882171429,1,1
814,550,0.807479404920515,0.8090895919119682,0.16101869914532108,1,1
815,550,0.8443028893530999,0.828715845155938,-1.5587044197161948,1,1
816,550,0.8123238097645672,0.7644073049455986,-4.791650481896859,1,1
817,550,0.8368366282328139,0.8064675238021355,-3.0369104430678417,1,1
818,550,0.8802659057205717,0.8610399342208923,-1.9225971499679417,1,1
819,550,0.8806121441081124,0.852807261058769,-2.7804883049343365,1,1
820,550,0.8183223997604891,0.8443915744681605,2.606917470767134,1,1
821,550,0.8357337143453245,0.8547306459093914,1.89969315640669,1,1
822,550,0.8062876087314248,0.8271538419020602,2.0866233170635407,1,1
823,550,0.7924490774744855,0.8079656038802351,1.551652640574963,1,1
824,550,0.7738363380359117,0.8085471255984903,3.4710787562578616,1,1
825,550,0.6192432027231732,0.6326454802005971,1.340227747742384,1,1
826,550,0.6203326706865758,0.6296081451814078,0.9275474494832014,1,1
827,550,0.6236560275505415,0.6313822146793996,0.7726187128858086,1,1
828,550,0.6305047005189098,0.6452388440192226,1.4734143500312769,1,1
829,550,0.6279206514109993,0.6393738438515846,1.1453192440585291,1,1
830,552,0.9999354317998385,1.0,0.006456820016154108,1,1
831,552,0.9939734785963787,1.0,0.6026521403621254,1,1
832,552,0.9998704967349035,0.9999354317998385,0.006493506493499002,1,1
833,552,1.0,1.0,0.0,1,1
834,552,0.9999675324675324,0.9999675324675324,0.0,1,1
835,552,0.9984934431839156,0.9945456872734018,-0.3947755910513884,1,1
836,552,0.9921497679226958,0.9802852010608958,-1.186456686180004,1,1
837,552,1.0,1.0,0.0,1,1
838,552,1.0,1.0,0.0,1,1
839,552,0.99371681938884,0.9897359541259643,-0.3980865262875777,1,1
840,552,1.0,1.0,0.0,1,1
841,552,1.0,1.0,0.0,1,1
842,552,1.0,1.0,0.0,1,1
843,552,1.0,1.0,0.0,1,1
844,552,1.0,1.0,0.0,1,1
845,552,0.9999675324675324,0.9998357855391882,-0.013174692834427848,1,1
846,552,0.9995259558872531,0.9983586845119471,-0.11672713753060338,1,1
847,552,1.0,1.0,0.0,1,1
848,552,1.0,0.999902038683812,-0.009796131618799997,1,1
849,552,0.9999348794063079,0.9997379859922616,-0.019689341404627303,1,1
850,552,1.0,1.0,0.0,1,1
851,552,1.0,1.0,0.0,1,1
852,552,1.0,1.0,0.0,1,1
853,552,1.0,1.0,0.0,1,1
854,552,1.0,1.0,0.0,1,1
855,552,1.0,1.0,0.0,1,1
856,552,1.0,1.0,0.0,1,1
857,552,1.0,1.0,0.0,1,1
858,552,1.0,1.0,0.0,1,1
859,552,1.0,1.0,0.0,1,1
860,552,1.0,1.0,0.0,1,1
861,552,1.0,1.0,0.0,1,1
862,552,1.0,1.0,0.0,1,1
863,552,1.0,1.0,0.0,1,1
864,552,1.0,1.0,0.0,1,1
865,552,0.997604087633403,0.9959435263991477,-0.16605612342552867,1,1
866,552,0.9976667418692189,0.9980805850237402,0.04138431545213095,1,1
867,552,0.9980940917385741,0.9967681076679774,-0.13259840705966974,1,1
868,552,0.9982770800627944,0.9986073943440611,0.033031428126673035,1,1
869,552,0.9984200844516912,0.9986092864442618,0.01892019925706645,1,1
870,554,0.8421038124679111,0.8283444234764481,-1.3759388991463006,1,1
871,554,0.8077156032142777,0.7961454041769787,-1.1570199037299056,1,1
872,554,0.8664703029020318,0.8367125455856168,-2.9757757316414946,1,1
873,554,0.8283995044974412,0.8040511511026902,-2.4348353394750943,1,1
874,554,0.8401284920294302,0.8152878338999355,-2.4840658129494653,1,1
875,554,0.29308842754007036,0.34438938232359745,5.130095478352708,1,1
876,554,0.28551480899600923,0.3314042284012831,4.588941940527386,1,1
877,554,0.2793774816203644,0.32038252328322026,4.100504166285584,1,1
878,554,0.28026009750295644,0.320415451449823,4.015535394686653,1,1
879,554,0.2823591144513686,0.3229384502921811,4.057933584081253,1,1
880,554,0.7771156761350542,0.7584054563917658,-1.8710219743288348,1,1
881,554,0.7658924231752795,0.7501907450663446,-1.5701678108934858,1,1
882,554,0.7656019323676546,0.7515893014013332,-1.4012630966321438,1,1
883,554,0.7619795886242481,0.7456144221071673,-1.6365166517080754,1,1
884,554,0.7513174850490781,0.7370163232676586,-1.4301161781419491,1,1
885,554,0.828859099238232,0.821631985458153,-0.7227113780079009,1,1
886,554,0.8599138415743555,0.8367400376890894,-2.317380388526602,1,1
887,554,0.8390262110116993,0.8352651295780055,-0.37610814336938025,1,1
888,554,0.8586618505689994,0.8422473403234708,-1.6414510245528535,1,1
889,554,0.846705733060172,0.8288921278014766,-1.7813605258695464,1,1
890,554,0.7977027642552155,0.7958536292658408,-0.18491349893746678,1,1
891,554,0.8572197375524119,0.8504471238432653,-0.6772613709146613,1,1
892,554,0.9027889445782072,0.9011455784613193,-0.16433661168879787,1,1
893,554,0.894295865669136,0.8923024631168225,-0.19934025523135057,1,1
894,554,0.8716173632191804,0.8695997457860957,-0.20176174330847063,1,1
895,554,0.5147994694934821,0.5465234334338718,3.1723963940389677,1,1
896,554,0.5404290524696277,0.5678332726698142,2.7404220200186513,1,1
897,554,0.5599069555243161,0.5863316124549227,2.6424656930606583,1,1
898,554,0.5653357997507155,0.5800450566571294,1.4709256906413892,1,1
899,554,0.5510520689934343,0.5785104570314284,2.7458388037994164,1,1
900,554,0.9400803026135233,0.9512556655140505,1.117536290052723,1,1
901,554,0.9635807645902136,0.9723728530069196,0.8792088416705979,1,1
902,554,0.9838895972602774,0.9773121504840352,-0.6577446776242168,1,1
903,554,0.9729254705488848,0.9738727289818212,0.09472584329364153,1,1
904,554,0.9806753354390211,0.9761707655395007,-0.45045698995204164,1,1
905,556,0.9991539305468916,0.9913895436444435,-0.7764386902448073,1,1
906,556,0.9961010497820374,0.967719065292701,-2.8381984489336376,1,1
907,556,0.9938935208643831,0.9656212372857474,-2.827228357863565,1,1
908,556,0.9997404200731583,0.9764788529197859,-2.3261567153372464,1,1
909,556,0.9724993214871298,0.9446146127066892,-2.788470878044058,1,1
910,556,0.526399592093455,0.33893603774979925,-18.746355434365576,1,1
911,556,0.5543548261015286,0.4171115914454798,-13.724323465604883,1,1
912,556,0.44385318469729373,0.2952092760100875,-14.864390868720623,1,14
913,556,0.32921904249131795,0.2339925634358104,-9.522647905550755,3,45
914,556,0.4189908183200979,0.3009432949212977,-11.80475233988002,3,6
915,556,0.6995343058765785,0.6931552437078697,-0.637906216870876,1,1
916,556,0.6980014533889504,0.6811909752559285,-1.6810478133021833,1,1
917,556,0.6663968766325241,0.6546049830895775,-1.179189354294663,1,1
918,556,0.6722812702325969,0.6604175404727609,-1.1863729759835961,1,1
919,556,0.6750712606515826,0.6619680607778443,-1.3103199873738314,1,1
920,556,0.8498416740868305,0.8652202501233046,1.5378576036474079,1,1
921,556,0.8747790502901152,0.8743572287950836,-0.04218214950315602,1,1
922,556,0.8835363327502023,0.8873178039009748,0.3781471150772542,1,1
923,556,0.8899422617218686,0.888837601654203,-0.11046600676656304,1,1
924,556,0.8848177391826543,0.8785895827737068,-0.6228156408947472,1,1
925,556,0.6099730410550955,0.4044199341149776,-20.55531069401179,1,12
926,556,0.6165292984472847,0.448707608288063,-16.782169015922165,1,8
927,556,0.6597676599208584,0.5232919363511581,-13.647572356970027,1,14
928,556,0.6808255241648521,0.565102405746226,-11.572311841862604,1,18
929,556,0.7416722372022062,0.6590132387953692,-8.2658998406837,1,1
930,556,0.9658971790022971,0.9573731257298511,-0.8524053272445986,1,1
931,556,0.9703159913931229,0.966851120119746,-0.34648712733768017,1,1
932,556,0.9742045522615034,0.9772556536800172,0.3051101418513835,1,1
933,556,0.9744424149496077,0.9725277471030364,-0.19146678465713496,1,1
934,556,0.9610548226337619,0.954708983539464,-0.6345839094297867,1,1
935,556,0.9030152988558842,0.8919861327137617,-1.102916614212246,1,1
936,556,0.9468783553750573,0.9437911936860196,-0.3087161689037665,1,1
937,556,0.9461658476548291,0.9396726783672398,-0.6493169287589362,1,1
938,556,0.9260545081165177,0.9156717490857996,-1.0382759030718058,1,1
939,556,0.9265626057554812,0.9098761799771056,-1.6686425778375646,1,1
940,556,0.9107976402247745,0.9118433823312392,0.10457421064646866,1,1
941,556,0.9047534113239947,0.9058812794771133,0.11278681531186052,1,1
942,556,0.8972913754226313,0.8929116344848,-0.43797409378312224,1,1
943,556,0.9082019104658898,0.9059151698340719,-0.2286740631817885,1,1
944,556,0.9118288180814794,0.9057793019293776,-0.6049516152101808,1,1
945,558,0.6930006216288175,0.6991248043563779,0.6124182727560434,1,1
946,558,0.7061353400478828,0.7156058996708851,0.947055962300225,1,1
947,558,0.723045184001454,0.7292736476317305,0.6228463630276515,1,1
948,558,0.6973689306693146,0.7039292934094512,0.6560362740136605,1,1
949,558,0.6792989737681674,0.6876805781907454,0.838160442257796,1,1
950,558,0.748667056955421,0.7840358094922233,3.5368752536802273,1,1
951,558,0.7449793348105399,0.7934856899848941,4.850635517435419,1,1
952,558,0.7416842174609418,0.7818344605639199,4.01502431029781,1,1
953,558,0.782868030736997,0.8075029658400152,2.4634935103018285,1,1
954,558,0.7574782727743226,0.7960903701901384,3.861209741581584,1,1
955,558,0.9454037353831907,0.9487189141131116,0.3315178729920931,1,1
956,558,0.9387997106878538,0.9422289927938654,0.34292821060115664,1,1
957,558,0.9633660402120102,0.9687967239535835,0.5430683741573294,1,1
958,558,0.9449808240581437,0.9533075575503724,0.8326733492228788,1,1
959,558,0.9528478310543941,0.9582124036708903,0.5364572616496255,1,1
960,558,0.9254435957676583,0.9305544818609532,0.5110886093294909,1,1
961,558,0.9319344815300578,0.9361543712503749,0.42198897203171715,1,1
962,558,0.916439239923258,0.9174589978880672,0.10197579648091315,1,1
963,558,0.9068219444615507,0.9065134233359308,-0.030852112561996492,1,1
964,558,0.9097864616339333,0.9096845409040338,-0.010192072989945178,1,1
965,558,0.7270725037184314,0.7370140616053227,0.9941557886891328,1,1
966,558,0.7364635054374578,0.7463127715439071,0.9849266106449317,1,1
967,558,0.7183801690255708,0.7279339907863425,0.9553821760771686,1,1
968,558,0.7342786364304305,0.7448733689297025,1.0594732499272008,1,1
969,558,0.7505417039002072,0.7591270642531345,0.8585360352927229,1,1
970,558,0.9792457329866142,0.9796650452434356,0.0419312256821347,1,1
971,558,0.9745416519454333,0.9760751321726447,0.15334802272114478,1,1
972,558,0.9777701649312881,0.9786413643377403,0.08711994064521944,1,1
973,558,0.978136401782433,0.9788939034797675,0.07575016973344617,1,1
974,558,0.9777382812733975,0.978670345766127,0.0932064492729534,1,1
975,558,0.9933499144816613,0.9934105829488636,0.006066846720231833,1,1
976,558,0.9894439052951443,0.9886397754250947,-0.08041298700495192,1,1
977,558,0.9880195821380373,0.9875525583223884,-0.04670238156488926,1,1
978,558,0.9949472712711726,0.9939749628607468,-0.09723084104257262,1,1
979,558,0.9853541626617708,0.9836591555810431,-0.1695007080727673,1,1
980,558,0.8425707648605375,0.8492230756026621,0.6652310742124579,1,1
981,558,0.846673332526156,0.8532204105312212,0.6547078005065265,1,1
982,558,0.8710232534716172,0.8770581012168314,0.6034847745214122,1,1
983,558,0.8496034085029596,0.8537312801297837,0.41278716268241533,1,1
984,558,0.8394252701302316,0.8451510970298683,0.5725826899636743,1,1
985,560,0.9794089706439147,0.9974245176041575,1.8015546960242768,1,1
986,560,0.9998666627158738,1.0,0.013333728412623369,1,1
987,560,0.9866421582617526,0.9985414312264889,1.1899272964736252,1,1
988,560,0.9643778909868294,0.985796647417753,2.1418756430923613,1,1
989,560,0.8861057412111101,0.902128528118356,1.60227869072459,1,1
990,560,1.0,1.0,0.0,1,1
991,560,1.0,1.0,0.0,1,1
992,560,1.0,1.0,0.0,1,1
993,560,1.0,1.0,0.0,1,1
994,560,1.0,1.0,0.0,1,1
995,560,1.0,1.0,0.0,1,1
996,560,1.0,1.0,0.0,1,1
997,560,1.0,1.0,0.0,1,1
998,560,1.0,1.0,0.0,1,1
999,560,1.0,1.0,0.0,1,1
1000,560,1.0,1.0,0.0,1,1
1001,560,1.0,1.0,0.0,1,1
1002,560,1.0,1.0,0.0,1,1
1003,560,1.0,1.0,0.0,1,1
1004,560,1.0,1.0,0.0,1,1
1005,560,1.0,1.0,0.0,1,1
1006,560,1.0,1.0,0.0,1,1
1007,560,1.0,1.0,0.0,1,1
1008,560,1.0,1.0,0.0,1,1
1009,560,1.0,1.0,0.0,1,1
1010,560,1.0,1.0,0.0,1,1
1011,560,1.0,1.0,0.0,1,1
1012,560,1.0,1.0,0.0,1,1
1013,560,1.0,1.0,0.0,1,1
1014,560,1.0,1.0,0.0,1,1
1015,560,1.0,1.0,0.0,1,1
1016,560,1.0,1.0,0.0,1,1
1017,560,1.0,1.0,0.0,1,1
1018,560,1.0,1.0,0.0,1,1
1019,560,1.0,1.0,0.0,1,1
1020,562,0.8358393460676055,0.8331676461864247,-0.2671699881180767,1,1
1021,562,0.8276311788207527,0.8269319036313135,-0.06992751894391303,1,1
1022,562,0.7928606245435096,0.7914120715882617,-0.14485529552479282,1,1
1023,562,0.8187978820863053,0.8200512404078265,0.12533583215211808,1,1
1024,562,0.8380543880818508,0.8389501479926694,0.08957599108185832,1,1
1025,562,0.7672031191471149,0.7660864881764425,-0.11166309706723831,1,1
1026,562,0.7639737900520722,0.7646684039540219,0.06946139019496922,1,1
1027,562,0.7535398757598303,0.7519640875026848,-0.15757882571454385,1,1
1028,562,0.7952942925086144,0.7949779955118055,-0.03162969968089069,1,1
1029,562,0.7775505331171374,0.7777776172601253,0.02270841429878878,1,1
1030,562,0.9693399657942381,0.9697743092285817,0.04343434343435648,1,1
1031,562,0.9702628189934889,0.9702628189934889,0.0,1,1
1032,562,1.0,1.0,0.0,1,1
1033,562,0.9743089683744119,0.9754888010540184,0.11798326796064185,1,1
1034,562,0.9673859916668135,0.9673859916668135,0.0,1,1
1035,564,1.0,1.0,0.0,1,1
1036,564,1.0,1.0,0.0,1,1
1037,564,1.0,1.0,0.0,1,1
1038,564,1.0,1.0,0.0,1,1
1039,564,1.0,1.0,0.0,1,1
1040,564,1.0,1.0,0.0,1,1
1041,564,1.0,1.0,0.0,1,1
1042,564,1.0,1.0,0.0,1,1
1043,564,1.0,1.0,0.0,1,1
1044,564,1.0,1.0,0.0,1,1
1045,564,1.0,1.0,0.0,1,1
1046,564,1.0,1.0,0.0,1,1
1047,564,1.0,1.0,0.0,1,1
1048,564,1.0,1.0,0.0,1,1
1049,564,1.0,1.0,0.0,1,1
1050,564,1.0,1.0,0.0,1,1
1051,564,1.0,1.0,0.0,1,1
1052,564,1.0,1.0,0.0,1,1
1053,564,1.0,1.0,0.0,1,1
1054,564,1.0,1.0,0.0,1,1
1055,564,1.0,1.0,0.0,1,1
1056,564,1.0,1.0,0.0,1,1
1057,564,1.0,1.0,0.0,1,1
1058,564,1.0,1.0,0.0,1,1
1059,564,1.0,1.0,0.0,1,1
1060,564,1.0,1.0,0.0,1,1
1061,564,1.0,1.0,0.0,1,1
1062,564,1.0,1.0,0.0,1,1
1063,564,1.0,1.0,0.0,1,1
1064,564,1.0,1.0,0.0,1,1
1065,564,0.9976146322087444,0.9992134240500427,0.1598791841298297,1,1
1066,564,0.9988650154917127,0.9994724140293776,0.06073985376648938,1,1
1067,564,0.998908003757078,0.9993375728991858,0.04295691421077885,1,1
1068,564,1.0,1.0,0.0,1,1
1069,564,0.9989510101342937,0.9995584166905265,0.06074065562328146,1,1
1070,566,0.8954518360861539,0.9392498341447687,4.379799805861484,1,1
1071,566,0.8957480347243554,0.9431842300281388,4.74361953037834,1,1
1072,566,0.8704226024040949,0.9371478896179346,6.672528721383975,1,1
1073,566,0.832955471513003,0.8922849896840152,5.932951817101218,1,1
1074,566,0.8946949703106384,0.9478089019914845,5.31139316808461,1,1
1075,566,0.8160893183146544,0.8215476974510755,0.545837913642111,1,1
1076,566,0.8470274929330978,0.8526165941987368,0.5589101265639052,1,1
1077,566,0.7781180152248296,0.7807205316503577,0.2602516425528112,1,1
1078,566,0.7235763787772698,0.7368897273136008,1.3313348536331038,1,1
1079,566,0.7601937942662714,0.7763254219693329,1.6131627703061424,1,1
1080,566,0.866192398376977,0.8622841707363081,-0.3908227640668893,1,1
1081,566,0.8238516499277505,0.8176642012603657,-0.6187448667384854,1,1
1082,566,0.8414175403808859,0.8400473821763067,-0.1370158204579197,1,1
1083,566,0.8189827289720759,0.813327034898793,-0.5655694073282924,1,1
1084,566,0.8646215781933568,0.8610370201176236,-0.3584558075733213,1,1
1085,566,0.8701318545774989,0.8694772008859598,-0.06546536915390533,1,1
1086,566,0.8626005203554873,0.8545156868235615,-0.8084833531925795,1,1
1087,566,0.7892739514464078,0.7985013217765666,0.9227370330158857,1,1
1088,566,0.7790261963605741,0.7873978291223317,0.8371632761757564,1,1
1089,566,0.7554964727344958,0.7644904746427749,0.8994001908279037,1,1
1090,566,0.8636082370995336,0.8667225530574433,0.31143159579096746,1,1
1091,566,0.8885897021906335,0.8901746999344141,0.1584997743780625,1,1
1092,566,0.863540510641221,0.8640721415790901,0.053163093786912086,1,1
1093,566,0.8819187246471103,0.8836267271251296,0.1708002478019277,1,1
1094,566,0.8920929398629199,0.8978389454516423,0.5746005588722403,1,1
1095,566,0.740593058010936,0.7488705074297153,0.8277449418779281,1,1
1096,566,0.7974794083518714,0.8135729880824806,1.6093579730609209,1,1
1097,566,0.7865035660192343,0.8029199404588521,1.6416374439617742,1,1
1098,566,0.7772683513867261,0.7881282260318385,1.08598746451124,1,1
1099,566,0.825851267827461,0.8408744957338766,1.5023227906415637,1,1
1100,566,0.7886308812855825,0.8037240477916096,1.50931665060271,1,1
1101,566,0.782282983230869,0.7977946029326043,1.5511619701735313,1,1
1102,566,0.7806113740448999,0.7906315845809814,1.0020210536081486,1,1
1103,566,0.7192025838063725,0.7314530640649476,1.2250480258575114,1,1
1104,566,0.789394411207293,0.8016469546954045,1.2252543488111445,1,1
1105,566,0.4299183181876507,0.44481253705376267,1.4894218866111975,4,1
1106,566,0.5549146585814512,0.6360853076508005,8.117064906934935,1,1
1107,566,0.5009538156801591,0.5414576337964666,4.050381811630754,1,1
1108,566,0.510195888474886,0.5207956383793383,1.0599749904452338,24,2
1109,566,0.5382481090638669,0.552601664852683,1.4353555788816141,27,7
1110,568,0.9963934426229508,1.0,0.360655737704918,1,1
1111,568,0.9914942528735632,0.998867924528302,0.7373671654738789,1,1
1112,568,0.9978571428571429,1.0,0.2142857142857113,1,1
1113,568,0.990487569573284,1.0,0.9512430426716012,1,1
1114,568,0.9961290322580645,0.9996078431372548,0.34788108791903305,1,1
1115,568,1.0,1.0,0.0,1,1
1116,568,0.9996078431372548,1.0,0.039215686274518546,1,1
1117,568,1.0,1.0,0.0,1,1
1118,568,1.0,1.0,0.0,1,1
1119,568,1.0,1.0,0.0,1,1
1120,568,0.9686774077199019,0.9872201004835501,1.8542692763648283,1,1
1121,568,0.9969893411910219,0.9969093748610556,-0.007996632996631892,1,1
1122,568,0.6893897480086819,0.7165560042633047,2.7166256254622767,1,1
1123,568,0.9576661576853895,0.9725862013330884,1.4920043647698833,1,1
1124,568,1.0,1.0,0.0,1,1
1125,570,0.7797421429162232,0.8230587489570369,4.3316606040813666,1,1
1126,570,0.7839735588406156,0.8214786808540507,3.7505122013435144,1,1
1127,570,0.8207497555438842,0.8550358484582424,3.4286092914358246,1,1
1128,570,0.7861578938542287,0.8124684598127536,2.631056595852488,1,1
1129,570,0.6981566276817551,0.7251395995264421,2.698297184468701,1,1
1130,570,0.9174565576787574,0.9248876832723331,0.7431125593575616,1,1
1131,570,0.9035427356721693,0.9117503758943173,0.8207640222148038,1,1
1132,570,0.9235530319060337,0.9347229340860604,1.116990218002678,1,1
1133,570,0.910585580037282,0.9117731181222162,0.11875380849342143,1,1
1134,570,0.8933200943428881,0.9029488976805715,0.9628803337683456,1,1
1135,570,0.8938134260586501,0.9124937368108593,1.8680310752209217,1,1
1136,570,0.877029551386327,0.8922115508156677,1.5181999429340731,1,1
1137,570,0.8935672709570169,0.9000736109093765,0.6506339952359608,1,1
1138,570,0.9397766633491076,0.9536121156527744,1.3835452303666784,1,1
1139,570,0.9293610420161595,0.9547712581429513,2.541021612679173,1,1
1140,570,0.8550972423031215,0.844262630535631,-1.0834611767490454,1,1
1141,570,0.9076659099098974,0.9107577778541113,0.30918679442138997,1,1
1142,570,0.8822253642339634,0.8818612077659096,-0.03641564680537668,1,1
1143,570,0.898898172720481,0.877530386396232,-2.136778632424896,1,1
1144,570,0.8620520802126114,0.8532670000850788,-0.8785080127532541,1,1
1145,570,0.9060096522591278,0.899512806349029,-0.6496845910098803,1,1
1146,570,0.9146953652534361,0.9229470447802453,0.8251679526809164,1,1
1147,570,0.9227211044905537,0.9262349893924733,0.3513884901919617,1,1
1148,570,0.8818087086224974,0.8883754584420884,0.6566749819591045,1,1
1149,570,0.8845631617864732,0.9011436550359012,1.6580493249428008,1,1
1150,570,0.9807813772427258,0.9894211555199058,0.8639778277179988,1,1
1151,570,0.9836834542030416,0.9925327811032175,0.8849326900175924,1,1
1152,570,0.9864475598773144,0.9975177929767396,1.107023309942523,1,1
1153,570,0.9928100507089955,0.9990866194633804,0.627656875438487,1,1
1154,570,0.9938231142209846,0.9997350915921149,0.5911977371130361,1,1
1155,570,0.9694547764763115,0.9869580266907898,1.7503250214478294,1,1
1156,570,0.9885073158938985,0.9999558498896247,1.1448533995726207,1,1
1157,570,0.9644269797584631,0.9786407705006542,1.421379074219109,1,1
1158,570,0.9708220460523741,0.9823654711330062,1.1543425080632108,1,1
1159,570,0.971767961845663,0.990749029915954,1.8981068070290985,1,1
1160,572,1.0,1.0,0.0,1,1
1161,572,1.0,1.0,0.0,1,1
1162,572,1.0,1.0,0.0,1,1
1163,572,1.0,1.0,0.0,1,1
1164,572,1.0,1.0,0.0,1,1
1165,572,0.9555349755083568,0.964745965966835,0.9210990458478285,1,1
1166,572,0.937686206488211,0.9607533453091206,2.3067138820909605,1,1
1167,572,0.9322772125247566,0.9547588924656387,2.2481679940882127,1,1
1168,572,0.9577697082278801,0.9661445613296467,0.8374853101766555,1,1
1169,572,0.9708486453562515,0.9819011322099477,1.1052486853696197,1,1
1170,572,0.9665452886448647,0.9803044794028519,1.375919075798726,1,1
1171,572,0.9313991807982045,0.948442653286284,1.704347248807947,1,1
1172,572,0.9823659788671936,0.9900540995920248,0.7688120724831271,1,1
1173,572,0.8880915746443514,0.913426430217998,2.5334855573646564,1,1
1174,572,0.8733842966456692,0.9009680132067793,2.758371656111014,1,1
1175,572,0.9947205991288329,0.9991233272043742,0.4402728075541318,1,1
1176,572,0.9829660784598133,0.9908707331654607,0.7904654705647385,1,1
1177,572,0.9873056997549423,0.9942344921552662,0.6928792400323847,1,1
1178,572,0.9973271887849405,0.9973050405729805,-0.0022148211960004716,1,1
1179,572,0.967687485791857,0.9811487047661617,1.3461218974304634,1,1
1180,572,1.0,1.0,0.0,1,1
1181,572,1.0,1.0,0.0,1,1
1182,572,1.0,1.0,0.0,1,1
1183,572,1.0,1.0,0.0,1,1
1184,572,1.0,1.0,0.0,1,1
1185,572,0.9908400658132207,0.9869620470568192,-0.387801875640148,1,1
1186,572,0.9906099655501193,0.9825036203116841,-0.810634523843512,1,1
1187,572,0.9879001078060455,0.9788673938481757,-0.9032713957869865,1,1
1188,572,0.9835126458218503,0.9752549512231459,-0.8257694598704401,1,1
1189,572,0.9945604757382113,0.9824913725641522,-1.206910317405907,1,1
1190,572,0.9367362404024974,0.950480426216008,1.3744185813510668,1,1
1191,572,0.958017674237917,0.9688906016851105,1.0872927447193592,1,1
1192,572,0.945811013190441,0.9586883494417069,1.2877336251265858,1,1
1193,572,0.9521653129728179,0.9630193573602066,1.0854044387388684,1,1
1194,572,0.9705363050180326,0.9753762927441437,0.4839987726111161,1,1
1195,572,0.9994613945578231,0.9998723064644852,0.041091190666209254,1,1
1196,572,0.9999354317998385,1.0,0.006456820016154108,1,1
1197,572,1.0,1.0,0.0,1,1
1198,572,1.0,1.0,0.0,1,1
1199,572,1.0,1.0,0.0,1,1
1200,574,0.7518946819453588,0.7483740268048457,-0.35206551405131403,1,1
1201,574,0.8112194460044939,0.8127118270982188,0.14923810937248483,1,1
1202,574,0.8277580427811287,0.8235491844603297,-0.42088583207990915,1,1
1203,574,0.8323780955550609,0.8266860285659025,-0.5692066989158473,1,1
1204,574,0.8440685581837433,0.8324919986009844,-1.1576559582758827,1,1
1205,574,0.9005279652978845,0.8660247640283181,-3.450320126956641,1,1
1206,574,0.908840664918932,0.8709557087498367,-3.7884956169095263,1,1
1207,574,0.9266367554024308,0.8789825259205202,-4.765422948191067,1,1
1208,574,0.9323353568904328,0.9052293102271822,-2.710604666325056,1,1
1209,574,0.9333100713870645,0.8726015842008674,-6.070848718619704,1,1
1210,574,0.9429967811781675,0.933230870511256,-0.976591066691157,1,1
1211,574,0.9284750688933472,0.9192948573771392,-0.9180211516207959,1,1
1212,574,0.9319152423860806,0.9258626739939025,-0.6052568392178048,1,1
1213,574,0.9441862260688951,0.9326647302472327,-1.1521495821662397,1,1
1214,574,0.9362898567653393,0.9299694081980484,-0.632044856729086,1,1
1215,574,0.9407711412573295,0.9342849414448062,-0.6486199812523297,1,1
1216,574,0.9799159642943054,0.9678939899059276,-1.202197438837782,1,1
1217,574,0.9796395904696518,0.9600864990411189,-1.9553091428532898,1,1
1218,574,0.9850665818489199,0.9666453075888347,-1.8421274260085219,1,1
1219,574,0.9923651601056073,0.9779262342609417,-1.443892584466555,1,1
1220,574,0.7835090731793023,0.6622010931515327,-12.130798002776954,1,1
1221,574,0.7724133038886322,0.6642943920870709,-10.811891180156131,1,1
1222,574,0.7989091426485415,0.7047203951922644,-9.418874745627715,1,1
1223,574,0.7963693289410501,0.7097173062265916,-8.66520227144585,1,1
1224,574,0.7908209186658627,0.7077348839464118,-8.308603471945087,1,1
1225,574,0.987478228339675,0.9994683026584867,1.1990074318811716,1,1
1226,574,0.9858217304443315,0.9973767432879576,1.1555012843626034,1,1
1227,574,0.9721862324510103,0.9943727077094725,2.218647525846218,1,1
1228,574,0.9779613953230879,0.9963719025114263,1.8410507188338365,1,1
1229,574,0.974073307257394,0.9901506751076088,1.607736785021474,1,1
1230,574,0.8808655145916837,0.8907325672723647,0.9867052680680999,1,1
1231,574,0.7940217386849637,0.798614826316104,0.45930876311403024,1,1
1232,574,0.7921127144033636,0.7905737568021416,-0.1538957601222024,1,1
1233,574,0.827646404250649,0.8443326864174824,1.6686282166833433,1,1
1234,574,0.8285713517532435,0.8600319342617729,3.1460582508529455,1,1
1235,576,1.0,1.0,0.0,1,1
1236,576,1.0,1.0,0.0,1,1
1237,576,1.0,1.0,0.0,1,1
1238,576,1.0,1.0,0.0,1,1
1239,576,1.0,1.0,0.0,1,1
1240,576,0.9934014590617977,1.0,0.6598540938202335,1,1
1241,576,1.0,1.0,0.0,1,1
1242,576,1.0,1.0,0.0,1,1
1243,576,1.0,1.0,0.0,1,1
1244,576,1.0,1.0,0.0,1,1
1245,576,0.9597580466317758,0.9565720811372099,-0.31859654945658455,1,1
1246,576,0.948599195294215,0.9499117876752969,0.1312592381081945,1,1
1247,576,0.950275440248904,0.9514292636735244,0.11538234246204482,1,1
1248,576,0.9538265656144506,0.9556252661228813,0.1798700508430784,1,1
1249,576,0.958029166388529,0.9557269791907834,-0.23021871977455532,1,1
1250,576,0.9938213466997907,0.9920611560760767,-0.17601906237140197,1,1
1251,576,0.9945757792418363,0.9929918480664431,-0.15839311753931273,1,1
1252,576,0.9744165490128971,0.9755148107806542,0.10982617677570694,1,1
1253,576,0.9870100437344361,0.9830353531122081,-0.39746906222279943,1,1
1254,576,0.9777375838310514,0.976060967494927,-0.16766163361243702,1,1
1255,576,1.0,1.0,0.0,1,1
1256,576,1.0,1.0,0.0,1,1
1257,576,1.0,1.0,0.0,1,1
1258,576,1.0,1.0,0.0,1,1
1259,576,1.0,1.0,0.0,1,1
1260,576,1.0,1.0,0.0,1,1
1261,576,0.9995781970649894,1.0,0.04218029350105956,1,1
1262,576,0.9986954484113759,1.0,0.1304551588624081,1,1
1263,576,0.9999558498896247,1.0,0.0044150110375285045,1,1
1264,576,1.0,1.0,0.0,1,1
1265,576,0.8530871849336378,0.8693623933137542,1.6275208380116424,1,1
1266,576,0.8787853182857844,0.8900475135973022,1.126219531151773,1,1
1267,576,0.8567836645702507,0.870992361381822,1.420869681157133,1,1
1268,576,0.8402016685541847,0.8575256912825002,1.732402272831557,1,1
1269,576,0.8561791466532259,0.8675128545773635,1.133370792413757,1,1
1270,578,0.6083439685869272,0.6103356120989623,0.19916435120350684,1,1
1271,578,0.6276934671535568,0.6237534159579169,-0.3940051195639893,1,1
1272,578,0.7536933977737524,0.6901191644075542,-6.357423336619828,1,1
1273,578,0.5804356337549443,0.6025284154905527,2.209278173560836,1,1
1274,578,0.567795551854044,0.5973660145058026,2.9570462651758667,1,1
1275,578,0.3092448217265605,0.3891750954078388,7.993027368127831,1,1
1276,578,0.305801750115628,0.43017889651745156,12.437714640182357,1,1
1277,578,0.408100931180768,0.5022584515318388,9.415752035107078,1,1
1278,578,0.3447929389420142,0.4043508873645824,5.955794842256823,1,1
1279,578,0.3850345305742665,0.4430596642255186,5.802513365125211,1,1
1280,578,0.8810810439534774,0.8219078136479626,-5.91732303055148,1,1
1281,578,0.8744590502604761,0.8075739526532335,-6.688509760724259,1,1
1282,578,0.8891028938264263,0.823315270838423,-6.5787622988003225,1,1
1283,578,0.9226171724700124,0.8796095660650053,-4.3007606405007115,1,1
1284,578,0.9121863789469339,0.8730060343995105,-3.9180344547423362,1,1
1285,578,0.7446933514232487,0.7103850778580422,-3.4308273565206493,1,1
1286,578,0.7482742910252145,0.7573723221574895,0.9098031132275031,1,1
1287,578,0.7709331233369807,0.7248484885859309,-4.608463475104985,1,1
1288,578,0.8256251989281554,0.804953164159276,-2.0672034768879466,1,1
1289,578,0.8212057890760497,0.773786080338248,-4.741970873780166,1,1
1290,578,0.6367108041516377,0.4796832149906677,-15.702758916097004,1,1
1291,578,0.5557232470180622,0.4754689295018541,-8.02543175162081,1,1
1292,578,0.6037520504864554,0.48430596962678896,-11.944608085966646,1,1
1293,578,0.5920983604674043,0.4448512777763452,-14.724708269105907,1,1
1294,578,0.6067049149195751,0.45906213167144244,-14.764278324813269,1,1
1295,578,0.8601421553590703,0.7872724682652104,-7.286968709385999,1,1
1296,578,0.8320897973952697,0.7380569071426192,-9.40328902526505,1,1
1297,578,0.8599952505794042,0.7706975348352206,-8.929771574418355,1,1
1298,578,0.8169658259968818,0.7267165154056923,-9.024931059118957,1,1
1299,578,0.8655071127873042,0.7974094560025959,-6.809765678470825,1,1
1300,578,0.8992188535173272,0.8926895839728807,-0.6529269544446548,1,1
1301,578,0.8980093259019818,0.8987088472100044,0.06995213080226437,1,1
1302,578,0.8833657485646059,0.8836133707107157,0.02476221461097383,1,1
1303,578,0.8622082352838822,0.8636055261394027,0.13972908555204278,1,1
1304,578,0.8805470422410037,0.8833681814913047,0.282113925030103,1,1
1305,578,0.7343891380451908,0.757729217813005,2.334007976781416,1,1
1306,578,0.7815173634288983,0.7908944900687828,0.9377126639884437,1,1
1307,578,0.7807944323706352,0.7727383909965345,-0.8056041374100653,1,1
1308,578,0.79005910282598,0.8019029754240478,1.184387259806774,1,1
1309,578,0.8404562314480284,0.839993998808672,-0.0462232639356408,1,1
1310,580,0.6015132133331523,0.6978549700264113,9.634175669325895,4,1
1311,580,0.6857492324290448,0.7310620272095798,4.531279478053496,1,1
1312,580,0.6200203742247192,0.7037492414845707,8.37288672598515,1,1
1313,580,0.6137947542316171,0.6959820258008477,8.218727156923055,1,1
1314,580,0.5840834969920806,0.6737087115766933,8.96252145846127,3,1
1315,580,0.42897049938329707,0.41700520178800826,-1.1965297595288804,32,42
1316,580,0.4904378696557545,0.4765673800688155,-1.3870489586938983,11,10
1317,580,0.5262303627739123,0.5151030682801596,-1.1127294493752715,12,12
1318,580,0.5101297016218649,0.5004707401896392,-0.9658961432225666,11,11
1319,580,0.5014833767750966,0.49172381639115,-0.9759560383946597,13,12
1320,580,0.887586586480048,0.8984691411768738,1.0882554696825864,1,1
1321,580,0.8777302381090556,0.8822990367978089,0.45687986887532617,1,1
1322,580,0.8964977788580383,0.8919746926698,-0.4523086188238268,1,1
1323,580,0.924945935811052,0.9262341099854791,0.12881741744270592,1,1
1324,580,0.9053357402331295,0.9091514570415914,0.3815716808461933,1,1
1325,580,0.8647397792100686,0.8586552501222185,-0.6084529087850066,1,1
1326,580,0.84324447887412,0.8424366255110497,-0.08078533630703211,1,1
1327,580,0.8650078610082,0.859686615340805,-0.5321245667395003,1,1
1328,580,0.8547840938338692,0.8391588084655106,-1.562528536835861,1,1
1329,580,0.8647745985821833,0.8567409082979338,-0.8033690284249495,1,1
1330,580,0.8822405388535542,0.9044407569805516,2.220021812699735,1,1
1331,580,0.8974764114069225,0.925175912056508,2.7699500649585485,1,1
1332,580,0.8716934017150385,0.8943825319699512,2.2689130254912704,1,1
1333,580,0.8354430466045615,0.8262526752416001,-0.9190371362961414,1,1
1334,580,0.8142174774939143,0.8354788089866417,2.1261331492727464,1,1
1335,580,0.9232679158105296,0.9044048321239845,-1.8863083686545101,1,1
1336,580,0.8774224474472527,0.8592627929324482,-1.8159654514804502,1,1
1337,580,0.8662224871881027,0.841601791110852,-2.4620696077250703,1,1
1338,580,0.9151597637269407,0.8905756433364436,-2.4584120390497177,1,1
1339,580,0.9101872694026795,0.8819549337943551,-2.823233560832439,1,1
1340,580,0.8806505564847869,0.8562228141407474,-2.442774234403944,1,1
1341,580,0.8561200561585973,0.8318201980116549,-2.4299858146942466,1,1
1342,580,0.8955587584798888,0.8696163550069861,-2.5942403472902664,1,1
1343,580,0.8804784342702477,0.858649492357595,-2.182894191265272,1,1
1344,580,0.8829423558717541,0.8596654109206882,-2.3276944951065914,1,1
1345,580,0.8686663760535817,0.8683992064734795,-0.026716958010220004,1,1
1346,580,0.8696123944117062,0.8675567879955536,-0.20556064161526555,1,1
1347,580,0.8524008619910689,0.8501904562881223,-0.22104057029466162,1,1
1348,580,0.8772435955689785,0.8767672862336453,-0.04763093353331582,1,1
1349,580,0.8791275133393929,0.8793728821034129,0.02453687640200375,1,1
1350,582,0.9190361497863607,0.9292961418330911,1.0259992046730337,1,1
1351,582,0.926549128394043,0.9345712176417176,0.8022089247674558,1,1
1352,582,0.9297761594189472,0.9514824821292303,2.1706322710283055,1,1
1353,582,0.9354771210323739,0.9491970299409309,1.371990890855701,1,1
1354,582,0.9252537619221357,0.9483511461646095,2.309738424247376,1,1
1355,582,0.8222239834803546,0.8303782692265808,0.815428574622612,1,1
1356,582,0.7923216286567465,0.813100802275791,2.0779173619044466,1,1
1357,582,0.792321543513052,0.8144933829342562,2.2171839421204265,1,1
1358,582,0.7569306716325432,0.7968611091110313,3.9930437478488012,1,1
1359,582,0.729597233402942,0.7695249624719204,3.9927729068978346,1,1
1360,582,0.20011725946695402,0.20351202859007422,0.33947691231202004,1,1
1361,582,0.1814187409637505,0.18287642693436892,0.1457685970618433,1,1
1362,582,0.1722492808899894,0.17596509973805594,0.37158188480665433,4,1
1363,582,0.26300489544298233,0.2570541504150907,-0.5950745027891613,1,1
1364,582,0.2583956382292553,0.2533884476756804,-0.5007190553574903,1,1
1365,582,0.9569808212538727,0.946498801980792,-1.048201927308079,1,1
1366,582,0.9547359967450098,0.9432211484095914,-1.1514848335418382,1,1
1367,582,0.9614896242933355,0.952688580560637,-0.8801043732698521,1,1
1368,582,0.9495231906776082,0.9429597498718876,-0.6563440805720577,1,1
1369,582,0.9575093017984491,0.9608627016639906,0.33533998655415065,1,1
1370,582,0.9148509104324736,0.9236456834336988,0.879477300122522,1,1
1371,582,0.9151267297086432,0.9260678981486022,1.094116843995907,1,1
1372,582,0.9206229901500091,0.9297159704363753,0.9092980286366181,1,1
1373,582,0.9177314488840761,0.9252726258108473,0.7541176926771254,1,1
1374,582,0.9052394159811833,0.9174599119418456,1.2220495960662325,1,1
1375,582,0.8902102990229677,0.8920880558539881,0.18777568310204273,1,1
1376,582,0.8939692881738496,0.8984976973667532,0.45284091929036485,1,1
1377,582,0.8986133153274585,0.9045609688415932,0.5947653514134732,1,1
1378,582,0.921147197868801,0.9279132655369436,0.6766067668142695,1,1
1379,582,0.9205500829599058,0.9164166687900177,-0.41334141698881055,1,1
1380,582,0.8361892485213193,0.8475274547142044,1.133820619288517,1,1
1381,582,0.8267633539533378,0.8496479663212836,2.288461236794581,1,1
1382,582,0.8684145984510214,0.8724795985118219,0.4065000060800461,1,1
1383,582,0.8401246636607483,0.868954740158488,2.883007649773961,1,1
1384,582,0.893236933734245,0.896131095148788,0.2894161414543017,1,1
1385,582,0.8750108313628965,0.8895043990857758,1.4493567722879352,1,1
1386,582,0.8909173566596574,0.8987626548296381,0.7845298169980697,1,1
1387,582,0.8769486384855739,0.8854518075337855,0.8503169048211578,1,1
1388,582,0.9005468668072393,0.9111676288132555,1.0620762006016249,1,1
1389,582,0.877982807447108,0.8835371676735001,0.5554360226392108,1,1
1390,584,0.6463814936732712,0.6132233379270372,-3.315815574623404,1,1
1391,584,0.6500707765111026,0.6216987284658264,-2.8372048045276155,1,1
1392,584,0.6885442326336262,0.672414061241764,-1.6130171391862236,1,1
1393,584,0.6297523050807141,0.604383761886613,-2.536854319410109,1,1
1394,584,0.6929219173688922,0.6777045359483287,-1.5217381420563503,1,1
1395,584,0.9435482722384843,0.9485417498757706,0.4993477637286303,1,1
1396,584,0.9249624588847165,0.9235803135447525,-0.13821453399640582,1,1
1397,584,0.7310797746516221,0.7177724458553054,-1.3307328796316686,1,1
1398,584,0.8873797826383664,0.8313939722380214,-5.5985810400345,1,1
1399,584,0.8686535084490284,0.8087878811182142,-5.986562733081424,1,1
1400,584,0.7071430645537419,0.7086167126246162,0.1473648070874356,1,1
1401,584,0.7261526446209283,0.7206109878588932,-0.5541656762035108,1,1
1402,584,0.7140926274073554,0.709981210831931,-0.41114165754243537,1,1
1403,584,0.7446492482675419,0.7340709998594507,-1.0578248408091184,1,1
1404,584,0.7330982633629772,0.7373966523224759,0.42983889594986335,1,1
1405,584,0.7857079158934159,0.7583800691672593,-2.7327846726156624,1,1
1406,584,0.7682873521235365,0.7361962793549118,-3.209107276862466,1,1
1407,584,0.7684727693912692,0.7424896691817048,-2.5983100209564403,1,1
1408,584,0.6845976564019249,0.629207828409636,-5.538982799228897,1,1
1409,584,0.7338281750533562,0.6909249182789746,-4.290325677438156,1,1
1410,584,0.8065017588671693,0.8086395921444887,0.2137833277319312,1,1
1411,584,0.8143601833977524,0.8166934354736026,0.2333252075850223,1,1
1412,584,0.8019225906959869,0.8008234881268186,-0.1099102569168342,1,1
1413,584,0.8090619624437246,0.8086425463647459,-0.041941607897877375,1,1
1414,584,0.7994378199124522,0.7952918624195061,-0.4145957492946106,1,1
1415,584,0.967625374375804,0.9759587427003338,0.83333683245298,1,1
1416,584,0.9698966355182413,0.981993874727997,1.2097239209755695,1,1
1417,584,0.950097009585103,0.963763895446424,1.3666885861321032,1,1
1418,584,0.9144731214404149,0.9443413388584785,2.986821741806356,1,1
1419,584,0.9478997287223283,0.9628334003922984,1.4933671669970061,1,1
1420,584,0.25500052221585656,0.3185208973533934,6.352037513753683,1,1
1421,584,0.39668600903669,0.41648544937091175,1.9799440334221763,1,1
1422,584,0.24277571931725586,0.3097258211136307,6.695010179637481,5,1
1423,584,0.2609163124780108,0.3487993055099093,8.78829930318985,1,1
1424,584,0.4390130078808977,0.47264694449184064,3.363393661094294,1,1
1425,584,0.6893957412260004,0.6893023015867964,-0.009343963920405152,1,1
1426,584,0.7193624060792657,0.7328103029485629,1.344789686929715,1,1
1427,584,0.7369871073117542,0.737562537309647,0.05754299978928401,1,1
1428,584,0.7087797448347547,0.7097604841702038,0.09807393354490657,1,1
1429,584,0.694878872853183,0.6985064742209492,0.36276013677662977,1,1
1430,586,1.0,1.0,0.0,1,1
1431,586,1.0,1.0,0.0,1,1
1432,586,1.0,1.0,0.0,1,1
1433,586,1.0,1.0,0.0,1,1
1434,586,1.0,1.0,0.0,1,1
1435,586,1.0,1.0,0.0,1,1
1436,586,1.0,1.0,0.0,1,1
1437,586,1.0,1.0,0.0,1,1
1438,586,1.0,1.0,0.0,1,1
1439,586,1.0,1.0,0.0,1,1
1440,586,1.0,1.0,0.0,1,1
1441,586,1.0,1.0,0.0,1,1
1442,586,1.0,1.0,0.0,1,1
1443,586,1.0,1.0,0.0,1,1
1444,586,1.0,1.0,0.0,1,1
1445,586,1.0,1.0,0.0,1,1
1446,586,1.0,1.0,0.0,1,1
1447,586,1.0,1.0,0.0,1,1
1448,586,1.0,1.0,0.0,1,1
1449,586,1.0,1.0,0.0,1,1
1450,586,1.0,1.0,0.0,1,1
1451,586,1.0,1.0,0.0,1,1
1452,586,1.0,1.0,0.0,1,1
1453,586,1.0,1.0,0.0,1,1
1454,586,1.0,1.0,0.0,1,1
1455,586,1.0,1.0,0.0,1,1
1456,586,1.0,1.0,0.0,1,1
1457,586,1.0,1.0,0.0,1,1
1458,586,1.0,1.0,0.0,1,1
1459,586,1.0,1.0,0.0,1,1
1460,586,1.0,1.0,0.0,1,1
1461,586,1.0,1.0,0.0,1,1
1462,586,1.0,1.0,0.0,1,1
1463,586,1.0,1.0,0.0,1,1
1464,586,1.0,1.0,0.0,1,1
1465,586,1.0,1.0,0.0,1,1
1466,586,1.0,1.0,0.0,1,1
1467,586,1.0,1.0,0.0,1,1
1468,586,1.0,1.0,0.0,1,1
1469,586,1.0,1.0,0.0,1,1
1470,588,0.9018272598444964,0.9092000008286949,0.7372740984198489,1,1
1471,588,0.8941484781785646,0.9050980439624415,1.0949565783876958,1,1
1472,588,0.892005827410191,0.9046076602661444,1.2601832855953399,1,1
1473,588,0.8908395619567007,0.9049121706969312,1.407260874023053,1,1
1474,588,0.8884770706524344,0.8991147713099391,1.063770065750469,1,1
1475,588,0.7929646486132246,0.7870021754720891,-0.5962473141135516,1,1
1476,588,0.8060398769470898,0.801625038804136,-0.44148381429537364,1,1
1477,588,0.7923859455292599,0.7887469189465625,-0.36390265826974355,1,1
1478,588,0.7956855341739616,0.779755223531102,-1.5930310642859546,1,1
1479,588,0.8014312883266784,0.7896337049523291,-1.179758337434933,1,1
1480,588,0.8411128856586304,0.8473014960875527,0.618861042892227,1,1
1481,588,0.8512470036493182,0.8596953280853199,0.8448324436001742,1,1
1482,588,0.8708105308982909,0.8778875854511758,0.7077054552884987,1,1
1483,588,0.8730175538461133,0.8786206607038433,0.5603106857729911,1,1
1484,588,0.8296943953713143,0.8365028483401546,0.6808452968840362,1,1
1485,588,0.5926835965135314,0.6011664363905459,0.8482839877014481,1,1
1486,588,0.6041437732147368,0.6148773248058578,1.0733551591120993,1,1
1487,588,0.5436810189893698,0.549563798017221,0.588277902785117,1,1
1488,588,0.5672731327509213,0.5718398101326534,0.45666773817321094,1,1
1489,588,0.5711825028548452,0.5595318611668428,-1.165064168800234,1,1
1490,588,0.8620998273104533,0.8489408503650986,-1.3158976945354728,1,1
1491,588,0.8662776070635183,0.8531994835556217,-1.307812350789661,1,1
1492,588,0.884684669337446,0.8712676023893959,-1.3417066948050116,1,1
1493,588,0.8937108823403025,0.8866636837556006,-0.704719858470193,1,1
1494,588,0.8793121451223007,0.8534770194411526,-2.5835125681148097,1,1
1495,588,0.9434837864871087,0.9342955442770248,-0.9188242210083963,1,1
1496,588,0.9747373741591182,0.9790953253904566,0.43579512313384194,1,1
1497,588,0.9494819989841056,0.9381519837336018,-1.133001525050381,1,1
1498,588,0.9789191079545784,0.9889200336535741,1.0000925698995689,1,1
1499,588,0.9680538708575974,0.9740803370247574,0.6026466167159961,1,1
1500,588,0.8974524300818146,0.8928784483621222,-0.4573981719692477,1,1
1501,588,0.8748209182983169,0.8717829234399616,-0.30379948583553196,1,1
1502,588,0.8895996077813416,0.8884982062545669,-0.11014015267747368,1,1
1503,588,0.8947410616540079,0.8869683931607152,-0.7772668493292723,1,1
1504,588,0.8866130779631807,0.8734922839918358,-1.3120793971344913,1,1
1505,588,0.7816167897687634,0.793682638135489,1.206584836672564,1,1
1506,588,0.7661490773576736,0.7744663025933868,0.831722523571321,1,1
1507,588,0.7904454710790944,0.8008035502623475,1.0358079183253155,1,1
1508,588,0.7763897703564681,0.7923843620924369,1.5994591735968844,1,1
1509,588,0.7582657097534856,0.7732940604082338,1.5028350654748168,1,1
1510,590,0.9880195823739587,0.993400597629964,0.5381015256005317,1,1
1511,590,0.9798957786261447,0.9866821506954561,0.6786372069311319,1,1
1512,590,0.993483030741756,0.9969452546327598,0.3462223891003813,1,1
1513,590,1.0,0.9999114054451803,-0.008859455481968759,1,1
1514,590,1.0,1.0,0.0,1,1
1515,590,1.0,1.0,0.0,1,1
1516,590,1.0,0.999823980481004,-0.017601951899604007,1,1
1517,590,1.0,0.9990112629202463,-0.09887370797536654,1,1
1518,590,0.998217192594467,0.9955132058106048,-0.2703986783862189,1,1
1519,590,0.9999122807017545,0.99799754366278,-0.191473703897449,1,1
1520,590,0.9572256103893392,0.9588282112865826,0.16026008972434003,1,1
1521,590,0.9798421983686849,0.9794953021908619,-0.03468961778230195,1,1
1522,590,0.9569890038919406,0.9585388865529326,0.15498826609919858,1,1
1523,590,0.9302768372798683,0.9338878238407629,0.3610986560894536,1,1
1524,590,0.9147456547203903,0.9178332594368843,0.30876047164940523,1,1
1525,590,1.0,1.0,0.0,1,1
1526,590,1.0,1.0,0.0,1,1
1527,590,1.0,1.0,0.0,1,1
1528,590,1.0,1.0,0.0,1,1
1529,590,1.0,1.0,0.0,1,1
1530,590,0.9982216985496118,1.0,0.17783014503881533,1,1
1531,590,0.9980524321224863,1.0,0.19475678775137117,1,1
1532,590,0.9964003672028696,0.9999122807017545,0.3511913498884911,1,1
1533,590,0.9954683361656187,0.9997376526530889,0.42693164874701983,1,1
1534,590,0.9943429276286093,0.9997376526530889,0.5394725024479574,1,1
1535,590,0.997899526121325,0.9997800938720007,0.1880567750675688,1,1
1536,590,0.9898034333909669,0.9955193915653043,0.5715958174337454,1,1
1537,590,0.9984548292363972,0.9983446321463507,-0.011019709004644884,1,1
1538,590,0.9996487518317377,0.9998666627158738,0.021791088413603,1,1
1539,590,0.9998666627158738,1.0,0.013333728412623369,1,1
1540,590,1.0,1.0,0.0,1,1
1541,590,1.0,1.0,0.0,1,1
1542,590,1.0,1.0,0.0,1,1
1543,590,1.0,1.0,0.0,1,1
1544,590,1.0,1.0,0.0,1,1
1545,592,0.8242301856964745,0.6140968222499116,-21.013336344656295,1,1
1546,592,0.8763842976836309,0.650901642432036,-22.548265525159493,1,1
1547,592,0.8539436357680955,0.6535132251223249,-20.04304106457706,1,1
1548,592,0.8445006060489416,0.6706204598243737,-17.388014622456794,1,1
1549,592,0.8669104639190244,0.7135174818520478,-15.33929820669766,1,1
1550,592,0.99269632368752,0.9958419519679689,0.3145628280448842,1,1
1551,592,0.9875709006470366,0.9991793319559397,1.16084313089031,1,1
1552,592,0.9341785643100005,0.9291715051163808,-0.5007059193619656,1,1
1553,592,0.9524295273109111,0.997019511308892,4.458998399798086,1,1
1554,592,1.0,1.0,0.0,1,1
1555,592,0.4993379981590566,0.3245525484175409,-17.47854497415157,1,53
1556,592,0.5668251624646469,0.38681829333522616,-18.000686912942072,1,3
1557,592,0.5831036273482486,0.5461080035135225,-3.69956238347261,1,1
1558,592,0.5765252262624614,0.46701370396977876,-10.951152229268263,1,1
1559,592,0.5714816256007517,0.4503810033020982,-12.110062229865349,1,1
1560,592,0.8530336957817394,0.8163369660762059,-3.6696729705533504,1,1
1561,592,0.8565210945554423,0.8269119725486034,-2.960912200683896,1,1
1562,592,0.8597168073718391,0.8495372029899506,-1.0179604381888474,1,1
1563,592,0.8600127305786325,0.8431215959699061,-1.6891134608726377,1,1
1564,592,0.8318065295627227,0.7898355665511689,-4.197096301155378,1,1
1565,592,1.0,0.9832959787270582,-1.6704021272941794,1,1
1566,592,0.9968642445341196,0.9592468449566042,-3.761739957751542,1,1
1567,592,0.8978208895263399,0.9413105062515023,4.348961672516238,1,1
1568,592,0.8873354874659843,0.9194975977526344,3.216211028665006,1,1
1569,592,0.9558901345416727,0.9500191491095542,-0.5870985432118503,1,1
1570,592,0.9040083308073621,0.8697609625039165,-3.4247368303445547,1,1
1571,592,0.9057446941421211,0.8701397312856949,-3.5604962856426225,1,1
1572,592,0.902926826996515,0.866327082844875,-3.6599744151640023,1,1
1573,592,0.916128589843732,0.8678416351568956,-4.828695468683641,1,1
1574,592,0.9202999065684894,0.8820667037002614,-3.8233202868227956,1,1
1575,594,0.9499466576937897,0.9219522581300822,-2.799439956370753,1,1
1576,594,0.9459158956034794,0.9129409369070398,-3.2974958696439627,1,1
1577,594,0.9230398450743333,0.8969080981832374,-2.6131746891095986,1,1
1578,594,0.9052386254448349,0.8788286689351659,-2.640995650966904,1,1
1579,594,0.9085681926165174,0.8833292256017732,-2.5238967014744262,1,1
1580,594,1.0,1.0,0.0,1,1
1581,594,1.0,1.0,0.0,1,1
1582,594,1.0,1.0,0.0,1,1
1583,594,1.0,1.0,0.0,1,1
1584,594,1.0,1.0,0.0,1,1
1585,594,0.8524430612224873,0.8181457228141937,-3.429733840829352,1,1
1586,594,0.8769059766862669,0.8423082076329094,-3.459776905335754,1,1
1587,594,0.8685827865395847,0.8415407489002575,-2.704203763932711,1,1
1588,594,0.8883887331901595,0.8588294815753192,-2.95592516148403,1,1
1589,594,0.9062381926988589,0.8737545670555326,-3.2483625643326297,1,1
1590,594,0.9469989536757248,0.9013220656429195,-4.567688803280534,1,1
1591,594,0.9525732209408371,0.9043111323292006,-4.82620886116365,1,1
1592,594,0.9462136558900182,0.8979749525328251,-4.823870335719304,1,1
1593,594,0.933122155605422,0.8851197043835994,-4.800245122182256,1,1
1594,594,0.9264303335818931,0.8813582345731282,-4.507209900876486,1,1
1595,594,1.0,0.9937892632884817,-0.6210736711518283,1,1
1596,594,1.0,0.9924306420123064,-0.7569357987693648,1,1
1597,594,1.0,0.9939146981511594,-0.6085301848840596,1,1
1598,594,1.0,0.995012715680574,-0.49872843194259664,1,1
1599,594,1.0,0.9948406635906181,-0.5159336409381932,1,1
1600,594,0.8346963741615555,0.6828312811044132,-15.186509305714235,1,1
1601,594,0.8959053732657556,0.7433693903361348,-15.253598292962078,1,1
1602,594,0.9015855016564148,0.7617837536513891,-13.980174800502576,1,1
1603,594,0.9254388537947419,0.8427781139305256,-8.26607398642163,1,1
1604,594,0.8687248812504873,0.6661560927701093,-20.256878848037797,1,1
1605,594,0.730681476659153,0.6847407739648005,-4.594070269435246,1,1
1606,594,0.7325612504388522,0.6571798295363617,-7.538142090249056,1,1
1607,594,0.7754327500716357,0.7169765695652296,-5.845618050640611,1,1
1608,594,0.9127574373150482,0.866565633331763,-4.619180398328526,1,1
1609,594,0.7892299287146265,0.7510233403904643,-3.820658832416224,1,1
1610,596,0.9857395515294785,0.9910101813226009,0.5270629793122428,1,1
1611,596,0.9896070996944679,0.9957186256948005,0.6111526000332601,1,1
1612,596,0.9757297433683381,0.9879611346333538,1.2231391265015712,1,1
1613,596,0.9734869076859799,0.9907194302123837,1.7232522526403837,1,1
1614,596,0.9781501632192999,0.9934927230064567,1.5342559787156818,1,1
1615,596,0.7300922827010126,0.8263862428942664,9.629396019325387,1,1
1616,596,0.6905676438078016,0.7753474170010113,8.477977319320972,1,1
1617,596,0.7605861497586006,0.8128113618728724,5.222521211427178,1,1
1618,596,0.7243100593421743,0.801674579576218,7.736452023404372,1,1
1619,596,0.6991048663056761,0.7928793992754832,9.37745329698071,1,1
1620,596,0.9960302823970111,0.9996780515668406,0.3647769169829562,1,1
1621,596,0.9871160693957635,0.9915621422494268,0.44460728536633853,1,1
1622,596,0.9567563865358274,0.963697310620359,0.6940924084531619,1,1
1623,596,0.9492768393592824,0.9592318905649738,0.9955051205691401,1,1
1624,596,0.9701793484028525,0.9797500286703881,0.9570680267535603,1,1
1625,596,0.9760922485485118,1.0,2.3907751451488157,1,1
1626,596,0.9798292586631443,1.0,2.01707413368557,1,1
1627,596,0.9948842615368985,1.0,0.5115738463101538,1,1
1628,596,0.9987318144695873,1.0,0.12681855304127465,1,1
1629,596,0.9989635892713318,1.0,0.10364107286682245,1,1
1630,596,0.9706104613634637,0.9737501836678756,0.31397223044118405,1,1
1631,596,0.9727017346214111,0.9757090187580599,0.3007284136648858,1,1
1632,596,0.9780778122486111,0.9766110094850342,-0.14668027635769132,1,1
1633,596,0.9868742840249505,0.991350824482639,0.4476540457688527,1,1
1634,596,0.9802430243094865,0.9822575740918051,0.2014549782318631,1,1
1635,596,0.9925733480896426,0.9983934559100154,0.5820107820372789,1,1
1636,596,0.9897883424268188,0.9979847020162878,0.819635958946896,1,1
1637,596,1.0,1.0,0.0,1,1
1638,596,1.0,1.0,0.0,1,1
1639,596,1.0,1.0,0.0,1,1
1640,596,0.9406350763810727,0.9692257432086273,2.8590666827554623,1,1
1641,596,0.9834579225874985,0.9981507528593254,1.4692830271826884,1,1
1642,596,0.9861658836643099,0.9997427455042877,1.357686183997775,1,1
1643,596,0.9702609528570016,0.9956859617484124,2.542500889141075,1,1
1644,596,0.9654635033908374,0.9915840804308924,2.6120577040054993,1,1
1645,596,1.0,1.0,0.0,1,1
1646,596,1.0,1.0,0.0,1,1
1647,596,1.0,1.0,0.0,1,1
1648,596,1.0,1.0,0.0,1,1
1649,596,1.0,1.0,0.0,1,1
1650,598,1.0,0.9986650251617541,-0.13349748382458504,1,1
1651,598,1.0,1.0,0.0,1,1
1652,598,1.0,1.0,0.0,1,1
1653,598,1.0,1.0,0.0,1,1
1654,598,1.0,1.0,0.0,1,1
1655,598,0.7941643677035626,0.7941167951984061,-0.004757250515652345,1,1
1656,598,0.8371388146109695,0.8077218842890868,-2.941693032188275,1,1
1657,598,0.8106809386199313,0.8001106232638955,-1.0570315356035809,1,1
1658,598,0.64270543789395,0.620114260976494,-2.2591176917455935,1,1
1659,598,0.8023177755947125,0.7919522416425234,-1.0365533952189088,1,1
1660,598,0.7601687963870128,0.5708113270065363,-18.93574693804766,1,1
1661,598,0.7352806211285652,0.5748583949861544,-16.042222614241076,1,1
1662,598,0.7545068414927824,0.5705457222356827,-18.396111925709967,1,1
1663,598,0.7514848561381325,0.5940408194089534,-15.744403672917917,1,1
1664,598,0.639413854533014,0.5379842732705811,-10.142958126243295,1,1
1665,598,0.793934535289418,0.6268014136925801,-16.71331215968379,1,1
1666,598,0.7335787538928743,0.6250355995692809,-10.854315432359341,1,1
1667,598,0.7682939793405832,0.6596452329647639,-10.864874637581934,1,1
1668,598,0.686226331738907,0.5881092964001148,-9.811703533879223,1,1
1669,598,0.7518160017604284,0.630267077351264,-12.154892440916443,1,1
1670,598,0.7332288089993068,0.616972018478572,-11.62567905207348,1,1
1671,598,0.7813676694298154,0.6792452496011921,-10.212241982862324,1,1
1672,598,0.7901466629435479,0.7054975571389706,-8.46491058045773,1,1
1673,598,0.7889007646136473,0.7116722087143414,-7.722855589930589,1,1
1674,598,0.7954452066923625,0.7420450520440949,-5.340015464826764,1,1
1675,600,0.9998412698412699,0.9999675324675324,0.012626262626258544,1,1
1676,600,0.99972049689441,1.0,0.027950310558999547,1,1
1677,600,1.0,1.0,0.0,1,1
1678,600,0.999264080630263,0.9995488721804512,0.028479155018823477,1,1
1679,600,0.9996620583717358,1.0,0.03379416282641712,1,1
1680,600,0.9990026954177897,0.9998723064644852,0.08696110466954732,1,1
1681,600,0.9985592185592186,0.9994139194139195,0.08547008547009627,1,1
1682,600,0.9890065139627544,0.9985660696675142,0.9559555704759748,1,1
1683,600,0.998808256567278,0.99972049689441,0.09122403271319968,1,1
1684,600,0.9640099640974412,0.9741056366536528,1.0095672556211577,1,1
1685,600,1.0,1.0,0.0,1,1
1686,600,1.0,1.0,0.0,1,1
1687,600,1.0,1.0,0.0,1,1
1688,600,1.0,1.0,0.0,1,1
1689,600,1.0,1.0,0.0,1,1
1690,600,1.0,1.0,0.0,1,1
1691,600,1.0,1.0,0.0,1,1
1692,600,0.9990028371044952,0.9989711662630114,-0.003167084148381072,1,1
1693,600,0.9988877187484193,0.9986629597555536,-0.022475899286567014,1,1
1694,600,0.8752955886799412,0.9044230464980769,2.912745781813575,1,1
1695,600,1.0,1.0,0.0,1,1
1696,600,1.0,1.0,0.0,1,1
1697,600,1.0,1.0,0.0,1,1
1698,600,1.0,1.0,0.0,1,1
1699,600,0.9997802197802197,1.0,0.02197802197803078,1,1
1700,600,0.9999675324675324,0.9993362193362194,-0.06313131313130382,1,1
1701,600,0.9994670614359734,0.9992857142857143,-0.018134715025908132,1,1
1702,600,0.9992857142857143,0.9987104930467763,-0.057522123893805066,1,1
1703,600,0.9992857142857143,0.9992857142857143,0.0,1,1
1704,600,1.0,1.0,0.0,1,1
1705,600,0.9993838687467463,1.0,0.061613125325366,1,1
1706,600,0.9991755622938913,1.0,0.08244377061087382,1,1
1707,600,0.9999354317998385,1.0,0.006456820016154108,1,1
1708,600,0.998956977183653,1.0,0.10430228163470501,1,1
1709,600,0.9968913771821292,1.0,0.3108622817870832,1,1
1710,600,1.0,1.0,0.0,1,1
1711,600,1.0,1.0,0.0,1,1
1712,600,1.0,1.0,0.0,1,1
1713,600,1.0,1.0,0.0,1,1
1714,600,1.0,1.0,0.0,1,1
