query_index,identity,control_ap,candidate_ap,delta_ap_points,control_first_rank,candidate_first_rank
0,502,0.4195329593120815,0.42240253869223565,0.28695793801541414,1,1
1,502,0.3998152571581745,0.40467447259703426,0.4859215438859754,1,1
2,502,0.41861280752853497,0.42249958952468286,0.3886781996147892,1,1
3,502,0.4021303705332623,0.4050160319738656,0.28856614406033154,1,1
4,502,0.4071260882556749,0.40940947088380847,0.22833826281335456,1,1
5,502,0.28045794741390634,0.28157065071361104,0.11127032997046982,1,1
6,502,0.29625298773979786,0.29825902051322617,0.20060327734283123,1,1
7,502,0.2914984325837349,0.29403119661305593,0.2532764029321011,1,1
8,502,0.3116567506328515,0.3134958909013604,0.18391402685088987,1,1
9,502,0.3372795569568485,0.3403135170287577,0.30339600719091475,1,1
10,502,0.6467801343239171,0.6455996368766467,-0.11804974472704455,1,1
11,502,0.6158866224130991,0.6165363097180016,0.06496873049024465,1,1
12,502,0.5980378008079265,0.5990736689424235,0.10358681344970755,1,1
13,502,0.6531370094643049,0.6553541367715522,0.2217127307247324,1,1
14,502,0.6401357633418933,0.6406557122973812,0.05199489554879033,1,1
15,502,0.6282251679720133,0.633260446032094,0.5035278060080639,1,1
16,502,0.6312116557888334,0.6360822028435916,0.4870547054758201,1,1
17,502,0.632966490557042,0.6374561276088991,0.44896370518571205,1,1
18,502,0.6282463006475135,0.6317832907928784,0.35369901453649044,1,1
19,502,0.6320327925129282,0.6360829573620479,0.4050164849119686,1,1
20,502,0.7355616516949437,0.7407093073395259,0.5147655644582194,1,1
21,502,0.7290565613843529,0.735792361785081,0.6735800400728076,1,1
22,502,0.7333174880356947,0.7418686805518421,0.8551192516147332,1,1
23,502,0.7501379597685552,0.7545114738691621,0.43735141006068234,1,1
24,502,0.76650896058563,0.7743594591280695,0.7850498542439466,1,1
25,502,0.8561425536118109,0.8584319377048518,0.22893840930409137,1,1
26,502,0.8230149206214317,0.8239863232741595,0.09714026527278818,1,1
27,502,0.8168907164220303,0.8181266755758775,0.12359591538472214,1,1
28,502,0.8280146286582486,0.8294941712199412,0.14795425616925817,1,1
29,502,0.815567138853034,0.8170806607993294,0.1513521946295393,1,1
30,502,0.6983914459984477,0.704427575875397,0.6036129876949237,1,1
31,502,0.6547850934287148,0.6656214185790039,1.0836325150289094,1,1
32,502,0.6763613439054569,0.6860206118558504,0.9659267950393513,1,1
33,502,0.6847585361326414,0.6918150126775042,0.7056476544862855,1,1
34,502,0.6511997887312595,0.6521485410090516,0.09487522777921198,1,1
35,502,0.8715382204152853,0.8850792029152325,1.3540982499947174,1,1
36,502,0.8871811715552732,0.9011877270085722,1.4006555453298986,1,1
37,502,0.885959258786263,0.9040000140086811,1.8040755222418103,1,1
38,502,0.855187495336263,0.8778106369386952,2.2623141602432173,1,1
39,502,0.899390428118188,0.9128731490190457,1.348272090085767,1,1
40,504,0.8149074786408166,0.8234710245945656,0.8563545953748974,1,1
41,504,0.7589700497705589,0.7664898156604999,0.7519765889940966,1,1
42,504,0.7781711516952047,0.7769099833885593,-0.1261168306645355,1,1
43,504,0.7902571111921052,0.7889287195932645,-0.13283915988406836,1,1
44,504,0.7593846353809252,0.7655358227700857,0.615118738916054,1,1
45,504,0.5198703736399266,0.518102978898743,-0.17673947411835922,1,1
46,504,0.5286559638250886,0.526737601810002,-0.1918362015086661,1,1
47,504,0.5253137072047609,0.5224045048346428,-0.2909202370118047,1,1
48,504,0.5438075846281769,0.5404398859380596,-0.33676986901173267,1,1
49,504,0.5339651574661038,0.5324522850374769,-0.15128724286269657,1,1
50,504,0.9063802652732508,0.9094513382815153,0.307107300826448,1,1
51,504,0.8919976147218192,0.8900744705592918,-0.19231441625273682,1,1
52,504,0.8790963099799721,0.8763188397033874,-0.27774702765847037,1,1
53,504,0.888569749560848,0.8869027578485938,-0.1666991712254151,1,1
54,504,0.8744521608813729,0.8693386591236538,-0.5113501757719074,1,1
55,504,0.9172024589222224,0.9148445383410422,-0.23579205811802284,1,1
56,504,0.9108104197707572,0.9100012241202332,-0.08091956505239528,1,1
57,504,0.9386142889198432,0.9380068572049426,-0.06074317149006303,1,1
58,504,0.9300978210379016,0.9293367051025624,-0.07611159353392294,1,1
59,504,0.9134585919424052,0.9130069215219282,-0.04516704204770017,1,1
60,504,0.9986162451164569,0.9986162451164569,0.0,1,1
61,504,0.9995577382573583,0.9996015940336644,0.004385577630616755,1,1
62,504,0.9987816509796662,0.9988266918270555,0.004504084738932157,1,1
63,504,0.9997780484829586,0.9997350488269557,-0.004299965600285116,1,1
64,504,0.9992440112376122,0.9992440112376122,0.0,1,1
65,504,0.9702398436357758,0.9681225610920827,-0.21172825436930331,1,1
66,504,0.9645574931646528,0.9615687920207528,-0.298870114389993,1,1
67,504,0.9700305383233778,0.9680831979941769,-0.1947340329200964,1,1
68,504,0.9703551383843114,0.9680044619410645,-0.23506764432469351,1,1
69,504,0.972733255829391,0.9712246124058339,-0.15086434235570545,1,1
70,504,0.9743874213402066,0.9743549538077393,-0.0032467532467328475,1,1
71,504,0.9743874213402066,0.9743874213402066,0.0,1,1
72,504,0.974197997504374,0.9739484542049927,-0.024954329938131625,1,1
73,504,0.9744613960119857,0.974428928479518,-0.003246753246766154,1,1
74,504,0.9745345885000385,0.9744980890517745,-0.003649944826400464,1,1
75,506,0.9373096159274868,0.9285852734747102,-0.8724342452776646,1,1
76,506,0.964261965279159,0.9572552145436917,-0.7006750735467304,1,1
77,506,0.9322891300941366,0.9147478370279659,-1.7541293066170693,1,1
78,506,0.9093095087846976,0.8933531070709126,-1.5956401713784985,1,1
79,506,0.9108841525462023,0.8935285972544765,-1.7355555291725722,1,1
80,506,0.8798252108667638,0.8756099015541025,-0.42153093126613417,1,1
81,506,0.8832310012926493,0.8804665620948615,-0.27644391977877936,1,1
82,506,0.8693138890002727,0.8655529085959397,-0.37609804043330364,1,1
83,506,0.8697383002271437,0.8668828152671563,-0.2855484959987442,1,1
84,506,0.8494359898414401,0.8477536828191553,-0.1682307022284779,1,1
85,506,0.870615365258634,0.8713541413266991,0.07387760680650501,1,1
86,506,0.8757666375613005,0.8783130363615266,0.2546398800226113,1,1
87,506,0.8617112136460943,0.8618235741378231,0.011236049172880236,1,1
88,506,0.866790232659947,0.8673643209083179,0.057408824837090755,1,1
89,506,0.8627423864758476,0.8628449735262299,0.010258705038235227,1,1
90,506,0.829041367978864,0.8302688935101576,0.12275255312936828,1,1
91,506,0.8173508732201713,0.8189210477770119,0.1570174556840609,1,1
92,506,0.8182262104726087,0.8196875702911192,0.1461359818510477,1,1
93,506,0.811132960066308,0.8136966249487214,0.2563664882413441,1,1
94,506,0.8149780584867505,0.8165463618973477,0.1568303410597216,1,1
95,506,0.1468128797129737,0.14996593857575508,0.3153058862781388,17,13
96,506,0.21716228894315237,0.22546814045622035,0.830585151306798,7,3
97,506,0.17837402066662195,0.18278711685132973,0.4413096184707782,16,13
98,506,0.21663285270180935,0.22405400208431162,0.7421149382502268,13,8
99,506,0.31400599013799496,0.31813621773466194,0.413022759666698,1,1
100,506,0.8767126883194178,0.8768590949733,0.014640665388210294,1,1
101,506,0.8700213850003556,0.8698793565415531,-0.014202845880251225,1,1
102,506,0.8994147658830416,0.8998484670842327,0.04337012011911279,1,1
103,506,0.8970563125716168,0.897964774376201,0.09084618045842596,1,1
104,506,0.8960910335809061,0.8963549421796769,0.02639085987707901,1,1
105,506,0.8544821326825968,0.8532179836028172,-0.1264149079779564,1,1
106,506,0.8628906655884153,0.8619099947192256,-0.0980670869189737,1,1
107,506,0.8680235237902012,0.8665041143251275,-0.15194094650736734,1,1
108,506,0.8640585525508462,0.8634906480028852,-0.056790454796096235,1,1
109,506,0.8803792013635982,0.8795321265726704,-0.08470747909277154,1,1
110,506,0.8007175326049136,0.8012445063567032,0.05269737517895612,1,1
111,506,0.7967536321012743,0.7966968831062903,-0.005674899498397945,1,1
112,506,0.7947828007643576,0.7951987659972048,0.04159652328472596,1,1
113,506,0.7982824611770454,0.7978916628537971,-0.0390798323248287,1,1
114,506,0.7913523306452005,0.7925252430991717,0.11729124539712199,1,1
115,508,0.6089120041889856,0.6167340534854538,0.7822049296468236,1,1
116,508,0.5912558883690993,0.5978608642780714,0.6604975908972133,1,1
117,508,0.6071100070180722,0.6136254044269626,0.65153974088904,1,1
118,508,0.6334036109020325,0.6403718091936725,0.6968198291640082,1,1
119,508,0.6535867585785698,0.6570026320217953,0.341587344322547,1,1
120,508,0.9290196905939245,0.930992564725511,0.19728741315864218,1,1
121,508,0.9203659000947817,0.9220902559934333,0.17243558986516083,1,1
122,508,0.9255253003404198,0.9279113542478945,0.23860539074747056,1,1
123,508,0.9350682288642851,0.939149675934437,0.40814470701519,1,1
124,508,0.92536044592001,0.9271334314080556,0.17729854880456086,1,1
125,508,0.8606548125664069,0.8616889252611194,0.10341126947125412,1,1
126,508,0.955855978534895,0.9560432830733819,0.018730453848692097,1,1
127,508,0.9490300506453722,0.9457771567918722,-0.32528938534999163,1,1
128,508,0.9103848087908643,0.910404059072832,0.0019250281967697624,1,1
129,508,0.926046417125497,0.9258528875146903,-0.01935296108066531,1,1
130,508,0.849103490671935,0.8510688506814993,0.19653600095642654,1,1
131,508,0.8526939899409548,0.8545136143848501,0.18196244438952736,1,1
132,508,0.8435974107809112,0.8447748610038467,0.11774502229354722,1,1
133,508,0.8336332775721392,0.8344453478078295,0.08120702356902987,1,1
134,508,0.8584335203473026,0.860401343449125,0.1967823101822419,1,1
135,508,0.9239081580285947,0.9255795652862444,0.1671407257649693,1,1
136,508,0.9234459448686961,0.9241372759036166,0.06913310349204727,1,1
137,508,0.9183101861575966,0.9195220809602357,0.12118948026390575,1,1
138,508,0.9053660790353122,0.9066774717250544,0.131139268974223,1,1
139,508,0.9310302341551006,0.9339125509371193,0.2882316782018779,1,1
140,508,0.8501769723822703,0.8453275231806557,-0.4849449201614564,1,1
141,508,0.7903965975464353,0.7821973073233861,-0.8199290223049216,1,1
142,508,0.8740640624433816,0.87096665502396,-0.30974074194216605,1,1
143,508,0.7140701322517377,0.7098610409934408,-0.42090912582968265,1,1
144,508,0.7746630242920557,0.7599355472002672,-1.4727477091788455,1,1
145,508,0.7065825165709343,0.7082425415048783,0.16600249339440154,1,1
146,508,0.6860676658015388,0.6873208553919576,0.12531895904188683,1,1
147,508,0.7048581037012404,0.7056960166265758,0.08379129253354156,1,1
148,508,0.701738509847806,0.702391511720228,0.06530018724220099,1,1
149,508,0.7009686101974759,0.7032910494908319,0.232243929335596,1,1
150,508,0.8395620805022784,0.8386641262432629,-0.08979542590155098,1,1
151,508,0.8663858516629396,0.8663492086246027,-0.0036643038336836575,1,1
152,508,0.8769901710897173,0.8763359806852635,-0.06541904044538027,1,1
153,508,0.8824809666736402,0.8815128073256947,-0.09681593479454742,1,1
154,508,0.8981937013516589,0.8978362494265613,-0.035745192509761825,1,1
155,510,0.5428922631811748,0.5399821151050402,-0.29101480761345444,1,1
156,510,0.5464116340313512,0.5440232273793629,-0.23884066519882508,1,1
157,510,0.5357954068645232,0.5329381042910297,-0.2857302573493481,1,1
158,510,0.5233289232975387,0.5208925025950296,-0.24364207025090456,1,1
159,510,0.5200921079757596,0.5184162492549476,-0.16758587208119957,1,1
160,510,0.4240720569639959,0.41661108476763,-0.7460972196365934,1,1
161,510,0.3739271323684774,0.3707454685781963,-0.31816637902811196,1,1
162,510,0.36843830785584714,0.36914511450760074,0.07068066517535998,1,1
163,510,0.4553007674554041,0.4469735230855008,-0.8327244369903286,1,1
164,510,0.4485615800622999,0.4447556405843071,-0.38059394779927924,1,1
165,510,0.14955931650874438,0.16561574385595076,1.6056427347206386,26,26
166,510,0.17970430314490637,0.1911051160113114,1.1400812866405015,22,22
167,510,0.14831615475608345,0.16270497699378275,1.4388822237699301,26,26
168,510,0.1927172424503766,0.21626758558552345,2.355034313514684,24,26
169,510,0.18315492815007142,0.20931475989631457,2.6159831746243145,19,21
170,510,0.6461290341246053,0.6445289140804068,-0.16001200441985164,1,1
171,510,0.6693728884553738,0.6672253065473571,-0.21475819080166714,1,1
172,510,0.6550741567874575,0.6540166820041418,-0.10574747833157483,1,1
173,510,0.6422704907537988,0.6410079475956558,-0.12625431581430036,1,1
174,510,0.6523991508510065,0.6503487733140985,-0.20503775369080657,1,1
175,510,0.5763486025246181,0.5811516259827552,0.4803023458137101,1,1
176,510,0.5362089033464484,0.5376750154921055,0.14661121456570614,1,1
177,510,0.5729455143894977,0.5729424643575695,-0.00030500319282422694,1,1
178,510,0.5193675936661377,0.5202314949021912,0.08639012360535103,1,1
179,510,0.5441139815555208,0.5439437659733048,-0.01702155822159712,1,1
180,510,0.7746040190678605,0.7705991977068625,-0.4004821360998001,1,1
181,510,0.6971231173585971,0.69618892716761,-0.09341901909870609,1,1
182,510,0.6531647493962687,0.651903669003774,-0.1261080392494729,1,1
183,510,0.8113652911793822,0.8008099444885235,-1.055534669085867,1,1
184,510,0.8147240140670708,0.797746812702392,-1.697720136467884,1,1
185,510,0.3042782190663554,0.3038529356044661,-0.04252834618893031,1,1
186,510,0.2944027961444808,0.2911329241712772,-0.32698719732036086,1,1
187,510,0.26327295635705705,0.25678242484783553,-0.649053150922152,1,1
188,510,0.2890521274180455,0.28633340936358753,-0.2718718054457947,1,1
189,510,0.19916821085903713,0.19181956211681364,-0.734864874222349,3,3
190,510,0.7224842214355146,0.7235867636668889,0.11025422313742927,1,1
191,510,0.7359632080035908,0.7406700050128396,0.4706797009248809,1,1
192,510,0.7722126500563491,0.7781317360916113,0.5919086035262255,1,1
193,510,0.7214588133104658,0.7266156969496926,0.5156883639226839,1,1
194,510,0.7274917144887252,0.7336234052371119,0.6131690748386709,1,1
195,512,0.4378746303850849,0.44796779730120034,1.0093166916115448,1,1
196,512,0.5425271088869578,0.5503789643507677,0.7851855463809954,1,1
197,512,0.44974520940451496,0.45807150532157986,0.8326295917064908,1,1
198,512,0.5474804525797622,0.5437241628149493,-0.37562897648129034,1,1
199,512,0.3636920790673939,0.3638253221140668,0.013324304667289288,16,12
200,512,0.8487231681368326,0.8464210727566424,-0.23020953801902166,1,1
201,512,0.8469362928678827,0.8444675823376528,-0.24687105302299006,1,1
202,512,0.8762066377781448,0.873033473607972,-0.3173164170172771,1,1
203,512,0.8214068015430371,0.8193006964382705,-0.2106105104766609,1,1
204,512,0.8236830742237451,0.8219370792910554,-0.17459949326896762,1,1
205,512,0.9233383700296001,0.9253180823373257,0.1979712307725645,1,1
206,512,0.8910208237945078,0.8947655655325737,0.37447417380659376,1,1
207,512,0.97485226292074,0.9778382504279386,0.2985987507198584,1,1
208,512,0.9150096910887606,0.9188340640713885,0.3824372982627833,1,1
209,512,0.8892061976509552,0.8893266005886344,0.01204029376792315,1,1
210,512,0.3779490728742886,0.3802036927763561,0.22546199020674895,1,1
211,512,0.3489434683480048,0.3510158953836135,0.20724270356086705,1,1
212,512,0.3044940111383606,0.3044420095819879,-0.005200155637269388,3,3
213,512,0.36980178872803754,0.3638556455811622,-0.594614314687536,1,1
214,512,0.46754574157634476,0.4688528659342616,0.13071243579168557,1,1
215,514,0.9894654356968318,0.9869694940267717,-0.24959416700600645,1,1
216,514,0.9331998023900496,0.9300535375277679,-0.3146264862281756,1,1
217,514,0.9474882591483902,0.9424109051003468,-0.5077354048043436,1,1
218,514,0.9033874958841068,0.9013045135061969,-0.20829823779099366,1,1
219,514,0.9132663925894495,0.9171830850505727,0.3916692461123139,1,1
220,514,1.0,1.0,0.0,1,1
221,514,1.0,1.0,0.0,1,1
222,514,1.0,1.0,0.0,1,1
223,514,0.9992881495150728,0.9999675324675324,0.06793829524596173,1,1
224,514,0.9980711166533554,0.9994831354170635,0.14120187637081116,1,1
225,514,0.9997456410992323,1.0,0.025435890076774825,1,1
226,514,0.9994963599623972,0.9999675324675324,0.04711725051352866,1,1
227,514,0.9985808230293775,0.9993051093415726,0.07242863121951215,1,1
228,514,0.9999354317998385,1.0,0.006456820016154108,1,1
229,514,1.0,1.0,0.0,1,1
230,514,1.0,1.0,0.0,1,1
231,514,1.0,1.0,0.0,1,1
232,514,1.0,1.0,0.0,1,1
233,514,1.0,1.0,0.0,1,1
234,514,1.0,1.0,0.0,1,1
235,514,0.9999675324675324,1.0,0.003246753246755052,1,1
236,514,0.9995488721804512,0.9999036918138042,0.03548196333530429,1,1
237,514,0.9996911196911197,1.0,0.03088803088803216,1,1
238,514,0.9998723064644852,1.0,0.012769353551478346,1,1
239,514,0.9998723064644852,1.0,0.012769353551478346,1,1
240,514,1.0,1.0,0.0,1,1
241,514,0.9812321363319273,0.9803964757271063,-0.08356606048209869,1,1
242,514,1.0,1.0,0.0,1,1
243,514,0.9981239450977255,0.9980925362680874,-0.0031408829638146507,1,1
244,514,0.9793376714757325,0.9793376714757325,0.0,1,1
245,514,0.9592311685532997,0.9588872889231357,-0.034387963016402345,1,1
246,514,0.9803428558395071,0.9801911284576024,-0.015172738190472046,1,1
247,514,0.9800088538273605,0.9798691693777325,-0.013968444962797477,1,1
248,514,0.9829050353550701,0.9826835720293883,-0.022146332568184768,1,1
249,514,0.980121547737504,0.9798723712963916,-0.024917644111244197,1,1
250,514,0.9962596160838298,0.9959138895349804,-0.03457265488494565,1,1
251,514,0.997691559648823,0.9974321831065472,-0.025937654227570217,1,1
252,514,0.9909882879623011,0.990812779088336,-0.01755088739651134,1,1
253,514,0.9896103182375076,0.990976491334259,0.13661730967514663,1,1
254,514,0.9944072771777922,0.994446718258585,0.0039441080792790295,1,1
255,516,1.0,1.0,0.0,1,1
256,516,1.0,1.0,0.0,1,1
257,516,1.0,1.0,0.0,1,1
258,516,1.0,1.0,0.0,1,1
259,516,0.9918495295997409,0.9944258941061199,0.2576364506378992,1,1
260,516,0.9882460719049201,0.9916124227762936,0.33663508713734913,1,1
261,516,0.9266009942243378,0.9341497064453309,0.754871222099307,1,1
262,516,0.9316643541435778,0.9393309891454862,0.766663500190834,1,1
263,516,0.8976344421644814,0.9023220834001768,0.4687641235695428,1,1
264,516,0.9064389169691137,0.907779674222506,0.1340757253392333,1,1
265,516,1.0,1.0,0.0,1,1
266,516,1.0,1.0,0.0,1,1
267,516,1.0,1.0,0.0,1,1
268,516,1.0,1.0,0.0,1,1
269,516,1.0,1.0,0.0,1,1
270,516,1.0,1.0,0.0,1,1
271,516,1.0,1.0,0.0,1,1
272,516,1.0,1.0,0.0,1,1
273,516,1.0,1.0,0.0,1,1
274,516,1.0,1.0,0.0,1,1
275,518,0.9438279588473724,0.9295970293695589,-1.4230929477813459,1,1
276,518,0.9306000047496018,0.9168402784265289,-1.3759726323072874,1,1
277,518,0.9800677591004074,0.9718006043822639,-0.8267154718143543,1,1
278,518,0.9859367993409515,0.9777108505589841,-0.8225948781967363,1,1
279,518,0.988308175020577,0.9820487697394042,-0.6259405281172747,1,1
280,518,0.9573832748672675,0.9571393712602522,-0.024390360701531666,1,1
281,518,0.9449212160284094,0.9542945892807795,0.9373373252370087,1,1
282,518,0.893482412407253,0.9077161105610493,1.423369815379627,1,1
283,518,0.891804813492881,0.9009588681754893,0.9154054682608326,1,1
284,518,0.8785275589611927,0.8831450152600608,0.46174562988681167,1,1
285,518,1.0,1.0,0.0,1,1
286,518,1.0,1.0,0.0,1,1
287,518,1.0,1.0,0.0,1,1
288,518,1.0,1.0,0.0,1,1
289,518,1.0,1.0,0.0,1,1
290,518,0.6885605326945905,0.6675234913465086,-2.103704134808193,1,1
291,518,0.721700708575938,0.6900874457368354,-3.1613262839102596,1,1
292,518,0.7727329521806312,0.7446587326231875,-2.8074219557443714,1,1
293,518,0.7813640363175547,0.7600699411008952,-2.129409521665948,1,1
294,518,0.8826141577102554,0.8648581631670376,-1.7755994543217857,1,1
295,518,0.9759111338461456,0.9531189167989944,-2.2792217047151175,1,1
296,518,0.9912033906091854,0.9812411545464365,-0.996223606274893,1,1
297,518,0.9966663107948945,0.9911946235374635,-0.5471687257431079,1,1
298,518,0.9888530423208806,0.9752499253382748,-1.3603116982605745,1,1
299,518,0.9078158478411317,0.8816824933109702,-2.6133354530161523,1,1
300,520,0.9924839690998283,0.9956792755469951,0.31953064471668124,1,1
301,520,1.0,1.0,0.0,1,1
302,520,0.999823980481004,1.0,0.017601951899604007,1,1
303,520,1.0,1.0,0.0,1,1
304,520,0.9999114054451803,1.0,0.008859455481968759,1,1
305,520,1.0,1.0,0.0,1,1
306,520,1.0,1.0,0.0,1,1
307,520,1.0,1.0,0.0,1,1
308,520,1.0,1.0,0.0,1,1
309,520,1.0,1.0,0.0,1,1
310,520,1.0,1.0,0.0,1,1
311,520,1.0,1.0,0.0,1,1
312,520,1.0,1.0,0.0,1,1
313,520,1.0,1.0,0.0,1,1
314,520,1.0,1.0,0.0,1,1
315,520,1.0,1.0,0.0,1,1
316,520,1.0,1.0,0.0,1,1
317,520,1.0,1.0,0.0,1,1
318,520,1.0,1.0,0.0,1,1
319,520,1.0,1.0,0.0,1,1
320,520,1.0,1.0,0.0,1,1
321,520,1.0,1.0,0.0,1,1
322,520,1.0,1.0,0.0,1,1
323,520,1.0,1.0,0.0,1,1
324,520,1.0,1.0,0.0,1,1
325,520,1.0,1.0,0.0,1,1
326,520,1.0,1.0,0.0,1,1
327,520,1.0,1.0,0.0,1,1
328,520,1.0,1.0,0.0,1,1
329,520,1.0,1.0,0.0,1,1
330,520,1.0,1.0,0.0,1,1
331,520,1.0,1.0,0.0,1,1
332,520,1.0,1.0,0.0,1,1
333,520,1.0,1.0,0.0,1,1
334,520,1.0,1.0,0.0,1,1
335,522,0.3629548707723223,0.3594904408555505,-0.3464429916771816,1,1
336,522,0.3175419250446516,0.3161234770305755,-0.14184480140761457,1,1
337,522,0.3515418582162846,0.351366921724174,-0.017493649211058893,1,1
338,522,0.3084660128659945,0.3160415832953773,0.7575570429382783,1,1
339,522,0.3041681447767574,0.30437792663274404,0.02097818559866349,1,1
340,522,0.6527259409726542,0.6538454243180346,0.11194833453803676,1,1
341,522,0.5701928791349337,0.573520249842741,0.3327370707807309,1,1
342,522,0.49554891021464187,0.4972303468491351,0.16814366344932163,1,1
343,522,0.5121417909255968,0.5109938546020059,-0.11479363235908924,1,1
344,522,0.5717322046900284,0.5743677367484652,0.2635532058436807,1,1
345,522,0.8333401833302664,0.833492742127922,0.015255879765563307,1,1
346,522,0.8241515114069389,0.8242188057031617,0.006729429622287508,1,1
347,522,0.8256310657252498,0.82589854315711,0.02674774318601747,1,1
348,522,0.8464453727867055,0.846572756403492,0.01273836167865472,1,1
349,522,0.8403389193369807,0.8405934800666245,0.02545607296438046,1,1
350,522,0.6850025852926298,0.682140147536888,-0.2862437755741798,1,1
351,522,0.6227838559839198,0.6215390516503555,-0.1244804333564331,1,1
352,522,0.5715592794432802,0.5667685861136018,-0.4790693329678408,1,1
353,522,0.7466596892353815,0.7465950067771658,-0.00646824582156702,1,1
354,522,0.7735377492236309,0.7727689455921768,-0.07688036314541513,1,1
355,522,0.7321590163302635,0.7228999659230486,-0.9259050407214864,1,1
356,522,0.6567685857400577,0.6482792377022806,-0.8489348037777122,1,1
357,522,0.7136317709402236,0.7059397570643061,-0.7692013875917447,1,1
358,522,0.545605592987589,0.5376832964251563,-0.7922296562432707,1,1
359,522,0.5170542585094079,0.5137631988052171,-0.32910597041907463,1,1
360,522,0.7460284353996264,0.7452637169688254,-0.0764718430800948,1,1
361,522,0.7313060438623353,0.7311655984633503,-0.014044539898505626,1,1
362,522,0.743340390439666,0.7421818738447183,-0.11585165949477005,1,1
363,522,0.7405211613148998,0.7395929397644532,-0.0928221550446584,1,1
364,522,0.7261353881030196,0.7256978343104369,-0.04375537925827011,1,1
365,522,0.960065794174346,0.960534345790428,0.046855161608194695,1,1
366,522,0.9506375434156482,0.951174743715308,0.05372002996597569,1,1
367,522,0.9225103112493003,0.9238051077800556,0.1294796530755371,1,1
368,522,0.9069432860101029,0.9082094488965105,0.12661628864075736,1,1
369,522,0.9567980042425958,0.9571484037231592,0.035039948056347914,1,1
370,524,0.7816377398646195,0.7778236482478659,-0.3814091616753612,1,1
371,524,0.7689996252369099,0.7669458098476002,-0.205381538930971,1,1
372,524,0.7820756605791072,0.7826470313704678,0.057137079136060365,1,1
373,524,0.8066059949244471,0.8082733248180203,0.16673298935732106,1,1
374,524,0.8018973616377288,0.8027565289633427,0.08591673256138632,1,1
375,524,0.9604916941827158,0.9581369223132415,-0.23547718694743036,1,1
376,524,0.9618374188874139,0.9603064959932633,-0.1530922894150577,1,1
377,524,0.9432067931058701,0.9421368437687027,-0.10699493371674196,1,1
378,524,0.9397441231693872,0.9387984266846456,-0.09456964847415206,1,1
379,524,0.9612703594075476,0.9603799660684637,-0.0890393339083917,1,1
380,524,0.984451491485081,0.9839737446271225,-0.047774685795853866,1,1
381,524,0.8777810326774121,0.8793091664988641,0.15281338214520046,1,1
382,524,0.9317570644281717,0.9339040534115234,0.21469889833516387,1,1
383,524,0.9504289095250554,0.9511688348209821,0.07399252959267022,1,1
384,524,0.9970981007430113,0.9976234853164251,0.05253845734137785,1,1
385,524,0.22726949385984777,0.22726858587243312,-9.079874146444844e-05,26,26
386,524,0.26308129025973764,0.26340659244998965,0.03253021902520081,30,31
387,524,0.24041047342646768,0.2406822174095256,0.027174398305793157,51,53
388,524,0.22971921311824706,0.22918046446639218,-0.05387486518548812,45,47
389,524,0.2570571392463041,0.25697806653051186,-0.007907271579221664,24,25
390,524,0.8764339819523453,0.8843108672611187,0.7876885308773396,1,1
391,524,0.8694375046630333,0.8769446932416148,0.750718857858157,1,1
392,524,0.8665147294987408,0.8762378082760769,0.9723078777336136,1,1
393,524,0.9051386529052344,0.9150762860793663,0.9937633174131877,1,1
394,524,0.8656835203221158,0.8736215583790019,0.7938038056886088,1,1
395,524,0.9746452800269548,0.971658033372318,-0.2987246654636788,1,1
396,524,0.9980447653650117,0.9974753872147925,-0.05693781502192907,1,1
397,524,0.9971292068770221,0.9967021005373515,-0.04271063396705799,1,1
398,524,0.9989557003781332,0.9988715316964668,-0.008416868166638558,1,1
399,524,0.9998723064644852,0.9998723064644852,0.0,1,1
400,524,0.807313071875658,0.8198220959889594,1.2509024113301348,1,1
401,524,0.837525841613861,0.847944946816077,1.0419105202216006,1,1
402,524,0.8273629304768263,0.8383663694559486,1.100343897912226,1,1
403,524,0.7963161393033781,0.8106161778345349,1.43000385311568,1,1
404,524,0.7454666670279878,0.7527446018205668,0.7277934792578988,1,1
405,524,0.933677932082974,0.9356543432055401,0.19764111225660796,1,1
406,524,0.9656767976078826,0.9681860772360474,0.2509279628164829,1,1
407,524,0.914142275957923,0.914448311435764,0.03060354778410268,1,1
408,524,0.9245218051411821,0.925130103908574,0.06082987673918794,1,1
409,524,0.9264268016589342,0.9268977616732544,0.04709600143202319,1,1
410,526,0.5803592867748244,0.5827826955703919,0.2423408795567461,1,1
411,526,0.6075138144635627,0.6098649424493149,0.23511279857522105,1,1
412,526,0.6109478429594677,0.6128466589271766,0.18988159677089111,1,1
413,526,0.6162114546802383,0.617936898393533,0.17254437132947498,1,1
414,526,0.6192859971345702,0.6215954055422287,0.23094084076584753,1,1
415,526,0.6452415154590301,0.6549864381763081,0.9744922717278004,1,1
416,526,0.6480496964826088,0.6592076817824943,1.1157985299885542,1,1
417,526,0.6220897483901546,0.6269179127134904,0.4828164323335771,1,1
418,526,0.6333565927819713,0.6380467240769712,0.4690131294999844,1,1
419,526,0.6212526771147759,0.6250949994080098,0.3842322293233891,1,1
420,526,1.0,1.0,0.0,1,1
421,526,1.0,1.0,0.0,1,1
422,526,1.0,1.0,0.0,1,1
423,526,1.0,1.0,0.0,1,1
424,526,1.0,1.0,0.0,1,1
425,528,0.943039503928464,0.9410523718135414,-0.19871321149226295,1,1
426,528,0.9373354753836647,0.9357780607106466,-0.1557414673018065,1,1
427,528,0.9197681837101894,0.917518443810463,-0.22497398997264328,1,1
428,528,0.9354799931014312,0.9316118293524002,-0.3868163749030984,1,1
429,528,0.9205647271098595,0.9174659413107922,-0.3098785799067305,1,1
430,528,0.9711394665968301,0.9749041734774759,0.3764706880645785,1,1
431,528,0.9686099708238813,0.9695419562019182,0.09319853780368481,1,1
432,528,0.992410222787153,0.9921558703502807,-0.02543524368722183,1,1
433,528,0.9675217629007314,0.9706156724359266,0.3093909535195172,1,1
434,528,0.978606584571684,0.980914056212679,0.23074716409949847,1,1
435,528,0.9766732392992541,0.9739033217595124,-0.2769917539741651,1,1
436,528,0.9759116585719709,0.9735925870839994,-0.23190714879715024,1,1
437,528,0.9816443723411366,0.9809895607319311,-0.06548116092054412,1,1
438,528,0.982540304235578,0.9824432975894035,-0.009700664617451338,1,1
439,528,0.973394738150048,0.9731032002479719,-0.029153790207603336,1,1
440,528,0.9431111306949382,0.9448509193394989,0.17397886445607025,1,1
441,528,0.9452601667930467,0.9452071114406578,-0.0053055352388864385,1,1
442,528,0.9463680088343184,0.9465253264976513,0.01573176633329343,1,1
443,528,0.9530592331307044,0.9546682177438803,0.16089846131759344,1,1
444,528,0.9584555003931473,0.9604063215944333,0.19508212012859794,1,1
445,528,0.998757466880517,0.9986611002469981,-0.00963666335189739,1,1
446,528,0.9977811455889897,0.997138701066277,-0.06424445227126707,1,1
447,528,0.9979183723737454,0.9975081422308747,-0.04102301428706712,1,1
448,528,0.9985323806454655,0.9983968002996647,-0.01355803458007454,1,1
449,528,0.997154452191965,0.9968938296264405,-0.026062256552450425,1,1
450,528,1.0,1.0,0.0,1,1
451,528,1.0,1.0,0.0,1,1
452,528,1.0,1.0,0.0,1,1
453,528,1.0,1.0,0.0,1,1
454,528,1.0,1.0,0.0,1,1
455,528,0.7988997098758462,0.8089472929862983,1.0047583110452063,1,1
456,528,0.7981435391780083,0.8063183251619008,0.8174785983892541,1,1
457,528,0.792892780595011,0.8006406198437689,0.7747839248757882,1,1
458,528,0.8094513863214025,0.8195168432250969,1.0065456903694425,1,1
459,528,0.8007895770461007,0.809466575305866,0.8676998259765312,1,1
460,530,0.76069473628602,0.760064072926225,-0.06306633597950029,1,1
461,530,0.7552833443266742,0.7547408561262389,-0.05424882004353426,1,1
462,530,0.7491102746255297,0.7480970236035829,-0.1013251021946826,1,1
463,530,0.8174188498747842,0.8173624631060186,-0.005638676876562609,1,1
464,530,0.8187052188427297,0.8183832856905487,-0.03219331521809865,1,1
465,530,1.0,1.0,0.0,1,1
466,530,1.0,1.0,0.0,1,1
467,530,1.0,1.0,0.0,1,1
468,530,1.0,1.0,0.0,1,1
469,530,1.0,1.0,0.0,1,1
470,530,1.0,1.0,0.0,1,1
471,530,1.0,0.9999558498896247,-0.0044150110375285045,1,1
472,530,0.9999114054451803,0.9998216176708288,-0.008978777435153518,1,1
473,530,0.9999114054451803,0.9998666627158738,-0.00447427293065461,1,1
474,530,1.0,0.9999558498896247,-0.0044150110375285045,1,1
475,530,1.0,1.0,0.0,1,1
476,530,1.0,1.0,0.0,1,1
477,530,1.0,1.0,0.0,1,1
478,530,1.0,1.0,0.0,1,1
479,530,1.0,1.0,0.0,1,1
480,530,0.9581348060661397,0.9583531914801491,0.021838541400942546,1,1
481,530,0.9557522080140063,0.9565195194493403,0.07673114353340393,1,1
482,530,0.9201315329066976,0.9199348346937692,-0.019669821292833678,1,1
483,530,0.9359979604765314,0.9367962213769728,0.07982609004414387,1,1
484,530,0.9524004797625321,0.9502080220979494,-0.21924576645826477,1,1
485,530,1.0,1.0,0.0,1,1
486,530,1.0,1.0,0.0,1,1
487,530,1.0,1.0,0.0,1,1
488,530,1.0,1.0,0.0,1,1
489,530,1.0,1.0,0.0,1,1
490,530,0.8627986530231084,0.8578928275424141,-0.49058254806942925,1,1
491,530,0.8736109235369988,0.8698708932030782,-0.3740030333920563,1,1
492,530,0.8572719677397337,0.8522523105922614,-0.5019657147472323,1,1
493,530,0.7955398026298636,0.7954195969111619,-0.01202057187016381,1,1
494,530,0.8245736835251155,0.8284873501222186,0.3913666597103127,1,1
495,532,0.9878621415699669,0.9836534855077231,-0.4208656062243743,1,1
496,532,0.9951715003131938,0.9916832430141242,-0.34882572990695415,1,1
497,532,0.9915700737851105,0.9883868011438267,-0.31832726412838186,1,1
498,532,0.9989727209698877,0.9981563160217388,-0.081640494814883,1,1
499,532,1.0,1.0,0.0,1,1
500,532,0.7970264313285941,0.7991883894471753,0.21619581185812198,1,1
501,532,0.7350799883865983,0.7351399882116074,0.0059999825009149355,1,1
502,532,0.8197763065752773,0.8231934331864356,0.34171266111582277,1,1
503,532,0.7852068038023947,0.7898997608626204,0.46929570602256554,1,1
504,532,0.7152829032019575,0.7229574216552792,0.7674518453321677,1,1
505,532,0.9065826938328618,0.9092192486287568,0.2636554795894974,1,1
506,532,0.9257672703291279,0.9316677065575545,0.590043622842662,1,1
507,532,0.9138252396092142,0.9192756131447017,0.5450373535487496,1,1
508,532,0.9206710503529956,0.9258319500890378,0.5160899736042279,1,1
509,532,0.9384200048895475,0.9470197461290182,0.8599741239470715,1,1
510,532,0.8623463611271209,0.8628407532941287,0.04943921670077511,1,1
511,532,0.9047148588636981,0.9037045023679723,-0.10103564957257838,1,1
512,532,0.8773040268408034,0.8771745014798791,-0.012952536092436517,1,1
513,532,0.9474780763283437,0.9459619921177567,-0.1516084210587021,1,1
514,532,0.938562342930764,0.9359574703026361,-0.2604872628127919,1,1
515,532,0.9736831323557082,0.9769333398694275,0.32502075137192943,1,1
516,532,0.9843329826708487,0.9849726108761119,0.06396282052631985,1,1
517,532,0.9763799346110573,0.9772657590590367,0.08858244479793553,1,1
518,532,0.9861196308536115,0.9865100406216795,0.039040976806792305,1,1
519,532,0.9833776242613237,0.9843974295913892,0.10198053300655152,1,1
520,532,1.0,1.0,0.0,1,1
521,532,0.9960673987092521,0.997850433927783,0.17830352185309595,1,1
522,532,0.9959965133806343,0.9976554820684912,0.16589686878568655,1,1
523,532,0.9993603269329047,0.9997110286538858,0.03507017209811725,1,1
524,532,0.9950590826272783,0.9958750977482591,0.08160151209808397,1,1
525,532,0.9676687403520269,0.9670005852149466,-0.06681551370802952,1,1
526,532,0.9569296020002457,0.9563042844970541,-0.06253175031916136,1,1
527,532,0.9573168077096015,0.9562394084683995,-0.10773992412019817,1,1
528,532,0.9704013578566589,0.9678556587868924,-0.2545699069766538,1,1
529,532,0.9601427708425618,0.9602073076578326,0.006453681527074373,1,1
530,532,0.8441364923228489,0.8385222244370584,-0.5614267885790558,1,1
531,532,0.8645097995938086,0.8556768115939288,-0.8832987999879749,1,1
532,532,0.8610652481113994,0.8550549300518474,-0.6010318059551989,1,1
533,532,0.8713619476711406,0.8624302754060847,-0.8931672265055868,1,1
534,532,0.859493113085836,0.8525070240334418,-0.6986089052394173,1,1
535,534,1.0,1.0,0.0,1,1
536,534,1.0,1.0,0.0,1,1
537,534,1.0,1.0,0.0,1,1
538,534,1.0,1.0,0.0,1,1
539,534,1.0,1.0,0.0,1,1
540,534,1.0,1.0,0.0,1,1
541,534,1.0,1.0,0.0,1,1
542,534,1.0,1.0,0.0,1,1
543,534,1.0,1.0,0.0,1,1
544,534,1.0,1.0,0.0,1,1
545,534,1.0,1.0,0.0,1,1
546,534,1.0,1.0,0.0,1,1
547,534,1.0,1.0,0.0,1,1
548,534,1.0,1.0,0.0,1,1
549,534,1.0,1.0,0.0,1,1
550,534,1.0,1.0,0.0,1,1
551,534,1.0,1.0,0.0,1,1
552,534,1.0,1.0,0.0,1,1
553,534,1.0,1.0,0.0,1,1
554,534,1.0,1.0,0.0,1,1
555,534,1.0,1.0,0.0,1,1
556,534,1.0,1.0,0.0,1,1
557,534,1.0,1.0,0.0,1,1
558,534,1.0,1.0,0.0,1,1
559,534,1.0,1.0,0.0,1,1
560,534,1.0,1.0,0.0,1,1
561,534,1.0,1.0,0.0,1,1
562,534,1.0,1.0,0.0,1,1
563,534,1.0,1.0,0.0,1,1
564,534,1.0,1.0,0.0,1,1
565,534,1.0,1.0,0.0,1,1
566,534,1.0,1.0,0.0,1,1
567,534,1.0,1.0,0.0,1,1
568,534,1.0,1.0,0.0,1,1
569,534,1.0,1.0,0.0,1,1
570,536,0.5269441492432974,0.5281964077746942,0.1252258531396877,1,1
571,536,0.5194816774784724,0.5195239504767434,0.004227299827097575,1,1
572,536,0.5284625464722822,0.5303901912196668,0.19276447473846048,1,1
573,536,0.49939607195422125,0.4972173314966305,-0.21787404575907554,1,1
574,536,0.514493270379956,0.515387927812016,0.08946574320600753,1,1
575,536,0.2534646305258732,0.254276423071784,0.08117925459107944,88,82
576,536,0.2561127135581414,0.2569216521253413,0.08089385671998794,76,72
577,536,0.2578670042134361,0.25876755945287827,0.09005552394421579,83,76
578,536,0.24971436745908562,0.25201597768525,0.23016102261644023,74,71
579,536,0.25442655380771034,0.25603522910997917,0.1608675302268825,86,82
580,536,0.7347286983302475,0.7294556148812841,-0.5273083448963378,1,1
581,536,0.7316578262004039,0.7217462644995326,-0.9911561700871263,1,1
582,536,0.759019075923839,0.7527570366591195,-0.6262039264719466,1,1
583,536,0.7289915325174817,0.7216289935755524,-0.7362538941929286,1,1
584,536,0.7386248964231822,0.7279617986601493,-1.066309776303287,1,1
585,536,0.5233484977698145,0.5257249682749945,0.23764705051799728,1,1
586,536,0.5338902579997307,0.5379617760325202,0.40715180327894895,1,1
587,536,0.5463919239281547,0.5531432282258136,0.6751304297658911,1,1
588,536,0.5803237928948487,0.5881476652002157,0.7823872305366963,1,1
589,536,0.575815203858797,0.584004618746852,0.8189414888054913,1,1
590,538,0.8473192899554018,0.8326267865887407,-1.469250336666117,1,1
591,538,0.7963152722120929,0.7828009454020358,-1.3514326810057042,1,1
592,538,0.7976362863379448,0.7869637156456175,-1.06725706923273,1,1
593,538,0.7466180200412179,0.7343492270143153,-1.2268793026902647,1,1
594,538,0.7901557264279797,0.7782775940907668,-1.187813233721291,1,1
595,538,0.6948203194914478,0.69782859212578,0.3008272634332121,1,1
596,538,0.912585298017959,0.9163812670369433,0.379596901898438,1,1
597,538,0.6439724450220322,0.6379968190011694,-0.5975626020862768,1,1
598,538,0.6884410325362674,0.6821728920504995,-0.6268140485767959,1,1
599,538,0.7057571180171115,0.7039632314715177,-0.17938865455937592,1,1
600,538,0.574487795099969,0.5432089075781613,-3.127888752180763,1,1
601,538,0.8774235879425526,0.8034810451745167,-7.394254276803592,1,1
602,538,0.8851518091927697,0.8561571705737361,-2.899463861903362,1,1
603,538,0.9056295653017865,0.8943952371442843,-1.123432815750225,1,1
604,538,0.9999675324675324,0.9996524193726002,-0.031511309493226225,1,1
605,538,0.9160702181441213,0.9054950117235756,-1.0575206420545658,1,1
606,538,0.9013637742866615,0.8922883536489764,-0.9075420637685072,1,1
607,538,0.9259724245996231,0.9156981614236825,-1.0274263175940601,1,1
608,538,0.9286592259060175,0.920156279390447,-0.8502946515570486,1,1
609,538,0.9291436599419363,0.9190325597673898,-1.0111100174546417,1,1
610,538,0.9601728856583909,0.9622451362233662,0.20722505649752865,1,1
611,538,0.9622194212436592,0.96370374933899,0.14843280953307225,1,1
612,538,0.9653626020809276,0.9674406791336215,0.20780770526939163,1,1
613,538,0.9553434838537138,0.9575407492315607,0.21972653778469242,1,1
614,538,0.9810013915708417,0.9846446049607009,0.364321338985929,1,1
615,538,0.8474417172137292,0.8498220143179982,0.23802971042690135,1,1
616,538,0.8550610615633399,0.8566702038089927,0.16091422456527837,1,1
617,538,0.8511464658246106,0.8531010703345204,0.19546045099098075,1,1
618,538,0.8364099660469274,0.8365940672030215,0.01841011560941297,1,1
619,538,0.8664783404021663,0.8667158995416588,0.023755913949252694,1,1
620,538,0.8923547287365932,0.8896821715723903,-0.26725571642028934,1,1
621,538,0.8466207075046474,0.8455633661982451,-0.10573413064022263,1,1
622,538,0.8058595580237259,0.8057522157233699,-0.01073423003560281,1,1
623,538,0.8252131201042245,0.8249905823151016,-0.02225377891229563,1,1
624,538,0.8283967074747306,0.8278625138130977,-0.053419366163287574,1,1
625,538,0.9370377872352548,0.9383917029291843,0.13539156939295083,1,1
626,538,0.9640355805678353,0.9639970163911453,-0.003856417669001466,1,1
627,538,0.9387827675925989,0.9370682833596031,-0.17144842329958054,1,1
628,538,0.9451890513020869,0.9444698612584153,-0.07191900436716026,1,1
629,538,0.9507405659618002,0.9499900656434547,-0.07505003183455594,1,1
630,540,0.6226277968308225,0.6459603219342298,2.333252510340733,1,1
631,540,0.6002193836212748,0.6186042370844607,1.8384853463185857,1,1
632,540,0.5935469747747211,0.6071237680526166,1.3576793277895516,1,1
633,540,0.6030011283414339,0.6212947154193317,1.8293587077897744,1,1
634,540,0.6218912564215824,0.6457509159710852,2.3859659549502865,1,1
635,540,0.5207994407295022,0.5178389203048505,-0.296052042465178,1,1
636,540,0.5179009248027031,0.5161465827683198,-0.17543420343832938,1,1
637,540,0.4602373775418804,0.4615964103017928,0.13590327599124485,1,1
638,540,0.2086989377755134,0.2708057489267764,6.210681115126299,9,1
639,540,0.3735376818467382,0.395978722110917,2.2441040264178813,1,1
640,540,0.7173635108148789,0.7092033535601119,-0.8160157254767042,1,1
641,540,0.7244730028234553,0.7190252245879076,-0.5447778235547651,1,1
642,540,0.7419836661214861,0.7393778928666792,-0.2605773254806931,1,1
643,540,0.7405268256141239,0.7346310853561181,-0.5895740258005766,1,1
644,540,0.7368612582283246,0.7284871850530721,-0.8374073175252517,1,1
645,540,0.49387000747223364,0.49588068682730524,0.20106793550715985,1,1
646,540,0.798826378923229,0.8164402473152216,1.7613868391992527,1,1
647,540,0.6717130790855806,0.6849056336151448,1.3192554529564138,1,1
648,540,0.55757153371507,0.5635161938147429,0.5944660099672983,1,1
649,540,0.5252176940430715,0.5266743906709305,0.14566966278589666,1,1
650,540,0.9389847316940031,0.9424659230161004,0.34811913220973434,1,1
651,540,0.9428356735776894,0.9491203639853076,0.6284690407618254,1,1
652,540,0.9587001390070804,0.9606396312466593,0.19394922395788994,1,1
653,540,0.9013793490955985,0.9053250925745856,0.39457434789871293,1,1
654,540,0.9369830239737059,0.9447461926258807,0.7763168652174746,1,1
655,540,0.7730230941792913,0.7715458514582172,-0.1477242721074079,1,1
656,540,0.7825208758302128,0.7799243652713794,-0.2596510558833365,1,1
657,540,0.8120849621727737,0.8108085174385482,-0.12764447342255014,1,1
658,540,0.7900561590155001,0.7852616175226649,-0.47945414928352026,1,1
659,540,0.79366707142876,0.7917322510197932,-0.1934820408966864,1,1
660,540,0.5868649124762623,0.5848397443360528,-0.20251681402094768,1,1
661,540,0.6024133660604962,0.5988300902998386,-0.3583275760657645,1,1
662,540,0.5787775879165681,0.5761092167257175,-0.2668371190850616,1,1
663,540,0.6132001324088531,0.6112545044130727,-0.19456279957803524,1,1
664,540,0.7268313235592908,0.7246634448499762,-0.21678787093145635,1,1
665,540,0.06928759958607612,0.06637342773188591,-0.2914171854190212,15,21
666,540,0.08979942982508914,0.08022779551686449,-0.957163430822465,13,17
667,540,0.12401573754684052,0.1141799116164075,-0.9835825930433015,1,1
668,540,0.10516443883287291,0.08833275723008982,-1.6831681602783088,1,10
669,540,0.09531845299989034,0.0819948328059392,-1.3323620193951142,10,15
670,542,0.5073378759424534,0.5187020035044766,1.1364127562023207,1,1
671,542,0.4973764650538923,0.5063411890493116,0.8964723995419255,1,1
672,542,0.4845566153200868,0.4917383290800733,0.7181713759986497,1,1
673,542,0.4881518649991032,0.4974675822332592,0.9315717234156029,1,1
674,542,0.48265556550641625,0.49050852191288924,0.7852956406472988,1,1
675,542,0.7024003549083471,0.7043765577074309,0.1976202799083837,1,1
676,542,0.6668997829140451,0.6681785808721717,0.12787979581266873,1,1
677,542,0.6128426315756969,0.6176616708902988,0.4819039314601925,1,1
678,542,0.4834896849142065,0.5002969016454325,1.6807216731225982,1,1
679,542,0.5792833672718667,0.5965250011717528,1.7241633899886089,1,1
680,542,0.09154446752807055,0.10615545802944955,1.4610990501378998,19,8
681,542,0.10045762721623178,0.11847921073968654,1.8021583523454758,14,6
682,542,0.18191739440523405,0.21327467080013665,3.13572763949026,1,1
683,542,0.12328878056641054,0.16449065859416467,4.120187802775413,5,2
684,542,0.10075006233027668,0.11132879636886366,1.0578734038586974,28,26
685,542,0.36667611803046735,0.36725758080728865,0.058146277682130654,1,1
686,542,0.36178297983269836,0.36209302429608725,0.031004446338889213,1,1
687,542,0.3595129676909092,0.3599886341943926,0.04756665034834073,1,1
688,542,0.3648209229124188,0.36554859373928683,0.07276708268680321,1,1
689,542,0.3666768090436937,0.3673158043743991,0.0638995330705383,1,1
690,542,0.4293388144200797,0.43851206038707735,0.9173245966997645,1,1
691,542,0.5457651184919441,0.571773217446879,2.6008098954934944,1,1
692,542,0.6019967305811726,0.6241644424761118,2.2167711894939157,1,1
693,542,0.5822670544343251,0.6081263378957072,2.585928346138211,1,1
694,542,0.6695307850479689,0.6726264975933512,0.3095712545382323,1,1
695,542,0.544700405664998,0.5676773103276909,2.2976904662692865,1,1
696,542,0.5696185720772277,0.5796419954189327,1.002342334170503,1,1
697,542,0.7101380069151672,0.7178734159189953,0.7735409003828186,1,1
698,542,0.6069326740400042,0.6242559481200907,1.7323274080086493,1,1
699,542,0.6314605861722757,0.6431530306735244,1.1692444501248622,1,1
700,542,0.10299737822287841,0.11135172664455707,0.8354348421678661,26,26
701,542,0.12045676780701527,0.12674455555673078,0.6287787749715514,24,20
702,542,0.11718959170311924,0.1221933033709822,0.5003711667862967,24,22
703,542,0.12362617065349601,0.12947430157838824,0.5848130924892225,25,24
704,542,0.13914907872778182,0.1494947304426659,1.034565171488408,15,14
705,544,0.3244556150701576,0.31789397672371655,-0.6561638346441023,26,26
706,544,0.34604600247061196,0.34384320086094455,-0.2202801609667404,26,26
707,544,0.33230773298050487,0.32850770740241303,-0.3800025578091837,26,26
708,544,0.3756316311156917,0.37244736314799853,-0.3184267967693166,23,23
709,544,0.36750183282620347,0.36403900350380836,-0.3462829322395111,26,26
710,544,0.9174255628154437,0.9174497463301435,0.002418351469979374,1,1
711,544,0.9285021499787914,0.9276517648544005,-0.0850385124390951,1,1
712,544,0.9107897279163448,0.9113258216838908,0.0536093767545931,1,1
713,544,0.9407922917767234,0.9401441417554554,-0.06481500212680569,1,1
714,544,0.9369624765487288,0.936446104926088,-0.05163716226407322,1,1
715,544,0.887693470965191,0.8862823317791553,-0.1411139186035748,1,1
716,544,0.9247690199925512,0.9248980646642249,0.01290446716736282,1,1
717,544,0.9210839895008348,0.9222709526233814,0.11869631225466248,1,1
718,544,0.8660724078541758,0.865469798306971,-0.06026095472048132,1,1
719,544,0.8400729146559531,0.8397277464758581,-0.03451681800950013,1,1
720,544,1.0,1.0,0.0,1,1
721,544,0.9946766114753692,0.9949101430790779,0.023353160370864767,1,1
722,544,0.9996135729111749,0.9996135729111749,0.0,1,1
723,544,0.9984931071770243,0.998578223349097,0.008511617207263011,1,1
724,544,0.9977888395069147,0.9979237528130948,0.013491330618009556,1,1
725,544,0.9740998675715244,0.9768670437175004,0.27671761459759914,1,1
726,544,0.9656996174254603,0.9681903177316358,0.24907003061754862,1,1
727,544,0.978633014042645,0.9814300339890697,0.27970199464246726,1,1
728,544,0.9853516809182397,0.9869447578883643,0.1593076970124674,1,1
729,544,0.9766470514463305,0.979309309596251,0.26622581499204934,1,1
730,544,0.9717832633943779,0.9737528746653925,0.1969611271014582,1,1
731,544,0.9941359032495379,0.9946741487770662,0.05382455275282361,1,1
732,544,0.9802660201831569,0.982235276831323,0.19692566481660512,1,1
733,544,0.9831157634972219,0.9844092877138494,0.12935242166275396,1,1
734,544,0.9940452636442345,0.9945058822332786,0.0460618589044115,1,1
735,544,1.0,1.0,0.0,1,1
736,544,1.0,1.0,0.0,1,1
737,544,1.0,1.0,0.0,1,1
738,544,1.0,1.0,0.0,1,1
739,544,1.0,1.0,0.0,1,1
740,546,1.0,1.0,0.0,1,1
741,546,1.0,1.0,0.0,1,1
742,546,1.0,1.0,0.0,1,1
743,546,1.0,1.0,0.0,1,1
744,546,1.0,1.0,0.0,1,1
745,546,0.8511452815198571,0.8342039936423785,-1.6941287877478617,1,1
746,546,0.9102390056869433,0.8863229551979895,-2.3916050488953733,1,1
747,546,0.9321244097563967,0.9057382999922828,-2.638610976411382,1,1
748,546,0.9387113601464332,0.9095539128415947,-2.915744730483849,1,1
749,546,0.9003402387518249,0.8612812816271568,-3.9058957124668114,1,1
750,546,0.9259699425053805,0.9057631867002229,-2.0206755805157517,1,1
751,546,0.9002341278961078,0.885167758082117,-1.5066369813990788,1,1
752,546,0.9049556785123857,0.887371368876992,-1.7584309635393702,1,1
753,546,0.878130333621153,0.8651780574321443,-1.2952276189008738,1,1
754,546,0.8835862438781644,0.864942884934163,-1.8643358944001376,1,1
755,546,0.7954513852352094,0.7878437040941175,-0.7607681141091893,1,1
756,546,0.7845431777919205,0.7758953079566654,-0.8647869835255118,1,1
757,546,0.798869424235783,0.7918835032695625,-0.6985920966220527,1,1
758,546,0.7910618793395471,0.7831238483800922,-0.7938030959454889,1,1
759,546,0.797022832919991,0.7890308274962234,-0.7992005423767545,1,1
760,548,0.8292729265214038,0.8789853391643951,4.971241264299131,1,1
761,548,0.7405486626009207,0.7582447987136745,1.769613611275378,1,1
762,548,0.794240977819198,0.8437743639218607,4.953338610266266,1,1
763,548,0.7315273388053889,0.7798816166394037,4.83542778340148,1,1
764,548,0.7977162102554354,0.8221542272474389,2.443801699200354,1,1
765,548,0.10118407086133559,0.10125616608830162,0.007209522696603743,294,292
766,548,0.1158893645124035,0.1154964813421296,-0.039288317027390274,257,253
767,548,0.1329805170944028,0.1319108344891939,-0.10696826052088992,188,175
768,548,0.13997297045689353,0.13918180489040632,-0.07911655664872008,160,157
769,548,0.15920385667348583,0.15755807205581984,-0.16457846176659852,182,171
770,548,0.625807698576418,0.6189581681250348,-0.6849530451383257,1,1
771,548,0.6144710419594084,0.608201165008145,-0.6269876951263353,1,1
772,548,0.6090843709683497,0.6033629664580918,-0.5721404510257821,1,1
773,548,0.6106711225760787,0.6040773431628663,-0.6593779413212375,1,1
774,548,0.6176215385890181,0.6127668415035924,-0.4854697085425741,1,1
775,548,0.8751516180988138,0.8642871360665971,-1.0864482032216682,1,1
776,548,0.8758460735827059,0.8653495705818317,-1.0496503000874235,1,1
777,548,0.8321680314826692,0.8224826288172297,-0.9685402665439491,1,1
778,548,0.8470122544808956,0.8362896349692089,-1.0722619511686626,1,1
779,548,0.8591058933131931,0.8512761075409153,-0.7829785772277775,1,1
780,548,0.7246519307257715,0.7259231580394688,0.12712273136973318,1,1
781,548,0.7193942697489512,0.7179089971817949,-0.14852725671562483,1,1
782,548,0.7182695651994824,0.7158401555971654,-0.24294096023169676,1,1
783,548,0.7228223494651232,0.7203670430685599,-0.24553063965633282,1,1
784,548,0.7473256746790302,0.7462034179130217,-0.11222567660085225,1,1
785,548,0.5178404731340756,0.5599782854590943,4.213781232501878,1,1
786,548,0.5939617909852196,0.6221269651770986,2.8165174191879028,1,1
787,548,0.37910091069340407,0.41768357385214205,3.8582663158737986,4,3
788,548,0.6602879732924357,0.6732080289005254,1.292005560808973,1,1
789,548,0.49195869567467065,0.5106836697570803,1.8724974082409696,1,1
790,550,0.5938287035736094,0.5960310199407203,0.22023163671108792,1,1
791,550,0.6286458147076316,0.6340189701493776,0.5373155441745991,1,1
792,550,0.6135612471564761,0.6169952074278268,0.3433960271350678,1,1
793,550,0.66053620261743,0.664006529509165,0.3470326891735098,1,1
794,550,0.5791186259728023,0.5815722954507383,0.24536694779360158,1,1
795,550,0.6475577101919555,0.6545157164303219,0.6958006238366399,1,1
796,550,0.59472937746382,0.5990843021267795,0.4354924662959503,1,1
797,550,0.6285854552827531,0.6317528067247149,0.31673514419617854,1,1
798,550,0.5768846698945075,0.5831644194869573,0.6279749592449813,1,1
799,550,0.5947778865802983,0.5972644031486974,0.24865165683991552,1,1
800,550,0.7772188532166306,0.7550815448356507,-2.2137308380979936,1,1
801,550,0.810467879507922,0.7951629316609982,-1.5304947846923822,1,1
802,550,0.6930406787525946,0.6616417265503514,-3.13989522022432,1,1
803,550,0.7685839708884734,0.7442147952031837,-2.4369175685289735,1,1
804,550,0.6968767673042292,0.6680956957473146,-2.878107155691456,1,1
805,550,0.46711465369530125,0.4524550157458368,-1.4659637949464455,4,5
806,550,0.5476972152394145,0.5331051531584649,-1.4592062080949653,1,1
807,550,0.49137922025536196,0.47087403361715335,-2.050518663820861,2,2
808,550,0.6654799470142785,0.6466079623224994,-1.8871984691779087,1,1
809,550,0.6179819332699835,0.6080322841497536,-0.9949649120229886,1,1
810,550,0.7792226952273167,0.7851414559190815,0.591876069176478,1,1
811,550,0.7671950859807302,0.767738282657715,0.05431966769848806,1,1
812,550,0.7823353381115518,0.788100080036562,0.5764741925010197,1,1
813,550,0.8410303472291332,0.8448856656172481,0.38553183881149256,1,1
814,550,0.8090895919119682,0.810044686052089,0.0955094140120849,1,1
815,550,0.828715845155938,0.8220423606756933,-0.667348448024474,1,1
816,550,0.7644073049455986,0.7597445327565069,-0.4662772189091724,1,1
817,550,0.8064675238021355,0.804039618983267,-0.24279048188684538,1,1
818,550,0.8610399342208923,0.8619889064277483,0.09489722068559692,1,1
819,550,0.852807261058769,0.853745261124395,0.09380000656259435,1,1
820,550,0.8443915744681605,0.8498029600798145,0.5411385611653996,1,1
821,550,0.8547306459093914,0.8571045935864564,0.23739476770650025,1,1
822,550,0.8271538419020602,0.8298161465601559,0.2662304658095693,1,1
823,550,0.8079656038802351,0.8104378788474192,0.24722749671841626,1,1
824,550,0.8085471255984903,0.8142290379000166,0.568191230152626,1,1
825,550,0.6326454802005971,0.6347332113899773,0.20877311893802153,1,1
826,550,0.6296081451814078,0.6309012078532531,0.12930626718452576,1,1
827,550,0.6313822146793996,0.6330231706355156,0.16409559561160192,1,1
828,550,0.6452388440192226,0.6479118275301187,0.26729835108960653,1,1
829,550,0.6393738438515846,0.6402388749196847,0.08650310681000972,1,1
830,552,1.0,1.0,0.0,1,1
831,552,1.0,1.0,0.0,1,1
832,552,0.9999354317998385,0.9999675324675324,0.003210066769399056,1,1
833,552,1.0,1.0,0.0,1,1
834,552,0.9999675324675324,0.9999675324675324,0.0,1,1
835,552,0.9945456872734018,0.9907065314839747,-0.3839155789427062,1,1
836,552,0.9802852010608958,0.9749839000581002,-0.5301301002795578,1,1
837,552,1.0,0.9999675324675324,-0.003246753246755052,1,1
838,552,1.0,1.0,0.0,1,1
839,552,0.9897359541259643,0.9857471608713445,-0.398879325461976,1,1
840,552,1.0,1.0,0.0,1,1
841,552,1.0,1.0,0.0,1,1
842,552,1.0,1.0,0.0,1,1
843,552,1.0,1.0,0.0,1,1
844,552,1.0,1.0,0.0,1,1
845,552,0.9998357855391882,0.9998357855391882,0.0,1,1
846,552,0.9983586845119471,0.9984778615203608,0.01191770084136845,1,1
847,552,1.0,1.0,0.0,1,1
848,552,0.999902038683812,0.999902038683812,0.0,1,1
849,552,0.9997379859922616,0.9997714028677835,0.003341687552194106,1,1
850,552,1.0,1.0,0.0,1,1
851,552,1.0,1.0,0.0,1,1
852,552,1.0,1.0,0.0,1,1
853,552,1.0,1.0,0.0,1,1
854,552,1.0,1.0,0.0,1,1
855,552,1.0,1.0,0.0,1,1
856,552,1.0,1.0,0.0,1,1
857,552,1.0,1.0,0.0,1,1
858,552,1.0,1.0,0.0,1,1
859,552,1.0,1.0,0.0,1,1
860,552,1.0,1.0,0.0,1,1
861,552,1.0,1.0,0.0,1,1
862,552,1.0,1.0,0.0,1,1
863,552,1.0,1.0,0.0,1,1
864,552,1.0,1.0,0.0,1,1
865,552,0.9959435263991477,0.9962027424227258,0.025921602357803497,1,1
866,552,0.9980805850237402,0.9979890980443162,-0.009148697942396034,1,1
867,552,0.9967681076679774,0.9970609135267108,0.02928058587333693,1,1
868,552,0.9986073943440611,0.9985957260521898,-0.001166829187126961,1,1
869,552,0.9986092864442618,0.9986160386516449,0.0006752207383109443,1,1
870,554,0.8283444234764481,0.8188671768008254,-0.9477246675622664,1,1
871,554,0.7961454041769787,0.789636646725743,-0.6508757451235692,1,1
872,554,0.8367125455856168,0.8286974727312495,-0.8015072854367311,1,1
873,554,0.8040511511026902,0.7970870959702917,-0.6964055132398506,1,1
874,554,0.8152878338999355,0.8101525019680633,-0.5135331931872211,1,1
875,554,0.34438938232359745,0.34287532620867867,-0.15140561149187826,1,1
876,554,0.3314042284012831,0.32971464843954085,-0.1689579961742238,1,1
877,554,0.32038252328322026,0.3189181062246931,-0.14644170585271787,1,1
878,554,0.320415451449823,0.31927265526552234,-0.11427961843006318,1,1
879,554,0.3229384502921811,0.32065378631198205,-0.22846639801990531,1,1
880,554,0.7584054563917658,0.7515094355068377,-0.6896020884928133,1,1
881,554,0.7501907450663446,0.74242509718665,-0.7765647879694693,1,1
882,554,0.7515893014013332,0.744426840345777,-0.716246105555618,1,1
883,554,0.7456144221071673,0.7381160157841524,-0.7498406323014906,1,1
884,554,0.7370163232676586,0.7298861394030531,-0.713018386460551,1,1
885,554,0.821631985458153,0.8200025239140355,-0.1629461544117472,1,1
886,554,0.8367400376890894,0.8339662467391343,-0.2773790949955113,1,1
887,554,0.8352651295780055,0.8330203779833448,-0.22447515946606433,1,1
888,554,0.8422473403234708,0.839029837454439,-0.3217502869031774,1,1
889,554,0.8288921278014766,0.8261069916750791,-0.2785136126397525,1,1
890,554,0.7958536292658408,0.7946596554668688,-0.11939737989720145,1,1
891,554,0.8504471238432653,0.8485437503658982,-0.19033734773670208,1,1
892,554,0.9011455784613193,0.9006235446974877,-0.05220337638315309,1,1
893,554,0.8923024631168225,0.8909264114422835,-0.1376051674539025,1,1
894,554,0.8695997457860957,0.8681737235522117,-0.14260222338839945,1,1
895,554,0.5465234334338718,0.5482555590176164,0.17321255837445815,1,1
896,554,0.5678332726698142,0.5665178124231426,-0.1315460246671618,1,1
897,554,0.5863316124549227,0.5847839218530811,-0.1547690601841567,1,1
898,554,0.5800450566571294,0.5777996057494849,-0.22454509076444973,1,1
899,554,0.5785104570314284,0.5781090681320927,-0.04013888993357195,1,1
900,554,0.9512556655140505,0.9466310952724019,-0.462457024164864,1,1
901,554,0.9723728530069196,0.9711862791119786,-0.11865738949409232,1,1
902,554,0.9773121504840352,0.9766661915381248,-0.06459589459103521,1,1
903,554,0.9738727289818212,0.9738123479776849,-0.006038100413630065,1,1
904,554,0.9761707655395007,0.9756811578756764,-0.04896076638242208,1,1
905,556,0.9913895436444435,0.9951563204675143,0.37667768230708054,1,1
906,556,0.967719065292701,0.9652526966410578,-0.24663686516431804,1,1
907,556,0.9656212372857474,0.9655161043823178,-0.010513290342961668,1,1
908,556,0.9764788529197859,0.9758004327051315,-0.06784202146543628,1,1
909,556,0.9446146127066892,0.9443832907265765,-0.023132198011277527,1,1
910,556,0.33893603774979925,0.35772987800078565,1.8793840250986404,1,1
911,556,0.4171115914454798,0.4328951715410483,1.5783580095568461,1,1
912,556,0.2952092760100875,0.3055731928367851,1.0363916826697572,14,9
913,556,0.2339925634358104,0.24066623361760736,0.6673670181796959,45,44
914,556,0.3009432949212977,0.3110183977023315,1.0075102781033796,6,6
915,556,0.6931552437078697,0.6843583971286391,-0.8796846579230633,1,1
916,556,0.6811909752559285,0.6751953232775959,-0.5995651978332628,1,1
917,556,0.6546049830895775,0.6495164254405802,-0.5088557648997294,1,1
918,556,0.6604175404727609,0.656200547854189,-0.4216992618571891,1,1
919,556,0.6619680607778443,0.6551755205539579,-0.6792540223886423,1,1
920,556,0.8652202501233046,0.8690069203369476,0.3786670213642984,1,1
921,556,0.8743572287950836,0.8797855534723966,0.5428324677313023,1,1
922,556,0.8873178039009748,0.8896835733088683,0.23657694078934588,1,1
923,556,0.888837601654203,0.8908674111860448,0.2029809531841842,1,1
924,556,0.8785895827737068,0.8797210032841135,0.1131420510406711,1,1
925,556,0.4044199341149776,0.4223315791488858,1.7911645033908186,12,10
926,556,0.448707608288063,0.4789692009978541,3.026159270979112,8,4
927,556,0.5232919363511581,0.5421985465686081,1.8906610217449993,14,13
928,556,0.565102405746226,0.5820137127696084,1.6911307023382394,18,14
929,556,0.6590132387953692,0.6827641903034032,2.375095150803397,1,1
930,556,0.9573731257298511,0.9572715628232462,-0.010156290660490175,1,1
931,556,0.966851120119746,0.966168057033522,-0.06830630862240117,1,1
932,556,0.9772556536800172,0.9761495303791734,-0.11061233008438087,1,1
933,556,0.9725277471030364,0.9722085041900368,-0.03192429129995622,1,1
934,556,0.954708983539464,0.953993340834178,-0.07156427052860126,1,1
935,556,0.8919861327137617,0.8920504193377171,0.006428662395541185,1,1
936,556,0.9437911936860196,0.943388765096069,-0.04024285899506541,1,1
937,556,0.9396726783672398,0.9408430220369948,0.11703436697549918,1,1
938,556,0.9156717490857996,0.9186300968221228,0.2958347736323197,1,1
939,556,0.9098761799771056,0.908437311299738,-0.1438868677367533,1,1
940,556,0.9118433823312392,0.9151712790197981,0.3327896688558929,1,1
941,556,0.9058812794771133,0.9101588413830033,0.4277561905890015,1,1
942,556,0.8929116344848,0.8989885918295095,0.6076957344709477,1,1
943,556,0.9059151698340719,0.9110601832237255,0.5145013389653563,1,1
944,556,0.9057793019293776,0.9123160667916879,0.6536764862310251,1,1
945,558,0.6991248043563779,0.6999676644872482,0.08428601308703154,1,1
946,558,0.7156058996708851,0.7160764022483614,0.04705025774763838,1,1
947,558,0.7292736476317305,0.7287121935164389,-0.05614541152916264,1,1
948,558,0.7039292934094512,0.7026450211045269,-0.12842723049243387,1,1
949,558,0.6876805781907454,0.6868897796366511,-0.07907985540942519,1,1
950,558,0.7840358094922233,0.7803507612644648,-0.3685048227758503,1,1
951,558,0.7934856899848941,0.7884534683163033,-0.5032221668590853,1,1
952,558,0.7818344605639199,0.777012392651948,-0.4822067911971928,1,1
953,558,0.8075029658400152,0.8023567895673356,-0.5146176272679659,1,1
954,558,0.7960903701901384,0.7913326285442239,-0.47577416459144706,1,1
955,558,0.9487189141131116,0.949032780402551,0.031386628943941286,1,1
956,558,0.9422289927938654,0.942250276543459,0.0021283749593647983,1,1
957,558,0.9687967239535835,0.9668098321957654,-0.19868917578180767,1,1
958,558,0.9533075575503724,0.9526602460151637,-0.06473115352086944,1,1
959,558,0.9582124036708903,0.9568071664909378,-0.14052371799525565,1,1
960,558,0.9305544818609532,0.9350214858816547,0.4467004020701437,1,1
961,558,0.9361543712503749,0.9376844646444712,0.15300933940962658,1,1
962,558,0.9174589978880672,0.9244955407946661,0.7036542906598942,1,1
963,558,0.9065134233359308,0.9114611418843896,0.4947718548458879,1,1
964,558,0.9096845409040338,0.9147908623728122,0.5106321468778319,1,1
965,558,0.7370140616053227,0.7404747938499961,0.346073224467347,1,1
966,558,0.7463127715439071,0.7497508255302172,0.3438053986310141,1,1
967,558,0.7279339907863425,0.7320519918791863,0.41180010928438815,1,1
968,558,0.7448733689297025,0.749674069720397,0.4800700790694501,1,1
969,558,0.7591270642531345,0.7635802171304434,0.44531528773089635,1,1
970,558,0.9796650452434356,0.9797490136345761,0.008396839114055421,1,1
971,558,0.9760751321726447,0.9763686100780985,0.029347790545375396,1,1
972,558,0.9786413643377403,0.9790899173101785,0.04485529724381765,1,1
973,558,0.9788939034797675,0.9792031730335884,0.030926955382093446,1,1
974,558,0.978670345766127,0.9790258476262567,0.035550186012967,1,1
975,558,0.9934105829488636,0.9927794598104742,-0.06311231383894222,1,1
976,558,0.9886397754250947,0.9883597804569811,-0.027999496811359492,1,1
977,558,0.9875525583223884,0.9865242160179439,-0.1028342304444485,1,1
978,558,0.9939749628607468,0.9935128343696553,-0.04621284910915069,1,1
979,558,0.9836591555810431,0.9827418184112142,-0.09173371698288912,1,1
980,558,0.8492230756026621,0.8498115966389557,0.058852103629358776,1,1
981,558,0.8532204105312212,0.8535882736491436,0.03678631179223624,1,1
982,558,0.8770581012168314,0.8787854457897044,0.17273445728730463,1,1
983,558,0.8537312801297837,0.8547307364529274,0.09994563231436882,1,1
984,558,0.8451510970298683,0.8457726188890392,0.062152185917085934,1,1
985,560,0.9974245176041575,0.9950137613779236,-0.2410756226233879,1,1
986,560,1.0,1.0,0.0,1,1
987,560,0.9985414312264889,0.9961443304338247,-0.23971007926641974,1,1
988,560,0.985796647417753,0.9815124684569522,-0.42841789608007996,1,1
989,560,0.902128528118356,0.9033506454663818,0.12221173480257974,1,1
990,560,1.0,1.0,0.0,1,1
991,560,1.0,1.0,0.0,1,1
992,560,1.0,1.0,0.0,1,1
993,560,1.0,1.0,0.0,1,1
994,560,1.0,1.0,0.0,1,1
995,560,1.0,1.0,0.0,1,1
996,560,1.0,1.0,0.0,1,1
997,560,1.0,1.0,0.0,1,1
998,560,1.0,1.0,0.0,1,1
999,560,1.0,1.0,0.0,1,1
1000,560,1.0,1.0,0.0,1,1
1001,560,1.0,1.0,0.0,1,1
1002,560,1.0,1.0,0.0,1,1
1003,560,1.0,1.0,0.0,1,1
1004,560,1.0,1.0,0.0,1,1
1005,560,1.0,1.0,0.0,1,1
1006,560,1.0,1.0,0.0,1,1
1007,560,1.0,1.0,0.0,1,1
1008,560,1.0,1.0,0.0,1,1
1009,560,1.0,1.0,0.0,1,1
1010,560,1.0,1.0,0.0,1,1
1011,560,1.0,1.0,0.0,1,1
1012,560,1.0,1.0,0.0,1,1
1013,560,1.0,1.0,0.0,1,1
1014,560,1.0,1.0,0.0,1,1
1015,560,1.0,1.0,0.0,1,1
1016,560,1.0,1.0,0.0,1,1
1017,560,1.0,1.0,0.0,1,1
1018,560,1.0,1.0,0.0,1,1
1019,560,1.0,1.0,0.0,1,1
1020,562,0.8331676461864247,0.8387507935866363,0.5583147400211597,1,1
1021,562,0.8269319036313135,0.8293470837756644,0.24151801443508258,1,1
1022,562,0.7914120715882617,0.7984258209764308,0.7013749388169122,1,1
1023,562,0.8200512404078265,0.8246679435001368,0.4616703092310326,1,1
1024,562,0.8389501479926694,0.8432482306125972,0.4298082619927812,1,1
1025,562,0.7660864881764425,0.7758817779527507,0.9795289776308169,1,1
1026,562,0.7646684039540219,0.7749798343451576,1.031143039113569,1,1
1027,562,0.7519640875026848,0.761706842029198,0.9742754526513187,1,1
1028,562,0.7949779955118055,0.8056476271336321,1.0669631621826658,1,1
1029,562,0.7777776172601253,0.794394734034854,1.6617116774728768,1,1
1030,562,0.9697743092285817,0.9697743092285817,0.0,1,1
1031,562,0.9702628189934889,0.9710984199005184,0.0835600907029499,1,1
1032,562,1.0,1.0,0.0,1,1
1033,562,0.9754888010540184,0.9761670117322292,0.06782106782108333,1,1
1034,562,0.9673859916668135,0.9676215267410582,0.02355350742446749,1,1
1035,564,1.0,1.0,0.0,1,1
1036,564,1.0,1.0,0.0,1,1
1037,564,1.0,1.0,0.0,1,1
1038,564,1.0,1.0,0.0,1,1
1039,564,1.0,1.0,0.0,1,1
1040,564,1.0,1.0,0.0,1,1
1041,564,1.0,1.0,0.0,1,1
1042,564,1.0,1.0,0.0,1,1
1043,564,1.0,1.0,0.0,1,1
1044,564,1.0,1.0,0.0,1,1
1045,564,1.0,1.0,0.0,1,1
1046,564,1.0,1.0,0.0,1,1
1047,564,1.0,1.0,0.0,1,1
1048,564,1.0,1.0,0.0,1,1
1049,564,1.0,1.0,0.0,1,1
1050,564,1.0,1.0,0.0,1,1
1051,564,1.0,1.0,0.0,1,1
1052,564,1.0,1.0,0.0,1,1
1053,564,1.0,1.0,0.0,1,1
1054,564,1.0,1.0,0.0,1,1
1055,564,1.0,1.0,0.0,1,1
1056,564,1.0,1.0,0.0,1,1
1057,564,1.0,1.0,0.0,1,1
1058,564,1.0,1.0,0.0,1,1
1059,564,1.0,1.0,0.0,1,1
1060,564,1.0,1.0,0.0,1,1
1061,564,1.0,1.0,0.0,1,1
1062,564,1.0,1.0,0.0,1,1
1063,564,1.0,1.0,0.0,1,1
1064,564,1.0,1.0,0.0,1,1
1065,564,0.9992134240500427,0.9994724140293776,0.025898997933493373,1,1
1066,564,0.9994724140293776,0.9996458415767268,0.017342754734916976,1,1
1067,564,0.9993375728991858,0.999602562850109,0.02649899509231668,1,1
1068,564,1.0,1.0,0.0,1,1
1069,564,0.9995584166905265,0.9997362380956946,0.01778214051680882,1,1
1070,566,0.9392498341447687,0.932930484941171,-0.6319349203597668,1,1
1071,566,0.9431842300281388,0.9367103560461771,-0.6473873981961642,1,1
1072,566,0.9371478896179346,0.9264818930707156,-1.0665996547219003,1,1
1073,566,0.8922849896840152,0.8821600006496866,-1.0124989034328569,1,1
1074,566,0.9478089019914845,0.9422317411598604,-0.5577160831624073,1,1
1075,566,0.8215476974510755,0.8229224117884216,0.137471433734615,1,1
1076,566,0.8526165941987368,0.851915619609641,-0.0700974589095793,1,1
1077,566,0.7807205316503577,0.7831069311858733,0.23863995355155598,1,1
1078,566,0.7368897273136008,0.7354250429979315,-0.14646843156692624,1,1
1079,566,0.7763254219693329,0.775658145572312,-0.06672763970207995,1,1
1080,566,0.8622841707363081,0.8621946775685597,-0.008949316774842231,1,1
1081,566,0.8176642012603657,0.8169824424427982,-0.06817588175674905,1,1
1082,566,0.8400473821763067,0.8379135686718184,-0.2133813504488269,1,1
1083,566,0.813327034898793,0.8131428686033733,-0.018416629541972984,1,1
1084,566,0.8610370201176236,0.8598169990552372,-0.12200210623863894,1,1
1085,566,0.8694772008859598,0.8690459146425878,-0.04312862433719644,1,1
1086,566,0.8545156868235615,0.8549101074114329,0.039442058787142464,1,1
1087,566,0.7985013217765666,0.7981315301110186,-0.03697916655480693,1,1
1088,566,0.7873978291223317,0.7863812849707992,-0.10165441515325169,1,1
1089,566,0.7644904746427749,0.7598934862855452,-0.4596988357229659,1,1
1090,566,0.8667225530574433,0.8705532155159611,0.38306624585178195,1,1
1091,566,0.8901746999344141,0.8958538506437072,0.5679150709293035,1,1
1092,566,0.8640721415790901,0.8704158179778216,0.6343676398731568,1,1
1093,566,0.8836267271251296,0.8892251192945163,0.5598392169386734,1,1
1094,566,0.8978389454516423,0.9007360937612848,0.28971483096424944,1,1
1095,566,0.7488705074297153,0.7499683905953791,0.10978831656638377,1,1
1096,566,0.8135729880824806,0.8105025653995807,-0.30704226828999204,1,1
1097,566,0.8029199404588521,0.8037357525237816,0.0815812064929533,1,1
1098,566,0.7881282260318385,0.786684524756828,-0.14437012750104783,1,1
1099,566,0.8408744957338766,0.8388688393690142,-0.20056563648623849,1,1
1100,566,0.8037240477916096,0.7979802948158774,-0.5743752975732153,1,1
1101,566,0.7977946029326043,0.7909346668399604,-0.6859936092643903,1,1
1102,566,0.7906315845809814,0.7868706725793988,-0.37609120015825726,1,1
1103,566,0.7314530640649476,0.7254946758319031,-0.5958388233044509,1,1
1104,566,0.8016469546954045,0.7974942432679746,-0.41527114274299004,1,1
1105,566,0.44481253705376267,0.43952706751056453,-0.528546954319814,1,2
1106,566,0.6360853076508005,0.619110840748561,-1.6974466902239471,1,1
1107,566,0.5414576337964666,0.5331431216307897,-0.8314512165676913,1,1
1108,566,0.5207956383793383,0.5154818388482579,-0.5313799531080354,2,7
1109,566,0.552601664852683,0.5475664758911277,-0.5035188961555304,7,13
1110,568,1.0,1.0,0.0,1,1
1111,568,0.998867924528302,0.998867924528302,0.0,1,1
1112,568,1.0,1.0,0.0,1,1
1113,568,1.0,1.0,0.0,1,1
1114,568,0.9996078431372548,0.9996078431372548,0.0,1,1
1115,568,1.0,1.0,0.0,1,1
1116,568,1.0,1.0,0.0,1,1
1117,568,1.0,1.0,0.0,1,1
1118,568,1.0,1.0,0.0,1,1
1119,568,1.0,1.0,0.0,1,1
1120,568,0.9872201004835501,0.9884614545433508,0.12413540598006367,1,1
1121,568,0.9969093748610556,0.9984226059654631,0.15132311044074864,1,1
1122,568,0.7165560042633047,0.7161359134483406,-0.04200908149640803,1,1
1123,568,0.9725862013330884,0.9781654738572293,0.5579272524140921,1,1
1124,568,1.0,1.0,0.0,1,1
1125,570,0.8230587489570369,0.8162060569262057,-0.6852692030831165,1,1
1126,570,0.8214786808540507,0.8113017676465736,-1.0176913207477156,1,1
1127,570,0.8550358484582424,0.8504809850850088,-0.4554863373233631,1,1
1128,570,0.8124684598127536,0.8060504632424054,-0.641799657034825,1,1
1129,570,0.7251395995264421,0.7093668182588136,-1.5772781267628488,1,1
1130,570,0.9248876832723331,0.921608402764371,-0.32792805079621123,1,1
1131,570,0.9117503758943173,0.907096602249174,-0.46537736451433,1,1
1132,570,0.9347229340860604,0.931811381128114,-0.29115529579464283,1,1
1133,570,0.9117731181222162,0.9102101223402167,-0.15629957819994766,1,1
1134,570,0.9029488976805715,0.8994074423830224,-0.3541455297549123,1,1
1135,570,0.9124937368108593,0.8945353085596958,-1.795842825116356,1,1
1136,570,0.8922115508156677,0.8775232306219315,-1.4688320193736226,1,1
1137,570,0.9000736109093765,0.8941764776357997,-0.5897133273576882,1,1
1138,570,0.9536121156527744,0.9485503084448019,-0.5061807207972446,1,1
1139,570,0.9547712581429513,0.9444564944595881,-1.0314763683363148,1,1
1140,570,0.844262630535631,0.839136314012365,-0.5126316523266006,1,1
1141,570,0.9107577778541113,0.9084401005268925,-0.231767732721877,1,1
1142,570,0.8818612077659096,0.8787696785140243,-0.3091529251885272,1,1
1143,570,0.877530386396232,0.874251199852913,-0.3279186543319046,1,1
1144,570,0.8532670000850788,0.8496982829873246,-0.35687170977541927,1,1
1145,570,0.899512806349029,0.898140904640001,-0.13719017090280117,1,1
1146,570,0.9229470447802453,0.9220465252668547,-0.09005195133905408,1,1
1147,570,0.9262349893924733,0.9254101942906892,-0.0824795101784126,1,1
1148,570,0.8883754584420884,0.8861323051348855,-0.22431533072029275,1,1
1149,570,0.9011436550359012,0.8965085827996828,-0.4635072236218396,1,1
1150,570,0.9894211555199058,0.9849723591520232,-0.4448796367882646,1,1
1151,570,0.9925327811032175,0.9878542855036183,-0.46784955995992084,1,1
1152,570,0.9975177929767396,0.9947225707714609,-0.27952222052787246,1,1
1153,570,0.9990866194633804,0.9978521502470441,-0.1234469216336298,1,1
1154,570,0.9997350915921149,0.9984850400856529,-0.12500515064620688,1,1
1155,570,0.9869580266907898,0.9856955486515316,-0.12624780392581636,1,1
1156,570,0.9999558498896247,0.9999558498896247,0.0,1,1
1157,570,0.9786407705006542,0.9767922524586978,-0.1848518041956404,1,1
1158,570,0.9823654711330062,0.9813260915325976,-0.10393796004085631,1,1
1159,570,0.990749029915954,0.9904047092427182,-0.0344320673235865,1,1
1160,572,1.0,1.0,0.0,1,1
1161,572,1.0,1.0,0.0,1,1
1162,572,1.0,1.0,0.0,1,1
1163,572,1.0,1.0,0.0,1,1
1164,572,1.0,1.0,0.0,1,1
1165,572,0.964745965966835,0.9631284498955143,-0.1617516071320768,1,1
1166,572,0.9607533453091206,0.9587843941847978,-0.19689511243228264,1,1
1167,572,0.9547588924656387,0.9548587769246731,0.009988445903441612,1,1
1168,572,0.9661445613296467,0.9701898472150915,0.4045285885444838,1,1
1169,572,0.9819011322099477,0.9800697253675156,-0.1831406842432104,1,1
1170,572,0.9803044794028519,0.9786589303756188,-0.16455490272331286,1,1
1171,572,0.948442653286284,0.9463733587490094,-0.20692945372745575,1,1
1172,572,0.9900540995920248,0.988803371277419,-0.125072831460582,1,1
1173,572,0.913426430217998,0.9092025488509736,-0.422388136702434,1,1
1174,572,0.9009680132067793,0.8952974852187617,-0.5670527988017593,1,1
1175,572,0.9991233272043742,0.9992164482074732,0.009312100309899485,1,1
1176,572,0.9908707331654607,0.9926776828244959,0.1806949659035162,1,1
1177,572,0.9942344921552662,0.9959651625819752,0.17306704267090467,1,1
1178,572,0.9973050405729805,0.9981438043840855,0.08387638111049256,1,1
1179,572,0.9811487047661617,0.9845763993802766,0.3427694614114962,1,1
1180,572,1.0,1.0,0.0,1,1
1181,572,1.0,1.0,0.0,1,1
1182,572,1.0,1.0,0.0,1,1
1183,572,1.0,1.0,0.0,1,1
1184,572,1.0,1.0,0.0,1,1
1185,572,0.9869620470568192,0.987481211332318,0.051916427549880684,1,1
1186,572,0.9825036203116841,0.9828456985737943,0.03420782621101903,1,1
1187,572,0.9788673938481757,0.9792445637566259,0.037716990845027,1,1
1188,572,0.9752549512231459,0.9768421709700283,0.15872197468824734,1,1
1189,572,0.9824913725641522,0.9862733955647749,0.3782023000622692,1,1
1190,572,0.950480426216008,0.9484906129663319,-0.19898132496761756,1,1
1191,572,0.9688906016851105,0.9663938852268735,-0.24967164582370138,1,1
1192,572,0.9586883494417069,0.9570820968311675,-0.16062526105393715,1,1
1193,572,0.9630193573602066,0.9611430626473709,-0.187629471283568,1,1
1194,572,0.9753762927441437,0.974635862395724,-0.07404303484197516,1,1
1195,572,0.9998723064644852,0.9996911196911197,-0.018118677336553812,1,1
1196,572,1.0,1.0,0.0,1,1
1197,572,1.0,1.0,0.0,1,1
1198,572,1.0,1.0,0.0,1,1
1199,572,1.0,1.0,0.0,1,1
1200,574,0.7483740268048457,0.7380770190902054,-1.029700771464026,1,1
1201,574,0.8127118270982188,0.806289227861683,-0.6422599236535764,1,1
1202,574,0.8235491844603297,0.8192502401952078,-0.42989442651218956,1,1
1203,574,0.8266860285659025,0.822510998291623,-0.41750302742794565,1,1
1204,574,0.8324919986009844,0.826362464306046,-0.6129534294938455,1,1
1205,574,0.8660247640283181,0.8639728115193654,-0.20519525089526258,1,1
1206,574,0.8709557087498367,0.8721462840428533,0.11905752930165825,1,1
1207,574,0.8789825259205202,0.8832649679087138,0.4282441988193608,1,1
1208,574,0.9052293102271822,0.9096769039160703,0.44475936888880296,1,1
1209,574,0.8726015842008674,0.8791804650597487,0.6578880858881253,1,1
1210,574,0.933230870511256,0.9331087444899488,-0.012212602130712291,1,1
1211,574,0.9192948573771392,0.9193483104455398,0.005345306840054409,1,1
1212,574,0.9258626739939025,0.9238621098471966,-0.20005641467059077,1,1
1213,574,0.9326647302472327,0.9314929058279724,-0.11718244192603366,1,1
1214,574,0.9299694081980484,0.928145887660601,-0.18235205374473873,1,1
1215,574,0.9342849414448062,0.9329228155961079,-0.13621258486983256,1,1
1216,574,0.9678939899059276,0.9647522433504461,-0.3141746555481495,1,1
1217,574,0.9600864990411189,0.9574678940878986,-0.2618604953220305,1,1
1218,574,0.9666453075888347,0.9642626363941842,-0.23826711946505208,1,1
1219,574,0.9779262342609417,0.9735254096741975,-0.44008245867441786,1,1
1220,574,0.6622010931515327,0.6569908367246982,-0.5210256426834592,1,1
1221,574,0.6642943920870709,0.6561012518408452,-0.8193140246225639,1,1
1222,574,0.7047203951922644,0.6962797399818861,-0.844065521037829,1,1
1223,574,0.7097173062265916,0.7021649376196949,-0.7552368606896676,1,1
1224,574,0.7077348839464118,0.6982419156248545,-0.9492968321557327,1,1
1225,574,0.9994683026584867,0.998164895597799,-0.13034070606877668,1,1
1226,574,0.9973767432879576,0.9928495863119989,-0.4527156975958624,1,1
1227,574,0.9943727077094725,0.9894074644292019,-0.49652432802705926,1,1
1228,574,0.9963719025114263,0.9912650083342647,-0.5106894177161592,1,1
1229,574,0.9901506751076088,0.9729636331625583,-1.7187041945050496,1,1
1230,574,0.8907325672723647,0.8782687615703259,-1.2463805702038866,1,1
1231,574,0.798614826316104,0.782776575962402,-1.583825035370201,1,1
1232,574,0.7905737568021416,0.7818744205984702,-0.869933620367136,1,1
1233,574,0.8443326864174824,0.8252376822589572,-1.9095004158525164,1,1
1234,574,0.8600319342617729,0.8359728188790219,-2.4059115382751073,1,1
1235,576,1.0,1.0,0.0,1,1
1236,576,1.0,1.0,0.0,1,1
1237,576,1.0,1.0,0.0,1,1
1238,576,1.0,1.0,0.0,1,1
1239,576,1.0,1.0,0.0,1,1
1240,576,1.0,1.0,0.0,1,1
1241,576,1.0,1.0,0.0,1,1
1242,576,1.0,1.0,0.0,1,1
1243,576,1.0,1.0,0.0,1,1
1244,576,1.0,1.0,0.0,1,1
1245,576,0.9565720811372099,0.9567856436011468,0.021356246393688938,1,1
1246,576,0.9499117876752969,0.9501331017949163,0.022131411961934244,1,1
1247,576,0.9514292636735244,0.9515845963809746,0.015533270745016203,1,1
1248,576,0.9556252661228813,0.9559200968939717,0.02948307710903819,1,1
1249,576,0.9557269791907834,0.9559872456540351,0.026026646325172376,1,1
1250,576,0.9920611560760767,0.9912125629845062,-0.0848593091570482,1,1
1251,576,0.9929918480664431,0.9921886249370383,-0.08032231294048398,1,1
1252,576,0.9755148107806542,0.9754044121459154,-0.011039863473871758,1,1
1253,576,0.9830353531122081,0.982342364438861,-0.06929886733471058,1,1
1254,576,0.976060967494927,0.976060967494927,0.0,1,1
1255,576,1.0,1.0,0.0,1,1
1256,576,1.0,1.0,0.0,1,1
1257,576,1.0,1.0,0.0,1,1
1258,576,1.0,1.0,0.0,1,1
1259,576,1.0,1.0,0.0,1,1
1260,576,1.0,1.0,0.0,1,1
1261,576,1.0,1.0,0.0,1,1
1262,576,1.0,1.0,0.0,1,1
1263,576,1.0,1.0,0.0,1,1
1264,576,1.0,1.0,0.0,1,1
1265,576,0.8693623933137542,0.8690184963851002,-0.034389692865399724,1,1
1266,576,0.8900475135973022,0.8899149140635177,-0.013259953378441658,1,1
1267,576,0.870992361381822,0.8708624583696163,-0.01299030122057232,1,1
1268,576,0.8575256912825002,0.85739670085135,-0.012899043115022213,1,1
1269,576,0.8675128545773635,0.8674323226177991,-0.00805319595643672,1,1
1270,578,0.6103356120989623,0.6152902862527646,0.4954674153802352,1,1
1271,578,0.6237534159579169,0.6300810290097038,0.6327613051786862,1,1
1272,578,0.6901191644075542,0.6981913174663866,0.8072153058832465,1,1
1273,578,0.6025284154905527,0.6035035433345557,0.09751278440029987,1,1
1274,578,0.5973660145058026,0.5993790996261098,0.20130851203071787,1,1
1275,578,0.3891750954078388,0.41333489701903064,2.415980161119186,1,1
1276,578,0.43017889651745156,0.43139709108691054,0.12181945694589857,1,1
1277,578,0.5022584515318388,0.4994925063422847,-0.27659451895540865,1,1
1278,578,0.4043508873645824,0.4227464953143063,1.8395607949723891,1,1
1279,578,0.4430596642255186,0.4427860881308712,-0.027357609464739863,1,1
1280,578,0.8219078136479626,0.8398712122318089,1.7963398583846324,1,1
1281,578,0.8075739526532335,0.8243585197635737,1.6784567110340154,1,1
1282,578,0.823315270838423,0.8388000823345817,1.5484811496158657,1,1
1283,578,0.8796095660650053,0.8930232719835275,1.34137059185222,1,1
1284,578,0.8730060343995105,0.8843133905731253,1.130735617361478,1,1
1285,578,0.7103850778580422,0.7226883297879244,1.2303251929882242,1,1
1286,578,0.7573723221574895,0.7631476173469682,0.5775295189478724,1,1
1287,578,0.7248484885859309,0.7355540016902287,1.0705513104297792,1,1
1288,578,0.804953164159276,0.8114908452525099,0.6537681093233938,1,1
1289,578,0.773786080338248,0.7780977499527658,0.4311669614517788,1,1
1290,578,0.4796832149906677,0.49310452622427037,1.3421311233602684,1,1
1291,578,0.4754689295018541,0.4934877184177711,1.8018788915917017,1,1
1292,578,0.48430596962678896,0.5048369520200905,2.0530982393301533,1,1
1293,578,0.4448512777763452,0.45750529469021883,1.2654016913873634,1,1
1294,578,0.45906213167144244,0.46776773343861316,0.8705601767170723,1,1
1295,578,0.7872724682652104,0.8151611057956968,2.7888637530486426,1,1
1296,578,0.7380569071426192,0.7672326570566363,2.917574991401717,1,1
1297,578,0.7706975348352206,0.8022293307110567,3.15317958758361,1,1
1298,578,0.7267165154056923,0.7579479701625463,3.123145475685407,1,1
1299,578,0.7974094560025959,0.8425781907757287,4.516873477313277,1,1
1300,578,0.8926895839728807,0.8920011476566997,-0.06884363161809848,1,1
1301,578,0.8987088472100044,0.8973483495066779,-0.13604977033265797,1,1
1302,578,0.8836133707107157,0.884717233375043,0.11038626643273819,1,1
1303,578,0.8636055261394027,0.8664945178588876,0.2888991719484979,1,1
1304,578,0.8833681814913047,0.8831346122882356,-0.02335692030690506,1,1
1305,578,0.757729217813005,0.7769450021517449,1.9215784338739939,1,1
1306,578,0.7908944900687828,0.8120613480725514,2.1166858003768607,1,1
1307,578,0.7727383909965345,0.7867887300691359,1.4050339072601337,1,1
1308,578,0.8019029754240478,0.8120689395909476,1.0165964166899855,1,1
1309,578,0.839993998808672,0.8642358218645445,2.4241823055872525,1,1
1310,580,0.6978549700264113,0.6925702393793797,-0.528473064703161,1,1
1311,580,0.7310620272095798,0.7387363932437016,0.7674366034121749,1,1
1312,580,0.7037492414845707,0.702250854981657,-0.14983865029137844,1,1
1313,580,0.6959820258008477,0.695536323887349,-0.044570191349868615,1,1
1314,580,0.6737087115766933,0.6657973917049176,-0.7911319871775735,1,1
1315,580,0.41700520178800826,0.42407567831565807,0.7070476527649805,42,37
1316,580,0.4765673800688155,0.48347827419812445,0.6910894129308953,10,12
1317,580,0.5151030682801596,0.5188650511829038,0.376198290274421,12,12
1318,580,0.5004707401896392,0.5065771438380078,0.6106403648368564,11,12
1319,580,0.49172381639115,0.4974365759552766,0.5712759564126646,12,12
1320,580,0.8984691411768738,0.8955992351414633,-0.28699060354104855,1,1
1321,580,0.8822990367978089,0.8772280899604813,-0.5070946837327561,1,1
1322,580,0.8919746926698,0.892338398716758,0.03637060469580122,1,1
1323,580,0.9262341099854791,0.9245467956914959,-0.16873142939831665,1,1
1324,580,0.9091514570415914,0.9076713369657282,-0.14801200758631783,1,1
1325,580,0.8586552501222185,0.8569127832388611,-0.17424668833574408,1,1
1326,580,0.8424366255110497,0.838130871539817,-0.4305753971232673,1,1
1327,580,0.859686615340805,0.8575740959730859,-0.21125193677191678,1,1
1328,580,0.8391588084655106,0.8385478565201038,-0.06109519454068346,1,1
1329,580,0.8567409082979338,0.8550696467993021,-0.16712614986317265,1,1
1330,580,0.9044407569805516,0.8998391653473609,-0.4601591633190738,1,1
1331,580,0.925175912056508,0.9200479039112387,-0.5128008145269258,1,1
1332,580,0.8943825319699512,0.8897173951618541,-0.46651368080971034,1,1
1333,580,0.8262526752416001,0.8306682701307214,0.4415594889121355,1,1
1334,580,0.8354788089866417,0.8313500713620033,-0.412873762463839,1,1
1335,580,0.9044048321239845,0.9033200354611046,-0.10847966628798611,1,1
1336,580,0.8592627929324482,0.8577696634519186,-0.1493129480529598,1,1
1337,580,0.841601791110852,0.8395828364684835,-0.20189546423684535,1,1
1338,580,0.8905756433364436,0.8897498338219993,-0.08258095144442201,1,1
1339,580,0.8819549337943551,0.8800541196581493,-0.19008141362057973,1,1
1340,580,0.8562228141407474,0.8585300541693827,0.2307240028635249,1,1
1341,580,0.8318201980116549,0.8352896963173846,0.34694983057297346,1,1
1342,580,0.8696163550069861,0.8719129629205207,0.22966079135345874,1,1
1343,580,0.858649492357595,0.860280301212899,0.1630808855303978,1,1
1344,580,0.8596654109206882,0.8620099762322778,0.23445653115896636,1,1
1345,580,0.8683992064734795,0.8695071544063697,0.1107947932890263,1,1
1346,580,0.8675567879955536,0.8673542435316202,-0.02025444639334184,1,1
1347,580,0.8501904562881223,0.8516454216841627,0.14549653960403974,1,1
1348,580,0.8767672862336453,0.8769356819405474,0.016839570690208028,1,1
1349,580,0.8793728821034129,0.8789864326477677,-0.03864494556452547,1,1
1350,582,0.9292961418330911,0.929699286122043,0.04031442889519399,1,1
1351,582,0.9345712176417176,0.9348612058682985,0.028998822658088397,1,1
1352,582,0.9514824821292303,0.952771814166349,0.12893320371187844,1,1
1353,582,0.9491970299409309,0.9560081243142738,0.681109437334293,1,1
1354,582,0.9483511461646095,0.9496437865305443,0.1292640365934794,1,1
1355,582,0.8303782692265808,0.8291514827518248,-0.12267864747559365,1,1
1356,582,0.813100802275791,0.8133094915083533,0.02086892325623424,1,1
1357,582,0.8144933829342562,0.8147560942931198,0.026271135886357655,1,1
1358,582,0.7968611091110313,0.7970089100323654,0.014780092133415135,1,1
1359,582,0.7695249624719204,0.7697851412705468,0.026017879862638704,1,1
1360,582,0.20351202859007422,0.19836128541641643,-0.5150743173657796,1,1
1361,582,0.18287642693436892,0.17583575464342738,-0.7040672290941546,1,1
1362,582,0.17596509973805594,0.16942971678336632,-0.6535382954689611,1,3
1363,582,0.2570541504150907,0.2540249831037893,-0.30291673113014284,1,1
1364,582,0.2533884476756804,0.25008735419362954,-0.33010934820508764,1,1
1365,582,0.946498801980792,0.9513106448221437,0.4811842841351721,1,1
1366,582,0.9432211484095914,0.9472708924075401,0.40497439979487737,1,1
1367,582,0.952688580560637,0.9568985455310737,0.4209964970436686,1,1
1368,582,0.9429597498718876,0.9456945486076217,0.2734798735734123,1,1
1369,582,0.9608627016639906,0.9614015340870781,0.05388324230874986,1,1
1370,582,0.9236456834336988,0.9248689851080695,0.12233016743706804,1,1
1371,582,0.9260678981486022,0.9273254623574023,0.1257564208800077,1,1
1372,582,0.9297159704363753,0.9314690215870481,0.1753051150672813,1,1
1373,582,0.9252726258108473,0.9263999607676491,0.11273349568017288,1,1
1374,582,0.9174599119418456,0.9190261523190251,0.15662403771794509,1,1
1375,582,0.8920880558539881,0.891591334316875,-0.04967215371131095,1,1
1376,582,0.8984976973667532,0.8983900147074552,-0.010768265929805843,1,1
1377,582,0.9045609688415932,0.9033218347006592,-0.12391341409340173,1,1
1378,582,0.9279132655369436,0.9276015806998226,-0.031168483712107342,1,1
1379,582,0.9164166687900177,0.9158972416951913,-0.05194270948264412,1,1
1380,582,0.8475274547142044,0.846831009501606,-0.06964452125984844,1,1
1381,582,0.8496479663212836,0.8490316093066187,-0.06163570146648922,1,1
1382,582,0.8724795985118219,0.8756811315415991,0.3201533029777215,1,1
1383,582,0.868954740158488,0.8658878469756544,-0.30668931828335966,1,1
1384,582,0.896131095148788,0.9011720057355225,0.5040910586734504,1,1
1385,582,0.8895043990857758,0.8905506597298978,0.10462606441219435,1,1
1386,582,0.8987626548296381,0.9021673377118311,0.34046828821929775,1,1
1387,582,0.8854518075337855,0.8890284871183797,0.3576679584594178,1,1
1388,582,0.9111676288132555,0.9131085020451843,0.1940873231928819,1,1
1389,582,0.8835371676735001,0.8872959032838126,0.375873561031248,1,1
1390,584,0.6132233379270372,0.6292091187132444,1.598578078620716,1,1
1391,584,0.6216987284658264,0.6396547264066402,1.7955997940813817,1,1
1392,584,0.672414061241764,0.6851817709085065,1.2767709666742566,1,1
1393,584,0.604383761886613,0.6193098503409028,1.4926088454289776,1,1
1394,584,0.6777045359483287,0.6877555928638833,1.0051056915554635,1,1
1395,584,0.9485417498757706,0.9692027844635095,2.0661034587738936,1,1
1396,584,0.9235803135447525,0.9256677067056587,0.20873931609062257,1,1
1397,584,0.7177724458553054,0.7195502008494096,0.17777549941041526,1,1
1398,584,0.8313939722380214,0.8410811005245187,0.9687128286497315,1,1
1399,584,0.8087878811182142,0.8184627545263402,0.9674873408126006,1,1
1400,584,0.7086167126246162,0.70900188702946,0.038517440484375776,1,1
1401,584,0.7206109878588932,0.7204505970921463,-0.016039076674689845,1,1
1402,584,0.709981210831931,0.7100546619952198,0.007345116328882906,1,1
1403,584,0.7340709998594507,0.7371481415799613,0.30771417205106566,1,1
1404,584,0.7373966523224759,0.7377363840562631,0.033973173378720745,1,1
1405,584,0.7583800691672593,0.7551666075920779,-0.3213461575181431,1,1
1406,584,0.7361962793549118,0.730569531794208,-0.5626747560703804,1,1
1407,584,0.7424896691817048,0.7395138907062447,-0.29757784754600447,1,1
1408,584,0.629207828409636,0.6363009928981928,0.7093164488556791,1,1
1409,584,0.6909249182789746,0.6891716600013613,-0.1753258277613301,1,1
1410,584,0.8086395921444887,0.8087844517463932,0.014485960190457892,1,1
1411,584,0.8166934354736026,0.8172131753818894,0.05197399082867982,1,1
1412,584,0.8008234881268186,0.802709333379,0.1885845252181384,1,1
1413,584,0.8086425463647459,0.8104570924914332,0.18145461266872998,1,1
1414,584,0.7952918624195061,0.7989079302198518,0.36160678003457347,1,1
1415,584,0.9759587427003338,0.9716214352077969,-0.43373074925369126,1,1
1416,584,0.981993874727997,0.9742154638655409,-0.777841086245612,1,1
1417,584,0.963763895446424,0.9600388979576338,-0.37249974887902937,1,1
1418,584,0.9443413388584785,0.9311339582705784,-1.3207380587900053,1,1
1419,584,0.9628334003922984,0.9596881161397111,-0.31452842525873104,1,1
1420,584,0.3185208973533934,0.2806141642702473,-3.790673308314607,1,1
1421,584,0.41648544937091175,0.40442770588571225,-1.2057743485199501,1,1
1422,584,0.3097258211136307,0.26022052697938886,-4.9505294134241815,1,1
1423,584,0.3487993055099093,0.3022590323088465,-4.65402732010628,1,1
1424,584,0.47264694449184064,0.45407168431831224,-1.8575260173528396,1,1
1425,584,0.6893023015867964,0.6924537373583788,0.31514357715823893,1,1
1426,584,0.7328103029485629,0.7318212930908007,-0.09890098577621798,1,1
1427,584,0.737562537309647,0.7421870573671151,0.4624520057468051,1,1
1428,584,0.7097604841702038,0.7137095414541876,0.394905728398387,1,1
1429,584,0.6985064742209492,0.7018801161189189,0.3373641897969626,1,1
1430,586,1.0,1.0,0.0,1,1
1431,586,1.0,1.0,0.0,1,1
1432,586,1.0,1.0,0.0,1,1
1433,586,1.0,1.0,0.0,1,1
1434,586,1.0,1.0,0.0,1,1
1435,586,1.0,1.0,0.0,1,1
1436,586,1.0,1.0,0.0,1,1
1437,586,1.0,1.0,0.0,1,1
1438,586,1.0,1.0,0.0,1,1
1439,586,1.0,1.0,0.0,1,1
1440,586,1.0,1.0,0.0,1,1
1441,586,1.0,1.0,0.0,1,1
1442,586,1.0,1.0,0.0,1,1
1443,586,1.0,1.0,0.0,1,1
1444,586,1.0,1.0,0.0,1,1
1445,586,1.0,1.0,0.0,1,1
1446,586,1.0,1.0,0.0,1,1
1447,586,1.0,1.0,0.0,1,1
1448,586,1.0,1.0,0.0,1,1
1449,586,1.0,1.0,0.0,1,1
1450,586,1.0,1.0,0.0,1,1
1451,586,1.0,1.0,0.0,1,1
1452,586,1.0,1.0,0.0,1,1
1453,586,1.0,1.0,0.0,1,1
1454,586,1.0,1.0,0.0,1,1
1455,586,1.0,1.0,0.0,1,1
1456,586,1.0,1.0,0.0,1,1
1457,586,1.0,1.0,0.0,1,1
1458,586,1.0,1.0,0.0,1,1
1459,586,1.0,1.0,0.0,1,1
1460,586,1.0,1.0,0.0,1,1
1461,586,1.0,1.0,0.0,1,1
1462,586,1.0,1.0,0.0,1,1
1463,586,1.0,1.0,0.0,1,1
1464,586,1.0,1.0,0.0,1,1
1465,586,1.0,1.0,0.0,1,1
1466,586,1.0,1.0,0.0,1,1
1467,586,1.0,1.0,0.0,1,1
1468,586,1.0,1.0,0.0,1,1
1469,586,1.0,1.0,0.0,1,1
1470,588,0.9092000008286949,0.9075967130067927,-0.16032878219022217,1,1
1471,588,0.9050980439624415,0.9015958458471083,-0.3502198115333255,1,1
1472,588,0.9046076602661444,0.901078842304705,-0.35288179614393345,1,1
1473,588,0.9049121706969312,0.9017915601539542,-0.3120610542976965,1,1
1474,588,0.8991147713099391,0.8965092652585859,-0.26055060513532347,1,1
1475,588,0.7870021754720891,0.7822919653192707,-0.47102101528183615,1,1
1476,588,0.801625038804136,0.801160867818693,-0.04641709854430465,1,1
1477,588,0.7887469189465625,0.7906061673166094,0.18592483700469176,1,1
1478,588,0.779755223531102,0.7831348257660553,0.33796022349532606,1,1
1479,588,0.7896337049523291,0.7922786522630434,0.2644947310714296,1,1
1480,588,0.8473014960875527,0.8428227996501573,-0.4478696437395402,1,1
1481,588,0.8596953280853199,0.8548427085441319,-0.4852619541187986,1,1
1482,588,0.8778875854511758,0.8755409773871439,-0.23466080640319742,1,1
1483,588,0.8786206607038433,0.8779599466914042,-0.06607140124390565,1,1
1484,588,0.8365028483401546,0.8341725715235293,-0.2330276816625343,1,1
1485,588,0.6011664363905459,0.5987075953814859,-0.245884100906002,1,1
1486,588,0.6148773248058578,0.6118254676631228,-0.3051857142734926,1,1
1487,588,0.549563798017221,0.5442192544935479,-0.5344543523673084,1,1
1488,588,0.5718398101326534,0.5672105504982835,-0.46292596343698866,1,1
1489,588,0.5595318611668428,0.5594376117920277,-0.00942493748151696,1,1
1490,588,0.8489408503650986,0.8504255644808132,0.14847141157146027,1,1
1491,588,0.8531994835556217,0.8543974737903691,0.11979902347474258,1,1
1492,588,0.8712676023893959,0.8725880491529415,0.13204467635455908,1,1
1493,588,0.8866636837556006,0.8867406540727734,0.0076970317172797564,1,1
1494,588,0.8534770194411526,0.8572432992751843,0.37662798340316606,1,1
1495,588,0.9342955442770248,0.937754454951723,0.3458910674698279,1,1
1496,588,0.9790953253904566,0.9779437971605718,-0.11515282298848462,1,1
1497,588,0.9381519837336018,0.9434989953836602,0.5347011650058464,1,1
1498,588,0.9889200336535741,0.9865040466483437,-0.241598700523038,1,1
1499,588,0.9740803370247574,0.9753017895421119,0.12214525173545043,1,1
1500,588,0.8928784483621222,0.8906186835586891,-0.22597648034330398,1,1
1501,588,0.8717829234399616,0.8688648810407046,-0.29180423992569704,1,1
1502,588,0.8884982062545669,0.8872836007767213,-0.12146054778455762,1,1
1503,588,0.8869683931607152,0.8847230853196869,-0.22453078410282767,1,1
1504,588,0.8734922839918358,0.8724522098391424,-0.10400741526933599,1,1
1505,588,0.793682638135489,0.7922467195617788,-0.1435918573710171,1,1
1506,588,0.7744663025933868,0.7751085494861559,0.06422468927691494,1,1
1507,588,0.8008035502623475,0.7985632981107129,-0.2240252151634592,1,1
1508,588,0.7923843620924369,0.7910442182207658,-0.134014387167114,1,1
1509,588,0.7732940604082338,0.7742078782359062,0.0913817827672414,1,1
1510,590,0.993400597629964,0.9917955303455193,-0.1605067284444761,1,1
1511,590,0.9866821506954561,0.9828162066792856,-0.3865944016170464,1,1
1512,590,0.9969452546327598,0.9962451832656766,-0.0700071367083277,1,1
1513,590,0.9999114054451803,0.9998666627158738,-0.00447427293065461,1,1
1514,590,1.0,1.0,0.0,1,1
1515,590,1.0,1.0,0.0,1,1
1516,590,0.999823980481004,0.9994306120981032,-0.03933683829007162,1,1
1517,590,0.9990112629202463,0.998373052893315,-0.06382100269313185,1,1
1518,590,0.9955132058106048,0.9950215698942714,-0.04916359163333883,1,1
1519,590,0.99799754366278,0.9977389324923263,-0.02586111704537819,1,1
1520,590,0.9588282112865826,0.9557341916796859,-0.3094019606896703,1,1
1521,590,0.9794953021908619,0.976733151807094,-0.2762150383767925,1,1
1522,590,0.9585388865529326,0.9551691596012688,-0.33697269516638206,1,1
1523,590,0.9338878238407629,0.9311860767142591,-0.27017471265037285,1,1
1524,590,0.9178332594368843,0.9141658550832057,-0.3667404353678627,1,1
1525,590,1.0,1.0,0.0,1,1
1526,590,1.0,1.0,0.0,1,1
1527,590,1.0,1.0,0.0,1,1
1528,590,1.0,1.0,0.0,1,1
1529,590,1.0,1.0,0.0,1,1
1530,590,1.0,1.0,0.0,1,1
1531,590,1.0,1.0,0.0,1,1
1532,590,0.9999122807017545,0.9999122807017545,0.0,1,1
1533,590,0.9997376526530889,0.9997823953823954,0.00447427293065461,1,1
1534,590,0.9997376526530889,0.9998268398268398,0.008918717375094865,1,1
1535,590,0.9997800938720007,0.9997800938720007,0.0,1,1
1536,590,0.9955193915653043,0.9955193915653043,0.0,1,1
1537,590,0.9983446321463507,0.9983055860247574,-0.003904612159333354,1,1
1538,590,0.9998666627158738,0.9998666627158738,0.0,1,1
1539,590,1.0,1.0,0.0,1,1
1540,590,1.0,1.0,0.0,1,1
1541,590,1.0,1.0,0.0,1,1
1542,590,1.0,1.0,0.0,1,1
1543,590,1.0,1.0,0.0,1,1
1544,590,1.0,1.0,0.0,1,1
1545,592,0.6140968222499116,0.6619765829675697,4.78797607176581,1,1
1546,592,0.650901642432036,0.6840820155786302,3.3180373146594278,1,1
1547,592,0.6535132251223249,0.7018600894284864,4.834686430616153,1,1
1548,592,0.6706204598243737,0.7062490216172029,3.562856179282925,1,1
1549,592,0.7135174818520478,0.7639883822935154,5.0470900441467625,1,1
1550,592,0.9958419519679689,0.9971992333448267,0.13572813768578662,1,1
1551,592,0.9991793319559397,0.9989951166140503,-0.018421534188939326,1,1
1552,592,0.9291715051163808,0.9393263499294322,1.01548448130514,1,1
1553,592,0.997019511308892,0.9947461318700509,-0.22733794388410944,1,1
1554,592,1.0,1.0,0.0,1,1
1555,592,0.3245525484175409,0.3278023521346392,0.32498037170983207,53,46
1556,592,0.38681829333522616,0.40484948093821815,1.8031187602991994,3,1
1557,592,0.5461080035135225,0.5541419096453609,0.8033906131838409,1,1
1558,592,0.46701370396977876,0.4879351172322287,2.0921413262449953,1,1
1559,592,0.4503810033020982,0.4699770901690356,1.9596086866937423,1,1
1560,592,0.8163369660762059,0.8211467275651945,0.48097614889885953,1,1
1561,592,0.8269119725486034,0.829969681304262,0.30577087556585836,1,1
1562,592,0.8495372029899506,0.8495523088180522,0.0015105828101602548,1,1
1563,592,0.8431215959699061,0.8441143338094916,0.09927378395855335,1,1
1564,592,0.7898355665511689,0.7870951955513221,-0.27403709998468084,1,1
1565,592,0.9832959787270582,0.996319979161915,1.3024000434856742,1,1
1566,592,0.9592468449566042,0.9751310501000334,1.5884205143429253,1,1
1567,592,0.9413105062515023,0.9371746616602926,-0.41358445912096364,1,1
1568,592,0.9194975977526344,0.9144908382287421,-0.500675952389229,1,1
1569,592,0.9500191491095542,0.9573352474404528,0.7316098330898635,1,1
1570,592,0.8697609625039165,0.8713799539329588,0.16189914290422047,1,1
1571,592,0.8701397312856949,0.8727283861046211,0.2588654818926228,1,1
1572,592,0.866327082844875,0.8690750240017435,0.2747941156868494,1,1
1573,592,0.8678416351568956,0.8730813045734321,0.523966941653653,1,1
1574,592,0.8820667037002614,0.8873605092638679,0.529380556360648,1,1
1575,594,0.9219522581300822,0.9220073645858264,0.005510645574424711,1,1
1576,594,0.9129409369070398,0.9134152437627798,0.04743068557400143,1,1
1577,594,0.8969080981832374,0.8988704892482432,0.19623910650058418,1,1
1578,594,0.8788286689351659,0.876585182104183,-0.22434868309828548,1,1
1579,594,0.8833292256017732,0.8840609595976662,0.07317339958929914,1,1
1580,594,1.0,1.0,0.0,1,1
1581,594,1.0,1.0,0.0,1,1
1582,594,1.0,1.0,0.0,1,1
1583,594,1.0,1.0,0.0,1,1
1584,594,1.0,1.0,0.0,1,1
1585,594,0.8181457228141937,0.8204061680318362,0.22604452176424594,1,1
1586,594,0.8423082076329094,0.8496697952981289,0.7361587665219549,1,1
1587,594,0.8415407489002575,0.8481923918070976,0.6651642906840061,1,1
1588,594,0.8588294815753192,0.8617947269723665,0.29652453970472337,1,1
1589,594,0.8737545670555326,0.8774565606001291,0.3701993544596549,1,1
1590,594,0.9013220656429195,0.9041066767642337,0.2784611121314229,1,1
1591,594,0.9043111323292006,0.907907138478744,0.35960061495434736,1,1
1592,594,0.8979749525328251,0.9022622701275077,0.42873175946825937,1,1
1593,594,0.8851197043835994,0.8892517165716843,0.4132012188084899,1,1
1594,594,0.8813582345731282,0.8863802516608066,0.5022017087678354,1,1
1595,594,0.9937892632884817,0.9962931673818146,0.2503904093332898,1,1
1596,594,0.9924306420123064,0.9944365562430767,0.20059142307703448,1,1
1597,594,0.9939146981511594,0.9964119178332154,0.24972196820559622,1,1
1598,594,0.995012715680574,0.997184058639255,0.2171342958680933,1,1
1599,594,0.9948406635906181,0.996871858350468,0.20311947598499192,1,1
1600,594,0.6828312811044132,0.6696975369609833,-1.3133744143429826,1,1
1601,594,0.7433693903361348,0.7292750201421562,-1.4094370193978634,1,1
1602,594,0.7617837536513891,0.7489966294114595,-1.278712423992956,1,1
1603,594,0.8427781139305256,0.829314499378772,-1.34636145517536,1,1
1604,594,0.6661560927701093,0.6470474899414617,-1.910860282864768,1,1
1605,594,0.6847407739648005,0.6986604272746934,1.3919653309892865,1,1
1606,594,0.6571798295363617,0.6632003702272148,0.6020540690853116,1,1
1607,594,0.7169765695652296,0.7268954295271551,0.9918859961925541,1,1
1608,594,0.866565633331763,0.8883435206414609,2.1777887309697985,1,1
1609,594,0.7510233403904643,0.7714242186495656,2.0400878259101307,1,1
1610,596,0.9910101813226009,0.9902556981608507,-0.07544831617501968,1,1
1611,596,0.9957186256948005,0.9948828114503879,-0.08358142444125916,1,1
1612,596,0.9879611346333538,0.9867169953418693,-0.12441392914844807,1,1
1613,596,0.9907194302123837,0.9902175210416853,-0.050190917069847796,1,1
1614,596,0.9934927230064567,0.9933751276096838,-0.01175953967729182,1,1
1615,596,0.8263862428942664,0.8267457891423338,0.03595462480673328,1,1
1616,596,0.7753474170010113,0.7772166351436609,0.18692181426496202,1,1
1617,596,0.8128113618728724,0.8124459778628014,-0.03653840100710237,1,1
1618,596,0.801674579576218,0.8005952468899058,-0.10793326863122177,1,1
1619,596,0.7928793992754832,0.7909427633113009,-0.1936635964182365,1,1
1620,596,0.9996780515668406,0.9993654904300696,-0.03125611367710279,1,1
1621,596,0.9915621422494268,0.9903811314513317,-0.11810107980951834,1,1
1622,596,0.963697310620359,0.961106564111717,-0.25907465086419945,1,1
1623,596,0.9592318905649738,0.9544263312207527,-0.4805559344221111,1,1
1624,596,0.9797500286703881,0.9759781345659401,-0.37718941044480037,1,1
1625,596,1.0,1.0,0.0,1,1
1626,596,1.0,1.0,0.0,1,1
1627,596,1.0,1.0,0.0,1,1
1628,596,1.0,1.0,0.0,1,1
1629,596,1.0,1.0,0.0,1,1
1630,596,0.9737501836678756,0.9730810177199624,-0.06691659479132195,1,1
1631,596,0.9757090187580599,0.9751549826356182,-0.05540361224417589,1,1
1632,596,0.9766110094850342,0.9764308386817802,-0.018017080325405388,1,1
1633,596,0.991350824482639,0.9911431854147524,-0.020763906788656694,1,1
1634,596,0.9822575740918051,0.9812462678932077,-0.10113061985974614,1,1
1635,596,0.9983934559100154,0.9983594423045734,-0.0034013605441973738,1,1
1636,596,0.9979847020162878,0.998117616175514,0.013291415922622729,1,1
1637,596,1.0,1.0,0.0,1,1
1638,596,1.0,1.0,0.0,1,1
1639,596,1.0,1.0,0.0,1,1
1640,596,0.9692257432086273,0.9678853608416467,-0.13403823669806414,1,1
1641,596,0.9981507528593254,0.9978993581411969,-0.0251394718128517,1,1
1642,596,0.9997427455042877,0.9996484728518755,-0.009427265241213068,1,1
1643,596,0.9956859617484124,0.9950470600784573,-0.06389016699550609,1,1
1644,596,0.9915840804308924,0.9910929656002424,-0.049111483065000794,1,1
1645,596,1.0,1.0,0.0,1,1
1646,596,1.0,1.0,0.0,1,1
1647,596,1.0,1.0,0.0,1,1
1648,596,1.0,1.0,0.0,1,1
1649,596,1.0,1.0,0.0,1,1
1650,598,0.9986650251617541,0.994635483806406,-0.4029541355348165,1,1
1651,598,1.0,0.9994146202170188,-0.05853797829812324,1,1
1652,598,1.0,1.0,0.0,1,1
1653,598,1.0,1.0,0.0,1,1
1654,598,1.0,0.9994173648134044,-0.058263518659562585,1,1
1655,598,0.7941167951984061,0.7873017067310759,-0.6815088467330144,1,1
1656,598,0.8077218842890868,0.802980189419638,-0.4741694869448754,1,1
1657,598,0.8001106232638955,0.7955997929149673,-0.45108303489281854,1,1
1658,598,0.620114260976494,0.5899042966058247,-3.020996437066936,1,1
1659,598,0.7919522416425234,0.7868834512118551,-0.5068790430668324,1,1
1660,598,0.5708113270065363,0.5580621070866164,-1.274921991991984,1,1
1661,598,0.5748583949861544,0.5536209217483148,-2.1237473237839644,1,1
1662,598,0.5705457222356827,0.5603432588442532,-1.0202463391429495,1,1
1663,598,0.5940408194089534,0.563331058394883,-3.0709761014070414,1,1
1664,598,0.5379842732705811,0.520130777121081,-1.7853496149500048,1,1
1665,598,0.6268014136925801,0.6029767677651092,-2.382464592747091,1,1
1666,598,0.6250355995692809,0.6097220672095467,-1.5313532359734205,1,1
1667,598,0.6596452329647639,0.6549508956106641,-0.46943373540997424,1,1
1668,598,0.5881092964001148,0.5826822303190208,-0.5427066081094001,1,1
1669,598,0.630267077351264,0.612484730360294,-1.7782346990969922,1,1
1670,598,0.616972018478572,0.6096752714829238,-0.7296746995648196,1,1
1671,598,0.6792452496011921,0.6699489778941985,-0.9296271706993653,1,1
1672,598,0.7054975571389706,0.7033510222738696,-0.21465348651009686,1,1
1673,598,0.7116722087143414,0.700980548033971,-1.0691660680370418,1,1
1674,598,0.7420450520440949,0.732256309001569,-0.978874304252586,1,1
1675,600,0.9999675324675324,1.0,0.003246753246755052,1,1
1676,600,1.0,1.0,0.0,1,1
1677,600,1.0,1.0,0.0,1,1
1678,600,0.9995488721804512,0.9997802197802197,0.02313475997685055,1,1
1679,600,1.0,1.0,0.0,1,1
1680,600,0.9998723064644852,0.9995488721804512,-0.032343428403402985,1,1
1681,600,0.9994139194139195,0.999047619047619,-0.036630036630058704,1,1
1682,600,0.9985660696675142,0.9980862187776989,-0.04798508898152809,1,1
1683,600,0.99972049689441,0.9996911196911197,-0.0029377203290326115,1,1
1684,600,0.9741056366536528,0.9773389298928721,0.32332932392192815,1,1
1685,600,1.0,1.0,0.0,1,1
1686,600,1.0,1.0,0.0,1,1
1687,600,1.0,1.0,0.0,1,1
1688,600,1.0,1.0,0.0,1,1
1689,600,1.0,1.0,0.0,1,1
1690,600,1.0,1.0,0.0,1,1
1691,600,1.0,1.0,0.0,1,1
1692,600,0.9989711662630114,0.9989640281256456,-0.0007138137365858555,1,1
1693,600,0.9986629597555536,0.9990057719042922,0.034281214873854715,1,1
1694,600,0.9044230464980769,0.9123607641254649,0.793771762738793,1,1
1695,600,1.0,1.0,0.0,1,1
1696,600,1.0,1.0,0.0,1,1
1697,600,1.0,1.0,0.0,1,1
1698,600,1.0,1.0,0.0,1,1
1699,600,1.0,1.0,0.0,1,1
1700,600,0.9993362193362194,0.999633307868602,0.029708853238263888,1,1
1701,600,0.9992857142857143,0.9992857142857143,0.0,1,1
1702,600,0.9987104930467763,0.998872870249017,0.0162377202240771,1,1
1703,600,0.9992857142857143,0.9992857142857143,0.0,1,1
1704,600,1.0,1.0,0.0,1,1
1705,600,1.0,1.0,0.0,1,1
1706,600,1.0,1.0,0.0,1,1
1707,600,1.0,1.0,0.0,1,1
1708,600,1.0,1.0,0.0,1,1
1709,600,1.0,1.0,0.0,1,1
1710,600,1.0,1.0,0.0,1,1
1711,600,1.0,1.0,0.0,1,1
1712,600,1.0,1.0,0.0,1,1
1713,600,1.0,1.0,0.0,1,1
1714,600,1.0,1.0,0.0,1,1
