fold,view,role,modality,stratum,observations,zero_c,zero_sum,ratio_gt1,ratio_gt10,ratio_gt100,cos_y_h_negative,cos_y_h_lt_half,cos_y_c_ge_099,closer_to_c,correction_abs_mean,h_norm_mean,h_norm_min,h_norm_p05,h_norm_median,h_norm_p95,h_norm_max,c_norm_mean,c_norm_min,c_norm_p05,c_norm_median,c_norm_p95,c_norm_max,sum_norm_mean,sum_norm_min,sum_norm_p05,sum_norm_median,sum_norm_p95,sum_norm_max,c_to_h_norm_mean,c_to_h_norm_min,c_to_h_norm_p05,c_to_h_norm_median,c_to_h_norm_p95,c_to_h_norm_max,cos_y_h_mean,cos_y_h_min,cos_y_h_p05,cos_y_h_median,cos_y_h_p95,cos_y_h_max,cos_y_c_mean,cos_y_c_min,cos_y_c_p05,cos_y_c_median,cos_y_c_p95,cos_y_c_max,cos_h_c_mean,cos_h_c_min,cos_h_c_p05,cos_h_c_median,cos_h_c_p95,cos_h_c_max,distance_y_h_unit_mean,distance_y_h_unit_min,distance_y_h_unit_p05,distance_y_h_unit_median,distance_y_h_unit_p95,distance_y_h_unit_max
0,original,cnn,RGB,all,37120,0,0,0,0,0,0,0,0,0,0.008432493982546824,0.999999987973093,0.9999998807907104,0.9999999403953552,1.0,1.0,1.0000001192092896,0.23792212787545927,0.11282886564731598,0.16932207942008973,0.23385554552078247,0.32197265923023216,0.4933152496814728,1.093253136191774,0.956062376499176,1.0329929530620574,1.0915464758872986,1.1594082713127136,1.2942982912063599,0.23792213213686222,0.11282886564731598,0.16932207867503166,0.23385555297136307,0.3219726875424384,0.4933152496814728,0.9778964901246644,0.9195442795753479,0.9629639029502869,0.9792332351207733,0.9880805730819702,0.9951194524765015,0.47354683865960395,-0.13254526257514954,0.26419896334409715,0.4849712550640106,0.6427150309085845,0.8006789088249207,0.2838853468406561,-0.31937915086746216,0.07007854878902435,0.2904147207736969,0.47408762276172617,0.6758168935775757,0.2071065935603311,0.09879805892705917,0.15439874529838563,0.20379819720983505,0.27216237932443615,0.40113767981529236
0,original,cnn,RGB,plan_active,18880,0,0,0,0,0,0,0,0,0,0.008441033789673655,0.9999999879338478,0.9999998807907104,0.9999999403953552,1.0,1.0,1.0000001192092896,0.23816777486077872,0.11793641746044159,0.1701040767133236,0.23411177098751068,0.3209262564778328,0.4933152496814728,1.093316670062052,0.956062376499176,1.0335522294044495,1.0916371941566467,1.1586394667625426,1.2942982912063599,0.2381677791259204,0.11793641746044159,0.17010407745838166,0.23411177098751068,0.3209262564778328,0.4933152496814728,0.977849345013373,0.9323598742485046,0.9630807101726532,0.9791549146175385,0.9879968047142029,0.9935893416404724,0.4738419451810009,-0.13254526257514954,0.2664402604103088,0.48507754504680634,0.6417312890291214,0.8006789088249207,0.2839218022616262,-0.31937915086746216,0.07156563363969326,0.2902277410030365,0.4735741689801216,0.6485035419464111,0.20735992090342473,0.1132318377494812,0.15494031310081482,0.20418182015419006,0.2717326000332832,0.3678046464920044
0,original,cnn,RGB,plan_inactive,18240,0,0,0,0,0,0,0,0,0,0.008423654533064668,0.999999988013715,0.9999998807907104,0.9999999403953552,1.0,1.0,1.0000001192092896,0.23766786169767248,0.11282886564731598,0.16875626891851425,0.23348075151443481,0.32313342392444605,0.48171302676200867,1.0931873730628898,0.976207971572876,1.032503616809845,1.091505527496338,1.1602880716323853,1.2743330001831055,0.23766786595520548,0.11282886564731598,0.16875626891851425,0.23348075151443481,0.32313342392444605,0.48171302676200867,0.9779452894503872,0.9195442795753479,0.9628459006547928,0.979313850402832,0.988139346241951,0.9951194524765015,0.47324137752342116,-0.03434920310974121,0.26100039929151536,0.4849003851413727,0.6435389161109925,0.7913442254066467,0.2838476122821081,-0.2180594801902771,0.06752436049282551,0.29058463871479034,0.4748760938644409,0.6758168935775757,0.2068443775385324,0.09879805892705917,0.15401805341243743,0.20340178161859512,0.27259544134140007,0.40113767981529236
0,original,cnn,NI,all,37120,0,0,0,0,0,0,0,0,0,0.007722238923069873,0.999999987973093,0.9999998807907104,0.9999999403953552,1.0,1.0,1.0000001192092896,0.2177876313925512,0.1107674166560173,0.15989124849438668,0.2143838256597519,0.28824918717145914,0.4294202923774719,1.0795671181223387,0.9511641263961792,1.0271904945373536,1.0772720575332642,1.1394703209400177,1.2999582290649414,0.21778763508512478,0.1107674241065979,0.1598912626504898,0.2143838256597519,0.2882491588592529,0.4294202923774719,0.9808711922422437,0.9375730752944946,0.9688470482826232,0.9819058179855347,0.9892673790454865,0.9948419332504272,0.443637098367755,-0.17629443109035492,0.23669105991721154,0.450843870639801,0.6219197124242782,0.7914718389511108,0.2649083936890245,-0.35129058361053467,0.049266600608825685,0.26965415477752686,0.46201627701520914,0.6475306749343872,0.1930680356863565,0.1015692949295044,0.14651064574718475,0.19023291766643524,0.2496117256581783,0.3533466160297394
0,original,cnn,NI,plan_active,18880,0,0,0,0,0,0,0,0,0,0.007724493440675941,0.9999999877412693,0.9999998807907104,0.9999999403953552,1.0,1.0,1.0000001192092896,0.21784864599240344,0.1107674166560173,0.16025054454803467,0.21452608704566956,0.28739169239997864,0.4294202923774719,1.0790808701130041,0.9761679172515869,1.027228629589081,1.0768436789512634,1.1376220703125,1.24380624294281,0.21784864975123713,0.1107674241065979,0.16025054529309274,0.21452608704566956,0.28739169239997864,0.4294202923774719,0.9808119743904572,0.9394252896308899,0.9687976390123367,0.9818628430366516,0.9891993314027786,0.9948419332504272,0.4419515432659941,-0.07918377220630646,0.2365224152803421,0.44892556965351105,0.6200853943824768,0.7522167563438416,0.2627516960119187,-0.2278948724269867,0.047419899143278606,0.2672470659017563,0.4602473139762878,0.6450571417808533,0.1933843204755557,0.1015692949295044,0.14697415232658387,0.19045821577310562,0.2498097650706768,0.34806516766548157
0,original,cnn,NI,plan_inactive,18240,0,0,0,0,0,0,0,0,0,0.007719905299582888,0.9999999882130508,0.9999998807907104,0.9999999403953552,1.0,1.0,1.0000001192092896,0.21772447592954625,0.11120963096618652,0.15970577001571656,0.21421318501234055,0.2891568198800087,0.4250035881996155,1.0800704274653343,0.9511641263961792,1.0271507263183595,1.0777746438980103,1.1410082876682281,1.2999582290649414,0.2177244795535348,0.11120963096618652,0.15970577001571656,0.21421318501234055,0.28915682137012483,0.42500361800193787,0.980932487913391,0.9375730752944946,0.9689069867134095,0.9819544851779938,0.98935586810112,0.9945041537284851,0.44538179575378817,-0.17629443109035492,0.23716704919934273,0.4530278295278549,0.6235788404941558,0.7914718389511108,0.2671407649688358,-0.35129058361053467,0.051436515897512435,0.27197445929050446,0.46419017463922496,0.6475306749343872,0.19274065318525557,0.1048411950469017,0.14590445831418036,0.1899765580892563,0.2493718214333057,0.3533466160297394
0,original,cnn,TI,all,37120,0,0,0,0,0,0,0,0,0,0.008023433284535891,0.9999999884114569,0.9999998807907104,0.9999999403953552,1.0,1.0,1.0000001192092896,0.2263597668094384,0.09990397095680237,0.16003584116697311,0.21957311034202576,0.3164341077208519,0.4830237925052643,1.0883891404333428,0.9891468286514282,1.0365758776664733,1.082865595817566,1.1589794218540193,1.2775933742523193,0.22635977059072848,0.09990397095680237,0.16003584116697311,0.21957311034202576,0.3164341077208519,0.4830237329006195,0.9797736522693444,0.9279663562774658,0.9654824525117874,0.9811765253543854,0.9894137948751449,0.9951416850090027,0.46787893056562413,0.03572535514831543,0.286464761197567,0.47122593224048615,0.6377450346946716,0.7550755739212036,0.2865241686707781,-0.1518840193748474,0.09878555089235307,0.2888810932636261,0.4611888691782951,0.607876181602478,0.19776620265289113,0.09857285022735596,0.1455080769956112,0.19402815401554108,0.2627453863620758,0.37956228852272034
0,original,cnn,TI,plan_active,18880,0,0,0,0,0,0,0,0,0,0.00802393168836616,0.9999999884768562,0.9999998807907104,0.9999999403953552,1.0,1.0,1.0000001192092896,0.22633237021312244,0.09990397095680237,0.16025277972221375,0.2195337638258934,0.3168414980173111,0.48240265250205994,1.0880542275606324,0.9891468286514282,1.036073523759842,1.0825979113578796,1.1585168659687042,1.2775933742523193,0.2263323739782702,0.09990397095680237,0.16025279387831687,0.219533771276474,0.3168415278196335,0.48240265250205994,0.9797439567807873,0.9279663562774658,0.965353399515152,0.9811433851718903,0.9893681555986404,0.9951416850090027,0.46662392654590373,0.03572535514831543,0.28390689939260483,0.47087590396404266,0.6356005877256393,0.7550755739212036,0.28502682250023176,-0.1518840193748474,0.09585212841629982,0.2876964956521988,0.45885297805070874,0.5987449288368225,0.19790604365792253,0.09857285022735596,0.145820901542902,0.19419942796230316,0.2632361322641373,0.37956228852272034
0,original,cnn,TI,plan_inactive,18240,0,0,0,0,0,0,0,0,0,0.008022917392851929,0.9999999883437627,0.9999998807907104,0.9999999403953552,1.0,1.0,1.0000001192092896,0.2263881246898356,0.11206256598234177,0.15985028818249702,0.21967890858650208,0.3159335076808929,0.4830237925052643,1.0887358046349203,0.9916698336601257,1.0370991110801697,1.0831204652786255,1.159431552886963,1.2713961601257324,0.2263881284878344,0.11206256598234177,0.15985028818249702,0.21967891603708267,0.31593350917100904,0.4830237329006195,0.9798043897048685,0.9305066466331482,0.9656835258007049,0.9812224507331848,0.9894604235887527,0.9943525791168213,0.46917796981410664,0.03962009772658348,0.2882164686918259,0.4716017544269562,0.6393763899803161,0.7394728660583496,0.2880740533034489,-0.14210271835327148,0.10186725631356239,0.2904427498579025,0.46344366222620004,0.607876181602478,0.19762145494592884,0.10627662390470505,0.14518729448318482,0.19379181414842606,0.26197910159826276,0.3728093206882477
0,original,transformer,RGB,all,37120,0,0,0,0,0,0,0,0,0,0.005536711018881793,0.9999999869855699,0.9999998807907104,0.9999999403953552,1.0,1.0,1.0000001192092896,0.15667395666000786,0.08258488029241562,0.12147264629602432,0.15406665951013565,0.20101015418767926,0.38527023792266846,1.0202482490414946,0.9512816667556763,0.9879288345575332,1.0191126465797424,1.0560904145240784,1.1202129125595093,0.1566739599597801,0.08258488774299622,0.12147264629602432,0.15406665951013565,0.20101015418767926,0.38527026772499084,0.9881251847146657,0.9320058822631836,0.9815021455287933,0.9886869788169861,0.9927991539239883,0.9966137409210205,0.19556442731722326,-0.28401675820350647,-0.016578579600900412,0.20013272762298584,0.3920576706528663,0.5810647010803223,0.045434647783835755,-0.40451058745384216,-0.15701172575354577,0.049023376777768135,0.2372140854597086,0.4506807327270508,0.15251260090775884,0.08229639381170273,0.12000787928700447,0.15041960030794144,0.19234287813305853,0.3687661588191986
0,original,transformer,RGB,plan_active,18880,0,0,0,0,0,0,0,0,0,0.005532388143306744,0.9999999869898972,0.9999998807907104,0.9999999403953552,1.0,1.0,1.0000001192092896,0.15656232091566644,0.08258488029241562,0.12142899855971337,0.1539338007569313,0.20101015418767929,0.3217566907405853,1.0203977208679258,0.9512816667556763,0.9882155507802963,1.019318401813507,1.0556854069232942,1.1202129125595093,0.15656232420804958,0.08258488774299622,0.12142899855971337,0.1539338007569313,0.20101015418767929,0.3217566907405853,0.9881435853255502,0.9538459777832031,0.9814839720726013,0.9887032210826874,0.9927933663129807,0.9966137409210205,0.19663458395546096,-0.2592030167579651,-0.0149973573628813,0.20175139605998993,0.39031632393598553,0.5747582316398621,0.046620979133618,-0.3876142203807831,-0.15466806218028067,0.05041738785803318,0.23561405166983596,0.44581174850463867,0.15239429135246488,0.08229639381170273,0.12005529515445232,0.1503119319677353,0.19243755117058753,0.30382242798805237
0,original,transformer,RGB,plan_inactive,18240,0,0,0,0,0,0,0,0,0,0.0055411855743015825,0.9999999869810907,0.9999998807907104,0.9999999403953552,1.0,1.0,1.0000001192092896,0.1567895094480104,0.08438979834318161,0.12157699689269066,0.154177725315094,0.20098422095179555,0.38527023792266846,1.0200935325895746,0.9538118839263916,0.987631767988205,1.0188844799995422,1.0564439654350282,1.1070903539657593,0.15678951275543096,0.08438979834318161,0.12157700397074223,0.154177725315094,0.2009842216968536,0.38527026772499084,0.9881061384683115,0.9320058822631836,0.9815358459949494,0.98867267370224,0.992803829908371,0.9964333772659302,0.1944567213232579,-0.28401675820350647,-0.01866375152021646,0.1985311284661293,0.39369443953037253,0.5810647010803223,0.044206690772657646,-0.40451058745384216,-0.15940083116292952,0.047368161380290985,0.23863684907555577,0.4506807327270508,0.15263506167551927,0.08445902168750763,0.11996853090822697,0.15051499009132385,0.19216766208410263,0.3687661588191986
0,original,transformer,NI,all,37120,0,0,0,0,0,0,0,0,0,0.005459072342617997,0.9999999866050122,0.9999998807907104,0.9999999403953552,1.0,1.0,1.0000001192092896,0.15453951962328324,0.08566582947969437,0.12094796635210514,0.1525222510099411,0.19491908177733416,0.40149548649787903,1.0174203746775485,0.9429090619087219,0.9839452564716339,1.016062319278717,1.0551531493663788,1.1104871034622192,0.1545395230310407,0.08566583693027496,0.12094796635210514,0.1525222510099411,0.19491908177733416,0.40149548649787903,0.9884063968386758,0.9240009784698486,0.9824036478996276,0.9888891875743866,0.9928630590438843,0.9963717460632324,0.1792193785755883,-0.35196393728256226,-0.04261372536420822,0.18134310841560364,0.3906961634755133,0.5795012712478638,0.0306114889142103,-0.4416007697582245,-0.1840292513370514,0.031133110634982586,0.2393771365284919,0.47052136063575745,0.15081470355367416,0.08518628776073456,0.11947349309921265,0.1490696370601654,0.1875981763005256,0.38986966013908386
0,original,transformer,NI,plan_active,18880,0,0,0,0,0,0,0,0,0,0.005455979722163498,0.9999999864721449,0.9999998807907104,0.9999999403953552,1.0,1.0,1.0000001192092896,0.15444811871709396,0.08566582947969437,0.12049647308886051,0.15235649049282074,0.19519694000482557,0.40149548649787903,1.017411077442437,0.9429090619087219,0.9839708477258682,1.0162897109985352,1.0549966931343078,1.1104871034622192,0.15444812215233253,0.08566583693027496,0.12049647308886051,0.15235649794340134,0.19519694000482557,0.40149548649787903,0.9884144482850018,0.9240009784698486,0.9823617041110992,0.9889138340950012,0.9928961664438247,0.9963717460632324,0.17912388141940336,-0.29958534240722656,-0.043434575013816354,0.1827532723546028,0.3902555003762245,0.5795012712478638,0.030584289932744854,-0.43005943298339844,-0.18401823118329047,0.03224530816078186,0.23857377544045447,0.47052136063575745,0.15073572462266785,0.08518628776073456,0.11919647939503193,0.14890415966510773,0.18782126754522324,0.38986966013908386
0,original,transformer,NI,plan_inactive,18240,0,0,0,0,0,0,0,0,0,0.0054622734760709,0.9999999867425414,0.9999998807907104,0.9999999403953552,1.0,1.0,1.0000001192092896,0.15463412757881248,0.0871100127696991,0.1214062973856926,0.1526460498571396,0.19477574676275253,0.34565484523773193,1.0174299981314363,0.9446642398834229,0.9838936269283295,1.0158987641334534,1.0553195834159852,1.1101824045181274,0.15463413095812462,0.0871100202202797,0.1214062973856926,0.1526460498571396,0.19477574676275253,0.3456548750400543,0.9883980628854612,0.9473733305931091,0.9824480801820755,0.9888645112514496,0.992830216884613,0.9962961673736572,0.17931822650918325,-0.35196393728256226,-0.04198701772838831,0.18026326596736908,0.3909229755401611,0.5670360326766968,0.030639642245902602,-0.4416007697582245,-0.1840292513370514,0.02966300304979086,0.24020678028464312,0.45380863547325134,0.1508964536752421,0.08606858551502228,0.11974929757416249,0.149234838783741,0.1873604454100132,0.3244277536869049
0,original,transformer,TI,all,37120,0,0,0,0,0,0,0,0,0,0.005333596904173673,0.9999999872184006,0.9999998807907104,0.9999999403953552,1.0,1.0,1.0000001192092896,0.1506786164978182,0.0698855072259903,0.10693453326821327,0.145095594227314,0.2097232528030872,0.5718207359313965,1.0278473104799872,0.9657372236251831,0.9971015512943268,1.0261305570602417,1.064328020811081,1.168342113494873,0.1506786195053478,0.0698855072259903,0.10693454034626484,0.145095594227314,0.20972326695919036,0.5718207359313965,0.9890121646787458,0.8707672357559204,0.9803759336471558,0.9901327192783356,0.994557547569275,0.99772709608078,0.24631085957266022,-0.21358108520507812,0.04424826037138701,0.2519384026527405,0.4274263083934782,0.6079140901565552,0.10478569424709537,-0.32715511322021484,-0.08958776369690895,0.10792522504925728,0.28621035963296887,0.47193166613578796,0.1448926673822731,0.06742385029792786,0.10433102995157242,0.14047988504171371,0.1981117062270641,0.5083953142166138
0,original,transformer,TI,plan_active,18880,0,0,0,0,0,0,0,0,0,0.00532666874945881,0.9999999870719799,0.9999998807907104,0.9999999403953552,1.0,1.0,1.0000001192092896,0.15048526546767896,0.0698855072259903,0.10735689178109169,0.14526884257793427,0.20788706839084622,0.5325684547424316,1.0276532696181182,0.9657372236251831,0.9968415051698685,1.0260695219039917,1.0635858833789826,1.1574152708053589,0.15048526852012817,0.0698855072259903,0.10735689885914326,0.14526884257793427,0.20788708254694938,0.5325685143470764,0.9890652444624042,0.8881778120994568,0.9807256042957306,0.9901128709316254,0.994499346613884,0.99772709608078,0.24530793999864867,-0.18083524703979492,0.043485746905207644,0.2516326904296875,0.4248846858739852,0.5977269411087036,0.1038767717617995,-0.2789916396141052,-0.09092644117772579,0.1084396280348301,0.282797759771347,0.4439590573310852,0.14476458328949698,0.06742385029792786,0.10488772094249725,0.1406208723783493,0.19633811712265015,0.47291070222854614
0,original,transformer,TI,plan_inactive,18240,0,0,0,0,0,0,0,0,0,0.005340768152036428,0.9999999873699588,0.9999998807907104,0.9999999403953552,1.0,1.0,1.0000001192092896,0.15087875177462895,0.0717005729675293,0.10645641796290875,0.14495441317558289,0.21264925748109817,0.5718207359313965,1.02804815979315,0.9660314917564392,0.9973655223846436,1.0262005925178528,1.0649401426315308,1.168342113494873,0.15087875473566287,0.0717005729675293,0.10645641796290875,0.14495441317558289,0.21264928579330444,0.5718207359313965,0.9889572224465378,0.8707672357559204,0.9799767911434174,0.9901590049266815,0.9946145504713059,0.9976714849472046,0.2473489693071634,-0.21358108520507812,0.04484478160738945,0.2523595690727234,0.4305797651410102,0.6079140901565552,0.10572650874941916,-0.32715511322021484,-0.08787324875593185,0.1074628084897995,0.2906923577189445,0.47193166613578796,0.14502524565374314,0.06824395805597305,0.10378339886665344,0.140292726457119,0.2001158200204372,0.5083953142166138
0,original,mamba,RGB,all,37120,0,0,37120,37120,37120,16615,37120,37120,37120,1716.028263759658,0.9999999872087662,0.9999998807907104,0.9999999403953552,1.0,1.0,1.0000001192092896,64002.910234806455,8278.580078125,25233.65302734375,60842.783203125,114243.122265625,200034.578125,64002.91680939773,8278.5634765625,25233.6986328125,60842.849609375,114243.0359375,200034.640625,64002.91145277352,8278.580078125,25233.65302734375,60842.783203125,114243.1296875,200034.546875,0.006569492368942457,-0.16883283853530884,-0.08730813413858414,0.007979342713952065,0.09956109225749968,0.22610031068325043,1.0000000086356082,0.9999998211860657,0.9999999403953552,1.0,1.0000001192092896,1.000000238418579,0.006550095404678547,-0.1688411980867386,-0.08732696659862996,0.007955907378345728,0.09954264685511588,0.22609224915504456,1.4089869042730023,1.2441058158874512,1.3419678688049317,1.408560037612915,1.4746581196784974,1.528942584991455
0,original,mamba,RGB,plan_active,18880,0,0,18880,18880,18880,8536,18880,18880,18880,1720.4336402087588,0.9999999872519303,0.9999998807907104,0.9999999403953552,1.0,1.0,1.0000001192092896,64167.21689303123,9841.0400390625,25221.38125,61241.99609375,113856.9546875,189890.234375,64167.223131600076,9841.0908203125,25221.3724609375,61241.9609375,113856.896484375,189890.28125,64167.21811901028,9841.0400390625,25221.3775390625,61241.99609375,113856.9546875,189890.234375,0.006229965053778684,-0.16883283853530884,-0.08713973127305508,0.007453040219843388,0.09925585389137266,0.21103455126285553,1.0000000087007628,0.9999998211860657,0.9999999403953552,1.0,1.0000001192092896,1.000000238418579,0.006210662682164091,-0.1688411980867386,-0.08715555593371391,0.007436080370098352,0.09923583567142485,0.21102456748485565,1.4092333679418947,1.2561571598052979,1.3421952903270722,1.4089336395263672,1.474543845653534,1.528942584991455
0,original,mamba,RGB,plan_inactive,18240,0,0,18240,18240,18240,8079,18240,18240,18240,1711.468312698308,0.9999999871640874,0.9999998807907104,0.9999999403953552,1.0,1.0,1.0000001192092896,63832.838430679054,8278.580078125,25239.62998046875,60334.330078125,114666.608984375,200034.578125,63832.84535308302,8278.5634765625,25239.5439453125,60334.369140625,114666.55078125,200034.640625,63832.83964035302,8278.580078125,25239.63193359375,60334.33203125,114666.609375,200034.546875,0.006920932923234782,-0.16492614150047302,-0.08752438053488731,0.008420003578066826,0.09982006624341011,0.22610031068325043,1.0000000085681677,0.9999998211860657,0.9999999403953552,1.0,1.0000001192092896,1.000000238418579,0.0069014380472812295,-0.16493557393550873,-0.08754551261663437,0.008405376225709915,0.09980998672544956,0.22609224915504456,1.4087317927560785,1.2441058158874512,1.3417749106884003,1.4082471132278442,1.4748046159744264,1.5263853073120117
0,original,mamba,NI,all,37120,0,0,37120,37120,37120,16804,37120,37120,37120,2245.401139375807,0.9999999880019961,0.9999998807907104,0.9999999403953552,1.0,1.0,1.0000001192092896,83748.49871273698,8694.01953125,32281.7525390625,82678.90625,140819.30078124994,247935.15625,83748.50591022887,8694.0732421875,32281.75576171875,82678.93359375,140819.19609374995,247935.140625,83748.50018594676,8694.01953125,32281.7525390625,82678.91015625,140819.30078124994,247935.15625,0.00719411939156183,-0.16694022715091705,-0.08591489270329475,0.007364834193140268,0.10170011557638635,0.21592696011066437,1.0000000086982317,0.9999997615814209,0.9999999403953552,1.0,1.0000001192092896,1.000000238418579,0.007179450623579183,-0.166951522231102,-0.0859282948076725,0.007348781917244196,0.10168773978948581,0.21591058373451233,1.4085293351222985,1.2522565126419067,1.3403730511665344,1.4089961647987366,1.473712867498398,1.5277043581008911
0,original,mamba,NI,plan_active,18880,0,0,18880,18880,18880,8721,18880,18880,18880,2245.5811293220067,0.9999999880159305,0.9999998807907104,0.9999999403953552,1.0,1.0,1.0000001192092896,83755.09211622336,8694.01953125,32214.290722656253,83119.8828125,139554.31484375,247935.15625,83755.09825061863,8694.0732421875,32214.2646484375,83119.9140625,139554.29765625,247935.140625,83755.0935858775,8694.01953125,32214.290722656253,83119.8828125,139554.31484375,247935.15625,0.006129996560319619,-0.16694022715091705,-0.08715222701430321,0.005859825760126114,0.10179928988218305,0.21022546291351318,1.0000000082840355,0.9999998807907104,0.9999999403953552,1.0,1.0000001192092896,1.000000238418579,0.006115365714368497,-0.166951522231102,-0.08717487007379532,0.005843094550073147,0.10178411006927489,0.2102104127407074,1.409281756059598,1.2568011283874512,1.3402989566326142,1.4100639820098877,1.474552196264267,1.5277043581008911
0,original,mamba,NI,plan_inactive,18240,0,0,18240,18240,18240,8083,18240,18240,18240,2245.214833992898,0.9999999879875727,0.9999998807907104,0.9999999403953552,1.0,1.0,1.0000001192092896,83741.67396175987,9883.8896484375,32398.877734375,82316.48828125,142032.81093749998,227461.328125,83741.68225964998,9883.9375,32398.947656250002,82316.43359375,142032.68828124995,227461.296875,83741.67543865003,9883.890625,32398.877734375,82316.48828125,142032.81093749998,227461.328125,0.008295579866005522,-0.16462643444538116,-0.08423107527196406,0.008804779034107924,0.10166736505925654,0.21592696011066437,1.0000000091269612,0.9999997615814209,0.9999999403953552,1.0,1.0000001192092896,1.000000238418579,0.008280871845393752,-0.1646377146244049,-0.08423771671950817,0.008775444701313972,0.1016511783003807,0.21591058373451233,1.407750513450357,1.2522565126419067,1.3403973877429962,1.4079738855361938,1.4725698590278626,1.5261890888214111
0,original,mamba,TI,all,37120,0,0,37120,37120,37120,17315,37120,37120,37120,1513.3757936738841,0.9999999876021697,0.9999998211860657,0.9999999403953552,1.0,1.0,1.0000001192092896,56441.295613427,3357.802490234375,12858.157275390626,49097.52734375,126788.82148437499,224093.9375,56441.290786216996,3357.838623046875,12858.255615234375,49097.46875,126788.66054687499,224093.875,56441.29664787424,3357.802734375,12858.158251953126,49097.52734375,126788.82148437499,224093.9375,-0.0048075282164251705,-0.2203707993030548,-0.1309032157063484,0.004746789811179042,0.09489385671913622,0.16506962478160858,1.0000000080896605,0.9999998211860657,0.9999999403953552,1.0,1.0000001192092896,1.000000238418579,-0.0048358164871387995,-0.22037839889526367,-0.13091334253549575,0.00470822281204164,0.09482259675860397,0.1650393009185791,1.4167969542555512,1.2922309637069702,1.3454413414001465,1.410853087902069,1.5039303421974182,1.5622873306274414
0,original,mamba,TI,plan_active,18880,0,0,18880,18880,18880,8746,18880,18880,18880,1524.287859477768,0.9999999873971535,0.9999998211860657,0.9999999403953552,1.0,1.0,1.0000001192092896,56848.36112545466,3357.802490234375,12796.529052734375,49170.07421875,128011.37148437493,216387.03125,56848.35654399031,3357.838623046875,12796.583984375,49170.09375,128011.27773437493,216386.90625,56848.362175970564,3357.802734375,12796.529052734375,49170.076171875,128011.37148437493,216387.03125,-0.004557346275297755,-0.2203707993030548,-0.12972737178206445,0.004996988922357559,0.0948978118598461,0.16506962478160858,1.0000000080504154,0.9999998211860657,0.9999999403953552,1.0,1.0000001192092896,1.000000238418579,-0.004585662844427565,-0.22037839889526367,-0.12973458543419839,0.004958402365446091,0.09486945495009422,0.1650393009185791,1.4166260086883933,1.2922309637069702,1.3454383313655853,1.4106757640838623,1.5031482756137848,1.5622873306274414
0,original,mamba,TI,plan_inactive,18240,0,0,18240,18240,18240,8569,18240,18240,18240,1502.0808483681096,0.9999999878143794,0.9999998807907104,0.9999999403953552,1.0,1.0,1.0000001192092896,56019.94710097731,3645.5009765625,12935.12763671875,49056.181640625,125019.601171875,224093.9375,56019.94201939901,3645.554931640625,12935.185009765624,49056.099609375,125019.58437499999,224093.875,56019.94811879208,3645.50146484375,12935.12763671875,49056.181640625,125019.601171875,224093.9375,-0.005066488471276356,-0.21633854508399963,-0.1321299932897091,0.004426912171766162,0.09486259296536445,0.16261884570121765,1.0000000081302827,0.9999998807907104,0.9999999403953552,1.0,1.0000001192092896,1.000000238418579,-0.00509474745064692,-0.2163456678390503,-0.13214783146977424,0.004389680689200759,0.09480544961988925,0.16259980201721191,1.4169738979127846,1.2941261529922485,1.3454644680023193,1.4110798239707947,1.5047458827495575,1.5597041845321655
0,registered_style,cnn,RGB,all,37120,0,0,0,0,0,0,0,0,0,0.008410642849157077,0.9999999879843331,0.9999998807907104,0.9999999403953552,1.0,1.0,1.0000001192092896,0.2372608326170754,0.11282886564731598,0.16880902796983718,0.23297514766454697,0.3215386629104613,0.539641261100769,1.092655820137789,0.9562298655509949,1.032297545671463,1.0910174250602722,1.1588086903095245,1.3456108570098877,0.23726083685258595,0.11282886564731598,0.16880902871489525,0.23297514766454697,0.3215386629104613,0.539641261100769,0.97798252101538,0.9158494472503662,0.9631227374076843,0.9793428778648376,0.9881254315376282,0.9951194524765015,0.47193650881651183,-0.12888659536838531,0.2597477450966835,0.483930766582489,0.6415549159049987,0.7913442254066467,0.2825408216248716,-0.3175118565559387,0.06694011390209198,0.2895577549934387,0.47383220344781873,0.6758168935775757,0.2067032290837358,0.09879805892705917,0.1541074126958847,0.20325960218906403,0.2715780168771743,0.4102453887462616
0,registered_style,cnn,RGB,plan_active,18880,0,0,0,0,0,0,0,0,0,0.008398072239280251,0.999999987955947,0.9999998807907104,0.9999999403953552,1.0,1.0,1.0000001192092896,0.23686760113243077,0.1164792850613594,0.16890377849340438,0.23231042176485062,0.32033897936344147,0.539641261100769,1.092142285955912,0.9562298655509949,1.0321544706821442,1.0905339121818542,1.1576609134674072,1.3456108570098877,0.23686760534666543,0.11647929251194,0.16890377849340438,0.2323104292154312,0.32033900916576385,0.539641261100769,0.9780184904934238,0.9158494472503662,0.9633653223514557,0.9793685972690582,0.9880961388349533,0.9942305088043213,0.4706758729471249,-0.12888659536838531,0.25857280641794206,0.48308858275413513,0.639143094420433,0.7866948843002319,0.281278328956016,-0.3175118565559387,0.06622667089104653,0.28856851160526276,0.4726904720067977,0.6378680467605591,0.20656686532232216,0.10742045193910599,0.15429759696125983,0.203132726252079,0.2706835851073265,0.4102453887462616
0,registered_style,cnn,RGB,plan_inactive,18240,0,0,0,0,0,0,0,0,0,0.008423654533064668,0.999999988013715,0.9999998807907104,0.9999999403953552,1.0,1.0,1.0000001192092896,0.23766786169767248,0.11282886564731598,0.16875626891851425,0.23348075151443481,0.32313342392444605,0.48171302676200867,1.0931873730628898,0.976207971572876,1.032503616809845,1.091505527496338,1.1602880716323853,1.2743330001831055,0.23766786595520548,0.11282886564731598,0.16875626891851425,0.23348075151443481,0.32313342392444605,0.48171302676200867,0.9779452894503872,0.9195442795753479,0.9628459006547928,0.979313850402832,0.988139346241951,0.9951194524765015,0.47324137752342116,-0.03434920310974121,0.26100039929151536,0.4849003851413727,0.6435389161109925,0.7913442254066467,0.2838476122821081,-0.2180594801902771,0.06752436049282551,0.29058463871479034,0.4748760938644409,0.6758168935775757,0.2068443775385324,0.09879805892705917,0.15401805341243743,0.20340178161859512,0.27259544134140007,0.40113767981529236
0,registered_style,cnn,NI,all,37120,0,0,0,0,0,0,0,0,0,0.007693329677535621,0.9999999880196591,0.9999998807907104,0.9999999403953552,1.0,1.0,1.0000001192092896,0.21694624736856927,0.10097882896661758,0.15897122398018837,0.21354594081640244,0.28742856383323656,0.4340374767780304,1.0790093846811817,0.9511641263961792,1.0264954745769501,1.0767178535461426,1.1391065597534178,1.2999582290649414,0.21694625101277026,0.10097883641719818,0.15897122398018837,0.21354594826698303,0.28742859214544286,0.4340374767780304,0.9809858843989285,0.9355993270874023,0.9689169436693191,0.9820165932178497,0.9893854290246964,0.9956210851669312,0.4421756813523173,-0.17629443109035492,0.23312965855002404,0.44960877299308777,0.6207363754510878,0.7914718389511108,0.26395217886333583,-0.35129058361053467,0.046673580259084704,0.2691473960876465,0.4613339111208914,0.6537125706672668,0.1924459275689201,0.09358351677656174,0.14570243507623673,0.18964964896440506,0.24933148398995392,0.35888898372650146
0,registered_style,cnn,NI,plan_active,18880,0,0,0,0,0,0,0,0,0,0.007667654924032329,0.9999999878328231,0.9999998807907104,0.9999999403953552,1.0,1.0,1.0000001192092896,0.21619439943677793,0.10097882896661758,0.15818790048360826,0.2129170075058937,0.2855373576283455,0.4340374767780304,1.0779843094490342,0.9759266972541809,1.0257744550704957,1.0756176710128784,1.137218064069748,1.2249969244003296,0.21619440310050622,0.10097883641719818,0.1581879012286663,0.2129170075058937,0.2855373576283455,0.4340374767780304,0.9810374708341087,0.9355993270874023,0.9689348340034485,0.9820913672447205,0.989414992928505,0.9956210851669312,0.43907824879496404,-0.11765556037425995,0.22886985167860985,0.44684550166130066,0.6176536232233046,0.7610735297203064,0.26087168042242903,-0.2391507774591446,0.04301188848912717,0.26635777950286865,0.4592545434832573,0.6537125706672668,0.19216119265144344,0.09358351677656174,0.1454998791217804,0.18925490230321884,0.24925950616598128,0.35888898372650146
0,registered_style,cnn,NI,plan_inactive,18240,0,0,0,0,0,0,0,0,0,0.007719905299582888,0.9999999882130508,0.9999998807907104,0.9999999403953552,1.0,1.0,1.0000001192092896,0.21772447592954625,0.11120963096618652,0.15970577001571656,0.21421318501234055,0.2891568198800087,0.4250035881996155,1.0800704274653343,0.9511641263961792,1.0271507263183595,1.0777746438980103,1.1410082876682281,1.2999582290649414,0.2177244795535348,0.11120963096618652,0.15970577001571656,0.21421318501234055,0.28915682137012483,0.42500361800193787,0.980932487913391,0.9375730752944946,0.9689069867134095,0.9819544851779938,0.98935586810112,0.9945041537284851,0.44538179575378817,-0.17629443109035492,0.23716704919934273,0.4530278295278549,0.6235788404941558,0.7914718389511108,0.2671407649688358,-0.35129058361053467,0.051436515897512435,0.27197445929050446,0.46419017463922496,0.6475306749343872,0.19274065318525557,0.1048411950469017,0.14590445831418036,0.1899765580892563,0.2493718214333057,0.3533466160297394
0,registered_style,cnn,TI,all,37120,0,0,0,0,0,0,0,0,0,0.007960386874962748,0.9999999882380382,0.9999998807907104,0.9999999403953552,1.0,1.0,1.0000001192092896,0.22455768109869276,0.1068672239780426,0.15854426771402358,0.21806861460208893,0.31330211758613585,0.498319536447525,1.0871498287526955,0.9882214069366455,1.0352112650871277,1.0819146633148193,1.1574030756950378,1.2752918004989624,0.22455768487998284,0.1068672239780426,0.15854426771402358,0.21806861460208893,0.31330211758613585,0.4983195662498474,0.9800401365368402,0.9264761209487915,0.9659470617771149,0.9814316630363464,0.9895433813333512,0.9944374561309814,0.46483930163506965,0.034648433327674866,0.28028645664453505,0.4690847098827362,0.6358094871044156,0.7658125162124634,0.2844872856959761,-0.156814843416214,0.09444270096719265,0.28765420615673065,0.4613886013627051,0.6261775493621826,0.19649132739688302,0.10547558218240738,0.14461435675621032,0.19270918518304825,0.26097119301557536,0.3834683299064636
0,registered_style,cnn,TI,plan_active,18880,0,0,0,0,0,0,0,0,0,0.007899976035646083,0.9999999881358975,0.9999998807907104,0.9999999403953552,1.0,1.0,1.0000001192092896,0.2227892864428429,0.1068672239780426,0.1574831075966358,0.21648404002189636,0.3109940215945244,0.498319536447525,1.0856176147647834,0.9882214069366455,1.0332610785961152,1.0809128284454346,1.155042189359665,1.2752918004989624,0.22278929020799065,0.1068672239780426,0.15748310834169388,0.21648404747247696,0.3109940215945244,0.4983195662498474,0.980267891950779,0.9264761209487915,0.96630479991436,0.9816093444824219,0.9896249055862427,0.9944374561309814,0.4606477069536271,0.034648433327674866,0.27124878019094467,0.4662765562534332,0.6309756606817244,0.7658125162124634,0.2810221034311295,-0.156814843416214,0.08738667517900467,0.2849458307027817,0.4595591232180595,0.6261775493621826,0.19539950925627944,0.10547558218240738,0.1440492644906044,0.19178506731987,0.2595967009663582,0.3834683299064636
0,registered_style,cnn,TI,plan_inactive,18240,0,0,0,0,0,0,0,0,0,0.008022917392851929,0.9999999883437627,0.9999998807907104,0.9999999403953552,1.0,1.0,1.0000001192092896,0.2263881246898356,0.11206256598234177,0.15985028818249702,0.21967890858650208,0.3159335076808929,0.4830237925052643,1.0887358046349203,0.9916698336601257,1.0370991110801697,1.0831204652786255,1.159431552886963,1.2713961601257324,0.2263881284878344,0.11206256598234177,0.15985028818249702,0.21967891603708267,0.31593350917100904,0.4830237329006195,0.9798043897048685,0.9305066466331482,0.9656835258007049,0.9812224507331848,0.9894604235887527,0.9943525791168213,0.46917796981410664,0.03962009772658348,0.2882164686918259,0.4716017544269562,0.6393763899803161,0.7394728660583496,0.2880740533034489,-0.14210271835327148,0.10186725631356239,0.2904427498579025,0.46344366222620004,0.607876181602478,0.19762145494592884,0.10627662390470505,0.14518729448318482,0.19379181414842606,0.26197910159826276,0.3728093206882477
0,registered_style,transformer,RGB,all,37120,0,0,0,0,0,0,0,0,0,0.005491184339221069,0.9999999871766516,0.9999998807907104,0.9999999403953552,1.0,1.0,1.0000001192092896,0.15537126864635803,0.08265126496553421,0.12040793262422085,0.1528060883283615,0.199246222525835,0.38527023792266846,1.0201267410053647,0.9512816667556763,0.987999552488327,1.0189854502677917,1.0560872733592988,1.1202129125595093,0.15537127190277558,0.08265126496553421,0.12040794007480145,0.1528060883283615,0.199246222525835,0.38527026772499084,0.9883227341792321,0.9320058822631836,0.9818627238273621,0.9888690710067749,0.9929272592067718,0.9966078996658325,0.19527049910781805,-0.28401675820350647,-0.017635035328567028,0.19979187846183777,0.39330149441957474,0.5846518278121948,0.04640450867776461,-0.40451058745384216,-0.15641087368130682,0.05001731961965561,0.23960340172052375,0.47287222743034363,0.15124092092496697,0.08236809819936752,0.11893535256385804,0.14920451492071152,0.19045919030904768,0.3687661588191986
0,registered_style,transformer,RGB,plan_active,18880,0,0,0,0,0,0,0,0,0,0.005442878061261929,0.9999999873655833,0.9999998807907104,0.9999999403953552,1.0,1.0,1.0000001192092896,0.1540011038040837,0.08265126496553421,0.11950462348759175,0.15154752135276794,0.1976628042757511,0.32110440731048584,1.0201588237121448,0.9512816667556763,0.9883302420377731,1.0190964341163635,1.0556570827960967,1.1202129125595093,0.15400110701122716,0.08265126496553421,0.11950463056564331,0.15154752880334854,0.1976628042757511,0.3211044371128082,0.9885319876626639,0.9540153741836548,0.9821555376052856,0.9890570938587189,0.9930239945650101,0.9966078996658325,0.19605669120476596,-0.2681456506252289,-0.016644255258142945,0.20073670893907547,0.39299842566251747,0.5846518278121948,0.04852782428100354,-0.3876142203807831,-0.1544908568263054,0.05259299278259277,0.24044891223311418,0.47287222743034363,0.14989403918290795,0.08236809819936752,0.11811894364655018,0.1479390189051628,0.18891541734337808,0.3032645881175995
0,registered_style,transformer,RGB,plan_inactive,18240,0,0,0,0,0,0,0,0,0,0.0055411855743015825,0.9999999869810907,0.9999998807907104,0.9999999403953552,1.0,1.0,1.0000001192092896,0.1567895094480104,0.08438979834318161,0.12157699689269066,0.154177725315094,0.20098422095179555,0.38527023792266846,1.0200935325895746,0.9538118839263916,0.987631767988205,1.0188844799995422,1.0564439654350282,1.1070903539657593,0.15678951275543096,0.08438979834318161,0.12157700397074223,0.154177725315094,0.2009842216968536,0.38527026772499084,0.9881061384683115,0.9320058822631836,0.9815358459949494,0.98867267370224,0.992803829908371,0.9964333772659302,0.1944567213232579,-0.28401675820350647,-0.01866375152021646,0.1985311284661293,0.39369443953037253,0.5810647010803223,0.044206690772657646,-0.40451058745384216,-0.15940083116292952,0.047368161380290985,0.23863684907555577,0.4506807327270508,0.15263506167551927,0.08445902168750763,0.11996853090822697,0.15051499009132385,0.19216766208410263,0.3687661588191986
0,registered_style,transformer,NI,all,37120,0,0,0,0,0,0,0,0,0,0.005415115857862209,0.9999999867559507,0.9999998807907104,0.9999999403953552,1.0,1.0,1.0000001192092896,0.15325280193677013,0.08550390601158142,0.11979424729943275,0.15124332159757614,0.19350981041789053,0.40193766355514526,1.0170545670219922,0.9424229860305786,0.9840492248535156,1.0157111287117004,1.0546526730060577,1.1101824045181274,0.15325280530699367,0.08550390601158142,0.11979424729943275,0.15124332904815674,0.19350981041789053,0.40193766355514526,0.9885879087936261,0.9238561391830444,0.9826092988252639,0.989056408405304,0.9929956197738647,0.9963794946670532,0.1771281466386803,-0.35196393728256226,-0.04356331080198288,0.1791960895061493,0.38850325942039476,0.5755504369735718,0.029675807253066712,-0.4416007697582245,-0.18381237387657165,0.030036495067179203,0.23925516009330736,0.47834864258766174,0.14961390263995092,0.08509454876184464,0.11835958510637283,0.14794344455003738,0.18649812191724777,0.39024075865745544
0,registered_style,transformer,NI,plan_active,18880,0,0,0,0,0,0,0,0,0,0.005369556802982627,0.9999999867689053,0.9999998807907104,0.9999999403953552,1.0,1.0,1.0000001192092896,0.1519183008927631,0.08550390601158142,0.11832367181777954,0.14987732470035553,0.19219517782330509,0.40193766355514526,1.0166918623908343,0.9424229860305786,0.9841704100370408,1.0154959559440613,1.0538675487041473,1.1079046726226807,0.1519183042542062,0.08550390601158142,0.11832367181777954,0.14987732470035553,0.1921951919794082,0.40193766355514526,0.9887713192472771,0.9238561391830444,0.9828406184911728,0.9892565310001373,0.9931375294923782,0.9963794946670532,0.1750123067637876,-0.29958534240722656,-0.04519769623875618,0.17823364585638046,0.3866325244307518,0.5755504369735718,0.028744644632869326,-0.4153602421283722,-0.18341037407517433,0.030310007743537426,0.2381218984723091,0.47834864258766174,0.14837482791094078,0.08509454876184464,0.11715351529419422,0.14658494293689728,0.18525351285934447,0.39024075865745544
0,registered_style,transformer,NI,plan_inactive,18240,0,0,0,0,0,0,0,0,0,0.0054622734760709,0.9999999867425414,0.9999998807907104,0.9999999403953552,1.0,1.0,1.0000001192092896,0.15463412757881248,0.0871100127696991,0.1214062973856926,0.1526460498571396,0.19477574676275253,0.34565484523773193,1.0174299981314363,0.9446642398834229,0.9838936269283295,1.0158987641334534,1.0553195834159852,1.1101824045181274,0.15463413095812462,0.0871100202202797,0.1214062973856926,0.1526460498571396,0.19477574676275253,0.3456548750400543,0.9883980628854612,0.9473733305931091,0.9824480801820755,0.9888645112514496,0.992830216884613,0.9962961673736572,0.17931822650918325,-0.35196393728256226,-0.04198701772838831,0.18026326596736908,0.3909229755401611,0.5670360326766968,0.030639642245902602,-0.4416007697582245,-0.1840292513370514,0.02966300304979086,0.24020678028464312,0.45380863547325134,0.1508964536752421,0.08606858551502228,0.11974929757416249,0.149234838783741,0.1873604454100132,0.3244277536869049
0,registered_style,transformer,TI,all,37120,0,0,0,0,0,0,0,0,0,0.005277344856657162,0.9999999873115328,0.9999998807907104,0.9999999403953552,1.0,1.0,1.0000001192092896,0.14912745124792906,0.0717005729675293,0.10651293434202672,0.1438104212284088,0.20687033608555788,0.5718207359313965,1.0274459621579997,0.9655534029006958,0.9972139954566955,1.0256882905960083,1.0637146353721618,1.168342113494873,0.1491274542094947,0.0717005729675293,0.10651293434202672,0.1438104212284088,0.20687033683061593,0.5718207359313965,0.9892514332245779,0.8707672357559204,0.9809329986572266,0.9903245270252228,0.994589102268219,0.9976714849472046,0.2449910977458158,-0.21358108520507812,0.04408392664045096,0.25017836689949036,0.42804756611585615,0.6112514138221741,0.1048775711625271,-0.32715511322021484,-0.08877689503133297,0.1071406677365303,0.2885140240192413,0.47193166613578796,0.14344142635718213,0.06824395805597305,0.10402699895203113,0.1391082927584648,0.1952793709933757,0.5083953142166138
0,registered_style,transformer,TI,plan_active,18880,0,0,0,0,0,0,0,0,0,0.00521607150349414,0.9999999872550873,0.9999998807907104,0.9999999403953552,1.0,1.0,1.0000001192092896,0.1474355168407783,0.07433290034532547,0.10655396990478039,0.142827570438385,0.20235196352005003,0.4957246780395508,1.026864178002007,0.9655534029006958,0.9969528257846832,1.0252182483673096,1.062119722366333,1.1437469720840454,0.14743551980285763,0.07433290034532547,0.10655397027730942,0.1428275778889656,0.20235196352005003,0.4957246780395508,0.9895356707559047,0.9016042947769165,0.9817892700433731,0.990449994802475,0.994574636220932,0.9973565936088562,0.24271315403400537,-0.20646953582763672,0.043348292075097564,0.24754653126001358,0.4261222422122955,0.6112514138221741,0.10405741112095342,-0.30945295095443726,-0.08959437273442745,0.1069425716996193,0.2862561151385306,0.4464569091796875,0.14191129585033505,0.07271134853363037,0.10416690558195114,0.13820310682058334,0.19084419310092923,0.4436120092868805
0,registered_style,transformer,TI,plan_inactive,18240,0,0,0,0,0,0,0,0,0,0.005340768152036428,0.9999999873699588,0.9999998807907104,0.9999999403953552,1.0,1.0,1.0000001192092896,0.15087875177462895,0.0717005729675293,0.10645641796290875,0.14495441317558289,0.21264925748109817,0.5718207359313965,1.02804815979315,0.9660314917564392,0.9973655223846436,1.0262005925178528,1.0649401426315308,1.168342113494873,0.15087875473566287,0.0717005729675293,0.10645641796290875,0.14495441317558289,0.21264928579330444,0.5718207359313965,0.9889572224465378,0.8707672357559204,0.9799767911434174,0.9901590049266815,0.9946145504713059,0.9976714849472046,0.2473489693071634,-0.21358108520507812,0.04484478160738945,0.2523595690727234,0.4305797651410102,0.6079140901565552,0.10572650874941916,-0.32715511322021484,-0.08787324875593185,0.1074628084897995,0.2906923577189445,0.47193166613578796,0.14502524565374314,0.06824395805597305,0.10378339886665344,0.140292726457119,0.2001158200204372,0.5083953142166138
0,registered_style,mamba,RGB,all,37120,0,0,37120,37120,37120,16691,37120,37120,37120,1726.9455651193432,0.9999999871766516,0.9999998807907104,0.9999999403953552,1.0,1.0,1.0000001192092896,64409.98239233083,8278.580078125,25239.62998046875,60953.615234375,115449.61249999994,200034.578125,64409.98892148774,8278.5634765625,25239.5439453125,60953.654296875,115449.62499999994,200034.640625,64409.98362200507,8278.580078125,25239.63193359375,60953.615234375,115449.61249999994,200034.546875,0.006535683511067654,-0.18063154816627502,-0.08733498379588127,0.007608004612848163,0.09984841756522628,0.22610031068325043,1.0000000086227625,0.9999998211860657,0.9999999403953552,1.0,1.0000001192092896,1.000000238418579,0.006516355502289712,-0.18063968420028687,-0.08735883496701717,0.0075933244079351425,0.09983282051980469,0.22609224915504456,1.4090107439182185,1.2441058158874512,1.3417537569999696,1.4088236093521118,1.4746762573719023,1.5366402864456177
0,registered_style,mamba,RGB,plan_active,18880,0,0,18880,18880,18880,8612,18880,18880,18880,1741.8981649159366,0.9999999871887898,0.9999998807907104,0.9999999403953552,1.0,1.0,1.0000001192092896,64967.56215189271,9184.08203125,25241.503515625,61540.345703125,116247.089453125,191624.515625,64967.568301132975,9184.1318359375,25241.54150390625,61540.37109375,116247.095703125,191624.546875,64967.56340088925,9184.08203125,25241.503613281253,61540.34765625,116247.096875,191624.515625,0.006163493401007885,-0.18063154816627502,-0.08715146034955978,0.006670063827186823,0.09990925751626491,0.21062994003295898,1.0000000086755065,0.9999998807907104,0.9999999403953552,1.0,1.0000001192092896,1.000000238418579,0.006144326602891127,-0.18063968420028687,-0.08717686906456948,0.006644262466579676,0.09989364184439183,0.21061915159225464,1.4092802391087604,1.256479263305664,1.3417084038257598,1.4094892740249634,1.4745517790317535,1.5366402864456177
0,registered_style,mamba,RGB,plan_inactive,18240,0,0,18240,18240,18240,8079,18240,18240,18240,1711.468312698308,0.9999999871640874,0.9999998807907104,0.9999999403953552,1.0,1.0,1.0000001192092896,63832.838430679054,8278.580078125,25239.62998046875,60334.330078125,114666.608984375,200034.578125,63832.84535308302,8278.5634765625,25239.5439453125,60334.369140625,114666.55078125,200034.640625,63832.83964035302,8278.580078125,25239.63193359375,60334.33203125,114666.609375,200034.546875,0.006920932923234782,-0.16492614150047302,-0.08752438053488731,0.008420003578066826,0.09982006624341011,0.22610031068325043,1.0000000085681677,0.9999998211860657,0.9999999403953552,1.0,1.0000001192092896,1.000000238418579,0.0069014380472812295,-0.16493557393550873,-0.08754551261663437,0.008405376225709915,0.09980998672544956,0.22609224915504456,1.4087317927560785,1.2441058158874512,1.3417749106884003,1.4082471132278442,1.4748046159744264,1.5263853073120117
0,registered_style,mamba,NI,all,37120,0,0,37120,37120,37120,16937,37120,37120,37120,2261.1225305837324,0.9999999878751435,0.9999998807907104,0.9999999403953552,1.0,1.0,1.0000001192092896,84334.65697681822,8685.595703125,32663.108203125,83029.4453125,142025.91562499997,251036.9375,84334.66366532425,8685.6220703125,32663.12578125,83029.5390625,142025.96874999997,251036.890625,84334.65847667826,8685.5966796875,32663.108203125,83029.44921875,142025.91562499997,251036.9375,0.006660311499001244,-0.1717034876346588,-0.08661599457263947,0.00675765797495842,0.10127686597406861,0.22595344483852386,1.0000000090145602,0.9999997615814209,0.9999999403953552,1.0,1.0000001192092896,1.000000238418579,0.006645775725876869,-0.17171072959899902,-0.08662911057472229,0.006747137755155563,0.10125676132738583,0.22593387961387634,1.408908468150887,1.244223952293396,1.3406887769699096,1.4094271063804626,1.474188619852066,1.530819058418274
0,registered_style,mamba,NI,plan_active,18880,0,0,18880,18880,18880,8854,18880,18880,18880,2276.490983222335,0.9999999877665255,0.9999998807907104,0.9999999403953552,1.0,1.0,1.0000001192092896,84907.53887272204,8685.595703125,33047.940625,83867.29296875,141971.19375,251036.9375,84907.54400639937,8685.6220703125,33047.9498046875,83867.28125,141971.26796875,251036.890625,84907.54039477333,8685.5966796875,33047.94453125,83867.296875,141971.19375,251036.9375,0.005080475957997111,-0.1717034876346588,-0.08884717039763927,0.004781154217198491,0.10099413059651852,0.22595344483852386,1.0000000089059695,0.9999998211860657,0.9999999403953552,1.0,1.0000001192092896,1.000000238418579,0.0050661065934622515,-0.17171072959899902,-0.08885699026286602,0.004771373001858592,0.10097616314888,0.22593387961387634,1.4100271701497042,1.244223952293396,1.3408996641635895,1.410828709602356,1.4757012248039245,1.530819058418274
0,registered_style,mamba,NI,plan_inactive,18240,0,0,18240,18240,18240,8083,18240,18240,18240,2245.214833992898,0.9999999879875727,0.9999998807907104,0.9999999403953552,1.0,1.0,1.0000001192092896,83741.67396175987,9883.8896484375,32398.877734375,82316.48828125,142032.81093749998,227461.328125,83741.68225964998,9883.9375,32398.947656250002,82316.43359375,142032.68828124995,227461.296875,83741.67543865003,9883.890625,32398.877734375,82316.48828125,142032.81093749998,227461.328125,0.008295579866005522,-0.16462643444538116,-0.08423107527196406,0.008804779034107924,0.10166736505925654,0.21592696011066437,1.0000000091269612,0.9999997615814209,0.9999999403953552,1.0,1.0000001192092896,1.000000238418579,0.008280871845393752,-0.1646377146244049,-0.08423771671950817,0.008775444701313972,0.1016511783003807,0.21591058373451233,1.407750513450357,1.2522565126419067,1.3403973877429962,1.4079738855361938,1.4725698590278626,1.5261890888214111
0,registered_style,mamba,TI,all,37120,0,0,37120,37120,37120,17305,37120,37120,37120,1522.6210665825129,0.9999999876519472,0.9999998807907104,0.9999999403953552,1.0,1.0,1.0000001192092896,56786.03899584803,3535.93017578125,13425.26298828125,49726.982421875,125493.86718749997,224093.9375,56786.03467520352,3536.01953125,13425.33818359375,49727.00390625,125493.73867187498,224093.875,56786.04003956236,3535.93017578125,13425.263916015625,49726.982421875,125493.86757812498,224093.9375,-0.004298502980819994,-0.22032415866851807,-0.1301899842917919,0.004990341141819954,0.09492370113730428,0.17140676081180573,1.0000000082277531,0.9999998211860657,0.9999999403953552,1.0,1.0000001192092896,1.000000238418579,-0.004326038793881488,-0.22033175826072693,-0.13019889667630197,0.004954655654728413,0.09486698843538759,0.17137739062309265,1.4164464841211408,1.2873175144195557,1.3454191982746124,1.4106804728507996,1.5034560084342956,1.5622574090957642
0,registered_style,mamba,TI,plan_active,18880,0,0,18880,18880,18880,8736,18880,18880,18880,1542.4650062133767,0.9999999874950213,0.9999998807907104,0.9999999403953552,1.0,1.0,1.0000001192092896,57526.16167394347,3535.93017578125,13947.2107421875,50418.623046875,125823.31992187494,223334.0625,57526.15808843839,3536.01953125,13947.223095703124,50418.576171875,125823.33046874993,223333.9375,57526.1627426794,3535.93017578125,13947.2107421875,50418.623046875,125823.31992187494,223334.0625,-0.00355655089681978,-0.22032415866851807,-0.1280016742646694,0.005379918264225125,0.09496403075754639,0.17140676081180573,1.0000000083219196,0.9999998211860657,0.9999999403953552,1.0,1.0000001192092896,1.000000238418579,-0.003583388057684376,-0.22033175826072693,-0.12801781967282294,0.005347661441192031,0.09494544304907318,0.17137739062309265,1.415936948763112,1.2873175144195557,1.3453891217708587,1.4104042649269104,1.5019997596740722,1.5622574090957642
0,registered_style,mamba,TI,plan_inactive,18240,0,0,18240,18240,18240,8569,18240,18240,18240,1502.0808483681096,0.9999999878143794,0.9999998807907104,0.9999999403953552,1.0,1.0,1.0000001192092896,56019.94710097731,3645.5009765625,12935.12763671875,49056.181640625,125019.601171875,224093.9375,56019.94201939901,3645.554931640625,12935.185009765624,49056.099609375,125019.58437499999,224093.875,56019.94811879208,3645.50146484375,12935.12763671875,49056.181640625,125019.601171875,224093.9375,-0.005066488471276356,-0.21633854508399963,-0.1321299932897091,0.004426912171766162,0.09486259296536445,0.16261884570121765,1.0000000081302827,0.9999998807907104,0.9999999403953552,1.0,1.0000001192092896,1.000000238418579,-0.00509474745064692,-0.2163456678390503,-0.13214783146977424,0.004389680689200759,0.09480544961988925,0.16259980201721191,1.4169738979127846,1.2941261529922485,1.3454644680023193,1.4110798239707947,1.5047458827495575,1.5597041845321655
1,original,cnn,RGB,all,35840,0,0,35840,35840,33335,16263,35840,35840,35840,8.134405218766318,0.9999999881073434,0.9999998807907104,0.9999999403953552,1.0,1.0,1.0000001192092896,225.47929868974856,41.977664947509766,93.00118293762208,207.6114730834961,411.48850555419915,640.7940673828125,225.48228116450565,41.971858978271484,93.0009666442871,207.6031951904297,411.47751312255855,640.6707763671875,225.47930268155676,41.977664947509766,93.0011833190918,207.61148071289062,411.48850555419915,640.7940673828125,0.005695026402223188,-0.25232428312301636,-0.13413900807499884,0.010046674869954586,0.14992131292819935,0.31516948342323303,0.9999815387485017,0.9997163414955139,0.9999426007270813,0.9999885559082031,0.999997079372406,0.9999988079071045,0.0002696960483068064,-0.2603171467781067,-0.13872390910983085,0.004109913948923349,0.14458219558000562,0.31184473633766174,1.4088524932041764,1.1703251600265503,1.3039008378982544,1.4070915579795837,1.506080400943756,1.5826082229614258
1,original,cnn,RGB,plan_active,16576,0,0,16576,16576,15521,7601,16576,16576,16576,8.209202237319884,0.9999999877849314,0.9999998807907104,0.9999999403953552,1.0,1.0,1.0000001192092896,227.57084984415746,43.3418083190918,95.20935821533203,210.2519073486328,413.1968536376953,611.752197265625,227.57402007759308,43.364925384521484,95.20112228393555,210.2394256591797,413.1783447265625,611.6442260742188,227.57085394721233,43.3418083190918,95.20935821533203,210.2519073486328,413.1968765258789,611.752197265625,0.005843319637426395,-0.2521374225616455,-0.13319731876254082,0.009121125563979149,0.15301592275500298,0.31516948342323303,0.9999821876395047,0.9997341632843018,0.9999450892210007,0.9999887943267822,0.9999971389770508,0.9999986886978149,0.0004969910990660759,-0.2563633918762207,-0.13737910985946655,0.0031433124095201492,0.14667703956365585,0.31184473633766174,1.4087320631405906,1.1703251600265503,1.3015252947807312,1.4077491760253906,1.5054549276828766,1.5824902057647705
1,original,cnn,RGB,plan_inactive,19264,0,0,19264,19264,17814,8662,19264,19264,19264,8.070044993499295,0.9999999883847677,0.9999998807907104,0.9999999403953552,1.0,1.0,1.0000001192092896,223.67959188246647,41.977664947509766,91.5521068572998,205.83173370361328,410.50735931396486,640.7940673828125,223.68241279743043,41.971858978271484,91.60491828918457,205.7985076904297,410.5518722534179,640.6707763671875,223.6795957785508,41.977664947509766,91.5521068572998,205.83173370361328,410.50735931396486,640.7940673828125,0.00556742524635066,-0.25232428312301636,-0.13489872217178345,0.010786888189613819,0.14729883074760436,0.27334168553352356,0.9999809804004293,0.9997163414955139,0.99994076192379,0.999988317489624,0.999997079372406,0.9999988079071045,7.411658602557455e-05,-0.2603171467781067,-0.13959871381521224,0.004765585996210575,0.14156066328287112,0.26917600631713867,1.4089561190728432,1.205535888671875,1.3059105396270752,1.4065654873847961,1.5065847039222715,1.5826082229614258
1,original,cnn,NI,all,35840,0,0,35840,35840,35342,14947,35840,35840,35840,10.177184766827466,0.9999999884432847,0.9999998807907104,0.9999999403953552,1.0,1.0,1.0000001192092896,282.2193055155022,53.44882583618164,130.79884490966796,268.63397216796875,478.4363845825194,760.5032348632812,282.23293156666415,53.48890686035156,130.79953384399414,268.6627655029297,478.3973114013672,760.4412841796875,282.2193103363471,53.448829650878906,130.79884490966796,268.63397216796875,478.4363845825194,760.5032348632812,0.01568965305353751,-0.24642400443553925,-0.11355879567563534,0.019900212064385414,0.14289756342768667,0.27691584825515747,0.9999897436155671,0.9998254179954529,0.9999709129333496,0.9999931454658508,0.9999978542327881,0.9999990463256836,0.011562285678311517,-0.24872006475925446,-0.11719410382211208,0.015447073616087437,0.1393315374851226,0.27278512716293335,1.4019550075621476,1.2025673389434814,1.309276533126831,1.4000713229179382,1.4923530101776123,1.5788756608963013
1,original,cnn,NI,plan_active,16576,0,0,16576,16576,16375,6944,16576,16576,16576,10.227239912223437,0.9999999885005035,0.9999998807907104,0.9999999403953552,1.0,1.0,1.0000001192092896,283.6272870007629,56.57902526855469,131.86888122558594,270.15272521972656,478.9975891113281,716.6669921875,283.64121642237006,56.6141471862793,131.83329010009766,270.1951446533203,478.98187255859375,716.6798095703125,283.6272917951396,56.57902908325195,131.86889266967773,270.15272521972656,478.9975891113281,716.6669921875,0.015975524992641585,-0.24642400443553925,-0.11228839494287968,0.020051519386470318,0.143337432295084,0.27691584825515747,0.99998997647718,0.9998440742492676,0.9999713897705078,0.9999932050704956,0.9999978542327881,0.9999989867210388,0.011883407233959503,-0.24872006475925446,-0.11588718183338642,0.015698490664362907,0.13994021341204643,0.27278512716293335,1.401758219586491,1.2025673389434814,1.3089405000209808,1.3999632000923157,1.49150151014328,1.5788756608963013
1,original,cnn,NI,plan_inactive,19264,0,0,19264,19264,18967,8003,19264,19264,19264,10.134114060323956,0.9999999883940499,0.9999998807907104,0.9999999403953552,1.0,1.0,1.0000001192092896,281.0077865630685,53.44882583618164,129.43066482543946,267.11692810058594,477.591256713867,760.5032348632812,281.0211515745451,53.48890686035156,129.41692581176758,267.1310729980469,477.519319152832,760.4412841796875,281.0077914066885,53.448829650878906,129.43066482543946,267.11692810058594,477.591256713867,760.5032348632812,0.015443670222215393,-0.22451820969581604,-0.11451167427003384,0.019838430918753147,0.14247629567980766,0.27496880292892456,0.9999895432462724,0.9998254179954529,0.9999702662229538,0.999993085861206,0.9999978542327881,0.9999990463256836,0.011285971781591157,-0.22836795449256897,-0.11838885396718977,0.015167593955993652,0.1384665168821811,0.27220606803894043,1.4021243367505034,1.2041853666305542,1.3095982551574707,1.400115430355072,1.4929914474487305,1.5649397373199463
1,original,cnn,TI,all,35840,0,0,35840,35840,28079,18696,35840,35840,35840,7.2117872615148215,0.9999999880807341,0.9999998807907104,0.9999999403953552,1.0,1.0,1.0000001192092896,200.81281450986862,27.535587310791016,60.718821144104005,180.94666290283203,393.7833618164061,646.6658935546875,200.80752065671342,27.444217681884766,60.7168046951294,180.96472930908203,393.6769409179685,646.6881103515625,200.81281806225223,27.535587310791016,60.718824768066405,180.94667053222656,393.7833618164061,646.6658935546875,-0.0018100647498873253,-0.30882155895233154,-0.18102666810154916,-0.006556699518114328,0.1761175088584422,0.3745378851890564,0.9999647370872221,0.999343991279602,0.9998655289411544,0.9999849796295166,0.9999968409538269,0.9999988079071045,-0.008777250309542848,-0.3116808533668518,-0.18698062151670455,-0.014374719467014074,0.16952520683407768,0.369830459356308,1.4132792867620343,1.1184473037719727,1.2836529731750488,1.4188423156738281,1.536897397041321,1.6179132461547852
1,original,cnn,TI,plan_active,16576,0,0,16576,16576,13043,8543,16576,16576,16576,7.288060369737694,0.9999999878892107,0.9999998807907104,0.9999999403953552,1.0,1.0,1.0000001192092896,202.97195021238565,28.208126068115234,60.55578899383545,184.2795867919922,395.1320266723633,593.3493041992188,202.9679781314719,28.068988800048828,60.555047035217285,184.3178939819336,395.10060119628906,593.2860717773438,202.97195386921118,28.208127975463867,60.5557918548584,184.27960205078125,395.1320266723633,593.3493041992188,-0.0005163092260548088,-0.30850350856781006,-0.18240436911582947,-0.004827137570828199,0.17379271239042282,0.3745378851890564,0.999965132304025,0.999380350112915,0.9998643398284912,0.9999855160713196,0.9999969005584717,0.9999986886978149,-0.00742734243638369,-0.31106966733932495,-0.18815559148788452,-0.012077306862920523,0.16752932593226433,0.369830459356308,1.412382234830021,1.1184473037719727,1.2854628264904022,1.4176228046417236,1.5377934873104095,1.617716670036316
1,original,cnn,TI,plan_inactive,19264,0,0,19264,19264,15036,10153,19264,19264,19264,7.146156912578862,0.9999999882455334,0.9999998807907104,0.9999999403953552,1.0,1.0,1.0000001192092896,198.95495355654,27.535587310791016,60.85886611938477,178.4213409423828,392.6006530761718,646.6658935546875,198.94852236447937,27.444217681884766,60.84620246887207,178.42777252197266,392.5787673950195,646.6881103515625,198.954957019055,27.535587310791016,60.858869361877446,178.4213409423828,392.6006530761718,646.6658935546875,-0.0029232962471385606,-0.30882155895233154,-0.18001004680991173,-0.008140903431922197,0.1777132540941238,0.36842185258865356,0.9999643970169498,0.999343991279602,0.9998660266399384,0.9999845027923584,0.9999967813491821,0.9999988079071045,-0.009938798944586776,-0.3116808533668518,-0.18621053621172906,-0.016280896961688995,0.17132112607359884,0.36376312375068665,1.4140511686570225,1.1239023208618164,1.2824093043804168,1.4199584126472473,1.5362356722354888,1.6179132461547852
1,original,transformer,RGB,all,35840,0,0,0,0,0,0,0,0,0,0.005250617486174913,0.99999998715939,0.9999998807907104,0.9999999403953552,1.0,1.0,1.0000001192092896,0.1486083621159196,0.0819644182920456,0.11435686610639095,0.14610124379396439,0.19095151871442795,0.2945527732372284,1.025180592484373,0.9569778442382812,0.9927981704473495,1.0244684219360352,1.060684621334076,1.1377512216567993,0.14860836527825866,0.081964410841465,0.1143568653613329,0.14610124379396439,0.190951519459486,0.2945527732372284,0.9895037075554552,0.9606350064277649,0.983730235695839,0.9899584054946899,0.9936890035867691,0.9966363906860352,0.23013896558916583,-0.3292958736419678,0.011583520844578744,0.2379770204424858,0.42680387496948213,0.5906358361244202,0.08986474361175689,-0.4189281463623047,-0.12173086777329445,0.09527769312262535,0.2875669568777084,0.48380571603775024,0.14338005505207027,0.0820201113820076,0.11234800331294537,0.14171573519706726,0.1803870193660259,0.28058895468711853
1,original,transformer,RGB,plan_active,16576,0,0,0,0,0,0,0,0,0,0.0052528170900175775,0.9999999868572046,0.9999998807907104,0.9999999403953552,1.0,1.0,1.0000001192092896,0.14867665016130116,0.0819644182920456,0.11453742533922195,0.14621149748563766,0.19122764468193054,0.28885138034820557,1.0248639688550218,0.9569778442382812,0.9922715872526169,1.0240586400032043,1.060641884803772,1.1377512216567993,0.14867665338047698,0.081964410841465,0.11453743278980255,0.14621149748563766,0.19122764840722084,0.28885141015052795,0.9894861898755359,0.9606350064277649,0.9837108552455902,0.9899513423442841,0.9936701059341431,0.9966363906860352,0.22772648109508373,-0.2854318618774414,0.007122856564819813,0.2357162907719612,0.4260186031460762,0.5885695219039917,0.08730109973124763,-0.38002026081085205,-0.12566814199090004,0.09292875975370407,0.2851691171526909,0.4752575755119324,0.14349982332578468,0.0820201113820076,0.11251584254205227,0.14176538586616516,0.1804952137172222,0.28058895468711853
1,original,transformer,RGB,plan_inactive,19264,0,0,0,0,0,0,0,0,0,0.005248724803798665,0.99999998741941,0.9999998807907104,0.9999999403953552,1.0,1.0,1.0000001192092896,0.14854960263500985,0.0834275409579277,0.11425992846488953,0.1459924727678299,0.1907386116683483,0.2945527732372284,1.0254530360724194,0.9594206809997559,0.9934528261423111,1.02478688955307,1.0607413709163667,1.118523359298706,0.1485496057484429,0.0834275335073471,0.11425992846488953,0.1459924876689911,0.19073861390352248,0.2945527732372284,0.989518780907944,0.9651973247528076,0.9837391257286072,0.9899670481681824,0.9937032014131546,0.9965669512748718,0.23221482433988766,-0.3292958736419678,0.016086444444954395,0.2401784285902977,0.4273440986871718,0.5906358361244202,0.09207066974149741,-0.4189281463623047,-0.11702337339520452,0.09761165827512741,0.2889587968587875,0.48380571603775024,0.14327699863050208,0.08286073058843613,0.1122204303741455,0.141654871404171,0.1803385578095913,0.26382866501808167
1,original,transformer,NI,all,35840,0,0,0,0,0,0,0,0,0,0.005743821217638538,0.9999999871660423,0.9999998807907104,0.9999999403953552,1.0,1.0,1.0000001192092896,0.16303028626883004,0.09342633932828903,0.12565554901957512,0.16002468019723892,0.21077575162053103,0.31020471453666687,1.0233899539569393,0.9568933844566345,0.989037674665451,1.0220988988876343,1.0628958880901336,1.135379433631897,0.1630302895972688,0.09342633932828903,0.12565554901957512,0.16002468019723892,0.21077575236558907,0.31020471453666687,0.9872236576247295,0.9564378261566162,0.9798862338066101,0.9878748953342438,0.9923329591751099,0.9957016706466675,0.21198244493274876,-0.2322995662689209,-0.004890516214072704,0.21661235392093658,0.41774331033229795,0.6015151143074036,0.056702622937161454,-0.34015947580337524,-0.14892219081521035,0.057875026017427444,0.264135131239891,0.4762144982814789,0.15808103329576884,0.09271824359893799,0.12383141256868839,0.1557251662015915,0.20056849494576445,0.29516875743865967
1,original,transformer,NI,plan_active,16576,0,0,0,0,0,0,0,0,0,0.005739123549120988,0.9999999869399089,0.9999998807907104,0.9999999403953552,1.0,1.0,1.0000001192092896,0.16289091666640793,0.09963817894458771,0.12536463513970375,0.15993176400661469,0.21074442937970161,0.30453115701675415,1.0230888132919274,0.9572929739952087,0.9884601533412933,1.021830141544342,1.0633756220340729,1.1264116764068604,0.16289092003571007,0.0996381863951683,0.12536463886499405,0.15993176400661469,0.21074442937970161,0.30453115701675415,0.9872403976949773,0.9574182033538818,0.979848176240921,0.9878823161125183,0.9923486113548279,0.9951724410057068,0.20993534935884456,-0.2322995662689209,-0.007188497576862574,0.2147321030497551,0.42024556547403336,0.5907933115959167,0.05473476485146972,-0.34015947580337524,-0.1526177003979683,0.055719248950481415,0.26571837067604065,0.4709491729736328,0.15798289208263014,0.09826122969388962,0.12370436452329159,0.15567778050899506,0.20075775682926178,0.2918281555175781
1,original,transformer,NI,plan_inactive,19264,0,0,0,0,0,0,0,0,0,0.0057478633975257334,0.9999999873606222,0.9999998807907104,0.9999999403953552,1.0,1.0,1.0000001192092896,0.16315020894998394,0.09342633932828903,0.12605142295360566,0.16011641919612885,0.21080145835876463,0.31020471453666687,1.023649074994275,0.9568933844566345,0.9894319295883178,1.0223416686058044,1.0623316168785095,1.135379433631897,0.16315021224326123,0.09342633932828903,0.12605143561959267,0.16011642664670944,0.2108014605939388,0.31020471453666687,0.9872092533782372,0.9564378261566162,0.9799050271511078,0.9878682494163513,0.9923162937164307,0.9957016706466675,0.2137438992637826,-0.22130408883094788,-0.002141744270920743,0.21793236583471298,0.41544867157936094,0.6015151143074036,0.0583958961736869,-0.3324854373931885,-0.14618186727166174,0.05960473790764809,0.26203423440456386,0.4762144982814789,0.158165480386144,0.09271824359893799,0.12396597564220428,0.15576769411563873,0.20047439709305764,0.29516875743865967
1,original,transformer,TI,all,35840,0,0,0,0,0,0,0,0,0,0.005616056558699809,0.9999999867535995,0.9999998807907104,0.9999999403953552,1.0,1.0,1.0000001192092896,0.1588701840527522,0.08861890435218811,0.11982752978801728,0.15623492747545242,0.20746464505791662,0.30240267515182495,1.0218795135750303,0.9530628323554993,0.9864546090364457,1.0193588733673096,1.0652728259563446,1.1423401832580566,0.15887018735520542,0.08861890435218811,0.11982752978801728,0.15623492747545242,0.20746464505791662,0.30240267515182495,0.9878406839461864,0.9580896496772766,0.9804021626710892,0.9884796142578125,0.9930453032255173,0.996220588684082,0.2055979649956498,-0.2648547291755676,-0.014594256412237883,0.20234836637973785,0.4318165808916092,0.6351786851882935,0.05444127724350178,-0.3738836646080017,-0.16689153015613556,0.05133248493075371,0.2790821954607963,0.5264687538146973,0.15402422056587448,0.08694145828485489,0.11793839558959007,0.1517920270562172,0.19797917902469633,0.28951817750930786
1,original,transformer,TI,plan_active,16576,0,0,0,0,0,0,0,0,0,0.005614301713864068,0.9999999863969371,0.9999998807907104,0.9999999403953552,1.0,1.0,1.0000001192092896,0.1588136091609,0.08861890435218811,0.12045006453990936,0.15655524283647537,0.20630914345383644,0.292934387922287,1.021703752656701,0.9556897878646851,0.9866412431001663,1.0193167328834534,1.0637165904045105,1.1388143301010132,0.15881361255492354,0.08861890435218811,0.12045006453990936,0.15655525773763657,0.20630915462970734,0.2929344177246094,0.9878464110706247,0.9614244699478149,0.9806115031242371,0.9884611070156097,0.9929698705673218,0.996220588684082,0.20504519727772866,-0.250873327255249,-0.01412785123102367,0.20170892775058746,0.42703577876091003,0.6338391304016113,0.05381602173164956,-0.3738836646080017,-0.16561336442828178,0.05005553737282753,0.27486565709114075,0.5264687538146973,0.15404600288375536,0.08694145828485489,0.1185762919485569,0.1519145369529724,0.1969192922115326,0.2777608036994934
1,original,transformer,TI,plan_inactive,19264,0,0,0,0,0,0,0,0,0,0.005617566541465446,0.999999987060495,0.9999998807907104,0.9999999403953552,1.0,1.0,1.0000001192092896,0.15891886477364828,0.08931560814380646,0.11922798156738282,0.15603168308734894,0.2083724707365036,0.30240267515182495,1.0220307497140577,0.9530628323554993,0.9862358897924424,1.0193933844566345,1.06627956032753,1.1423401832580566,0.15891886799730842,0.08931560814380646,0.11922798790037632,0.15603168308734894,0.2083724707365036,0.30240267515182495,0.9878357559553907,0.9580896496772766,0.9802516490221024,0.988502711057663,0.9931154757738113,0.9960660338401794,0.20607360233432617,-0.2648547291755676,-0.014973545307293525,0.2028205469250679,0.4355273127555846,0.6351786851882935,0.05497928780021182,-0.37335675954818726,-0.16851461455225944,0.05248735845088959,0.28277180641889565,0.522051215171814,0.15400547764118624,0.08870204538106918,0.11734233535826206,0.15164010971784592,0.1987380251288414,0.28951817750930786
1,original,mamba,RGB,all,35840,0,0,35840,35840,35382,14334,35840,35840,35840,20.350122809360997,0.9999999871959777,0.9999998807907104,0.9999999403953552,1.0,1.0,1.0000001192092896,561.3319384067187,41.28707504272461,147.42306518554688,466.5016326904297,1285.6032287597652,2290.584228515625,561.3458921759257,41.32693099975586,147.40886993408202,466.5105285644531,1285.611645507812,2290.5322265625,561.3319491097969,41.28707504272461,147.42305068969728,466.5016326904297,1285.6032287597652,2290.584228515625,0.01531684047741432,-0.15652963519096375,-0.06195825431495905,0.014570883940905333,0.09347754605114446,0.17849358916282654,0.9999941731204411,0.9997073411941528,0.9999771118164062,0.9999977350234985,0.9999997019767761,1.0,0.012590464082619032,-0.15927091240882874,-0.06475561372935772,0.012326867319643497,0.09026591442525378,0.1771695613861084,1.4028952597440885,1.281800627708435,1.3464935839176178,1.4038726091384888,1.4573663234710692,1.5208745002746582
1,original,mamba,RGB,plan_active,16576,0,0,16576,16576,16360,6497,16576,16576,16576,20.46460577396709,0.9999999876339061,0.9999998807907104,0.9999999403953552,1.0,1.0,1.0000001192092896,563.6966677554326,47.5082893371582,143.87447357177734,472.10191345214844,1280.1550598144531,2222.169189453125,563.7116325136317,47.55931091308594,143.90753936767578,472.0838623046875,1280.1343994140625,2222.135986328125,563.6966783738044,47.5082893371582,143.87448501586914,472.10191345214844,1280.1550598144531,2222.169189453125,0.016330081476293605,-0.15213140845298767,-0.060933852568268776,0.01549540925770998,0.0938511285930872,0.17849358916282654,0.999994086105247,0.9997793436050415,0.9999759644269943,0.9999977946281433,0.9999997019767761,1.0,0.013599353450364286,-0.15329046547412872,-0.06391451880335808,0.013237178325653076,0.09049725905060768,0.1771695613861084,1.4021782311664814,1.281800627708435,1.3462160229682922,1.4032138586044312,1.4566632211208344,1.5179798603057861
1,original,mamba,RGB,plan_inactive,19264,0,0,19264,19264,19022,7837,19264,19264,19264,20.251614211909242,0.9999999868191556,0.9999998807907104,0.9999999403953552,1.0,1.0,1.0000001192092896,559.297171292709,41.28707504272461,151.06175842285157,462.69248962402344,1289.9013793945312,2290.584228515625,559.3102551411553,41.32693099975586,151.05385971069336,462.75535583496094,1289.9418701171876,2290.5322265625,559.2971820686743,41.28707504272461,151.06175842285157,462.69248962402344,1289.9013793945312,2290.584228515625,0.014444981943494934,-0.15652963519096375,-0.06287426427006722,0.01374360779300332,0.09318206161260592,0.17451636493206024,0.9999942479939803,0.9997073411941528,0.9999781847000122,0.9999976754188538,0.9999997615814209,1.0,0.011722349975489396,-0.15927091240882874,-0.06564844697713852,0.011383365839719772,0.09013544991612435,0.17286965250968933,1.4035122378224947,1.2848997116088867,1.3467129290103912,1.4044618010520935,1.4579947471618653,1.5208745002746582
1,original,mamba,NI,all,35840,0,0,35840,35840,35816,11359,35840,35840,35840,24.272629225865156,0.9999999879327204,0.9999998211860657,0.9999999403953552,1.0,1.0,1.0000001192092896,666.8882938439292,59.51149368286133,240.7178497314453,582.906982421875,1384.0652526855465,2598.934326171875,666.9073120604668,59.541072845458984,240.73753204345704,582.9521484375,1384.0646972656245,2598.891845703125,666.8883057281375,59.511497497558594,240.7178497314453,582.906982421875,1384.0652526855465,2598.934326171875,0.020016375692622594,-0.15423575043678284,-0.06419176198542118,0.023144062608480453,0.08913853466510768,0.14728473126888275,0.9999973281037196,0.9998589754104614,0.9999914169311523,0.9999985694885254,0.9999997615814209,1.0,0.018019630114447086,-0.155464768409729,-0.06672463081777096,0.021251547150313854,0.08680821731686592,0.14567145705223083,1.399598683277145,1.3059213161468506,1.3497121632099152,1.3977525234222412,1.4588981747627259,1.5193654298782349
1,original,mamba,NI,plan_active,16576,0,0,16576,16576,16565,5151,16576,16576,16576,24.265687093014257,0.999999987882019,0.9999998211860657,0.9999999403953552,1.0,1.0,1.0000001192092896,665.8083246614942,59.882354736328125,237.93973922729492,580.31982421875,1385.1722412109375,2598.934326171875,665.8280530571938,59.88162612915039,237.98632431030273,580.2998046875,1385.1726379394531,2598.891845703125,665.808336544221,59.882354736328125,237.93975067138672,580.31982421875,1385.1722412109375,2598.934326171875,0.020730569868650364,-0.1409713625907898,-0.06392776593565941,0.024221258237957954,0.09012011997401714,0.14608997106552124,0.9999973074421574,0.9998606443405151,0.999991238117218,0.9999985694885254,0.9999997615814209,1.0,0.018725924155498792,-0.14322662353515625,-0.06637865863740444,0.022362257353961468,0.08783574402332306,0.14402878284454346,1.3990866135964062,1.3068358898162842,1.348984718322754,1.3969815373420715,1.4587170779705048,1.5106101036071777
1,original,mamba,NI,plan_inactive,19264,0,0,19264,19264,19251,6208,19264,19264,19264,24.278602689015923,0.999999987976347,0.9999998807907104,0.9999999403953552,1.0,1.0,1.0000001192092896,667.817569652071,59.51149368286133,244.52460556030275,585.1370544433594,1382.2803344726544,2364.23974609375,667.8359767842135,59.541072845458984,244.5399139404297,585.1195983886719,1382.2455932617172,2364.200927734375,667.817581537554,59.511497497558594,244.52460556030275,585.1370544433594,1382.2803344726544,2364.239990234375,0.019401836517901026,-0.15423575043678284,-0.06467090062797069,0.022151712328195572,0.08832408450543874,0.14728473126888275,0.999997345882273,0.9998589754104614,0.9999916553497314,0.9999985694885254,0.9999997615814209,1.0,0.017411888730286314,-0.155464768409729,-0.06704535074532032,0.020257593132555485,0.0859829980880022,0.14567145705223083,1.400039301374525,1.3059213161468506,1.350315475463867,1.3984622359275818,1.4592264473438263,1.5193654298782349
1,original,mamba,TI,all,35840,0,0,35840,35840,35252,16804,35840,35840,35840,14.663787098914813,0.999999987575159,0.9999998807907104,0.9999999403953552,1.0,1.0,1.0000001192092896,413.11134957873395,57.3220329284668,132.03773193359376,333.6900939941406,970.6359069824216,2325.4599609375,413.11863268603173,57.29844665527344,132.06881256103514,333.716552734375,970.6339538574216,2325.440185546875,413.1113572391016,57.3220329284668,132.0377326965332,333.6901092529297,970.6359069824216,2325.460205078125,0.009021992369931857,-0.14194853603839874,-0.07094166539609432,0.0044092340394854546,0.0998533546924591,0.19443173706531525,0.9999917057442612,0.9998478889465332,0.9999713897705078,0.9999955296516418,0.9999995231628418,1.0,0.005544370416950122,-0.14303971827030182,-0.07452153377234935,0.0011027827858924866,0.09634837433695792,0.19248747825622559,1.4073269756311284,1.2693054676055908,1.3417501091957091,1.4110924005508423,1.4635174810886382,1.5112566947937012
1,original,mamba,TI,plan_active,16576,0,0,16576,16576,16291,7804,16576,16576,16576,14.529277387048959,0.9999999876195227,0.9999998807907104,0.9999999403953552,1.0,1.0,1.0000001192092896,408.9799487052277,57.3220329284668,129.9222640991211,329.1686096191406,965.0391235351562,2094.842041015625,408.98702853849034,57.29844665527344,129.96110153198242,329.1759796142578,965.0307159423828,2094.881103515625,408.97995620252544,57.3220329284668,129.9222640991211,329.1686096191406,965.0391235351562,2094.842041015625,0.008841302262591439,-0.14194853603839874,-0.07153289951384068,0.004061880521476269,0.10019795782864094,0.17177394032478333,0.9999914870788001,0.9998478889465332,0.9999704360961914,0.9999954104423523,0.9999995231628418,0.9999999403953552,0.005318300871094764,-0.14303971827030182,-0.07524694129824638,0.0007012146525084972,0.09687223471701145,0.1673111915588379,1.407450943760948,1.2870323657989502,1.3414931893348694,1.411338448524475,1.4639213383197784,1.5112566947937012
1,original,mamba,TI,plan_inactive,19264,0,0,19264,19264,18961,9000,19264,19264,19264,14.779528013776128,0.9999999875369856,0.9999998807907104,0.9999999403953552,1.0,1.0,1.0000001192092896,416.666275911751,62.309913635253906,133.82151718139647,338.4224395751953,974.3040313720697,2325.4599609375,416.673733929265,62.35746383666992,133.85363998413087,338.43511962890625,974.2833007812495,2325.440185546875,416.6662837124346,62.30991744995117,133.82151718139647,338.4224395751953,974.3040313720697,2325.460205078125,0.009177469904155008,-0.12806764245033264,-0.07049196362495422,0.004700743360444903,0.09931258223950858,0.19443173706531525,0.9999918938982625,0.999871551990509,0.9999722838401794,0.9999956488609314,0.9999995231628418,1.0,0.005738895375011709,-0.13617363572120667,-0.07397152036428452,0.0013989950530231,0.0958267543464899,0.19248747825622559,1.4072203053798886,1.2693054676055908,1.3421531438827514,1.410885751247406,1.4632102727890015,1.5020437240600586
1,registered_style,cnn,RGB,all,35840,0,0,35840,35840,33573,16274,35840,35840,35840,8.26007606447937,0.999999988187171,0.9999998807907104,0.9999999403953552,1.0,1.0,1.0000001192092896,228.97471160186188,41.977664947509766,95.04019737243652,210.8458709716797,418.3527084350585,670.228515625,228.9773912324437,41.971858978271484,95.06085014343262,210.84388732910156,418.30579833984365,670.1494750976562,228.9747156191085,41.977664947509766,95.04019737243652,210.84587860107422,418.3527084350585,670.2285766601562,0.005344294637364198,-0.2622663378715515,-0.1346569538116455,0.00972550269216299,0.14843511283397665,0.2990150451660156,0.9999822337413207,0.9997163414955139,0.99994498193264,0.999988853931427,0.9999971985816956,0.9999989867210388,1.4818406283926118e-05,-0.26602381467819214,-0.1392518885433674,0.003910538740456104,0.14225093051791185,0.2954287528991699,1.4091052718992745,1.184048056602478,1.3050402045249938,1.4073197841644287,1.506424218416214,1.58887779712677
1,registered_style,cnn,RGB,plan_active,16576,0,0,16576,16576,15759,7612,16576,16576,16576,8.480922984807563,0.9999999879575316,0.9999998807907104,0.9999999403953552,1.0,1.0,1.0000001192092896,235.12849938386196,42.96003341674805,100.38113784790039,217.26923370361328,427.22169494628906,670.228515625,235.13101481908078,42.9827995300293,100.41366004943848,217.25791931152344,427.1678237915039,670.1494750976562,235.1285035419188,42.96003723144531,100.38113784790039,217.26923370361328,427.22169494628906,670.2285766601562,0.005084980686379931,-0.2622663378715515,-0.13417978957295418,0.008525821845978498,0.14906415715813637,0.2990150451660156,0.999983690326681,0.999729335308075,0.9999507665634155,0.9999895095825195,0.9999973177909851,0.9999989867210388,-5.409569449690854e-05,-0.26602381467819214,-0.13878633826971054,0.0029351692646741867,0.14307218044996262,0.2954287528991699,1.4092786116705323,1.184048056602478,1.3045580983161926,1.4081720113754272,1.5061074197292328,1.58887779712677
1,registered_style,cnn,RGB,plan_inactive,19264,0,0,19264,19264,17814,8662,19264,19264,19264,8.070044993499295,0.9999999883847677,0.9999998807907104,0.9999999403953552,1.0,1.0,1.0000001192092896,223.67959188246647,41.977664947509766,91.5521068572998,205.83173370361328,410.50735931396486,640.7940673828125,223.68241279743043,41.971858978271484,91.60491828918457,205.7985076904297,410.5518722534179,640.6707763671875,223.6795957785508,41.977664947509766,91.5521068572998,205.83173370361328,410.50735931396486,640.7940673828125,0.00556742524635066,-0.25232428312301636,-0.13489872217178345,0.010786888189613819,0.14729883074760436,0.27334168553352356,0.9999809804004293,0.9997163414955139,0.99994076192379,0.999988317489624,0.999997079372406,0.9999988079071045,7.411658602557455e-05,-0.2603171467781067,-0.13959871381521224,0.004765585996210575,0.14156066328287112,0.26917600631713867,1.4089561190728432,1.205535888671875,1.3059105396270752,1.4065654873847961,1.5065847039222715,1.5826082229614258
1,registered_style,cnn,NI,all,35840,0,0,35840,35840,35406,14895,35840,35840,35840,10.280842128018804,0.999999988316891,0.9999998807907104,0.9999999403953552,1.0,1.0,1.0000001192092896,285.1065583171589,53.44882583618164,132.61928787231446,271.1787872314453,482.31805419921875,760.5032348632812,285.1206274702081,53.48890686035156,132.59628982543944,271.2067108154297,482.28572235107424,760.4412841796875,285.10656325135915,53.448829650878906,132.61930236816406,271.1788024902344,482.31805419921875,760.5032348632812,0.016109018931196522,-0.2417193204164505,-0.11308523938059806,0.020023622550070286,0.14439659789204587,0.27573657035827637,0.9999900043310065,0.9998254179954529,0.9999716877937317,0.9999932646751404,0.9999978542327881,0.9999991059303284,0.012029097836914714,-0.2448197305202484,-0.11685002334415913,0.015655877999961376,0.14073632657527899,0.27225416898727417,1.4016466411894986,1.203547716140747,1.3081310749053956,1.3999831080436707,1.492035752534866,1.5758930444717407
1,registered_style,cnn,NI,plan_active,16576,0,0,16576,16576,16439,6892,16576,16576,16576,10.451363936420927,0.9999999882272197,0.9999998807907104,0.9999999403953552,1.0,1.0,1.0000001192092896,289.8699957611018,57.25774383544922,136.50222396850586,275.7853088378906,488.15191650390625,726.4161376953125,289.88488324084335,57.29176330566406,136.56243515014648,275.8047637939453,488.1156311035156,726.4329833984375,289.87000080057095,57.257747650146484,136.50222396850586,275.7853088378906,488.15193939208984,726.4161376953125,0.01688226202541783,-0.2417193204164505,-0.1108852457255125,0.020384185016155243,0.146523617208004,0.27573657035827637,0.9999905401862381,0.9998476505279541,0.9999733418226242,0.9999935030937195,0.9999979734420776,0.9999991059303284,0.012892730820128576,-0.2448197305202484,-0.11448979191482067,0.016023898497223854,0.142764151096344,0.27225416898727417,1.4010914814834659,1.203547716140747,1.3065040707588196,1.3997255563735962,1.4905605018138885,1.5758930444717407
1,registered_style,cnn,NI,plan_inactive,19264,0,0,19264,19264,18967,8003,19264,19264,19264,10.134114060323956,0.9999999883940499,0.9999998807907104,0.9999999403953552,1.0,1.0,1.0000001192092896,281.0077865630685,53.44882583618164,129.43066482543946,267.11692810058594,477.591256713867,760.5032348632812,281.0211515745451,53.48890686035156,129.41692581176758,267.1310729980469,477.519319152832,760.4412841796875,281.0077914066885,53.448829650878906,129.43066482543946,267.11692810058594,477.591256713867,760.5032348632812,0.015443670222215393,-0.22451820969581604,-0.11451167427003384,0.019838430918753147,0.14247629567980766,0.27496880292892456,0.9999895432462724,0.9998254179954529,0.9999702662229538,0.999993085861206,0.9999978542327881,0.9999990463256836,0.011285971781591157,-0.22836795449256897,-0.11838885396718977,0.015167593955993652,0.1384665168821811,0.27220606803894043,1.4021243367505034,1.2041853666305542,1.3095982551574707,1.400115430355072,1.4929914474487305,1.5649397373199463
1,registered_style,cnn,TI,all,35840,0,0,35840,35840,28360,18483,35840,35840,35840,7.299845906863611,0.9999999880092219,0.9999998807907104,0.9999999403953552,1.0,1.0,1.0000001192092896,203.27002865762583,27.535587310791016,61.42868938446045,183.01813507080078,397.95064544677734,646.6658935546875,203.26557895142054,27.444217681884766,61.4543155670166,183.06617736816406,397.90171661376945,646.6881103515625,203.27003227786295,27.535587310791016,61.42868938446045,183.0181427001953,397.95064544677734,646.6658935546875,-0.001014196101284272,-0.30882155895233154,-0.17665338963270186,-0.004923665896058083,0.1745449535548684,0.37890058755874634,0.9999657231865318,0.999343991279602,0.9998683333396912,0.9999852776527405,0.9999969005584717,0.999998927116394,-0.007884873945178178,-0.3116808533668518,-0.18364420533180237,-0.01236350741237402,0.16821118071675298,0.374193012714386,1.4127745481474059,1.1145397424697876,1.2848774373531342,1.4176908731460571,1.5340491890907282,1.6179132461547852
1,registered_style,cnn,TI,plan_active,16576,0,0,16576,16576,13324,8330,16576,16576,16576,7.478457440762105,0.9999999877345895,0.9999998807907104,0.9999999403953552,1.0,1.0,1.0000001192092896,208.28484566699584,28.243976593017578,62.30082988739014,188.428466796875,404.8377990722656,638.2854614257812,208.28269876867648,28.104116439819336,62.29940605163574,188.42080688476562,404.8598937988281,638.1646118164062,208.2848494705316,28.243976593017578,62.300832748413086,188.428466796875,404.8377990722656,638.2855224609375,0.0012044878520058471,-0.2947753667831421,-0.17261876538395882,-0.0006877603009343147,0.1716228760778904,0.37890058755874634,0.9999672644106405,0.9993824362754822,0.9998723864555359,0.9999861717224121,0.9999970197677612,0.999998927116394,-0.005497880026946562,-0.29725515842437744,-0.17903728783130646,-0.008418881334364414,0.1653834544122219,0.374193012714386,1.4112909080956892,1.1145397424697876,1.2871496677398682,1.4146997928619385,1.5314168632030487,1.609208106994629
1,registered_style,cnn,TI,plan_inactive,19264,0,0,19264,19264,15036,10153,19264,19264,19264,7.146156912578862,0.9999999882455334,0.9999998807907104,0.9999999403953552,1.0,1.0,1.0000001192092896,198.95495355654,27.535587310791016,60.85886611938477,178.4213409423828,392.6006530761718,646.6658935546875,198.94852236447937,27.444217681884766,60.84620246887207,178.42777252197266,392.5787673950195,646.6881103515625,198.954957019055,27.535587310791016,60.858869361877446,178.4213409423828,392.6006530761718,646.6658935546875,-0.0029232962471385606,-0.30882155895233154,-0.18001004680991173,-0.008140903431922197,0.1777132540941238,0.36842185258865356,0.9999643970169498,0.999343991279602,0.9998660266399384,0.9999845027923584,0.9999967813491821,0.9999988079071045,-0.009938798944586776,-0.3116808533668518,-0.18621053621172906,-0.016280896961688995,0.17132112607359884,0.36376312375068665,1.4140511686570225,1.1239023208618164,1.2824093043804168,1.4199584126472473,1.5362356722354888,1.6179132461547852
1,registered_style,transformer,RGB,all,35840,0,0,0,0,0,0,0,0,0,0.005254047463018298,0.999999986983104,0.9999998807907104,0.9999999403953552,1.0,1.0,1.0000001192092896,0.14874807738773857,0.0834275409579277,0.11443973779678344,0.14614026248455048,0.19165495708584784,0.2945527732372284,1.0248263846467516,0.9594206809997559,0.9923931300640106,1.0240261554718018,1.0605871081352234,1.131286382675171,0.14874808056941088,0.0834275335073471,0.11443973816931248,0.14614026248455048,0.19165495783090591,0.2945527732372284,0.9894673463855205,0.9606350064277649,0.9835933357477188,0.9899433255195618,0.9936893880367279,0.9965669512748718,0.227728267181666,-0.3292958736419678,0.008010302809998395,0.23526936769485474,0.42638371437788,0.6049854755401611,0.08720560664423829,-0.4189281463623047,-0.12455340474843979,0.09173322841525078,0.2877956226468085,0.4906027317047119,0.1435869182220943,0.08286073058843613,0.11234465949237346,0.14182148873806,0.181144980341196,0.28058895468711853
1,registered_style,transformer,RGB,plan_active,16576,0,0,0,0,0,0,0,0,0,0.0052602332561654365,0.9999999864760456,0.9999998807907104,0.9999999403953552,1.0,1.0,1.0000001192092896,0.14897873723550437,0.08433005213737488,0.11459219455718994,0.1463388428092003,0.1928512044250965,0.2910047173500061,1.0240981140709753,0.9627002477645874,0.991183415055275,1.0231465101242065,1.0604554414749146,1.131286382675171,0.14897874049648183,0.08433005213737488,0.11459219828248024,0.14633885025978088,0.1928512156009674,0.2910047173500061,0.989407571129731,0.9606350064277649,0.983433410525322,0.9899085164070129,0.9936748594045639,0.996440589427948,0.222514160214003,-0.2870798110961914,-0.0008831804152578115,0.22951389849185944,0.4248655140399933,0.6049854755401611,0.08155161439607227,-0.38277068734169006,-0.1333572342991829,0.08591043949127197,0.2861153483390808,0.4906027317047119,0.1439470950447555,0.08437304943799973,0.11247411370277405,0.1420668438076973,0.18202519789338112,0.28058895468711853
1,registered_style,transformer,RGB,plan_inactive,19264,0,0,0,0,0,0,0,0,0,0.005248724803798665,0.99999998741941,0.9999998807907104,0.9999999403953552,1.0,1.0,1.0000001192092896,0.14854960263500985,0.0834275409579277,0.11425992846488953,0.1459924727678299,0.1907386116683483,0.2945527732372284,1.0254530360724194,0.9594206809997559,0.9934528261423111,1.02478688955307,1.0607413709163667,1.118523359298706,0.1485496057484429,0.0834275335073471,0.11425992846488953,0.1459924876689911,0.19073861390352248,0.2945527732372284,0.989518780907944,0.9651973247528076,0.9837391257286072,0.9899670481681824,0.9937032014131546,0.9965669512748718,0.23221482433988766,-0.3292958736419678,0.016086444444954395,0.2401784285902977,0.4273440986871718,0.5906358361244202,0.09207066974149741,-0.4189281463623047,-0.11702337339520452,0.09761165827512741,0.2889587968587875,0.48380571603775024,0.14327699863050208,0.08286073058843613,0.1122204303741455,0.141654871404171,0.1803385578095913,0.26382866501808167
1,registered_style,transformer,NI,all,35840,0,0,0,0,0,0,0,0,0,0.005755017407106292,0.9999999870546162,0.9999998807907104,0.9999999403953552,1.0,1.0,1.0000001192092896,0.1633889286221737,0.09342633932828903,0.12581312656402588,0.16036499291658401,0.21206102818250655,0.33123111724853516,1.0232324489325817,0.9568933844566345,0.9891336053609848,1.0218825936317444,1.062467086315155,1.135379433631897,0.16338893198636859,0.09342633932828903,0.125813140720129,0.16036499291658401,0.21206102818250655,0.33123111724853516,0.9871505274370845,0.9484047293663025,0.9796289324760437,0.9878382384777069,0.992315661907196,0.9957016706466675,0.2111860929555275,-0.2322995662689209,-0.0034840958192944504,0.21483420580625534,0.4160408467054367,0.6027493476867676,0.05546678106763595,-0.33666062355041504,-0.14851318821310996,0.055851127952337265,0.26170266866683956,0.4762144982814789,0.15848676058314076,0.09271824359893799,0.12397052086889744,0.15596015006303787,0.20184738039970387,0.3212330639362335
1,registered_style,transformer,NI,plan_active,16576,0,0,0,0,0,0,0,0,0,0.005763331526348562,0.9999999866989876,0.9999998807907104,0.9999999403953552,1.0,1.0,1.0000001192092896,0.16366635959255635,0.09417074173688889,0.12564121186733246,0.1606534942984581,0.21307560428977013,0.33123111724853516,1.022748261887911,0.9581047296524048,0.9888261705636978,1.0213326215744019,1.0625888407230377,1.1263543367385864,0.16366636303916904,0.09417074918746948,0.12564121186733246,0.1606535017490387,0.21307560428977013,0.33123111724853516,0.9870822783703395,0.9484047293663025,0.9792869687080383,0.9878047704696655,0.9923089146614075,0.9956116676330566,0.2082135072459338,-0.2322995662689209,-0.004322157707065344,0.2118142992258072,0.4164925068616867,0.6027493476867676,0.05206267432276594,-0.33666062355041504,-0.1513095498085022,0.051972150802612305,0.26103006303310394,0.4724467396736145,0.15886014027154238,0.09368512034416199,0.12402523308992386,0.15617486834526062,0.20353401452302933,0.3212330639362335
1,registered_style,transformer,NI,plan_inactive,19264,0,0,0,0,0,0,0,0,0,0.0057478633975257334,0.9999999873606222,0.9999998807907104,0.9999999403953552,1.0,1.0,1.0000001192092896,0.16315020894998394,0.09342633932828903,0.12605142295360566,0.16011641919612885,0.21080145835876463,0.31020471453666687,1.023649074994275,0.9568933844566345,0.9894319295883178,1.0223416686058044,1.0623316168785095,1.135379433631897,0.16315021224326123,0.09342633932828903,0.12605143561959267,0.16011642664670944,0.2108014605939388,0.31020471453666687,0.9872092533782372,0.9564378261566162,0.9799050271511078,0.9878682494163513,0.9923162937164307,0.9957016706466675,0.2137438992637826,-0.22130408883094788,-0.002141744270920743,0.21793236583471298,0.41544867157936094,0.6015151143074036,0.0583958961736869,-0.3324854373931885,-0.14618186727166174,0.05960473790764809,0.26203423440456386,0.4762144982814789,0.158165480386144,0.09271824359893799,0.12396597564220428,0.15576769411563873,0.20047439709305764,0.29516875743865967
1,registered_style,transformer,TI,all,35840,0,0,0,0,0,0,0,0,0,0.005617612960988846,0.9999999868118071,0.9999998807907104,0.9999999403953552,1.0,1.0,1.0000001192092896,0.15889470577427087,0.08871345221996307,0.11997330226004124,0.1562325283885002,0.20725978910923004,0.30240267515182495,1.0221098841301033,0.9530628323554993,0.9865351021289825,1.0195807814598083,1.0655032098293304,1.1423401832580566,0.15889470905822237,0.08871345221996307,0.11997330263257026,0.1562325283885002,0.20725978910923004,0.30240267515182495,0.9878458965153966,0.9580896496772766,0.9804416775703431,0.9884667992591858,0.9930447489023209,0.9961676001548767,0.20709169487065862,-0.2648547291755676,-0.013254463812336324,0.2038569375872612,0.43402051627635946,0.6351786851882935,0.05596864738277613,-0.37646642327308655,-0.16606197729706765,0.05300535261631012,0.28131870329379993,0.5230532884597778,0.15401057071098226,0.08754904568195343,0.11794387064874172,0.15187662094831467,0.19778008088469506,0.28951817750930786
1,registered_style,transformer,TI,plan_active,16576,0,0,0,0,0,0,0,0,0,0.005617666908002526,0.9999999865227914,0.9999998807907104,0.9999999403953552,1.0,1.0,1.0000001192092896,0.15886662909931873,0.08871345221996307,0.12089008837938309,0.15649592876434326,0.20589729771018028,0.2868189513683319,1.0222018511541562,0.9575840830802917,0.9868687689304352,1.019794523715973,1.0642456412315369,1.1338412761688232,0.15886663245333854,0.08871345221996307,0.12089009396731853,0.15649593621492386,0.20589729771018028,0.2868189513683319,0.9878576814905384,0.9614244699478149,0.9806597679853439,0.988434910774231,0.9929580837488174,0.9961676001548767,0.20827488349396392,-0.26336729526519775,-0.011354317655786872,0.204880028963089,0.43223627656698227,0.629724383354187,0.05711844365440492,-0.37646642327308655,-0.16327184438705444,0.053639793768525124,0.28055306524038315,0.5230532884597778,0.15401648968398846,0.08754904568195343,0.1186755821108818,0.15208648890256882,0.19667405262589455,0.2777608036994934
1,registered_style,transformer,TI,plan_inactive,19264,0,0,0,0,0,0,0,0,0,0.005617566541465446,0.999999987060495,0.9999998807907104,0.9999999403953552,1.0,1.0,1.0000001192092896,0.15891886477364828,0.08931560814380646,0.11922798156738282,0.15603168308734894,0.2083724707365036,0.30240267515182495,1.0220307497140577,0.9530628323554993,0.9862358897924424,1.0193933844566345,1.06627956032753,1.1423401832580566,0.15891886799730842,0.08931560814380646,0.11922798790037632,0.15603168308734894,0.2083724707365036,0.30240267515182495,0.9878357559553907,0.9580896496772766,0.9802516490221024,0.988502711057663,0.9931154757738113,0.9960660338401794,0.20607360233432617,-0.2648547291755676,-0.014973545307293525,0.2028205469250679,0.4355273127555846,0.6351786851882935,0.05497928780021182,-0.37335675954818726,-0.16851461455225944,0.05248735845088959,0.28277180641889565,0.522051215171814,0.15400547764118624,0.08870204538106918,0.11734233535826206,0.15164010971784592,0.1987380251288414,0.28951817750930786
1,registered_style,mamba,RGB,all,35840,0,0,35840,35840,35425,14419,35840,35840,35840,20.655982584282334,0.9999999873672745,0.9999998807907104,0.9999999403953552,1.0,1.0,1.0000001192092896,569.6520325683057,41.28707504272461,151.98118743896484,476.9372863769531,1295.386114501953,2801.63427734375,569.665314745158,41.32693099975586,151.94236907958984,476.94847106933594,1295.3967407226562,2801.630126953125,569.6520432161433,41.28707504272461,151.98118743896484,476.9373016357422,1295.3862304687498,2801.63427734375,0.0146153040878614,-0.15652963519096375,-0.0639122623950243,0.014363761525601149,0.0924954872578382,0.17849358916282654,0.9999944466748275,0.9997073411941528,0.9999784797430038,0.9999978542327881,0.9999997615814209,1.0,0.011948564610098142,-0.15927091240882874,-0.06658082641661167,0.012078400701284409,0.08962741345167158,0.1771695613861084,1.4033911438359479,1.281800627708435,1.3472227513790132,1.4040201902389526,1.4587064981460571,1.5208745002746582
1,registered_style,mamba,RGB,plan_active,16576,0,0,16576,16576,16403,6582,16576,16576,16576,21.125924206229435,0.9999999880042776,0.9999998807907104,0.9999999403953552,1.0,1.0,1.0000001192092896,581.6860605372425,47.54956817626953,152.8548698425293,493.0475616455078,1303.9184265136719,2801.63427734375,581.6995732038638,47.600582122802734,152.8498420715332,493.0846252441406,1303.9796752929688,2801.630126953125,581.6860710361749,47.54956817626953,152.8548698425293,493.0475616455078,1303.9184265136719,2801.63427734375,0.014813246039422428,-0.14933650195598602,-0.06496041640639305,0.01500754989683628,0.09180277399718761,0.17849358916282654,0.9999946775741904,0.9997795820236206,0.999978706240654,0.9999979734420776,0.9999997615814209,1.0,0.012211462698967765,-0.1504659354686737,-0.06762954778969288,0.012799563817679882,0.08898339234292507,0.1771695613861084,1.403250412986718,1.281800627708435,1.3477368652820587,1.403561532497406,1.4594248533248901,1.5161375999450684
1,registered_style,mamba,RGB,plan_inactive,19264,0,0,19264,19264,19022,7837,19264,19264,19264,20.251614211909242,0.9999999868191556,0.9999998807907104,0.9999999403953552,1.0,1.0,1.0000001192092896,559.297171292709,41.28707504272461,151.06175842285157,462.69248962402344,1289.9013793945312,2290.584228515625,559.3102551411553,41.32693099975586,151.05385971069336,462.75535583496094,1289.9418701171876,2290.5322265625,559.2971820686743,41.28707504272461,151.06175842285157,462.69248962402344,1289.9013793945312,2290.584228515625,0.014444981943494934,-0.15652963519096375,-0.06287426427006722,0.01374360779300332,0.09318206161260592,0.17451636493206024,0.9999942479939803,0.9997073411941528,0.9999781847000122,0.9999976754188538,0.9999997615814209,1.0,0.011722349975489396,-0.15927091240882874,-0.06564844697713852,0.011383365839719772,0.09013544991612435,0.17286965250968933,1.4035122378224947,1.2848997116088867,1.3467129290103912,1.4044618010520935,1.4579947471618653,1.5208745002746582
1,registered_style,mamba,NI,all,35840,0,0,35840,35840,35814,11467,35840,35840,35840,24.615557101404335,0.9999999880840603,0.9999998807907104,0.9999999403953552,1.0,1.0,1.0000001192092896,676.3385719691004,59.21098709106445,247.03212509155273,596.7181396484375,1382.5170959472655,2658.70263671875,676.3574511705765,59.21046447753906,247.0698455810547,596.7296447753906,1382.5139404296872,2658.6357421875,676.3385838747024,59.21099090576172,247.03213958740236,596.7181396484375,1382.5170959472655,2658.70263671875,0.019857352854790275,-0.15423575043678284,-0.06518012769520283,0.02291825506836176,0.08972603008151052,0.16604626178741455,0.9999974399572238,0.9998574256896973,0.9999918341636658,0.9999986290931702,0.9999997615814209,1.0,0.017900689994563176,-0.155464768409729,-0.06753747686743736,0.02109837345778942,0.08744418919086454,0.1648399531841278,1.3997043436060526,1.2914749383926392,1.3492768347263335,1.3979139924049377,1.459575432538986,1.5193654298782349
1,registered_style,mamba,NI,plan_active,16576,0,0,16576,16576,16563,5259,16576,16576,16576,25.007152769855725,0.9999999882092404,0.9999998807907104,0.9999999403953552,1.0,1.0,1.0000001192092896,686.2413584456481,59.21098709106445,250.33985900878906,607.0353088378906,1383.0370178222656,2658.70263671875,686.2607862682416,59.21046447753906,250.36371994018555,607.0776672363281,1383.0744934082031,2658.6357421875,686.2413703746317,59.21099090576172,250.33986282348633,607.0353393554688,1383.0370178222656,2658.70263671875,0.020386736705769674,-0.1498640924692154,-0.06577674672007561,0.02386408392339945,0.09102223068475723,0.16604626178741455,0.9999975492875721,0.9998574256896973,0.9999920725822449,0.9999986886978149,0.9999997615814209,1.0,0.018468756328722774,-0.151170015335083,-0.06801070645451546,0.022044438868761063,0.08885439485311508,0.1648399531841278,1.3993150683616118,1.2914749383926392,1.3483158349990845,1.3972371816635132,1.4599840641021729,1.516485571861267
1,registered_style,mamba,NI,plan_inactive,19264,0,0,19264,19264,19251,6208,19264,19264,19264,24.278602689015923,0.999999987976347,0.9999998807907104,0.9999999403953552,1.0,1.0,1.0000001192092896,667.817569652071,59.51149368286133,244.52460556030275,585.1370544433594,1382.2803344726544,2364.23974609375,667.8359767842135,59.541072845458984,244.5399139404297,585.1195983886719,1382.2455932617172,2364.200927734375,667.817581537554,59.511497497558594,244.52460556030275,585.1370544433594,1382.2803344726544,2364.239990234375,0.019401836517901026,-0.15423575043678284,-0.06467090062797069,0.022151712328195572,0.08832408450543874,0.14728473126888275,0.999997345882273,0.9998589754104614,0.9999916553497314,0.9999985694885254,0.9999997615814209,1.0,0.017411888730286314,-0.155464768409729,-0.06704535074532032,0.020257593132555485,0.0859829980880022,0.14567145705223083,1.400039301374525,1.3059213161468506,1.350315475463867,1.3984622359275818,1.4592264473438263,1.5193654298782349
1,registered_style,mamba,TI,all,35840,0,0,35840,35840,35293,16532,35840,35840,35840,14.89396239926296,0.9999999876882482,0.9999998211860657,0.9999999403953552,1.0,1.0,1.0000001192092896,419.98132754649436,54.59644317626953,133.83406982421874,340.410400390625,984.9981903076168,2325.4599609375,419.98928401236026,54.57735824584961,133.87408905029298,340.4420166015625,984.9068542480463,2325.440185546875,419.9813352574195,54.59644317626953,133.83406982421874,340.41041564941406,984.9982482910152,2325.460205078125,0.0096692031425716,-0.15224489569664001,-0.07128211632370948,0.0055203852243721485,0.10070651322603219,0.19443173706531525,0.999991926524256,0.9998321533203125,0.9999722242355347,0.9999957084655762,0.9999995231628418,1.0,0.0062437069928884216,-0.1534481644630432,-0.07477945387363434,0.0022058114409446716,0.09745276235044002,0.19248747825622559,1.4068598755036614,1.2693054676055908,1.34111407995224,1.410304605960846,1.4637500882148742,1.5180546045303345
1,registered_style,mamba,TI,plan_active,16576,0,0,16576,16576,16332,7532,16576,16576,16576,15.026953712126035,0.9999999878640398,0.9999998211860657,0.9999999403953552,1.0,1.0,1.0000001192092896,423.8339551220069,54.59644317626953,133.8968963623047,342.5888366699219,995.9290924072266,2270.153076171875,423.8424908656871,54.57735824584961,133.87622833251953,342.6071472167969,995.9166107177734,2270.1875,423.8339627286182,54.59644317626953,133.8968963623047,342.58885192871094,995.9291076660156,2270.153076171875,0.010240676906136828,-0.15224489569664001,-0.07224650122225285,0.006514268461614847,0.10246792063117027,0.17868396639823914,0.9999919644409511,0.9998321533203125,0.9999722242355347,0.999995768070221,0.9999995231628418,1.0,0.006830379954204602,-0.1534481644630432,-0.07554913498461246,0.0032190424390137196,0.09913790412247181,0.17596189677715302,1.4064409975393974,1.2816520929336548,1.3398000001907349,1.409599781036377,1.4644088447093964,1.5180546045303345
1,registered_style,mamba,TI,plan_inactive,19264,0,0,19264,19264,18961,9000,19264,19264,19264,14.779528013776128,0.9999999875369856,0.9999998807907104,0.9999999403953552,1.0,1.0,1.0000001192092896,416.666275911751,62.309913635253906,133.82151718139647,338.4224395751953,974.3040313720697,2325.4599609375,416.673733929265,62.35746383666992,133.85363998413087,338.43511962890625,974.2833007812495,2325.440185546875,416.6662837124346,62.30991744995117,133.82151718139647,338.4224395751953,974.3040313720697,2325.460205078125,0.009177469904155008,-0.12806764245033264,-0.07049196362495422,0.004700743360444903,0.09931258223950858,0.19443173706531525,0.9999918938982625,0.999871551990509,0.9999722838401794,0.9999956488609314,0.9999995231628418,1.0,0.005738895375011709,-0.13617363572120667,-0.07397152036428452,0.0013989950530231,0.0958267543464899,0.19248747825622559,1.4072203053798886,1.2693054676055908,1.3421531438827514,1.410885751247406,1.4632102727890015,1.5020437240600586
2,original,cnn,RGB,all,34560,0,0,0,0,0,0,0,0,0,0.012510081595880544,0.999999988184276,0.9999998807907104,0.9999999403953552,1.0,1.0,1.0000001192092896,0.3511986776246448,0.1546759307384491,0.23053969591856002,0.3437519818544388,0.4961709886789318,0.992908239364624,1.1587869874822596,0.9868602156639099,1.061529415845871,1.1541205048561096,1.2735231697559355,1.5877467393875122,0.35119868370023105,0.1546759456396103,0.23053969591856002,0.3437519967556,0.4961709886789318,0.992908239364624,0.9571315876104766,0.7983241081237793,0.9252572238445282,0.960150957107544,0.9787413030862808,0.9905309677124023,0.5582292711931923,0.021351000294089317,0.35933526158332824,0.5739930868148804,0.7071801126003265,0.8140869736671448,0.30203865770831556,-0.22112104296684265,0.09822292737662792,0.31363917887210846,0.46943231523036955,0.6316682696342468,0.28753175202075876,0.1376160979270935,0.20619771704077722,0.28230878710746765,0.38663381487131115,0.6350997686386108
2,original,cnn,RGB,plan_active,16960,0,0,0,0,0,0,0,0,0,0.01251912395344161,0.9999999883637395,0.9999998807907104,0.9999999403953552,1.0,1.0,1.0000001192092896,0.35147852835614446,0.1546759307384491,0.23166184350848198,0.3446943908929825,0.4961105659604072,0.992908239364624,1.1580370187899975,0.9894719123840332,1.0617521345615386,1.1533911228179932,1.2688701272010803,1.5877467393875122,0.35147853439656207,0.1546759456396103,0.2316618576645851,0.3446944057941437,0.4961105659604072,0.992908239364624,0.9568679020335933,0.7983241081237793,0.9242109924554824,0.9600235819816589,0.9785689562559128,0.9905309677124023,0.5571026627553126,0.021351000294089317,0.3590182036161423,0.5730498135089874,0.7030150443315506,0.804619550704956,0.2998687429081227,-0.22112104296684265,0.09219518043100834,0.31304875016212463,0.46612187772989266,0.625715970993042,0.2883241610214958,0.1376160979270935,0.20703185126185417,0.2827593684196472,0.3893303483724594,0.6350997686386108
2,original,cnn,RGB,plan_inactive,17600,0,0,0,0,0,0,0,0,0,0.0125013680513217,0.9999999880113385,0.9999998807907104,0.9999999403953552,1.0,1.0,1.0000001192092896,0.35092900328338145,0.1577349603176117,0.22937993034720422,0.34306374192237854,0.49626615643501276,0.8378510475158691,1.1595096845857122,0.9868602156639099,1.0612401485443115,1.1547164916992188,1.2769527792930604,1.4657288789749146,0.35092900939285754,0.1577349603176117,0.22937993034720422,0.34306375682353973,0.4962661579251289,0.8378510475158691,0.9573856846209277,0.8345222473144531,0.926381504535675,0.9602294564247131,0.9789052098989487,0.9896484613418579,0.5593149120515127,0.05372503027319908,0.359783898293972,0.5746054947376251,0.7108414143323898,0.8140869736671448,0.30412966651577417,-0.20283809304237366,0.10304200127720833,0.314319908618927,0.4748821631073951,0.6316682696342468,0.2867681578927758,0.14388616383075714,0.20540106147527695,0.28203022480010986,0.38371508866548537,0.5752872824668884
2,original,cnn,NI,all,34560,0,0,0,0,0,0,0,0,0,0.012938180577873081,0.9999999880187076,0.9999998211860657,0.9999999403953552,1.0,1.0,1.0000001192092896,0.3629505090290439,0.12541505694389343,0.23740932196378708,0.3537950962781906,0.5218910485506055,0.7896608114242554,1.1576246733087356,0.9481877088546753,1.0588193893432618,1.1506894826889038,1.2781403005123138,1.4401233196258545,0.36295051544051,0.12541505694389343,0.23740932270884513,0.3537950962781906,0.5218910485506055,0.7896608114242554,0.9531363077496213,0.802225649356842,0.9156446069478988,0.9570373296737671,0.9780439794063568,0.9921956062316895,0.5485124253516444,-0.015408098697662354,0.3444674775004387,0.562285304069519,0.7078635394573212,0.8049911856651306,0.27908927038027925,-0.32520341873168945,0.03878228105604649,0.2961406260728836,0.46459741294383994,0.6183751821517944,0.2998372531489521,0.12493575364351273,0.20955267399549485,0.2931305021047592,0.4107444271445274,0.6289266347885132
2,original,cnn,NI,plan_active,16960,0,0,0,0,0,0,0,0,0,0.0129952672135171,0.9999999878576623,0.9999998211860657,0.9999999403953552,1.0,1.0,1.0000001192092896,0.3645347889091046,0.1489492952823639,0.2377067193388939,0.3546527624130249,0.5282453715801239,0.7017225623130798,1.1574569096718474,0.9481877088546753,1.0581378698349,1.150999665260315,1.2778061151504516,1.4232285022735596,0.3645347954028831,0.1489492952823639,0.23770672008395194,0.3546527773141861,0.5282453715801239,0.7017226219177246,0.9525104327549069,0.8169432878494263,0.9131707280874253,0.9568525552749634,0.9779050499200821,0.9903771281242371,0.5473949630103373,0.03292160481214523,0.3433447331190109,0.5619496703147888,0.7056392371654511,0.7882581353187561,0.27610358475597097,-0.32520341873168945,0.03413750622421503,0.2937612235546112,0.4616214871406555,0.6183751821517944,0.3015494793750135,0.13872909545898438,0.21021410822868347,0.2937602400779724,0.4167236268520355,0.605073094367981
2,original,cnn,NI,plan_inactive,17600,0,0,0,0,0,0,0,0,0,0.012883169819888846,0.9999999881738966,0.9999998807907104,0.9999999403953552,1.0,1.0,1.0000001192092896,0.36142383932643996,0.12541505694389343,0.23697178810834885,0.3529677093029022,0.5161785840988159,0.7896608114242554,1.157786336449737,0.9703478217124939,1.0593325078487397,1.1503878831863403,1.2782775938510895,1.4401233196258545,0.36142384565858676,0.12541505694389343,0.23697178810834885,0.3529677242040634,0.5161786407232284,0.7896608114242554,0.9537394236536189,0.802225649356842,0.918351611495018,0.9572167694568634,0.9781965494155884,0.9921956062316895,0.549589252698722,-0.015408098697662354,0.3463327959179878,0.5626388192176819,0.7108434706926345,0.8049911856651306,0.2819663856182491,-0.27213841676712036,0.043694400973618035,0.2984080910682678,0.4670794516801834,0.615830659866333,0.29818728969474745,0.12493575364351273,0.2088228590786457,0.2925177365541458,0.4040999710559845,0.6289266347885132
2,original,cnn,TI,all,34560,0,0,0,0,0,0,0,0,0,0.01189993675386258,0.9999999880497517,0.9999998807907104,0.9999999403953552,1.0,1.0,1.0000001192092896,0.33304203711062047,0.11731734126806259,0.20341362357139586,0.3189550042152405,0.5065805077552793,0.8472546339035034,1.1435984556045797,0.9713115692138672,1.0530436396598817,1.1339897513389587,1.2636527240276334,1.4349124431610107,0.3330420429943371,0.11731734126806259,0.20341362431645393,0.31895503401756287,0.5065805077552793,0.8472546935081482,0.9592390829869718,0.8157756328582764,0.9191952705383301,0.9637518227100372,0.9832836389541626,0.9933584928512573,0.5333606760140995,-0.10299736261367798,0.34064662754535674,0.5427438318729401,0.6903438329696655,0.8022269010543823,0.28307020009793904,-0.25799667835235596,0.11144266463816166,0.28476279973983765,0.45420348346233347,0.5992116332054138,0.27761219714927765,0.11525251716375351,0.18284648582339286,0.2692515701055527,0.4020070150494576,0.6069997549057007
2,original,cnn,TI,plan_active,16960,0,0,0,0,0,0,0,0,0,0.011867544240496249,0.9999999880931287,0.9999998807907104,0.9999999403953552,1.0,1.0,1.0000001192092896,0.3320961829494544,0.125298410654068,0.20390065610408784,0.31846411526203156,0.504418483376503,0.8053010106086731,1.1427872660376552,0.9713115692138672,1.0536283016204835,1.133516550064087,1.2614515602588654,1.40470552444458,0.33209618884490205,0.125298410654068,0.20390065610408784,0.31846411526203156,0.504418483376503,0.8053010106086731,0.9594108006688502,0.8237392902374268,0.920065525174141,0.9638193547725677,0.98326575756073,0.9921231269836426,0.5324871838375056,-0.10299736261367798,0.3427171975374222,0.5417960286140442,0.6895322442054748,0.783724308013916,0.2824712897410928,-0.25799667835235596,0.11161200441420079,0.28449684381484985,0.4530685260891914,0.5830267667770386,0.27714566853125844,0.1255139708518982,0.18294374495744706,0.26900050044059753,0.39983627051115017,0.5937350988388062
2,original,cnn,TI,plan_inactive,17600,0,0,0,0,0,0,0,0,0,0.011931151357651954,0.9999999880079519,0.9999998807907104,0.9999999403953552,1.0,1.0,1.0000001192092896,0.3339534965750169,0.11731734126806259,0.20302164852619173,0.3193056434392929,0.5090199917554855,0.8472546339035034,1.1443801473690705,0.9840467572212219,1.0524591863155366,1.1344513297080994,1.2662000358104706,1.4349124431610107,0.33395350244742905,0.11731734126806259,0.20302164852619173,0.3193056434392929,0.5090199947357177,0.8472546935081482,0.9590736095844344,0.8157756328582764,0.9188257455825806,0.9636707007884979,0.983322051167488,0.9933584928512573,0.5342024048388173,-0.050342947244644165,0.3388800546526909,0.5437780618667603,0.6912606000900268,0.8022269010543823,0.28364733189635444,-0.18467845022678375,0.11126682795584203,0.2849059998989105,0.45514206588268274,0.5992116332054138,0.27806176109027797,0.11525251716375351,0.18263576701283454,0.26955273747444153,0.40292498171329494,0.6069997549057007
2,original,transformer,RGB,all,34560,0,0,0,0,0,0,0,0,0,0.006714846542019585,0.9999999868959465,0.9999998807907104,0.9999999403953552,1.0,1.0,1.0000001192092896,0.18981090097244036,0.10397043079137802,0.14145594090223312,0.18508069217205048,0.2546985596418379,0.4030037820339203,1.0372525511481971,0.9534041881561279,0.998715278506279,1.0354644060134888,1.08206604719162,1.203821063041687,0.1898109045992088,0.10397043079137802,0.14145595505833625,0.18508069217205048,0.254698561131954,0.4030037820339203,0.983074960976632,0.9390261769294739,0.9713254034519195,0.984303742647171,0.990512153506279,0.9947172403335571,0.2759206443452799,-0.20057466626167297,0.0765030425041914,0.2811480164527893,0.45647146105766295,0.6728920340538025,0.09922388561082227,-0.33111339807510376,-0.09452621228992938,0.10293592885136604,0.27860392779111853,0.47716695070266724,0.18129300953070115,0.10278921574354172,0.13775254115462304,0.1771794781088829,0.23947723209857927,0.3492099344730377
2,original,transformer,RGB,plan_active,16960,0,0,0,0,0,0,0,0,0,0.006719721690763798,0.9999999869157964,0.9999998807907104,0.9999999403953552,1.0,1.0,1.0000001192092896,0.18995831961181225,0.10397043079137802,0.14141750186681748,0.18507909029722214,0.25520353615283964,0.3991726338863373,1.03719521403875,0.9534041881561279,0.9986774981021881,1.0355079174041748,1.0822211921215057,1.1597917079925537,0.18995832325495288,0.10397043079137802,0.14141750186681748,0.18507909029722214,0.25520353615283964,0.3991726338863373,0.9830392169186248,0.9390261769294739,0.9711986660957337,0.9842939376831055,0.9905001699924469,0.9947172403335571,0.27547864041500947,-0.20057466626167297,0.07712525054812432,0.28164757788181305,0.45500433444976807,0.6322504281997681,0.09857228152454724,-0.33111339807510376,-0.09514768980443478,0.10352744534611702,0.27549847364425656,0.45009079575538635,0.18147405643666267,0.10278921574354172,0.1378389708697796,0.17723508924245834,0.24000573977828019,0.3492099344730377
2,original,transformer,RGB,plan_inactive,17600,0,0,0,0,0,0,0,0,0,0.006710148671411523,0.9999999868768182,0.9999998807907104,0.9999999403953552,1.0,1.0,1.0000001192092896,0.18966884301086379,0.1058305874466896,0.14147782921791077,0.18508604913949966,0.2541775956749916,0.4030037820339203,1.0373078032718464,0.9584115743637085,0.9987613081932067,1.0354198813438416,1.081806343793869,1.203821063041687,0.1896688466218554,0.1058305874466896,0.14147782996296882,0.18508604913949966,0.2541775956749916,0.4030037820339203,0.9831094052507119,0.9403896331787109,0.9715157836675644,0.9843160808086395,0.9905287444591522,0.9945482015609741,0.27634657540535873,-0.165414959192276,0.07603465020656587,0.2805732190608978,0.457851342856884,0.6728920340538025,0.09985179500305094,-0.3133136034011841,-0.09375787042081356,0.10235533118247986,0.2811212480068207,0.47716695070266724,0.18111854614859277,0.1044202446937561,0.13763253018260002,0.17711003869771957,0.23868078961968422,0.34528347849845886
2,original,transformer,NI,all,34560,0,0,0,0,0,0,0,0,0,0.00670693122206464,0.9999999867131313,0.9999998807907104,0.9999999403953552,1.0,1.0,1.0000001192092896,0.18961803344729425,0.10445213317871094,0.1401461496949196,0.1843823567032814,0.25676178485155104,0.4353540539741516,1.0309812388572566,0.9533411860466003,0.9925179302692413,1.0288724899291992,1.0767672061920166,1.1859464645385742,0.18961803713356387,0.10445213317871094,0.14014616385102271,0.184382364153862,0.25676178485155104,0.435354083776474,0.9827926363433814,0.929621696472168,0.9706153810024262,0.9840936660766602,0.9904817909002304,0.9946606755256653,0.24265837769650075,-0.23139941692352295,0.038186851888895035,0.24689941108226776,0.43537711650133126,0.6528129577636719,0.06361288456615444,-0.3582839071750641,-0.130831790715456,0.06636836007237434,0.24880653247237186,0.48483729362487793,0.18268480723361588,0.1033380776643753,0.13797340989112855,0.1783611699938774,0.2424238830804825,0.37517574429512024
2,original,transformer,NI,plan_active,16960,0,0,0,0,0,0,0,0,0,0.006705456071833515,0.9999999867295319,0.9999998807907104,0.9999999403953552,1.0,1.0,1.0000001192092896,0.18957993219878946,0.10445213317871094,0.13966818973422052,0.1842123568058014,0.25683359056711186,0.4353540539741516,1.030720553680692,0.9533411860466003,0.9924427002668381,1.028539776802063,1.0768913209438324,1.1738572120666504,0.18957993589376784,0.10445213317871094,0.13966818973422052,0.184212364256382,0.25683359056711186,0.435354083776474,0.9827845249676479,0.929621696472168,0.9704576641321182,0.9840875864028931,0.9905096381902695,0.9946606755256653,0.24116234882909887,-0.22740459442138672,0.035741322301328184,0.24518798291683197,0.4354541584849357,0.6528129577636719,0.062064632833940814,-0.3439401686191559,-0.1311917245388031,0.06441591680049896,0.2489393800497054,0.48483729362487793,0.18270391448936865,0.1033380776643753,0.1377708323299885,0.17839562892913818,0.2430735908448696,0.37517574429512024
2,original,transformer,NI,plan_inactive,17600,0,0,0,0,0,0,0,0,0,0.006708352730469179,0.999999986697327,0.9999998807907104,0.9999999403953552,1.0,1.0,1.0000001192092896,0.18965474919585343,0.10507530719041824,0.14059465229511262,0.18453961610794067,0.2563409075140953,0.3859464228153229,1.0312324445728551,0.9564775228500366,0.9926289409399033,1.0292358994483948,1.0765917360782622,1.1859464645385742,0.18965475287373093,0.10507531464099884,0.14059465229511262,0.18453961610794067,0.25634090900421136,0.3859464228153229,0.9828004527599974,0.9378408193588257,0.9707682222127915,0.9840996861457825,0.9904548734426498,0.9944643378257751,0.24410000551417893,-0.23139941692352295,0.040489015541970735,0.248361274600029,0.43529957085847854,0.648413896560669,0.0651048362353785,-0.3582839071750641,-0.13019152134656906,0.06805209442973137,0.24866584688425059,0.4753758907318115,0.18266639478716323,0.10522080212831497,0.13816734552383422,0.17832747846841812,0.24179242029786108,0.35258814692497253
2,original,transformer,TI,all,34560,0,0,0,0,0,0,0,0,0,0.007119907494636095,0.999999986756248,0.9999998807907104,0.9999999403953552,1.0,1.0,1.0000001192092896,0.2006322870171129,0.08813901245594025,0.135440132021904,0.19388598948717117,0.28597080558538435,0.5657942295074463,1.042718777819364,0.9617555737495422,1.001088285446167,1.040191113948822,1.0950323820114136,1.2378894090652466,0.20063229091961315,0.08813901245594025,0.1354401469230652,0.19388599693775177,0.28597080558538435,0.5657942295074463,0.9810206295784425,0.8716369867324829,0.96471206843853,0.9827791452407837,0.9915057510137558,0.9965331554412842,0.29647382431227287,-0.18207062780857086,0.09691551886498928,0.3034866601228714,0.4807189732789992,0.6684749126434326,0.11158255829915208,-0.31868383288383484,-0.09009262919425964,0.1169583909213543,0.2921889528632163,0.4362352788448334,0.19035325291657096,0.08326955139636993,0.13034037873148918,0.1855851262807846,0.26566152572631835,0.506681501865387
2,original,transformer,TI,plan_active,16960,0,0,0,0,0,0,0,0,0,0.007115236089306494,0.999999986796306,0.9999998807907104,0.9999999403953552,1.0,1.0,1.0000001192092896,0.20050659646315255,0.08813901245594025,0.13530229181051254,0.19339198619127274,0.2863593205809593,0.5657942295074463,1.043284737729942,0.9617555737495422,1.0022015810012816,1.0406280159950256,1.0958224058151245,1.1982262134552002,0.2005066003667999,0.08813901245594025,0.1353023059666157,0.19339200109243393,0.28635932207107545,0.5657942295074463,0.981069059037375,0.8716369867324829,0.964641097187996,0.9828931391239166,0.9915275335311889,0.996127188205719,0.29896870869283787,-0.15251117944717407,0.10159590691328049,0.30545395612716675,0.4822917893528938,0.6064360737800598,0.11442766427294458,-0.2890167236328125,-0.0830182284116745,0.12024438381195068,0.29128514975309366,0.42945361137390137,0.19008271111667438,0.08801012486219406,0.13017386794090272,0.1849697157740593,0.2659281954169273,0.506681501865387
2,original,transformer,TI,plan_inactive,17600,0,0,0,0,0,0,0,0,0,0.007124409030680981,0.9999999867176468,0.9999998807907104,0.9999999403953552,1.0,1.0,1.0000001192092896,0.20075340700547464,0.08818080276250839,0.13562123626470565,0.19426802545785904,0.2855389669537544,0.5546318292617798,1.042173398269171,0.9626315236091614,0.9999458223581315,1.0397244691848755,1.0944564461708068,1.2378894090652466,0.20075341090686957,0.08818080276250839,0.1356212504208088,0.19426803290843964,0.2855389669537544,0.5546318888664246,0.9809739611907439,0.8759899139404297,0.9647957980632782,0.9826593995094299,0.9914661020040512,0.9965331554412842,0.294069663000092,-0.18207062780857086,0.09065259248018266,0.30117058753967285,0.47871773093938824,0.6684749126434326,0.10884091072440655,-0.31868383288383484,-0.09732979461550713,0.11411143094301224,0.2932541713118553,0.4362352788448334,0.19061395683283494,0.08326955139636993,0.13064394071698188,0.18622928112745285,0.26534581333398816,0.4980164170265198
2,original,mamba,RGB,all,34560,0,0,34560,34560,34560,21506,34560,34560,34560,1394.1200286645317,0.999999987706542,0.9999998807907104,0.9999999403953552,1.0,1.0,1.0000001192092896,37277.33532498324,955.63134765625,6750.2613525390625,28866.0224609375,94126.33984374999,208728.59375,37277.32250051499,955.5692138671875,6750.203295898437,28865.97265625,94126.233984375,208728.625,37277.335999469404,955.63134765625,6750.2613525390625,28866.0234375,94126.347265625,208728.609375,-0.012813115656610063,-0.21041017770767212,-0.1091537419706583,-0.019088461063802242,0.12766304835677145,0.2189202904701233,1.0000000054516864,0.999999463558197,0.9999999403953552,1.0,1.0000001192092896,1.000000238418579,-0.012864349978890795,-0.21044638752937317,-0.1091763786971569,-0.019167786464095116,0.12759936153888696,0.21890543401241302,1.4224166261549624,1.2498637437820435,1.3208610653877257,1.427647352218628,1.4893984079360962,1.5558985471725464
2,original,mamba,RGB,plan_active,16960,0,0,16960,16960,16960,10653,16960,16960,16960,1408.1051549067683,0.9999999878365757,0.9999998807907104,0.9999999403953552,1.0,1.0,1.0000001192092896,37651.031002678064,1012.099853515625,6716.843432617187,28949.5751953125,95812.59921874998,172590.890625,37651.01733726646,1012.1343994140625,6716.77216796875,28949.5673828125,95812.59453124997,172590.890625,37651.03167479533,1012.0999145507812,6716.843432617187,28949.5751953125,95812.59960937497,172590.890625,-0.013634710008375135,-0.2040252536535263,-0.1105479471385479,-0.019692578352987766,0.13391857594251624,0.2189202904701233,1.0000000054789884,0.9999995231628418,0.9999999403953552,1.0,1.0000001192092896,1.000000238418579,-0.01368590649016935,-0.20413240790367126,-0.11059454157948494,-0.01975990366190672,0.1338507995009421,0.21890543401241302,1.4229770033497293,1.2498637437820435,1.3161165118217468,1.4280704855918884,1.4903341770172118,1.5517895221710205
2,original,mamba,RGB,plan_inactive,17600,0,0,17600,17600,17600,10853,17600,17600,17600,1380.6434524674671,0.9999999875812368,0.9999998807907104,0.9999999403953552,1.0,1.0,1.0000001192092896,36917.228581022784,955.63134765625,6797.625268554688,28802.2470703125,92765.83867187498,208728.59375,36917.21656691811,955.5692138671875,6797.572778320313,28802.189453125,92765.86796874998,208728.625,36917.229257791696,955.63134765625,6797.625732421875,28802.2470703125,92765.83867187498,208728.609375,-0.012021397463090992,-0.21041017770767212,-0.10712375044822693,-0.018508531153202057,0.1230299323797226,0.20668646693229675,1.0000000054253773,0.999999463558197,0.9999999403953552,1.0,1.0000001192092896,1.000000238418579,-0.012072668249840551,-0.21044638752937317,-0.10715910270810128,-0.01857933308929205,0.12298693172633647,0.20666924118995667,1.4218766263127327,1.2596138715744019,1.324364072084427,1.4272410869598389,1.4880347669124603,1.5558985471725464
2,original,mamba,NI,all,34560,0,0,34560,34560,34560,25736,34560,34560,34560,1784.6946052450398,0.9999999880480269,0.9999998211860657,0.9999999403953552,1.0,1.0,1.0000001192092896,47718.48197645258,1722.824951171875,9423.094677734374,38958.185546875,114575.43632812482,249821.609375,47718.44306369711,1722.8095703125,9423.14384765625,38958.1640625,114575.50156249982,249821.609375,47718.48280094288,1722.8250732421875,9423.09560546875,38958.18359375,114575.44374999982,249821.609375,-0.03889790367049028,-0.21585719287395477,-0.13510455265641214,-0.038756582885980606,0.05335007160902015,0.1599092185497284,1.0000000071418644,0.9999997615814209,0.9999999403953552,1.0,1.0000001192092896,1.000000238418579,-0.03893505051870576,-0.2159172147512436,-0.13517740070819856,-0.03879898972809315,0.053310360386967605,0.1598241776227951,1.440901926766943,1.2962181568145752,1.3759723424911499,1.4413580894470215,1.5067213237285613,1.559395432472229
2,original,mamba,NI,plan_active,16960,0,0,16960,16960,16960,12788,16960,16960,16960,1804.01492538855,0.9999999880017537,0.9999998807907104,0.9999999403953552,1.0,1.0,1.0000001192092896,48234.78695163367,2038.49609375,9353.031884765625,38905.212890625,117299.58945312498,249821.609375,48234.746564598805,2038.48486328125,9353.0642578125,38905.12890625,117299.53828124999,249821.609375,48234.78778086968,2038.4962158203125,9353.031884765625,38905.212890625,117299.58984374999,249821.609375,-0.04038977139558861,-0.20787349343299866,-0.1361493371427059,-0.04031509533524513,0.0516804203391075,0.1599092185497284,1.0000000078863693,0.9999998211860657,0.9999999403953552,1.0,1.0000001192092896,1.000000238418579,-0.04042707184050397,-0.20792430639266968,-0.1361871786415577,-0.04034733399748802,0.05165745317935942,0.1598241776227951,1.441943545351332,1.2962181568145752,1.377185207605362,1.4424390196800232,1.5074146032333373,1.554267406463623
2,original,mamba,NI,plan_inactive,17600,0,0,17600,17600,17600,12948,17600,17600,17600,1766.0768421976572,0.9999999880926176,0.9999998211860657,0.9999999403953552,1.0,1.0,1.0000001192092896,47220.95172764171,1722.824951171875,9483.6607421875,39003.2734375,112040.427734375,232414.828125,47220.91423555547,1722.8095703125,9483.5703125,39003.333984375,112040.375,232414.875,47220.952547558874,1722.8250732421875,9483.661669921876,39003.2734375,112040.427734375,232414.828125,-0.03746028568085008,-0.21585719287395477,-0.13378345891833304,-0.03742166608572006,0.055076981522142875,0.15297859907150269,1.0000000064244325,0.9999997615814209,0.9999999403953552,1.0,1.0000001192092896,1.000000238418579,-0.037497284517700215,-0.2159172147512436,-0.13381505459547044,-0.037450945004820824,0.055005891434848256,0.15292759239673615,1.4398981852219863,1.3015539646148682,1.374716764688492,1.4404316544532776,1.505844247341156,1.559395432472229
2,original,mamba,TI,all,34560,0,0,34560,34560,34560,17448,34560,34560,34560,619.8528123278734,0.9999999872839975,0.9999998211860657,0.9999999403953552,1.0,1.0,1.0000001192092896,16579.161919475486,911.9522094726562,4351.1739501953125,13305.5615234375,42579.267773437496,102471.46875,16579.16439633193,911.95556640625,4351.13525390625,13305.59423828125,42579.2919921875,102471.53125,16579.16222947262,911.9522094726562,4351.174414062501,13305.5615234375,42579.267773437496,102471.4765625,0.0025279613109079136,-0.20324574410915375,-0.08529065698385238,-0.0007039662450551987,0.09652844779193392,0.19367554783821106,1.0000000025542384,0.9999994039535522,0.9999999403953552,1.0,1.0000001192092896,1.000000238418579,0.002433682425914783,-0.20330031216144562,-0.08540754616260529,-0.0008079600520431995,0.09647468365728853,0.1936040222644806,1.4118645140176846,1.269901156425476,1.3442258417606354,1.4147112369537354,1.4732893228530883,1.551287055015564
2,original,mamba,TI,plan_active,16960,0,0,16960,16960,16960,8359,16960,16960,16960,625.5239145671219,0.9999999874324169,0.9999998211860657,0.9999999403953552,1.0,1.0,1.0000001192092896,16730.766082842845,1130.86279296875,4417.856176757812,13397.70263671875,43315.58691406249,95851.2265625,16730.769501538547,1130.8690185546875,4417.846533203125,13397.7470703125,43315.58144531249,95851.2890625,16730.766392733018,1130.8629150390625,4417.856176757812,13397.70263671875,43315.58691406249,95851.234375,0.003473240194607741,-0.20324574410915375,-0.08550375699996948,0.0009076818823814392,0.0975470785051584,0.19367554783821106,1.0000000027763956,0.9999996423721313,0.9999999403953552,1.0,1.0000001192092896,1.000000238418579,0.0033796493760128903,-0.20330031216144562,-0.08558803088963032,0.0007758005522191525,0.09748626239597794,0.1936040222644806,1.4111900941521491,1.269901156425476,1.3434677958488463,1.4135715961456299,1.4734340250492095,1.551287055015564
2,original,mamba,TI,plan_inactive,17600,0,0,17600,17600,17600,9089,17600,17600,17600,614.387931988234,0.9999999871409753,0.9999998807907104,0.9999999403953552,1.0,1.0,1.0000001192092896,16433.070634776028,911.9522094726562,4282.5982666015625,13204.53076171875,41796.68027343749,102471.46875,16433.072204041913,911.95556640625,4282.522534179688,13204.48779296875,41796.66953124999,102471.53125,16433.07094487624,911.9522094726562,4282.59873046875,13204.53076171875,41796.68046874999,102471.4765625,0.001617056204797171,-0.1516159325838089,-0.0851485677063465,-0.002475053071975708,0.09567504152655593,0.18663418292999268,1.0000000023401596,0.9999994039535522,0.9999999403953552,1.0,1.0000001192092896,1.000000238418579,0.0015221142740020613,-0.15169881284236908,-0.08532775714993476,-0.00261020939797163,0.09561142548918718,0.18655551970005035,1.4125144095244733,1.275433897972107,1.3448605477809905,1.41596257686615,1.4731928467750548,1.5176403522491455
2,registered_style,cnn,RGB,all,34560,0,0,1,0,0,0,0,0,1,0.01251066086055558,0.9999999878031236,0.9999998807907104,0.9999999403953552,1.0,1.0,1.0000001192092896,0.35127042620442805,0.14702239632606506,0.23175542503595353,0.34420694410800934,0.4938482031226156,1.0283979177474976,1.1583946908979366,0.9730533361434937,1.0611259877681731,1.1541334986686707,1.2724629282951354,1.6133908033370972,0.3512704324378218,0.14702239632606506,0.23175542503595353,0.34420695900917053,0.4938482314348219,1.0283979177474976,0.9570971973809517,0.788844108581543,0.9260801792144775,0.9598468840122223,0.9785355985164642,0.9905309677124023,0.5572498597141088,0.05372503027319908,0.35808794349431994,0.5730828046798706,0.7073210120201111,0.8140869736671448,0.30063835480242335,-0.23896709084510803,0.09492549821734429,0.3125235140323639,0.46796766519546507,0.6316682696342468,0.28783659936506645,0.1376160979270935,0.20719289258122445,0.28338368237018585,0.38449918031692504,0.6498553156852722
2,registered_style,cnn,RGB,plan_active,16960,0,0,1,0,0,0,0,0,1,0.012520304341836019,0.9999999875870516,0.9999998807907104,0.9999999403953552,1.0,1.0,1.0000001192092896,0.35162473300928776,0.14702239632606506,0.23512770980596542,0.3456668555736542,0.49194130003452297,1.0283979177474976,1.15723762197666,0.9730533361434937,1.061044043302536,1.1534257531166077,1.2672371089458465,1.6133908033370972,0.3516247393712753,0.14702239632606506,0.23512770980596542,0.345666840672493,0.49194130003452297,1.0283979177474976,0.9567978238300332,0.788844108581543,0.9257321059703827,0.9594806730747223,0.9781446278095245,0.9905309677124023,0.5551068808734065,0.06026182323694229,0.3561703056097031,0.5713428258895874,0.7039656430482865,0.8102083206176758,0.2970152954772479,-0.23896709084510803,0.08544315844774246,0.31080013513565063,0.4638436064124107,0.615963339805603,0.2889453593834813,0.1376160979270935,0.20907158851623536,0.2846728265285492,0.3854035198688507,0.6498553156852722
2,registered_style,cnn,RGB,plan_inactive,17600,0,0,0,0,0,0,0,0,0,0.0125013680513217,0.9999999880113385,0.9999998807907104,0.9999999403953552,1.0,1.0,1.0000001192092896,0.35092900328338145,0.1577349603176117,0.22937993034720422,0.34306374192237854,0.49626615643501276,0.8378510475158691,1.1595096845857122,0.9868602156639099,1.0612401485443115,1.1547164916992188,1.2769527792930604,1.4657288789749146,0.35092900939285754,0.1577349603176117,0.22937993034720422,0.34306375682353973,0.4962661579251289,0.8378510475158691,0.9573856846209277,0.8345222473144531,0.926381504535675,0.9602294564247131,0.9789052098989487,0.9896484613418579,0.5593149120515127,0.05372503027319908,0.359783898293972,0.5746054947376251,0.7108414143323898,0.8140869736671448,0.30412966651577417,-0.20283809304237366,0.10304200127720833,0.314319908618927,0.4748821631073951,0.6316682696342468,0.2867681578927758,0.14388616383075714,0.20540106147527695,0.28203022480010986,0.38371508866548537,0.5752872824668884
2,registered_style,cnn,NI,all,34560,0,0,0,0,0,0,0,0,0,0.01288228931607724,0.9999999879911128,0.9999998807907104,0.9999999403953552,1.0,1.0,1.0000001192092896,0.3614363132635373,0.12541505694389343,0.23811421170830727,0.35196903347969055,0.5178533911705014,0.7896608114242554,1.156111645605415,0.9703478217124939,1.057401329278946,1.14933443069458,1.2763494491577148,1.4401233196258545,0.3614363196344736,0.12541505694389343,0.23811421170830727,0.35196904838085175,0.5178533881902693,0.7896608114242554,0.9533993578464207,0.802225649356842,0.9167111724615097,0.9571996927261353,0.9778627008199692,0.9921956062316895,0.5460935277746305,-0.015408098697662354,0.3393997848033905,0.5603846311569214,0.7066569447517395,0.8049911856651306,0.2769668294297945,-0.27213841676712036,0.034348204359412195,0.29307906329631805,0.4629248157143593,0.6265456676483154,0.2991700205152113,0.12493575364351273,0.21041543781757355,0.29257598519325256,0.40813944041728967,0.6289266347885132
2,registered_style,cnn,NI,plan_active,16960,0,0,0,0,0,0,0,0,0,0.012881375585706708,0.9999999878014315,0.9999998807907104,0.9999999403953552,1.0,1.0,1.0000001192092896,0.36144925791524213,0.1450369954109192,0.23945820480585098,0.3510177582502365,0.5193538188934325,0.7026351690292358,1.1543737588801755,0.9762696623802185,1.0554805457592011,1.1484540104866028,1.2741904556751251,1.4232650995254517,0.36144926432643154,0.14503701031208038,0.23945820480585098,0.3510177582502365,0.5193538218736647,0.7026352286338806,0.9530464593672527,0.8163425922393799,0.9153159588575364,0.9571886956691742,0.9775527030229568,0.9902178049087524,0.5424658887024599,0.031148776412010193,0.33097135573625563,0.557995468378067,0.7027470707893372,0.7909741401672363,0.27177861074366244,-0.26149964332580566,0.02638768339529634,0.2882900834083557,0.45832150876522065,0.6265456676483154,0.3001898355175794,0.13987290859222412,0.21188350692391394,0.29261356592178345,0.41154366731643677,0.606065034866333
2,registered_style,cnn,NI,plan_inactive,17600,0,0,0,0,0,0,0,0,0,0.012883169819888846,0.9999999881738966,0.9999998807907104,0.9999999403953552,1.0,1.0,1.0000001192092896,0.36142383932643996,0.12541505694389343,0.23697178810834885,0.3529677093029022,0.5161785840988159,0.7896608114242554,1.157786336449737,0.9703478217124939,1.0593325078487397,1.1503878831863403,1.2782775938510895,1.4401233196258545,0.36142384565858676,0.12541505694389343,0.23697178810834885,0.3529677242040634,0.5161786407232284,0.7896608114242554,0.9537394236536189,0.802225649356842,0.918351611495018,0.9572167694568634,0.9781965494155884,0.9921956062316895,0.549589252698722,-0.015408098697662354,0.3463327959179878,0.5626388192176819,0.7108434706926345,0.8049911856651306,0.2819663856182491,-0.27213841676712036,0.043694400973618035,0.2984080910682678,0.4670794516801834,0.615830659866333,0.29818728969474745,0.12493575364351273,0.2088228590786457,0.2925177365541458,0.4040999710559845,0.6289266347885132
2,registered_style,cnn,TI,all,34560,0,0,0,0,0,0,0,0,0,0.011805007563301207,0.999999987968692,0.9999998807907104,0.9999999403953552,1.0,1.0,1.0000001192092896,0.33039046418680634,0.11731734126806259,0.20198530256748198,0.3159015625715256,0.5056262880563736,0.8472546339035034,1.1422291429506408,0.9766322374343872,1.0521611452102662,1.1329824328422546,1.2617781937122345,1.4349124431610107,0.3303904700170582,0.11731734126806259,0.20198530256748198,0.31590159237384796,0.5056262344121932,0.8472546935081482,0.9597752353521409,0.8157756328582764,0.9196751236915588,0.964356392621994,0.9834582149982453,0.9933584928512573,0.5319308073125419,-0.06314774602651596,0.3376027435064316,0.5418149828910828,0.6880294740200043,0.8022269010543823,0.28331032905945097,-0.22359102964401245,0.11152361668646335,0.2854057848453522,0.45287400186061816,0.5992116332054138,0.27567073372559175,0.11525251716375351,0.1818888910114765,0.26699690520763397,0.400811599195003,0.6069997549057007
2,registered_style,cnn,TI,plan_active,16960,0,0,0,0,0,0,0,0,0,0.011674103625767408,0.9999999879279508,0.9999998807907104,0.9999999403953552,1.0,1.0,1.0000001192092896,0.3266929777462106,0.12960489094257355,0.20140673965215683,0.3124125599861145,0.5014856427907942,0.7739055752754211,1.139996968554157,0.9766322374343872,1.051765686273575,1.131482183933258,1.256893128156662,1.4027577638626099,0.32669298353271103,0.12960489094257355,0.20140673965215683,0.3124125599861145,0.5014856427907942,0.7739055752754211,0.9605033375639117,0.8341955542564392,0.9207374155521393,0.9650521874427795,0.9836007863283157,0.9920719861984253,0.5295734891248977,-0.06314774602651596,0.3362754970788956,0.5402049422264099,0.684689125418663,0.790062427520752,0.28296060913436244,-0.22359102964401245,0.11179964132606983,0.28565122187137604,0.4509247392416,0.5824929475784302,0.2731894789131815,0.12592077255249023,0.18110317289829253,0.26437808573246,0.3981521353125572,0.575855016708374
2,registered_style,cnn,TI,plan_inactive,17600,0,0,0,0,0,0,0,0,0,0.011931151357651954,0.9999999880079519,0.9999998807907104,0.9999999403953552,1.0,1.0,1.0000001192092896,0.3339534965750169,0.11731734126806259,0.20302164852619173,0.3193056434392929,0.5090199917554855,0.8472546339035034,1.1443801473690705,0.9840467572212219,1.0524591863155366,1.1344513297080994,1.2662000358104706,1.4349124431610107,0.33395350244742905,0.11731734126806259,0.20302164852619173,0.3193056434392929,0.5090199947357177,0.8472546935081482,0.9590736095844344,0.8157756328582764,0.9188257455825806,0.9636707007884979,0.983322051167488,0.9933584928512573,0.5342024048388173,-0.050342947244644165,0.3388800546526909,0.5437780618667603,0.6912606000900268,0.8022269010543823,0.28364733189635444,-0.18467845022678375,0.11126682795584203,0.2849059998989105,0.45514206588268274,0.5992116332054138,0.27806176109027797,0.11525251716375351,0.18263576701283454,0.26955273747444153,0.40292498171329494,0.6069997549057007
2,registered_style,transformer,RGB,all,34560,0,0,0,0,0,0,0,0,0,0.006700889103716318,0.9999999867476247,0.9999998807907104,0.9999999403953552,1.0,1.0,1.0000001192092896,0.18941287138365656,0.10495662689208984,0.14072029218077658,0.18471744656562805,0.2546595707535743,0.426947683095932,1.0371111002129814,0.9518201947212219,0.9980737626552582,1.0352628827095032,1.0826845228672028,1.203821063041687,0.18941287503758858,0.10495662689208984,0.14072029218077658,0.18471745401620865,0.2546595707535743,0.426947683095932,0.9831482770749265,0.9352263808250427,0.9715124219655991,0.9843428432941437,0.9906015574932099,0.9949926137924194,0.2750615368727099,-0.25540733337402344,0.07237975038588047,0.2801981568336487,0.45878775864839555,0.6728920340538025,0.09877181604372674,-0.3697880506515503,-0.09834567047655582,0.10286923870444298,0.2799429982900616,0.47716695070266724,0.180895433871774,0.10007501393556595,0.13710194006562232,0.17695889621973038,0.23869518116116517,0.35992690920829773
2,registered_style,transformer,RGB,plan_active,16960,0,0,0,0,0,0,0,0,0,0.006691280118372239,0.9999999866135559,0.9999998807907104,0.9999999403953552,1.0,1.0,1.0000001192092896,0.18914724044976228,0.10495662689208984,0.14004120156168937,0.18436379730701447,0.25526845753192895,0.426947683095932,1.036906974397178,0.9518201947212219,0.9972582519054413,1.0350822806358337,1.0834628760814666,1.173831820487976,0.1891472441482551,0.10495662689208984,0.14004120156168937,0.18436379730701447,0.25526848733425134,0.426947683095932,0.9831886157604321,0.9352263808250427,0.9715071082115173,0.9843739569187164,0.9906955391168595,0.9949926137924194,0.2737280063199611,-0.25540733337402344,0.06947233453392983,0.27968715131282806,0.45958949923515313,0.6353328227996826,0.09765108316140919,-0.3697880506515503,-0.10313352905213832,0.10339739173650742,0.2784644097089767,0.4554438292980194,0.18066390226375453,0.10007501393556595,0.13641522824764252,0.17678246647119522,0.23871743008494378,0.35992690920829773
2,registered_style,transformer,RGB,plan_inactive,17600,0,0,0,0,0,0,0,0,0,0.006710148671411523,0.9999999868768182,0.9999998807907104,0.9999999403953552,1.0,1.0,1.0000001192092896,0.18966884301086379,0.1058305874466896,0.14147782921791077,0.18508604913949966,0.2541775956749916,0.4030037820339203,1.0373078032718464,0.9584115743637085,0.9987613081932067,1.0354198813438416,1.081806343793869,1.203821063041687,0.1896688466218554,0.1058305874466896,0.14147782996296882,0.18508604913949966,0.2541775956749916,0.4030037820339203,0.9831094052507119,0.9403896331787109,0.9715157836675644,0.9843160808086395,0.9905287444591522,0.9945482015609741,0.27634657540535873,-0.165414959192276,0.07603465020656587,0.2805732190608978,0.457851342856884,0.6728920340538025,0.09985179500305094,-0.3133136034011841,-0.09375787042081356,0.10235533118247986,0.2811212480068207,0.47716695070266724,0.18111854614859277,0.1044202446937561,0.13763253018260002,0.17711003869771957,0.23868078961968422,0.34528347849845886
2,registered_style,transformer,NI,all,34560,0,0,0,0,0,0,0,0,0,0.006690624100724525,0.9999999867924662,0.9999998807907104,0.9999999403953552,1.0,1.0,1.0000001192092896,0.18913034462106967,0.09996692836284637,0.13996015787124633,0.18400006741285324,0.2557246774435043,0.41508689522743225,1.0310867257467988,0.9393417835235596,0.9920376449823379,1.0289015173912048,1.0778881669044493,1.1859464645385742,0.18913034827413935,0.09996692836284637,0.13996015787124633,0.18400007486343384,0.25572467893362044,0.41508692502975464,0.9829016565276241,0.9338493347167969,0.9709410458803177,0.9841657280921936,0.9905408889055252,0.9953801035881042,0.2432516108925753,-0.23139941692352295,0.03502672538161278,0.24718494713306427,0.438837593793869,0.6529048681259155,0.06483695870797587,-0.395382821559906,-0.13415030017495155,0.06768332421779633,0.2530407384037971,0.49110177159309387,0.18212000302672904,0.09612391889095306,0.13754388093948364,0.17795684188604355,0.24107646346092212,0.3637326955795288
2,registered_style,transformer,NI,plan_active,16960,0,0,0,0,0,0,0,0,0,0.006672226466083846,0.9999999868911955,0.9999998807907104,0.9999999403953552,1.0,1.0,1.0000001192092896,0.18858615119440728,0.09996692836284637,0.13942550644278526,0.18348564207553864,0.2553043380379677,0.41508689522743225,1.0309355080971179,0.9393417835235596,0.9913492679595948,1.0286006331443787,1.0789731860160827,1.173665165901184,0.18858615482173297,0.09996692836284637,0.13942550718784333,0.18348564952611923,0.2553043380379677,0.41508692502975464,0.9830066793053499,0.9338493347167969,0.9711613297462464,0.9842371344566345,0.9906138449907302,0.9953801035881042,0.24237120137959037,-0.22740459442138672,0.02994178794324399,0.24561891704797745,0.44204246252775153,0.6529048681259155,0.06455897259463354,-0.395382821559906,-0.13801874816417695,0.06717990711331367,0.25724377334117876,0.49110177159309387,0.18155299270929734,0.09612391889095306,0.1370123952627182,0.17755521088838577,0.2401613697409629,0.3637326955795288
2,registered_style,transformer,NI,plan_inactive,17600,0,0,0,0,0,0,0,0,0,0.006708352730469179,0.999999986697327,0.9999998807907104,0.9999999403953552,1.0,1.0,1.0000001192092896,0.18965474919585343,0.10507530719041824,0.14059465229511262,0.18453961610794067,0.2563409075140953,0.3859464228153229,1.0312324445728551,0.9564775228500366,0.9926289409399033,1.0292358994483948,1.0765917360782622,1.1859464645385742,0.18965475287373093,0.10507531464099884,0.14059465229511262,0.18453961610794067,0.25634090900421136,0.3859464228153229,0.9828004527599974,0.9378408193588257,0.9707682222127915,0.9840996861457825,0.9904548734426498,0.9944643378257751,0.24410000551417893,-0.23139941692352295,0.040489015541970735,0.248361274600029,0.43529957085847854,0.648413896560669,0.0651048362353785,-0.3582839071750641,-0.13019152134656906,0.06805209442973137,0.24866584688425059,0.4753758907318115,0.18266639478716323,0.10522080212831497,0.13816734552383422,0.17832747846841812,0.24179242029786108,0.35258814692497253
2,registered_style,transformer,TI,all,34560,0,0,0,0,0,0,0,0,0,0.0070323791357773556,0.9999999869304399,0.9999998807907104,0.9999999403953552,1.0,1.0,1.0000001192092896,0.19822375645895524,0.08355031907558441,0.1341922476887703,0.19185134023427963,0.28213613033294654,0.6670365929603577,1.042093913893526,0.9612442255020142,1.0008213579654694,1.0396708846092224,1.0937510192394257,1.2578349113464355,0.19822376028988165,0.08355032652616501,0.1341922476887703,0.19185134023427963,0.28213613033294654,0.6670365929603577,0.9814658415072632,0.8489176034927368,0.9657082974910736,0.9831698536872864,0.9916305273771286,0.9967876672744751,0.2948934137443791,-0.18207062780857086,0.09432549327611923,0.30220717191696167,0.477776375412941,0.6684749126434326,0.11213911404813391,-0.31868383288383484,-0.09122740253806114,0.11865001916885376,0.291918110847473,0.4370710849761963,0.18814216736354866,0.0801553875207901,0.1293794594705105,0.18346769362688065,0.2618841543793678,0.5496952533721924
2,registered_style,transformer,TI,plan_active,16960,0,0,0,0,0,0,0,0,0,0.006936876414650952,0.9999999871512629,0.9999998807907104,0.9999999403953552,1.0,1.0,1.0000001192092896,0.1955986474012464,0.08355031907558441,0.1329113721847534,0.18904411047697067,0.27821549177169796,0.6670365929603577,1.0420114301074788,0.9612442255020142,1.001555210351944,1.039604365825653,1.0924206495285034,1.2578349113464355,0.19559865115904512,0.08355032652616501,0.1329113721847534,0.18904411792755127,0.27821549177169796,0.6670365929603577,0.9819762833451606,0.8489176034927368,0.966756671667099,0.9836460649967194,0.9917839944362641,0.9967876672744751,0.29574824942241285,-0.15315337479114532,0.09708657339215279,0.30297403037548065,0.4768036112189292,0.6180092692375183,0.11556177787464343,-0.28613701462745667,-0.0845994245260954,0.1231304332613945,0.29115998744964594,0.4370710849761963,0.18557710281994966,0.0801553875207901,0.12818745896220207,0.1808534786105156,0.25785042345523834,0.5496952533721924
2,registered_style,transformer,TI,plan_inactive,17600,0,0,0,0,0,0,0,0,0,0.007124409030680981,0.9999999867176468,0.9999998807907104,0.9999999403953552,1.0,1.0,1.0000001192092896,0.20075340700547464,0.08818080276250839,0.13562123626470565,0.19426802545785904,0.2855389669537544,0.5546318292617798,1.042173398269171,0.9626315236091614,0.9999458223581315,1.0397244691848755,1.0944564461708068,1.2378894090652466,0.20075341090686957,0.08818080276250839,0.1356212504208088,0.19426803290843964,0.2855389669537544,0.5546318888664246,0.9809739611907439,0.8759899139404297,0.9647957980632782,0.9826593995094299,0.9914661020040512,0.9965331554412842,0.294069663000092,-0.18207062780857086,0.09065259248018266,0.30117058753967285,0.47871773093938824,0.6684749126434326,0.10884091072440655,-0.31868383288383484,-0.09732979461550713,0.11411143094301224,0.2932541713118553,0.4362352788448334,0.19061395683283494,0.08326955139636993,0.13064394071698188,0.18622928112745285,0.26534581333398816,0.4980164170265198
2,registered_style,mamba,RGB,all,34560,0,0,34560,34560,34560,21689,34560,34560,34560,1411.723543164259,0.9999999876927447,0.9999998807907104,0.9999999403953552,1.0,1.0,1.0000001192092896,37748.147189945645,955.63134765625,6921.499072265625,29071.3369140625,95614.73515624976,215730.84375,37748.133418355166,955.5692138671875,6921.354663085937,29071.328125,95614.88437499976,215730.859375,37748.147878922355,955.63134765625,6921.499072265625,29071.3369140625,95614.74257812476,215730.859375,-0.013765792979952325,-0.21041017770767212,-0.1107115525752306,-0.02035417128354311,0.12623249739408463,0.21526813507080078,1.0000000058983762,0.999999463558197,0.9999999403953552,1.0,1.0000001192092896,1.000000238418579,-0.013816205093502908,-0.21044638752937317,-0.11073466911911964,-0.020402383990585804,0.1261592045426366,0.21525683999061584,1.4230821979025172,1.2527823448181152,1.3219436049461364,1.4285336136817932,1.4904439926147461,1.5558985471725464
2,registered_style,mamba,RGB,plan_active,16960,0,0,16960,16960,16960,10836,16960,16960,16960,1443.9764674722503,0.9999999878084603,0.9999998807907104,0.9999999403953552,1.0,1.0,1.0000001192092896,38610.42121807314,1235.8228759765625,7037.056323242188,29381.5888671875,99441.84179687499,215730.84375,38610.40562267663,1235.8233642578125,7037.039819335938,29381.6533203125,99441.86445312499,215730.859375,38610.42191971833,1235.822998046875,7037.056323242188,29381.5888671875,99441.84960937499,215730.859375,-0.015576014742732952,-0.20412036776542664,-0.11413086503744126,-0.022172710858285427,0.1297920480370521,0.21526813507080078,1.0000000063892243,0.9999997019767761,0.9999999403953552,1.0,1.0000001192092896,1.000000238418579,-0.015625535780322334,-0.20422720909118652,-0.11420838497579097,-0.02221367135643959,0.12975355386734003,0.21525683999061584,1.4243332627598406,1.2527823448181152,1.319248265028,1.4298061728477478,1.4927363276481629,1.5518507957458496
2,registered_style,mamba,RGB,plan_inactive,17600,0,0,17600,17600,17600,10853,17600,17600,17600,1380.6434524674671,0.9999999875812368,0.9999998807907104,0.9999999403953552,1.0,1.0,1.0000001192092896,36917.228581022784,955.63134765625,6797.625268554688,28802.2470703125,92765.83867187498,208728.59375,36917.21656691811,955.5692138671875,6797.572778320313,28802.189453125,92765.86796874998,208728.625,36917.229257791696,955.63134765625,6797.625732421875,28802.2470703125,92765.83867187498,208728.609375,-0.012021397463090992,-0.21041017770767212,-0.10712375044822693,-0.018508531153202057,0.1230299323797226,0.20668646693229675,1.0000000054253773,0.999999463558197,0.9999999403953552,1.0,1.0000001192092896,1.000000238418579,-0.012072668249840551,-0.21044638752937317,-0.10715910270810128,-0.01857933308929205,0.12298693172633647,0.20666924118995667,1.4218766263127327,1.2596138715744019,1.324364072084427,1.4272410869598389,1.4880347669124603,1.5558985471725464
2,registered_style,mamba,NI,all,34560,0,0,34560,34560,34560,26087,34560,34560,34560,1787.7801781790272,0.999999988042853,0.9999998211860657,0.9999999403953552,1.0,1.0,1.0000001192092896,47801.0343990114,1722.824951171875,9452.46875,38738.8203125,115501.3367187497,305787.84375,47800.99382597959,1722.8095703125,9452.486328125,38738.78125,115501.33710937471,305787.8125,47801.03523616791,1722.8250732421875,9452.46875,38738.8203125,115501.3367187497,305787.875,-0.04055720516233258,-0.21585719287395477,-0.13641625344753266,-0.04069755785167217,0.052616337873041534,0.16871613264083862,1.0000000065158088,0.9999997615814209,0.9999999403953552,1.0,1.0000001192092896,1.000000238418579,-0.040594408566189316,-0.2159172147512436,-0.13643525391817093,-0.04073312133550644,0.05258099697530269,0.16865050792694092,1.4420505159086099,1.2894059419631958,1.3765055537223816,1.4427040815353394,1.5075917363166809,1.559395432472229
2,registered_style,mamba,NI,plan_active,16960,0,0,16960,16960,16960,13139,16960,16960,16960,1810.302507971015,0.9999999879912104,0.9999998807907104,0.9999999403953552,1.0,1.0,1.0000001192092896,48403.00698250825,2038.49609375,9438.190869140624,38405.419921875,120689.86367187499,305787.84375,48402.963212268754,2038.48486328125,9438.08291015625,38405.427734375,120689.88945312498,305787.8125,48403.00783755464,2038.4962158203125,9438.190869140624,38405.419921875,120689.86406249998,305787.875,-0.04377098952990875,-0.21166950464248657,-0.13837511241436004,-0.04388798587024212,0.049638473428785794,0.16871613264083862,1.0000000066106332,0.9999998211860657,0.9999999403953552,1.0,1.0000001192092896,1.000000238418579,-0.04380840522028179,-0.21169593930244446,-0.13842458426952362,-0.043911637738347054,0.04960608351975678,0.16865050792694092,1.4442840666211438,1.2894059419631958,1.3786670923233033,1.4449138641357422,1.5088903665542603,1.556707739830017
2,registered_style,mamba,NI,plan_inactive,17600,0,0,17600,17600,17600,12948,17600,17600,17600,1766.0768421976572,0.9999999880926176,0.9999998211860657,0.9999999403953552,1.0,1.0,1.0000001192092896,47220.95172764171,1722.824951171875,9483.6607421875,39003.2734375,112040.427734375,232414.828125,47220.91423555547,1722.8095703125,9483.5703125,39003.333984375,112040.375,232414.875,47220.952547558874,1722.8250732421875,9483.661669921876,39003.2734375,112040.427734375,232414.828125,-0.03746028568085008,-0.21585719287395477,-0.13378345891833304,-0.03742166608572006,0.055076981522142875,0.15297859907150269,1.0000000064244325,0.9999997615814209,0.9999999403953552,1.0,1.0000001192092896,1.000000238418579,-0.037497284517700215,-0.2159172147512436,-0.13381505459547044,-0.037450945004820824,0.055005891434848256,0.15292759239673615,1.4398981852219863,1.3015539646148682,1.374716764688492,1.4404316544532776,1.505844247341156,1.559395432472229
2,registered_style,mamba,TI,all,34560,0,0,34560,34560,34560,17232,34560,34560,34560,638.8153738902735,0.9999999873012442,0.9999998807907104,0.9999999403953552,1.0,1.0,1.0000001192092896,17086.02277349366,911.9522094726562,4444.38876953125,13747.33349609375,43532.46289062498,103386.8046875,17086.026323710546,911.95556640625,4444.360888671875,13747.33935546875,43532.433984374984,103386.8515625,17086.023090629224,911.9522094726562,4444.3887939453125,13747.33349609375,43532.46289062498,103386.8046875,0.003608235591828243,-0.20080628991127014,-0.08429074957966805,0.00019916007295250893,0.09816927835345245,0.19367554783821106,1.0000000028250118,0.9999994039535522,0.9999999403953552,1.0,1.0000001192092896,1.000000238418579,0.00351669919176924,-0.20086708664894104,-0.08438047170639038,0.00010703923180699348,0.09808307215571385,0.1936040222644806,1.4110974930778697,1.269901156425476,1.3430046081542968,1.4140728116035461,1.4726105511188508,1.5497137308120728
2,registered_style,mamba,TI,plan_active,16960,0,0,16960,16960,16960,8143,16960,16960,16960,664.1646060527671,0.9999999874675611,0.9999998807907104,0.9999999403953552,1.0,1.0,1.0000001192092896,17763.614615559127,1210.6778564453125,4648.2198486328125,14330.15966796875,44990.52578124997,103386.8046875,17763.620221479883,1210.687255859375,4648.160546875,14330.21484375,44990.56289062497,103386.8515625,17763.614939995532,1210.6778564453125,4648.2198486328125,14330.15966796875,44990.52949218747,103386.8046875,0.005674553823652941,-0.20080628991127014,-0.0831865094602108,0.002801748923957348,0.10039905905723563,0.19367554783821106,1.0000000033281602,0.9999997019767761,0.9999999403953552,1.0,1.0000001192092896,1.000000238418579,0.005586551464923859,-0.20086708664894104,-0.08326838016510009,0.0027248954866081476,0.10032046362757677,0.1936040222644806,1.4096271080861114,1.269901156425476,1.3413433730602264,1.4122310280799866,1.4718604624271392,1.5497137308120728
2,registered_style,mamba,TI,plan_inactive,17600,0,0,17600,17600,17600,9089,17600,17600,17600,614.387931988234,0.9999999871409753,0.9999998807907104,0.9999999403953552,1.0,1.0,1.0000001192092896,16433.070634776028,911.9522094726562,4282.5982666015625,13204.53076171875,41796.68027343749,102471.46875,16433.072204041913,911.95556640625,4282.522534179688,13204.48779296875,41796.66953124999,102471.53125,16433.07094487624,911.9522094726562,4282.59873046875,13204.53076171875,41796.68046874999,102471.4765625,0.001617056204797171,-0.1516159325838089,-0.0851485677063465,-0.002475053071975708,0.09567504152655593,0.18663418292999268,1.0000000023401596,0.9999994039535522,0.9999999403953552,1.0,1.0000001192092896,1.000000238418579,0.0015221142740020613,-0.15169881284236908,-0.08532775714993476,-0.00261020939797163,0.09561142548918718,0.18655551970005035,1.4125144095244733,1.275433897972107,1.3448605477809905,1.41596257686615,1.4731928467750548,1.5176403522491455
