fold,endpoint,step,active_fused_metric,total_loss,id_fused,triplet_fused,id_cnn,triplet_cnn,id_residual_cnn,triplet_residual_cnn,id_transformer,triplet_transformer,id_residual_transformer,triplet_residual_transformer,id_mamba,triplet_mamba,id_residual_mamba,triplet_residual_mamba
0,control,1,hard_triplet,4.122129917144775,4.677450656890869,0.23474478721618652,4.611313343048096,0.26247698068618774,4.632145881652832,0.3433980941772461,4.648823261260986,0.2120615839958191,4.624342441558838,0.2503291964530945,4.6324687004089355,0.23854997754096985,4.64669942855835,0.30001014471054077
0,control,2,hard_triplet,4.054659843444824,4.631341457366943,0.20773127675056458,4.641904354095459,0.22901123762130737,4.641806602478027,0.32052841782569885,4.657327175140381,0.1895318180322647,4.627460479736328,0.23643279075622559,4.628036975860596,0.21385881304740906,4.647618770599365,0.2856244444847107
0,control,3,hard_triplet,4.0462212562561035,4.623538494110107,0.20717023313045502,4.638780117034912,0.23464030027389526,4.634659290313721,0.3322291374206543,4.631681442260742,0.18315260112285614,4.645092964172363,0.21558618545532227,4.637840270996094,0.2135092169046402,4.631466865539551,0.2803751230239868
0,control,4,hard_triplet,3.874629020690918,4.629406452178955,0.13318386673927307,4.638503074645996,0.17459632456302643,4.6368021965026855,0.29925599694252014,4.62076473236084,0.10771599411964417,4.647130966186523,0.14584261178970337,4.645434856414795,0.13312099874019623,4.634213447570801,0.2015594244003296
0,control,5,hard_triplet,4.089725971221924,4.564673900604248,0.23495034873485565,4.591454029083252,0.245958149433136,4.623724460601807,0.33064958453178406,4.604374885559082,0.22331081330776215,4.640260696411133,0.2577999234199524,4.616957187652588,0.24778738617897034,4.622899532318115,0.3156985640525818
0,control,6,hard_triplet,3.904776096343994,4.675689697265625,0.1380518078804016,4.64285945892334,0.17289778590202332,4.6437764167785645,0.3059806227684021,4.6262078285217285,0.10154607892036438,4.6477370262146,0.13744747638702393,4.650301933288574,0.15312811732292175,4.623291969299316,0.24214807152748108
0,control,7,hard_triplet,4.10629415512085,4.68283748626709,0.22962884604930878,4.626443386077881,0.24284280836582184,4.630866050720215,0.32380348443984985,4.615346431732178,0.21479246020317078,4.636760234832764,0.23863624036312103,4.631237030029297,0.2416500747203827,4.632301330566406,0.3044474720954895
0,control,8,hard_triplet,3.9791345596313477,4.664423942565918,0.17510096728801727,4.610574722290039,0.1989460587501526,4.6348772048950195,0.309914231300354,4.651022434234619,0.15080414712429047,4.628852367401123,0.17530423402786255,4.644696235656738,0.1888059675693512,4.628624439239502,0.2617202401161194
0,control,9,hard_triplet,4.138214111328125,4.6647629737854,0.24670164287090302,4.6337738037109375,0.2547423243522644,4.6296586990356445,0.3217311203479767,4.634663105010986,0.23122915625572205,4.631659030914307,0.24444524943828583,4.637746334075928,0.26421985030174255,4.633739948272705,0.3178386986255646
0,control,10,hard_triplet,3.896167516708374,4.548699378967285,0.15776121616363525,4.587959289550781,0.18629053235054016,4.632564544677734,0.30742233991622925,4.596587181091309,0.1253739446401596,4.625186443328857,0.13911579549312592,4.592731952667236,0.17819976806640625,4.6241326332092285,0.2488022744655609
0,control,11,hard_triplet,3.9799726009368896,4.617852210998535,0.18019340932369232,4.668523788452148,0.2075333148241043,4.630484580993652,0.3122801184654236,4.6346845626831055,0.14909709990024567,4.639148712158203,0.16209155321121216,4.636046409606934,0.2005840688943863,4.636617660522461,0.2678426206111908
0,control,12,hard_triplet,3.8414788246154785,4.606415748596191,0.125250443816185,4.626851558685303,0.16213537752628326,4.635980606079102,0.2987161874771118,4.601960182189941,0.09016876667737961,4.619276523590088,0.09254320710897446,4.59570837020874,0.1468488723039627,4.627180099487305,0.23243233561515808
0,control,13,hard_triplet,3.9767770767211914,4.548379421234131,0.19418232142925262,4.59293270111084,0.2113090455532074,4.630155563354492,0.31074613332748413,4.578922748565674,0.16826316714286804,4.62822961807251,0.17629948258399963,4.600583553314209,0.21635104715824127,4.614828586578369,0.28381282091140747
0,control,14,hard_triplet,3.680366039276123,3.864790439605713,0.20487080514431,4.156311511993408,0.2257293164730072,4.547274112701416,0.31117016077041626,4.1034722328186035,0.1820850670337677,4.485116958618164,0.18602284789085388,4.121206283569336,0.22215932607650757,4.493290424346924,0.27446678280830383
0,control,15,hard_triplet,3.658928394317627,4.082039833068848,0.14590507745742798,4.348804950714111,0.18167075514793396,4.58006477355957,0.30464911460876465,4.267587184906006,0.1070556491613388,4.523258686065674,0.10318360477685928,4.26292085647583,0.1785140186548233,4.533228397369385,0.2563597559928894
0,control,16,hard_triplet,3.673783302307129,3.870979070663452,0.1999121606349945,4.205267429351807,0.226301908493042,4.541234493255615,0.30479559302330017,4.1360859870910645,0.17620378732681274,4.4841108322143555,0.17256388068199158,4.166069507598877,0.21559832990169525,4.484193801879883,0.25672122836112976
0,control,17,hard_triplet,3.540738344192505,3.8705062866210938,0.14059053361415863,4.172423362731934,0.1803753823041916,4.546520709991455,0.3014306426048279,4.1045331954956055,0.1154506504535675,4.459853172302246,0.11542979627847672,4.127289295196533,0.1637789011001587,4.498664379119873,0.21719129383563995
0,control,18,hard_triplet,3.664402961730957,3.8608129024505615,0.1983368992805481,4.161337852478027,0.2276650369167328,4.548742771148682,0.3052716851234436,4.104764938354492,0.17482465505599976,4.473849773406982,0.17089179158210754,4.111574172973633,0.22429612278938293,4.487757205963135,0.2711583971977234
0,control,19,hard_triplet,3.687957763671875,3.8666138648986816,0.21099868416786194,4.152439594268799,0.22796155512332916,4.546891212463379,0.305398166179657,4.092999458312988,0.19000744819641113,4.460878849029541,0.19170020520687103,4.109285354614258,0.23257595300674438,4.4699249267578125,0.2827722430229187
0,control,20,hard_triplet,3.384775161743164,3.4653143882751465,0.15744107961654663,3.903158187866211,0.1912289559841156,4.487799167633057,0.2945941984653473,3.857118844985962,0.1342352032661438,4.393669605255127,0.13618211448192596,3.856184244155884,0.17616645991802216,4.405001163482666,0.21063801646232605
0,control,21,hard_triplet,3.542306900024414,3.6636531352996826,0.19533467292785645,4.016251564025879,0.2269216924905777,4.51984977722168,0.30258339643478394,3.927686929702759,0.1672743558883667,4.4101386070251465,0.15499962866306305,3.9463231563568115,0.2129250168800354,4.415863037109375,0.2474936991930008
0,control,22,hard_triplet,3.4608845710754395,3.5698447227478027,0.1700836718082428,3.989945888519287,0.20104622840881348,4.521653652191162,0.29994916915893555,3.9226338863372803,0.14525316655635834,4.408621311187744,0.14376899600028992,3.9350838661193848,0.18265153467655182,4.416987895965576,0.2223808616399765
0,control,23,hard_triplet,3.343235492706299,3.413539409637451,0.15269240736961365,3.8537964820861816,0.18563635647296906,4.488807678222656,0.2919888198375702,3.8055994510650635,0.1380697786808014,4.354182720184326,0.13884955644607544,3.7949304580688477,0.16626912355422974,4.381509304046631,0.2015427052974701
0,control,24,hard_triplet,3.187093734741211,3.3770523071289062,0.08722679316997528,3.8491804599761963,0.13498646020889282,4.4828410148620605,0.29199713468551636,3.767022132873535,0.05337909609079361,4.362829208374023,0.047839101403951645,3.793801784515381,0.1139599084854126,4.383030414581299,0.16735273599624634
0,control,25,hard_triplet,3.296295642852783,3.193084478378296,0.18232382833957672,3.725444793701172,0.21336686611175537,4.474996566772461,0.3021143078804016,3.588873863220215,0.15922653675079346,4.281057834625244,0.1547742486000061,3.620523452758789,0.19581717252731323,4.332786560058594,0.22960840165615082
0,control,26,hard_triplet,3.128365993499756,3.261643886566162,0.08920039981603622,3.7532570362091064,0.15437977015972137,4.46137809753418,0.29190653562545776,3.7216029167175293,0.06048217788338661,4.321709632873535,0.05309821665287018,3.7257981300354004,0.10466877371072769,4.355221271514893,0.11749434471130371
0,control,27,hard_triplet,2.951688528060913,2.5781612396240234,0.15507493913173676,3.357370138168335,0.19129475951194763,4.368452548980713,0.29508495330810547,3.2179603576660156,0.13777020573616028,4.144911289215088,0.13726186752319336,3.2369041442871094,0.16242337226867676,4.177829265594482,0.18331584334373474
0,control,28,hard_triplet,2.8836920261383057,2.4604432582855225,0.15477393567562103,3.266383647918701,0.2038697749376297,4.34256649017334,0.29276466369628906,3.1294426918029785,0.12008114904165268,4.116429805755615,0.10119295120239258,3.1685967445373535,0.16826942563056946,4.1529951095581055,0.17691253125667572
0,control,29,hard_triplet,2.7768454551696777,2.4654884338378906,0.10299786925315857,3.257230758666992,0.17009955644607544,4.342703342437744,0.288636177778244,3.150653123855591,0.07843736559152603,4.125268936157227,0.0638279840350151,3.1700854301452637,0.11108596622943878,4.156252861022949,0.11708274483680725
0,control,30,hard_triplet,3.0136661529541016,2.469353199005127,0.20883241295814514,3.2418758869171143,0.23146140575408936,4.335359573364258,0.30187857151031494,3.136784076690674,0.18369631469249725,4.083301544189453,0.177589550614357,3.1718645095825195,0.2284114807844162,4.143793106079102,0.25595158338546753
0,control,31,hard_triplet,2.8586831092834473,2.340162992477417,0.16671502590179443,3.146059036254883,0.19523578882217407,4.310240268707275,0.29388874769210815,3.0223350524902344,0.13778354227542877,4.072434902191162,0.13380388915538788,3.0519418716430664,0.19335690140724182,4.125056743621826,0.2309514880180359
0,control,32,hard_triplet,2.762441635131836,2.342958450317383,0.12591688334941864,3.130718231201172,0.18885590136051178,4.303640842437744,0.2883244752883911,3.007694721221924,0.09140406548976898,4.073359489440918,0.07228726893663406,3.031096935272217,0.161535382270813,4.097125053405762,0.18618811666965485
0,control,33,hard_triplet,2.612879514694214,2.0920000076293945,0.11925280094146729,2.9480299949645996,0.1765691637992859,4.234487533569336,0.2819696068763733,2.8732147216796875,0.09786909818649292,4.000074863433838,0.0867917388677597,2.854677200317383,0.12290813028812408,4.038816452026367,0.1332988440990448
0,control,34,hard_triplet,2.7189900875091553,2.283062696456909,0.13002073764801025,2.9943981170654297,0.19214895367622375,4.267328262329102,0.2907078266143799,2.8879051208496094,0.09057587385177612,3.9639437198638916,0.08324144035577774,2.9275660514831543,0.17288798093795776,4.056863784790039,0.2105838507413864
0,control,35,hard_triplet,2.6444149017333984,2.2732951641082764,0.11189688742160797,2.9477360248565674,0.1740354597568512,4.230737209320068,0.2825656831264496,2.8070974349975586,0.08854164928197861,3.974602699279785,0.08376306295394897,2.8914663791656494,0.12493104487657547,4.044093132019043,0.13769572973251343
0,control,36,hard_triplet,2.763079881668091,2.2738921642303467,0.16566845774650574,2.945700168609619,0.2003258764743805,4.204646587371826,0.2819199562072754,2.8589649200439453,0.15497635304927826,3.9631154537200928,0.1506640911102295,2.8941242694854736,0.17789967358112335,4.012021541595459,0.19044256210327148
0,control,37,hard_triplet,2.7968709468841553,2.26656174659729,0.17657315731048584,2.9763338565826416,0.2150278389453888,4.247509956359863,0.28647392988204956,2.8442542552948,0.16268055140972137,3.9871413707733154,0.16204924881458282,2.8839821815490723,0.18799707293510437,4.051023483276367,0.20365197956562042
0,control,38,hard_triplet,2.7378592491149902,2.2664647102355957,0.15541371703147888,2.954986333847046,0.20509999990463257,4.208485126495361,0.2961592376232147,2.8066577911376953,0.13344141840934753,3.9221224784851074,0.12660080194473267,2.8815178871154785,0.17611460387706757,4.016613006591797,0.195773646235466
0,control,39,hard_triplet,2.587427854537964,2.1998238563537598,0.10992587357759476,2.8936362266540527,0.18401077389717102,4.18813419342041,0.27590298652648926,2.7735934257507324,0.08911705017089844,3.943999767303467,0.07408517599105835,2.8113787174224854,0.1087602972984314,3.992236852645874,0.1106475442647934
0,control,40,hard_triplet,2.293850898742676,1.5212769508361816,0.13350889086723328,2.3708536624908447,0.19565702974796295,4.025102138519287,0.287203311920166,2.2740132808685303,0.10731600224971771,3.7265846729278564,0.09602150321006775,2.2731540203094482,0.14455059170722961,3.751573085784912,0.14891575276851654
0,control,41,hard_triplet,2.2183480262756348,1.4639707803726196,0.13939833641052246,2.189934730529785,0.19215461611747742,3.893472671508789,0.27535736560821533,2.071805477142334,0.10825732350349426,3.6374456882476807,0.09678325057029724,2.1098413467407227,0.15408533811569214,3.672524929046631,0.16684764623641968
0,control,42,hard_triplet,2.420193910598755,1.4752213954925537,0.20786848664283752,2.2709755897521973,0.2373487502336502,3.9441475868225098,0.296516478061676,2.1676318645477295,0.18450671434402466,3.662616729736328,0.17293812334537506,2.2323436737060547,0.2299048900604248,3.7348222732543945,0.24868637323379517
0,control,43,hard_triplet,1.861181378364563,1.2660882472991943,0.04146810621023178,1.9649953842163086,0.13279268145561218,3.7776200771331787,0.23538243770599365,1.8596066236495972,0.017927465960383415,3.5176749229431152,0.010611171834170818,1.895075798034668,0.04242069274187088,3.5920534133911133,0.03795469179749489
0,control,44,hard_triplet,1.8258253335952759,1.0744237899780273,0.0922461748123169,1.7180829048156738,0.15812471508979797,3.6464757919311523,0.24336501955986023,1.612034797668457,0.07521512359380722,3.3475165367126465,0.06324747204780579,1.6549272537231445,0.09476675093173981,3.418572425842285,0.09263686835765839
0,control,45,hard_triplet,1.954892635345459,1.2433228492736816,0.10549132525920868,1.8902628421783447,0.17781883478164673,3.684412956237793,0.2439519464969635,1.817201018333435,0.05884771794080734,3.4317679405212402,0.02995327115058899,1.8662900924682617,0.12207216024398804,3.529595136642456,0.11512814462184906
0,control,46,hard_triplet,2.3680620193481445,1.7636911869049072,0.1607910841703415,2.2888364791870117,0.20762017369270325,3.8068079948425293,0.2620774507522583,2.2121455669403076,0.13043443858623505,3.599672555923462,0.11505096405744553,2.2928900718688965,0.18425947427749634,3.7165467739105225,0.19364987313747406
0,control,47,hard_triplet,2.1741788387298584,1.2763409614562988,0.17966818809509277,1.9904372692108154,0.2161632478237152,3.69708251953125,0.2676658630371094,1.8755218982696533,0.14906814694404602,3.461350440979004,0.14199623465538025,1.9388909339904785,0.2056220918893814,3.533085823059082,0.2223963588476181
0,control,48,hard_triplet,2.089848041534424,1.3809564113616943,0.14687032997608185,1.9550862312316895,0.1971232295036316,3.6295652389526367,0.2472289502620697,1.841148018836975,0.1209029033780098,3.3811943531036377,0.11080518364906311,1.8637686967849731,0.16380196809768677,3.4575912952423096,0.17497491836547852
0,control,49,hard_triplet,1.8850255012512207,1.27549409866333,0.0912824496626854,1.7744617462158203,0.14969703555107117,3.5512020587921143,0.1950082927942276,1.7411220073699951,0.06697243452072144,3.388320207595825,0.05545136332511902,1.7501659393310547,0.10492424666881561,3.445645809173584,0.11045176535844803
0,control,50,hard_triplet,2.089162588119507,1.4246611595153809,0.13315576314926147,2.016414165496826,0.18809565901756287,3.6311779022216797,0.22308069467544556,1.9276286363601685,0.10365395992994308,3.44040846824646,0.08919085562229156,1.9436442852020264,0.1496606469154358,3.498149871826172,0.15987636148929596
0,control,51,hard_triplet,1.8984572887420654,1.3467637300491333,0.07985365390777588,1.8907971382141113,0.144049733877182,3.649070978164673,0.17746420204639435,1.764434814453125,0.05232845991849899,3.3856048583984375,0.0438322015106678,1.820204496383667,0.08716073632240295,3.487558603286743,0.09025856852531433
0,control,52,hard_triplet,2.5321285724639893,1.691187858581543,0.2376706600189209,2.308380603790283,0.288398802280426,3.80672550201416,0.33825093507766724,2.160914897918701,0.20812346041202545,3.5559725761413574,0.2085588276386261,2.233260154724121,0.25561055541038513,3.6551597118377686,0.2808964252471924
0,control,53,hard_triplet,2.063549518585205,1.240323543548584,0.20425522327423096,1.6828408241271973,0.24531657993793488,3.399535894393921,0.2700991928577423,1.5876327753067017,0.1789141297340393,3.1572747230529785,0.15675413608551025,1.637632131576538,0.22064518928527832,3.2279038429260254,0.227517232298851
0,control,54,hard_triplet,1.6671139001846313,1.0070284605026245,0.10550377517938614,1.3846018314361572,0.1646583080291748,3.2630858421325684,0.19289052486419678,1.3323185443878174,0.0673319548368454,3.06496000289917,0.039442338049411774,1.3602075576782227,0.12549905478954315,3.15557861328125,0.12933923304080963
0,control,55,hard_triplet,1.6956449747085571,0.9628437161445618,0.13346819579601288,1.310476541519165,0.17795580625534058,3.1835927963256836,0.21209271252155304,1.2257733345031738,0.10300862789154053,2.9534873962402344,0.08923636376857758,1.2923126220703125,0.16187623143196106,3.1405932903289795,0.17294856905937195
0,control,56,hard_triplet,1.4587013721466064,1.0331237316131592,0.061494939029216766,1.237368106842041,0.10483835637569427,2.9697957038879395,0.11500146239995956,1.1878052949905396,0.051173120737075806,2.8317699432373047,0.04411424323916435,1.1915953159332275,0.06822344660758972,2.8996739387512207,0.06634872406721115
0,control,57,hard_triplet,1.3734413385391235,0.963040828704834,0.0407169945538044,1.126481533050537,0.07703778147697449,3.0058090686798096,0.09430379420518875,1.114652395248413,0.01701817288994789,2.8600170612335205,0.0050174035131931305,1.1377465724945068,0.0592033714056015,2.9399540424346924,0.05372205004096031
0,control,58,hard_triplet,1.8927491903305054,1.157586932182312,0.16552570462226868,1.5261752605438232,0.21659153699874878,3.340752363204956,0.24891158938407898,1.4266116619110107,0.13106593489646912,3.0404343605041504,0.11747868359088898,1.4594230651855469,0.19399987161159515,3.135187864303589,0.2003980576992035
0,control,59,hard_triplet,1.5362553596496582,0.9952638745307922,0.11832338571548462,1.1823475360870361,0.14046022295951843,2.8456642627716064,0.1550738662481308,1.1365678310394287,0.10491791367530823,2.689995050430298,0.08509106189012527,1.1490150690078735,0.13349808752536774,2.771017551422119,0.1325540393590927
0,control,60,hard_triplet,1.804039716720581,1.1698766946792603,0.13988113403320312,1.5106393098831177,0.18665772676467896,3.199516534805298,0.21265587210655212,1.4372117519378662,0.12082189321517944,2.9279863834381104,0.11121902614831924,1.479660987854004,0.15617236495018005,3.0626003742218018,0.16002506017684937
0,control,61,hard_triplet,1.4480770826339722,1.097829818725586,0.05520138889551163,1.2560631036758423,0.09635540843009949,2.946460247039795,0.0987662523984909,1.20860755443573,0.04091885685920715,2.758107900619507,0.025272976607084274,1.2283310890197754,0.07460486888885498,2.825188159942627,0.06350181251764297
0,control,62,hard_triplet,1.7708882093429565,1.2139850854873657,0.16195224225521088,1.3646433353424072,0.18414747714996338,3.0329785346984863,0.19908323884010315,1.2689673900604248,0.14312444627285004,2.725921630859375,0.13444820046424866,1.308455467224121,0.18411675095558167,2.842782497406006,0.1955888569355011
0,control,63,hard_triplet,1.404733657836914,1.183979868888855,0.02305636927485466,1.2250866889953613,0.0659111961722374,2.9676411151885986,0.07303030788898468,1.1865935325622559,0.029751989990472794,2.7963364124298096,0.02389749512076378,1.2080559730529785,0.02755587361752987,2.908698081970215,0.025111783295869827
0,control,64,hard_triplet,1.9440253973007202,1.388427734375,0.16305914521217346,1.586369276046753,0.20870694518089294,3.1919167041778564,0.2472734898328781,1.4958980083465576,0.13073325157165527,2.968595266342163,0.11951424181461334,1.5386719703674316,0.18711572885513306,3.105008840560913,0.21327310800552368
0,control,65,hard_triplet,1.7106060981750488,1.2853833436965942,0.08106584846973419,1.5684819221496582,0.10609503835439682,3.234755039215088,0.11339588463306427,1.504948377609253,0.09076108783483505,3.0553722381591797,0.08141361176967621,1.5295897722244263,0.08479362726211548,3.1327786445617676,0.081009142100811
0,control,66,smooth_ap,1.2411105632781982,0.9712721109390259,1.2755393981933594e-05,0.9873315095901489,0.12103954702615738,2.4881017208099365,0.14367593824863434,0.997438907623291,0.060056187212467194,2.3121752738952637,0.037642188370227814,1.0002024173736572,0.10012713074684143,2.49446964263916,0.10400497913360596
0,control,67,smooth_ap,1.1809580326080322,0.9746842384338379,0.0005297660827636719,1.0298768281936646,0.06868347525596619,2.497467041015625,0.061486806720495224,1.0110265016555786,0.031959906220436096,2.415109634399414,0.01075204648077488,1.024806022644043,0.04947800561785698,2.4967780113220215,0.03298048675060272
0,control,68,smooth_ap,1.1221336126327515,0.9785827994346619,0.006422519683837891,0.9863404035568237,0.06556613743305206,2.28711199760437,0.0748632550239563,0.9665563106536865,0.030982615426182747,2.1594631671905518,0.022804373875260353,0.9764248132705688,0.034163955599069595,2.2953317165374756,0.032138220965862274
0,control,69,smooth_ap,1.2565174102783203,0.9627901315689087,0.00406193733215332,0.9554975032806396,0.13896358013153076,2.389753818511963,0.144600048661232,0.9491091966629028,0.09969060122966766,2.2617125511169434,0.07919280230998993,0.9579813480377197,0.1386980414390564,2.4110894203186035,0.13750585913658142
0,control,70,smooth_ap,1.4470980167388916,1.0521230697631836,0.03773784637451172,1.0960444211959839,0.17528429627418518,2.651146411895752,0.2017926573753357,1.0956945419311523,0.10403105616569519,2.5580432415008545,0.09148093312978745,1.0953710079193115,0.14770813286304474,2.6298441886901855,0.15630561113357544
0,control,71,smooth_ap,1.2623867988586426,1.0063095092773438,0.022252440452575684,1.0626373291015625,0.12586741149425507,2.2730932235717773,0.13357457518577576,1.0387718677520752,0.07580281049013138,2.180196762084961,0.06329639256000519,1.0636175870895386,0.1233280673623085,2.287256956100464,0.13050037622451782
0,control,72,smooth_ap,1.2706910371780396,0.9940403699874878,0.010082423686981201,1.044103741645813,0.13128654658794403,2.4728786945343018,0.13297122716903687,1.0383111238479614,0.07060963660478592,2.2432847023010254,0.04882149398326874,1.0426087379455566,0.12079478055238724,2.4227325916290283,0.12260395288467407
0,control,73,smooth_ap,1.1634950637817383,1.016675591468811,0.00020372867584228516,1.0046643018722534,0.0639876276254654,2.3335824012756348,0.050043001770973206,0.9903966188430786,0.04825012385845184,2.2813045978546143,0.02552381157875061,0.9997973442077637,0.06831240653991699,2.378030776977539,0.051114171743392944
0,control,74,smooth_ap,1.3760265111923218,1.0344562530517578,0.025584816932678223,1.1387966871261597,0.13793596625328064,2.6591222286224365,0.1347217857837677,1.1181142330169678,0.09708303213119507,2.4384803771972656,0.08092179894447327,1.1290303468704224,0.11955513060092926,2.5797669887542725,0.10932229459285736
0,control,75,smooth_ap,1.309630036354065,1.012342095375061,0.03008347749710083,1.030047059059143,0.15720945596694946,2.424896001815796,0.14883330464363098,1.0078493356704712,0.11502015590667725,2.2262508869171143,0.08537503331899643,1.0246469974517822,0.13058099150657654,2.369481325149536,0.10776776075363159
0,control,76,smooth_ap,1.344205379486084,1.099057912826538,0.04733151197433472,1.062759518623352,0.15368257462978363,2.198625087738037,0.1497628092765808,1.0506442785263062,0.13636812567710876,2.0558741092681885,0.12889990210533142,1.0625180006027222,0.1545276790857315,2.208299160003662,0.15228921175003052
0,control,77,smooth_ap,1.381830096244812,1.043994426727295,0.0909343957901001,1.0670832395553589,0.16749414801597595,2.282001495361328,0.1656494140625,1.0343114137649536,0.12222888320684433,2.1210012435913086,0.10315479338169098,1.0568101406097412,0.14877578616142273,2.242432117462158,0.14440543949604034
0,control,78,smooth_ap,1.4836549758911133,1.00800621509552,0.045326828956604004,1.1248118877410889,0.2153039574623108,2.6049740314483643,0.23970502614974976,1.102981448173523,0.13435357809066772,2.3527603149414062,0.11019246280193329,1.1299511194229126,0.20053978264331818,2.5832738876342773,0.21229377388954163
0,control,79,smooth_ap,1.0809913873672485,0.9733348488807678,0.00529026985168457,1.0026748180389404,0.10555171966552734,1.9033069610595703,0.09933341294527054,0.9772763252258301,0.06239753216505051,1.8663524389266968,0.03613888844847679,0.9967617988586426,0.0771404504776001,1.916925311088562,0.06114143878221512
0,control,80,smooth_ap,1.4219094514846802,0.9980272054672241,0.0460888147354126,1.0095620155334473,0.214218407869339,2.394714832305908,0.2300364077091217,0.9953423142433167,0.16563358902931213,2.212474822998047,0.14113178849220276,1.005134105682373,0.2070208042860031,2.3837320804595947,0.21356049180030823
0,control,81,smooth_ap,0.9795638918876648,0.9611701965332031,0.0023671984672546387,0.9263655543327332,0.0814991444349289,1.7676210403442383,0.07682090252637863,0.9144778847694397,0.03895964100956917,1.6127026081085205,0.025528497993946075,0.9196877479553223,0.05625471845269203,1.739473581314087,0.04177730157971382
0,control,82,smooth_ap,1.3575458526611328,1.059943437576294,0.04181408882141113,1.0320411920547485,0.204201340675354,2.159036874771118,0.20843586325645447,1.018355369567871,0.1499432623386383,1.9939948320388794,0.12687622010707855,1.0208985805511475,0.19542931020259857,2.1498236656188965,0.19338040053844452
0,control,83,smooth_ap,0.9795129299163818,0.9887483716011047,0.0147627592086792,0.9499210715293884,0.07116346806287766,1.6039443016052246,0.06690113991498947,0.9403271079063416,0.021981678903102875,1.5842869281768799,0.011917080730199814,0.9439582824707031,0.061905600130558014,1.722503662109375,0.054736360907554626
0,control,84,smooth_ap,1.0736947059631348,1.1553744077682495,0.005435526371002197,1.0299588441848755,0.06318893283605576,1.8490941524505615,0.05467156320810318,1.0322972536087036,0.02163619175553322,1.7588034868240356,0.006452793255448341,1.0391170978546143,0.05973675474524498,1.8877060413360596,0.04631743207573891
0,control,85,smooth_ap,1.212878704071045,1.0664188861846924,0.02222585678100586,1.0738589763641357,0.12358096241950989,2.0633444786071777,0.12449438869953156,1.0375514030456543,0.07447351515293121,1.9401828050613403,0.06089218705892563,1.079203724861145,0.1083456426858902,2.097707509994507,0.10712318122386932
0,control,86,smooth_ap,1.1730296611785889,0.9538032412528992,0.03076303005218506,0.9843795299530029,0.12155653536319733,1.9879541397094727,0.1185183897614479,0.9757154583930969,0.09667468070983887,1.9242775440216064,0.07799214869737625,0.9844882488250732,0.11809809505939484,2.042177200317383,0.11609237641096115
0,control,87,smooth_ap,1.0206354856491089,0.9678008556365967,0.00626528263092041,0.9643191695213318,0.09110350906848907,1.7253446578979492,0.0782853290438652,0.9539061784744263,0.06628793478012085,1.5817437171936035,0.03992846980690956,0.9580461978912354,0.0993453785777092,1.7173254489898682,0.08116741478443146
0,control,88,smooth_ap,1.3508062362670898,0.99083012342453,0.05321967601776123,1.0310871601104736,0.18265870213508606,2.3086118698120117,0.18528330326080322,0.9906174540519714,0.14088189601898193,2.03727126121521,0.11881548166275024,1.0011367797851562,0.1831257939338684,2.2436280250549316,0.18463322520256042
0,control,89,smooth_ap,1.1058704853057861,1.0109105110168457,0.003615856170654297,0.9661229848861694,0.11401669681072235,1.8803291320800781,0.10656789690256119,0.963638424873352,0.07934033870697021,1.880638837814331,0.06049331650137901,0.9690507650375366,0.0946473777294159,1.940207839012146,0.07637932896614075
0,control,90,smooth_ap,1.0887484550476074,0.9678702354431152,0.016301333904266357,0.9748508334159851,0.09892778098583221,1.861997365951538,0.09296415001153946,0.953987717628479,0.07331359386444092,1.7788290977478027,0.05428063124418259,0.9546293020248413,0.09789460897445679,1.925520896911621,0.08793235570192337
0,control,91,smooth_ap,1.2222797870635986,0.9675291776657104,0.04872941970825195,0.9948229789733887,0.14639464020729065,2.0194637775421143,0.13751941919326782,0.9795469045639038,0.11021614074707031,1.8725101947784424,0.09571859240531921,0.9907375574111938,0.14823490381240845,1.9869797229766846,0.14056789875030518
0,control,92,smooth_ap,1.1610801219940186,0.9523340463638306,0.055147647857666016,0.9624282121658325,0.16863025724887848,1.7143728733062744,0.17190933227539062,0.9679621458053589,0.09456555545330048,1.569051742553711,0.06751549988985062,0.9583243131637573,0.16778403520584106,1.7321414947509766,0.16623124480247498
0,control,93,smooth_ap,1.077316403388977,0.9620333313941956,0.009127616882324219,0.9657864570617676,0.14153751730918884,1.6626429557800293,0.13878998160362244,0.9486871361732483,0.10950275510549545,1.5509933233261108,0.09098823368549347,0.9583687782287598,0.13453470170497894,1.617438554763794,0.12739619612693787
0,control,94,smooth_ap,1.0760630369186401,0.9409521818161011,0.014039754867553711,0.9516046047210693,0.1314554065465927,1.717287540435791,0.12198302149772644,0.9455147981643677,0.0932958573102951,1.6168134212493896,0.07730348408222198,0.955584704875946,0.12131115794181824,1.7850574254989624,0.1045045331120491
0,control,95,smooth_ap,0.9979264736175537,0.9676728248596191,0.006913542747497559,0.9509415626525879,0.101802296936512,1.7137244939804077,0.10306169092655182,0.94046550989151,0.03991575539112091,1.4680438041687012,0.018057547509670258,0.9450785517692566,0.085757315158844,1.6946163177490234,0.07682766020298004
0,control,96,smooth_ap,0.9816911816596985,0.9480814337730408,0.00449901819229126,0.9349817633628845,0.10218054801225662,1.5796544551849365,0.08120163530111313,0.9311755895614624,0.060949407517910004,1.5033507347106934,0.0249139666557312,0.9392236471176147,0.10259595513343811,1.6421170234680176,0.07867792993783951
0,control,97,smooth_ap,1.0152418613433838,0.9560378193855286,0.019230008125305176,0.9539673328399658,0.10499884188175201,1.4697223901748657,0.10612422227859497,0.9459236860275269,0.09121167659759521,1.4551753997802734,0.08259053528308868,0.9477543830871582,0.10695786029100418,1.5217945575714111,0.10468073189258575
0,control,98,smooth_ap,0.9965220093727112,0.9389106035232544,0.006659984588623047,0.9327011108398438,0.11814536899328232,1.4253453016281128,0.11198605597019196,0.935816764831543,0.09269843995571136,1.4363551139831543,0.06970570236444473,0.9384055137634277,0.12071385979652405,1.4993126392364502,0.11797560751438141
0,control,99,smooth_ap,1.1155732870101929,0.9407705664634705,0.016514718532562256,0.9612914323806763,0.1531982421875,1.8045480251312256,0.1498161405324936,0.9506380558013916,0.11155956238508224,1.6509015560150146,0.08467191457748413,0.9599113464355469,0.1341685950756073,1.783708095550537,0.11838267743587494
0,control,100,smooth_ap,1.1536195278167725,0.9703913331031799,0.04572749137878418,0.9839032292366028,0.14877280592918396,1.6187326908111572,0.14841535687446594,0.9811111092567444,0.1285300850868225,1.5718532800674438,0.12555909156799316,0.994560956954956,0.1444362998008728,1.6987017393112183,0.14917583763599396
0,control,101,smooth_ap,0.9548346996307373,0.9602906107902527,0.0073348283767700195,0.9544146656990051,0.08428645133972168,1.521600365638733,0.07449239492416382,0.9634898900985718,0.04037397727370262,1.4462018013000488,0.014227593317627907,0.9564884901046753,0.07859642058610916,1.572061538696289,0.0663130059838295
0,control,102,smooth_ap,0.9499546885490417,0.9694443345069885,0.01563173532485962,0.9668195247650146,0.07849027216434479,1.4086475372314453,0.06476859003305435,0.9609279036521912,0.05976453796029091,1.4082576036453247,0.044104766100645065,0.9660384654998779,0.07376689463853836,1.4488465785980225,0.060439787805080414
0,control,103,smooth_ap,1.026688814163208,0.9495487213134766,0.004110217094421387,0.9382334351539612,0.13300400972366333,1.5933221578598022,0.10808110982179642,0.9267510175704956,0.1026884913444519,1.4217312335968018,0.06964623928070068,0.9339013695716858,0.13504722714424133,1.628129243850708,0.11160888522863388
0,control,104,smooth_ap,1.1204626560211182,0.9720919132232666,0.011532425880432129,1.0221686363220215,0.14138206839561462,1.7368963956832886,0.14850148558616638,1.0053088665008545,0.10584832727909088,1.5387266874313354,0.08786289393901825,1.0253077745437622,0.14414705336093903,1.7370073795318604,0.14741525053977966
0,control,105,smooth_ap,1.052732229232788,0.9881494045257568,0.0048675537109375,1.002386212348938,0.16603517532348633,1.5270054340362549,0.16144275665283203,0.9695004224777222,0.09157510846853256,1.3918159008026123,0.058532439172267914,0.9834191799163818,0.13976460695266724,1.5248429775238037,0.11963602155447006
0,control,106,smooth_ap,0.8895421028137207,0.9225929379463196,0.002396225929260254,0.9117099046707153,0.0939846858382225,1.1629245281219482,0.07124705612659454,0.9162585139274597,0.08429888635873795,1.2520778179168701,0.05759648233652115,0.9106842279434204,0.10350169241428375,1.238112211227417,0.08477292954921722
0,control,107,smooth_ap,0.8863829374313354,0.9326704144477844,0.0012903213500976562,0.93505859375,0.08290182054042816,1.2989623546600342,0.07050550729036331,0.9247519373893738,0.05552201718091965,1.2703535556793213,0.03689686208963394,0.9324449300765991,0.0724024549126625,1.3412566184997559,0.0551956444978714
0,control,108,smooth_ap,0.8256821632385254,0.9193763732910156,0.0026592612266540527,0.9362406134605408,0.05285293608903885,1.1811025142669678,0.04483677074313164,0.931401252746582,0.0390656478703022,1.2037220001220703,0.028924964368343353,0.9365671873092651,0.04085814207792282,1.2231206893920898,0.02879195101559162
0,control,109,smooth_ap,0.902142345905304,0.9550905227661133,0.007110476493835449,0.9516348242759705,0.08363483101129532,1.2542824745178223,0.07251489162445068,0.9393150806427002,0.052844516932964325,1.2043745517730713,0.03673186153173447,0.9483973979949951,0.08630276471376419,1.3680148124694824,0.07100182771682739
0,control,110,smooth_ap,0.9324268102645874,0.9300784468650818,0.027466297149658203,0.9314234256744385,0.09674511104822159,1.25242018699646,0.08763961493968964,0.9296651482582092,0.04995643347501755,1.2586073875427246,0.03390420973300934,0.9366898536682129,0.09946152567863464,1.3809688091278076,0.0921315848827362
0,control,111,smooth_ap,1.0177541971206665,0.9518654942512512,0.0274808406829834,0.9500172734260559,0.13636468350887299,1.3236302137374878,0.1417628526687622,0.9527853727340698,0.10474837571382523,1.2979902029037476,0.09332418441772461,0.9442310929298401,0.12649992108345032,1.3588411808013916,0.13069574534893036
0,control,112,smooth_ap,0.9467163681983948,0.9348589181900024,0.03160429000854492,0.9595685601234436,0.05841180682182312,1.4315829277038574,0.03642925247550011,0.9527250528335571,0.05556780472397804,1.404482364654541,0.041138846427202225,0.9522047638893127,0.07122854888439178,1.5092021226882935,0.05955779552459717
0,control,113,smooth_ap,0.9892094135284424,0.9266867637634277,0.023731708526611328,0.93829745054245,0.11677797138690948,1.378671646118164,0.11198268830776215,0.940220832824707,0.07983516901731491,1.373966097831726,0.0602678582072258,0.9381157159805298,0.1187480241060257,1.432901382446289,0.11355467140674591
0,control,114,smooth_ap,0.948214054107666,0.9431244730949402,0.012177646160125732,0.9432580471038818,0.08725909888744354,1.4780447483062744,0.07318028062582016,0.9345865249633789,0.05853472650051117,1.3748717308044434,0.02963804453611374,0.9398112297058105,0.08596695959568024,1.5196412801742554,0.0697043389081955
0,control,115,smooth_ap,0.8761751055717468,0.9223193526268005,0.00048470497131347656,0.9351540803909302,0.09275675565004349,1.2975478172302246,0.07214020192623138,0.9321326017379761,0.030237216502428055,1.2473578453063965,0.009444907307624817,0.9340524077415466,0.07692211866378784,1.3737696409225464,0.05893614515662193
0,control,116,smooth_ap,1.0609016418457031,0.9642804265022278,0.06377863883972168,0.9578074216842651,0.12961789965629578,1.4714062213897705,0.12482471764087677,0.9592082500457764,0.07883831113576889,1.3951239585876465,0.05486943945288658,0.9517326354980469,0.11477842926979065,1.5147671699523926,0.10460078716278076
0,control,117,smooth_ap,0.9109733700752258,0.9138761758804321,0.017173707485198975,0.9326332807540894,0.0994369387626648,1.2654156684875488,0.09121231734752655,0.9278053045272827,0.04914342612028122,1.2176958322525024,0.029895080253481865,0.9343196749687195,0.09931359440088272,1.3590507507324219,0.08001421391963959
0,control,118,smooth_ap,0.9826160073280334,0.9042763710021973,0.005062699317932129,0.9415417909622192,0.1431308090686798,1.3492765426635742,0.1319698691368103,0.9379154443740845,0.12267224490642548,1.3224347829818726,0.09452804923057556,0.9369535446166992,0.12631238996982574,1.3643383979797363,0.10316990315914154
0,control,119,smooth_ap,0.7964973449707031,0.9137816429138184,0.001720428466796875,0.9143889546394348,0.04450105130672455,1.1192320585250854,0.0254824198782444,0.9128479957580566,0.03440067172050476,1.1582298278808594,0.017761636525392532,0.9191259741783142,0.04145074263215065,1.213639259338379,0.022574789822101593
0,control,120,smooth_ap,0.8515074253082275,0.9060852527618408,0.006889939308166504,0.9132422804832458,0.08691567182540894,1.1986470222473145,0.07796882092952728,0.9057874083518982,0.05529623106122017,1.1197144985198975,0.04196261614561081,0.9091477394104004,0.07025623321533203,1.2125260829925537,0.05362990126013756
0,control,121,smooth_ap,0.9512379169464111,0.910036027431488,0.003331422805786133,0.9187683463096619,0.12352223694324493,1.2747046947479248,0.10416562110185623,0.9231266975402832,0.11982834339141846,1.2947152853012085,0.09161060303449631,0.923839271068573,0.11718884110450745,1.360224723815918,0.09348123520612717
0,control,122,smooth_ap,0.8884955048561096,0.9269605875015259,0.012888431549072266,0.9256247282028198,0.09074100106954575,1.2082421779632568,0.09547130018472672,0.9203611612319946,0.032778218388557434,1.1672112941741943,0.01935092732310295,0.9254857897758484,0.0880236104130745,1.3167264461517334,0.09455186128616333
0,control,123,smooth_ap,0.9365004301071167,0.909354031085968,0.024256646633148193,0.9207599759101868,0.11736100912094116,1.1898882389068604,0.11428850889205933,0.9177714586257935,0.08540237694978714,1.1572691202163696,0.07423041760921478,0.922652542591095,0.11638841032981873,1.2463500499725342,0.113719642162323
0,control,124,smooth_ap,0.8056148886680603,0.8929361701011658,0.004611551761627197,0.9106295704841614,0.07220961153507233,1.1022472381591797,0.0631503164768219,0.9112995862960815,0.023084284737706184,1.0764026641845703,0.008936884813010693,0.9101633429527283,0.0656331479549408,1.1596298217773438,0.054605357348918915
0,control,125,smooth_ap,0.836444616317749,0.8942890763282776,0.0015355348587036133,0.906534731388092,0.08826185762882233,1.143756628036499,0.09010537713766098,0.9061634540557861,0.042608920484781265,1.1096627712249756,0.03149992600083351,0.9109739065170288,0.06825806200504303,1.2127766609191895,0.06132371351122856
0,control,126,smooth_ap,0.9464896321296692,0.9058600664138794,0.03173953294754028,0.9442702531814575,0.10707879066467285,1.2964134216308594,0.09837321937084198,0.9338368773460388,0.0766027420759201,1.2440156936645508,0.05532866716384888,0.9442956447601318,0.09674118459224701,1.3333377838134766,0.08695895969867706
0,control,127,smooth_ap,0.9863869547843933,0.9095218777656555,0.04147458076477051,0.9318948984146118,0.1489575356245041,1.2266137599945068,0.14837947487831116,0.9293031692504883,0.09766386449337006,1.1445181369781494,0.07426384091377258,0.9354398846626282,0.1416040062904358,1.2159874439239502,0.13133975863456726
0,control,128,smooth_ap,0.9196333885192871,0.9356186985969543,0.012843489646911621,0.9388291835784912,0.08593940734863281,1.2931458950042725,0.07237575948238373,0.9384828805923462,0.07041425257921219,1.275805115699768,0.055053986608982086,0.9428330659866333,0.08132273703813553,1.3778777122497559,0.0707765743136406
0,control,129,smooth_ap,0.8128204941749573,0.8956117630004883,0.004828453063964844,0.9060900211334229,0.0821174830198288,1.0863721370697021,0.06695690751075745,0.908475399017334,0.05769773945212364,1.057724952697754,0.03537559509277344,0.9091041088104248,0.062118709087371826,1.1202175617218018,0.03609519451856613
0,control,130,smooth_ap,1.0088715553283691,0.9307661652565002,0.04215240478515625,0.9539175033569336,0.14860562980175018,1.19356107711792,0.1356760412454605,0.9517574310302734,0.12631577253341675,1.1614683866500854,0.1170586422085762,0.9548171162605286,0.13776913285255432,1.2200508117675781,0.12549424171447754
0,control,131,smooth_ap,0.7787753343582153,0.9048536419868469,0.004472017288208008,0.9232350587844849,0.04005997255444527,1.069113850593567,0.03154974430799484,0.9231100678443909,0.02501077577471733,1.0863139629364014,0.01631660759449005,0.9248291254043579,0.03956175222992897,1.110766887664795,0.02740435302257538
0,control,132,smooth_ap,0.8670539259910583,0.8816843628883362,0.013707160949707031,0.9045025110244751,0.11728567630052567,1.0717406272888184,0.10174649953842163,0.9003815054893494,0.08941346406936646,1.0660215616226196,0.06238853186368942,0.904441237449646,0.10014018416404724,1.1041141748428345,0.07699449360370636
0,control,133,smooth_ap,0.9006778001785278,0.908850908279419,0.02149951457977295,0.9200742244720459,0.10570507496595383,1.171684741973877,0.09709212183952332,0.9128316640853882,0.08183266222476959,1.1051628589630127,0.057306528091430664,0.9195914268493652,0.10295631736516953,1.1914727687835693,0.08936382085084915
0,control,134,smooth_ap,0.7795934677124023,0.8966876268386841,0.0020044445991516113,0.9082543849945068,0.06545810401439667,1.0088776350021362,0.04398639500141144,0.9039793610572815,0.04171903431415558,1.027947187423706,0.021286115050315857,0.9112776517868042,0.06226775050163269,1.0596715211868286,0.038948558270931244
0,control,135,smooth_ap,0.7845221757888794,0.9040102958679199,0.01392674446105957,0.9274086952209473,0.04739327356219292,1.0098092555999756,0.03884391859173775,0.928257942199707,0.02913162112236023,1.0323933362960815,0.02006760612130165,0.9274550676345825,0.048860158771276474,1.0501816272735596,0.03557271510362625
0,control,136,smooth_ap,0.9558872580528259,0.9046681523323059,0.024332284927368164,0.921642005443573,0.14329713582992554,1.2330067157745361,0.13213495910167694,0.9159393906593323,0.10309853404760361,1.1571217775344849,0.07474244385957718,0.9277420043945312,0.11797663569450378,1.30851411819458,0.09564642608165741
0,control,137,smooth_ap,0.893929123878479,0.9259117245674133,0.009493410587310791,0.9401993155479431,0.1133454442024231,1.1392431259155273,0.09135092794895172,0.932418942451477,0.09626952558755875,1.0933337211608887,0.06507287174463272,0.9362293481826782,0.10071815550327301,1.1567187309265137,0.07902630418539047
0,control,138,smooth_ap,0.932256281375885,0.9106415510177612,0.008784472942352295,0.9140766859054565,0.14023658633232117,1.149033784866333,0.1182485818862915,0.9163984060287476,0.11035405844449997,1.1658060550689697,0.07379095256328583,0.923124372959137,0.13402707874774933,1.229386806488037,0.10731315612792969
0,control,139,smooth_ap,0.8593063950538635,0.9114220142364502,0.016057848930358887,0.9375303983688354,0.07660634070634842,1.128412127494812,0.06112813577055931,0.9335522651672363,0.05294673144817352,1.0841052532196045,0.030472800135612488,0.9376316070556641,0.0871988981962204,1.2061760425567627,0.07741661369800568
0,control,140,smooth_ap,0.86434406042099,0.8858620524406433,0.0035818815231323242,0.916670560836792,0.10161702334880829,1.1567578315734863,0.09164631366729736,0.9112590551376343,0.07650517672300339,1.1093534231185913,0.06197657063603401,0.9124589562416077,0.0925782173871994,1.157376766204834,0.07823759317398071
0,control,141,smooth_ap,1.0727860927581787,0.9096978306770325,0.050273597240448,0.9263755083084106,0.18782776594161987,1.1702935695648193,0.17713704705238342,0.9355634450912476,0.1622070074081421,1.2136595249176025,0.139480322599411,0.9314886927604675,0.18967437744140625,1.2359974384307861,0.1862328052520752
0,control,142,smooth_ap,0.8036162853240967,0.8960314989089966,0.005289018154144287,0.912283182144165,0.062463659793138504,1.0722548961639404,0.052988450974226,0.9097914695739746,0.039585161954164505,1.0735783576965332,0.024841081351041794,0.9081019163131714,0.06711961328983307,1.0934196710586548,0.060469627380371094
0,control,143,smooth_ap,0.7427774667739868,0.8826974034309387,8.755922317504883e-05,0.8993264436721802,0.03944292664527893,1.080766201019287,0.026168465614318848,0.8935410976409912,0.02091868966817856,1.0293010473251343,0.00872688926756382,0.8968827724456787,0.024913059547543526,1.0636236667633057,0.013411656953394413
0,control,144,smooth_ap,0.8691043853759766,0.898244321346283,0.01660168170928955,0.9130285978317261,0.12380196899175644,1.0027291774749756,0.10523397475481033,0.909593403339386,0.10018771886825562,0.9963642954826355,0.07320864498615265,0.9118877649307251,0.1072860136628151,1.0191634893417358,0.08445915579795837
0,control,145,smooth_ap,0.8987200856208801,0.9010763764381409,0.012322664260864258,0.9236680865287781,0.11420305073261261,1.1331980228424072,0.09783165156841278,0.9191157817840576,0.09392040222883224,1.0843433141708374,0.06795379519462585,0.9235268235206604,0.1166045144200325,1.1688239574432373,0.10310772061347961
0,control,146,smooth_ap,0.7941969037055969,0.9064873456954956,0.0041294097900390625,0.913965106010437,0.06025053933262825,0.9938483238220215,0.04349417984485626,0.9147493839263916,0.04277242347598076,1.0072021484375,0.024792920798063278,0.9144406318664551,0.07904504984617233,1.0646547079086304,0.06714063137769699
0,control,147,smooth_ap,0.8799424171447754,0.9002021551132202,0.02309626340866089,0.9088650941848755,0.10404336452484131,1.097743034362793,0.09748509526252747,0.9065717458724976,0.08003677427768707,1.0685925483703613,0.06298485398292542,0.9083139896392822,0.09823928028345108,1.1145782470703125,0.08283807337284088
0,control,148,smooth_ap,0.8071667551994324,0.8918353319168091,0.0020482540130615234,0.9092795252799988,0.06633180379867554,1.0926241874694824,0.05967903882265091,0.9054670929908752,0.03158506751060486,1.081252098083496,0.012200388126075268,0.9141058325767517,0.07007777690887451,1.182530403137207,0.06034492701292038
0,control,149,smooth_ap,0.9085716009140015,0.8991150856018066,0.011220693588256836,0.9132806658744812,0.13005131483078003,1.0872340202331543,0.1211303174495697,0.9097226858139038,0.10828260332345963,1.0258877277374268,0.0888197273015976,0.916126549243927,0.1342865228652954,1.0942959785461426,0.12553569674491882
0,control,150,smooth_ap,0.9800524115562439,0.9230548739433289,0.020649611949920654,0.9303452372550964,0.16440212726593018,1.1981136798858643,0.16726461052894592,0.9342076182365417,0.10647544264793396,1.1793760061264038,0.08246226608753204,0.9309974908828735,0.1377955675125122,1.2039673328399658,0.13048705458641052
0,control,151,smooth_ap,0.8268409371376038,0.8993291854858398,0.0017809867858886719,0.9098452925682068,0.0848645567893982,1.024151086807251,0.07420757412910461,0.9095640182495117,0.07744676619768143,1.04679536819458,0.06096414476633072,0.9081985354423523,0.07906586676836014,1.0789016485214233,0.0652095153927803
0,control,152,smooth_ap,0.8494494557380676,0.8779140710830688,0.0033680200576782227,0.8926588892936707,0.11407129466533661,1.041822910308838,0.10096069425344467,0.8936673998832703,0.09366974979639053,1.0350478887557983,0.06494706869125366,0.8944971561431885,0.10679476708173752,1.073814034461975,0.08213186264038086
0,control,153,smooth_ap,0.7970094084739685,0.8949291706085205,0.008086919784545898,0.9034700393676758,0.08126179128885269,1.0389840602874756,0.0599905289709568,0.9007294178009033,0.04141583666205406,1.041917324066162,0.016950272023677826,0.9023948907852173,0.06318208575248718,1.0744121074676514,0.043990883976221085
0,control,154,smooth_ap,0.8453654646873474,0.9146835803985596,0.007661223411560059,0.9026064872741699,0.08569985628128052,1.1155632734298706,0.061336420476436615,0.9064486622810364,0.05408644303679466,1.0892233848571777,0.02401049993932247,0.906598687171936,0.0974697470664978,1.1819024085998535,0.07941600680351257
0,control,155,smooth_ap,0.780323326587677,0.8741251230239868,0.001573324203491211,0.8903182744979858,0.06976933032274246,1.0449886322021484,0.05831876024603844,0.8851844072341919,0.04525177925825119,1.003929853439331,0.02769423834979534,0.8892248272895813,0.06369003653526306,1.0540422201156616,0.05358804762363434
0,control,156,smooth_ap,0.788607656955719,0.8961535692214966,0.015532732009887695,0.9197850227355957,0.04660377651453018,1.0940359830856323,0.03309323638677597,0.9184165596961975,0.027236439287662506,1.1075305938720703,0.01511012390255928,0.9181276559829712,0.03316494822502136,1.111307144165039,0.017869874835014343
0,control,157,smooth_ap,0.731440007686615,0.8796876072883606,0.00023168325424194336,0.8978475332260132,0.03293505311012268,0.9969507455825806,0.026623183861374855,0.8910232782363892,0.016295982524752617,0.9696712493896484,0.012926992028951645,0.8935788869857788,0.03636058419942856,1.0112278461456299,0.033237259835004807
0,control,158,smooth_ap,0.8066651225090027,0.8731537461280823,0.002105534076690674,0.8931336402893066,0.08899476379156113,0.9847558736801147,0.07402782142162323,0.8957144618034363,0.06785665452480316,1.0093016624450684,0.050595223903656006,0.8955696821212769,0.08873288333415985,1.0157641172409058,0.07679758220911026
0,control,159,smooth_ap,0.7756291031837463,0.8848294019699097,0.0034241676330566406,0.9123923778533936,0.04475260525941849,1.06984543800354,0.028422171249985695,0.9042041301727295,0.03666454553604126,1.0283764600753784,0.02042168378829956,0.9103336930274963,0.05350968614220619,1.104396939277649,0.04370328038930893
0,control,160,smooth_ap,0.9221668243408203,0.8822571635246277,0.012222528457641602,0.8981401920318604,0.15015563368797302,1.0370550155639648,0.12649506330490112,0.8981842994689941,0.13000726699829102,1.0350717306137085,0.0874544307589531,0.8986550569534302,0.1701458841562271,1.0829030275344849,0.14325834810733795
0,control,161,smooth_ap,0.7604373097419739,0.8745606541633606,0.00968921184539795,0.8916081190109253,0.05320364609360695,1.0065373182296753,0.040818724781274796,0.8919442296028137,0.030789433047175407,0.9904599189758301,0.017336266115307808,0.8919875025749207,0.05108422040939331,1.0298149585723877,0.034415651112794876
0,control,162,smooth_ap,0.8232348561286926,0.888468325138092,0.008125901222229004,0.9050227403640747,0.08626583218574524,0.9799983501434326,0.0721302181482315,0.9061861634254456,0.07995856553316116,0.9863399267196655,0.0653504878282547,0.9069947600364685,0.09138979017734528,1.0089792013168335,0.07903213053941727
0,control,163,smooth_ap,0.874931275844574,0.8982463479042053,0.014752805233001709,0.9113014936447144,0.10291261225938797,1.1095654964447021,0.08884594589471817,0.9055582880973816,0.07510676980018616,1.0573742389678955,0.05027928575873375,0.9128249287605286,0.11096347868442535,1.1506402492523193,0.09860449284315109
0,control,164,smooth_ap,0.7080521583557129,0.8663131594657898,0.005885004997253418,0.8775330185890198,0.0381135419011116,0.9401314854621887,0.01787291094660759,0.8772801160812378,0.020362287759780884,0.9305477142333984,0.0038630403578281403,0.8782753944396973,0.03223004192113876,0.9536383748054504,0.010778127238154411
0,control,165,smooth_ap,0.7839071154594421,0.8858404755592346,0.009928524494171143,0.9094187617301941,0.07176093012094498,1.0146737098693848,0.06032199785113335,0.9039764404296875,0.0429123193025589,0.9867687225341797,0.02202298492193222,0.9103009700775146,0.052603382617235184,1.047806978225708,0.03613694757223129
0,control,166,smooth_ap,0.9841488599777222,0.9080966114997864,0.009151697158813477,0.9284153580665588,0.1649341583251953,1.1915013790130615,0.16402482986450195,0.9268975257873535,0.12430276721715927,1.12950599193573,0.10428616404533386,0.9330145716667175,0.15665042400360107,1.25852370262146,0.15507423877716064
0,control,167,smooth_ap,0.8482227325439453,0.8807530403137207,0.017125427722930908,0.9132512807846069,0.09289120882749557,1.078476905822754,0.07054124772548676,0.9144729375839233,0.05476672574877739,1.0662426948547363,0.030070342123508453,0.9213007092475891,0.10043798387050629,1.1369980573654175,0.08468109369277954
0,control,168,smooth_ap,0.7865740656852722,0.8875828385353088,0.0076830387115478516,0.9075382947921753,0.06347516179084778,1.0271614789962769,0.046120528131723404,0.9066208600997925,0.042202919721603394,1.0130324363708496,0.02069447934627533,0.9129778742790222,0.06324414163827896,1.0675973892211914,0.047268096357584
0,control,169,smooth_ap,0.8131870627403259,0.885737955570221,0.012983560562133789,0.9034713506698608,0.07637912034988403,1.0793060064315796,0.05744417756795883,0.9037613272666931,0.04559575393795967,1.03016197681427,0.028898874297738075,0.900879979133606,0.07898875325918198,1.0818408727645874,0.06129540503025055
0,control,170,smooth_ap,0.7777066230773926,0.8777643442153931,0.0010775327682495117,0.8948880434036255,0.07538559287786484,0.9954585433006287,0.05301475524902344,0.8994557857513428,0.03230775520205498,0.9982128143310547,0.01405620202422142,0.8974403738975525,0.08357149362564087,1.0278549194335938,0.06597939133644104
0,control,171,smooth_ap,0.7890424728393555,0.8795089721679688,0.01171332597732544,0.8991260528564453,0.05581335350871086,1.0665991306304932,0.039237987250089645,0.896863579750061,0.036940813064575195,1.0197668075561523,0.016666093841195107,0.9037345051765442,0.06577485799789429,1.1111552715301514,0.04962584376335144
0,control,172,smooth_ap,0.8203160762786865,0.8734053373336792,0.013511478900909424,0.8988341093063354,0.0973745658993721,1.017441987991333,0.08637401461601257,0.8971537351608276,0.06128835678100586,1.016211986541748,0.03814742714166641,0.8969303965568542,0.08142079412937164,1.0374603271484375,0.067863829433918
0,control,173,smooth_ap,0.7336207628250122,0.8701152801513672,0.0013380050659179688,0.8902642130851746,0.04909224808216095,0.9689934253692627,0.024984270334243774,0.8932763338088989,0.029836265370249748,0.9978152513504028,0.014929183758795261,0.8916506171226501,0.03839772567152977,1.0140560865402222,0.01642400585114956
0,control,174,smooth_ap,0.8623806834220886,0.918065071105957,0.015405774116516113,0.9350378513336182,0.10108841955661774,1.0807961225509644,0.0890025943517685,0.9273205995559692,0.06793197989463806,1.0576533079147339,0.04590477794408798,0.9353688359260559,0.08543708920478821,1.0873253345489502,0.07263575494289398
0,control,175,smooth_ap,0.7344727516174316,0.8692571520805359,0.005083978176116943,0.8851654529571533,0.05529419705271721,0.9695092439651489,0.034064728766679764,0.8842253684997559,0.027386657893657684,0.9500723481178284,0.006398096680641174,0.8873170614242554,0.04568357393145561,0.9910855293273926,0.023678801953792572
0,control,176,smooth_ap,0.9826464056968689,0.8835828304290771,0.030434727668762207,0.9137756824493408,0.16663572192192078,1.0763721466064453,0.1367512345314026,0.9151732921600342,0.15584929287433624,1.073594093322754,0.11626000702381134,0.9155536890029907,0.1847919523715973,1.1220512390136719,0.15946879982948303
0,control,177,smooth_ap,0.7274196147918701,0.8711793422698975,0.0012479424476623535,0.8866012692451477,0.046607181429862976,0.9611301422119141,0.02378985658288002,0.8861410617828369,0.03345971927046776,0.9723948240280151,0.01521490328013897,0.8838781714439392,0.04184900224208832,0.9560120701789856,0.023867476731538773
0,control,178,smooth_ap,0.8818398714065552,0.8810503482818604,0.008202850818634033,0.8961837887763977,0.1353030502796173,1.028335690498352,0.12059647589921951,0.8964810371398926,0.11007381975650787,1.0122995376586914,0.08433759212493896,0.8972548842430115,0.12834447622299194,1.0606547594070435,0.10443881154060364
0,control,179,smooth_ap,0.7544611692428589,0.8590231537818909,0.0012203454971313477,0.8791396617889404,0.07659776508808136,0.9742701053619385,0.052645280957221985,0.8812161087989807,0.03128613531589508,0.9725387692451477,0.009314235299825668,0.8815579414367676,0.07032039761543274,1.0127027034759521,0.04663454741239548
0,control,180,smooth_ap,0.7517616152763367,0.8689643740653992,6.008148193359375e-05,0.8904229998588562,0.05730797350406647,0.9965448975563049,0.026943203061819077,0.8851915001869202,0.0465393103659153,0.965247392654419,0.039479099214076996,0.8917046189308167,0.05788363143801689,1.0103557109832764,0.02986624278128147
0,control,181,smooth_ap,0.8044777512550354,0.880845844745636,0.008840024471282959,0.8976718783378601,0.08390459418296814,1.0173815488815308,0.06105545908212662,0.8989956378936768,0.04876600205898285,1.0319215059280396,0.02639451064169407,0.8969442844390869,0.08560316264629364,1.0488016605377197,0.0654090866446495
0,control,182,smooth_ap,0.8149235844612122,0.8801743984222412,0.002044677734375,0.8925712704658508,0.10399241000413895,0.9676459431648254,0.0869055986404419,0.8931868672370911,0.08272883296012878,0.9777771234512329,0.06203817203640938,0.8916101455688477,0.09080154448747635,0.9892750978469849,0.07418563961982727
0,control,183,smooth_ap,0.9021234512329102,0.8937843441963196,0.014972686767578125,0.9121381044387817,0.1427454948425293,1.0407843589782715,0.12264109402894974,0.9040040969848633,0.10073767602443695,0.9981793761253357,0.0685611367225647,0.911709725856781,0.14633402228355408,1.068099856376648,0.128827303647995
0,control,184,smooth_ap,0.7959558367729187,0.8753687143325806,0.00015854835510253906,0.8946131467819214,0.08200128376483917,0.9982413053512573,0.05537200719118118,0.8931437134742737,0.06718447059392929,0.9969191551208496,0.04151252657175064,0.8942456841468811,0.09021323919296265,1.0346242189407349,0.0676078051328659
0,control,185,smooth_ap,0.8308123350143433,0.8681381344795227,0.00893855094909668,0.8933660984039307,0.09846176207065582,1.0108453035354614,0.08637143671512604,0.8865684270858765,0.0844622254371643,0.95697021484375,0.06913106143474579,0.8944215774536133,0.10311715304851532,1.0143846273422241,0.09229464083909988
0,control,186,smooth_ap,0.7702196836471558,0.8782072067260742,0.014588117599487305,0.9050402045249939,0.04844190925359726,1.0156763792037964,0.02456732839345932,0.9040122032165527,0.03439626842737198,0.9985805749893188,0.010757996700704098,0.90644770860672,0.061212003231048584,1.050176739692688,0.038298916071653366
0,control,187,smooth_ap,0.7978070378303528,0.869573175907135,0.0028551816940307617,0.8958213329315186,0.08517318218946457,1.030959129333496,0.0686439722776413,0.8987374901771545,0.05741903930902481,1.0098602771759033,0.028719980269670486,0.8996734619140625,0.07474492490291595,1.0959572792053223,0.05186343193054199
0,control,188,smooth_ap,0.7237886190414429,0.8825199604034424,0.002995014190673828,0.9006917476654053,0.031786371022462845,0.9930651187896729,0.013430599123239517,0.8976054787635803,0.020421305671334267,0.9719681739807129,0.00801648385822773,0.9020382165908813,0.02639250084757805,0.9985427856445312,0.012636600062251091
0,control,189,smooth_ap,0.7731654644012451,0.8856436014175415,0.005532979965209961,0.9031015634536743,0.064933180809021,0.9840211272239685,0.04537004232406616,0.9075764417648315,0.05740369111299515,1.0128217935562134,0.03654160723090172,0.9015325903892517,0.0511682890355587,0.9971245527267456,0.02740994095802307
0,control,190,smooth_ap,0.7641757130622864,0.852766752243042,0.004042565822601318,0.8683587312698364,0.07999527454376221,0.9473755359649658,0.06280265003442764,0.8667159080505371,0.05296535789966583,0.9386219382286072,0.0252998024225235,0.870097815990448,0.08408364653587341,0.9682615399360657,0.0628085657954216
0,control,191,smooth_ap,0.734218955039978,0.8898675441741943,0.00429302453994751,0.9058153033256531,0.02933613583445549,1.0075197219848633,0.011305061168968678,0.9065989255905151,0.01906932145357132,1.0253323316574097,0.00438264012336731,0.9063930511474609,0.02784670703113079,1.0281789302825928,0.011283475905656815
0,control,192,smooth_ap,0.7478993535041809,0.8714067339897156,0.0019248723983764648,0.8959829807281494,0.05226343497633934,1.0219898223876953,0.03851533681154251,0.8894644975662231,0.028999174013733864,0.9885486364364624,0.013382392935454845,0.8926517963409424,0.04668117314577103,1.017837643623352,0.03049120120704174
0,control,193,smooth_ap,0.8007766604423523,0.8760968446731567,0.00467836856842041,0.8916841149330139,0.10058574378490448,0.9735888838768005,0.0768999457359314,0.8898661136627197,0.06063350662589073,0.9552260637283325,0.027666687965393066,0.8956153988838196,0.09974002838134766,0.9980616569519043,0.07475630193948746
0,control,194,smooth_ap,0.893679141998291,0.874566912651062,0.009570062160491943,0.9024394154548645,0.1530301570892334,1.0514483451843262,0.12595336139202118,0.8999850749969482,0.10442891716957092,0.9995290040969849,0.05965229496359825,0.9059367179870605,0.149004727602005,1.0909500122070312,0.1197037622332573
0,control,195,smooth_ap,0.7740392684936523,0.8592095375061035,0.0028259754180908203,0.8792321085929871,0.08364337682723999,1.008811593055725,0.07074529677629471,0.8781335949897766,0.040000371634960175,0.9928644895553589,0.017538242042064667,0.8814548254013062,0.06925874948501587,1.0365715026855469,0.05210134759545326
0,control,196,smooth_ap,0.7460784316062927,0.8634225130081177,0.00046247243881225586,0.8853814005851746,0.061320096254348755,0.9368110299110413,0.036038175225257874,0.8845986127853394,0.04165005683898926,0.9436632990837097,0.01719103753566742,0.8880259990692139,0.0747767984867096,0.9674330949783325,0.05276046320796013
0,control,197,smooth_ap,0.7350597977638245,0.8680199980735779,0.007899761199951172,0.8934192657470703,0.04813947528600693,0.9651089906692505,0.04152821749448776,0.8907405734062195,0.018605239689350128,0.9435163140296936,0.005112592130899429,0.8900598287582397,0.043093807995319366,0.9649763107299805,0.03486701846122742
0,control,198,smooth_ap,0.9275811314582825,0.872715413570404,0.011742472648620605,0.8935524821281433,0.17124280333518982,1.0351409912109375,0.1626865565776825,0.8895807266235352,0.12080022692680359,0.9976470470428467,0.08487451076507568,0.8926610350608826,0.17139005661010742,1.0540728569030762,0.15875965356826782
0,control,199,smooth_ap,0.8647029399871826,0.8828586339950562,0.004250586032867432,0.9143187403678894,0.11145743727684021,1.085996389389038,0.09444011002779007,0.9203920960426331,0.08528060466051102,1.0840415954589844,0.06543461978435516,0.918254554271698,0.1047120988368988,1.10888671875,0.08699614554643631
0,control,200,smooth_ap,0.7640044093132019,0.8639848828315735,0.0015086531639099121,0.889417290687561,0.06237328425049782,0.9944403171539307,0.036251600831747055,0.8887791633605957,0.05200511962175369,0.9860434532165527,0.027949806302785873,0.8894515633583069,0.07321174442768097,1.006425380706787,0.0493539422750473
0,control,201,smooth_ap,0.733853816986084,0.8636151552200317,0.004142165184020996,0.8804939389228821,0.03985333442687988,0.9668570160865784,0.023345960304141045,0.8821046352386475,0.03304238244891167,0.9702896475791931,0.018136346712708473,0.8865516781806946,0.04957165569067001,0.9988905191421509,0.029552605003118515
0,control,202,smooth_ap,0.7452266812324524,0.8681606650352478,0.0009254217147827148,0.8908066749572754,0.05761227384209633,0.9659262895584106,0.03547675907611847,0.8916322588920593,0.046155110001564026,0.9729931354522705,0.0277605801820755,0.8919471502304077,0.053109463304281235,0.9872809648513794,0.02206815779209137
0,control,203,smooth_ap,0.7208043932914734,0.8686830997467041,0.004107475280761719,0.8845430016517639,0.03615773469209671,0.9514657258987427,0.017590396106243134,0.8875458240509033,0.03346622735261917,0.9512860178947449,0.014010494574904442,0.8873075842857361,0.03711666911840439,0.9585236310958862,0.019539110362529755
0,control,204,smooth_ap,0.796143651008606,0.8665359020233154,0.004826843738555908,0.8865606784820557,0.08827800303697586,0.9557803273200989,0.06588886678218842,0.8862806558609009,0.06472381949424744,0.9532864093780518,0.0437498614192009,0.8868990540504456,0.10236327350139618,0.9819366931915283,0.08347924798727036
0,control,205,smooth_ap,0.8549008965492249,0.887387752532959,0.0074918270111083984,0.9212335348129272,0.11692501604557037,1.031014084815979,0.09367845207452774,0.9119334816932678,0.08117032051086426,1.0003968477249146,0.048570211976766586,0.9246151447296143,0.11566423624753952,1.077343225479126,0.09072792530059814
0,control,206,smooth_ap,0.7950024008750916,0.8637938499450684,0.008334696292877197,0.8870363235473633,0.08558803796768188,0.9529871940612793,0.0713951587677002,0.8882133364677429,0.07604482769966125,0.9624589681625366,0.05979800224304199,0.8883118033409119,0.07701113820075989,0.9741184115409851,0.06199762225151062
0,control,207,smooth_ap,0.7749543786048889,0.8641624450683594,0.004657745361328125,0.882831335067749,0.07468216866254807,0.9834775924682617,0.048845212906599045,0.8872959613800049,0.05868856608867645,0.9944469928741455,0.03563534468412399,0.8854776620864868,0.07109308242797852,1.0188724994659424,0.04394565895199776
0,control,208,smooth_ap,0.8295612335205078,0.8969066739082336,0.008221268653869629,0.9139132499694824,0.08110944926738739,0.9988909959793091,0.06912429630756378,0.9169212579727173,0.06913234293460846,0.9983158707618713,0.053167298436164856,0.9158470630645752,0.09876102954149246,1.0250102281570435,0.0941924899816513
0,control,209,smooth_ap,0.7934859991073608,0.871386706829071,0.001618504524230957,0.892545223236084,0.07944414019584656,1.0282690525054932,0.06571492552757263,0.891732394695282,0.056678224354982376,1.0121119022369385,0.03265896439552307,0.8932929039001465,0.07582183182239532,1.0525819063186646,0.06225407496094704
0,control,210,smooth_ap,0.8107225298881531,0.867322564125061,0.0012398362159729004,0.8906381130218506,0.10837999731302261,0.9973843097686768,0.08213667571544647,0.8915615081787109,0.06509393453598022,1.0052844285964966,0.035794466733932495,0.8897637128829956,0.1042172759771347,1.0164610147476196,0.07795485854148865
0,control,211,smooth_ap,0.7703550457954407,0.8768398761749268,0.005596816539764404,0.8991339206695557,0.05836227908730507,0.984573245048523,0.04364703223109245,0.9059532880783081,0.053167518228292465,0.9889997839927673,0.04127489775419235,0.9025318026542664,0.05610879510641098,1.0011916160583496,0.03550444543361664
0,control,212,smooth_ap,0.735328733921051,0.8830494284629822,0.0007336139678955078,0.9050697088241577,0.03565080463886261,1.0103782415390015,0.01657140627503395,0.9041282534599304,0.018293138593435287,0.9952302575111389,0.004667500965297222,0.9080929756164551,0.03848174214363098,1.0353049039840698,0.022264789789915085
0,control,213,smooth_ap,0.8766167759895325,0.8802320957183838,0.0026314258575439453,0.9157105684280396,0.1383299082517624,1.0643889904022217,0.12133587896823883,0.912819504737854,0.07800794392824173,1.0422086715698242,0.04200832545757294,0.9120872020721436,0.1365082859992981,1.090796947479248,0.12018151581287384
0,control,214,smooth_ap,0.7621873617172241,0.8698442578315735,0.0015376806259155273,0.8880120515823364,0.06638367474079132,0.9487847089767456,0.04655119776725769,0.8864176869392395,0.06480041891336441,0.9325686097145081,0.04826383292675018,0.8879108428955078,0.06451542675495148,0.970708429813385,0.044105641543865204
0,control,215,smooth_ap,0.6711069941520691,0.8482286930084229,0.003444850444793701,0.8680166006088257,0.009401064366102219,0.9320745468139648,0.006973111070692539,0.8668317794799805,0.0027091531082987785,0.9118114709854126,0.00023209303617477417,0.8698760271072388,0.006360584869980812,0.938549816608429,0.0010238764807581902
0,control,216,smooth_ap,0.8224524855613708,0.8715057373046875,0.009023785591125488,0.8890160918235779,0.10794674605131149,0.9679044485092163,0.08535555005073547,0.8890477418899536,0.07227927446365356,0.9542641043663025,0.03287595137953758,0.889747142791748,0.12203461676836014,0.9890793561935425,0.10203083604574203
0,control,217,smooth_ap,0.8500033020973206,0.8859953880310059,0.008225321769714355,0.9044351577758789,0.11253174394369125,1.0116426944732666,0.08506091684103012,0.9111382365226746,0.10272462666034698,1.0361489057540894,0.06762757897377014,0.9065646529197693,0.10396204888820648,1.0231728553771973,0.07817520201206207
0,control,218,smooth_ap,0.7719210386276245,0.8648297190666199,0.003439664840698242,0.8868547677993774,0.07560978829860687,0.9665775895118713,0.04898303002119064,0.8834715485572815,0.05785654857754707,0.9576337933540344,0.028592947870492935,0.8890461325645447,0.08087223768234253,0.9968883991241455,0.057023655623197556
0,control,219,smooth_ap,0.8373160362243652,0.866750955581665,0.009274601936340332,0.888083279132843,0.10703672468662262,0.9900469779968262,0.09794944524765015,0.888005793094635,0.07316434383392334,0.9734362363815308,0.052717093378305435,0.8952012062072754,0.11880313605070114,1.0228768587112427,0.10986073315143585
0,control,220,smooth_ap,0.763881504535675,0.8835383653640747,0.014177918434143066,0.8985969424247742,0.05850072205066681,0.9679258465766907,0.03871983289718628,0.8974589109420776,0.045667149126529694,0.9441103935241699,0.021577958017587662,0.8975407481193542,0.0581207275390625,0.9619022607803345,0.036844730377197266
0,control,221,smooth_ap,0.7949321269989014,0.8635233640670776,0.0009778738021850586,0.8829656839370728,0.09999310970306396,0.967629075050354,0.07982353866100311,0.8833220601081848,0.07106368243694305,0.9593939781188965,0.04486849904060364,0.8809237480163574,0.09629036486148834,0.9747018814086914,0.07060910761356354
0,control,222,smooth_ap,0.8334851861000061,0.8663327693939209,0.011017441749572754,0.8891885280609131,0.12502074241638184,0.9935133457183838,0.09982870519161224,0.8894725441932678,0.0753466784954071,0.9733274579048157,0.03748775273561478,0.8920687437057495,0.11573829501867294,1.0151028633117676,0.08589117228984833
0,control,223,smooth_ap,0.8112589120864868,0.8742497563362122,0.0010919570922851562,0.8981010913848877,0.10298312455415726,0.9867832064628601,0.06391087174415588,0.8966382741928101,0.0850771814584732,0.9809277653694153,0.048246048390865326,0.8991319537162781,0.10523176938295364,1.0169527530670166,0.06812421977519989
0,control,224,smooth_ap,0.8018987774848938,0.868180513381958,0.02471029758453369,0.8847304582595825,0.07340511679649353,0.9756163358688354,0.06342066079378128,0.8857055306434631,0.05181298404932022,0.9740734100341797,0.03333844617009163,0.8867765665054321,0.07652738690376282,1.0134093761444092,0.06863141059875488
0,control,225,smooth_ap,0.7691664695739746,0.8643924593925476,0.009969830513000488,0.8863227367401123,0.06837072968482971,0.9492942094802856,0.05087929964065552,0.8891810774803162,0.0564042367041111,0.9555323719978333,0.033076927065849304,0.8903284668922424,0.06680190563201904,0.968977153301239,0.05031575262546539
0,control,226,smooth_ap,0.8522897958755493,0.8703115582466125,0.0022008419036865234,0.8929429650306702,0.12464085966348648,1.0126162767410278,0.10490904003381729,0.8959747552871704,0.08094140887260437,1.0095055103302002,0.058391787111759186,0.8969396352767944,0.12925191223621368,1.0467426776885986,0.11366867274045944
0,control,227,smooth_ap,0.7581577897071838,0.8652565479278564,0.0023540854454040527,0.88463294506073,0.06523581594228745,0.9528558254241943,0.04112047702074051,0.8890306949615479,0.05370347574353218,0.9578781127929688,0.031436603516340256,0.8856301307678223,0.07073678076267242,0.9715868234634399,0.04852032661437988
0,control,228,smooth_ap,0.740184485912323,0.8831830620765686,0.006135165691375732,0.909661591053009,0.03437042608857155,0.9862048625946045,0.013308259658515453,0.9053845405578613,0.04009554907679558,0.9751739501953125,0.02106744796037674,0.9040420055389404,0.03946399688720703,0.98604816198349,0.01586996018886566
0,control,229,smooth_ap,0.7220287322998047,0.8590013980865479,0.00028586387634277344,0.8815317153930664,0.04592388495802879,0.9687153100967407,0.033065591007471085,0.8808082342147827,0.029943563044071198,0.942742109298706,0.016301538795232773,0.8790557980537415,0.03973179683089256,0.9646956920623779,0.02382081374526024
0,control,230,smooth_ap,0.7200382351875305,0.8626036643981934,0.000861048698425293,0.8843660354614258,0.050339117646217346,0.9638436436653137,0.029987882822752,0.8811640739440918,0.02062717266380787,0.9524347186088562,0.003231664188206196,0.8858603239059448,0.038477130234241486,0.9923336505889893,0.01810785010457039
0,control,231,smooth_ap,0.7231343984603882,0.8564115762710571,0.010590791702270508,0.8733523488044739,0.041906848549842834,0.965634822845459,0.03158579394221306,0.8745883703231812,0.02160552702844143,0.948370099067688,0.007645607925951481,0.875828742980957,0.031714972108602524,0.9802870750427246,0.019950376823544502
0,control,232,smooth_ap,0.7024850845336914,0.8561878800392151,0.0037080049514770508,0.8773333430290222,0.0388784259557724,0.9406746625900269,0.021566299721598625,0.8764975070953369,0.01695731282234192,0.9181777834892273,0.002013273537158966,0.8782467246055603,0.0351642407476902,0.9381101131439209,0.014660827815532684
0,control,233,smooth_ap,0.8229854106903076,0.8764101266860962,0.010293841361999512,0.9096636772155762,0.08455394208431244,1.0181673765182495,0.06769642978906631,0.905956506729126,0.07354646921157837,0.9993667602539062,0.059980619698762894,0.906528651714325,0.08962976187467575,1.0398333072662354,0.07244343310594559
0,control,234,smooth_ap,0.7440020442008972,0.8597838282585144,0.0025042295455932617,0.8817821145057678,0.06366485357284546,0.9589083194732666,0.041887663304805756,0.8822989463806152,0.028515169396996498,0.9589768648147583,0.012615683488547802,0.8864637613296509,0.06621906161308289,0.9792321920394897,0.04408423602581024
0,control,235,smooth_ap,0.7478572130203247,0.8651749491691589,0.0002205371856689453,0.8898192048072815,0.05621173605322838,0.9716776609420776,0.041305772960186005,0.8910960555076599,0.0182955302298069,0.963970422744751,0.002939612604677677,0.8932907581329346,0.06847609579563141,1.0250657796859741,0.05983632802963257
0,control,236,smooth_ap,0.7610466480255127,0.8640676140785217,0.0060577392578125,0.8878889083862305,0.06208838149905205,0.9772092700004578,0.04411246255040169,0.8888569474220276,0.03556976467370987,0.9633580446243286,0.01820819452404976,0.8913965225219727,0.0733051598072052,0.9943667054176331,0.054911814630031586
0,control,237,smooth_ap,0.7616307735443115,0.8785260915756226,0.0023221373558044434,0.8938251733779907,0.05202868580818176,1.0100696086883545,0.03403732180595398,0.8941845893859863,0.04671819508075714,1.013884425163269,0.01961105316877365,0.8915057182312012,0.05994682013988495,1.023976445198059,0.03721774369478226
0,control,238,smooth_ap,0.7123638987541199,0.862438440322876,0.001300513744354248,0.8850867748260498,0.03845496103167534,0.965063214302063,0.02350712940096855,0.8817088603973389,0.017431125044822693,0.9364099502563477,0.006450917571783066,0.8874085545539856,0.03271952643990517,0.9753961563110352,0.019560210406780243
0,control,239,smooth_ap,0.6898511052131653,0.8570658564567566,0.001322031021118164,0.8784851431846619,0.020330943167209625,0.9405659437179565,0.008423012681305408,0.8807276487350464,0.005402172915637493,0.9480570554733276,0.0005100015550851822,0.8800737857818604,0.02215772494673729,0.9586535096168518,0.011372160166501999
0,control,240,smooth_ap,0.803264319896698,0.8691322207450867,0.002268493175506592,0.8864220380783081,0.086298368871212,0.9667984247207642,0.07709065824747086,0.8944070935249329,0.07579932361841202,0.9669870138168335,0.05500764027237892,0.8922921419143677,0.08965469151735306,1.0008326768875122,0.08175376057624817
0,control,241,smooth_ap,0.8054095506668091,0.863025963306427,0.0009839534759521484,0.8902888894081116,0.11030755192041397,0.9940706491470337,0.08823424577713013,0.8876286745071411,0.06050325185060501,0.9657490253448486,0.03448011353611946,0.8892545104026794,0.10066045075654984,1.0160009860992432,0.07949309796094894
0,control,242,smooth_ap,0.7751126289367676,0.8632381558418274,0.000934600830078125,0.8865991234779358,0.0888802632689476,0.9466509819030762,0.0657513216137886,0.8827961683273315,0.05709538608789444,0.9221572875976562,0.025288894772529602,0.8850371837615967,0.09550315886735916,0.9610846042633057,0.07284637540578842
0,control,243,smooth_ap,0.7469511032104492,0.8625929355621338,0.002155601978302002,0.8811099529266357,0.06766767799854279,0.9428314566612244,0.04092707484960556,0.8834665417671204,0.049203842878341675,0.9573525190353394,0.026162326335906982,0.8847808837890625,0.05952946096658707,0.9745205640792847,0.03174474462866783
0,control,244,smooth_ap,0.8493791222572327,0.8818042874336243,0.007714748382568359,0.9121881723403931,0.09830467402935028,1.0112738609313965,0.08679063618183136,0.9140638709068298,0.08646336197853088,1.0088839530944824,0.06961725652217865,0.9170171022415161,0.10655292868614197,1.0520098209381104,0.09864538908004761
0,control,245,smooth_ap,0.7692646980285645,0.8618110418319702,0.0003440976142883301,0.8860885500907898,0.07314345985651016,0.9705547094345093,0.04777497053146362,0.8885676860809326,0.06625646352767944,0.9749051332473755,0.04678567871451378,0.8843296766281128,0.07089217007160187,0.9738335609436035,0.04959196597337723
0,control,246,smooth_ap,0.7833389639854431,0.8714470267295837,0.004054069519042969,0.8950134515762329,0.07532838732004166,0.9633508324623108,0.05986500531435013,0.8999119400978088,0.0634704977273941,0.9759994745254517,0.04218345880508423,0.8995380997657776,0.07432055473327637,0.9978234767913818,0.05331201106309891
0,control,247,smooth_ap,0.776619553565979,0.869173526763916,0.011114239692687988,0.9020565748214722,0.06396086513996124,0.9710435271263123,0.04756685346364975,0.8994140028953552,0.06335729360580444,0.9629566669464111,0.04256623610854149,0.901567816734314,0.05925277993083,0.9895177483558655,0.04062459617853165
0,control,248,smooth_ap,0.7857708930969238,0.860308051109314,0.006708323955535889,0.8767405152320862,0.08900754898786545,0.9531392455101013,0.0561228021979332,0.8767417073249817,0.08188482373952866,0.9353284239768982,0.05356601998209953,0.8790544271469116,0.08675771951675415,0.9772802591323853,0.05584196746349335
0,control,249,smooth_ap,0.7700939178466797,0.8668532371520996,0.0007153749465942383,0.8933853507041931,0.06984841823577881,1.0127031803131104,0.050751253962516785,0.888237476348877,0.04378097504377365,0.9699878692626953,0.018792979419231415,0.8959450721740723,0.07527019828557968,1.0252214670181274,0.05705684795975685
0,control,250,smooth_ap,0.7075966000556946,0.8672878742218018,0.0007426738739013672,0.8863550424575806,0.03233623877167702,0.9521180987358093,0.026802711188793182,0.8851263523101807,0.013815446756780148,0.9292314648628235,0.007494115270674229,0.8878368139266968,0.02753588557243347,0.9570403695106506,0.019574200734496117
0,control,251,smooth_ap,0.8273075819015503,0.8654594421386719,0.018301665782928467,0.8905236124992371,0.09425249695777893,0.9941693544387817,0.0723380297422409,0.8878002166748047,0.06732605397701263,0.9824684858322144,0.0396641306579113,0.8925569653511047,0.11112653464078903,1.024792194366455,0.09508678317070007
0,control,252,smooth_ap,0.767709493637085,0.8661651611328125,0.005666911602020264,0.8872254490852356,0.05909471958875656,0.9797438383102417,0.04595804587006569,0.8877277970314026,0.04716397821903229,0.9714021682739258,0.030056187883019447,0.8900800943374634,0.06966288387775421,1.0093284845352173,0.05490005016326904
0,control,253,smooth_ap,0.7640040516853333,0.8633893728256226,0.0046697258949279785,0.8874292969703674,0.06493820995092392,0.9806060791015625,0.036625467240810394,0.8895622491836548,0.05864935368299484,0.974030613899231,0.03046507015824318,0.889380156993866,0.07189397513866425,0.9963586926460266,0.038920167833566666
0,control,254,smooth_ap,0.7194135785102844,0.8622273802757263,0.007160305976867676,0.8862302899360657,0.03246155381202698,0.9508710503578186,0.024392951279878616,0.8889107704162598,0.033306073397397995,0.9425820112228394,0.016929954290390015,0.8906084299087524,0.028073595836758614,0.9534621238708496,0.014066829346120358
0,control,255,smooth_ap,0.8094661831855774,0.8569369912147522,0.00589144229888916,0.8769827485084534,0.10917876660823822,0.9390593767166138,0.07998281717300415,0.8768772482872009,0.07671311497688293,0.915996789932251,0.04652846232056618,0.8804963231086731,0.12669086456298828,0.9651212692260742,0.10008998215198517
0,control,256,smooth_ap,0.7699532508850098,0.8532065749168396,0.0038520097732543945,0.8744454383850098,0.0910588800907135,0.9408823847770691,0.06077258661389351,0.8743138313293457,0.06021516025066376,0.9465320110321045,0.03756970912218094,0.875348687171936,0.08511634916067123,0.9483098387718201,0.05652160942554474
0,control,257,smooth_ap,0.7193354368209839,0.8513891696929932,0.00048035383224487305,0.8691245913505554,0.05662764236330986,0.9296640157699585,0.04284520447254181,0.8675326108932495,0.03655312955379486,0.9098336100578308,0.020432088524103165,0.8692877292633057,0.042393624782562256,0.9405558705329895,0.029846657067537308
0,control,258,smooth_ap,0.821012020111084,0.8657286167144775,0.009952902793884277,0.8899877667427063,0.10397785902023315,0.9471195340156555,0.07442471385002136,0.8905930519104004,0.09527595341205597,0.9473059177398682,0.06960953027009964,0.8916521072387695,0.10922685265541077,0.9715138077735901,0.07993574440479279
0,control,259,smooth_ap,0.704940140247345,0.8659688830375671,0.0029685497283935547,0.8832873106002808,0.03136488422751427,0.9399155974388123,0.017377816140651703,0.8849976658821106,0.020552992820739746,0.9481233358383179,0.005071830004453659,0.8841496706008911,0.02842741832137108,0.9486528038978577,0.009413898922502995
0,control,260,smooth_ap,0.8154654502868652,0.8635669946670532,0.008840560913085938,0.8837984204292297,0.09768932312726974,0.9655939936637878,0.08424169570207596,0.8827216029167175,0.07643482089042664,0.9614623785018921,0.04845987632870674,0.8850662112236023,0.10767537355422974,0.9867057800292969,0.0933152437210083
0,cross_scene,1,hard_triplet,4.122129917144775,4.677450656890869,0.23474478721618652,4.611313343048096,0.26247698068618774,4.632145881652832,0.3433980941772461,4.648823261260986,0.2120615839958191,4.624342441558838,0.2503291964530945,4.6324687004089355,0.23854997754096985,4.64669942855835,0.30001014471054077
0,cross_scene,2,hard_triplet,4.054659843444824,4.631341457366943,0.20773127675056458,4.641904354095459,0.22901123762130737,4.641806602478027,0.32052841782569885,4.657327175140381,0.1895318180322647,4.627460479736328,0.23643279075622559,4.628036975860596,0.21385881304740906,4.647618770599365,0.2856244444847107
0,cross_scene,3,hard_triplet,4.04621696472168,4.623538017272949,0.20717056095600128,4.638780117034912,0.23464030027389526,4.634659290313721,0.3322291374206543,4.631681442260742,0.18315260112285614,4.645092964172363,0.21558618545532227,4.6377854347229,0.21350926160812378,4.631466865539551,0.2803746461868286
0,cross_scene,4,hard_triplet,3.8745038509368896,4.629133701324463,0.1331753432750702,4.638449192047119,0.17457914352416992,4.6368021965026855,0.2992263436317444,4.620762825012207,0.10771003365516663,4.646909713745117,0.14584112167358398,4.645270347595215,0.1331213414669037,4.634268760681152,0.20154698193073273
0,cross_scene,5,hard_triplet,4.089657783508301,4.564784049987793,0.23494106531143188,4.591236591339111,0.24595887959003448,4.623724460601807,0.33063796162605286,4.604377269744873,0.22327940165996552,4.639986991882324,0.25771364569664,4.61679220199585,0.2477795034646988,4.623008728027344,0.31567081809043884
0,cross_scene,6,hard_triplet,3.904766082763672,4.675745010375977,0.13803455233573914,4.643080711364746,0.17289023101329803,4.643774509429932,0.3060094714164734,4.626040935516357,0.1015234887599945,4.647684097290039,0.13743188977241516,4.650302410125732,0.15313947200775146,4.623236656188965,0.24214741587638855
0,cross_scene,7,hard_triplet,4.106378555297852,4.683111667633057,0.22962139546871185,4.626443386077881,0.2428487092256546,4.630919933319092,0.3237791061401367,4.615400314331055,0.21474188566207886,4.63692569732666,0.23859721422195435,4.631291389465332,0.24167664349079132,4.6323561668396,0.30449265241622925
0,cross_scene,8,hard_triplet,3.9791808128356934,4.664587020874023,0.17510318756103516,4.610523223876953,0.19893527030944824,4.634823322296143,0.309780478477478,4.651130199432373,0.15084008872509003,4.628854274749756,0.1753349006175995,4.6449151039123535,0.1888018548488617,4.628680229187012,0.26172253489494324
0,cross_scene,9,hard_triplet,4.13832426071167,4.6649274826049805,0.24673019349575043,4.633881568908691,0.25474920868873596,4.6294379234313965,0.3217998743057251,4.6346635818481445,0.2312992364168167,4.631655693054199,0.24450941383838654,4.637636184692383,0.2642275094985962,4.633739471435547,0.3178577125072479
0,cross_scene,10,hard_triplet,3.8961384296417236,4.548782825469971,0.15773701667785645,4.587904930114746,0.1863037347793579,4.632620811462402,0.30741792917251587,4.596478462219238,0.1253558099269867,4.625020980834961,0.13911962509155273,4.592731952667236,0.17818231880664825,4.624298572540283,0.2487584352493286
0,cross_scene,11,hard_triplet,3.9799702167510986,4.617799282073975,0.1802225112915039,4.667810440063477,0.20753562450408936,4.6305928230285645,0.3122711777687073,4.634407043457031,0.1491619497537613,4.638983726501465,0.1623038500547409,4.636047840118408,0.20059695839881897,4.636507511138916,0.26787179708480835
0,cross_scene,12,hard_triplet,3.84146785736084,4.6063618659973145,0.12526759505271912,4.627127170562744,0.16212482750415802,4.635758876800537,0.298653244972229,4.602015018463135,0.09019184112548828,4.619276523590088,0.09256583452224731,4.595763683319092,0.14682263135910034,4.6271796226501465,0.23237285017967224
0,cross_scene,13,hard_triplet,3.976853609085083,4.548324108123779,0.19422420859336853,4.593042850494385,0.21132944524288177,4.6302666664123535,0.3107289671897888,4.578866958618164,0.1683485209941864,4.6280131340026855,0.17641817033290863,4.60080099105835,0.2163359671831131,4.61471700668335,0.2837960720062256
0,cross_scene,14,hard_triplet,3.6801881790161133,3.864457607269287,0.20479656755924225,4.156614303588867,0.22573363780975342,4.547384262084961,0.3111681342124939,4.103529453277588,0.18196210265159607,4.485226631164551,0.185866117477417,4.121206283569336,0.22217074036598206,4.49318265914917,0.274493932723999
0,cross_scene,15,hard_triplet,3.658973217010498,4.082093238830566,0.14589455723762512,4.348913192749023,0.18165042996406555,4.580121040344238,0.3046734929084778,4.267642021179199,0.10711240023374557,4.522983551025391,0.1033114641904831,4.262809753417969,0.1785184144973755,4.53333854675293,0.2563517093658447
0,cross_scene,16,hard_triplet,3.673961639404297,3.8710625171661377,0.19996941089630127,4.205264568328857,0.2263220250606537,4.541180610656738,0.3048495948314667,4.136115074157715,0.1763022541999817,4.484110355377197,0.17267751693725586,4.166263580322266,0.21559447050094604,4.484359264373779,0.2567291855812073
0,cross_scene,17,hard_triplet,3.5406763553619385,3.8703179359436035,0.14058974385261536,4.172341346740723,0.18038584291934967,4.5464701652526855,0.3014298975467682,4.104587554931641,0.11544652283191681,4.459798812866211,0.11551220715045929,4.127208709716797,0.1637636125087738,4.498666286468506,0.21713170409202576
0,cross_scene,18,hard_triplet,3.664208173751831,3.8605661392211914,0.19825243949890137,4.16139030456543,0.22764939069747925,4.548632621765137,0.30526572465896606,4.1049323081970215,0.17479991912841797,4.47374153137207,0.17087674140930176,4.111464023590088,0.22429358959197998,4.487592697143555,0.27111929655075073
0,cross_scene,19,hard_triplet,3.6880030632019043,3.866534948348999,0.21104112267494202,4.152327537536621,0.22796401381492615,4.546781063079834,0.30534473061561584,4.093056678771973,0.1901155561208725,4.460493087768555,0.19192123413085938,4.109257698059082,0.23258225619792938,4.469982624053955,0.28275179862976074
0,cross_scene,20,hard_triplet,3.3846447467803955,3.465423107147217,0.1573699414730072,3.9029409885406494,0.19124045968055725,4.487744331359863,0.2946566641330719,3.857229471206665,0.13413028419017792,4.393562316894531,0.1360606551170349,3.856156826019287,0.17616084218025208,4.4048357009887695,0.21060270071029663
0,cross_scene,21,hard_triplet,3.5425240993499756,3.664010763168335,0.19535985589027405,4.016388416290283,0.22691158950328827,4.519903659820557,0.3025401532649994,3.9280686378479004,0.167333722114563,4.410580158233643,0.15511800348758698,3.9463210105895996,0.21293124556541443,4.415807723999023,0.2474556714296341
0,cross_scene,22,hard_triplet,3.461000680923462,3.5704479217529297,0.17005325853824615,3.990053653717041,0.2010500729084015,4.521547317504883,0.3000313639640808,3.9226884841918945,0.1451207995414734,4.408897876739502,0.14362594485282898,3.9351918697357178,0.1826709508895874,4.417154312133789,0.2223319411277771
0,cross_scene,23,hard_triplet,3.343127727508545,3.4134583473205566,0.1527096927165985,3.8536555767059326,0.18562978506088257,4.488700866699219,0.291953444480896,3.8056793212890625,0.13809910416603088,4.353686809539795,0.13893991708755493,3.794929027557373,0.16622498631477356,4.381400108337402,0.20134858787059784
0,cross_scene,24,hard_triplet,3.1871330738067627,3.376804828643799,0.08730100840330124,3.8491837978363037,0.13498792052268982,4.482455253601074,0.2920472323894501,3.7667717933654785,0.05350625514984131,4.362553119659424,0.04805859178304672,3.7938292026519775,0.11398471146821976,4.383253574371338,0.16725683212280273
0,cross_scene,25,hard_triplet,3.2965288162231445,3.193176746368408,0.18239513039588928,3.7254104614257812,0.21335424482822418,4.474832534790039,0.30210915207862854,3.5890369415283203,0.15936876833438873,4.2811384201049805,0.15501877665519714,3.6205508708953857,0.19587044417858124,4.333006381988525,0.22964584827423096
0,cross_scene,26,hard_triplet,3.128443479537964,3.261756658554077,0.08928781747817993,3.7532851696014404,0.15437400341033936,4.46099328994751,0.2918979823589325,3.7218222618103027,0.060556165874004364,4.321161270141602,0.05325922742486,3.725770950317383,0.10463942587375641,4.355221271514893,0.11738713085651398
0,cross_scene,27,hard_triplet,2.9516985416412354,2.578032970428467,0.15508311986923218,3.3576133251190186,0.19130021333694458,4.368558406829834,0.2951420545578003,3.2177915573120117,0.13774675130844116,4.144635200500488,0.13713648915290833,3.236982583999634,0.1625281423330307,4.17782735824585,0.1834394931793213
0,cross_scene,28,hard_triplet,2.8834712505340576,2.459883451461792,0.15478931367397308,3.266660690307617,0.20387496054172516,4.3427886962890625,0.2927945852279663,3.129058361053467,0.12000690400600433,4.115937232971191,0.10093363374471664,3.168459892272949,0.16831080615520477,4.153020858764648,0.1769477128982544
0,cross_scene,29,hard_triplet,2.777162790298462,2.4656240940093994,0.10310762375593185,3.2568178176879883,0.17009755969047546,4.343142509460449,0.28867006301879883,3.1503777503967285,0.07871612906455994,4.125351428985596,0.0641372799873352,3.170001745223999,0.11117637157440186,4.156060695648193,0.11721476167440414
0,cross_scene,30,hard_triplet,3.0135626792907715,2.469548463821411,0.20872612297534943,3.242534875869751,0.2314608097076416,4.335712432861328,0.30186593532562256,3.1368112564086914,0.18330073356628418,4.083246231079102,0.17705439031124115,3.1719775199890137,0.2285570204257965,4.1439008712768555,0.2561638057231903
0,cross_scene,31,hard_triplet,2.858351945877075,2.339750051498413,0.16669124364852905,3.1456401348114014,0.19523178040981293,4.310401916503906,0.29383862018585205,3.0223915576934814,0.1377044916152954,4.072268962860107,0.13365760445594788,3.0518319606781006,0.193241685628891,4.124945640563965,0.23072481155395508
0,cross_scene,32,hard_triplet,2.7625489234924316,2.34314227104187,0.12599888443946838,3.130408525466919,0.18886129558086395,4.303636074066162,0.2883276343345642,3.007880210876465,0.09128709137439728,4.0734124183654785,0.07212523370981216,3.031287431716919,0.16162505745887756,4.097016334533691,0.18628466129302979
0,cross_scene,33,hard_triplet,2.6127448081970215,2.0917038917541504,0.11914539337158203,2.9484989643096924,0.1766068935394287,4.234956741333008,0.2820986211299896,2.8734683990478516,0.0975479781627655,4.000241756439209,0.08632595837116241,2.8543641567230225,0.12306159734725952,4.038569927215576,0.1336860954761505
0,cross_scene,34,hard_triplet,2.718602180480957,2.2828879356384277,0.12986814975738525,2.994101047515869,0.19213783740997314,4.267022132873535,0.2907077670097351,2.8878445625305176,0.09038602560758591,3.9639182090759277,0.08300849050283432,2.927783727645874,0.17284166812896729,4.056833744049072,0.21046492457389832
0,cross_scene,35,hard_triplet,2.6441264152526855,2.2727651596069336,0.11180980503559113,2.9473061561584473,0.1740320324897766,4.230454921722412,0.2826080322265625,2.80692982673645,0.08838264644145966,3.974599599838257,0.08367417007684708,2.8914270401000977,0.1250288039445877,4.0439252853393555,0.1378939151763916
0,cross_scene,36,hard_triplet,2.7632017135620117,2.2737178802490234,0.16579245030879974,2.9459404945373535,0.20034143328666687,4.20450496673584,0.2818256914615631,2.8589377403259277,0.15510576963424683,3.963087797164917,0.15082967281341553,2.8939058780670166,0.17789800465106964,4.01204776763916,0.19044312834739685
0,cross_scene,37,hard_triplet,2.796389579772949,2.266256093978882,0.17632216215133667,2.976090908050537,0.21505320072174072,4.248086452484131,0.2865481376647949,2.844102144241333,0.16234859824180603,3.9872798919677734,0.16154922544956207,2.8842225074768066,0.18790721893310547,4.051271438598633,0.20358827710151672
0,cross_scene,38,hard_triplet,2.738316774368286,2.2670679092407227,0.1554926484823227,2.95556902885437,0.20510774850845337,4.208893775939941,0.29612913727760315,2.806931734085083,0.13339416682720184,3.922563314437866,0.1265876293182373,2.881631851196289,0.17628124356269836,4.016697883605957,0.19596609473228455
0,cross_scene,39,hard_triplet,2.587380886077881,2.1996548175811768,0.1099727600812912,2.8937273025512695,0.1840236485004425,4.188705921173096,0.2759319245815277,2.773555040359497,0.08915884047746658,3.9441678524017334,0.07408253848552704,2.811117649078369,0.10863932967185974,3.991716146469116,0.11047898232936859
0,cross_scene,40,hard_triplet,2.29319167137146,1.5210204124450684,0.13330841064453125,2.3707666397094727,0.19565166532993317,4.025400638580322,0.2871246933937073,2.274000883102417,0.10682849586009979,3.7264974117279053,0.09527004510164261,2.273226499557495,0.14447128772735596,3.7514595985412598,0.1487160325050354
0,cross_scene,41,hard_triplet,2.2176809310913086,1.4641470909118652,0.13896924257278442,2.1900475025177,0.19215521216392517,3.893716812133789,0.27538353204727173,2.0716941356658936,0.10806598514318466,3.6373631954193115,0.09678597003221512,2.1098365783691406,0.15368685126304626,3.6726908683776855,0.1661715805530548
0,cross_scene,42,hard_triplet,2.420055389404297,1.475353479385376,0.20779938995838165,2.271165370941162,0.2373334765434265,3.9447689056396484,0.29647815227508545,2.167388916015625,0.1844087839126587,3.6620736122131348,0.1729620397090912,2.2323224544525146,0.22981035709381104,3.7346549034118652,0.24855263531208038
0,cross_scene,43,hard_triplet,1.8614236116409302,1.2655117511749268,0.04165734350681305,1.9646906852722168,0.1327979564666748,3.7770934104919434,0.2353922426700592,1.8593144416809082,0.017945531755685806,3.5171706676483154,0.010629980824887753,1.8951056003570557,0.04307229444384575,3.5918498039245605,0.038640283048152924
0,cross_scene,44,hard_triplet,1.825606107711792,1.0744125843048096,0.09217008948326111,1.7180488109588623,0.15813925862312317,3.6463916301727295,0.24335449934005737,1.611734390258789,0.07508248835802078,3.346977710723877,0.06302865594625473,1.6553876399993896,0.09472423791885376,3.4188995361328125,0.09252242743968964
0,cross_scene,45,hard_triplet,1.9548578262329102,1.2431622743606567,0.10542245209217072,1.8901907205581665,0.1779605597257614,3.684757709503174,0.2441820353269577,1.8171143531799316,0.05850665271282196,3.431453227996826,0.02970053255558014,1.866243600845337,0.12232593446969986,3.529214382171631,0.11557859182357788
0,cross_scene,46,hard_triplet,2.367426633834839,1.763843297958374,0.16050896048545837,2.2891652584075928,0.2076721489429474,3.807295322418213,0.26210910081863403,2.2121894359588623,0.1299862265586853,3.599433422088623,0.11428266763687134,2.2924752235412598,0.18404504656791687,3.716762065887451,0.19329197704792023
0,cross_scene,47,hard_triplet,2.173959970474243,1.276474952697754,0.1795429289340973,1.9902818202972412,0.2160416841506958,3.69755220413208,0.2674490511417389,1.875699758529663,0.14932125806808472,3.4615540504455566,0.1423942744731903,1.938544750213623,0.20530498027801514,3.5326714515686035,0.22191360592842102
0,cross_scene,48,hard_triplet,2.0906519889831543,1.3813745975494385,0.14706972241401672,1.9552669525146484,0.1972314715385437,3.629909038543701,0.24739523231983185,1.8416131734848022,0.12150338292121887,3.381488084793091,0.11184749752283096,1.8638973236083984,0.16368886828422546,3.4578614234924316,0.17460927367210388
0,cross_scene,49,hard_triplet,1.8852102756500244,1.2759064435958862,0.09140027314424515,1.7743595838546753,0.1496049165725708,3.5513875484466553,0.19483298063278198,1.7414770126342773,0.06705807894468307,3.387944221496582,0.05583572760224342,1.7499547004699707,0.10492971539497375,3.4453537464141846,0.1102467030286789
0,cross_scene,50,hard_triplet,2.0897068977355957,1.424497127532959,0.13340523838996887,2.0163941383361816,0.18818950653076172,3.632072925567627,0.223242849111557,1.9279632568359375,0.1040666475892067,3.440559148788452,0.08980824053287506,1.9431402683258057,0.14959321916103363,3.497920274734497,0.15979191660881042
0,cross_scene,51,hard_triplet,1.8986326456069946,1.346944808959961,0.07975885272026062,1.890964150428772,0.14429235458374023,3.6493120193481445,0.1779729425907135,1.7642865180969238,0.05240878462791443,3.3857157230377197,0.043840356171131134,1.820779800415039,0.08711585402488708,3.487415313720703,0.0900953859090805
0,cross_scene,52,hard_triplet,2.5321741104125977,1.690701961517334,0.23766806721687317,2.3083457946777344,0.2882727384567261,3.8062944412231445,0.33807259798049927,2.1614370346069336,0.2083001434803009,3.5569257736206055,0.20893943309783936,2.2328455448150635,0.25573256611824036,3.6547317504882812,0.28114452958106995
0,cross_scene,53,hard_triplet,2.0635693073272705,1.2404720783233643,0.20413611829280853,1.6832363605499268,0.24505263566970825,3.4002652168273926,0.26997408270835876,1.5883073806762695,0.17890664935112,3.1583518981933594,0.1567869782447815,1.6374363899230957,0.2204979509115219,3.22833514213562,0.22739887237548828
0,cross_scene,54,hard_triplet,1.6683919429779053,1.0071524381637573,0.10606442391872406,1.3844178915023804,0.16475987434387207,3.263808012008667,0.1933119148015976,1.3319666385650635,0.06784576177597046,3.0635619163513184,0.03990863636136055,1.3604083061218262,0.12623971700668335,3.155778408050537,0.13011115789413452
0,cross_scene,55,hard_triplet,1.6958099603652954,0.9630920886993408,0.13343286514282227,1.3102688789367676,0.17788280546665192,3.183166027069092,0.2121700644493103,1.2259995937347412,0.10280635952949524,2.9529905319213867,0.08910144120454788,1.2926607131958008,0.16235101222991943,3.1405677795410156,0.17355409264564514
0,cross_scene,56,hard_triplet,1.4586775302886963,1.0330586433410645,0.06149538233876228,1.2376786470413208,0.10521482676267624,2.9709484577178955,0.11592917889356613,1.1873385906219482,0.050807345658540726,2.8305647373199463,0.043800581246614456,1.1914541721343994,0.06806175410747528,2.899674654006958,0.0659697875380516
0,cross_scene,57,hard_triplet,1.3733234405517578,0.9632132053375244,0.04054940491914749,1.12642240524292,0.0776328295469284,3.0073530673980713,0.09558044373989105,1.114731788635254,0.01685812883079052,2.859121322631836,0.004873671568930149,1.1381640434265137,0.05861862748861313,2.939136028289795,0.05267631262540817
0,cross_scene,58,hard_triplet,1.8929589986801147,1.1570388078689575,0.16564053297042847,1.5265012979507446,0.21683384478092194,3.3426032066345215,0.24970120191574097,1.4260814189910889,0.13092420995235443,3.039358615875244,0.11738763749599457,1.4586067199707031,0.194327250123024,3.133370876312256,0.2008867859840393
0,cross_scene,59,hard_triplet,1.5360627174377441,0.9953951239585876,0.11815311014652252,1.182327151298523,0.14077450335025787,2.847308397293091,0.15561991930007935,1.1368011236190796,0.10480179637670517,2.6908233165740967,0.08514641970396042,1.1487950086593628,0.13293315470218658,2.7702291011810303,0.1315397471189499
0,cross_scene,60,hard_triplet,1.8036236763000488,1.1697485446929932,0.1396404206752777,1.5102322101593018,0.18710894882678986,3.199354887008667,0.2137989103794098,1.437854290008545,0.1207420825958252,2.929283618927002,0.11101491749286652,1.4792730808258057,0.15513628721237183,3.063410758972168,0.15858009457588196
0,cross_scene,61,hard_triplet,1.4477500915527344,1.0966966152191162,0.05504437908530235,1.2558009624481201,0.0970631092786789,2.9482102394104004,0.09957864135503769,1.208653211593628,0.04123682528734207,2.757999897003174,0.025663986802101135,1.2277796268463135,0.07402877509593964,2.823308229446411,0.06263761967420578
0,cross_scene,62,hard_triplet,1.7712070941925049,1.2145349979400635,0.16197824478149414,1.3648401498794556,0.18496796488761902,3.0334956645965576,0.20063568651676178,1.2690101861953735,0.14320839941501617,2.7254533767700195,0.13455826044082642,1.3090496063232422,0.18326666951179504,2.8430769443511963,0.19410136342048645
0,cross_scene,63,hard_triplet,1.4049192667007446,1.1834170818328857,0.023284662514925003,1.2250349521636963,0.06667336821556091,2.9676380157470703,0.074313223361969,1.1863118410110474,0.029526494443416595,2.7951114177703857,0.02376004308462143,1.2081955671310425,0.02721785008907318,2.9088294506073,0.02458961121737957
0,cross_scene,64,hard_triplet,1.9441337585449219,1.3897110223770142,0.1628756821155548,1.5864291191101074,0.20860233902931213,3.192228078842163,0.24759206175804138,1.496350646018982,0.13069704174995422,2.968147039413452,0.11931879073381424,1.5389430522918701,0.1868344098329544,3.1061174869537354,0.21287137269973755
0,cross_scene,65,hard_triplet,1.7110275030136108,1.2850022315979004,0.08133202791213989,1.5676746368408203,0.10700811445713043,3.2333953380584717,0.11458589136600494,1.5044527053833008,0.09082259237766266,3.054778814315796,0.08185924589633942,1.529350996017456,0.08469470590353012,3.1316871643066406,0.08102911710739136
0,cross_scene,66,cross_scene_smooth_ap,1.2422337532043457,0.9713747501373291,3.8564205169677734e-05,0.987225353717804,0.12153127789497375,2.487765312194824,0.1447662115097046,0.9976030588150024,0.06057468429207802,2.313413381576538,0.038546886295080185,1.0004057884216309,0.10037565231323242,2.4950008392333984,0.10447333753108978
0,cross_scene,67,cross_scene_smooth_ap,1.182916522026062,0.9744850993156433,0.0021734237670898438,1.0297045707702637,0.06900240480899811,2.4969141483306885,0.06201848387718201,1.010868787765503,0.03221490979194641,2.413491725921631,0.010743004269897938,1.024705171585083,0.05002274364233017,2.4965357780456543,0.03374540060758591
0,cross_scene,68,cross_scene_smooth_ap,1.2435429096221924,0.9784928560256958,0.12747669219970703,0.9865365028381348,0.06596091389656067,2.2872822284698486,0.07534794509410858,0.9662536978721619,0.03121761605143547,2.157437801361084,0.023125585168600082,0.9764129519462585,0.034151896834373474,2.2963171005249023,0.032554179430007935
0,cross_scene,69,cross_scene_smooth_ap,1.267174482345581,0.9627314209938049,0.012128353118896484,0.9561220407485962,0.14149531722068787,2.399846076965332,0.14924578368663788,0.949021577835083,0.09903010725975037,2.258688449859619,0.07948069274425507,0.9577398300170898,0.1392357051372528,2.410548210144043,0.13831043243408203
0,cross_scene,70,cross_scene_smooth_ap,1.535319447517395,1.0538378953933716,0.1300795078277588,1.093192458152771,0.17602813243865967,2.642174243927002,0.20218676328659058,1.0948357582092285,0.10309658944606781,2.5539698600769043,0.08714164048433304,1.0928239822387695,0.14524799585342407,2.6246211528778076,0.1528811752796173
0,cross_scene,71,cross_scene_smooth_ap,1.7154301404953003,1.0064245462417603,0.47210198640823364,1.065860390663147,0.1244107112288475,2.277080535888672,0.1334543079137802,1.0461523532867432,0.07636475563049316,2.1857621669769287,0.0635908991098404,1.0620837211608887,0.12668511271476746,2.2885677814483643,0.13387981057167053
0,cross_scene,72,cross_scene_smooth_ap,1.2863322496414185,0.9955487251281738,0.014768481254577637,1.0425831079483032,0.1298760026693344,2.4752492904663086,0.13066095113754272,1.0403202772140503,0.07828262448310852,2.254298686981201,0.05576534569263458,1.0455564260482788,0.1266617476940155,2.450207471847534,0.13338810205459595
0,cross_scene,73,cross_scene_smooth_ap,1.2038365602493286,1.0141607522964478,0.0007308721542358398,1.0079693794250488,0.07432059198617935,2.369194269180298,0.06945063173770905,0.9893326759338379,0.06163538247346878,2.3071448802948,0.04243113845586777,1.0017324686050415,0.09416305273771286,2.4083147048950195,0.0950315073132515
0,cross_scene,74,cross_scene_smooth_ap,1.5289174318313599,1.0411001443862915,0.13473176956176758,1.1413885354995728,0.1406124383211136,2.7024762630462646,0.135786771774292,1.1327056884765625,0.12400282919406891,2.5205588340759277,0.11276806145906448,1.1424500942230225,0.13496074080467224,2.628000020980835,0.13165166974067688
0,cross_scene,75,cross_scene_smooth_ap,1.5217854976654053,1.0145528316497803,0.21037781238555908,1.024961233139038,0.14820855855941772,2.4483492374420166,0.1343030333518982,1.022538185119629,0.14466649293899536,2.2787349224090576,0.12335719913244247,1.0308020114898682,0.14118650555610657,2.418659210205078,0.13134123384952545
0,cross_scene,76,cross_scene_smooth_ap,1.3800458908081055,1.0919435024261475,0.06393003463745117,1.0665709972381592,0.1609131395816803,2.2513601779937744,0.15934127569198608,1.057249665260315,0.13212643563747406,2.1427674293518066,0.12173585593700409,1.0666472911834717,0.15819846093654633,2.2593178749084473,0.15889990329742432
0,cross_scene,77,cross_scene_smooth_ap,1.7295867204666138,1.0387811660766602,0.404127836227417,1.064910888671875,0.16842612624168396,2.3118765354156494,0.17247730493545532,1.0384776592254639,0.14735141396522522,2.2308380603790283,0.12961801886558533,1.0564361810684204,0.15337249636650085,2.320695638656616,0.15073087811470032
0,cross_scene,78,cross_scene_smooth_ap,1.6404131650924683,1.021392583847046,0.1472008228302002,1.1350784301757812,0.2211715281009674,2.641049861907959,0.2557560205459595,1.1268924474716187,0.15152519941329956,2.457085132598877,0.13584916293621063,1.1603575944900513,0.21642868220806122,2.659242630004883,0.24415749311447144
0,cross_scene,79,cross_scene_smooth_ap,1.1581060886383057,0.9765838980674744,0.019705891609191895,1.0112056732177734,0.13237769901752472,1.973844289779663,0.14339497685432434,0.9962623119354248,0.07991914451122284,1.9829046726226807,0.05723029747605324,1.0126373767852783,0.08436059206724167,2.03659987449646,0.07524903118610382
0,cross_scene,80,cross_scene_smooth_ap,1.5031306743621826,1.0053123235702515,0.08736813068389893,1.0213875770568848,0.22110742330551147,2.419680118560791,0.24837836623191833,1.0046424865722656,0.17699238657951355,2.2929248809814453,0.15996436774730682,1.0163321495056152,0.2112714946269989,2.4659407138824463,0.23305480182170868
0,cross_scene,81,cross_scene_smooth_ap,1.0553299188613892,0.9579116702079773,0.033114492893218994,0.9300851821899414,0.10110749304294586,1.838623046875,0.11198784410953522,0.9178255200386047,0.04675423726439476,1.7142874002456665,0.025905702263116837,0.9194616079330444,0.06965270638465881,1.8266900777816772,0.059884048998355865
0,cross_scene,82,cross_scene_smooth_ap,1.4893345832824707,1.066200613975525,0.08552980422973633,1.0290467739105225,0.22132135927677155,2.2175610065460205,0.24925734102725983,1.025418996810913,0.19138556718826294,2.097533702850342,0.19219034910202026,1.0250195264816284,0.2244643270969391,2.2578089237213135,0.25293636322021484
0,cross_scene,83,cross_scene_smooth_ap,1.0329476594924927,0.9824414849281311,0.00488734245300293,0.9494003653526306,0.09171827137470245,1.715469479560852,0.10432776808738708,0.9423313140869141,0.03132078796625137,1.7162704467773438,0.019475551322102547,0.9474931955337524,0.08670593798160553,1.8321470022201538,0.09521424025297165
0,cross_scene,84,cross_scene_smooth_ap,1.1303917169570923,1.1719746589660645,0.01127314567565918,1.0369824171066284,0.08783457428216934,1.9599534273147583,0.082928366959095,1.0492949485778809,0.020673289895057678,1.8530774116516113,0.0070408787578344345,1.043298363685608,0.07000736147165298,1.9636197090148926,0.06727316975593567
0,cross_scene,85,cross_scene_smooth_ap,1.3155882358551025,1.0606193542480469,0.1038970947265625,1.0616235733032227,0.1294933706521988,2.1300101280212402,0.14192894101142883,1.0377905368804932,0.08006259053945541,2.0314807891845703,0.05956614017486572,1.0762523412704468,0.10459935665130615,2.185253143310547,0.0963573157787323
0,cross_scene,86,cross_scene_smooth_ap,1.3453984260559082,0.9551518559455872,0.13749468326568604,0.9945340156555176,0.13706813752651215,2.120901584625244,0.14116427302360535,0.9848237037658691,0.12306275218725204,2.053833484649658,0.11398698389530182,0.9893660545349121,0.13379165530204773,2.129047155380249,0.13655368983745575
0,cross_scene,87,cross_scene_smooth_ap,1.141129732131958,0.9684427976608276,0.040143489837646484,0.966309130191803,0.12514449656009674,1.8376655578613281,0.13793472945690155,0.9572494029998779,0.08189510554075241,1.687906265258789,0.058146484196186066,0.9631425738334656,0.13432997465133667,1.8708503246307373,0.13700993359088898
0,cross_scene,88,cross_scene_smooth_ap,1.4448120594024658,0.9839433431625366,0.10124683380126953,1.0354552268981934,0.1988067924976349,2.3863508701324463,0.21568791568279266,0.9937970042228699,0.14932076632976532,2.0856642723083496,0.13496822118759155,0.9993962049484253,0.2003224492073059,2.3238987922668457,0.21635732054710388
0,cross_scene,89,cross_scene_smooth_ap,1.1788982152938843,1.008172631263733,0.031317949295043945,0.9647830724716187,0.11697900295257568,1.9424664974212646,0.11457853019237518,0.9631809592247009,0.09145726263523102,1.976737141609192,0.0718856006860733,0.9753491878509521,0.12036222964525223,2.0321898460388184,0.11531705409288406
0,cross_scene,90,cross_scene_smooth_ap,1.239343523979187,0.9731050133705139,0.10524827241897583,0.9720044136047363,0.11808066070079803,1.9262129068374634,0.12400510907173157,0.9620328545570374,0.09613266587257385,1.8918256759643555,0.08434481918811798,0.9604626893997192,0.10839630663394928,2.07429838180542,0.10337084531784058
0,cross_scene,91,cross_scene_smooth_ap,1.263942003250122,0.9689745306968689,0.0735173225402832,1.0017396211624146,0.13872282207012177,2.0889930725097656,0.12939752638339996,0.9881954789161682,0.11234471201896667,1.983113169670105,0.10451523959636688,0.9962950348854065,0.13682684302330017,2.05672287940979,0.13256427645683289
0,cross_scene,92,cross_scene_smooth_ap,1.2689210176467896,0.9543283581733704,0.09167134761810303,0.9671429991722107,0.19725313782691956,1.798115849494934,0.21689262986183167,0.9723699688911438,0.11419101804494858,1.6727285385131836,0.10168972611427307,0.9664952158927917,0.18609051406383514,1.846674919128418,0.19737757742404938
0,cross_scene,93,cross_scene_smooth_ap,1.1067907810211182,0.9650791883468628,0.025385260581970215,0.9623291492462158,0.1340724527835846,1.7412288188934326,0.13543644547462463,0.956220805644989,0.10789763927459717,1.6414332389831543,0.09501250088214874,0.9592193365097046,0.123469777405262,1.687952995300293,0.11519260704517365
0,cross_scene,94,cross_scene_smooth_ap,1.1529324054718018,0.9355182647705078,0.03745299577713013,0.9539217352867126,0.13930809497833252,1.8023052215576172,0.1380385458469391,0.93994140625,0.1198573112487793,1.699363112449646,0.11228836327791214,0.9610913395881653,0.1315818578004837,1.9299774169921875,0.12312489002943039
0,cross_scene,95,cross_scene_smooth_ap,1.1329219341278076,0.9630136489868164,0.09696722030639648,0.9500235319137573,0.12516336143016815,1.793762445449829,0.13970863819122314,0.9371758699417114,0.05359850078821182,1.5126031637191772,0.029671426862478256,0.9440714716911316,0.0977289229631424,1.7852727174758911,0.09396444261074066
0,cross_scene,96,cross_scene_smooth_ap,1.0403088331222534,0.9487869739532471,0.020395755767822266,0.9365130066871643,0.1259610652923584,1.6591194868087769,0.12100733071565628,0.9311504364013672,0.06806482374668121,1.549177646636963,0.03808100149035454,0.9390974640846252,0.11459453403949738,1.6872340440750122,0.09572581946849823
0,cross_scene,97,cross_scene_smooth_ap,1.0742716789245605,0.9540079832077026,0.05067366361618042,0.9533039331436157,0.1155618280172348,1.5110838413238525,0.12016182392835617,0.9448167681694031,0.09805584698915482,1.5109690427780151,0.09276852011680603,0.9475212097167969,0.11669594049453735,1.569953203201294,0.11792421340942383
0,cross_scene,98,cross_scene_smooth_ap,1.0402979850769043,0.9410386085510254,0.00131303071975708,0.9341487884521484,0.13780036568641663,1.4922592639923096,0.1385699361562729,0.9334266781806946,0.10909238457679749,1.4885385036468506,0.09302912652492523,0.9408571124076843,0.13399909436702728,1.5979623794555664,0.14001229405403137
0,cross_scene,99,cross_scene_smooth_ap,1.2012712955474854,0.940769612789154,0.07689905166625977,0.9722790122032166,0.154762402176857,1.8782448768615723,0.1559920608997345,0.9592348337173462,0.10923977196216583,1.7229704856872559,0.07928545773029327,0.9621917009353638,0.14176738262176514,1.8694982528686523,0.12753242254257202
0,cross_scene,100,cross_scene_smooth_ap,1.263824224472046,0.9773640632629395,0.11963039636611938,0.9876529574394226,0.1570824682712555,1.7098840475082397,0.16408583521842957,0.9847851395606995,0.13933908939361572,1.65022611618042,0.14606916904449463,1.0027883052825928,0.1441909670829773,1.7683558464050293,0.1474125236272812
0,cross_scene,101,cross_scene_smooth_ap,0.9843354225158691,0.9518080353736877,0.012928903102874756,0.9516286253929138,0.09695974737405777,1.5463148355484009,0.09713452309370041,0.9683658480644226,0.049234747886657715,1.5102152824401855,0.022657759487628937,0.9554486274719238,0.0823274701833725,1.6072909832000732,0.07241542637348175
0,cross_scene,102,cross_scene_smooth_ap,1.0204271078109741,0.9748619794845581,0.050111591815948486,0.961176335811615,0.09249752759933472,1.4586724042892456,0.08629338443279266,0.9576828479766846,0.0671134814620018,1.4938924312591553,0.05336080119013786,0.9646146893501282,0.0873505175113678,1.491127371788025,0.07739561796188354
0,cross_scene,103,cross_scene_smooth_ap,1.102818489074707,0.9578620791435242,0.034229815006256104,0.9386826157569885,0.15247729420661926,1.6541166305541992,0.1376301646232605,0.9283178448677063,0.10838212072849274,1.4854109287261963,0.07253822684288025,0.9392115473747253,0.15092192590236664,1.730013370513916,0.13595813512802124
0,cross_scene,104,cross_scene_smooth_ap,1.1822478771209717,0.9894165396690369,0.029122889041900635,1.0270086526870728,0.14803381264209747,1.8312599658966064,0.15974906086921692,1.0209190845489502,0.11203118413686752,1.6278948783874512,0.09848390519618988,1.0328859090805054,0.153237983584404,1.813880443572998,0.16693130135536194
0,cross_scene,105,cross_scene_smooth_ap,1.1288243532180786,1.0113002061843872,0.011638224124908447,1.0082924365997314,0.1887354999780655,1.6134828329086304,0.19463014602661133,0.9762572646141052,0.10684467852115631,1.4498471021652222,0.0701567679643631,0.991851806640625,0.17238815128803253,1.6114745140075684,0.17428699135780334
0,cross_scene,106,cross_scene_smooth_ap,0.972440779209137,0.9268413186073303,0.03292500972747803,0.9151268601417542,0.11822646856307983,1.2269904613494873,0.10826319456100464,0.9178691506385803,0.10345625877380371,1.2841565608978271,0.08293786644935608,0.9113379120826721,0.12133007496595383,1.2997620105743408,0.11192697286605835
0,cross_scene,107,cross_scene_smooth_ap,0.9127163887023926,0.9397473931312561,0.007027924060821533,0.9382791519165039,0.08834363520145416,1.3489028215408325,0.07295607030391693,0.9289059042930603,0.05631108582019806,1.3189805746078491,0.03506943956017494,0.9339241981506348,0.08285479247570038,1.3737740516662598,0.0665491372346878
0,cross_scene,108,cross_scene_smooth_ap,0.8658961653709412,0.9194486737251282,0.02103787660598755,0.9359781742095947,0.05960466340184212,1.2407207489013672,0.053724516183137894,0.9304238557815552,0.040596749633550644,1.225085735321045,0.03152450546622276,0.9373600482940674,0.05000923573970795,1.280557632446289,0.04114920273423195
0,cross_scene,109,cross_scene_smooth_ap,0.9667375683784485,0.9678789377212524,0.048499226570129395,0.9546117186546326,0.07821083068847656,1.2912309169769287,0.06672073155641556,0.9430878162384033,0.056308094412088394,1.2406301498413086,0.04054092615842819,0.9528319835662842,0.09832622110843658,1.4397550821304321,0.09091862291097641
0,cross_scene,110,cross_scene_smooth_ap,0.9261560440063477,0.9297349452972412,0.026323556900024414,0.9311952590942383,0.09675128757953644,1.283387303352356,0.0892215445637703,0.9321596622467041,0.042419105768203735,1.2795147895812988,0.02168799191713333,0.933931827545166,0.09025830030441284,1.3833394050598145,0.08141416311264038
0,cross_scene,111,cross_scene_smooth_ap,1.0470525026321411,0.9583323001861572,0.05032789707183838,0.9539464116096497,0.1370886117219925,1.3650988340377808,0.14078041911125183,0.9596125483512878,0.10825823247432709,1.3323960304260254,0.09617416560649872,0.9425626993179321,0.12054542452096939,1.3765537738800049,0.11566267162561417
0,cross_scene,112,cross_scene_smooth_ap,1.1141037940979004,0.9367483854293823,0.163798987865448,0.9591407179832458,0.06684453785419464,1.479464054107666,0.04982300102710724,0.9564948678016663,0.06687398254871368,1.4462146759033203,0.05456610023975372,0.9565340280532837,0.08720783144235611,1.5848307609558105,0.07826240360736847
0,cross_scene,113,cross_scene_smooth_ap,1.0844295024871826,0.928678572177887,0.10087072849273682,0.9407947659492493,0.12387119978666306,1.4135608673095703,0.12410309165716171,0.9423728585243225,0.08887481689453125,1.4189157485961914,0.06784806400537491,0.9362449645996094,0.11883066594600677,1.4522860050201416,0.11397016048431396
0,cross_scene,114,cross_scene_smooth_ap,0.9774847626686096,0.9364631175994873,0.02541029453277588,0.9413513541221619,0.08765457570552826,1.5090322494506836,0.07470741868019104,0.932671070098877,0.06706248223781586,1.3987280130386353,0.04025297611951828,0.9390522241592407,0.09300043433904648,1.5606966018676758,0.08197973668575287
0,cross_scene,115,cross_scene_smooth_ap,0.9181031584739685,0.9328988194465637,0.0013414621353149414,0.9394592046737671,0.10609092563390732,1.3469527959823608,0.09179608523845673,0.9352560043334961,0.04602896794676781,1.2839150428771973,0.021032821387052536,0.939081072807312,0.0943211168050766,1.4362308979034424,0.08124646544456482
0,cross_scene,116,cross_scene_smooth_ap,1.1099869012832642,0.9679484963417053,0.09243422746658325,0.9564900398254395,0.12528100609779358,1.5231781005859375,0.12477310001850128,0.9576877951622009,0.08939717710018158,1.4485294818878174,0.06759290397167206,0.9538204669952393,0.11730934679508209,1.5754289627075195,0.10619699209928513
0,cross_scene,117,cross_scene_smooth_ap,0.9417482018470764,0.9176903367042542,0.0396120548248291,0.9365270137786865,0.10385353863239288,1.3126227855682373,0.09441308677196503,0.9294632077217102,0.04458225518465042,1.2354662418365479,0.016310058534145355,0.933917760848999,0.10303165763616562,1.3678847551345825,0.09003648906946182
0,cross_scene,118,cross_scene_smooth_ap,1.0118824243545532,0.9101313352584839,0.012861251831054688,0.9433538913726807,0.14675450325012207,1.3668742179870605,0.13543763756752014,0.9408725500106812,0.13897940516471863,1.3581230640411377,0.112516850233078,0.9360613226890564,0.12755396962165833,1.4007976055145264,0.10935018956661224
0,cross_scene,119,cross_scene_smooth_ap,0.8390435576438904,0.915797233581543,0.03319805860519409,0.9151832461357117,0.05561555549502373,1.1246191263198853,0.03966581076383591,0.9147483110427856,0.03184828907251358,1.1916906833648682,0.015222555957734585,0.9169279336929321,0.041261397302150726,1.2339630126953125,0.024926848709583282
0,cross_scene,120,cross_scene_smooth_ap,0.8695960640907288,0.9092182517051697,0.014112889766693115,0.914172887802124,0.08959226310253143,1.2224987745285034,0.08538001775741577,0.9062021374702454,0.06202499568462372,1.1404318809509277,0.048198554664850235,0.90898197889328,0.06760239601135254,1.2331643104553223,0.05143206566572189
0,cross_scene,121,cross_scene_smooth_ap,0.9736076593399048,0.9161304831504822,0.00448298454284668,0.9206072092056274,0.1281352937221527,1.3088518381118774,0.10921808332204819,0.9268398284912109,0.12984314560890198,1.3497402667999268,0.10315533727407455,0.9234314560890198,0.12228910624980927,1.3871235847473145,0.09552891552448273
0,cross_scene,122,cross_scene_smooth_ap,0.8920775055885315,0.9457483291625977,0.010990738868713379,0.9263004064559937,0.08888701349496841,1.2299301624298096,0.08621431887149811,0.9237589240074158,0.03546300530433655,1.2033168077468872,0.015772927552461624,0.9250400066375732,0.08671201020479202,1.3171542882919312,0.09038252383470535
0,cross_scene,123,cross_scene_smooth_ap,0.9547073841094971,0.9133121967315674,0.04462540149688721,0.9214529991149902,0.11225557327270508,1.2122139930725098,0.10487865656614304,0.9210009574890137,0.0840064138174057,1.1847845315933228,0.06906789541244507,0.9216404557228088,0.11159446090459824,1.2558224201202393,0.10624100267887115
0,cross_scene,124,cross_scene_smooth_ap,0.8195174932479858,0.8980991244316101,6.937980651855469e-05,0.9111672043800354,0.07531090080738068,1.122077465057373,0.06938551366329193,0.9136077761650085,0.03440215066075325,1.1102559566497803,0.0209333635866642,0.9101680517196655,0.07021376490592957,1.1857795715332031,0.05842897668480873
0,cross_scene,125,cross_scene_smooth_ap,0.8559210300445557,0.897861897945404,0.006600081920623779,0.9079923629760742,0.09513780474662781,1.1759870052337646,0.10234442353248596,0.9080181121826172,0.042460761964321136,1.120227336883545,0.02219827100634575,0.9132378101348877,0.07828560471534729,1.2424371242523193,0.06969504803419113
0,cross_scene,126,cross_scene_smooth_ap,1.0153052806854248,0.9110154509544373,0.06038522720336914,0.944930911064148,0.12531837821006775,1.343550682067871,0.12783433496952057,0.9376416206359863,0.09145539999008179,1.2991963624954224,0.07670196890830994,0.9471083283424377,0.10679683834314346,1.376381278038025,0.09762150049209595
0,cross_scene,127,cross_scene_smooth_ap,1.0614798069000244,0.9186245203018188,0.09404802322387695,0.9377654790878296,0.1543855369091034,1.272141933441162,0.15775534510612488,0.9306517839431763,0.09891818463802338,1.166739583015442,0.07402195036411285,0.9362524151802063,0.15326908230781555,1.2409865856170654,0.15123999118804932
0,cross_scene,128,cross_scene_smooth_ap,0.9415396451950073,0.9417465925216675,0.027336716651916504,0.9425804018974304,0.08477625250816345,1.3107829093933105,0.06847475469112396,0.9349277019500732,0.06716042757034302,1.277393102645874,0.050562940537929535,0.9439204335212708,0.09063643217086792,1.4021544456481934,0.08286811411380768
0,cross_scene,129,cross_scene_smooth_ap,0.8450978398323059,0.8999672532081604,0.012928485870361328,0.9081863164901733,0.09278342127799988,1.0940195322036743,0.08134295791387558,0.9092760682106018,0.06655015051364899,1.0761233568191528,0.04804297909140587,0.9101385474205017,0.07182961702346802,1.1505038738250732,0.05207818001508713
0,cross_scene,130,cross_scene_smooth_ap,1.07867431640625,0.9290211796760559,0.09993147850036621,0.9595052599906921,0.15629121661186218,1.2397031784057617,0.14903518557548523,0.9506354928016663,0.12314089387655258,1.1652252674102783,0.11101040244102478,0.9587988257408142,0.1421518623828888,1.2546534538269043,0.12814649939537048
0,cross_scene,131,cross_scene_smooth_ap,0.8040655255317688,0.9098821878433228,0.012925386428833008,0.9231363534927368,0.04996305704116821,1.0762615203857422,0.04355298727750778,0.9214856624603271,0.02721179649233818,1.1053613424301147,0.018136460334062576,0.9265024065971375,0.048656199127435684,1.1254520416259766,0.04109136387705803
0,cross_scene,132,cross_scene_smooth_ap,0.9538723230361938,0.8855767250061035,0.07899487018585205,0.9080257415771484,0.12373179197311401,1.1074621677398682,0.10743820667266846,0.901701807975769,0.10319025069475174,1.0772627592086792,0.07974305748939514,0.9037414789199829,0.10904368758201599,1.114830732345581,0.08644458651542664
0,cross_scene,133,cross_scene_smooth_ap,0.9288015961647034,0.911316990852356,0.041331470012664795,0.9189639687538147,0.10506094992160797,1.1781761646270752,0.09705382585525513,0.91391521692276,0.08563723415136337,1.1225124597549438,0.06410953402519226,0.9197149276733398,0.10801655054092407,1.1954216957092285,0.09578385949134827
0,cross_scene,134,cross_scene_smooth_ap,0.7892910242080688,0.8939058780670166,0.002312183380126953,0.9086169004440308,0.07515174895524979,1.010896921157837,0.0511464849114418,0.903819739818573,0.04890137165784836,1.0346357822418213,0.024920295923948288,0.9102891087532043,0.06745237857103348,1.0669496059417725,0.04136761277914047
0,cross_scene,135,cross_scene_smooth_ap,0.8272531628608704,0.9099823832511902,0.037698566913604736,0.931658923625946,0.059650905430316925,1.021317958831787,0.052065879106521606,0.9295867085456848,0.034837689250707626,1.0507153272628784,0.02544385753571987,0.9301121234893799,0.055320024490356445,1.06483793258667,0.04484130069613457
0,cross_scene,136,cross_scene_smooth_ap,0.9915719032287598,0.9025951623916626,0.03862571716308594,0.922137975692749,0.14687685668468475,1.2403559684753418,0.1401595026254654,0.9170098304748535,0.1170416846871376,1.1885734796524048,0.09453420341014862,0.9257190227508545,0.12852443754673004,1.3163471221923828,0.11200514435768127
0,cross_scene,137,cross_scene_smooth_ap,0.9081816673278809,0.9259892106056213,0.014512360095977783,0.9434400200843811,0.11613893508911133,1.1654592752456665,0.09394240379333496,0.9352192878723145,0.10437596589326859,1.1130692958831787,0.07356642931699753,0.9368212819099426,0.0993681475520134,1.1705403327941895,0.07311306893825531
0,cross_scene,138,cross_scene_smooth_ap,0.9709470868110657,0.9188405871391296,0.010621368885040283,0.9174818992614746,0.14553040266036987,1.1763280630111694,0.12892714142799377,0.917691707611084,0.13047610223293304,1.2211424112319946,0.10811162739992142,0.922325849533081,0.14717601239681244,1.247532606124878,0.12807327508926392
0,cross_scene,139,cross_scene_smooth_ap,0.8826202750205994,0.9076380729675293,0.04300093650817871,0.9340236186981201,0.07608719170093536,1.1135313510894775,0.061853326857089996,0.933931291103363,0.05773968994617462,1.1051836013793945,0.036455389112234116,0.9329695701599121,0.0806870386004448,1.190305233001709,0.06803496181964874
0,cross_scene,140,cross_scene_smooth_ap,0.8902617692947388,0.8873836994171143,0.014306068420410156,0.9141537547111511,0.10666370391845703,1.1711242198944092,0.09909771382808685,0.9113430380821228,0.08286704868078232,1.1401844024658203,0.07067083567380905,0.9132992029190063,0.09690362215042114,1.1813502311706543,0.08308466523885727
0,cross_scene,141,cross_scene_smooth_ap,1.1283185482025146,0.9097886085510254,0.09591656923294067,0.9243658781051636,0.1981518417596817,1.1877267360687256,0.19295623898506165,0.9331492185592651,0.15855537354946136,1.2458951473236084,0.13028617203235626,0.930401086807251,0.19144371151924133,1.2541675567626953,0.1898573338985443
0,cross_scene,142,cross_scene_smooth_ap,0.8076728582382202,0.8970289826393127,0.004599094390869141,0.9134465456008911,0.05958368629217148,1.0704201459884644,0.04742448031902313,0.9113219380378723,0.042575567960739136,1.0937000513076782,0.02942322939634323,0.9073495864868164,0.07123110443353653,1.100868821144104,0.06599220633506775
0,cross_scene,143,cross_scene_smooth_ap,0.7552014589309692,0.882832407951355,1.6093254089355469e-06,0.8980772495269775,0.04513733461499214,1.1042296886444092,0.03336668014526367,0.8929417133331299,0.021193673834204674,1.0570430755615234,0.011209539137780666,0.8962833881378174,0.028534604236483574,1.0935993194580078,0.017800237983465195
0,cross_scene,144,cross_scene_smooth_ap,0.8973105549812317,0.9041672945022583,0.032882511615753174,0.9166491627693176,0.11995921283960342,1.0205349922180176,0.10161690413951874,0.9129821062088013,0.10898653417825699,1.0330828428268433,0.08489483594894409,0.9137938022613525,0.10805188864469528,1.0445739030838013,0.08282987773418427
0,cross_scene,145,cross_scene_smooth_ap,0.9301137328147888,0.9042242169380188,0.0004546642303466797,0.9239315390586853,0.1299774944782257,1.1554452180862427,0.11940355598926544,0.9223864674568176,0.12144570052623749,1.133995771408081,0.10457339137792587,0.9240755438804626,0.13001605868339539,1.205207109451294,0.12064875662326813
0,cross_scene,146,cross_scene_smooth_ap,0.820748507976532,0.9104461669921875,0.007216811180114746,0.9145217537879944,0.0729522779583931,0.9991720914840698,0.06514915823936462,0.913098156452179,0.05602244287729263,1.0170471668243408,0.0412382148206234,0.9149994850158691,0.08601215481758118,1.0702954530715942,0.07926182448863983
0,cross_scene,147,cross_scene_smooth_ap,0.8785566091537476,0.9000547528266907,0.03158348798751831,0.9085136651992798,0.104264035820961,1.0989185571670532,0.09021809697151184,0.9082465767860413,0.07699958980083466,1.060675859451294,0.056354083120822906,0.907581090927124,0.0928112268447876,1.1076778173446655,0.06998606026172638
0,cross_scene,148,cross_scene_smooth_ap,0.8281025290489197,0.894695520401001,0.008987665176391602,0.9125412702560425,0.07375819981098175,1.1425546407699585,0.07087742537260056,0.9081480503082275,0.0335751548409462,1.0971870422363281,0.013150926679372787,0.9141192436218262,0.07019203901290894,1.2064368724822998,0.05988118052482605
0,cross_scene,149,cross_scene_smooth_ap,0.908774733543396,0.8983937501907349,0.02050161361694336,0.9128583669662476,0.12789516150951385,1.0999400615692139,0.11550786346197128,0.9074997901916504,0.09919320046901703,1.0364625453948975,0.07454543560743332,0.9145246148109436,0.1299111694097519,1.101449728012085,0.11673405766487122
0,cross_scene,150,cross_scene_smooth_ap,1.0293322801589966,0.9245375990867615,0.05594897270202637,0.9324042797088623,0.1660425066947937,1.2269388437271118,0.17153148353099823,0.9362053275108337,0.10941091924905777,1.2141050100326538,0.08873379230499268,0.9319285154342651,0.14029929041862488,1.227142095565796,0.13673605024814606
0,cross_scene,151,cross_scene_smooth_ap,0.8251008987426758,0.8954412937164307,0.0033981800079345703,0.9080067276954651,0.08238735795021057,1.0250529050827026,0.0722058042883873,0.909000813961029,0.07532183825969696,1.061995267868042,0.05821841582655907,0.9096644520759583,0.07730549573898315,1.083774209022522,0.060099225491285324
0,cross_scene,152,cross_scene_smooth_ap,0.8747588992118835,0.8779898881912231,0.0054634809494018555,0.8936713933944702,0.1251351535320282,1.048430323600769,0.12021493911743164,0.8945197463035583,0.0999070256948471,1.0553258657455444,0.07557859271764755,0.8958678245544434,0.11645010858774185,1.1053606271743774,0.0975138396024704
0,cross_scene,153,cross_scene_smooth_ap,0.9176068305969238,0.8992823958396912,0.09761834144592285,0.9035167098045349,0.09542850404977798,1.0596107244491577,0.08022813498973846,0.9012182354927063,0.05193575099110603,1.0628278255462646,0.03383735939860344,0.9036140441894531,0.08002475649118423,1.1011162996292114,0.0619158074259758
0,cross_scene,154,cross_scene_smooth_ap,0.8451662063598633,0.9107813835144043,0.012853026390075684,0.9045639634132385,0.08149357885122299,1.1403285264968872,0.06283988803625107,0.9065915942192078,0.04178450256586075,1.1003918647766113,0.016237450763583183,0.9070225358009338,0.09144483506679535,1.1959480047225952,0.07305540144443512
0,cross_scene,155,cross_scene_smooth_ap,0.7944731116294861,0.8766775727272034,0.006054699420928955,0.8913176655769348,0.07489807903766632,1.0439165830612183,0.06826203316450119,0.8866511583328247,0.045653924345970154,1.0151728391647339,0.022329434752464294,0.891022801399231,0.06957558542490005,1.074755311012268,0.061998143792152405
0,cross_scene,156,cross_scene_smooth_ap,0.7945799231529236,0.8959041237831116,0.011285603046417236,0.9181888699531555,0.05131113901734352,1.1008119583129883,0.03842161223292351,0.9211066961288452,0.035073764622211456,1.1264371871948242,0.01983657106757164,0.9176430702209473,0.03793879598379135,1.11391282081604,0.021990831941366196
0,cross_scene,157,cross_scene_smooth_ap,0.7559167146682739,0.8869214057922363,0.0005691647529602051,0.9014374017715454,0.04519670456647873,1.016632080078125,0.04012755677103996,0.8952029943466187,0.02274266816675663,0.9908983707427979,0.01978016272187233,0.896670937538147,0.046318717300891876,1.0402182340621948,0.04661615192890167
0,cross_scene,158,cross_scene_smooth_ap,0.8176560997962952,0.8746539354324341,0.00016814470291137695,0.8965266346931458,0.09865506738424301,1.0010664463043213,0.08536390960216522,0.8980505466461182,0.07465566694736481,1.0356311798095703,0.05876234546303749,0.8971985578536987,0.08703738451004028,1.0351710319519043,0.06960861384868622
0,cross_scene,159,cross_scene_smooth_ap,0.775446891784668,0.8889992833137512,0.003922820091247559,0.9131098985671997,0.04856303334236145,1.0714643001556396,0.03434772044420242,0.9027737975120544,0.033842533826828,1.0230185985565186,0.01736476458609104,0.912167489528656,0.0481400266289711,1.109563946723938,0.03747296705842018
0,cross_scene,160,cross_scene_smooth_ap,0.9040549993515015,0.8799815773963928,0.009617626667022705,0.8966575264930725,0.14191403985023499,1.0349026918411255,0.11903155595064163,0.8982185125350952,0.12570424377918243,1.0300006866455078,0.08271689713001251,0.8981423377990723,0.15516120195388794,1.0851671695709229,0.12554360926151276
0,cross_scene,161,cross_scene_smooth_ap,0.8107424974441528,0.8794965744018555,0.04162102937698364,0.8961189985275269,0.06198371946811676,1.0285465717315674,0.05047404766082764,0.8941663503646851,0.03413400799036026,1.0040385723114014,0.016760149970650673,0.8944565057754517,0.06192203611135483,1.050687551498413,0.04904385656118393
0,cross_scene,162,cross_scene_smooth_ap,0.8290336728096008,0.8859992027282715,0.01634448766708374,0.9064537286758423,0.08705879747867584,0.986527681350708,0.07060989737510681,0.9050542116165161,0.07970309257507324,0.9900118112564087,0.06251972168684006,0.9071165323257446,0.08900919556617737,1.008958339691162,0.0744825005531311
0,cross_scene,163,cross_scene_smooth_ap,0.8884595632553101,0.8957989811897278,0.025795161724090576,0.9126251935958862,0.10365346074104309,1.1178007125854492,0.08937223255634308,0.9054374098777771,0.07331442087888718,1.064943552017212,0.047404944896698,0.9137658476829529,0.10990814864635468,1.1840801239013672,0.09832120686769485
0,cross_scene,164,cross_scene_smooth_ap,0.7471804022789001,0.8662958145141602,0.038291990756988525,0.8768220543861389,0.03637706860899925,0.9457436800003052,0.018120700493454933,0.8776642084121704,0.021594379097223282,0.9282405972480774,0.005457774735987186,0.8798804879188538,0.04127579182386398,0.9696975946426392,0.0204157717525959
0,cross_scene,165,cross_scene_smooth_ap,0.8216796517372131,0.8886559009552002,0.04023885726928711,0.9116909503936768,0.06967148184776306,1.0327506065368652,0.054592933505773544,0.9050108194351196,0.04838993772864342,0.9982162714004517,0.03001127950847149,0.9121972918510437,0.0542936809360981,1.073997974395752,0.03552651032805443
0,cross_scene,166,cross_scene_smooth_ap,1.0326802730560303,0.9143487215042114,0.03177952766418457,0.9314371347427368,0.16746041178703308,1.2276817560195923,0.16855207085609436,0.930546760559082,0.1308911144733429,1.1716538667678833,0.11444203555583954,0.937230110168457,0.1698511838912964,1.3078579902648926,0.16925515234470367
0,cross_scene,167,cross_scene_smooth_ap,0.9383124709129333,0.8812998533248901,0.08765459060668945,0.9138996601104736,0.10815106332302094,1.0884928703308105,0.0918249785900116,0.9158345460891724,0.060061197727918625,1.0743768215179443,0.035445477813482285,0.923004150390625,0.10779860615730286,1.148285984992981,0.09675212949514389
0,cross_scene,168,cross_scene_smooth_ap,0.7976111173629761,0.8856000900268555,0.014046788215637207,0.9080376029014587,0.07030186057090759,1.0389209985733032,0.05785759910941124,0.9059252738952637,0.040934838354587555,1.0142587423324585,0.02134029194712639,0.9115328788757324,0.061363693326711655,1.0733740329742432,0.04617561399936676
0,cross_scene,169,cross_scene_smooth_ap,0.8416198492050171,0.8871569037437439,0.03037238121032715,0.904346764087677,0.0850052535533905,1.089324951171875,0.06431691348552704,0.9073581695556641,0.050880517810583115,1.0506350994110107,0.031261079013347626,0.9004901051521301,0.08281032741069794,1.0840320587158203,0.06482980400323868
0,cross_scene,170,cross_scene_smooth_ap,0.812116265296936,0.8832125067710876,0.004999637603759766,0.8958378434181213,0.09831893444061279,1.0200945138931274,0.08367279171943665,0.9013515710830688,0.04246818274259567,1.0207455158233643,0.019969850778579712,0.8983416557312012,0.091802217066288,1.058156967163086,0.07751253992319107
0,cross_scene,171,cross_scene_smooth_ap,0.8001819849014282,0.8814504146575928,0.022432804107666016,0.8993667364120483,0.059902846813201904,1.0737591981887817,0.04122433066368103,0.8985212445259094,0.03395640105009079,1.0334223508834839,0.015176373533904552,0.9037160277366638,0.06218046694993973,1.1198465824127197,0.04089494049549103
0,cross_scene,172,cross_scene_smooth_ap,0.8804943561553955,0.8763527870178223,0.05520141124725342,0.899754524230957,0.10381525754928589,1.0250462293624878,0.09521199762821198,0.8961520195007324,0.06677161157131195,1.015144944190979,0.044029124081134796,0.8993412256240845,0.09568649530410767,1.0562846660614014,0.08872991055250168
0,cross_scene,173,cross_scene_smooth_ap,0.7589135766029358,0.8703261613845825,0.0001296401023864746,0.8915511965751648,0.0616181343793869,0.9822163581848145,0.03932574763894081,0.8940620422363281,0.042035061866045,1.0151934623718262,0.023857977241277695,0.8937350511550903,0.0569223016500473,1.0373296737670898,0.036354392766952515
0,cross_scene,174,cross_scene_smooth_ap,0.8781803250312805,0.9174855351448059,0.02271270751953125,0.9327245950698853,0.10675513744354248,1.0826780796051025,0.09623906016349792,0.9283177852630615,0.06693865358829498,1.0512299537658691,0.04276597872376442,0.9357847571372986,0.0946614071726799,1.1072781085968018,0.08435368537902832
0,cross_scene,175,cross_scene_smooth_ap,0.7451607584953308,0.8697826862335205,0.011066436767578125,0.8854076266288757,0.05641563981771469,0.9779422283172607,0.033947475254535675,0.8850259780883789,0.026132110506296158,0.9644187688827515,0.00945977307856083,0.8886787295341492,0.04675932228565216,1.0080249309539795,0.024047404527664185
0,cross_scene,176,cross_scene_smooth_ap,0.9788624048233032,0.8844208121299744,0.035311102867126465,0.9131671190261841,0.16732867062091827,1.0743705034255981,0.13452132046222687,0.9147942066192627,0.15311193466186523,1.06882643699646,0.11151595413684845,0.9132254123687744,0.17775499820709229,1.1051864624023438,0.14902810752391815
0,cross_scene,177,cross_scene_smooth_ap,0.7439967393875122,0.872871458530426,0.004728555679321289,0.8876425623893738,0.05927184969186783,0.9737998247146606,0.03693713620305061,0.8862680196762085,0.03853784129023552,0.9770780801773071,0.017140839248895645,0.8850316405296326,0.04622005671262741,0.9673241376876831,0.02704549953341484
0,cross_scene,178,cross_scene_smooth_ap,0.8961015939712524,0.8819056749343872,0.014462947845458984,0.8966999053955078,0.13611137866973877,1.0358775854110718,0.12248393148183823,0.8980701565742493,0.10854330658912659,1.0275760889053345,0.08753794431686401,0.8989803194999695,0.13248294591903687,1.0781874656677246,0.11235900223255157
0,cross_scene,179,cross_scene_smooth_ap,0.7968626618385315,0.861125648021698,0.013530969619750977,0.8803343772888184,0.08872364461421967,0.9860115051269531,0.06792917847633362,0.8833684921264648,0.047851115465164185,0.9928423166275024,0.01940985396504402,0.883808970451355,0.08860431611537933,1.0446654558181763,0.06933934986591339
0,cross_scene,180,cross_scene_smooth_ap,0.7652376294136047,0.8715823888778687,0.0,0.890992283821106,0.06553329527378082,1.0183546543121338,0.03883487358689308,0.8859373331069946,0.0479179285466671,0.9800167083740234,0.03833390027284622,0.8935729265213013,0.06595291942358017,1.026448130607605,0.03435454145073891
0,cross_scene,181,cross_scene_smooth_ap,0.8334876894950867,0.883787214756012,0.016112148761749268,0.9014412760734558,0.09525798261165619,1.0480906963348389,0.07757815718650818,0.9002153873443604,0.05433012917637825,1.0474427938461304,0.02794571779668331,0.9002183079719543,0.09679939597845078,1.0691258907318115,0.07829231023788452
0,cross_scene,182,cross_scene_smooth_ap,0.8233878016471863,0.880391538143158,0.0032597780227661133,0.8922533392906189,0.10366927087306976,0.9740099906921387,0.08697444200515747,0.8934688568115234,0.09056618064641953,0.9928044080734253,0.07114116847515106,0.8922896981239319,0.09278591722249985,0.9945427179336548,0.0751938670873642
0,cross_scene,183,cross_scene_smooth_ap,0.9174785017967224,0.8966880440711975,0.01764446496963501,0.9138811230659485,0.14544758200645447,1.0577174425125122,0.12683206796646118,0.9058716297149658,0.10521817207336426,1.0201102495193481,0.07350044697523117,0.9141358733177185,0.1515265703201294,1.0900297164916992,0.13287436962127686
0,cross_scene,184,cross_scene_smooth_ap,0.8191030025482178,0.8790133595466614,5.155801773071289e-05,0.8977994918823242,0.09538216888904572,1.0273208618164062,0.06846463680267334,0.8948500752449036,0.07536865025758743,1.00974440574646,0.04705046862363815,0.8979963660240173,0.10199742019176483,1.0658676624298096,0.07773609459400177
0,cross_scene,185,cross_scene_smooth_ap,0.8392626047134399,0.8684086203575134,0.01758861541748047,0.8919564485549927,0.10124074667692184,1.0096386671066284,0.08931638300418854,0.8860997557640076,0.0821070596575737,0.9591975212097168,0.06439526379108429,0.8943303227424622,0.10319749265909195,1.016467571258545,0.09213370084762573
0,cross_scene,186,cross_scene_smooth_ap,0.7903020977973938,0.8785863518714905,0.03488779067993164,0.9035614728927612,0.04991234838962555,1.0119796991348267,0.02709178999066353,0.9025862216949463,0.033251628279685974,1.0006603002548218,0.011259827762842178,0.9056543111801147,0.06086962670087814,1.0433928966522217,0.038073938339948654
0,cross_scene,187,cross_scene_smooth_ap,0.8094875812530518,0.871026873588562,0.004512131214141846,0.898038923740387,0.09074600040912628,1.0541406869888306,0.07271584868431091,0.9004855155944824,0.05478283390402794,1.0323622226715088,0.029195429757237434,0.9016265869140625,0.07941600680351257,1.1122183799743652,0.05572805181145668
0,cross_scene,188,cross_scene_smooth_ap,0.7739367485046387,0.8834764957427979,0.03437471389770508,0.9031135439872742,0.041689496487379074,1.0213974714279175,0.024431632831692696,0.9006616473197937,0.027425050735473633,0.9965898394584656,0.01120162196457386,0.9058690071105957,0.0323045514523983,1.0223476886749268,0.021059386432170868
0,cross_scene,189,cross_scene_smooth_ap,0.7722964882850647,0.8862298130989075,0.008036613464355469,0.902790904045105,0.05291413888335228,0.9816281795501709,0.028666500002145767,0.9068354964256287,0.06634262204170227,1.0126886367797852,0.04843808710575104,0.9024254083633423,0.04741564765572548,1.0083229541778564,0.022135183215141296
0,cross_scene,190,cross_scene_smooth_ap,0.8005272150039673,0.8560267090797424,0.0420910120010376,0.8695049285888672,0.07891899347305298,0.9560544490814209,0.06121709942817688,0.8679906129837036,0.048776425421237946,0.9402695894241333,0.023088082671165466,0.8718176484107971,0.08211752772331238,0.978185772895813,0.05565894395112991
0,cross_scene,191,cross_scene_smooth_ap,0.7466485500335693,0.8939577341079712,3.3795833587646484e-05,0.9107435941696167,0.03437148779630661,1.0303148031234741,0.017636964097619057,0.9089025855064392,0.02059641107916832,1.04781973361969,0.006318946368992329,0.9093390107154846,0.03637070208787918,1.0574562549591064,0.022348057478666306
0,cross_scene,192,cross_scene_smooth_ap,0.756502091884613,0.8741360902786255,0.002585172653198242,0.8957468867301941,0.05604156106710434,1.0403964519500732,0.042703963816165924,0.8913498520851135,0.03139690309762955,1.00418221950531,0.016430944204330444,0.89531409740448,0.04451760649681091,1.0444958209991455,0.02661200985312462
0,cross_scene,193,cross_scene_smooth_ap,0.8101539611816406,0.8793191313743591,0.005994975566864014,0.8942886590957642,0.10855640470981598,0.9923957586288452,0.08668117970228195,0.8906528353691101,0.06671024858951569,0.9566150307655334,0.03218243271112442,0.8955889940261841,0.09527701139450073,0.9995272159576416,0.07155349850654602
0,cross_scene,194,cross_scene_smooth_ap,0.8649299740791321,0.8749921321868896,0.004887878894805908,0.9010124802589417,0.13888467848300934,1.048941969871521,0.10662896931171417,0.8994457721710205,0.0895165428519249,1.0095349550247192,0.04242116957902908,0.9045920372009277,0.1360570639371872,1.0818721055984497,0.10320144891738892
0,cross_scene,195,cross_scene_smooth_ap,0.788716733455658,0.8617285490036011,0.0025011301040649414,0.8810344934463501,0.09000872820615768,1.0182642936706543,0.08085817098617554,0.8790484666824341,0.04180458188056946,1.0115208625793457,0.019612476229667664,0.8834326267242432,0.07795193791389465,1.0593788623809814,0.062004704028367996
0,cross_scene,196,cross_scene_smooth_ap,0.7646485567092896,0.8678253293037415,0.00045984983444213867,0.886971116065979,0.07035888731479645,0.9437428712844849,0.044231005012989044,0.8859193325042725,0.05040431395173073,0.9517783522605896,0.02776547521352768,0.8902698159217834,0.08325529098510742,0.9796357154846191,0.06680883467197418
0,cross_scene,197,cross_scene_smooth_ap,0.7462693452835083,0.8699431419372559,0.00843501091003418,0.8958814740180969,0.05721040442585945,0.9874306321144104,0.052528105676174164,0.8923146724700928,0.018427684903144836,0.9571717977523804,0.004315285012125969,0.8919591903686523,0.04553862661123276,0.9774576425552368,0.03596882522106171
0,cross_scene,198,cross_scene_smooth_ap,0.9596428871154785,0.8722075819969177,0.020560264587402344,0.8929864168167114,0.18067030608654022,1.0505393743515015,0.1759050190448761,0.8899037837982178,0.133784681558609,1.01248300075531,0.10559500753879547,0.8926088809967041,0.18007983267307281,1.0662891864776611,0.17315104603767395
0,cross_scene,199,cross_scene_smooth_ap,0.8693247437477112,0.8849543333053589,0.004407405853271484,0.9161602854728699,0.10860322415828705,1.1021965742111206,0.09315922856330872,0.9229797124862671,0.08728039264678955,1.1070044040679932,0.06988641619682312,0.9194610714912415,0.10163012146949768,1.1253015995025635,0.08312125504016876
0,cross_scene,200,cross_scene_smooth_ap,0.7697087526321411,0.8663404583930969,3.504753112792969e-05,0.8899945616722107,0.06152825802564621,1.0069777965545654,0.03672614321112633,0.8913325071334839,0.05320523679256439,1.0051884651184082,0.029409926384687424,0.8902198076248169,0.07672020047903061,1.0227659940719604,0.05260469391942024
0,cross_scene,201,cross_scene_smooth_ap,0.7456952929496765,0.8644434213638306,0.008251786231994629,0.8820137977600098,0.04779256135225296,0.9753520488739014,0.03130471333861351,0.8826244473457336,0.036553755402565,0.9802132844924927,0.01983160525560379,0.886588454246521,0.05141434818506241,0.994759202003479,0.031249944120645523
0,cross_scene,202,cross_scene_smooth_ap,0.7725787162780762,0.8703294992446899,0.0007541179656982422,0.8928089737892151,0.07646375149488449,0.9821597933769226,0.06028297170996666,0.8953067660331726,0.056811053305864334,1.0107421875,0.04006047174334526,0.8924536108970642,0.059959907084703445,1.0010793209075928,0.031874045729637146
0,cross_scene,203,cross_scene_smooth_ap,0.732330858707428,0.8692017793655396,0.005335807800292969,0.8847742676734924,0.03912458196282387,0.9613157510757446,0.024426491931080818,0.8886426091194153,0.04128360003232956,0.9576672315597534,0.024542495608329773,0.8867181539535522,0.039284203201532364,0.964688777923584,0.022181468084454536
0,cross_scene,204,cross_scene_smooth_ap,0.8173956274986267,0.8675110340118408,0.01734936237335205,0.8861258029937744,0.08896215260028839,0.9641688466072083,0.0686788409948349,0.8868201375007629,0.0685797929763794,0.9676700234413147,0.05021589249372482,0.8872296810150146,0.10693995654582977,0.9915403127670288,0.08811245858669281
0,cross_scene,205,cross_scene_smooth_ap,0.8670889139175415,0.8921154141426086,0.01527327299118042,0.9246820211410522,0.11851506680250168,1.0458588600158691,0.09699232131242752,0.911803126335144,0.07829608023166656,1.0055404901504517,0.04428904503583908,0.9264779686927795,0.11615446209907532,1.088184118270874,0.09338456392288208
0,cross_scene,206,cross_scene_smooth_ap,0.7837954759597778,0.8650831580162048,0.013566970825195312,0.8872262835502625,0.08043235540390015,0.9494869112968445,0.06464269757270813,0.8889690637588501,0.06123504415154457,0.956985354423523,0.03936014696955681,0.8891232013702393,0.07136932760477066,0.9714940786361694,0.05102953314781189
0,cross_scene,207,cross_scene_smooth_ap,0.7935358285903931,0.8653667569160461,0.010306000709533691,0.8839818239212036,0.08665984869003296,0.9992377161979675,0.06303604692220688,0.8878918290138245,0.05790103226900101,0.9907747507095337,0.029670700430870056,0.8869194984436035,0.0794253796339035,1.0365231037139893,0.05574994906783104
0,cross_scene,208,cross_scene_smooth_ap,0.8384784460067749,0.8958073854446411,0.016568124294281006,0.9139702916145325,0.08090518414974213,0.9980525374412537,0.07105357944965363,0.9177747964859009,0.06524080038070679,1.0083885192871094,0.05057487264275551,0.9187254309654236,0.098017618060112,1.0390630960464478,0.094050332903862
0,cross_scene,209,cross_scene_smooth_ap,0.82718825340271,0.8747401237487793,0.009714841842651367,0.8937051296234131,0.0891096442937851,1.045892596244812,0.07740708440542221,0.894694983959198,0.0665273368358612,1.0344483852386475,0.04314486309885979,0.8949070572853088,0.09116081148386002,1.0826143026351929,0.07904975116252899
0,cross_scene,210,cross_scene_smooth_ap,0.825951099395752,0.8681257367134094,0.0023136138916015625,0.8903400301933289,0.10896611958742142,1.0052101612091064,0.085265152156353,0.8928295373916626,0.07645000517368317,1.0218312740325928,0.04395737498998642,0.8911051750183105,0.1130693182349205,1.0249255895614624,0.08996891230344772
0,cross_scene,211,cross_scene_smooth_ap,0.7774491906166077,0.875572144985199,0.015278339385986328,0.8981327414512634,0.05722969025373459,0.982454776763916,0.04242455214262009,0.9048100709915161,0.052756309509277344,0.9925580620765686,0.03920137509703636,0.9008274078369141,0.0538620799779892,1.0017768144607544,0.03411758318543434
0,cross_scene,212,cross_scene_smooth_ap,0.7603375911712646,0.8891178965568542,0.009205818176269531,0.9097866415977478,0.03899566829204559,1.0347952842712402,0.022634059190750122,0.9076846837997437,0.02701486274600029,1.0132982730865479,0.012141100130975246,0.9107316136360168,0.04273630306124687,1.0528556108474731,0.02883639559149742
0,cross_scene,213,cross_scene_smooth_ap,0.8811817169189453,0.8822299838066101,0.006199896335601807,0.9154506921768188,0.14086660742759705,1.0686018466949463,0.12538489699363708,0.914104700088501,0.06961528956890106,1.0459272861480713,0.036084435880184174,0.9146183729171753,0.13645930588245392,1.1079981327056885,0.12038618326187134
0,cross_scene,214,cross_scene_smooth_ap,0.7515385150909424,0.8685469627380371,0.001110672950744629,0.8877758383750916,0.059183843433856964,0.9514280557632446,0.035796087235212326,0.8853190541267395,0.06345432996749878,0.9336755871772766,0.04174431413412094,0.8882704377174377,0.05895858630537987,0.9721287488937378,0.03449460491538048
0,cross_scene,215,cross_scene_smooth_ap,0.7103429436683655,0.849488377571106,0.03909832239151001,0.868260383605957,0.01189340278506279,0.9328454732894897,0.009112674742937088,0.8674014806747437,0.0037677111104130745,0.9170933961868286,0.000367775559425354,0.8709003329277039,0.00831528753042221,0.9445070028305054,0.0016970885917544365
0,cross_scene,216,cross_scene_smooth_ap,0.8209048509597778,0.8711279630661011,0.012216627597808838,0.8896815776824951,0.1048092320561409,0.9791452288627625,0.07870585471391678,0.8894241452217102,0.0648876279592514,0.9608543515205383,0.022790804505348206,0.8907971382141113,0.1230933740735054,0.9964272975921631,0.10056163370609283
0,cross_scene,217,cross_scene_smooth_ap,0.8643834590911865,0.8858929872512817,0.008568286895751953,0.9040943384170532,0.1191302090883255,1.0138602256774902,0.08954090625047684,0.9089998006820679,0.11652275919914246,1.0342509746551514,0.0841856598854065,0.906299352645874,0.11099018156528473,1.028624176979065,0.08495485037565231
0,cross_scene,218,cross_scene_smooth_ap,0.7850080132484436,0.8654099702835083,0.0016130805015563965,0.8864373564720154,0.08191875368356705,0.9750773906707764,0.05673239380121231,0.8836268782615662,0.06291129440069199,0.9605641961097717,0.03180444985628128,0.8899959921836853,0.09358677268028259,1.0107899904251099,0.0723855048418045
0,cross_scene,219,cross_scene_smooth_ap,0.8263601064682007,0.8670076131820679,0.003071427345275879,0.8887293934822083,0.1055905744433403,1.0054033994674683,0.09204302728176117,0.8896830677986145,0.0674760565161705,0.9939417839050293,0.03980124741792679,0.8953980803489685,0.11645683646202087,1.0369672775268555,0.10140502452850342
0,cross_scene,220,cross_scene_smooth_ap,0.7960717678070068,0.8875730037689209,0.032056331634521484,0.9006576538085938,0.06442804634571075,0.9796053171157837,0.04570900648832321,0.8998664021492004,0.052377380430698395,0.9541926383972168,0.03111507184803486,0.9011864066123962,0.06202101707458496,0.9782297611236572,0.04159235209226608
0,cross_scene,221,cross_scene_smooth_ap,0.8093407154083252,0.8665879368782043,0.009347915649414062,0.8842241168022156,0.09727807343006134,0.9743939638137817,0.07511299103498459,0.8846701979637146,0.07652465999126434,0.961164116859436,0.04983672499656677,0.8825628757476807,0.10040238499641418,0.9854590892791748,0.07673680782318115
0,cross_scene,222,cross_scene_smooth_ap,0.8451234102249146,0.8658875823020935,0.01448589563369751,0.889019250869751,0.12885317206382751,0.996868371963501,0.1088353618979454,0.8888832926750183,0.08629310131072998,0.9814802408218384,0.048164352774620056,0.8907988667488098,0.11480268836021423,1.0097277164459229,0.08412119001150131
0,cross_scene,223,cross_scene_smooth_ap,0.8196980953216553,0.8784458637237549,0.002463817596435547,0.9019337892532349,0.11027148365974426,1.0087614059448242,0.07198164612054825,0.90060955286026,0.0877007395029068,0.9990211725234985,0.05031517893075943,0.9010382890701294,0.0979248508810997,1.0253889560699463,0.06004611402750015
0,cross_scene,224,cross_scene_smooth_ap,0.831594705581665,0.870556116104126,0.05036163330078125,0.8863136768341064,0.07498437166213989,0.9838783740997314,0.0671943947672844,0.8867894411087036,0.05455690622329712,0.9770065546035767,0.037884198129177094,0.887603759765625,0.07447253167629242,1.0203750133514404,0.0646282359957695
0,cross_scene,225,cross_scene_smooth_ap,0.7833626866340637,0.8659424781799316,0.022218048572540283,0.8875178098678589,0.07004294544458389,0.9610272645950317,0.05040885508060455,0.8898035883903503,0.053011517971754074,0.963998556137085,0.0290212482213974,0.8917383551597595,0.07024447619915009,0.9823858737945557,0.04708318039774895
0,cross_scene,226,cross_scene_smooth_ap,0.8578475117683411,0.8713691234588623,0.0020499229431152344,0.8938613533973694,0.12479400634765625,1.029205083847046,0.10828223824501038,0.896472156047821,0.0794638842344284,1.0214543342590332,0.0569964200258255,0.8984066247940063,0.13122016191482544,1.066453456878662,0.11577990651130676
0,cross_scene,227,cross_scene_smooth_ap,0.7642086148262024,0.8670293092727661,0.002959012985229492,0.8855348825454712,0.06505692005157471,0.9589532017707825,0.04102913290262222,0.8907278776168823,0.055774226784706116,0.9653828144073486,0.03368092328310013,0.886745035648346,0.0730019137263298,0.9787763953208923,0.05405237525701523
0,cross_scene,228,cross_scene_smooth_ap,0.7535333037376404,0.8845047354698181,0.015712618827819824,0.9100049734115601,0.034640245139598846,0.9904883503913879,0.012422404251992702,0.9054430723190308,0.04400760680437088,0.9739046096801758,0.01958252489566803,0.9055283069610596,0.04279697313904762,0.9918333888053894,0.020927242934703827
0,cross_scene,229,cross_scene_smooth_ap,0.718477189540863,0.8608718514442444,0.00045555830001831055,0.8826407790184021,0.04224192351102829,0.9826474785804749,0.026828519999980927,0.8817945122718811,0.02538183517754078,0.9524402022361755,0.009474041871726513,0.8802393674850464,0.037055134773254395,0.9732772707939148,0.019219957292079926
0,cross_scene,230,cross_scene_smooth_ap,0.727556586265564,0.863731861114502,0.0006104707717895508,0.8858262896537781,0.05540787801146507,0.9800004959106445,0.03392796218395233,0.8820439577102661,0.02428777888417244,0.9578104615211487,0.004771677777171135,0.8870247602462769,0.0407659150660038,1.0024348497390747,0.019844435155391693
0,cross_scene,231,cross_scene_smooth_ap,0.7459365129470825,0.85809326171875,0.03039562702178955,0.8747268915176392,0.044598836451768875,0.9800557494163513,0.03378371521830559,0.8754779100418091,0.020512215793132782,0.9556797742843628,0.005701864138245583,0.8774877190589905,0.030612763017416,0.9923661947250366,0.01692938059568405
0,cross_scene,232,cross_scene_smooth_ap,0.7129471302032471,0.858319103717804,0.008532404899597168,0.8795182704925537,0.03877173364162445,0.9483840465545654,0.0199764221906662,0.877049446105957,0.01981651596724987,0.9176874160766602,0.004460697993636131,0.8794281482696533,0.04128480702638626,0.9437960386276245,0.019741728901863098
0,cross_scene,233,cross_scene_smooth_ap,0.8658071756362915,0.8803918361663818,0.03889167308807373,0.9121116399765015,0.09033538401126862,1.034677505493164,0.07416495680809021,0.9091299772262573,0.07962352782487869,1.00668466091156,0.07008566707372665,0.9079799652099609,0.0947132408618927,1.0533479452133179,0.07703659683465958
0,cross_scene,234,cross_scene_smooth_ap,0.7618786692619324,0.8630354404449463,0.009997367858886719,0.8845999240875244,0.06730353087186813,0.9796792268753052,0.04682052507996559,0.8845227956771851,0.029872920364141464,0.9730243682861328,0.012037870474159718,0.8890804052352905,0.07021771371364594,0.9984273910522461,0.04845927655696869
0,cross_scene,235,cross_scene_smooth_ap,0.7651640772819519,0.867530882358551,0.00013709068298339844,0.8911634683609009,0.06508298218250275,0.9820764064788818,0.05454429239034653,0.8925148248672485,0.024943415075540543,0.9720557928085327,0.00760754756629467,0.8947690725326538,0.07850363850593567,1.0321688652038574,0.07364584505558014
0,cross_scene,236,cross_scene_smooth_ap,0.7850497961044312,0.8677579760551453,0.017692208290100098,0.8907723426818848,0.06884633004665375,0.9982732534408569,0.04997260496020317,0.890839159488678,0.035249851644039154,0.9822971224784851,0.013831675983965397,0.8940760493278503,0.08067943155765533,1.0126737356185913,0.06344856321811676
0,cross_scene,237,cross_scene_smooth_ap,0.7841728925704956,0.879046618938446,0.0018663406372070312,0.8945221900939941,0.06365522742271423,1.0218747854232788,0.04603004828095436,0.8949363231658936,0.0621873214840889,1.0162506103515625,0.03581814467906952,0.8916915655136108,0.0730019360780716,1.0303415060043335,0.05294793099164963
0,cross_scene,238,cross_scene_smooth_ap,0.7099975347518921,0.8636457920074463,0.0032291412353515625,0.886031448841095,0.03644902631640434,0.9712588787078857,0.0178369153290987,0.8827446699142456,0.013972032815217972,0.9385430812835693,0.003049480728805065,0.8887763619422913,0.02826511859893799,0.9817956686019897,0.01413816399872303
0,cross_scene,239,cross_scene_smooth_ap,0.7000906467437744,0.8591788411140442,0.003999888896942139,0.879660427570343,0.02315257117152214,0.9435033202171326,0.011938312090933323,0.8818632960319519,0.007620872929692268,0.9528273344039917,0.0026326607912778854,0.8812762498855591,0.027806371450424194,0.962816059589386,0.01805124804377556
0,cross_scene,240,cross_scene_smooth_ap,0.8195887207984924,0.8725675344467163,0.003589332103729248,0.8878899812698364,0.09303615242242813,0.9796992540359497,0.08647547662258148,0.8960546255111694,0.07770000398159027,0.9794582724571228,0.056523870676755905,0.8955637216567993,0.09684430062770844,1.0238621234893799,0.09334100037813187
0,cross_scene,241,cross_scene_smooth_ap,0.8273897171020508,0.8644039630889893,0.002100348472595215,0.8915086388587952,0.11978903412818909,1.0069242715835571,0.100846067070961,0.8883281946182251,0.07216711342334747,0.9749321341514587,0.049836330115795135,0.8903943300247192,0.10901416838169098,1.0305002927780151,0.09090488404035568
0,cross_scene,242,cross_scene_smooth_ap,0.7845775485038757,0.8656023740768433,0.0024130940437316895,0.8882972002029419,0.08963363617658615,0.9538772702217102,0.06944525986909866,0.8843488693237305,0.055941857397556305,0.9291574358940125,0.026736360043287277,0.8864808082580566,0.10202517360448837,0.9671815633773804,0.08282516896724701
0,cross_scene,243,cross_scene_smooth_ap,0.7583311200141907,0.8655542731285095,0.004731655120849609,0.8823593258857727,0.07113952934741974,0.951519250869751,0.046323396265506744,0.8849761486053467,0.05396181717514992,0.9625897407531738,0.02842787653207779,0.88676518201828,0.06156109645962715,0.9910486936569214,0.034343820065259933
0,cross_scene,244,cross_scene_smooth_ap,0.8911325931549072,0.8814097046852112,0.061548590660095215,0.9134326577186584,0.09234187006950378,1.0319727659225464,0.07717326283454895,0.9134508967399597,0.07421138882637024,1.0160720348358154,0.0531119778752327,0.9154399633407593,0.1022728756070137,1.0514380931854248,0.0905463695526123
0,cross_scene,245,cross_scene_smooth_ap,0.7939338088035583,0.8650161027908325,0.0042754411697387695,0.8882489204406738,0.08572588860988617,0.9840214252471924,0.06274538487195969,0.8901767134666443,0.0705113559961319,0.9889594912528992,0.04915874823927879,0.8871508836746216,0.08511364459991455,0.99309241771698,0.06314535439014435
0,cross_scene,246,cross_scene_smooth_ap,0.7859910726547241,0.8741437792778015,0.00854504108428955,0.8970595002174377,0.07126506417989731,0.9685015678405762,0.05197873339056969,0.9028208255767822,0.06603110581636429,0.9829951524734497,0.04365929588675499,0.9003137350082397,0.07181128114461899,0.9985401630401611,0.04748442396521568
0,cross_scene,247,cross_scene_smooth_ap,0.7948283553123474,0.8723381757736206,0.016996026039123535,0.9042615294456482,0.07225985825061798,0.9872108101844788,0.05591480806469917,0.9024481773376465,0.06944611668586731,0.9833954572677612,0.04954126477241516,0.9038582444190979,0.058609191328287125,1.002819299697876,0.03855514898896217
0,cross_scene,248,cross_scene_smooth_ap,0.8049173355102539,0.8622512817382812,0.01477426290512085,0.8784314393997192,0.0974973812699318,0.9674715399742126,0.06386943906545639,0.8773128390312195,0.08502046763896942,0.9375726580619812,0.05420633405447006,0.879253625869751,0.09441715478897095,0.9820889234542847,0.06259968876838684
0,cross_scene,249,cross_scene_smooth_ap,0.7795801162719727,0.8685173392295837,0.0009979009628295898,0.8941612839698792,0.07675573229789734,1.0187488794326782,0.058175183832645416,0.8894835710525513,0.04630488157272339,0.9758105278015137,0.0211549773812294,0.8963107466697693,0.07839497178792953,1.0383241176605225,0.060746025294065475
0,cross_scene,250,cross_scene_smooth_ap,0.7117040753364563,0.8696556091308594,0.0029309988021850586,0.8876181840896606,0.031811781227588654,0.9639062881469727,0.025286022573709488,0.8859438896179199,0.014100776985287666,0.9402616024017334,0.005277171730995178,0.888897716999054,0.027266643941402435,0.9662725329399109,0.01739407703280449
0,cross_scene,251,cross_scene_smooth_ap,0.8271545171737671,0.8676454424858093,0.008092999458312988,0.8929023742675781,0.09616094827651978,1.0074279308319092,0.0730009377002716,0.8895336389541626,0.07298824191093445,0.9936182498931885,0.04355031996965408,0.894351601600647,0.11614374816417694,1.0414841175079346,0.10031711310148239
0,cross_scene,252,cross_scene_smooth_ap,0.758485734462738,0.8667939305305481,0.004931807518005371,0.8873370885848999,0.05477410927414894,0.9829496145248413,0.04095963388681412,0.8874194622039795,0.037459660321474075,0.9677707552909851,0.019872382283210754,0.890731692314148,0.06550660729408264,1.017260193824768,0.05102649703621864
0,cross_scene,253,cross_scene_smooth_ap,0.7939742803573608,0.8646514415740967,0.02716648578643799,0.8889603614807129,0.06803573668003082,0.9927762150764465,0.040000900626182556,0.8900139331817627,0.06027500703930855,0.9829884767532349,0.02995211072266102,0.8901009559631348,0.07593365013599396,1.0065042972564697,0.04460088908672333
0,cross_scene,254,cross_scene_smooth_ap,0.766653835773468,0.8654756546020508,0.048110783100128174,0.8892436027526855,0.03640264272689819,0.9658621549606323,0.027248825877904892,0.890234112739563,0.03284681960940361,0.9530479907989502,0.016062861308455467,0.893736720085144,0.02868809551000595,0.9639468193054199,0.015423387289047241
0,cross_scene,255,cross_scene_smooth_ap,0.8256246447563171,0.8583323359489441,0.01105499267578125,0.8785440325737,0.11671073734760284,0.9521863460540771,0.08931274712085724,0.8780684471130371,0.0775340348482132,0.9262028336524963,0.04687973111867905,0.8820463418960571,0.13220460712909698,0.9773237705230713,0.10584689676761627
0,cross_scene,256,cross_scene_smooth_ap,0.7867074608802795,0.8537374138832092,0.007355034351348877,0.8750547170639038,0.10196276754140854,0.9478349685668945,0.07628027349710464,0.8746523857116699,0.06273531913757324,0.9487823247909546,0.03316818177700043,0.8757007122039795,0.0945015549659729,0.957275927066803,0.06859055161476135
0,cross_scene,257,cross_scene_smooth_ap,0.7204718589782715,0.8524800539016724,0.0015932321548461914,0.8706592321395874,0.05507654696702957,0.9388378262519836,0.03917267173528671,0.8680606484413147,0.03600338101387024,0.9108976721763611,0.01846175268292427,0.8699936270713806,0.04231030493974686,0.9482704401016235,0.029769927263259888
0,cross_scene,258,cross_scene_smooth_ap,0.8015138506889343,0.867350161075592,0.007624626159667969,0.8902981281280518,0.09470213949680328,0.9472613334655762,0.06129904091358185,0.8907299637794495,0.0889931172132492,0.9467632174491882,0.05760815739631653,0.8919880986213684,0.09650120139122009,0.9719646573066711,0.06276790797710419
0,cross_scene,259,cross_scene_smooth_ap,0.7213447690010071,0.8684594035148621,0.008302390575408936,0.8852414488792419,0.03726357966661453,0.9535846710205078,0.022995274513959885,0.8870915770530701,0.028096500784158707,0.9578645825386047,0.009843026287853718,0.8863068222999573,0.03092869371175766,0.9609793424606323,0.010893563739955425
0,cross_scene,260,cross_scene_smooth_ap,0.8302085995674133,0.8660995960235596,0.01339346170425415,0.8853856921195984,0.10191815346479416,0.9838923215866089,0.0858125165104866,0.8840203285217285,0.08018811047077179,0.9739997982978821,0.05412361025810242,0.8854399919509888,0.11223424971103668,0.9979915618896484,0.09664085507392883
1,control,1,hard_triplet,4.149386405944824,4.635481357574463,0.24779048562049866,4.635982036590576,0.2674800753593445,4.641592502593994,0.3487299084663391,4.634551048278809,0.23052458465099335,4.638511657714844,0.2780984342098236,4.6144914627075195,0.25338661670684814,4.644176006317139,0.32291457056999207
1,control,2,hard_triplet,4.0513529777526855,4.617517948150635,0.21259935200214386,4.637111186981201,0.23736968636512756,4.641362190246582,0.3157092332839966,4.6420087814331055,0.19274824857711792,4.630700588226318,0.22419220209121704,4.646996974945068,0.21284326910972595,4.640756607055664,0.2749868631362915
1,control,3,hard_triplet,3.9871785640716553,4.608558654785156,0.18261197209358215,4.6405816078186035,0.21408431231975555,4.643228530883789,0.3152695298194885,4.64932918548584,0.15392917394638062,4.6378984451293945,0.1933501660823822,4.6226301193237305,0.18982502818107605,4.640916347503662,0.26505452394485474
1,control,4,hard_triplet,4.053427696228027,4.632134914398193,0.2070358395576477,4.644931793212891,0.22893552482128143,4.635918617248535,0.3256835639476776,4.637360095977783,0.18442653119564056,4.619219779968262,0.22610002756118774,4.635686874389648,0.21771961450576782,4.635422229766846,0.30105331540107727
1,control,5,hard_triplet,4.022716522216797,4.619006633758545,0.1998748779296875,4.629953384399414,0.2239483892917633,4.639488697052002,0.31849831342697144,4.6333327293396,0.18174105882644653,4.6261444091796875,0.20702841877937317,4.631856441497803,0.20504063367843628,4.634596347808838,0.27097833156585693
1,control,6,hard_triplet,4.0041399002075195,4.625144004821777,0.18961471319198608,4.62000036239624,0.20940229296684265,4.629981994628906,0.31634706258773804,4.596250057220459,0.16867691278457642,4.6292805671691895,0.20455588400363922,4.638522148132324,0.2030465006828308,4.6277360916137695,0.28367093205451965
1,control,7,hard_triplet,4.022830486297607,4.601912498474121,0.20232199132442474,4.640301704406738,0.22012579441070557,4.631958484649658,0.31683892011642456,4.613925933837891,0.18534645438194275,4.620213031768799,0.2114723026752472,4.621403694152832,0.21324187517166138,4.638124942779541,0.2777858376502991
1,control,8,hard_triplet,4.032443046569824,4.639509677886963,0.20626577734947205,4.611120223999023,0.22786186635494232,4.631577014923096,0.31765586137771606,4.590634822845459,0.18593205511569977,4.646543502807617,0.20360222458839417,4.61067533493042,0.21675994992256165,4.62923002243042,0.2734593451023102
1,control,9,hard_triplet,4.102071762084961,4.650847434997559,0.2333262860774994,4.625479698181152,0.24852211773395538,4.63953971862793,0.3195847272872925,4.644475936889648,0.21796441078186035,4.641935348510742,0.2299720048904419,4.630723476409912,0.2445307821035385,4.628849029541016,0.2932260036468506
1,control,10,hard_triplet,4.116852283477783,4.601360321044922,0.24477827548980713,4.628086566925049,0.24980475008487701,4.624987602233887,0.32071614265441895,4.600646495819092,0.23307999968528748,4.624744892120361,0.25232449173927307,4.6222076416015625,0.261951208114624,4.625012397766113,0.32716235518455505
1,control,11,hard_triplet,4.048920154571533,4.645020961761475,0.20911946892738342,4.658085823059082,0.22525134682655334,4.627458572387695,0.31198617815971375,4.645163536071777,0.19200798869132996,4.626410961151123,0.20154213905334473,4.6391119956970215,0.22239603102207184,4.63128662109375,0.28515779972076416
1,control,12,hard_triplet,3.992622137069702,4.70814847946167,0.17686527967453003,4.648025035858154,0.2027183324098587,4.628774166107178,0.3068561553955078,4.637160301208496,0.15284165740013123,4.640088081359863,0.1657007783651352,4.656472682952881,0.1902732402086258,4.6391496658325195,0.2532642185688019
1,control,13,hard_triplet,4.006400108337402,4.579104423522949,0.20535114407539368,4.59784460067749,0.22364549338817596,4.629159927368164,0.3138504922389984,4.580663681030273,0.1828295886516571,4.620934009552002,0.19320116937160492,4.574416160583496,0.22394916415214539,4.610144138336182,0.2832271158695221
1,control,14,hard_triplet,3.7064409255981445,4.032315254211426,0.17934933304786682,4.298150539398193,0.20917093753814697,4.5836286544799805,0.3072109818458557,4.22928524017334,0.14256659150123596,4.514614105224609,0.1387770175933838,4.235861301422119,0.2092364877462387,4.530527591705322,0.2717334032058716
1,control,15,hard_triplet,3.6893582344055176,4.119748592376709,0.153303861618042,4.346088409423828,0.1876261830329895,4.582858562469482,0.3068392872810364,4.297560214996338,0.11393056809902191,4.519189834594727,0.11131605505943298,4.304226875305176,0.18259254097938538,4.534763813018799,0.2606017291545868
1,control,16,hard_triplet,3.7007803916931152,3.956552505493164,0.19561734795570374,4.234515190124512,0.22372640669345856,4.56632661819458,0.30521050095558167,4.146864891052246,0.17377817630767822,4.492635726928711,0.17331132292747498,4.187335968017578,0.21471111476421356,4.497169494628906,0.2650793194770813
1,control,17,hard_triplet,3.636037826538086,3.7771103382110596,0.1991649568080902,4.1604228019714355,0.21832531690597534,4.539158821105957,0.3049405813217163,4.071096420288086,0.1807909905910492,4.462324619293213,0.18427476286888123,4.0690813064575195,0.21729114651679993,4.477970600128174,0.271405428647995
1,control,18,hard_triplet,3.638801097869873,3.7695975303649902,0.2070249319076538,4.107540607452393,0.2270074039697647,4.544367790222168,0.3052726686000824,4.039946556091309,0.18272563815116882,4.444075107574463,0.18171079456806183,4.074827194213867,0.22426216304302216,4.48635721206665,0.27082347869873047
1,control,19,hard_triplet,3.4696786403656006,3.565896987915039,0.1741081178188324,4.00415563583374,0.21065470576286316,4.523630142211914,0.2983896732330322,3.9259071350097656,0.15142174065113068,4.404928684234619,0.14211824536323547,3.9023313522338867,0.18612194061279297,4.430535793304443,0.23051586747169495
1,control,20,hard_triplet,3.547992706298828,3.7172904014587402,0.17748728394508362,4.0858612060546875,0.20934483408927917,4.540836334228516,0.30687785148620605,3.9812521934509277,0.1381334662437439,4.423319339752197,0.1294936239719391,4.01458215713501,0.21114382147789001,4.44917631149292,0.27139440178871155
1,control,21,hard_triplet,3.650118350982666,3.6958470344543457,0.22491000592708588,4.0526957511901855,0.24067175388336182,4.542935848236084,0.3108808994293213,3.9873788356781006,0.20216193795204163,4.407736778259277,0.20193663239479065,4.011086463928223,0.2537611126899719,4.454445838928223,0.31014594435691833
1,control,22,hard_triplet,3.379136800765991,3.4116806983947754,0.16592131555080414,3.9021196365356445,0.19957609474658966,4.5051679611206055,0.29970329999923706,3.7958178520202637,0.1426926851272583,4.3745951652526855,0.13376493752002716,3.827711582183838,0.1810770332813263,4.397086143493652,0.21686765551567078
1,control,23,hard_triplet,3.459812879562378,3.38454270362854,0.2072407603263855,3.883913278579712,0.23173025250434875,4.511231422424316,0.30411991477012634,3.7603890895843506,0.18431831896305084,4.344913005828857,0.18008431792259216,3.824002265930176,0.22531704604625702,4.395572662353516,0.2601684331893921
1,control,24,hard_triplet,3.38584566116333,3.3014466762542725,0.19258621335029602,3.834343433380127,0.22837048768997192,4.506092548370361,0.30160456895828247,3.69326114654541,0.167434960603714,4.321686744689941,0.16377103328704834,3.7628588676452637,0.2106563150882721,4.367123603820801,0.2379646599292755
1,control,25,hard_triplet,3.418827533721924,3.4619638919830322,0.17814993858337402,3.9242448806762695,0.2059200555086136,4.508237838745117,0.2994415760040283,3.8166747093200684,0.1533791869878769,4.369119167327881,0.1489136964082718,3.8212170600891113,0.19250187277793884,4.387906074523926,0.22478970885276794
1,control,26,hard_triplet,3.177311420440674,3.122609853744507,0.1439771056175232,3.6697070598602295,0.19419443607330322,4.481309413909912,0.3011476397514343,3.5469131469726562,0.11517421901226044,4.263265132904053,0.10993555188179016,3.5634944438934326,0.16088484227657318,4.301174163818359,0.18743513524532318
1,control,27,hard_triplet,2.889681816101074,2.6000871658325195,0.11874502152204514,3.3816123008728027,0.1828266680240631,4.394695281982422,0.2928869128227234,3.2651784420013428,0.08096791803836823,4.154792308807373,0.07091996818780899,3.2572479248046875,0.1413128674030304,4.18571662902832,0.1683313399553299
1,control,28,hard_triplet,2.899122953414917,2.6169538497924805,0.13043373823165894,3.351649522781372,0.18575818836688995,4.389800071716309,0.29708245396614075,3.210768699645996,0.10302110761404037,4.123187065124512,0.08609189093112946,3.238370895385742,0.13399028778076172,4.1897969245910645,0.1506677269935608
1,control,29,hard_triplet,2.828529119491577,2.3537697792053223,0.14722126722335815,3.208268404006958,0.20603039860725403,4.3693742752075195,0.2997419238090515,3.0574707984924316,0.12052111327648163,4.066961288452148,0.11169730126857758,3.080754041671753,0.15968330204486847,4.127380847930908,0.17038339376449585
1,control,30,hard_triplet,2.85922908782959,2.4688470363616943,0.14217711985111237,3.2197983264923096,0.18761089444160461,4.349092960357666,0.2962861657142639,3.1114306449890137,0.11308915168046951,4.079263687133789,0.10169707238674164,3.137453317642212,0.16335755586624146,4.139380931854248,0.19184738397598267
1,control,31,hard_triplet,2.8733277320861816,2.467060089111328,0.15086503326892853,3.2666807174682617,0.20510195195674896,4.376199245452881,0.2979108393192291,3.088775634765625,0.099394291639328,4.0771484375,0.080132395029068,3.1100804805755615,0.1843823343515396,4.1301727294921875,0.20618247985839844
1,control,32,hard_triplet,2.9628047943115234,2.4417526721954346,0.20118531584739685,3.18314528465271,0.22877803444862366,4.336277961730957,0.3029799163341522,3.03848934173584,0.17683236300945282,4.052347183227539,0.1662684977054596,3.102587938308716,0.21597257256507874,4.1092610359191895,0.23985788226127625
1,control,33,hard_triplet,2.670271873474121,2.2008867263793945,0.11196291446685791,3.0183024406433105,0.18270114064216614,4.3204755783081055,0.290958434343338,2.8823533058166504,0.08175693452358246,3.989079475402832,0.07642462849617004,2.9211204051971436,0.15375497937202454,4.062920570373535,0.18200208246707916
1,control,34,hard_triplet,2.8985354900360107,2.307770252227783,0.2054479420185089,3.063549041748047,0.23107053339481354,4.308412551879883,0.29679933190345764,2.920283079147339,0.18344631791114807,4.005551338195801,0.17343910038471222,2.9376893043518066,0.2268763780593872,4.065208911895752,0.25271669030189514
1,control,35,hard_triplet,2.6988723278045654,2.2518022060394287,0.1430734097957611,2.94589900970459,0.1979489028453827,4.244668960571289,0.2859959006309509,2.810337781906128,0.1115674301981926,3.952662706375122,0.09800967574119568,2.877357006072998,0.15712985396385193,4.019838809967041,0.17048601806163788
1,control,36,hard_triplet,3.1475625038146973,2.7329812049865723,0.24489836394786835,3.228350877761841,0.25428569316864014,4.311327934265137,0.3054425120353699,3.075993776321411,0.22381946444511414,4.033631801605225,0.21958830952644348,3.149670124053955,0.27279138565063477,4.068999290466309,0.31242311000823975
1,control,37,hard_triplet,2.8100686073303223,2.1542985439300537,0.21412071585655212,2.879240036010742,0.24956992268562317,4.235881328582764,0.29755547642707825,2.675412654876709,0.2046535164117813,3.866197109222412,0.20382672548294067,2.759796619415283,0.23409120738506317,3.9562652111053467,0.24886514246463776
1,control,38,hard_triplet,2.5180251598358154,1.9038033485412598,0.1454125940799713,2.637758731842041,0.20468685030937195,4.1777777671813965,0.29625606536865234,2.4819564819335938,0.101597361266613,3.7985799312591553,0.09292557090520859,2.5329065322875977,0.182371124625206,3.888432741165161,0.2030065357685089
1,control,39,hard_triplet,2.66503643989563,2.3134102821350098,0.1147858053445816,2.9642159938812256,0.18377864360809326,4.263376235961914,0.2881849408149719,2.834996223449707,0.08337311446666718,3.944593906402588,0.07009176164865494,2.89884352684021,0.13483361899852753,4.039321422576904,0.14554743468761444
1,control,40,hard_triplet,2.267763137817383,1.4611876010894775,0.13704288005828857,2.27998685836792,0.20847168564796448,4.012760639190674,0.289767324924469,2.155552387237549,0.0908011645078659,3.635195016860962,0.08170002698898315,2.222364664077759,0.17799195647239685,3.748108148574829,0.19497117400169373
1,control,41,hard_triplet,2.437028408050537,1.7076163291931152,0.15617485344409943,2.5133888721466064,0.2229803055524826,4.046278953552246,0.28130602836608887,2.395777702331543,0.11977997422218323,3.7431302070617676,0.09769899398088455,2.446471691131592,0.18122339248657227,3.813873529434204,0.19316907227039337
1,control,42,hard_triplet,1.9044992923736572,1.2109521627426147,0.055065810680389404,2.0035476684570312,0.16159506142139435,3.886648654937744,0.2637777328491211,1.8824973106384277,0.015183228999376297,3.5278797149658203,0.0025466065853834152,1.9351037740707397,0.07184143364429474,3.600940704345703,0.05963198095560074
1,control,43,hard_triplet,2.425509452819824,1.733288288116455,0.16567346453666687,2.3899431228637695,0.22283662855625153,3.9942855834960938,0.2933303117752075,2.283209800720215,0.13679546117782593,3.6552305221557617,0.1230405867099762,2.2964534759521484,0.1923917680978775,3.7502098083496094,0.21454933285713196
1,control,44,hard_triplet,2.0703659057617188,1.3041808605194092,0.12709051370620728,1.9676852226257324,0.1957034170627594,3.8578598499298096,0.2830370366573334,1.8621050119400024,0.09303956478834152,3.481623888015747,0.07686305046081543,1.9054834842681885,0.1403719186782837,3.5540475845336914,0.13697002828121185
1,control,45,hard_triplet,2.1856298446655273,1.3021273612976074,0.16460683941841125,2.0284273624420166,0.22625043988227844,3.8038270473480225,0.2903059720993042,1.898991346359253,0.14383111894130707,3.45794939994812,0.14260141551494598,1.9587574005126953,0.19674822688102722,3.556507110595703,0.21407464146614075
1,control,46,hard_triplet,2.079380989074707,1.3577964305877686,0.14078086614608765,1.9258227348327637,0.21510079503059387,3.771284580230713,0.29033559560775757,1.8090264797210693,0.11213351786136627,3.3539953231811523,0.0985330194234848,1.852797508239746,0.15076202154159546,3.4397428035736084,0.14551560580730438
1,control,47,hard_triplet,2.383946180343628,1.6462013721466064,0.16704720258712769,2.3698368072509766,0.22840401530265808,3.9537291526794434,0.2858816385269165,2.2399306297302246,0.13817140460014343,3.6258866786956787,0.12268766760826111,2.292520046234131,0.18598505854606628,3.730001211166382,0.18962979316711426
1,control,48,hard_triplet,2.095451593399048,1.402890682220459,0.12983334064483643,1.97294020652771,0.2016770839691162,3.75777530670166,0.2748302221298218,1.868125319480896,0.10026408731937408,3.4028892517089844,0.08778703212738037,1.9327247142791748,0.14941349625587463,3.5604405403137207,0.14731204509735107
1,control,49,hard_triplet,2.3405990600585938,1.4139435291290283,0.21362999081611633,2.1143250465393066,0.2524486482143402,3.814551830291748,0.2995278537273407,2.014056921005249,0.18972602486610413,3.5136213302612305,0.17179568111896515,2.0622777938842773,0.2317916601896286,3.593172073364258,0.24464091658592224
1,control,50,hard_triplet,2.0768630504608154,1.5783506631851196,0.10998804867267609,2.019770622253418,0.18818090856075287,3.727083206176758,0.24631887674331665,1.8970320224761963,0.08589860796928406,3.3783321380615234,0.0705917626619339,1.949617862701416,0.11250165104866028,3.4745259284973145,0.10353712737560272
1,control,51,hard_triplet,2.116136074066162,1.555934190750122,0.11564438790082932,2.0809006690979004,0.19449083507061005,3.7400267124176025,0.25640830397605896,1.983250617980957,0.07765528559684753,3.4195947647094727,0.05936645716428757,2.032952070236206,0.13467997312545776,3.521388292312622,0.13072821497917175
1,control,52,hard_triplet,2.2392117977142334,1.5301988124847412,0.21136599779129028,1.886751651763916,0.25378692150115967,3.622229814529419,0.3001881241798401,1.7604928016662598,0.17832762002944946,3.2038371562957764,0.15776433050632477,1.8150036334991455,0.23545576632022858,3.3301920890808105,0.24949237704277039
1,control,53,hard_triplet,1.9816460609436035,1.2012550830841064,0.18305251002311707,1.5797017812728882,0.23244090378284454,3.367798089981079,0.2673000693321228,1.5121197700500488,0.16282179951667786,3.0688273906707764,0.14892999827861786,1.557117223739624,0.20594573020935059,3.2084734439849854,0.21100100874900818
1,control,54,hard_triplet,1.6423993110656738,1.0945831537246704,0.07988423109054565,1.4582246541976929,0.15028217434883118,3.281362533569336,0.18445682525634766,1.438718557357788,0.0637751892209053,3.0313217639923096,0.04341309145092964,1.4357702732086182,0.07374835014343262,3.102858304977417,0.057049211114645004
1,control,55,hard_triplet,1.5793509483337402,1.0216763019561768,0.08660270273685455,1.3233805894851685,0.14247244596481323,3.1608197689056396,0.15638598799705505,1.292273759841919,0.06015477329492569,2.9512739181518555,0.044511016458272934,1.2905001640319824,0.10415822267532349,2.9961438179016113,0.10350368916988373
1,control,56,hard_triplet,1.6854279041290283,1.131982445716858,0.09121592342853546,1.4334993362426758,0.1457727998495102,3.196840286254883,0.15814101696014404,1.420346736907959,0.08106401562690735,3.0118019580841064,0.07904922962188721,1.441489815711975,0.11680711805820465,3.1297829151153564,0.11944443732500076
1,control,57,hard_triplet,1.6378815174102783,1.1700894832611084,0.06981576979160309,1.4573776721954346,0.148281529545784,3.2463386058807373,0.17191182076931,1.3828928470611572,0.03743794932961464,2.8859524726867676,0.01978127658367157,1.416656494140625,0.10925444215536118,3.0804378986358643,0.12562140822410583
1,control,58,hard_triplet,1.608454942703247,1.0293550491333008,0.08164206147193909,1.3704259395599365,0.14450740814208984,3.2426881790161133,0.1659000813961029,1.3272113800048828,0.060091257095336914,2.9932663440704346,0.045394930988550186,1.3433244228363037,0.10077917575836182,3.1209986209869385,0.09525233507156372
1,control,59,hard_triplet,1.5797864198684692,1.0232421159744263,0.10288240015506744,1.2679914236068726,0.1570909023284912,3.0689263343811035,0.17523527145385742,1.2066879272460938,0.0804062932729721,2.845627784729004,0.05681820586323738,1.2418409585952759,0.11323092132806778,2.9551949501037598,0.10616946220397949
1,control,60,hard_triplet,1.456075668334961,1.1151487827301025,0.061648037284612656,1.1739566326141357,0.14829444885253906,2.891587972640991,0.18552032113075256,1.161626935005188,0.023809755221009254,2.60969877243042,0.011131108738481998,1.1783004999160767,0.09343424439430237,2.7381551265716553,0.08259613066911697
1,control,61,hard_triplet,1.8382607698440552,1.1243900060653687,0.1775427758693695,1.4244296550750732,0.2289661169052124,3.1996147632598877,0.25337934494018555,1.345880150794983,0.15799473226070404,2.804786443710327,0.13658618927001953,1.3891427516937256,0.18613703548908234,2.953916549682617,0.18282845616340637
1,control,62,hard_triplet,1.7719444036483765,1.1105690002441406,0.15045133233070374,1.362473726272583,0.20656999945640564,3.173985719680786,0.24079906940460205,1.292527437210083,0.12191475182771683,2.8817596435546875,0.10971282422542572,1.3280560970306396,0.17116256058216095,3.0089306831359863,0.17599976062774658
1,control,63,hard_triplet,1.5718780755996704,1.1407779455184937,0.06312668323516846,1.385667085647583,0.11902552098035812,3.1717135906219482,0.1347116231918335,1.308570384979248,0.05616946518421173,2.9156270027160645,0.05251272767782211,1.32699453830719,0.07393476366996765,3.07334303855896,0.06390129029750824
1,control,64,hard_triplet,1.9037551879882812,1.477799415588379,0.1144980937242508,1.7456891536712646,0.18289795517921448,3.292755365371704,0.20900946855545044,1.643556833267212,0.09536507725715637,2.9459385871887207,0.09022298455238342,1.698930025100708,0.14638914167881012,3.0796148777008057,0.1531829535961151
1,control,65,hard_triplet,1.856947422027588,1.2116655111312866,0.15150757133960724,1.544466257095337,0.22147154808044434,3.294135570526123,0.25831976532936096,1.4175164699554443,0.10191942006349564,2.8397762775421143,0.07346099615097046,1.4662823677062988,0.19440138339996338,3.0853281021118164,0.21135267615318298
1,control,66,smooth_ap,1.295140027999878,1.0219383239746094,0.0002536773681640625,1.072627067565918,0.1446865350008011,2.539851188659668,0.1385934054851532,1.0692615509033203,0.062330443412065506,2.3889026641845703,0.039914969354867935,1.0744750499725342,0.11417138576507568,2.5614993572235107,0.08903760462999344
1,control,67,smooth_ap,1.4202816486358643,1.1177127361297607,0.01692056655883789,1.2563035488128662,0.15522059798240662,2.619147777557373,0.1623128056526184,1.2424190044403076,0.08361821621656418,2.413261890411377,0.07635743916034698,1.2525920867919922,0.12168949097394943,2.572885036468506,0.11099620163440704
1,control,68,smooth_ap,1.4186639785766602,1.0111135244369507,0.048365771770477295,1.028803825378418,0.17831335961818695,2.6018588542938232,0.189692884683609,1.027746558189392,0.13067641854286194,2.41573429107666,0.11391767114400864,1.036425232887268,0.15470203757286072,2.55845308303833,0.14643573760986328
1,control,69,smooth_ap,1.275312900543213,1.0027693510055542,0.012419342994689941,1.0565837621688843,0.13010786473751068,2.3534107208251953,0.12952327728271484,1.0665655136108398,0.09435214102268219,2.346668243408203,0.0731121078133583,1.076465368270874,0.10486844182014465,2.3903164863586426,0.0868372768163681
1,control,70,smooth_ap,1.3378698825836182,0.9872112274169922,0.07907426357269287,1.027106523513794,0.165788471698761,2.48030424118042,0.17842316627502441,0.9867562055587769,0.08220607787370682,2.184006929397583,0.06210435554385185,1.0049598217010498,0.11828684061765671,2.3377866744995117,0.10085530579090118
1,control,71,smooth_ap,1.4329657554626465,0.996640145778656,0.01517641544342041,1.130951166152954,0.187275230884552,2.7681283950805664,0.19356794655323029,1.0604087114334106,0.1326581984758377,2.454397201538086,0.10206511616706848,1.1005254983901978,0.16773483157157898,2.6781764030456543,0.16035273671150208
1,control,72,smooth_ap,1.5027194023132324,1.0372600555419922,0.05607402324676514,1.1197221279144287,0.21258267760276794,2.5563313961029053,0.22782427072525024,1.11582350730896,0.1279151886701584,2.431488513946533,0.10882732272148132,1.1289761066436768,0.20181679725646973,2.5985662937164307,0.22005316615104675
1,control,73,smooth_ap,1.4310444593429565,1.0203367471694946,0.04934096336364746,1.1173455715179443,0.18741098046302795,2.6131229400634766,0.20328283309936523,1.0994460582733154,0.11061897873878479,2.376286506652832,0.09062197804450989,1.1182130575180054,0.1542464792728424,2.5252938270568848,0.14372646808624268
1,control,74,smooth_ap,1.2591720819473267,1.0434815883636475,0.020574212074279785,1.057274580001831,0.15222936868667603,2.3272969722747803,0.16455259919166565,1.0344188213348389,0.05950967222452164,2.1307921409606934,0.04592806100845337,1.0684101581573486,0.09332942962646484,2.3108816146850586,0.0856691300868988
1,control,75,smooth_ap,1.1136107444763184,1.0596339702606201,0.00987708568572998,1.0097601413726807,0.07513248175382614,2.1169321537017822,0.06625683605670929,1.0350892543792725,0.03847756236791611,2.0308609008789062,0.022099129855632782,1.0002423524856567,0.05228423699736595,2.0201711654663086,0.03003154881298542
1,control,76,smooth_ap,1.3641841411590576,1.0210585594177246,0.05051314830780029,1.1493514776229858,0.10602404922246933,2.673731803894043,0.10290883481502533,1.138873815536499,0.060244157910346985,2.5082836151123047,0.04556557908654213,1.1311417818069458,0.09530367702245712,2.5989725589752197,0.09012740850448608
1,control,77,smooth_ap,1.3550755977630615,1.0994377136230469,0.03928041458129883,1.154955506324768,0.15835034847259521,2.4723188877105713,0.1790761947631836,1.113865613937378,0.07349443435668945,2.1768479347229004,0.04999004304409027,1.136732816696167,0.11068452149629593,2.3954219818115234,0.10876628756523132
1,control,78,smooth_ap,1.6134639978408813,1.2408192157745361,0.07561635971069336,1.1910994052886963,0.23349380493164062,2.7286605834960938,0.253560870885849,1.1310116052627563,0.14106696844100952,2.506716012954712,0.12168316543102264,1.1477733850479126,0.19159859418869019,2.630735158920288,0.1905023604631424
1,control,79,smooth_ap,1.1862411499023438,1.1832873821258545,0.026403069496154785,1.1839485168457031,0.10020709782838821,1.9261609315872192,0.09582777321338654,1.1626617908477783,0.0453430712223053,1.8802791833877563,0.027631718665361404,1.1674209833145142,0.061983317136764526,1.9127519130706787,0.04733068868517876
1,control,80,smooth_ap,1.1937605142593384,0.9974589347839355,0.03476738929748535,1.0000314712524414,0.10461192578077316,2.1713757514953613,0.08519334346055984,0.9933586716651917,0.0825750082731247,2.0151166915893555,0.064383864402771,1.010268211364746,0.09387277066707611,2.194183826446533,0.07976464927196503
1,control,81,smooth_ap,1.3426820039749146,1.0584033727645874,0.0482935905456543,1.0917977094650269,0.16790255904197693,2.1365320682525635,0.17472149431705475,1.0785919427871704,0.12568919360637665,2.0327510833740234,0.10738272219896317,1.100878357887268,0.1578088104724884,2.2364864349365234,0.15996631979942322
1,control,82,smooth_ap,1.2868871688842773,1.1748347282409668,0.03420424461364746,1.0952885150909424,0.09994252026081085,2.343489646911621,0.09646052122116089,1.0640828609466553,0.05931048095226288,2.166339874267578,0.04248723387718201,1.0831077098846436,0.09272745996713638,2.334805727005005,0.0825975239276886
1,control,83,smooth_ap,1.3175979852676392,1.0243180990219116,0.09537410736083984,1.0092847347259521,0.17116960883140564,2.0267813205718994,0.16633453965187073,1.0057766437530518,0.12949547171592712,1.8872830867767334,0.11129925400018692,1.005109429359436,0.15307703614234924,2.042214870452881,0.14105179905891418
1,control,84,smooth_ap,1.0276731252670288,0.967223584651947,0.025636911392211914,0.9434381723403931,0.06094331294298172,1.8631937503814697,0.04718693718314171,0.9355195760726929,0.042673368006944656,1.7574923038482666,0.02660415507853031,0.9443545341491699,0.05708859860897064,1.8385601043701172,0.045571763068437576
1,control,85,smooth_ap,1.1608517169952393,1.0010390281677246,0.014496922492980957,1.0140479803085327,0.1165926456451416,2.1699142456054688,0.10955613851547241,0.9946571588516235,0.06783105432987213,1.9995768070220947,0.045447736978530884,1.0121829509735107,0.08064636588096619,2.1275062561035156,0.05834447219967842
1,control,86,smooth_ap,1.0533320903778076,0.9901018738746643,0.019205808639526367,1.0289900302886963,0.07243826985359192,1.9104149341583252,0.06211065500974655,1.015106439590454,0.019939109683036804,1.8183513879776,0.010701396502554417,1.0168627500534058,0.03878588229417801,1.9633113145828247,0.02474858984351158
1,control,87,smooth_ap,1.2361277341842651,1.171542763710022,0.049488842487335205,1.0494831800460815,0.13648217916488647,2.024383068084717,0.1302887350320816,1.0119366645812988,0.09107798337936401,1.8318963050842285,0.07498211413621902,1.0184731483459473,0.0986270010471344,1.9622739553451538,0.07740571349859238
1,control,88,smooth_ap,1.266512155532837,1.0074416399002075,0.03505438566207886,1.0184065103530884,0.19136643409729004,1.907012939453125,0.2021569311618805,1.028359055519104,0.1284940093755722,1.8823087215423584,0.09639349579811096,1.0185093879699707,0.18022289872169495,1.9535633325576782,0.18370212614536285
1,control,89,smooth_ap,1.2943451404571533,1.0273444652557373,0.029938101768493652,1.0642061233520508,0.1838405430316925,2.0173637866973877,0.20560824871063232,1.0468273162841797,0.14226780831813812,1.9200026988983154,0.1270933896303177,1.04647958278656,0.16108465194702148,2.0372467041015625,0.16634675860404968
1,control,90,smooth_ap,1.0856629610061646,0.9597168564796448,0.01047736406326294,0.9454799294471741,0.12085635960102081,1.9351887702941895,0.11520230025053024,0.9311471581459045,0.07198707014322281,1.741237998008728,0.05356999486684799,0.9390414357185364,0.10078183561563492,1.8935710191726685,0.08340590447187424
1,control,91,smooth_ap,1.2386698722839355,0.9926774501800537,0.042159974575042725,1.0342975854873657,0.1928166300058365,1.8801864385604858,0.202374666929245,1.007368564605713,0.11946014314889908,1.6669955253601074,0.09183000773191452,1.0305262804031372,0.1854671686887741,1.842263102531433,0.18086743354797363
1,control,92,smooth_ap,1.0505012273788452,1.0082347393035889,0.013714909553527832,0.9941710233688354,0.15040534734725952,1.535935640335083,0.14727219939231873,0.9920535683631897,0.08019249141216278,1.451744556427002,0.05301903933286667,0.9927610754966736,0.10884464532136917,1.5499801635742188,0.09362771362066269
1,control,93,smooth_ap,0.9980496764183044,0.966616690158844,0.017476439476013184,0.9705120325088501,0.09222476184368134,1.6410161256790161,0.0823177844285965,0.9757164120674133,0.047794122248888016,1.5264980792999268,0.034474484622478485,0.9717814326286316,0.06991691887378693,1.6498353481292725,0.05049476772546768
1,control,94,smooth_ap,0.979749858379364,0.9866386651992798,0.00419163703918457,0.9958256483078003,0.07125850021839142,1.5462247133255005,0.04943394288420677,1.0028302669525146,0.03868607059121132,1.5192490816116333,0.017370397225022316,1.0163161754608154,0.09110388159751892,1.6440925598144531,0.0728951022028923
1,control,95,smooth_ap,1.0145360231399536,1.0045760869979858,0.0049523115158081055,0.9821958541870117,0.11138738691806793,1.596903681755066,0.09342783689498901,0.9807600975036621,0.07719916105270386,1.5337640047073364,0.04676832631230354,0.9796710014343262,0.08650380373001099,1.597170352935791,0.06165064871311188
1,control,96,smooth_ap,0.9734933376312256,0.9577805995941162,0.0009164810180664062,0.9639836549758911,0.09307302534580231,1.5068721771240234,0.07973882555961609,0.9563537836074829,0.07468890398740768,1.4913337230682373,0.06269180774688721,0.9601500034332275,0.07394181191921234,1.58054780960083,0.061978839337825775
1,control,97,smooth_ap,1.1408360004425049,0.9748736619949341,0.04290574789047241,0.9775578379631042,0.1529494822025299,1.7314047813415527,0.153938889503479,0.9619258046150208,0.10932563245296478,1.614370584487915,0.09060399979352951,0.96563720703125,0.1326780617237091,1.7115659713745117,0.12319672107696533
1,control,98,smooth_ap,1.0550012588500977,1.0284241437911987,0.0038590431213378906,0.9984608888626099,0.12802772223949432,1.65782630443573,0.12631505727767944,0.9960970282554626,0.08207109570503235,1.60689115524292,0.06444872170686722,0.9949150681495667,0.08265526592731476,1.6459712982177734,0.05923908203840256
1,control,99,smooth_ap,1.0557575225830078,1.00160551071167,0.03236055374145508,0.9589828252792358,0.14440155029296875,1.5081526041030884,0.13988755643367767,0.9518654346466064,0.0818038061261177,1.4372148513793945,0.06412200629711151,0.9522496461868286,0.1211368516087532,1.5068228244781494,0.10220110416412354
1,control,100,smooth_ap,0.9609623551368713,0.9689294695854187,0.026069164276123047,0.941970944404602,0.04281418025493622,1.6587859392166138,0.03129805624485016,0.9365808963775635,0.022184226661920547,1.5904377698898315,0.015337285585701466,0.9435800313949585,0.04261185973882675,1.6800538301467896,0.0325942300260067
1,control,101,smooth_ap,1.179456114768982,1.0487382411956787,0.04030430316925049,1.0564802885055542,0.18619975447654724,1.6502132415771484,0.1892489194869995,1.0117931365966797,0.11529349535703659,1.514380693435669,0.0929214358329773,1.0269871950149536,0.15501618385314941,1.6169407367706299,0.14359091222286224
1,control,102,smooth_ap,1.1965570449829102,1.1260875463485718,0.06834644079208374,1.0748021602630615,0.1195259615778923,1.8502070903778076,0.11719752848148346,1.0470914840698242,0.05900244414806366,1.746342420578003,0.037282150238752365,1.049644947052002,0.09539137780666351,1.8576292991638184,0.08311605453491211
1,control,103,smooth_ap,1.2160539627075195,0.9712406992912292,0.036014020442962646,0.9979941248893738,0.17829883098602295,1.8658230304718018,0.18161030113697052,0.9909716248512268,0.12949809432029724,1.7157328128814697,0.11040572077035904,0.9914312958717346,0.16060638427734375,1.9568822383880615,0.1488882601261139
1,control,104,smooth_ap,1.0592975616455078,0.9430310726165771,0.010489344596862793,0.935459554195404,0.18717312812805176,1.459918737411499,0.1869329810142517,0.9270545840263367,0.09807434678077698,1.3781808614730835,0.05601777136325836,0.9289767742156982,0.18190231919288635,1.4717073440551758,0.17500188946723938
1,control,105,smooth_ap,1.1639420986175537,0.9437993764877319,0.04566603899002075,0.9344585537910461,0.20959848165512085,1.5800561904907227,0.20496277511119843,0.9222290515899658,0.15248823165893555,1.4554178714752197,0.12006135284900665,0.9314770102500916,0.1972426325082779,1.5462102890014648,0.18833504617214203
1,control,106,smooth_ap,0.940160870552063,0.9680180549621582,0.034738898277282715,0.988210916519165,0.07602861523628235,1.3915886878967285,0.06120949983596802,0.9808105826377869,0.03239409998059273,1.3970837593078613,0.015494251623749733,0.9866549968719482,0.04535984620451927,1.4372655153274536,0.029312007129192352
1,control,107,smooth_ap,1.075006365776062,0.954968273639679,0.030575573444366455,0.9675535559654236,0.14310325682163239,1.5027596950531006,0.14083313941955566,0.9604167938232422,0.11504968255758286,1.514418601989746,0.10015414655208588,0.9579432606697083,0.12351115047931671,1.5680322647094727,0.10972888022661209
1,control,108,smooth_ap,0.9674677848815918,0.9434824585914612,0.02477085590362549,0.964250922203064,0.09483075141906738,1.4540989398956299,0.09137535095214844,0.9535751938819885,0.05269528180360794,1.3676342964172363,0.03424128144979477,0.9552391171455383,0.0856374204158783,1.4785258769989014,0.07741737365722656
1,control,109,smooth_ap,0.9646961688995361,0.9615720510482788,0.0071070194244384766,0.9450124502182007,0.11037353426218033,1.4667866230010986,0.09197278320789337,0.9414193034172058,0.05847260728478432,1.4218864440917969,0.03167695552110672,0.9452605247497559,0.09366399049758911,1.5233395099639893,0.06805640459060669
1,control,110,smooth_ap,1.0675081014633179,0.972872257232666,0.04362285137176514,0.9876991510391235,0.1352863907814026,1.570908546447754,0.11912831664085388,0.9769459962844849,0.05983031541109085,1.4524726867675781,0.03544660657644272,0.9893703460693359,0.1304427683353424,1.6300060749053955,0.10673313587903976
1,control,111,smooth_ap,0.9966614246368408,0.9775725603103638,0.047437191009521484,1.0030932426452637,0.10408230125904083,1.525442361831665,0.09140384197235107,0.9659238457679749,0.04443392902612686,1.4099042415618896,0.021711178123950958,0.9853310585021973,0.06114468723535538,1.4920189380645752,0.035977303981781006
1,control,112,smooth_ap,0.9827062487602234,0.947568953037262,0.003058314323425293,0.9681452512741089,0.10440517961978912,1.4632484912872314,0.07790493965148926,0.9701699018478394,0.09642820060253143,1.4013293981552124,0.07646440714597702,0.9606020450592041,0.10949679464101791,1.4822797775268555,0.09106519818305969
1,control,113,smooth_ap,0.8848320245742798,0.9305093884468079,0.009910941123962402,0.9477288126945496,0.06315413117408752,1.3991657495498657,0.050000738352537155,0.9528616070747375,0.033360518515110016,1.3718397617340088,0.011382455937564373,0.9444036483764648,0.04513300955295563,1.402294397354126,0.026712952181696892
1,control,114,smooth_ap,1.0509960651397705,0.9910386800765991,0.029356002807617188,0.9808443784713745,0.12732350826263428,1.5710504055023193,0.11118535697460175,0.9804109334945679,0.09599430859088898,1.5146857500076294,0.06603607535362244,0.972653329372406,0.10184922069311142,1.5207810401916504,0.07965772598981857
1,control,115,smooth_ap,0.9804377555847168,0.9671816825866699,0.00850069522857666,0.9700572490692139,0.12033964693546295,1.425493597984314,0.10142838954925537,0.9648654460906982,0.07358045130968094,1.387405514717102,0.04604795202612877,0.9657278060913086,0.10810090601444244,1.4488623142242432,0.0835983082652092
1,control,116,smooth_ap,0.9814710021018982,1.0179567337036133,0.012925565242767334,0.9961925745010376,0.09215286374092102,1.386502742767334,0.0741664320230484,0.9904935359954834,0.08021818101406097,1.4052414894104004,0.05893673002719879,0.9806832671165466,0.08222118020057678,1.448734998703003,0.06591341644525528
1,control,117,smooth_ap,0.9508076310157776,0.935092031955719,0.019024252891540527,0.9301844835281372,0.11505425721406937,1.2834981679916382,0.10266939550638199,0.9279911518096924,0.0840381532907486,1.2501468658447266,0.06683594733476639,0.9256384968757629,0.11230450868606567,1.307528018951416,0.1028098464012146
1,control,118,smooth_ap,0.9238395690917969,0.963295578956604,0.01449573040008545,0.9900839924812317,0.08942115306854248,1.2911052703857422,0.08138696849346161,0.989356279373169,0.051660969853401184,1.2707043886184692,0.029610786586999893,0.9981337189674377,0.0718296468257904,1.3428044319152832,0.05610760301351547
1,control,119,smooth_ap,0.8480827808380127,0.929134726524353,0.014161407947540283,0.9348474144935608,0.05383707582950592,1.2356040477752686,0.03441620245575905,0.9374210238456726,0.033093392848968506,1.209045648574829,0.01896464265882969,0.9393928647041321,0.04443684220314026,1.332709789276123,0.02546227164566517
1,control,120,smooth_ap,0.9992942810058594,0.9227369427680969,0.049696385860443115,0.9410161375999451,0.11282871663570404,1.423322319984436,0.09917522966861725,0.935578465461731,0.07807570695877075,1.3375989198684692,0.050530482083559036,0.9372608661651611,0.113754503428936,1.3952487707138062,0.09794828295707703
1,control,121,smooth_ap,0.8782331347465515,0.9379621148109436,0.014819860458374023,0.9533042907714844,0.06455819308757782,1.2680530548095703,0.05230344831943512,0.9592816829681396,0.024391300976276398,1.24017333984375,0.0038382597267627716,0.9542782306671143,0.072527214884758,1.3337841033935547,0.06178097426891327
1,control,122,smooth_ap,0.8521356582641602,0.9159348011016846,0.0009755492210388184,0.9270763397216797,0.08728491514921188,1.1670966148376465,0.06751079857349396,0.9271636605262756,0.06700850278139114,1.1284897327423096,0.04334287345409393,0.9307503700256348,0.07028412818908691,1.212575912475586,0.05555689334869385
1,control,123,smooth_ap,0.7773199677467346,0.9246224761009216,0.003254413604736328,0.9315950870513916,0.04157942533493042,1.044077754020691,0.021595966070890427,0.9307654500007629,0.024395259097218513,1.1252377033233643,0.0037627052515745163,0.9264225363731384,0.04250979423522949,1.0859805345535278,0.02310352958738804
1,control,124,smooth_ap,0.8458342552185059,0.9182692766189575,0.02565842866897583,0.9249354004859924,0.0694190263748169,1.1944186687469482,0.05277618020772934,0.9251071810722351,0.02972721867263317,1.1692163944244385,0.011167559772729874,0.9251521825790405,0.05098430812358856,1.210893988609314,0.031785182654857635
1,control,125,smooth_ap,0.9752137064933777,0.9740400314331055,0.025043725967407227,0.9425411224365234,0.13312627375125885,1.295050859451294,0.12285705655813217,0.9511362314224243,0.07801660150289536,1.290757656097412,0.04427899420261383,0.9530386924743652,0.10515207797288895,1.3527956008911133,0.08143528550863266
1,control,126,smooth_ap,1.02593195438385,0.9251376986503601,0.021956801414489746,0.9358753561973572,0.15532538294792175,1.3702588081359863,0.14855434000492096,0.936104416847229,0.12849950790405273,1.3238023519515991,0.11129912734031677,0.9319238066673279,0.14108994603157043,1.3426209688186646,0.1257992535829544
1,control,127,smooth_ap,0.8636586666107178,0.927863359451294,0.014192938804626465,0.9319989085197449,0.08189570158720016,1.1523427963256836,0.06275184452533722,0.9319348931312561,0.05169263482093811,1.1834701299667358,0.03252878040075302,0.935196578502655,0.07229578495025635,1.2188146114349365,0.05091538652777672
1,control,128,smooth_ap,1.1004860401153564,0.9805894494056702,0.017426729202270508,1.0202685594558716,0.16224586963653564,1.529112458229065,0.1553250253200531,1.003164291381836,0.122640460729599,1.400590419769287,0.09772796183824539,1.018141269683838,0.15805470943450928,1.5364949703216553,0.15306295454502106
1,control,129,smooth_ap,0.9777951240539551,0.9598383903503418,0.03512382507324219,0.9398683905601501,0.1307898759841919,1.2162423133850098,0.12745782732963562,0.9499157667160034,0.07116994261741638,1.2523099184036255,0.048783235251903534,0.9412813782691956,0.12329377979040146,1.290982723236084,0.11248548328876495
1,control,130,smooth_ap,0.9937433004379272,0.9062237739562988,0.039067864418029785,0.943518877029419,0.10938412696123123,1.3632663488388062,0.08963620662689209,0.942979097366333,0.08705990761518478,1.3382477760314941,0.06950335949659348,0.9498385787010193,0.12284095585346222,1.4594799280166626,0.10160984098911285
1,control,131,smooth_ap,0.8516037464141846,0.9183530807495117,0.030476927757263184,0.9292881488800049,0.03921651095151901,1.1859753131866455,0.03277208283543587,0.9285677075386047,0.03440430015325546,1.1989223957061768,0.026255857199430466,0.9341555237770081,0.04326494038105011,1.283318042755127,0.03683149069547653
1,control,132,smooth_ap,0.8936895132064819,0.9075597524642944,0.0025971531867980957,0.9258289933204651,0.10469119250774384,1.1915500164031982,0.088345006108284,0.9271754622459412,0.07308828085660934,1.1973991394042969,0.048916835337877274,0.9322416186332703,0.09767866134643555,1.2867507934570312,0.09044098854064941
1,control,133,smooth_ap,0.7641879916191101,0.9125543832778931,0.009265601634979248,0.9187033176422119,0.04341750591993332,0.996220588684082,0.022417569532990456,0.9186527729034424,0.02615208923816681,1.0231153964996338,0.013298215344548225,0.9171305894851685,0.04280371218919754,1.0335488319396973,0.0232553668320179
1,control,134,smooth_ap,1.0488698482513428,0.9540665149688721,0.018159151077270508,0.9747133255004883,0.1604575514793396,1.3343760967254639,0.14173102378845215,0.9763050079345703,0.14095091819763184,1.3345592021942139,0.11847597360610962,0.9676724076271057,0.15182240307331085,1.383924961090088,0.13148798048496246
1,control,135,smooth_ap,0.9316599369049072,0.9686110615730286,0.029758453369140625,0.9461075663566589,0.09241707623004913,1.2338840961456299,0.08045157790184021,0.9512339234352112,0.06809790432453156,1.2220568656921387,0.05927084758877754,0.9492487907409668,0.08271870017051697,1.2495465278625488,0.07201284170150757
1,control,136,smooth_ap,0.9296092391014099,0.9080666303634644,0.04903358221054077,0.9254795908927917,0.09158648550510406,1.1810779571533203,0.0678337812423706,0.9272464513778687,0.08469358086585999,1.1411346197128296,0.06610647588968277,0.9287733435630798,0.10892829298973083,1.2270632982254028,0.08482897281646729
1,control,137,smooth_ap,1.0954324007034302,0.9213149547576904,0.016212522983551025,0.9418920874595642,0.19184616208076477,1.3101508617401123,0.17673370242118835,0.9510582685470581,0.18115413188934326,1.309457540512085,0.16817808151245117,0.9468430280685425,0.2094334065914154,1.3554778099060059,0.19659274816513062
1,control,138,smooth_ap,0.8324873447418213,0.9157682657241821,0.008753299713134766,0.9346635937690735,0.05846278741955757,1.1832590103149414,0.03781959414482117,0.9339866042137146,0.047852206975221634,1.1413766145706177,0.024481140077114105,0.9375391006469727,0.05967780202627182,1.1863148212432861,0.045161113142967224
1,control,139,smooth_ap,0.8619122505187988,0.9397135376930237,0.010480940341949463,0.9523417353630066,0.09537443518638611,1.1353371143341064,0.07604755461215973,0.9482040405273438,0.04681234061717987,1.1271703243255615,0.025265933945775032,0.9579834938049316,0.07495473325252533,1.169722080230713,0.05063716322183609
1,control,140,smooth_ap,0.8673481941223145,0.9157364368438721,0.0032219290733337402,0.9253697991371155,0.10657060146331787,1.1329538822174072,0.08600593358278275,0.9210167527198792,0.08140553534030914,1.1283698081970215,0.055317413061857224,0.9233023524284363,0.09228456020355225,1.1346378326416016,0.06396786868572235
1,control,141,smooth_ap,0.7928594946861267,0.929568886756897,0.005049765110015869,0.914862334728241,0.049965038895606995,1.068270206451416,0.03761354833841324,0.9124041795730591,0.03874931484460831,1.0432029962539673,0.020146183669567108,0.9144567847251892,0.051658377051353455,1.1116278171539307,0.03526277095079422
1,control,142,smooth_ap,1.0637456178665161,0.9066003561019897,0.029468417167663574,0.939698338508606,0.1717061698436737,1.3494765758514404,0.16379380226135254,0.9305524230003357,0.15305519104003906,1.212663173675537,0.1357426941394806,0.9436987042427063,0.1766204982995987,1.4038013219833374,0.16962644457817078
1,control,143,smooth_ap,0.9006273746490479,0.9108512997627258,0.01748037338256836,0.9235967397689819,0.11958152055740356,1.097629189491272,0.08479058742523193,0.9237446784973145,0.09772102534770966,1.121152639389038,0.06255192309617996,0.9252476692199707,0.1215636134147644,1.1480993032455444,0.08903759717941284
1,control,144,smooth_ap,0.8175380229949951,0.902297854423523,0.00830620527267456,0.9278351068496704,0.07079628109931946,1.1552019119262695,0.049151480197906494,0.9255549311637878,0.024098407477140427,1.0828421115875244,0.009598447941243649,0.9296888709068298,0.07108854502439499,1.1585378646850586,0.05000925064086914
1,control,145,smooth_ap,0.7937687635421753,0.9013862609863281,0.02210092544555664,0.9162411093711853,0.05798650532960892,0.9986770153045654,0.042582571506500244,0.9180060029029846,0.03552654758095741,1.0156078338623047,0.016075126826763153,0.9166849851608276,0.056321337819099426,1.0421693325042725,0.040997520089149475
1,control,146,smooth_ap,0.8304375410079956,0.9002633094787598,0.006279289722442627,0.9203248023986816,0.09785464406013489,1.0620112419128418,0.07445733994245529,0.9186238646507263,0.07204154878854752,1.0247985124588013,0.044126302003860474,0.9242621064186096,0.07702648639678955,1.1010633707046509,0.04716887325048447
1,control,147,smooth_ap,0.8914874196052551,0.9008882641792297,0.04472148418426514,0.9156748056411743,0.11284640431404114,1.1002253293991089,0.09601258486509323,0.911628246307373,0.05880403891205788,1.0751820802688599,0.03178698197007179,0.9186950325965881,0.0933685153722763,1.142635703086853,0.07200982421636581
1,control,148,smooth_ap,0.8163479566574097,0.8928759098052979,0.013957023620605469,0.9040482640266418,0.08588947355747223,0.9889112710952759,0.06465230882167816,0.9124016761779785,0.06713900715112686,1.0098315477371216,0.0428561307489872,0.9047123193740845,0.08630900084972382,1.0254127979278564,0.054735951125621796
1,control,149,smooth_ap,0.8080996870994568,0.890442967414856,0.0038063526153564453,0.9112401008605957,0.06703005731105804,1.0491693019866943,0.04535648971796036,0.9124994277954102,0.06207284331321716,1.0616289377212524,0.044522400945425034,0.915135383605957,0.07607601583003998,1.0696693658828735,0.05855845659971237
1,control,150,smooth_ap,0.9344937205314636,0.8966268301010132,0.01770085096359253,0.9166280031204224,0.144016295671463,1.1350208520889282,0.1264297366142273,0.9191468954086304,0.13260960578918457,1.0690810680389404,0.10886787623167038,0.9179813861846924,0.12502899765968323,1.1252827644348145,0.105878084897995
1,control,151,smooth_ap,0.9033382534980774,0.8953959941864014,0.03325808048248291,0.9177053570747375,0.09798303246498108,1.1558785438537598,0.06771749258041382,0.9171444773674011,0.08794249594211578,1.1078088283538818,0.06124630570411682,0.9173734188079834,0.11605896055698395,1.1721165180206299,0.09130054712295532
1,control,152,smooth_ap,0.9413984417915344,0.9052408337593079,0.0354764461517334,0.9512243270874023,0.1015806496143341,1.204083800315857,0.08735007792711258,0.9527127742767334,0.08812615275382996,1.1652286052703857,0.076090008020401,0.9612151980400085,0.10872875899076462,1.2402620315551758,0.09832926094532013
1,control,153,smooth_ap,0.8167107701301575,0.9221513867378235,0.01133584976196289,0.9363084435462952,0.04329045116901398,1.088512659072876,0.024373598396778107,0.9400561451911926,0.04190345108509064,1.111278772354126,0.02870287001132965,0.9405871629714966,0.06143835932016373,1.1467435359954834,0.04514410346746445
1,control,154,smooth_ap,0.7776991128921509,0.9016690254211426,0.0005118846893310547,0.9116070866584778,0.0626000314950943,1.0031976699829102,0.0477253720164299,0.9105700254440308,0.04099317640066147,0.9803400039672852,0.02205529250204563,0.9136046767234802,0.06513520330190659,1.0335806608200073,0.050937220454216
1,control,155,smooth_ap,0.9761196374893188,0.9177715182304382,0.024832606315612793,0.9332160949707031,0.16627193987369537,1.1002672910690308,0.1548519730567932,0.9356886744499207,0.12939968705177307,1.1016147136688232,0.1051105409860611,0.9335476160049438,0.1554512083530426,1.1076464653015137,0.13896431028842926
1,control,156,smooth_ap,0.8278728723526001,0.896591305732727,0.0014652013778686523,0.9164175987243652,0.08240990340709686,1.0777180194854736,0.058188628405332565,0.9137701392173767,0.07174738496541977,1.0844805240631104,0.044274307787418365,0.9157171845436096,0.08585686981678009,1.1088820695877075,0.06090044230222702
1,control,157,smooth_ap,0.8591123819351196,0.9015793800354004,0.00031816959381103516,0.9167875647544861,0.12578880786895752,1.0405266284942627,0.0967426523566246,0.9210864901542664,0.08018998801708221,1.039481520652771,0.04377003014087677,0.9222071170806885,0.12070506811141968,1.0785468816757202,0.09352215379476547
1,control,158,smooth_ap,0.8551930785179138,0.9113290905952454,0.014957070350646973,0.947728157043457,0.07236343622207642,1.162125825881958,0.05244037136435509,0.9474989175796509,0.060538001358509064,1.1561957597732544,0.041895486414432526,0.9478441476821899,0.061039894819259644,1.1859580278396606,0.04555407911539078
1,control,159,smooth_ap,0.7103354930877686,0.8911328911781311,2.7239322662353516e-05,0.8996401429176331,0.019131697714328766,0.9544221758842468,0.011636047624051571,0.9023858904838562,0.00876384973526001,0.9704485535621643,0.005737395957112312,0.9011188745498657,0.021325603127479553,0.9834824800491333,0.013006160035729408
1,control,160,smooth_ap,0.8166420459747314,0.8937193155288696,0.004853725433349609,0.9271858334541321,0.06491969525814056,1.1139588356018066,0.04781821370124817,0.9357332587242126,0.03698819875717163,1.13946533203125,0.013323932886123657,0.936134934425354,0.06130227446556091,1.199737310409546,0.04500965029001236
1,control,161,smooth_ap,0.8787842392921448,0.904832124710083,0.0014560818672180176,0.9235135316848755,0.1139894425868988,1.0666271448135376,0.09262297302484512,0.9219738245010376,0.08901376277208328,1.0699431896209717,0.059987328946590424,0.9267911911010742,0.12986308336257935,1.100386142730713,0.11592549830675125
1,control,162,smooth_ap,0.9848518967628479,0.9074651598930359,0.029857516288757324,0.9257437586784363,0.17382094264030457,1.1628071069717407,0.1585816740989685,0.9275991916656494,0.12000909447669983,1.1404727697372437,0.08588244020938873,0.9318310022354126,0.15085628628730774,1.2006118297576904,0.1270066648721695
1,control,163,smooth_ap,0.929084062576294,0.921610951423645,0.010492861270904541,0.9434653520584106,0.11547273397445679,1.1396760940551758,0.0925881415605545,0.9585309624671936,0.10874535143375397,1.1995803117752075,0.08654120564460754,0.9451433420181274,0.11969272792339325,1.1845371723175049,0.10606931149959564
1,control,164,smooth_ap,0.7836071252822876,0.8714385032653809,0.00034993886947631836,0.8881670832633972,0.07550375163555145,1.0065560340881348,0.05669695883989334,0.8872324824333191,0.06295612454414368,0.9803951978683472,0.04314475506544113,0.8884820342063904,0.07206244766712189,1.0309553146362305,0.057296525686979294
1,control,165,smooth_ap,0.765296459197998,0.8855162858963013,0.005198478698730469,0.9018609523773193,0.05719524621963501,1.0056582689285278,0.03711969405412674,0.9055501222610474,0.03983844071626663,0.992807149887085,0.017528079450130463,0.9093465805053711,0.051559824496507645,1.036749005317688,0.03431037440896034
1,control,166,smooth_ap,0.8416099548339844,0.8850945830345154,0.007999777793884277,0.9030972719192505,0.10321200639009476,1.0494904518127441,0.08409135788679123,0.9103606939315796,0.06544040143489838,1.0786421298980713,0.03840615227818489,0.9095193147659302,0.09306590259075165,1.121878743171692,0.07413401454687119
1,control,167,smooth_ap,1.0053259134292603,0.9094129800796509,0.06018251180648804,0.9332349896430969,0.17415688931941986,1.0631005764007568,0.16396766901016235,0.9308031797409058,0.1206899881362915,1.0235018730163574,0.09653551131486893,0.9416490197181702,0.1662716269493103,1.090200662612915,0.15537576377391815
1,control,168,smooth_ap,0.7753806114196777,0.8884875774383545,0.013239860534667969,0.89146888256073,0.06023026257753372,1.0191949605941772,0.028254128992557526,0.8968037962913513,0.032298531383275986,1.0245552062988281,0.012632262893021107,0.8956549167633057,0.06677749752998352,1.052704095840454,0.033088795840740204
1,control,169,smooth_ap,0.8156563639640808,0.9005321860313416,0.009369194507598877,0.9152703285217285,0.07225064933300018,1.123110294342041,0.04770730808377266,0.9155555963516235,0.03605561703443527,1.0849725008010864,0.017993386834859848,0.9216251373291016,0.05988210439682007,1.1991915702819824,0.03748561814427376
1,control,170,smooth_ap,0.7987879514694214,0.8861501216888428,0.011425971984863281,0.9017350077629089,0.07062554359436035,1.0258878469467163,0.05202256888151169,0.905254602432251,0.043095700442790985,1.0220390558242798,0.023875832557678223,0.9046094417572021,0.07375437021255493,1.059891700744629,0.06011803075671196
1,control,171,smooth_ap,0.891970157623291,0.8818549513816833,0.027962565422058105,0.9090149402618408,0.13031840324401855,1.0623400211334229,0.12113353610038757,0.9054691195487976,0.06991647183895111,1.015141487121582,0.03806150704622269,0.9154887795448303,0.12624318897724152,1.104196548461914,0.11795171350240707
1,control,172,smooth_ap,0.6969857811927795,0.87846839427948,0.0010287165641784668,0.9024714231491089,0.0134737528860569,0.9540325403213501,0.0070079900324344635,0.9018957614898682,0.0017096297815442085,0.9545618891716003,0.0,0.9058539271354675,0.010338783264160156,0.9909387826919556,0.002911551855504513
1,control,173,smooth_ap,0.793480396270752,0.8957245349884033,0.020299434661865234,0.9171092510223389,0.057752788066864014,1.0809822082519531,0.04264981299638748,0.9110071659088135,0.016377165913581848,1.0399397611618042,0.0018330132588744164,0.9175043702125549,0.05358891934156418,1.0955489873886108,0.03743340075016022
1,control,174,smooth_ap,0.8245008587837219,0.8981756567955017,0.0049285888671875,0.9234104156494141,0.08336856216192245,1.068164587020874,0.0755908191204071,0.9209404587745667,0.04756218194961548,1.0263444185256958,0.02664763666689396,0.9282797574996948,0.08440104871988297,1.0844292640686035,0.07868661731481552
1,control,175,smooth_ap,0.7993467450141907,0.8756681084632874,0.01296985149383545,0.8980327844619751,0.07365007698535919,1.0589008331298828,0.049757398664951324,0.9043390154838562,0.03971090912818909,1.0329575538635254,0.021586138755083084,0.9075005054473877,0.06645481288433075,1.1131349802017212,0.047058217227458954
1,control,176,smooth_ap,0.760294497013092,0.8862589597702026,0.003771960735321045,0.9127694964408875,0.052701763808727264,1.0360159873962402,0.022386685013771057,0.9108054041862488,0.028862779960036278,0.9979195594787598,0.011472419835627079,0.9133459329605103,0.0550193153321743,1.0582661628723145,0.026347553357481956
1,control,177,smooth_ap,0.8920654058456421,0.8870210647583008,0.04109203815460205,0.9074100852012634,0.09198780357837677,1.025804042816162,0.07815088331699371,0.9195064902305603,0.10014515370130539,1.0413686037063599,0.08946523070335388,0.9156262278556824,0.10538112372159958,1.0546855926513672,0.09694184362888336
1,control,178,smooth_ap,0.852371871471405,0.8992710113525391,0.014658689498901367,0.9239277839660645,0.08341149985790253,1.10893976688385,0.06340395659208298,0.9300099611282349,0.07756917923688889,1.1148256063461304,0.053894735872745514,0.9273846745491028,0.07292836904525757,1.131878137588501,0.05471836030483246
1,control,179,smooth_ap,0.7526293396949768,0.8814623951911926,0.008580386638641357,0.9029806852340698,0.035504113882780075,0.9981147050857544,0.023442890495061874,0.9095840454101562,0.020992256700992584,1.0529298782348633,0.011041618883609772,0.9078655242919922,0.04044981673359871,1.039454460144043,0.026326093822717667
1,control,180,smooth_ap,0.8253364562988281,0.8914250135421753,0.012081027030944824,0.9025802612304688,0.09897013008594513,1.0500128269195557,0.0740608274936676,0.9031185507774353,0.0459953173995018,1.0212520360946655,0.018645640462636948,0.9025532007217407,0.10276460647583008,1.0480217933654785,0.07864724099636078
1,control,181,smooth_ap,0.8029568195343018,0.8850110769271851,0.00457608699798584,0.9111933708190918,0.07633931934833527,1.0499494075775146,0.04777198284864426,0.9160510897636414,0.056131113320589066,1.0518906116485596,0.03439752757549286,0.9180701375007629,0.07475873827934265,1.0589146614074707,0.050423189997673035
1,control,182,smooth_ap,0.861812949180603,0.8783190250396729,0.010730981826782227,0.8934471607208252,0.1301775574684143,0.997282862663269,0.10357888042926788,0.8928734064102173,0.11149843037128448,0.9874569177627563,0.07752376794815063,0.8937270641326904,0.1208776980638504,0.9999210834503174,0.09411627054214478
1,control,183,smooth_ap,0.7173115015029907,0.8859705328941345,0.000903010368347168,0.9061434864997864,0.017049983143806458,1.035714030265808,0.0037276791408658028,0.9076107740402222,0.010321712121367455,1.0159447193145752,0.0012529250234365463,0.9020097851753235,0.016847528517246246,1.0120818614959717,0.0039619142189621925
1,control,184,smooth_ap,0.8305282592773438,0.8881872892379761,0.01763784885406494,0.9177491068840027,0.07175643742084503,1.0256911516189575,0.06118899583816528,0.9149932861328125,0.07301226258277893,1.0329053401947021,0.06036107614636421,0.9124239683151245,0.0797886997461319,1.0321444272994995,0.07196421921253204
1,control,185,smooth_ap,0.8128818273544312,0.873778223991394,0.0054776668548583984,0.8953118920326233,0.0846165344119072,1.0290330648422241,0.06250249594449997,0.8961087465286255,0.054276637732982635,1.0511622428894043,0.02604703977704048,0.9012051224708557,0.10002422332763672,1.0910472869873047,0.0737486407160759
1,control,186,smooth_ap,0.7921794652938843,0.8774175643920898,0.004731476306915283,0.9056649804115295,0.08112132549285889,1.030752182006836,0.05781196430325508,0.9087476134300232,0.03756273537874222,1.0547046661376953,0.020610716193914413,0.9105430841445923,0.07308825850486755,1.0731987953186035,0.04097535088658333
1,control,187,smooth_ap,0.8003896474838257,0.8826820850372314,0.00343400239944458,0.9050670266151428,0.0924384593963623,0.9941988587379456,0.0832853689789772,0.9111497402191162,0.04015415161848068,1.0036187171936035,0.018428364768624306,0.9107672572135925,0.08165964484214783,1.0279006958007812,0.07160696387290955
1,control,188,smooth_ap,0.7741720676422119,0.8722541928291321,0.018394529819488525,0.891412615776062,0.05488254874944687,1.01165771484375,0.036605097353458405,0.8953312039375305,0.03292151540517807,0.973121166229248,0.021848853677511215,0.8956113457679749,0.05731860175728798,1.037980556488037,0.04557425528764725
1,control,189,smooth_ap,0.8134558796882629,0.8787153959274292,0.0019393563270568848,0.8994753360748291,0.10435444861650467,0.9978193044662476,0.06912992149591446,0.9069904088973999,0.07411883771419525,0.9881937503814697,0.03697926923632622,0.9051949977874756,0.10029865801334381,1.0384137630462646,0.07044051587581635
1,control,190,smooth_ap,0.7938624620437622,0.8752553462982178,0.0052765607833862305,0.888401985168457,0.10310845077037811,0.9751878976821899,0.08445857465267181,0.8882908821105957,0.03488888964056969,0.9591209888458252,0.01104684453457594,0.8913760781288147,0.09962468594312668,0.9985948801040649,0.078969806432724
1,control,191,smooth_ap,0.7908969521522522,0.8724793791770935,0.004217267036437988,0.8954459428787231,0.0932871624827385,0.9608005881309509,0.07556775212287903,0.8972209692001343,0.04887839034199715,0.9660087823867798,0.02437116950750351,0.896798849105835,0.08825409412384033,0.9956687092781067,0.07323282957077026
1,control,192,smooth_ap,0.9478839039802551,0.8758084774017334,0.02410292625427246,0.9125708937644958,0.15144675970077515,1.0873908996582031,0.12956206500530243,0.9221758842468262,0.13462044298648834,1.109012484550476,0.10451360791921616,0.9138753414154053,0.14844593405723572,1.140075445175171,0.12235932052135468
1,control,193,smooth_ap,0.856803297996521,0.8854211568832397,0.040753960609436035,0.9157394170761108,0.08460688591003418,1.0659561157226562,0.05846143513917923,0.922401487827301,0.0678006038069725,1.0710567235946655,0.03907095640897751,0.9269528985023499,0.07710696756839752,1.1106946468353271,0.04746229201555252
1,control,194,smooth_ap,0.7991480827331543,0.8901425004005432,0.010761380195617676,0.9105846881866455,0.07826673984527588,1.025397539138794,0.053577929735183716,0.9077854752540588,0.0532749779522419,0.9950228929519653,0.02628336474299431,0.917625367641449,0.07130897045135498,1.0618256330490112,0.041278526186943054
1,control,195,smooth_ap,0.8757298588752747,0.8850516080856323,0.016062378883361816,0.9092745780944824,0.1316787302494049,1.0431901216506958,0.12106477469205856,0.9119184017181396,0.07127155363559723,1.0270097255706787,0.037788085639476776,0.9152840375900269,0.12137565016746521,1.1057488918304443,0.09963076561689377
1,control,196,smooth_ap,0.7614351511001587,0.8772323131561279,0.00043487548828125,0.9038918614387512,0.05987570434808731,1.0037345886230469,0.043179936707019806,0.9079765677452087,0.045284826308488846,1.0060367584228516,0.025430407375097275,0.9070233106613159,0.0492982342839241,1.0095717906951904,0.030954789370298386
1,control,197,smooth_ap,0.8129931092262268,0.8663254380226135,0.005401015281677246,0.885028064250946,0.12274239957332611,0.9794464111328125,0.09938253462314606,0.8916850090026855,0.05755142122507095,0.9578714370727539,0.024642929434776306,0.8881078958511353,0.11225656419992447,0.9836432933807373,0.08553975820541382
1,control,198,smooth_ap,0.8173515796661377,0.8707312941551208,0.0012308359146118164,0.9003352522850037,0.09099523723125458,1.0461537837982178,0.07362516224384308,0.9057218432426453,0.055269915610551834,1.0564184188842773,0.038487326353788376,0.9102438688278198,0.08571641147136688,1.1155433654785156,0.07151862978935242
1,control,199,smooth_ap,0.8156917095184326,0.8824323415756226,0.010393261909484863,0.907174825668335,0.0820101946592331,1.0247530937194824,0.05054096505045891,0.9105455279350281,0.08446967601776123,1.007742166519165,0.05636918544769287,0.9137471318244934,0.08470498025417328,1.035366415977478,0.04755641892552376
1,control,200,smooth_ap,0.9384308457374573,0.8845123648643494,0.02971029281616211,0.9204828143119812,0.12724687159061432,1.111621379852295,0.1107638031244278,0.924769401550293,0.1124037653207779,1.0940638780593872,0.09279236942529678,0.9251968264579773,0.13705557584762573,1.1558372974395752,0.12611693143844604
1,control,201,smooth_ap,0.7508822083473206,0.8712334632873535,0.007012128829956055,0.8907609581947327,0.057713501155376434,0.9638707041740417,0.037764422595500946,0.8957840204238892,0.04168324917554855,0.961449921131134,0.02006751112639904,0.8955472707748413,0.05365508422255516,0.9787206649780273,0.031318433582782745
1,control,202,smooth_ap,0.6898512244224548,0.8574241995811462,0.0005826950073242188,0.8790395259857178,0.02159721776843071,0.950501561164856,0.006706788204610348,0.8832794427871704,0.0033254949375987053,0.9505965113639832,4.504527896642685e-05,0.8844311237335205,0.02154063805937767,0.9797345399856567,0.003907068632543087
1,control,203,smooth_ap,0.8113337159156799,0.8666077256202698,0.002523064613342285,0.8871424794197083,0.11816171556711197,0.9882252216339111,0.10641960054636002,0.8873860836029053,0.041997279971838,0.9634886980056763,0.009916272945702076,0.8906060457229614,0.11505663394927979,1.0121477842330933,0.10075148940086365
1,control,204,smooth_ap,0.8389787077903748,0.8737367391586304,0.010692119598388672,0.8987820744514465,0.0971161425113678,1.0306074619293213,0.07705994695425034,0.9037647247314453,0.08467797935009003,1.0302519798278809,0.06248109042644501,0.9034605622291565,0.09864478558301926,1.0489816665649414,0.08081352710723877
1,control,205,smooth_ap,0.8481546640396118,0.890373170375824,0.0027143359184265137,0.9312180876731873,0.09788262099027634,1.1120202541351318,0.07852489501237869,0.9359109401702881,0.06826844066381454,1.0706274509429932,0.04206889495253563,0.9399286508560181,0.0886739194393158,1.1644113063812256,0.06459697335958481
1,control,206,smooth_ap,0.7700315713882446,0.8675644397735596,0.006582856178283691,0.889529287815094,0.0633581206202507,0.9617988467216492,0.046789929270744324,0.8874923586845398,0.057730209082365036,0.9666756391525269,0.04753740131855011,0.8925420045852661,0.06189746409654617,0.9718976616859436,0.05227185785770416
1,control,207,smooth_ap,0.974890410900116,0.8814235925674438,0.007709026336669922,0.9255123138427734,0.18027722835540771,1.1467909812927246,0.1627567708492279,0.9218668937683105,0.1381944715976715,1.0956975221633911,0.10376711934804916,0.9333425164222717,0.1766185164451599,1.1680480241775513,0.1619350016117096
1,control,208,smooth_ap,0.8273718953132629,0.8741183280944824,0.009015679359436035,0.8992421627044678,0.11310151219367981,1.035362958908081,0.08585068583488464,0.9003497362136841,0.051434844732284546,1.0300965309143066,0.023261304944753647,0.9029009938240051,0.10939880460500717,1.0287766456604004,0.08401636779308319
1,control,209,smooth_ap,0.7874298691749573,0.8777439594268799,0.00830686092376709,0.8919488191604614,0.07368645817041397,0.9717670679092407,0.059154435992240906,0.8974528312683105,0.058376606553792953,0.9925384521484375,0.03778093680739403,0.8964872360229492,0.07111131399869919,1.0023300647735596,0.05446358397603035
1,control,210,smooth_ap,0.7749640941619873,0.8689258098602295,0.007962167263031006,0.895436704158783,0.06647483259439468,1.0138647556304932,0.05134128779172897,0.8954851031303406,0.03926169127225876,0.9993438720703125,0.024807296693325043,0.8933742642402649,0.0655594989657402,1.0025951862335205,0.051603835076093674
1,control,211,smooth_ap,0.8227789402008057,0.8742144107818604,0.007894635200500488,0.9004747271537781,0.10051035135984421,1.042160153388977,0.08243884146213531,0.8977912664413452,0.05982695519924164,0.9907217025756836,0.03740605711936951,0.9032758474349976,0.09379887580871582,1.0716567039489746,0.07598160952329636
1,control,212,smooth_ap,0.6941742300987244,0.8614834547042847,0.00012242794036865234,0.8800100684165955,0.028942354023456573,0.9536142945289612,0.021044354885816574,0.8807194232940674,0.005383221432566643,0.9308415651321411,0.0,0.883326530456543,0.02089807018637657,0.9572658538818359,0.009862922132015228
1,control,213,smooth_ap,0.9236661791801453,0.8845398426055908,0.011887311935424805,0.9049587249755859,0.14982563257217407,1.0225695371627808,0.13252468407154083,0.9055635333061218,0.15334933996200562,1.0018411874771118,0.13713252544403076,0.9067879915237427,0.14335568249225616,1.0199419260025024,0.12583328783512115
1,control,214,smooth_ap,0.8332710266113281,0.867169976234436,0.0046051740646362305,0.8924338221549988,0.11024799942970276,1.023963451385498,0.0890212208032608,0.8891612887382507,0.0850953757762909,0.9840095043182373,0.07283113896846771,0.8953729867935181,0.10289307683706284,1.047654628753662,0.07653963565826416
1,control,215,smooth_ap,0.7162373661994934,0.8616385459899902,0.0018914341926574707,0.8787994980812073,0.03706593066453934,0.9313720464706421,0.01899237558245659,0.8860400915145874,0.027922071516513824,0.9524743556976318,0.007583748549222946,0.8830087780952454,0.04548158869147301,0.9598703384399414,0.02817779779434204
1,control,216,smooth_ap,0.726161003112793,0.8747273087501526,0.010622382164001465,0.8896324038505554,0.03722408786416054,0.9589626789093018,0.021971222013235092,0.8943420648574829,0.01229946967214346,0.9536903500556946,0.004671717993915081,0.8979139924049377,0.03161248937249184,0.9918208122253418,0.017527462914586067
1,control,217,smooth_ap,0.8382533192634583,0.8641188144683838,0.008430004119873047,0.8931222558021545,0.11632625013589859,1.0252888202667236,0.0887286514043808,0.8873475193977356,0.09742078185081482,1.0002269744873047,0.06866663694381714,0.891697347164154,0.10162031650543213,1.0373989343643188,0.07071764767169952
1,control,218,smooth_ap,0.82373046875,0.8688809871673584,0.0026258230209350586,0.8922078609466553,0.12193652987480164,0.9988420605659485,0.09838045388460159,0.8965306282043457,0.06818264722824097,0.9704446792602539,0.03930003196001053,0.8951855301856995,0.11080782115459442,1.0050758123397827,0.09083472192287445
1,control,219,smooth_ap,0.7970746755599976,0.8766211271286011,0.013354182243347168,0.9044278264045715,0.0820806622505188,1.0079684257507324,0.06201208382844925,0.9036808609962463,0.04322244971990585,0.9975167512893677,0.019294729456305504,0.9060813188552856,0.07942552864551544,1.0260249376296997,0.056992169469594955
1,control,220,smooth_ap,0.8015542030334473,0.8751416206359863,0.002283155918121338,0.8939231634140015,0.07715389877557755,1.013169527053833,0.045749418437480927,0.9010650515556335,0.07342194020748138,1.0160123109817505,0.04421187937259674,0.8986005783081055,0.0964503139257431,1.0402475595474243,0.06394873559474945
1,control,221,smooth_ap,0.7095198631286621,0.8711033463478088,0.002100706100463867,0.9018901586532593,0.026336655020713806,0.9769781827926636,0.00936006661504507,0.9027297496795654,0.014096198603510857,0.9683805704116821,0.00258688535541296,0.9024041891098022,0.0226442813873291,0.9795141816139221,0.00625039916485548
1,control,222,smooth_ap,0.7743667960166931,0.8713696002960205,0.011133432388305664,0.8993421792984009,0.04991703853011131,1.0413984060287476,0.022244736552238464,0.9048156142234802,0.04630228877067566,1.0176080465316772,0.02631489560008049,0.9068466424942017,0.05795278400182724,1.086024284362793,0.026820192113518715
1,control,223,smooth_ap,0.8878880143165588,0.9044268131256104,0.02307605743408203,0.9252833724021912,0.1320710927248001,1.039421558380127,0.11046046018600464,0.9249099493026733,0.07041425257921219,1.0240025520324707,0.04342704638838768,0.9298020601272583,0.1232193112373352,1.0810973644256592,0.10038968920707703
1,control,224,smooth_ap,0.7574871182441711,0.8676176071166992,0.008628010749816895,0.8891741037368774,0.05980551242828369,0.9624408483505249,0.0441943034529686,0.8985031843185425,0.03554491698741913,1.0031758546829224,0.0195961594581604,0.893506646156311,0.051690418273210526,0.9997785091400146,0.03479449450969696
1,control,225,smooth_ap,0.7780336737632751,0.8685335516929626,0.003896057605743408,0.8964378833770752,0.06752514839172363,0.9816324710845947,0.029711013659834862,0.9022181034088135,0.06082829087972641,0.989251971244812,0.027369219809770584,0.9000911116600037,0.08858700096607208,1.013482928276062,0.05962479114532471
1,control,226,smooth_ap,0.7861469984054565,0.85959392786026,0.006777405738830566,0.8839548230171204,0.08338490128517151,0.9731281995773315,0.05913706496357918,0.8892171382904053,0.06772801280021667,1.0128705501556396,0.043699346482753754,0.8872199058532715,0.07142440229654312,0.9951682090759277,0.051991112530231476
1,control,227,smooth_ap,0.6854040622711182,0.8607085347175598,0.0008781552314758301,0.8750677704811096,0.022238243371248245,0.9129855632781982,0.008659865707159042,0.8763526678085327,0.015648838132619858,0.9220623970031738,0.0044553810730576515,0.878218412399292,0.02155251055955887,0.9282628893852234,0.007190481759607792
1,control,228,smooth_ap,0.7760075330734253,0.8616193532943726,0.003703773021697998,0.8882262706756592,0.08812406659126282,0.981084942817688,0.05915044993162155,0.8918203711509705,0.04557764530181885,0.9945472478866577,0.014479279518127441,0.8916857242584229,0.08232329040765762,1.0224578380584717,0.04800011217594147
1,control,229,smooth_ap,0.7085333466529846,0.8616925477981567,0.001006007194519043,0.8815355896949768,0.0509701669216156,0.9260292649269104,0.027487434446811676,0.8844289183616638,0.014566163532435894,0.9206433296203613,0.004271239973604679,0.8856058120727539,0.03801555186510086,0.9474585056304932,0.017872409895062447
1,control,230,smooth_ap,0.8311862945556641,0.8667622208595276,0.005226612091064453,0.8934565782546997,0.12308242917060852,0.9781413078308105,0.10914543271064758,0.8930942416191101,0.06896281242370605,0.9688014984130859,0.047218695282936096,0.9000869989395142,0.10921341180801392,1.021196722984314,0.09452809393405914
1,control,231,smooth_ap,0.7246799468994141,0.8716088533401489,0.00024139881134033203,0.8956731557846069,0.039979755878448486,0.9814918041229248,0.013883098028600216,0.8959088325500488,0.030312709510326385,0.9760891199111938,0.013605818152427673,0.8962838649749756,0.03521621227264404,0.9921616911888123,0.013944946229457855
1,control,232,smooth_ap,0.7500621676445007,0.8695961236953735,0.004873156547546387,0.8913273215293884,0.056686874479055405,0.9724496603012085,0.042529962956905365,0.8961739540100098,0.03471846878528595,0.9848718643188477,0.018321719020605087,0.893392026424408,0.054336026310920715,0.978344202041626,0.03238062188029289
1,control,233,smooth_ap,0.9549935460090637,0.8795781135559082,0.022039413452148438,0.9081839323043823,0.17228499054908752,1.0413004159927368,0.15524853765964508,0.9105009436607361,0.15163418650627136,1.0281786918640137,0.12832805514335632,0.9168092012405396,0.1561528742313385,1.0761456489562988,0.1282169222831726
1,control,234,smooth_ap,0.7275986075401306,0.8620350360870361,0.0008105039596557617,0.8833132386207581,0.047848429530858994,0.9460221529006958,0.029794007539749146,0.8885562419891357,0.024487748742103577,0.9613295197486877,0.008189592510461807,0.8908876776695251,0.05162360891699791,0.9868181347846985,0.03086494281888008
1,control,235,smooth_ap,0.8115667104721069,0.8769287467002869,0.005894660949707031,0.9006918668746948,0.09631967544555664,0.9868937730789185,0.07725881040096283,0.9072988629341125,0.06805185973644257,0.983569860458374,0.0318046435713768,0.9075392484664917,0.09970228374004364,1.0025736093521118,0.0764329731464386
1,control,236,smooth_ap,0.7449733018875122,0.8627505898475647,0.008348166942596436,0.886080801486969,0.04070533439517021,0.9977585077285767,0.02636902406811714,0.8917468190193176,0.028414852917194366,0.980256199836731,0.015932787209749222,0.889433741569519,0.04486376419663429,1.034712791442871,0.03413451090455055
1,control,237,smooth_ap,0.8640977144241333,0.8701369166374207,0.0024677515029907227,0.895664393901825,0.13382218778133392,1.013397216796875,0.11105381697416306,0.9024704098701477,0.10656598210334778,1.0151188373565674,0.07137145102024078,0.897926926612854,0.13180366158485413,1.017209768295288,0.10783655941486359
1,control,238,smooth_ap,0.8676084280014038,0.8688328266143799,0.03096914291381836,0.896268904209137,0.10460232198238373,0.9696550369262695,0.0894521176815033,0.8982645273208618,0.09523552656173706,0.9825094938278198,0.07907533645629883,0.902857780456543,0.11584851890802383,1.0159317255020142,0.10501457750797272
1,control,239,smooth_ap,0.8042638301849365,0.8711192011833191,0.00613635778427124,0.8911477327346802,0.0937715396285057,0.9721911549568176,0.0541897714138031,0.9027577638626099,0.07100223749876022,1.0098310708999634,0.045909326523542404,0.8981940746307373,0.09535576403141022,1.0143650770187378,0.06499948352575302
1,control,240,smooth_ap,0.7675487399101257,0.8589991927146912,0.008316099643707275,0.8800550699234009,0.06195483356714249,0.9645739793777466,0.0387481153011322,0.8790896534919739,0.06138685718178749,0.9692286849021912,0.046089235693216324,0.8797348141670227,0.06821775436401367,0.9808425903320312,0.05035964399576187
1,control,241,smooth_ap,0.7857956886291504,0.8631744980812073,0.011128902435302734,0.8840469121932983,0.09379971027374268,0.9832392930984497,0.06698787212371826,0.8887035846710205,0.0435047522187233,0.9675999879837036,0.017438046634197235,0.8898988366127014,0.0843731090426445,1.0075199604034424,0.055719565600156784
1,control,242,smooth_ap,0.7429248690605164,0.8577581644058228,0.006625771522521973,0.8838580846786499,0.05849740281701088,0.9909588098526001,0.04535398632287979,0.884987473487854,0.03073054365813732,0.9523431658744812,0.013310507871210575,0.8873884677886963,0.04453311115503311,1.0055453777313232,0.026652144268155098
1,control,243,smooth_ap,0.7610424160957336,0.873711347579956,0.0019024014472961426,0.9118335247039795,0.057017333805561066,1.0052555799484253,0.0335170142352581,0.9168300032615662,0.03220674768090248,1.0093059539794922,0.011432505212724209,0.9172486662864685,0.05513426288962364,1.0639832019805908,0.03205496817827225
1,control,244,smooth_ap,0.7753328084945679,0.8657353520393372,0.0009513497352600098,0.8858839273452759,0.0902097076177597,0.9395763278007507,0.07107037305831909,0.8868624567985535,0.05989912897348404,0.9458721280097961,0.028477903455495834,0.8888986706733704,0.0817929208278656,0.9648584127426147,0.0630231648683548
1,control,245,smooth_ap,0.8815635442733765,0.8718163371086121,0.005413353443145752,0.9015674591064453,0.14220334589481354,1.0101759433746338,0.12095081806182861,0.9071540832519531,0.12945206463336945,1.0429495573043823,0.1003725677728653,0.9003989696502686,0.12328970432281494,1.0005302429199219,0.09559045732021332
1,control,246,smooth_ap,0.6770630478858948,0.863312304019928,0.0005344748497009277,0.8881174325942993,0.005238865502178669,0.9403321146965027,0.001813013106584549,0.8889412879943848,0.0004057474434375763,0.9395180940628052,0.0,0.890798807144165,0.0024076178669929504,0.9487805962562561,0.000773770734667778
1,control,247,smooth_ap,0.7564237117767334,0.8632169365882874,0.0017464160919189453,0.8916723728179932,0.049860503524541855,0.9875723123550415,0.03224814310669899,0.89573734998703,0.04574275016784668,1.0072593688964844,0.0256723053753376,0.8927923440933228,0.06423263996839523,1.0046675205230713,0.044502224773168564
1,control,248,smooth_ap,0.8829038143157959,0.8819830417633057,0.005218148231506348,0.9058741927146912,0.1134929209947586,1.0680547952651978,0.08983506262302399,0.9107915163040161,0.10361926257610321,1.075860857963562,0.08192922174930573,0.9079886674880981,0.13379621505737305,1.112229347229004,0.11248718947172165
1,control,249,smooth_ap,0.8094215989112854,0.8807641267776489,0.01287931203842163,0.9221031665802002,0.07937473803758621,1.0711374282836914,0.05859566107392311,0.9111278057098389,0.06053844094276428,1.0077871084213257,0.03903425484895706,0.9151324033737183,0.0676342099905014,1.036811351776123,0.045527879148721695
1,control,250,smooth_ap,0.775544285774231,0.8763402104377747,0.0009413957595825195,0.9128170013427734,0.07083938270807266,1.0307719707489014,0.04963310807943344,0.9181361794471741,0.029707763344049454,1.030105710029602,0.011022055521607399,0.9229472279548645,0.0578099824488163,1.094944953918457,0.033151306211948395
1,control,251,smooth_ap,0.7885507345199585,0.8758804798126221,0.00401759147644043,0.8989194631576538,0.09082606434822083,0.9894493818283081,0.07153519988059998,0.9000141024589539,0.0472966805100441,0.9726256132125854,0.025268953293561935,0.9027801752090454,0.07962726056575775,1.0118701457977295,0.055811524391174316
1,control,252,smooth_ap,0.7768489122390747,0.8675593733787537,0.00020885467529296875,0.8900606036186218,0.08578598499298096,0.9783607125282288,0.06929478049278259,0.8953280448913574,0.05375340208411217,0.9711633920669556,0.026348665356636047,0.8945913910865784,0.07622699439525604,0.9902704358100891,0.054332684725522995
1,control,253,smooth_ap,0.7755358815193176,0.8658345341682434,0.0014265775680541992,0.8936641216278076,0.07384084165096283,0.9754351377487183,0.04417027160525322,0.8983548879623413,0.05493008345365524,0.9796798229217529,0.03204192966222763,0.9016735553741455,0.07883315533399582,1.028245210647583,0.05443532392382622
1,control,254,smooth_ap,0.8694899678230286,0.8666949272155762,0.007702827453613281,0.8912694454193115,0.12652266025543213,0.9855023622512817,0.09589558094739914,0.8943153619766235,0.11389896273612976,0.9831234812736511,0.08264888823032379,0.8973399996757507,0.14563459157943726,1.0246517658233643,0.12378539144992828
1,control,255,smooth_ap,0.8097776174545288,0.8683847188949585,0.003928959369659424,0.8925327658653259,0.09835410863161087,0.9927685856819153,0.07774534821510315,0.8958238959312439,0.056751787662506104,0.9831475019454956,0.02951061725616455,0.8960596919059753,0.10810057818889618,1.0254814624786377,0.08927629142999649
1,control,256,smooth_ap,0.7492808103561401,0.8647058010101318,0.004217088222503662,0.8906295299530029,0.058390043675899506,1.0030863285064697,0.04320404678583145,0.8948795199394226,0.029601002112030983,1.0100462436676025,0.010110124945640564,0.8941861987113953,0.04446960985660553,1.0266412496566772,0.023284519091248512
1,control,257,smooth_ap,0.7251859903335571,0.8624814748764038,0.0019713640213012695,0.882742166519165,0.05090729147195816,0.9557115435600281,0.02665487676858902,0.8840386867523193,0.03266272693872452,0.9483646154403687,0.013172753155231476,0.8837096095085144,0.044062331318855286,0.9726353883743286,0.020516283810138702
1,control,258,smooth_ap,0.8287113308906555,0.8759914636611938,0.012853026390075684,0.9129440784454346,0.08855031430721283,1.02238130569458,0.07182730734348297,0.9177611470222473,0.07277431339025497,1.0247083902359009,0.05263671651482582,0.9145390391349792,0.08902643620967865,1.0424885749816895,0.06768594682216644
1,control,259,smooth_ap,0.7307561635971069,0.8675711154937744,0.0074274539947509766,0.8879871964454651,0.049694206565618515,0.959054708480835,0.023486286401748657,0.8931576609611511,0.02989364229142666,0.9609308242797852,0.013103646226227283,0.8906963467597961,0.04084037244319916,0.9556894898414612,0.01955333724617958
1,control,260,smooth_ap,0.786031186580658,0.8689773082733154,0.007472693920135498,0.883083164691925,0.09749867022037506,0.9260040521621704,0.08127276599407196,0.8850537538528442,0.05974438786506653,0.9199498295783997,0.036007195711135864,0.8865745067596436,0.09093579649925232,0.9310555458068848,0.06922388076782227
1,cross_scene,1,hard_triplet,4.149386405944824,4.635481357574463,0.24779048562049866,4.635982036590576,0.2674800753593445,4.641592502593994,0.3487299084663391,4.634551048278809,0.23052458465099335,4.638511657714844,0.2780984342098236,4.6144914627075195,0.25338661670684814,4.644176006317139,0.32291457056999207
1,cross_scene,2,hard_triplet,4.051369667053223,4.61757230758667,0.21259915828704834,4.637111186981201,0.23736968636512756,4.641362190246582,0.3157092332839966,4.6420087814331055,0.19274824857711792,4.630700588226318,0.22419220209121704,4.646996974945068,0.21284180879592896,4.640811443328857,0.27498549222946167
1,cross_scene,3,hard_triplet,3.987222194671631,4.608391761779785,0.18265655636787415,4.640416622161865,0.21410369873046875,4.643227577209473,0.3152334690093994,4.649660110473633,0.15396863222122192,4.638064384460449,0.19336657226085663,4.622683525085449,0.18983647227287292,4.640861988067627,0.2650567889213562
1,cross_scene,4,hard_triplet,4.053462982177734,4.632075786590576,0.20705528557300568,4.644934177398682,0.228965163230896,4.635643005371094,0.3256603479385376,4.637577056884766,0.1844564974308014,4.619385242462158,0.226165771484375,4.6357421875,0.2177097201347351,4.635422229766846,0.3010307848453522
1,cross_scene,5,hard_triplet,4.022913455963135,4.619282245635986,0.19988250732421875,4.630230903625488,0.22399434447288513,4.639598846435547,0.31860631704330444,4.633441925048828,0.18177786469459534,4.626418113708496,0.20710238814353943,4.631856441497803,0.2050337940454483,4.634541034698486,0.2709644138813019
1,cross_scene,6,hard_triplet,4.004110336303711,4.624812602996826,0.18962278962135315,4.620110034942627,0.20943188667297363,4.630035400390625,0.3164620101451874,4.595916748046875,0.16867482662200928,4.629499912261963,0.20453807711601257,4.638576984405518,0.2030571699142456,4.627791404724121,0.2836635708808899
1,cross_scene,7,hard_triplet,4.022817611694336,4.602187156677246,0.2023058533668518,4.640078067779541,0.22012117505073547,4.631793022155762,0.3168978691101074,4.613762378692627,0.18531689047813416,4.62015962600708,0.21137335896492004,4.621185302734375,0.21325629949569702,4.638179779052734,0.27784115076065063
1,cross_scene,8,hard_triplet,4.0325093269348145,4.6398420333862305,0.2062740921974182,4.610844135284424,0.22785241901874542,4.631686210632324,0.31761500239372253,4.590634822845459,0.1859581470489502,4.646266937255859,0.20364835858345032,4.610677719116211,0.21675047278404236,4.629339218139648,0.27345871925354004
1,cross_scene,9,hard_triplet,4.102219104766846,4.650846481323242,0.2333754152059555,4.625751972198486,0.24855196475982666,4.639652252197266,0.319627970457077,4.644148826599121,0.21808287501335144,4.641880512237549,0.23015883564949036,4.630833625793457,0.24452358484268188,4.628848552703857,0.29321062564849854
1,cross_scene,10,hard_triplet,4.1169209480285645,4.601280212402344,0.24479493498802185,4.6281418800354,0.2498530149459839,4.625205993652344,0.32072433829307556,4.600977897644043,0.23312987387180328,4.624527454376221,0.2523845136165619,4.6222076416015625,0.26193496584892273,4.62506628036499,0.3271545469760895
1,cross_scene,11,hard_triplet,4.0490899085998535,4.6452412605285645,0.2091282606124878,4.658196449279785,0.2252492606639862,4.627457141876221,0.3120124340057373,4.645106315612793,0.19207799434661865,4.62668514251709,0.20172050595283508,4.639331340789795,0.22235903143882751,4.631505489349365,0.2850918769836426
1,cross_scene,12,hard_triplet,3.992647647857666,4.707984924316406,0.17690503597259521,4.647751808166504,0.20271852612495422,4.628722667694092,0.30682021379470825,4.637324333190918,0.15289103984832764,4.640088081359863,0.16580848395824432,4.6565842628479,0.19025737047195435,4.639370441436768,0.25320935249328613
1,cross_scene,13,hard_triplet,4.006258010864258,4.578853607177734,0.20532363653182983,4.597405910491943,0.22363972663879395,4.628997325897217,0.3138407766819,4.580885887145996,0.18276087939739227,4.6212053298950195,0.1930873990058899,4.574581146240234,0.22391948103904724,4.610363960266113,0.2831566333770752
1,cross_scene,14,hard_triplet,3.7064239978790283,4.032478332519531,0.1793176233768463,4.298148155212402,0.20917361974716187,4.583959102630615,0.30718886852264404,4.229452133178711,0.1424715220928192,4.514559268951416,0.13868945837020874,4.235833644866943,0.20922863483428955,4.5305280685424805,0.2717016935348511
1,cross_scene,15,hard_triplet,3.68940806388855,4.119560718536377,0.15332520008087158,4.346089839935303,0.18759918212890625,4.582968711853027,0.3068418502807617,4.2973713874816895,0.11402181535959244,4.5195770263671875,0.1113949865102768,4.304171562194824,0.1826096624135971,4.534817695617676,0.26063740253448486
1,cross_scene,16,hard_triplet,3.701070785522461,3.9563333988189697,0.19572772085666656,4.234408378601074,0.2237539440393448,4.566545486450195,0.30519527196884155,4.147305011749268,0.17402523756027222,4.492966651916504,0.1736973524093628,4.187473773956299,0.214716374874115,4.4971160888671875,0.26504483819007874
1,cross_scene,17,hard_triplet,3.6357154846191406,3.77689266204834,0.19908630847930908,4.1605329513549805,0.21834000945091248,4.539157867431641,0.304973840713501,4.0706024169921875,0.18054749071598053,4.462270259857178,0.1838095486164093,4.0691351890563965,0.21732039749622345,4.478079319000244,0.27137356996536255
1,cross_scene,18,hard_triplet,3.638916492462158,3.769928455352783,0.20702339708805084,4.10811710357666,0.22701115906238556,4.544366359710693,0.30522531270980835,4.039918899536133,0.18281319737434387,4.443910598754883,0.18183180689811707,4.0748820304870605,0.22425200045108795,4.486083507537842,0.27075111865997314
1,cross_scene,19,hard_triplet,3.4698243141174316,3.5663881301879883,0.1741134226322174,4.00423526763916,0.21064656972885132,4.523685932159424,0.29840409755706787,3.9257678985595703,0.15151576697826385,4.404764175415039,0.14228971302509308,3.902331829071045,0.1860879510641098,4.430478572845459,0.23042422533035278
1,cross_scene,20,hard_triplet,3.5478382110595703,3.7174510955810547,0.177395761013031,4.085999965667725,0.2093602418899536,4.541051864624023,0.30685362219810486,3.9817206859588623,0.13797688484191895,4.423263072967529,0.12932735681533813,4.014446258544922,0.21109667420387268,4.448902130126953,0.2712417542934418
1,cross_scene,21,hard_triplet,3.6503705978393555,3.695984125137329,0.22498025000095367,4.053188323974609,0.240667924284935,4.542771339416504,0.31089141964912415,3.987405776977539,0.20236442983150482,4.4078474044799805,0.20218175649642944,4.0110321044921875,0.2537725567817688,4.454502105712891,0.3101160526275635
1,cross_scene,22,hard_triplet,3.3793296813964844,3.4123375415802,0.16594696044921875,3.9020907878875732,0.19956421852111816,4.505168437957764,0.29975569248199463,3.796147108078003,0.14268074929714203,4.3747053146362305,0.13375115394592285,3.8278229236602783,0.1810493916273117,4.3970842361450195,0.21671998500823975
1,cross_scene,23,hard_triplet,3.459951877593994,3.384462594985962,0.2072754055261612,3.883779287338257,0.23174437880516052,4.511012554168701,0.3041273355484009,3.7607741355895996,0.18440553545951843,4.344970226287842,0.1802426278591156,3.8240535259246826,0.22540715336799622,4.395626068115234,0.26024502515792847
1,cross_scene,24,hard_triplet,3.3862130641937256,3.301771640777588,0.19268669188022614,3.8342363834381104,0.22836247086524963,4.506148815155029,0.3015778660774231,3.6936447620391846,0.1676987111568451,4.32206916809082,0.16412387788295746,3.7628300189971924,0.2107076346874237,4.367177963256836,0.2378263771533966
1,cross_scene,25,hard_triplet,3.418440103530884,3.4619486331939697,0.17799818515777588,3.924128532409668,0.20593656599521637,4.508127212524414,0.2994953989982605,3.8165109157562256,0.1531205177307129,4.368683338165283,0.14854007959365845,3.8218212127685547,0.1923999786376953,4.388016223907471,0.22456352412700653
1,cross_scene,26,hard_triplet,3.177229404449463,3.1225688457489014,0.14390572905540466,3.6695408821105957,0.1942054033279419,4.481688022613525,0.3011561632156372,3.546996593475342,0.11513417959213257,4.263126850128174,0.1099902093410492,3.5634946823120117,0.1608423888683319,4.301312446594238,0.1873445063829422
1,cross_scene,27,hard_triplet,2.8896663188934326,2.600283622741699,0.11868204176425934,3.382019281387329,0.18284344673156738,4.3947529792785645,0.29290688037872314,3.265258550643921,0.08097787201404572,4.1549882888793945,0.07098294794559479,3.2574384212493896,0.1412024348974228,4.185525894165039,0.16807861626148224
1,cross_scene,28,hard_triplet,2.899325132369995,2.6174111366271973,0.13044379651546478,3.3521382808685303,0.18577611446380615,4.390129089355469,0.2970465421676636,3.2109906673431396,0.10300082713365555,4.123463153839111,0.08605951815843582,3.2383134365081787,0.1339467167854309,4.189985752105713,0.15061092376708984
1,cross_scene,29,hard_triplet,2.8282947540283203,2.3540568351745605,0.14713338017463684,3.2084879875183105,0.2060379981994629,4.369429588317871,0.29978299140930176,3.0572450160980225,0.1203015074133873,4.066690444946289,0.11147810518741608,3.0806949138641357,0.15954741835594177,4.1272969245910645,0.17015820741653442
1,cross_scene,30,hard_triplet,2.8595547676086426,2.4697153568267822,0.14214065670967102,3.2204537391662598,0.187605082988739,4.349720478057861,0.2962713837623596,3.1114063262939453,0.11312330514192581,4.0793776512146,0.10182312875986099,3.137564182281494,0.16333794593811035,4.139382362365723,0.1918117105960846
1,cross_scene,31,hard_triplet,2.8732693195343018,2.466731548309326,0.15081927180290222,3.267064332962036,0.20510274171829224,4.376087665557861,0.2978857159614563,3.0888314247131348,0.09941138327121735,4.077422142028809,0.08021487295627594,3.1102404594421387,0.1842976063489914,4.1306633949279785,0.20605219900608063
1,cross_scene,32,hard_triplet,2.9619226455688477,2.4415900707244873,0.2008642852306366,3.183497905731201,0.22878628969192505,4.336389541625977,0.30296504497528076,3.0382680892944336,0.17615973949432373,4.052156925201416,0.1652882993221283,3.1024184226989746,0.2158629447221756,4.108928203582764,0.23969551920890808
1,cross_scene,33,hard_triplet,2.670151472091675,2.200711250305176,0.1118796169757843,3.018625259399414,0.18271282315254211,4.320581912994385,0.29093581438064575,2.8823113441467285,0.08177267014980316,3.9888360500335693,0.07652974128723145,2.9210898876190186,0.15366406738758087,4.063083171844482,0.18191859126091003
1,cross_scene,34,hard_triplet,2.8991758823394775,2.3076109886169434,0.2057340145111084,3.0634100437164307,0.23106572031974792,4.308660984039307,0.29673659801483154,2.9205827713012695,0.18389025330543518,4.005472660064697,0.17409846186637878,2.9377615451812744,0.22702094912528992,4.0653157234191895,0.2529439330101013
1,cross_scene,35,hard_triplet,2.699117660522461,2.2513725757598877,0.14323127269744873,2.945629596710205,0.19795528054237366,4.244065284729004,0.2859843373298645,2.8101253509521484,0.11174914240837097,3.952580213546753,0.09822475165128708,2.8772213459014893,0.15746688842773438,4.019644737243652,0.17103728652000427
1,cross_scene,36,hard_triplet,3.147289991378784,2.732314109802246,0.2448330521583557,3.2286553382873535,0.25428223609924316,4.3113789558410645,0.30541884899139404,3.0759263038635254,0.22364038228988647,4.033411026000977,0.21926918625831604,3.149913787841797,0.2728375792503357,4.069542407989502,0.312455952167511
1,cross_scene,37,hard_triplet,2.809694766998291,2.1546075344085693,0.21401524543762207,2.8791980743408203,0.24958345293998718,4.236128807067871,0.29755473136901855,2.6749775409698486,0.20440225303173065,3.8660311698913574,0.20344018936157227,2.759582996368408,0.23392724990844727,3.9561285972595215,0.2485201358795166
1,cross_scene,38,hard_triplet,2.5184028148651123,1.9040184020996094,0.1456560492515564,2.637589693069458,0.204679474234581,4.178050994873047,0.2962421476840973,2.481948137283325,0.10215607285499573,3.7987685203552246,0.09334146976470947,2.532447576522827,0.18226298689842224,3.8877978324890137,0.20275211334228516
1,cross_scene,39,hard_triplet,2.665065050125122,2.313201665878296,0.11483410745859146,2.964083433151245,0.18377774953842163,4.263455867767334,0.288176953792572,2.8350696563720703,0.08351635932922363,3.9449048042297363,0.0703209787607193,2.898653030395508,0.13471047580242157,4.039483547210693,0.14533519744873047
1,cross_scene,40,hard_triplet,2.2676608562469482,1.4611592292785645,0.13699880242347717,2.2797718048095703,0.2084786295890808,4.0129241943359375,0.28978079557418823,2.155674934387207,0.09093957394361496,3.6358256340026855,0.08199618756771088,2.222011089324951,0.17773078382015228,3.7479913234710693,0.19449669122695923
1,cross_scene,41,hard_triplet,2.4373457431793213,1.7079730033874512,0.15617670118808746,2.5131304264068604,0.2229870855808258,4.046607971191406,0.2813025116920471,2.3960890769958496,0.11986859142780304,3.7438952922821045,0.09776297211647034,2.4466967582702637,0.18129320442676544,3.8141722679138184,0.19329196214675903
1,cross_scene,42,hard_triplet,1.9049198627471924,1.2110586166381836,0.055321142077445984,2.0037827491760254,0.16160258650779724,3.8868680000305176,0.2637951970100403,1.8825476169586182,0.015296988189220428,3.528007745742798,0.0025526992976665497,1.9349017143249512,0.07206915318965912,3.6006085872650146,0.05978066846728325
1,cross_scene,43,hard_triplet,2.4259190559387207,1.7327592372894287,0.16593028604984283,2.3895699977874756,0.22283130884170532,3.994072437286377,0.293331116437912,2.2832255363464355,0.13725319504737854,3.6559879779815674,0.12377746403217316,2.2962865829467773,0.1923808455467224,3.75068736076355,0.21434496343135834
1,cross_scene,44,hard_triplet,2.070801019668579,1.3046114444732666,0.12730246782302856,1.9682422876358032,0.19570505619049072,3.858046531677246,0.28307610750198364,1.862475872039795,0.0934448391199112,3.482118606567383,0.07703929394483566,1.9053661823272705,0.14017419517040253,3.553708553314209,0.1366240680217743
1,cross_scene,45,hard_triplet,2.1855309009552,1.3022680282592773,0.1644473820924759,2.0288357734680176,0.2262493073940277,3.804105043411255,0.290303498506546,1.8994686603546143,0.14345276355743408,3.4583539962768555,0.14214403927326202,1.9590073823928833,0.19685234129428864,3.556582450866699,0.21428018808364868
1,cross_scene,46,hard_triplet,2.080725908279419,1.3577018976211548,0.14136359095573425,1.925789713859558,0.21509376168251038,3.7715234756469727,0.2903098464012146,1.8093678951263428,0.11264801025390625,3.3543546199798584,0.09926900267601013,1.8527801036834717,0.15134917199611664,3.4401373863220215,0.14642682671546936
1,cross_scene,47,hard_triplet,2.384399175643921,1.64569091796875,0.1672544926404953,2.369602918624878,0.2284073829650879,3.9539458751678467,0.28589802980422974,2.2405314445495605,0.13856720924377441,3.626553773880005,0.1231437623500824,2.292201042175293,0.18615059554576874,3.7298200130462646,0.1898358166217804
1,cross_scene,48,hard_triplet,2.097074270248413,1.4026415348052979,0.1305045336484909,1.9734585285186768,0.20175392925739288,3.7584633827209473,0.27502965927124023,1.8684563636779785,0.10133183002471924,3.4031903743743896,0.08902481943368912,1.9325661659240723,0.14979444444179535,3.5605032444000244,0.14782275259494781
1,cross_scene,49,hard_triplet,2.34063720703125,1.413151741027832,0.21377047896385193,2.1137828826904297,0.2523941993713379,3.8141400814056396,0.2993863523006439,2.013820171356201,0.19009870290756226,3.513446092605591,0.1722298115491867,2.062257766723633,0.2317822426557541,3.5936083793640137,0.24473774433135986
1,cross_scene,50,hard_triplet,2.076596736907959,1.578178882598877,0.10986137390136719,2.0197982788085938,0.18818986415863037,3.7267045974731445,0.24640370905399323,1.8974270820617676,0.08604472875595093,3.3790392875671387,0.07114634662866592,1.9492168426513672,0.11201062798500061,3.4733150005340576,0.10313359647989273
1,cross_scene,51,hard_triplet,2.1161327362060547,1.5559556484222412,0.11561806499958038,2.080876350402832,0.1945578008890152,3.74002742767334,0.25659915804862976,1.9833577871322632,0.07741400599479675,3.4192867279052734,0.05918323993682861,2.0330100059509277,0.13477538526058197,3.5216517448425293,0.1308368444442749
1,cross_scene,52,hard_triplet,2.239555597305298,1.5302398204803467,0.21149305999279022,1.8868794441223145,0.25387561321258545,3.623406410217285,0.3003883957862854,1.7601814270019531,0.17872479557991028,3.203768014907837,0.15819858014583588,1.814840316772461,0.23522615432739258,3.330124855041504,0.2491971254348755
1,cross_scene,53,hard_triplet,1.9817662239074707,1.200369119644165,0.18308430910110474,1.579479694366455,0.2325473129749298,3.3676605224609375,0.2675670087337494,1.5123783349990845,0.16311275959014893,3.069838047027588,0.14943529665470123,1.5570740699768066,0.20588800311088562,3.2082977294921875,0.21089890599250793
1,cross_scene,54,hard_triplet,1.6434441804885864,1.0946787595748901,0.08031730353832245,1.4582022428512573,0.15029588341712952,3.282343626022339,0.1844235062599182,1.4389474391937256,0.064204640686512,3.030856132507324,0.044024236500263214,1.435609221458435,0.07427318394184113,3.1028499603271484,0.057671211659908295
1,cross_scene,55,hard_triplet,1.5798728466033936,1.0217125415802002,0.08678575605154037,1.3233659267425537,0.14252865314483643,3.160875082015991,0.15651243925094604,1.2926056385040283,0.060648709535598755,2.9525954723358154,0.04521096870303154,1.2901928424835205,0.10409849137067795,2.995922803878784,0.10311788320541382
1,cross_scene,56,hard_triplet,1.684978723526001,1.1323652267456055,0.0908627137541771,1.4336442947387695,0.1460862159729004,3.196967124938965,0.15843623876571655,1.4207220077514648,0.08036056160926819,3.0121641159057617,0.07815513759851456,1.441396713256836,0.1169092208147049,3.128819704055786,0.11957958340644836
1,cross_scene,57,hard_triplet,1.6376830339431763,1.170507788658142,0.06963260471820831,1.4574081897735596,0.1484164446592331,3.2461159229278564,0.17225171625614166,1.3831709623336792,0.037208180874586105,2.8864448070526123,0.01961158774793148,1.4163367748260498,0.10916413366794586,3.0793190002441406,0.12544280290603638
1,cross_scene,58,hard_triplet,1.607430338859558,1.0294487476348877,0.08133362233638763,1.3705708980560303,0.14416000247001648,3.2424139976501465,0.16531917452812195,1.3267223834991455,0.05990274250507355,2.9926633834838867,0.04525810107588768,1.3431026935577393,0.1003226786851883,3.120737075805664,0.09457230567932129
1,cross_scene,59,hard_triplet,1.5792970657348633,1.0228664875030518,0.10289284586906433,1.2683025598526,0.15694725513458252,3.0687410831451416,0.17456209659576416,1.2063870429992676,0.08072492480278015,2.8456060886383057,0.056892234832048416,1.2414363622665405,0.11296669393777847,2.9544005393981934,0.10569895803928375
1,cross_scene,60,hard_triplet,1.4553319215774536,1.1150075197219849,0.06133105605840683,1.1738972663879395,0.14793047308921814,2.8910915851593018,0.1844697743654251,1.1614362001419067,0.0236958134919405,2.610055923461914,0.01129817869514227,1.1781582832336426,0.09344488382339478,2.7384111881256104,0.08247381448745728
1,cross_scene,61,hard_triplet,1.8376383781433105,1.1248869895935059,0.17723552882671356,1.4241275787353516,0.22865524888038635,3.1994102001190186,0.2522595524787903,1.347001552581787,0.15814104676246643,2.80676007270813,0.13655999302864075,1.389378309249878,0.1856003999710083,2.953732967376709,0.18203730881214142
1,cross_scene,62,hard_triplet,1.7716872692108154,1.110868215560913,0.1504071205854416,1.3625251054763794,0.20683100819587708,3.173501491546631,0.24052663147449493,1.2932109832763672,0.12180532515048981,2.88189697265625,0.1094367504119873,1.3280978202819824,0.17075833678245544,3.008932590484619,0.1755056083202362
1,cross_scene,63,hard_triplet,1.5710184574127197,1.1416865587234497,0.06278101354837418,1.3856639862060547,0.11828260123729706,3.1704013347625732,0.13331985473632812,1.308396816253662,0.05609656125307083,2.9157464504241943,0.05271449312567711,1.3266295194625854,0.07373927533626556,3.0729758739471436,0.06383863091468811
1,cross_scene,64,hard_triplet,1.9035147428512573,1.4763436317443848,0.11477157473564148,1.74495530128479,0.18271005153656006,3.2931270599365234,0.20839686691761017,1.6435506343841553,0.09578988701105118,2.9460337162017822,0.09090693295001984,1.6982150077819824,0.14622178673744202,3.0789244174957275,0.15300136804580688
1,cross_scene,65,hard_triplet,1.8571879863739014,1.2112879753112793,0.15160509943962097,1.54481840133667,0.22131845355033875,3.294013738632202,0.2579494118690491,1.4177086353302002,0.10238149017095566,2.841036558151245,0.07407624274492264,1.4660279750823975,0.1944982409477234,3.0848166942596436,0.21134540438652039
1,cross_scene,66,cross_scene_smooth_ap,1.2954586744308472,1.0221811532974243,0.0006332993507385254,1.0724945068359375,0.14509165287017822,2.539013624191284,0.13981010019779205,1.0697367191314697,0.06132405996322632,2.3880913257598877,0.039321161806583405,1.0747328996658325,0.11402451992034912,2.5613961219787598,0.0890602171421051
1,cross_scene,67,cross_scene_smooth_ap,1.4618779420852661,1.1175726652145386,0.058926939964294434,1.256873607635498,0.15554675459861755,2.6192164421081543,0.16279983520507812,1.241647481918335,0.08354997634887695,2.4120876789093018,0.07613091170787811,1.2516207695007324,0.12138886004686356,2.571704387664795,0.11043097078800201
1,cross_scene,68,cross_scene_smooth_ap,1.5589977502822876,1.011816382408142,0.18777048587799072,1.028193712234497,0.17881731688976288,2.600604295730591,0.19068805873394012,1.0280286073684692,0.1319708228111267,2.4181270599365234,0.11481780558824539,1.0362753868103027,0.15475274622440338,2.556713104248047,0.14606520533561707
1,cross_scene,69,cross_scene_smooth_ap,1.4666815996170044,1.0027000904083252,0.19697415828704834,1.0577213764190674,0.13490110635757446,2.370645046234131,0.13713552057743073,1.0661802291870117,0.0962270200252533,2.3563647270202637,0.07551660388708115,1.0760953426361084,0.10499188303947449,2.393893003463745,0.08705772459506989
1,cross_scene,70,cross_scene_smooth_ap,1.622747778892517,0.9839457869529724,0.34936845302581787,1.023947834968567,0.17401263117790222,2.506207227706909,0.19428610801696777,0.987899899482727,0.091250941157341,2.200878381729126,0.06975315511226654,1.0063834190368652,0.117921382188797,2.354881525039673,0.10228101164102554
1,cross_scene,71,cross_scene_smooth_ap,1.4813954830169678,0.9944311380386353,0.049805641174316406,1.135195255279541,0.18739822506904602,2.796189069747925,0.19508135318756104,1.058382511138916,0.13998901844024658,2.4752464294433594,0.11346277594566345,1.1048238277435303,0.1710600107908249,2.7047131061553955,0.1667538732290268
1,cross_scene,72,cross_scene_smooth_ap,1.6749169826507568,1.0411314964294434,0.21135491132736206,1.1246751546859741,0.21307134628295898,2.584608316421509,0.23486727476119995,1.1225955486297607,0.13918626308441162,2.481783628463745,0.11681357026100159,1.1348015069961548,0.20109662413597107,2.6168437004089355,0.21964600682258606
1,cross_scene,73,cross_scene_smooth_ap,1.6058989763259888,1.0171703100204468,0.19277817010879517,1.1278297901153564,0.19376181066036224,2.658277988433838,0.22121122479438782,1.1020368337631226,0.12492217868566513,2.4243788719177246,0.10480843484401703,1.1295957565307617,0.1622171849012375,2.564603567123413,0.15948402881622314
1,cross_scene,74,cross_scene_smooth_ap,1.3206183910369873,1.0474668741226196,0.04733431339263916,1.0664862394332886,0.15852570533752441,2.379690647125244,0.18206031620502472,1.0425074100494385,0.06475259363651276,2.1952381134033203,0.047980766743421555,1.0750348567962646,0.11297452449798584,2.365875005722046,0.10443150252103806
1,cross_scene,75,cross_scene_smooth_ap,1.1638115644454956,1.069523572921753,0.02537393569946289,1.0119590759277344,0.09750581532716751,2.1612699031829834,0.10182067006826401,1.0388312339782715,0.0457146093249321,2.065887212753296,0.027462635189294815,1.0051103830337524,0.06115192919969559,2.0502943992614746,0.039453670382499695
1,cross_scene,76,cross_scene_smooth_ap,1.4553581476211548,1.0237963199615479,0.08939051628112793,1.158658742904663,0.12861673533916473,2.71374249458313,0.1442815661430359,1.14583158493042,0.07851281762123108,2.55165958404541,0.061475031077861786,1.145085096359253,0.11447446048259735,2.657900333404541,0.12175409495830536
1,cross_scene,77,cross_scene_smooth_ap,1.3890910148620605,1.1065996885299683,0.039456844329833984,1.1623703241348267,0.16812577843666077,2.5201053619384766,0.20672786235809326,1.1210110187530518,0.08436281234025955,2.223945379257202,0.06374901533126831,1.1407052278518677,0.1183064728975296,2.4279823303222656,0.11862485855817795
1,cross_scene,78,cross_scene_smooth_ap,1.7646818161010742,1.2224138975143433,0.19211137294769287,1.2015576362609863,0.24036598205566406,2.7907769680023193,0.27049314975738525,1.1346166133880615,0.1541319489479065,2.5485787391662598,0.13803111016750336,1.1550053358078003,0.2075139582157135,2.6938722133636475,0.2158624678850174
1,cross_scene,79,cross_scene_smooth_ap,1.3280566930770874,1.1575217247009277,0.13144803047180176,1.1782680749893188,0.11637014895677567,1.975557804107666,0.11868983507156372,1.1480321884155273,0.061580635607242584,1.9265198707580566,0.0482657365500927,1.1572411060333252,0.09074756503105164,1.979501724243164,0.0715523362159729
1,cross_scene,80,cross_scene_smooth_ap,1.3694766759872437,0.9958623051643372,0.16943693161010742,0.9994765520095825,0.12326455861330032,2.232304573059082,0.11782673001289368,0.9941156506538391,0.09076270461082458,2.066328525543213,0.07567143440246582,1.0090525150299072,0.11102856695652008,2.245450019836426,0.10349984467029572
1,cross_scene,81,cross_scene_smooth_ap,1.6077322959899902,1.0690563917160034,0.2724710702896118,1.1083484888076782,0.1769082248210907,2.2199618816375732,0.18712037801742554,1.0855432748794556,0.14024029672145844,2.105591297149658,0.1288125216960907,1.1003000736236572,0.16485872864723206,2.2881033420562744,0.1714320182800293
1,cross_scene,82,cross_scene_smooth_ap,1.3223743438720703,1.1854583024978638,0.04987311363220215,1.1048917770385742,0.11305204778909683,2.3892951011657715,0.1155179888010025,1.0752074718475342,0.058091502636671066,2.1915783882141113,0.03621428832411766,1.0874433517456055,0.0920925885438919,2.370123863220215,0.08339785039424896
1,cross_scene,83,cross_scene_smooth_ap,1.4366874694824219,1.0176316499710083,0.18718338012695312,1.004659652709961,0.18964359164237976,2.048435926437378,0.2001260221004486,1.0071191787719727,0.1275862604379654,1.984264612197876,0.11423338949680328,1.0028029680252075,0.15768438577651978,2.064042091369629,0.1540023386478424
1,cross_scene,84,cross_scene_smooth_ap,1.101487159729004,0.9637858867645264,0.08745193481445312,0.9439775943756104,0.06166544556617737,1.9336822032928467,0.05029672384262085,0.9314205646514893,0.041401803493499756,1.793703556060791,0.022441036999225616,0.9451640844345093,0.06034590303897858,1.8835299015045166,0.045711275190114975
1,cross_scene,85,cross_scene_smooth_ap,1.2278155088424683,1.0016131401062012,0.007391929626464844,1.0231711864471436,0.13968652486801147,2.261079788208008,0.14618051052093506,0.9869054555892944,0.11396006494760513,2.0679163932800293,0.09968525171279907,1.0189568996429443,0.10253281146287918,2.1950440406799316,0.09367800503969193
1,cross_scene,86,cross_scene_smooth_ap,1.1410365104675293,0.9934907555580139,0.05169558525085449,1.0409107208251953,0.08933696150779724,2.0401546955108643,0.08533108979463577,1.0359243154525757,0.022638387978076935,1.9658515453338623,0.01301141083240509,1.027488350868225,0.052851006388664246,2.068586587905884,0.04106546938419342
1,cross_scene,87,cross_scene_smooth_ap,1.389981746673584,1.1193902492523193,0.15957403182983398,1.0416971445083618,0.15758025646209717,2.052285671234131,0.16495753824710846,0.9990600943565369,0.11502879858016968,1.950829267501831,0.10348539054393768,1.0100595951080322,0.12054776400327682,2.0386581420898438,0.1097777709364891
1,cross_scene,88,cross_scene_smooth_ap,1.3508435487747192,1.0002591609954834,0.08935022354125977,1.0177947282791138,0.20288822054862976,1.9847334623336792,0.21899721026420593,1.0260655879974365,0.13269305229187012,1.9665530920028687,0.10138038545846939,1.0202667713165283,0.18752023577690125,2.0048916339874268,0.19546613097190857
1,cross_scene,89,cross_scene_smooth_ap,1.5593270063400269,1.0305289030075073,0.24227440357208252,1.0770916938781738,0.18848565220832825,2.104401111602783,0.21964332461357117,1.0542325973510742,0.1719454526901245,2.0266852378845215,0.17635990679264069,1.055788516998291,0.16475801169872284,2.1065878868103027,0.17489328980445862
1,cross_scene,90,cross_scene_smooth_ap,1.1583584547042847,0.9578207731246948,0.04499012231826782,0.9444247484207153,0.1398429572582245,1.9835772514343262,0.14741894602775574,0.929200291633606,0.0754833072423935,1.8113329410552979,0.05553339421749115,0.9418516755104065,0.11626587063074112,1.9478439092636108,0.10836462676525116
1,cross_scene,91,cross_scene_smooth_ap,1.3150310516357422,0.9868730902671814,0.06682199239730835,1.0387647151947021,0.18953923881053925,1.9585978984832764,0.2006908506155014,1.0117676258087158,0.15165048837661743,1.7876445055007935,0.13653217256069183,1.0343785285949707,0.19837693870067596,1.9371131658554077,0.2064175307750702
1,cross_scene,92,cross_scene_smooth_ap,1.193217158317566,1.0085663795471191,0.08997535705566406,0.9910351037979126,0.16461700201034546,1.5926294326782227,0.17856784164905548,0.9949650168418884,0.10213398933410645,1.5548298358917236,0.08437767624855042,0.9990922808647156,0.1372501254081726,1.6817247867584229,0.1326952874660492
1,cross_scene,93,cross_scene_smooth_ap,1.0731111764907837,0.9595823287963867,0.03959399461746216,0.9725809693336487,0.09963671863079071,1.703507423400879,0.09103508293628693,0.972551703453064,0.07104504108428955,1.6324560642242432,0.056577570736408234,0.9768004417419434,0.09699682891368866,1.7713850736618042,0.08276785910129547
1,cross_scene,94,cross_scene_smooth_ap,1.0751216411590576,0.9877941608428955,0.01274043321609497,1.00296151638031,0.09540760517120361,1.6090755462646484,0.08382901549339294,1.0046043395996094,0.06208986043930054,1.6349538564682007,0.037580471485853195,1.0295075178146362,0.13685080409049988,1.79447603225708,0.15411347150802612
1,cross_scene,95,cross_scene_smooth_ap,1.0824894905090332,0.994503378868103,0.016497373580932617,0.9895750284194946,0.12545189261436462,1.6718356609344482,0.11860189586877823,0.9814205765724182,0.09001459181308746,1.6114442348480225,0.06392757594585419,0.9709211587905884,0.11735320091247559,1.719545602798462,0.10586830973625183
1,cross_scene,96,cross_scene_smooth_ap,1.0236366987228394,0.9663015007972717,0.01059257984161377,0.9671492576599121,0.10546459257602692,1.5628052949905396,0.09195616096258163,0.9666783809661865,0.07882601767778397,1.5773613452911377,0.06589458882808685,0.9686796069145203,0.08914166688919067,1.7027335166931152,0.07278931140899658
1,cross_scene,97,cross_scene_smooth_ap,1.305965781211853,0.9766659736633301,0.15571844577789307,0.9732532501220703,0.16145576536655426,1.7514352798461914,0.16636377573013306,0.9623278975486755,0.1251438558101654,1.707916259765625,0.10470184683799744,0.9667360782623291,0.1599355787038803,1.8670237064361572,0.16382509469985962
1,cross_scene,98,cross_scene_smooth_ap,1.140685796737671,1.057504415512085,0.012065470218658447,1.012129306793213,0.14305302500724792,1.7789667844772339,0.15136364102363586,1.0206336975097656,0.10328854620456696,1.7583398818969727,0.08307352662086487,1.0056886672973633,0.10111723840236664,1.8040120601654053,0.08182372152805328
1,cross_scene,99,cross_scene_smooth_ap,1.127045750617981,0.9913792610168457,0.061559200286865234,0.9661350250244141,0.1572728455066681,1.5961599349975586,0.16621153056621552,0.951012134552002,0.08417696505784988,1.4975310564041138,0.06465984880924225,0.9509226679801941,0.14162421226501465,1.6217041015625,0.12879954278469086
1,cross_scene,100,cross_scene_smooth_ap,1.0817476511001587,0.9645723104476929,0.0772247314453125,0.9436916708946228,0.07154293358325958,1.7618699073791504,0.07209093123674393,0.9364140033721924,0.04771026223897934,1.6882295608520508,0.033904753625392914,0.9489642977714539,0.06903772056102753,1.8097078800201416,0.06294050812721252
1,cross_scene,101,cross_scene_smooth_ap,1.2201541662216187,1.030275583267212,0.0950745940208435,1.0401222705841064,0.17921318113803864,1.684766411781311,0.18083617091178894,1.0070102214813232,0.09586784988641739,1.581897258758545,0.07008203864097595,1.0106817483901978,0.14985114336013794,1.6537775993347168,0.13477376103401184
1,cross_scene,102,cross_scene_smooth_ap,1.3375602960586548,1.1226861476898193,0.18004059791564941,1.0785000324249268,0.12565767765045166,1.9196805953979492,0.12419246882200241,1.0503898859024048,0.07382040470838547,1.8502897024154663,0.052175600081682205,1.0487428903579712,0.09803347289562225,1.8918020725250244,0.08704454451799393
1,cross_scene,103,cross_scene_smooth_ap,1.2994234561920166,0.9696642756462097,0.07444560527801514,1.0059328079223633,0.1974513828754425,1.9732345342636108,0.21180300414562225,0.9931107759475708,0.13820792734622955,1.8307900428771973,0.11660753190517426,0.9966292977333069,0.1647028774023056,2.045170783996582,0.15318424999713898
1,cross_scene,104,cross_scene_smooth_ap,1.126686930656433,0.9425323605537415,0.0183904767036438,0.9386035203933716,0.20467108488082886,1.5581996440887451,0.21093617379665375,0.9323206543922424,0.12844255566596985,1.4593943357467651,0.094453826546669,0.9343053102493286,0.1960589587688446,1.5533511638641357,0.19736622273921967
1,cross_scene,105,cross_scene_smooth_ap,1.1747602224349976,0.9396985769271851,0.050363361835479736,0.9286092519760132,0.2134760618209839,1.617763638496399,0.21518811583518982,0.9194046258926392,0.14317482709884644,1.5060549974441528,0.10826472193002701,0.9305751919746399,0.1939517855644226,1.6053175926208496,0.18125782907009125
1,cross_scene,106,cross_scene_smooth_ap,1.2382371425628662,0.9641562700271606,0.28884148597717285,0.990684986114502,0.10152588784694672,1.4513769149780273,0.09837035834789276,0.9826638698577881,0.04377169907093048,1.4453003406524658,0.026367247104644775,0.9828042984008789,0.06218189746141434,1.4940199851989746,0.05225915089249611
1,cross_scene,107,cross_scene_smooth_ap,1.2358522415161133,0.9655677676200867,0.1231222152709961,0.973625123500824,0.17245985567569733,1.6247366666793823,0.19037681818008423,0.9639211297035217,0.13387133181095123,1.6518816947937012,0.12429267168045044,0.9693321585655212,0.13077789545059204,1.6378939151763916,0.12644286453723907
1,cross_scene,108,cross_scene_smooth_ap,1.0071468353271484,0.9413992166519165,0.03863370418548584,0.9625726938247681,0.10269764810800552,1.5186883211135864,0.10432195663452148,0.9531026482582092,0.06031959131360054,1.403592824935913,0.039193496108055115,0.9580822587013245,0.0940125584602356,1.5431127548217773,0.08572382479906082
1,cross_scene,109,cross_scene_smooth_ap,1.0126256942749023,0.9657445549964905,2.396106719970703e-05,0.9482681155204773,0.14086507260799408,1.5499515533447266,0.1329299807548523,0.9490276575088501,0.07255220413208008,1.519960641860962,0.050555478781461716,0.9474909901618958,0.0994882732629776,1.6234607696533203,0.07555171847343445
1,cross_scene,110,cross_scene_smooth_ap,1.205217957496643,0.9731446504592896,0.1537923812866211,0.985308825969696,0.16034963726997375,1.6727782487869263,0.1612398624420166,0.9659075736999512,0.060968704521656036,1.4789690971374512,0.0352339968085289,0.9906972050666809,0.12916874885559082,1.6400425434112549,0.10769538581371307
1,cross_scene,111,cross_scene_smooth_ap,1.0877671241760254,0.9749660491943359,0.10971462726593018,1.0044283866882324,0.09502474218606949,1.5726633071899414,0.08146347105503082,0.9710837006568909,0.055394768714904785,1.5081298351287842,0.030048053711652756,0.9888960719108582,0.0854191780090332,1.5388891696929932,0.061863478273153305
1,cross_scene,112,cross_scene_smooth_ap,1.030993938446045,0.9601372480392456,0.004230856895446777,0.9682989120483398,0.12186769396066666,1.5340169668197632,0.1032724529504776,0.975617527961731,0.11150535941123962,1.4923958778381348,0.09610365331172943,0.969512939453125,0.11386820673942566,1.5673558712005615,0.09789836406707764
1,cross_scene,113,cross_scene_smooth_ap,0.9663071036338806,0.9287988543510437,0.04006147384643555,0.9541803598403931,0.08166442811489105,1.4852919578552246,0.08136557042598724,0.9585416316986084,0.05488740652799606,1.4486322402954102,0.032447539269924164,0.9476622343063354,0.05729033052921295,1.4819176197052002,0.043119508773088455
1,cross_scene,114,cross_scene_smooth_ap,1.149035096168518,0.9962417483329773,0.07226753234863281,0.9817465543746948,0.13581061363220215,1.6202301979064941,0.12448219954967499,1.0032289028167725,0.12041857838630676,1.6949462890625,0.09731285274028778,0.9809631705284119,0.11335944384336472,1.597620964050293,0.09319935739040375
1,cross_scene,115,cross_scene_smooth_ap,1.0326424837112427,0.9830527305603027,0.010311424732208252,0.9657011032104492,0.12869812548160553,1.4235689640045166,0.11264602839946747,0.9789131879806519,0.0952458381652832,1.5084960460662842,0.06925079226493835,0.9738132357597351,0.1276719570159912,1.5373046398162842,0.1101597398519516
1,cross_scene,116,cross_scene_smooth_ap,1.05235755443573,1.0316977500915527,0.026040256023406982,1.0016155242919922,0.11845768988132477,1.4560167789459229,0.10870492458343506,0.9983804821968079,0.10913228988647461,1.504194736480713,0.08879965543746948,0.9848330020904541,0.08736956119537354,1.5208146572113037,0.07248899340629578
1,cross_scene,117,cross_scene_smooth_ap,0.9856351613998413,0.9404065012931824,0.03995680809020996,0.9294182062149048,0.11081407964229584,1.3156801462173462,0.09543001651763916,0.9314608573913574,0.09659337252378464,1.3131309747695923,0.07996363937854767,0.9260837435722351,0.11039184033870697,1.3369872570037842,0.09819336980581284
1,cross_scene,118,cross_scene_smooth_ap,0.9986141324043274,0.9633433818817139,0.065399169921875,0.9902762174606323,0.08614847809076309,1.3284049034118652,0.07287071645259857,0.9885284900665283,0.06570452451705933,1.3070850372314453,0.0484929233789444,0.9979428052902222,0.0862913727760315,1.3917179107666016,0.07535651326179504
1,cross_scene,119,cross_scene_smooth_ap,0.9283739328384399,0.933422327041626,0.0562891960144043,0.9418902397155762,0.07526595890522003,1.2922073602676392,0.05873419716954231,0.9415726661682129,0.03678184747695923,1.2535123825073242,0.01882484182715416,0.9375626444816589,0.06927432864904404,1.3714332580566406,0.04997583106160164
1,cross_scene,120,cross_scene_smooth_ap,1.0642658472061157,0.9282087683677673,0.08638167381286621,0.9474465847015381,0.12012585997581482,1.4412307739257812,0.10963825136423111,0.9384616613388062,0.09431427717208862,1.3808696269989014,0.07525129616260529,0.9385935068130493,0.12053979933261871,1.4098162651062012,0.11131890118122101
1,cross_scene,121,cross_scene_smooth_ap,0.9004940986633301,0.9466999769210815,0.022291183471679688,0.9599241614341736,0.06532252579927444,1.2799243927001953,0.05830224230885506,0.9634968042373657,0.03393480181694031,1.284404993057251,0.013929086737334728,0.9608154296875,0.06785023212432861,1.3711485862731934,0.053534816950559616
1,cross_scene,122,cross_scene_smooth_ap,0.8757613897323608,0.9206007122993469,0.0027772188186645508,0.9279749393463135,0.08555766195058823,1.2024343013763428,0.06706182658672333,0.9294848442077637,0.07950656116008759,1.1823420524597168,0.06003296375274658,0.9343565702438354,0.07565717399120331,1.2554008960723877,0.059521861374378204
1,cross_scene,123,cross_scene_smooth_ap,0.803105354309082,0.9187076091766357,1.1146068572998047e-05,0.9368383288383484,0.05417925491929054,1.0911072492599487,0.03387121856212616,0.9343831539154053,0.03522145375609398,1.1767072677612305,0.0121284369379282,0.9266544580459595,0.05577368289232254,1.1357762813568115,0.035339582711458206
1,cross_scene,124,cross_scene_smooth_ap,0.9034912586212158,0.9228824973106384,0.07384300231933594,0.9270750284194946,0.058524101972579956,1.2138813734054565,0.04193972051143646,0.9257125854492188,0.03696228936314583,1.2192801237106323,0.02067486196756363,0.9277786612510681,0.05123331397771835,1.242513656616211,0.03429547697305679
1,cross_scene,125,cross_scene_smooth_ap,1.0293265581130981,0.9821699261665344,0.045858025550842285,0.9476146101951599,0.13263294100761414,1.3540602922439575,0.12346447259187698,0.9579187631607056,0.09422370046377182,1.3715934753417969,0.06939592957496643,0.9588691592216492,0.10611511766910553,1.4151687622070312,0.09079694747924805
1,cross_scene,126,cross_scene_smooth_ap,1.075574278831482,0.9316480755805969,0.049675166606903076,0.936152458190918,0.15801823139190674,1.3966292142868042,0.15223589539527893,0.9409763813018799,0.13684207201004028,1.3975131511688232,0.12778359651565552,0.9346415996551514,0.1392592191696167,1.3973829746246338,0.1233774721622467
1,cross_scene,127,cross_scene_smooth_ap,0.9043699502944946,0.9275106191635132,0.041857898235321045,0.9318521022796631,0.07428255677223206,1.156692624092102,0.05668734014034271,0.9347072839736938,0.059545837342739105,1.2291600704193115,0.04665517061948776,0.9371062517166138,0.0770455077290535,1.2612535953521729,0.05806390941143036
1,cross_scene,128,cross_scene_smooth_ap,1.0729438066482544,0.9744289517402649,0.013129472732543945,1.0154820680618286,0.15751467645168304,1.4992828369140625,0.14926305413246155,1.0064148902893066,0.11113590002059937,1.4248056411743164,0.07780258357524872,1.0127538442611694,0.14698408544063568,1.5090230703353882,0.13287396728992462
1,cross_scene,129,cross_scene_smooth_ap,1.028447151184082,0.9545464515686035,0.055461764335632324,0.9422246217727661,0.14027619361877441,1.2518541812896729,0.14539065957069397,0.951572060585022,0.0793597474694252,1.3131418228149414,0.059518106281757355,0.9439948797225952,0.13384033739566803,1.3378331661224365,0.13213622570037842
1,cross_scene,130,cross_scene_smooth_ap,1.1286678314208984,0.9098442196846008,0.15802133083343506,0.940698504447937,0.11272037029266357,1.3823509216308594,0.09595062583684921,0.9459459185600281,0.09353374689817429,1.4019391536712646,0.07380218803882599,0.9485540390014648,0.12626075744628906,1.467857837677002,0.10802526772022247
1,cross_scene,131,cross_scene_smooth_ap,0.9795812964439392,0.9239301681518555,0.144475519657135,0.9330434799194336,0.03966141864657402,1.2207541465759277,0.03199676424264908,0.9330296516418457,0.03843841329216957,1.2458630800247192,0.030472874641418457,0.9325315356254578,0.04784034937620163,1.2952721118927002,0.04125162959098816
1,cross_scene,132,cross_scene_smooth_ap,0.9221439957618713,0.9034682512283325,0.008854508399963379,0.9228739142417908,0.12303578853607178,1.2177797555923462,0.11293540894985199,0.9287187457084656,0.08403280377388,1.2172009944915771,0.06263575702905655,0.9289348125457764,0.10249243676662445,1.2977598905563354,0.09346798062324524
1,cross_scene,133,cross_scene_smooth_ap,0.7899790406227112,0.9184998273849487,0.005911111831665039,0.9204010963439941,0.06108099967241287,1.024721622467041,0.03750254213809967,0.9238207936286926,0.04066089168190956,1.0666372776031494,0.02734767273068428,0.9176731109619141,0.052918173372745514,1.0478973388671875,0.03121117129921913
1,cross_scene,134,cross_scene_smooth_ap,1.0919532775878906,0.9520964622497559,0.03719669580459595,0.9750499129295349,0.16444170475006104,1.35965895652771,0.14765049517154694,0.9855483770370483,0.15211832523345947,1.384597659111023,0.13187286257743835,0.9680792093276978,0.16094321012496948,1.4328830242156982,0.14129775762557983
1,cross_scene,135,cross_scene_smooth_ap,0.9394152760505676,0.9829344153404236,0.03583246469497681,0.9450867176055908,0.09263993799686432,1.2496984004974365,0.07751080393791199,0.9526931047439575,0.07065650075674057,1.2518140077590942,0.05415872484445572,0.9525972008705139,0.07793182879686356,1.2437634468078613,0.05994776263833046
1,cross_scene,136,cross_scene_smooth_ap,1.056349277496338,0.9063483476638794,0.16025936603546143,0.9280360341072083,0.09693529456853867,1.2211573123931885,0.07069943845272064,0.9289073944091797,0.08793811500072479,1.1760286092758179,0.06808090209960938,0.9277403354644775,0.11769146472215652,1.256870985031128,0.09041911363601685
1,cross_scene,137,cross_scene_smooth_ap,1.1980534791946411,0.9281246662139893,0.05480855703353882,0.9449843168258667,0.21620896458625793,1.39670991897583,0.21343186497688293,0.9567463994026184,0.19979935884475708,1.3909881114959717,0.19174879789352417,0.9545199275016785,0.22729124128818512,1.4488849639892578,0.2320968508720398
1,cross_scene,138,cross_scene_smooth_ap,0.8731769919395447,0.9246923923492432,0.017351150512695312,0.9340384602546692,0.08072055876255035,1.2061522006988525,0.05892052501440048,0.9380075931549072,0.05781155824661255,1.2024904489517212,0.03156686946749687,0.9398494362831116,0.07288752496242523,1.2124638557434082,0.052370019257068634
1,cross_scene,139,cross_scene_smooth_ap,0.8846222758293152,0.9428830146789551,0.008233129978179932,0.949700117111206,0.10069930553436279,1.1709725856781006,0.08227618038654327,0.9510210752487183,0.05145331472158432,1.1811766624450684,0.028734253719449043,0.9594289660453796,0.09029924869537354,1.211261510848999,0.06802412867546082
1,cross_scene,140,cross_scene_smooth_ap,0.8750370144844055,0.9106541872024536,0.004613041877746582,0.9255029559135437,0.10353508591651917,1.1418665647506714,0.08127292990684509,0.9216467142105103,0.0879620760679245,1.131727933883667,0.06444797664880753,0.9239615201950073,0.09578722715377808,1.1519582271575928,0.07248197495937347
1,cross_scene,141,cross_scene_smooth_ap,0.8163169026374817,0.9216063618659973,0.01468425989151001,0.9140619039535522,0.058763761073350906,1.0710556507110596,0.046453557908535004,0.9137668609619141,0.0500628836452961,1.0624326467514038,0.03101019561290741,0.916184663772583,0.056697942316532135,1.1254135370254517,0.04096434637904167
1,cross_scene,142,cross_scene_smooth_ap,1.1029353141784668,0.9032857418060303,0.040911316871643066,0.9368298053741455,0.18480123579502106,1.3997682332992554,0.18483157455921173,0.9359731078147888,0.1581408679485321,1.2868428230285645,0.14057204127311707,0.9437298774719238,0.1823779195547104,1.4392706155776978,0.17994818091392517
1,cross_scene,143,cross_scene_smooth_ap,0.9326871633529663,0.9117257595062256,0.029277443885803223,0.9247736930847168,0.1340780407190323,1.1344208717346191,0.10205215215682983,0.9209702610969543,0.09847386181354523,1.1529364585876465,0.06446802616119385,0.9261195659637451,0.12843933701515198,1.1660147905349731,0.09932318329811096
1,cross_scene,144,cross_scene_smooth_ap,0.834002673625946,0.9054050445556641,0.0048406124114990234,0.9301299452781677,0.06919345259666443,1.2064478397369385,0.04742326959967613,0.9304364323616028,0.03304595500230789,1.138381004333496,0.013654634356498718,0.9312453269958496,0.07751215994358063,1.1954286098480225,0.05972374975681305
1,cross_scene,145,cross_scene_smooth_ap,0.8281959295272827,0.9069295525550842,0.03821086883544922,0.9165822863578796,0.06612013280391693,1.0184299945831299,0.05005817115306854,0.9202549457550049,0.045382656157016754,1.0384520292282104,0.027488645166158676,0.9172586798667908,0.06304284930229187,1.0532845258712769,0.046164095401763916
1,cross_scene,146,cross_scene_smooth_ap,0.855449378490448,0.9009444117546082,0.02250462770462036,0.9205940961837769,0.10153032839298248,1.1008515357971191,0.07875209301710129,0.9172351360321045,0.06887666136026382,1.0345444679260254,0.03527434170246124,0.924582839012146,0.08426107466220856,1.1317970752716064,0.05227178335189819
1,cross_scene,147,cross_scene_smooth_ap,0.901296079158783,0.896312952041626,0.051108717918395996,0.9128387570381165,0.11052387952804565,1.1057398319244385,0.09541112184524536,0.910550594329834,0.05796646326780319,1.0815335512161255,0.030868466943502426,0.9187191128730774,0.10077129304409027,1.1536768674850464,0.08120924234390259
1,cross_scene,148,cross_scene_smooth_ap,0.8317363858222961,0.8929543495178223,0.01735323667526245,0.904946506023407,0.09034276008605957,1.0127439498901367,0.06687407195568085,0.9151196479797363,0.07536011189222336,1.037416696548462,0.048243746161460876,0.9068096280097961,0.08493359386920929,1.0520904064178467,0.055781248956918716
1,cross_scene,149,cross_scene_smooth_ap,0.8218733668327332,0.8944852352142334,0.008666515350341797,0.9109799861907959,0.07424551248550415,1.0744297504425049,0.05674527958035469,0.9149806499481201,0.05843258649110794,1.0887305736541748,0.038668226450681686,0.9183996319770813,0.07189147174358368,1.1106035709381104,0.05231762304902077
1,cross_scene,150,cross_scene_smooth_ap,0.9406301379203796,0.8981759548187256,0.026780426502227783,0.9186753034591675,0.14333435893058777,1.1488356590270996,0.1287696212530136,0.9176080226898193,0.12266053259372711,1.095531940460205,0.09635220468044281,0.9199963808059692,0.12072649598121643,1.1500155925750732,0.09515856206417084
1,cross_scene,151,cross_scene_smooth_ap,0.9000644683837891,0.8961308598518372,0.02910858392715454,0.9141045808792114,0.10491745173931122,1.154613733291626,0.07782348990440369,0.9193041920661926,0.08040399104356766,1.1476175785064697,0.0524103119969368,0.9160362482070923,0.11166922748088837,1.1755722761154175,0.0847187340259552
1,cross_scene,152,cross_scene_smooth_ap,1.0453376770019531,0.9118461608886719,0.12392961978912354,0.9494394063949585,0.10092870891094208,1.2283196449279785,0.08991442620754242,0.9472165703773499,0.0910695344209671,1.2088520526885986,0.08026541024446487,0.9603149890899658,0.11327836662530899,1.2853870391845703,0.10515288263559341
1,cross_scene,153,cross_scene_smooth_ap,0.8713527917861938,0.9199605584144592,0.0405651330947876,0.9387141466140747,0.06201140955090523,1.1105272769927979,0.039058685302734375,0.9404706358909607,0.044664110988378525,1.1500203609466553,0.0321730375289917,0.9438940286636353,0.07467208802700043,1.185887336730957,0.06077306717634201
1,cross_scene,154,cross_scene_smooth_ap,0.8076489567756653,0.9074029922485352,0.00429379940032959,0.9161591529846191,0.07650798559188843,1.021367073059082,0.05893376097083092,0.9135966300964355,0.047914404422044754,0.9934130907058716,0.03180168941617012,0.915706992149353,0.08178971707820892,1.0496002435684204,0.07245560735464096
1,cross_scene,155,cross_scene_smooth_ap,0.996211588382721,0.9172309041023254,0.029754161834716797,0.9363288879394531,0.17001447081565857,1.1426575183868408,0.1611221730709076,0.9375622272491455,0.12804816663265228,1.1466991901397705,0.11309714615345001,0.9314401149749756,0.15753744542598724,1.1308786869049072,0.14359039068222046
1,cross_scene,156,cross_scene_smooth_ap,0.8830563426017761,0.9022277593612671,0.011285781860351562,0.9181193113327026,0.09849098324775696,1.1078479290008545,0.08049366623163223,0.9197255373001099,0.09327162057161331,1.1336686611175537,0.07434260845184326,0.9178869128227234,0.10346601903438568,1.147463083267212,0.08655254542827606
1,cross_scene,157,cross_scene_smooth_ap,0.8669058084487915,0.9012963175773621,0.002606689929962158,0.9193696975708008,0.1250387281179428,1.0745418071746826,0.09553323686122894,0.9220776557922363,0.08122234046459198,1.0573095083236694,0.04628664255142212,0.9225180745124817,0.11844097822904587,1.0935945510864258,0.09290766716003418
1,cross_scene,158,cross_scene_smooth_ap,0.849664032459259,0.9138086438179016,0.013722777366638184,0.951663613319397,0.07041046023368835,1.1842858791351318,0.04697322100400925,0.9523249864578247,0.0539591908454895,1.1939117908477783,0.03779081255197525,0.9473116993904114,0.053076837211847305,1.177573800086975,0.032055385410785675
1,cross_scene,159,cross_scene_smooth_ap,0.7220697402954102,0.8937188982963562,9.1552734375e-05,0.8996573686599731,0.022903114557266235,0.9667189121246338,0.016919203102588654,0.9051638245582581,0.009862170554697514,0.9833028316497803,0.005842695012688637,0.9022190570831299,0.03087059035897255,0.999138593673706,0.02239595539867878
1,cross_scene,160,cross_scene_smooth_ap,0.8357900381088257,0.8956289887428284,0.00466310977935791,0.9276776909828186,0.07480987906455994,1.1507130861282349,0.05790523812174797,0.9389568567276001,0.04578675329685211,1.1754767894744873,0.02262081764638424,0.9378737211227417,0.06183620169758797,1.2289302349090576,0.04604370892047882
1,cross_scene,161,cross_scene_smooth_ap,0.8978384733200073,0.9101575613021851,0.002097785472869873,0.926325798034668,0.12237495183944702,1.1034049987792969,0.10743565857410431,0.9224645495414734,0.09472453594207764,1.080399990081787,0.06996581703424454,0.9273029565811157,0.13164284825325012,1.1135153770446777,0.12219007313251495
1,cross_scene,162,cross_scene_smooth_ap,0.9914027452468872,0.9082434177398682,0.021578609943389893,0.9260478019714355,0.18101932108402252,1.1824710369110107,0.1699100136756897,0.9259938597679138,0.12042568624019623,1.1653528213500977,0.08905032277107239,0.9296831488609314,0.15924397110939026,1.2041833400726318,0.1401597261428833
1,cross_scene,163,cross_scene_smooth_ap,0.9390383958816528,0.9195611476898193,0.015243709087371826,0.9437531232833862,0.12655919790267944,1.15445876121521,0.10884616523981094,0.9590102434158325,0.10599283128976822,1.2215332984924316,0.08109170943498611,0.9445611834526062,0.11626897007226944,1.1931085586547852,0.09805028885602951
1,cross_scene,164,cross_scene_smooth_ap,0.7888392806053162,0.8695810437202454,0.00017315149307250977,0.8865857124328613,0.08129177242517471,1.0115113258361816,0.06104423850774765,0.8891683220863342,0.06528348475694656,1.0040535926818848,0.049544692039489746,0.8883134722709656,0.072901651263237,1.024702787399292,0.05357244610786438
1,cross_scene,165,cross_scene_smooth_ap,0.7877549529075623,0.886955201625824,0.0103379487991333,0.9029165506362915,0.07104092836380005,1.0130780935287476,0.055067338049411774,0.9079328179359436,0.04794358089566231,1.0145207643508911,0.028393883258104324,0.9081869721412659,0.05626074969768524,1.0305049419403076,0.03829284384846687
1,cross_scene,166,cross_scene_smooth_ap,0.8440244197845459,0.8875786662101746,0.008605360984802246,0.9030570387840271,0.10950849205255508,1.056110143661499,0.0899662971496582,0.9119912385940552,0.056120965629816055,1.1130836009979248,0.026930958032608032,0.9092202186584473,0.09213677048683167,1.12859046459198,0.0720830112695694
1,cross_scene,167,cross_scene_smooth_ap,1.0319939851760864,0.9149343967437744,0.08807933330535889,0.9367138147354126,0.16728384792804718,1.0788800716400146,0.15332546830177307,0.9325699210166931,0.12175756692886353,1.0400722026824951,0.1034695953130722,0.9432153701782227,0.15952077507972717,1.1026142835617065,0.14401152729988098
1,cross_scene,168,cross_scene_smooth_ap,0.7995762825012207,0.8900802135467529,0.008231520652770996,0.894486129283905,0.08461964875459671,1.0475777387619019,0.06024990975856781,0.8990377187728882,0.04099901020526886,1.0443905591964722,0.022383078932762146,0.8965307474136353,0.07121458649635315,1.0796973705291748,0.041926059871912
1,cross_scene,169,cross_scene_smooth_ap,0.9019180536270142,0.8980653285980225,0.058052241802215576,0.9143223166465759,0.09292619675397873,1.1566572189331055,0.07730764150619507,0.9174460172653198,0.048880964517593384,1.1109719276428223,0.025953259319067,0.9222357273101807,0.08321526646614075,1.2244551181793213,0.06708477437496185
1,cross_scene,170,cross_scene_smooth_ap,0.8448514342308044,0.8870255351066589,0.025865375995635986,0.9038624167442322,0.09255713224411011,1.0539103746414185,0.07817946374416351,0.9059768915176392,0.054231591522693634,1.0486778020858765,0.03322897106409073,0.9059362411499023,0.08434052765369415,1.091071605682373,0.07656928896903992
1,cross_scene,171,cross_scene_smooth_ap,0.9038315415382385,0.882638156414032,0.041075706481933594,0.9108946919441223,0.12997528910636902,1.068810224533081,0.1198028028011322,0.904890239238739,0.06667158007621765,1.018723964691162,0.0353967659175396,0.9146084189414978,0.12527094781398773,1.1081888675689697,0.11589550971984863
1,cross_scene,172,cross_scene_smooth_ap,0.707231342792511,0.8820205926895142,0.001179337501525879,0.9032444953918457,0.018192052841186523,0.9692497849464417,0.00794972199946642,0.9054864645004272,0.003122459165751934,0.975631058216095,0.00032514799386262894,0.9073135256767273,0.01649589091539383,1.003401756286621,0.007993122562766075
1,cross_scene,173,cross_scene_smooth_ap,0.8205470442771912,0.8976969718933105,0.03893989324569702,0.919439435005188,0.055474091321229935,1.1028327941894531,0.03797011822462082,0.9148691892623901,0.022080527618527412,1.0647859573364258,0.004565258510410786,0.9170206189155579,0.05742401257157326,1.104567050933838,0.043379511684179306
1,cross_scene,174,cross_scene_smooth_ap,0.8421765565872192,0.9027237296104431,0.004976451396942139,0.9265881180763245,0.09141373634338379,1.0891947746276855,0.08619745820760727,0.9238172173500061,0.05272895097732544,1.0462098121643066,0.03384674713015556,0.9275488257408142,0.09160088002681732,1.091495394706726,0.08867071568965912
1,cross_scene,175,cross_scene_smooth_ap,0.8021135330200195,0.878572940826416,0.007105708122253418,0.9014387130737305,0.07851548492908478,1.0958220958709717,0.05765841156244278,0.9054216146469116,0.05253496766090393,1.046056866645813,0.030228635296225548,0.9099639654159546,0.056457191705703735,1.1252436637878418,0.03141440078616142
1,cross_scene,176,cross_scene_smooth_ap,0.7822420597076416,0.8943409323692322,0.013003706932067871,0.9137321710586548,0.053435299545526505,1.0435543060302734,0.022420886904001236,0.9164931774139404,0.039929233491420746,1.0250188112258911,0.02018776163458824,0.915604829788208,0.05706015229225159,1.0608112812042236,0.031174371019005775
1,cross_scene,177,cross_scene_smooth_ap,0.9335269927978516,0.886376142501831,0.08812296390533447,0.9077483415603638,0.09085659682750702,1.0320249795913696,0.07921626418828964,0.9161925315856934,0.10424378514289856,1.0405125617980957,0.09523769468069077,0.9134625196456909,0.0940948948264122,1.043976902961731,0.08028477430343628
1,cross_scene,178,cross_scene_smooth_ap,0.8815507292747498,0.8996056318283081,0.035397350788116455,0.9257161021232605,0.08992969244718552,1.1179324388504028,0.06559708714485168,0.9276106953620911,0.07579222321510315,1.1357483863830566,0.05366560444235802,0.9285483956336975,0.07957190275192261,1.151526689529419,0.05809038132429123
1,cross_scene,179,cross_scene_smooth_ap,0.8167048692703247,0.8850932717323303,0.05907845497131348,0.9051262140274048,0.044492822140455246,1.023500680923462,0.02841443195939064,0.9113392233848572,0.022693835198879242,1.0861927270889282,0.012919893488287926,0.9081476330757141,0.045445963740348816,1.0590745210647583,0.026985349133610725
1,cross_scene,180,cross_scene_smooth_ap,0.8471207618713379,0.8927348256111145,0.014556527137756348,0.9035714864730835,0.11127514392137527,1.0616263151168823,0.08995804190635681,0.9021397233009338,0.050772711634635925,1.039531946182251,0.021195240318775177,0.9009770154953003,0.11672396212816238,1.0492112636566162,0.09524426609277725
1,cross_scene,181,cross_scene_smooth_ap,0.8237046003341675,0.8863030672073364,0.009056448936462402,0.9152985215187073,0.0832403153181076,1.0711543560028076,0.053181957453489304,0.9167946577072144,0.06596626341342926,1.079653024673462,0.04866393655538559,0.9197052717208862,0.07711990922689438,1.0738306045532227,0.05197148770093918
1,cross_scene,182,cross_scene_smooth_ap,0.8673279881477356,0.8837114572525024,0.01035529375076294,0.8957784175872803,0.12913914024829865,1.0162602663040161,0.10372786223888397,0.895587682723999,0.11872267723083496,1.0024418830871582,0.08128321170806885,0.8958855867385864,0.11902493238449097,1.009324073791504,0.08718878030776978
1,cross_scene,183,cross_scene_smooth_ap,0.742997944355011,0.8913047909736633,2.7418136596679688e-06,0.908334493637085,0.03563033789396286,1.0622942447662354,0.02014249935746193,0.9120526909828186,0.0206390880048275,1.0397741794586182,0.01134598720818758,0.9051448702812195,0.02639215812087059,1.0388191938400269,0.011052829213440418
1,cross_scene,184,cross_scene_smooth_ap,0.857767641544342,0.8935103416442871,0.03894716501235962,0.9217331409454346,0.07257340848445892,1.0438684225082397,0.058159008622169495,0.9192417860031128,0.07235123217105865,1.054556131362915,0.05667921528220177,0.915494978427887,0.08177284896373749,1.0508224964141846,0.07166342437267303
1,cross_scene,185,cross_scene_smooth_ap,0.8777801990509033,0.8788229823112488,0.020316362380981445,0.899237334728241,0.10744383186101913,1.0594136714935303,0.08983117341995239,0.8993147015571594,0.07962918281555176,1.0871144533157349,0.05396968498826027,0.9040443301200867,0.12229084223508835,1.1244785785675049,0.10666638612747192
1,cross_scene,186,cross_scene_smooth_ap,0.8130172491073608,0.8802633285522461,0.0007506608963012695,0.9104236364364624,0.09522140026092529,1.0611777305603027,0.07446381449699402,0.9119659662246704,0.0401843897998333,1.0874780416488647,0.020716607570648193,0.9119046330451965,0.08677981793880463,1.0974159240722656,0.05798156186938286
1,cross_scene,187,cross_scene_smooth_ap,0.8114253282546997,0.8902947902679443,0.005797684192657471,0.9081501960754395,0.09706372767686844,1.008026361465454,0.08805282413959503,0.9147782921791077,0.03779846429824829,1.027786135673523,0.013740461319684982,0.9146899580955505,0.08530919253826141,1.0412074327468872,0.07203808426856995
1,cross_scene,188,cross_scene_smooth_ap,0.7974519729614258,0.8802559971809387,0.03467833995819092,0.8958801627159119,0.056515030562877655,1.0453104972839355,0.03563312441110611,0.8997736573219299,0.03291121870279312,0.9964367151260376,0.017119422554969788,0.8986643552780151,0.0561961829662323,1.0620498657226562,0.03975841403007507
1,cross_scene,189,cross_scene_smooth_ap,0.8526727557182312,0.8854702711105347,0.004386186599731445,0.90257728099823,0.12005428969860077,1.0182772874832153,0.0872826874256134,0.9153405427932739,0.08849199116230011,1.0245883464813232,0.05796020105481148,0.9099868535995483,0.11528079211711884,1.0764787197113037,0.08952278643846512
1,cross_scene,190,cross_scene_smooth_ap,0.8121057748794556,0.8781520128250122,0.003809034824371338,0.8908096551895142,0.11168619245290756,0.9944455623626709,0.09565435349941254,0.8913915157318115,0.044555000960826874,0.9917111992835999,0.017225459218025208,0.8916224837303162,0.10682129859924316,1.0143758058547974,0.08764055371284485
1,cross_scene,191,cross_scene_smooth_ap,0.7960480451583862,0.8760728240013123,0.007420539855957031,0.8964771032333374,0.0925012081861496,0.9710388779640198,0.0743928775191307,0.9004825949668884,0.05183909460902214,0.9798662662506104,0.027770575135946274,0.897538423538208,0.08280587196350098,1.0044686794281006,0.06583700329065323
1,cross_scene,192,cross_scene_smooth_ap,0.9862688779830933,0.8776648640632629,0.038718223571777344,0.913642168045044,0.16238707304000854,1.1148042678833008,0.14667703211307526,0.9246844053268433,0.14828072488307953,1.1211965084075928,0.12175406515598297,0.9150107502937317,0.15239191055297852,1.170698642730713,0.12770137190818787
1,cross_scene,193,cross_scene_smooth_ap,0.912013590335846,0.884530782699585,0.0894460678100586,0.9182013869285583,0.08449214696884155,1.0730228424072266,0.059000369161367416,0.9227563142776489,0.06575603783130646,1.0926520824432373,0.03585701435804367,0.9236232042312622,0.08826223015785217,1.1046295166015625,0.06074323132634163
1,cross_scene,194,cross_scene_smooth_ap,0.816709578037262,0.8964434862136841,0.020215868949890137,0.9140416383743286,0.08744606375694275,1.0431753396987915,0.058717355132102966,0.9100151658058167,0.04979307949542999,1.0178035497665405,0.022178757935762405,0.9182198643684387,0.07165020704269409,1.0783872604370117,0.03919834643602371
1,cross_scene,195,cross_scene_smooth_ap,0.8696383237838745,0.886242687702179,0.013555347919464111,0.9108955264091492,0.1262805461883545,1.0424214601516724,0.11851582676172256,0.9123461842536926,0.07721209526062012,1.019111156463623,0.04631885886192322,0.915240466594696,0.11393249034881592,1.0870075225830078,0.09348849952220917
1,cross_scene,196,cross_scene_smooth_ap,0.7855892777442932,0.8803133964538574,0.00037854909896850586,0.9070086479187012,0.07568946480751038,1.0231776237487793,0.06196657195687294,0.9118009805679321,0.05400044098496437,1.0356519222259521,0.031079646199941635,0.9086799621582031,0.05824680253863335,1.027901291847229,0.041473183780908585
1,cross_scene,197,cross_scene_smooth_ap,0.8241209983825684,0.8686696290969849,0.00399625301361084,0.8860957026481628,0.12963871657848358,0.990872859954834,0.10633508861064911,0.8932030200958252,0.07229481637477875,0.9684963226318359,0.04242109879851341,0.8888716697692871,0.10756812989711761,0.9964293241500854,0.0789153128862381
1,cross_scene,198,cross_scene_smooth_ap,0.826071560382843,0.8748712539672852,0.0015091896057128906,0.9044310450553894,0.09235088527202606,1.0801060199737549,0.07548061013221741,0.9084048271179199,0.05605973303318024,1.0813207626342773,0.034127891063690186,0.912109375,0.08706729114055634,1.1395509243011475,0.06965048611164093
1,cross_scene,199,cross_scene_smooth_ap,0.8562857508659363,0.888248085975647,0.028966009616851807,0.9096411466598511,0.09588919579982758,1.0436880588531494,0.06681912392377853,0.9141606092453003,0.09066761285066605,1.0308825969696045,0.06222795322537422,0.9171098470687866,0.09158220887184143,1.0597397089004517,0.05543758347630501
1,cross_scene,200,cross_scene_smooth_ap,0.9203794598579407,0.883001446723938,0.034859538078308105,0.9140978455543518,0.11143995821475983,1.0878708362579346,0.09003342688083649,0.9246078729629517,0.10628995299339294,1.0927096605300903,0.08458656072616577,0.9229109883308411,0.12779025733470917,1.133663296699524,0.11365129053592682
1,cross_scene,201,cross_scene_smooth_ap,0.7484549283981323,0.8718984723091125,0.016588985919952393,0.8913428783416748,0.04766238108277321,0.968235969543457,0.022763052955269814,0.8975523114204407,0.0352579802274704,0.9693857431411743,0.013251851312816143,0.8959513902664185,0.04760054498910904,0.9833117723464966,0.02043597400188446
1,cross_scene,202,cross_scene_smooth_ap,0.7014062404632568,0.8602566719055176,0.00026416778564453125,0.8807373642921448,0.02952009066939354,0.9741430282592773,0.012804201804101467,0.8859513401985168,0.0038153640925884247,0.9681594371795654,0.0,0.8866139054298401,0.024385564029216766,1.0057231187820435,0.006677023135125637
1,cross_scene,203,cross_scene_smooth_ap,0.839039146900177,0.8687427639961243,0.002038300037384033,0.8898683786392212,0.13712798058986664,1.0131882429122925,0.13235342502593994,0.8884173035621643,0.04937552288174629,0.9747896790504456,0.017635159194469452,0.8923283815383911,0.12799745798110962,1.0355006456375122,0.11673995852470398
1,cross_scene,204,cross_scene_smooth_ap,0.8270252346992493,0.8738856315612793,0.006557941436767578,0.8992223739624023,0.09448126703500748,1.0420832633972168,0.06890466809272766,0.9040924310684204,0.08108826726675034,1.0337527990341187,0.05505882576107979,0.902708888053894,0.09500233829021454,1.0469210147857666,0.07052132487297058
1,cross_scene,205,cross_scene_smooth_ap,0.8742674589157104,0.8944442272186279,0.000500023365020752,0.935353696346283,0.11157716810703278,1.1593149900436401,0.09184164553880692,0.936983585357666,0.07704852521419525,1.0948208570480347,0.05449441447854042,0.9434317350387573,0.09649680554866791,1.2048516273498535,0.07758109271526337
1,cross_scene,206,cross_scene_smooth_ap,0.7851319313049316,0.8686063885688782,0.012087106704711914,0.8890200257301331,0.06284813582897186,0.9687092900276184,0.0505065843462944,0.8878691792488098,0.05924312025308609,0.983993411064148,0.051810018718242645,0.8936366438865662,0.06735993921756744,0.9786269068717957,0.06452000141143799
1,cross_scene,207,cross_scene_smooth_ap,0.9697744846343994,0.879376232624054,0.010609030723571777,0.9250529408454895,0.17277930676937103,1.1487913131713867,0.1541038602590561,0.9210911989212036,0.13410013914108276,1.110748291015625,0.0976424366235733,0.9315702319145203,0.174899160861969,1.1562650203704834,0.15925423800945282
1,cross_scene,208,cross_scene_smooth_ap,0.8555155396461487,0.8792606592178345,0.003021538257598877,0.903219997882843,0.1313704401254654,1.06895112991333,0.1145661324262619,0.9063186645507812,0.06035280227661133,1.0658669471740723,0.02905413508415222,0.9038732051849365,0.12444423139095306,1.0484259128570557,0.10537579655647278
1,cross_scene,209,cross_scene_smooth_ap,0.7981883883476257,0.8768322467803955,0.018526136875152588,0.8925231695175171,0.07139807939529419,0.9803466200828552,0.05643085017800331,0.8976240158081055,0.05873861908912659,1.0083982944488525,0.035850197076797485,0.8965380191802979,0.07225312292575836,1.0122506618499756,0.05125238746404648
1,cross_scene,210,cross_scene_smooth_ap,0.7905744314193726,0.8729181289672852,0.01884251832962036,0.8967346549034119,0.06795566529035568,1.024770975112915,0.05516017600893974,0.8993992805480957,0.032751768827438354,1.0187351703643799,0.019730668514966965,0.8956122398376465,0.06738840043544769,1.0203399658203125,0.0524919293820858
1,cross_scene,211,cross_scene_smooth_ap,0.8235064148902893,0.8762003183364868,0.007780790328979492,0.9005534648895264,0.09896613657474518,1.0387468338012695,0.07846304774284363,0.8976987600326538,0.06625194847583771,0.9934186935424805,0.041793130338191986,0.9032413959503174,0.09293431043624878,1.0692579746246338,0.07398786395788193
1,cross_scene,212,cross_scene_smooth_ap,0.7067499160766602,0.8628592491149902,0.001130819320678711,0.8815191984176636,0.03741035237908363,0.9662742018699646,0.02904086746275425,0.8831993341445923,0.007837015204131603,0.9489229321479797,0.0,0.883791983127594,0.026230134069919586,0.9687632322311401,0.014941977337002754
1,cross_scene,213,cross_scene_smooth_ap,0.9261698722839355,0.8851746320724487,0.017744898796081543,0.9054749608039856,0.1449281871318817,1.0346274375915527,0.1257692128419876,0.9067670106887817,0.1533583402633667,1.013378381729126,0.1332257091999054,0.9066662788391113,0.13871991634368896,1.0321177244186401,0.11951327323913574
1,cross_scene,214,cross_scene_smooth_ap,0.85481858253479,0.8705761432647705,0.0017784833908081055,0.8961645364761353,0.11812326312065125,1.0594000816345215,0.10208994150161743,0.8907366394996643,0.09943931549787521,1.0045169591903687,0.09160426259040833,0.8967089653015137,0.10533668100833893,1.0764007568359375,0.08368134498596191
1,cross_scene,215,cross_scene_smooth_ap,0.7325036525726318,0.8641664981842041,0.008636236190795898,0.8807865977287292,0.04382673650979996,0.9429749250411987,0.02277154102921486,0.8885219097137451,0.03191141039133072,0.9655030965805054,0.010420710779726505,0.8852531909942627,0.04679826647043228,0.9784767627716064,0.028402194380760193
1,cross_scene,216,cross_scene_smooth_ap,0.8073375821113586,0.8762241005897522,0.08346408605575562,0.8904170989990234,0.04548720270395279,0.9737070202827454,0.02685660496354103,0.8963108658790588,0.014636375941336155,0.9690197706222534,0.003959556110203266,0.8977594375610352,0.035335443913936615,0.9956375956535339,0.01871078461408615
1,cross_scene,217,cross_scene_smooth_ap,0.8808675408363342,0.8643418550491333,0.050032973289489746,0.894081711769104,0.11003968864679337,1.0317941904067993,0.08063540607690811,0.8892245292663574,0.09945013374090195,1.0240020751953125,0.0707402303814888,0.8926972150802612,0.10025034844875336,1.0594701766967773,0.06745734810829163
1,cross_scene,218,cross_scene_smooth_ap,0.8312458992004395,0.8700451254844666,0.006915092468261719,0.8934301733970642,0.12682823836803436,0.9986135959625244,0.10420819371938705,0.8977048993110657,0.0710696280002594,0.9789526462554932,0.04120367020368576,0.8948982954025269,0.10888604074716568,1.0036084651947021,0.08601286262273788
1,cross_scene,219,cross_scene_smooth_ap,0.8029558658599854,0.8769725561141968,0.007194161415100098,0.9056612253189087,0.08811050653457642,1.0280697345733643,0.06780855357646942,0.9059197902679443,0.0474945530295372,1.0200506448745728,0.02273077517747879,0.9063878059387207,0.08446923643350601,1.040372610092163,0.05997340753674507
1,cross_scene,220,cross_scene_smooth_ap,0.8219762444496155,0.8753784894943237,0.0011501908302307129,0.8945410847663879,0.09363808482885361,1.032148838043213,0.06437801569700241,0.9014614820480347,0.08520673215389252,1.0357049703598022,0.0609409436583519,0.898658275604248,0.09986965358257294,1.044719934463501,0.06814712285995483
1,cross_scene,221,cross_scene_smooth_ap,0.7125335335731506,0.8707966208457947,0.0,0.9015899896621704,0.0234612338244915,0.9896979928016663,0.008359532803297043,0.902976393699646,0.022178255021572113,0.9715195894241333,0.00797407329082489,0.9026652574539185,0.02446424961090088,0.9865165948867798,0.007911449298262596
1,cross_scene,222,cross_scene_smooth_ap,0.8720481991767883,0.871578574180603,0.08390098810195923,0.9002862572669983,0.06161607429385185,1.0572361946105957,0.03766942769289017,0.9069114327430725,0.05138443037867546,1.046465277671814,0.028381992131471634,0.9077684879302979,0.07693152129650116,1.1011985540390015,0.05173814669251442
1,cross_scene,223,cross_scene_smooth_ap,0.9371969103813171,0.9089892506599426,0.046501219272613525,0.9258407950401306,0.140936940908432,1.0443637371063232,0.12526294589042664,0.9276647567749023,0.0787726417183876,1.0410265922546387,0.05035172030329704,0.9310810565948486,0.14312532544136047,1.0863595008850098,0.12989841401576996
1,cross_scene,224,cross_scene_smooth_ap,0.7896063923835754,0.8718785047531128,0.02265864610671997,0.890795886516571,0.07058611512184143,0.9766121506690979,0.05491025373339653,0.900322675704956,0.041221000254154205,1.0296015739440918,0.022711319848895073,0.8971289396286011,0.05878833681344986,1.018433928489685,0.043396979570388794
1,cross_scene,225,cross_scene_smooth_ap,0.7985483407974243,0.8709156513214111,0.0005086660385131836,0.897305428981781,0.0822698324918747,0.9896202087402344,0.04821130633354187,0.9054109454154968,0.0706615298986435,1.0114487409591675,0.04172372445464134,0.9010519981384277,0.09504324942827225,1.033557653427124,0.07053486257791519
1,cross_scene,226,cross_scene_smooth_ap,0.8368667960166931,0.8630630970001221,0.020263671875,0.8872430920600891,0.10452105104923248,0.9988290071487427,0.08706265687942505,0.8930511474609375,0.0802343338727951,1.0518057346343994,0.05825144797563553,0.8901106119155884,0.08822944760322571,1.0241066217422485,0.0700017660856247
1,cross_scene,227,cross_scene_smooth_ap,0.6987476348876953,0.8617463707923889,0.0002468228340148926,0.8760781288146973,0.03369555622339249,0.9230912923812866,0.01737251505255699,0.8777797222137451,0.0225546732544899,0.9367257952690125,0.006497429683804512,0.8796093463897705,0.02883225493133068,0.9433825016021729,0.01108217891305685
1,cross_scene,228,cross_scene_smooth_ap,0.7909368276596069,0.8645181655883789,0.00724339485168457,0.8894121050834656,0.09714972227811813,0.9853554964065552,0.06950322538614273,0.8930737376213074,0.052539676427841187,1.005079984664917,0.016932077705860138,0.8910036683082581,0.08649981766939163,1.021694540977478,0.05242449790239334
1,cross_scene,229,cross_scene_smooth_ap,0.7224559783935547,0.8635957837104797,0.0019054412841796875,0.8832506537437439,0.059407975524663925,0.9357506036758423,0.038163069635629654,0.8859882950782776,0.02329711616039276,0.9330126047134399,0.007152797654271126,0.8865388035774231,0.04333440214395523,0.9553384780883789,0.02062453329563141
1,cross_scene,230,cross_scene_smooth_ap,0.8339112997055054,0.8686419725418091,0.00803685188293457,0.894081175327301,0.12711113691329956,0.9862803220748901,0.11310261487960815,0.8947162628173828,0.060604583472013474,0.976311445236206,0.03555380553007126,0.9003970623016357,0.11020895093679428,1.0263692140579224,0.09555608034133911
1,cross_scene,231,cross_scene_smooth_ap,0.7479308247566223,0.8736550211906433,0.0001665353775024414,0.897762656211853,0.051156338304281235,0.9929701089859009,0.029977764934301376,0.8978917598724365,0.04525560140609741,0.9933627843856812,0.024908190593123436,0.8975299596786499,0.04717692360281944,1.004807472229004,0.024152379482984543
1,cross_scene,232,cross_scene_smooth_ap,0.7647737860679626,0.8729512095451355,0.005468010902404785,0.8937771320343018,0.06837914884090424,0.9911078214645386,0.05277141183614731,0.899594783782959,0.03584091365337372,1.0008338689804077,0.016333632171154022,0.896098792552948,0.059403225779533386,0.9895929098129272,0.04120848327875137
1,cross_scene,233,cross_scene_smooth_ap,0.9683844447135925,0.8793326616287231,0.03100109100341797,0.9074208736419678,0.1778654158115387,1.0469117164611816,0.16142114996910095,0.9147974252700806,0.15155485272407532,1.0550391674041748,0.1282174289226532,0.9140782952308655,0.15589988231658936,1.0718438625335693,0.1252114474773407
1,cross_scene,234,cross_scene_smooth_ap,0.7408851385116577,0.8641492128372192,0.0008495450019836426,0.8837989568710327,0.05617952719330788,0.9595613479614258,0.038232482969760895,0.890656054019928,0.021153561770915985,0.9811346530914307,0.008181179873645306,0.8923674821853638,0.06168390065431595,0.9993777275085449,0.04159718006849289
1,cross_scene,235,cross_scene_smooth_ap,0.833625853061676,0.8780680894851685,0.011422693729400635,0.9030957221984863,0.10594457387924194,1.0023213624954224,0.08677458018064499,0.9069438576698303,0.0775541216135025,0.985148549079895,0.03669013828039169,0.9091219902038574,0.110699363052845,1.0147548913955688,0.08595290780067444
1,cross_scene,236,cross_scene_smooth_ap,0.7555356025695801,0.8651154041290283,0.01379472017288208,0.8872841596603394,0.045210786163806915,1.0085773468017578,0.031231079250574112,0.8934590220451355,0.02481454238295555,0.9940321445465088,0.012089738622307777,0.8902428150177002,0.04942823201417923,1.042977213859558,0.03354950249195099
1,cross_scene,237,cross_scene_smooth_ap,0.8848208785057068,0.8735538721084595,0.005028128623962402,0.8971987962722778,0.13880577683448792,1.0354353189468384,0.1177210658788681,0.9068365097045898,0.12324952334165573,1.0480784177780151,0.0937093198299408,0.9008007049560547,0.1289372444152832,1.035261631011963,0.10199031233787537
1,cross_scene,238,cross_scene_smooth_ap,0.9350322484970093,0.8708833456039429,0.08607006072998047,0.8981233835220337,0.10926991701126099,0.9848676323890686,0.09306035190820694,0.9010690450668335,0.10067814588546753,1.0026932954788208,0.08385973423719406,0.9029684066772461,0.12338269501924515,1.0195651054382324,0.11161909252405167
1,cross_scene,239,cross_scene_smooth_ap,0.8201454877853394,0.8720209002494812,0.0058746337890625,0.8931010961532593,0.1066683679819107,0.9853894710540771,0.07437478750944138,0.9027659893035889,0.07240816950798035,1.0171229839324951,0.04598131775856018,0.8985546827316284,0.1028195321559906,1.0257376432418823,0.07525309175252914
1,cross_scene,240,cross_scene_smooth_ap,0.7780691385269165,0.860864520072937,0.012989223003387451,0.8805482983589172,0.06546934694051743,0.9701924324035645,0.04263695701956749,0.8801941871643066,0.062326014041900635,0.9817985892295837,0.049336351454257965,0.8789626955986023,0.07006105035543442,0.9821528196334839,0.051675599068403244
1,cross_scene,241,cross_scene_smooth_ap,0.8052558898925781,0.8642139434814453,0.02273094654083252,0.8850205540657043,0.0993509367108345,0.99399334192276,0.07387039065361023,0.8892738223075867,0.045810967683792114,0.9749927520751953,0.018617015331983566,0.8898680210113525,0.08508331328630447,1.0210829973220825,0.05840965360403061
1,cross_scene,242,cross_scene_smooth_ap,0.7398416996002197,0.8602715730667114,0.005522251129150391,0.8848122358322144,0.05940026789903641,0.9930238723754883,0.04703859984874725,0.8865779638290405,0.029041524976491928,0.9598181247711182,0.012495690025389194,0.8862776756286621,0.038769543170928955,0.9955881834030151,0.02156137116253376
1,cross_scene,243,cross_scene_smooth_ap,0.7884472012519836,0.875916063785553,0.005904078483581543,0.9150371551513672,0.06783930212259293,1.022469401359558,0.04818246141076088,0.9154523611068726,0.04500561207532883,1.0344164371490479,0.020829159766435623,0.921107828617096,0.06545586884021759,1.0842725038528442,0.042692217975854874
1,cross_scene,244,cross_scene_smooth_ap,0.7798575162887573,0.8670429587364197,0.0031337738037109375,0.8870885372161865,0.08670119196176529,0.9448959231376648,0.06524354219436646,0.8885319232940674,0.060520414263010025,0.9542973041534424,0.02871311455965042,0.8901897072792053,0.0863228291273117,0.9710856676101685,0.06698787957429886
1,cross_scene,245,cross_scene_smooth_ap,0.9033291339874268,0.8728657960891724,0.0054128170013427734,0.9025088548660278,0.14815406501293182,1.029043197631836,0.13129490613937378,0.9101106524467468,0.14053580164909363,1.0775864124298096,0.1150655448436737,0.9018546342849731,0.12945127487182617,1.0213649272918701,0.10680791735649109
1,cross_scene,246,cross_scene_smooth_ap,0.6818747520446777,0.8654545545578003,0.0008338689804077148,0.8903493881225586,0.009321932680904865,0.9484114646911621,0.003933239728212357,0.8901552557945251,0.0,0.9499980211257935,0.0,0.8908704519271851,0.004637350328266621,0.9498782157897949,0.0009288890287280083
1,cross_scene,247,cross_scene_smooth_ap,0.7681923508644104,0.863567054271698,0.0048711299896240234,0.8917210102081299,0.05654305964708328,0.9933055639266968,0.035990409553050995,0.8967478275299072,0.048202916979789734,1.0269469022750854,0.02747545763850212,0.8935115337371826,0.06780971586704254,1.0156364440917969,0.047739990055561066
1,cross_scene,248,cross_scene_smooth_ap,0.9251368641853333,0.8846782445907593,0.0034450292587280273,0.909452497959137,0.1360464096069336,1.099550485610962,0.11600252985954285,0.9118041396141052,0.12355059385299683,1.1067590713500977,0.10161939263343811,0.9096537232398987,0.15590962767601013,1.146569013595581,0.141030952334404
1,cross_scene,249,cross_scene_smooth_ap,0.8260272145271301,0.8803192973136902,0.02204608917236328,0.9209045767784119,0.07698918879032135,1.075655460357666,0.053955741226673126,0.9096742868423462,0.07609554380178452,1.0114591121673584,0.0529697984457016,0.9141385555267334,0.07021406292915344,1.0439515113830566,0.046786271035671234
1,cross_scene,250,cross_scene_smooth_ap,0.7981860637664795,0.8801939487457275,0.00047576427459716797,0.9152658581733704,0.0850735530257225,1.0492703914642334,0.06824401766061783,0.9211204648017883,0.03554471954703331,1.048496961593628,0.01246561761945486,0.9262738227844238,0.06839076429605484,1.1169456243515015,0.04847071319818497
1,cross_scene,251,cross_scene_smooth_ap,0.8489718437194824,0.8805040717124939,0.05127239227294922,0.9024814367294312,0.09406019747257233,1.0029938220977783,0.07611438632011414,0.9027033448219299,0.04922373592853546,0.9951199889183044,0.02458973228931427,0.9064034223556519,0.08592261373996735,1.0378392934799194,0.06453593075275421
1,cross_scene,252,cross_scene_smooth_ap,0.7869147658348083,0.8673085570335388,5.9664249420166016e-05,0.8917847275733948,0.09753785282373428,0.9897445440292358,0.08451174199581146,0.8946197032928467,0.05189644917845726,0.9836692810058594,0.024711845442652702,0.8938819766044617,0.07979597896337509,0.9927014112472534,0.059524133801460266
1,cross_scene,253,cross_scene_smooth_ap,0.7856119871139526,0.8683727979660034,0.0012694597244262695,0.8972897529602051,0.0754801481962204,1.0027738809585571,0.047071270644664764,0.9010535478591919,0.0539776086807251,1.0049805641174316,0.03192506730556488,0.9027795791625977,0.08280660212039948,1.047684907913208,0.05888248234987259
1,cross_scene,254,cross_scene_smooth_ap,0.841728925704956,0.8667417764663696,0.004132091999053955,0.8903334140777588,0.11563700437545776,0.9832484126091003,0.0867547020316124,0.8940521478652954,0.09373866021633148,0.9821057319641113,0.0579245425760746,0.8961665630340576,0.13462351262569427,1.011103630065918,0.1092970222234726
1,cross_scene,255,cross_scene_smooth_ap,0.8343302607536316,0.8695068359375,0.009636759757995605,0.8944234848022461,0.10942111164331436,1.0141210556030273,0.0936470553278923,0.8962419033050537,0.06639622151851654,0.999345064163208,0.04215019941329956,0.8971427083015442,0.11024587601423264,1.0445196628570557,0.09214208275079727
1,cross_scene,256,cross_scene_smooth_ap,0.7684029936790466,0.8682191371917725,8.535385131835938e-05,0.8941401839256287,0.06767362356185913,1.040702223777771,0.05065127834677696,0.8997478485107422,0.037032123655080795,1.0443247556686401,0.017070189118385315,0.8964653611183167,0.053498104214668274,1.0569812059402466,0.03500546142458916
1,cross_scene,257,cross_scene_smooth_ap,0.7286877036094666,0.8647639751434326,0.0011226534843444824,0.8845613598823547,0.052414342761039734,0.9662800431251526,0.03020920418202877,0.8858073949813843,0.03461037203669548,0.9600228071212769,0.01428209152072668,0.8838262557983398,0.0422728955745697,0.9772775173187256,0.019115349277853966
1,cross_scene,258,cross_scene_smooth_ap,0.8430240154266357,0.8763408660888672,0.021321415901184082,0.9150428175926208,0.09488122165203094,1.033625602722168,0.07047835737466812,0.9174703359603882,0.07530562579631805,1.034216046333313,0.050565097481012344,0.9153410792350769,0.09546501189470291,1.0493214130401611,0.06876836717128754
1,cross_scene,259,cross_scene_smooth_ap,0.7502502202987671,0.8695119023323059,0.018586933612823486,0.889518141746521,0.05405961349606514,0.9703564643859863,0.027793213725090027,0.8945796489715576,0.03021804243326187,0.9719942808151245,0.014960960485041142,0.8919466733932495,0.04595817252993584,0.967322826385498,0.02224518358707428
1,cross_scene,260,cross_scene_smooth_ap,0.8068832159042358,0.8710502982139587,0.01733165979385376,0.8849970698356628,0.10476982593536377,0.9344289302825928,0.09067855775356293,0.8872227072715759,0.06248403340578079,0.9312177300453186,0.039704062044620514,0.8876556754112244,0.09440737962722778,0.9422319531440735,0.07252737134695053
2,control,1,hard_triplet,4.174502372741699,4.650108337402344,0.2563025653362274,4.6451849937438965,0.2727016806602478,4.648654460906982,0.3468508720397949,4.633609294891357,0.2457740306854248,4.637226104736328,0.28713908791542053,4.655340671539307,0.2605994939804077,4.64134407043457,0.3225046694278717
2,control,2,hard_triplet,4.129100322723389,4.696123123168945,0.22903795540332794,4.668955326080322,0.24558228254318237,4.6372222900390625,0.33277565240859985,4.633429527282715,0.21240344643592834,4.641779899597168,0.25798720121383667,4.651667594909668,0.23986181616783142,4.6451263427734375,0.32278889417648315
2,control,3,hard_triplet,4.074164390563965,4.648556709289551,0.2156568169593811,4.6468825340271,0.23586559295654297,4.6380438804626465,0.3217536211013794,4.631338119506836,0.19739270210266113,4.650563716888428,0.2319841980934143,4.6362199783325195,0.22430816292762756,4.638091087341309,0.2937889099121094
2,control,4,hard_triplet,4.063439846038818,4.650899887084961,0.20788052678108215,4.640334606170654,0.22701874375343323,4.641332149505615,0.32677537202835083,4.609953880310059,0.1932402104139328,4.640237331390381,0.23527388274669647,4.643857955932617,0.21761077642440796,4.6441330909729,0.2981357276439667
2,control,5,hard_triplet,4.043718338012695,4.60844087600708,0.20829936861991882,4.5896735191345215,0.221216082572937,4.6377058029174805,0.32290878891944885,4.60763692855835,0.190405935049057,4.6390862464904785,0.2319527566432953,4.602488994598389,0.22381575405597687,4.634799480438232,0.30580466985702515
2,control,6,hard_triplet,4.040246486663818,4.66422700881958,0.1977549046278,4.627279281616211,0.21841159462928772,4.636667728424072,0.3242740333080292,4.6349921226501465,0.1838989555835724,4.640022277832031,0.2174973040819168,4.637255668640137,0.20278652012348175,4.656774520874023,0.28120696544647217
2,control,7,hard_triplet,4.091851711273193,4.649701118469238,0.22376565635204315,4.650180816650391,0.23990178108215332,4.642979145050049,0.320346474647522,4.652496337890625,0.2075437307357788,4.638103485107422,0.22805210947990417,4.666631698608398,0.23444253206253052,4.642711639404297,0.2946544289588928
2,control,8,hard_triplet,4.048422336578369,4.598255157470703,0.21031542122364044,4.64457893371582,0.2258160412311554,4.647370338439941,0.31755751371383667,4.622443199157715,0.19405272603034973,4.647829055786133,0.2203759253025055,4.629918575286865,0.2217622846364975,4.640461444854736,0.2970730662345886
2,control,9,hard_triplet,4.045280456542969,4.656332015991211,0.20150569081306458,4.670208930969238,0.2198283076286316,4.641111850738525,0.3111221194267273,4.6315178871154785,0.1881880760192871,4.643874645233154,0.21417486667633057,4.623093128204346,0.2109925001859665,4.6487627029418945,0.2882714867591858
2,control,10,hard_triplet,4.091919422149658,4.676609516143799,0.21924017369747162,4.673962593078613,0.22849251329898834,4.648581504821777,0.31544604897499084,4.647853374481201,0.20615321397781372,4.649162292480469,0.23092101514339447,4.645158290863037,0.23125460743904114,4.638771057128906,0.3006772994995117
2,control,11,hard_triplet,3.9399585723876953,4.475565433502197,0.18955984711647034,4.5387678146362305,0.20667165517807007,4.6261162757873535,0.3147389888763428,4.556552410125732,0.17140239477157593,4.602924346923828,0.1946517825126648,4.53431510925293,0.20166683197021484,4.615493297576904,0.2788420617580414
2,control,12,hard_triplet,4.015710353851318,4.610054016113281,0.19942647218704224,4.622896671295166,0.21780376136302948,4.638036251068115,0.3099740743637085,4.601625919342041,0.1854747086763382,4.636211395263672,0.2034386545419693,4.647003173828125,0.21012966334819794,4.626363754272461,0.2708820700645447
2,control,13,hard_triplet,3.982651710510254,4.635375022888184,0.18283772468566895,4.620466709136963,0.20191162824630737,4.642706871032715,0.3109123110771179,4.594239234924316,0.15438754856586456,4.626110553741455,0.16138507425785065,4.625004291534424,0.20524650812149048,4.633674621582031,0.2826373279094696
2,control,14,hard_triplet,3.765791654586792,4.105889320373535,0.18920540809631348,4.35125207901001,0.20927706360816956,4.592011451721191,0.3040267825126648,4.289003372192383,0.1678374707698822,4.533239364624023,0.17538076639175415,4.300384998321533,0.2037443369626999,4.5492682456970215,0.26846861839294434
2,control,15,hard_triplet,3.727156162261963,4.023522853851318,0.19123971462249756,4.251248836517334,0.21136972308158875,4.583548545837402,0.3078864812850952,4.213331699371338,0.17279908061027527,4.506138324737549,0.18382865190505981,4.211885452270508,0.2052876353263855,4.533041477203369,0.2725730538368225
2,control,16,hard_triplet,3.6283180713653564,3.964482545852661,0.15578557550907135,4.238133907318115,0.18310216069221497,4.573775291442871,0.30559858679771423,4.180602550506592,0.1182594820857048,4.4975457191467285,0.12003572285175323,4.209145545959473,0.1847284585237503,4.529370307922363,0.27106595039367676
2,control,17,hard_triplet,3.598534345626831,3.7576608657836914,0.18479961156845093,4.1392388343811035,0.211183100938797,4.555111885070801,0.30683788657188416,4.099849700927734,0.15876628458499908,4.456823825836182,0.15772733092308044,4.069101333618164,0.20252810418605804,4.462518215179443,0.266020804643631
2,control,18,hard_triplet,3.4898126125335693,3.830287218093872,0.12590689957141876,4.12473201751709,0.16337443888187408,4.545076847076416,0.30004656314849854,4.090904712677002,0.0797870010137558,4.455529689788818,0.07571038603782654,4.0535125732421875,0.163944274187088,4.487666606903076,0.25666573643684387
2,control,19,hard_triplet,3.59088134765625,3.7899136543273926,0.178440660238266,4.1212382316589355,0.20628365874290466,4.557437419891357,0.30230337381362915,4.069271564483643,0.15033608675003052,4.447836875915527,0.14944493770599365,4.087651252746582,0.2013094127178192,4.4823384284973145,0.2615797817707062
2,control,20,hard_triplet,3.292926073074341,3.4550514221191406,0.11349689215421677,3.9542086124420166,0.16975049674510956,4.522303581237793,0.29434844851493835,3.837557554244995,0.05673781409859657,4.400575160980225,0.03778809681534767,3.898118019104004,0.14775988459587097,4.414610385894775,0.2138233184814453
2,control,21,hard_triplet,3.5368571281433105,3.496943712234497,0.2150910496711731,3.9356184005737305,0.23357954621315002,4.533229827880859,0.30717140436172485,3.827552556991577,0.1965462863445282,4.384979248046875,0.19940222799777985,3.8665659427642822,0.2375551015138626,4.420476913452148,0.29305827617645264
2,control,22,hard_triplet,3.506352663040161,3.4607975482940674,0.207098126411438,3.95210599899292,0.22459661960601807,4.536703586578369,0.30658209323883057,3.8207151889801025,0.18668362498283386,4.383064270019531,0.19048303365707397,3.847341299057007,0.22655150294303894,4.414450645446777,0.2831955552101135
2,control,23,hard_triplet,3.664518117904663,3.791443347930908,0.21640360355377197,4.095247745513916,0.22957223653793335,4.547388553619385,0.30408304929733276,3.9813003540039062,0.21110033988952637,4.4481892585754395,0.22144876420497894,4.033504009246826,0.2309420108795166,4.468564033508301,0.2791370153427124
2,control,24,hard_triplet,3.4773247241973877,3.4755797386169434,0.19630096852779388,3.917890787124634,0.22675921022891998,4.521639347076416,0.3038220703601837,3.815357208251953,0.16067048907279968,4.381933689117432,0.14758029580116272,3.869917154312134,0.22561469674110413,4.4196062088012695,0.2752857804298401
2,control,25,hard_triplet,3.5323970317840576,3.546668529510498,0.20889812707901,3.9550857543945312,0.2299206405878067,4.516753196716309,0.3035368025302887,3.869356393814087,0.18850085139274597,4.3792033195495605,0.1857648342847824,3.8840091228485107,0.22703039646148682,4.411770820617676,0.27384769916534424
2,control,26,hard_triplet,3.3845691680908203,3.3856115341186523,0.18034642934799194,3.852604389190674,0.2100364863872528,4.503750801086426,0.2967865765094757,3.7477355003356934,0.1499597430229187,4.338000297546387,0.14057926833629608,3.7434792518615723,0.20216882228851318,4.372719764709473,0.2456514537334442
2,control,27,hard_triplet,3.293062686920166,3.214510202407837,0.17810668051242828,3.7072808742523193,0.21687522530555725,4.4650421142578125,0.30149829387664795,3.5872514247894287,0.13658083975315094,4.279729843139648,0.1220221221446991,3.64308500289917,0.2103905975818634,4.322896480560303,0.25618475675582886
2,control,28,hard_triplet,3.159579038619995,2.883741617202759,0.18061789870262146,3.5227084159851074,0.20923763513565063,4.438126564025879,0.2980932891368866,3.4010443687438965,0.14341914653778076,4.2382941246032715,0.135873481631279,3.4559926986694336,0.21170833706855774,4.262943744659424,0.260734498500824
2,control,29,hard_triplet,2.928004026412964,2.5140416622161865,0.15827518701553345,3.3002350330352783,0.195058211684227,4.400680065155029,0.2948693633079529,3.1231729984283447,0.119842529296875,4.129590034484863,0.10708102583885193,3.1963307857513428,0.182259202003479,4.181766986846924,0.22183740139007568
2,control,30,hard_triplet,2.9165539741516113,2.3837478160858154,0.1804916262626648,3.218629837036133,0.2139338254928589,4.388105392456055,0.30077049136161804,3.0433411598205566,0.138746976852417,4.076364517211914,0.12623611092567444,3.060476779937744,0.21453338861465454,4.135379791259766,0.2588483989238739
2,control,31,hard_triplet,2.911635160446167,2.3884682655334473,0.1826189011335373,3.1762490272521973,0.22197477519512177,4.351038932800293,0.2940799593925476,3.031049966812134,0.16720128059387207,4.076225280761719,0.16532665491104126,3.083724021911621,0.1910846084356308,4.123550891876221,0.20731525123119354
2,control,32,hard_triplet,2.8455350399017334,2.2916228771209717,0.17120376229286194,3.1118247509002686,0.21650058031082153,4.350712299346924,0.29574573040008545,3.026594638824463,0.14048445224761963,4.075603008270264,0.12501859664916992,3.043829917907715,0.18473507463932037,4.125948905944824,0.19838032126426697
2,control,33,hard_triplet,2.554689407348633,1.8621397018432617,0.13689644634723663,2.824040412902832,0.19653625786304474,4.270628452301025,0.29363125562667847,2.667680263519287,0.10893909633159637,3.919135570526123,0.10246938467025757,2.6702611446380615,0.15761445462703705,3.968634605407715,0.1763802319765091
2,control,34,hard_triplet,2.6400365829467773,2.183119058609009,0.11793885380029678,2.978008270263672,0.177769735455513,4.284366607666016,0.28361913561820984,2.8568191528320312,0.08625069260597229,3.996777296066284,0.07294365763664246,2.8990790843963623,0.13061758875846863,4.036335468292236,0.13694164156913757
2,control,35,hard_triplet,3.0899441242218018,2.634575843811035,0.2241804599761963,3.238091468811035,0.2493208348751068,4.332329750061035,0.30138900876045227,3.110814094543457,0.20653492212295532,4.090746879577637,0.2047249972820282,3.1508021354675293,0.2470983862876892,4.120567798614502,0.2716255784034729
2,control,36,hard_triplet,2.6995346546173096,2.2292113304138184,0.13485825061798096,3.0285563468933105,0.19930288195610046,4.295538902282715,0.2896901071071625,2.913719654083252,0.09361506253480911,3.9946961402893066,0.07128399610519409,2.8910837173461914,0.15421858429908752,4.050009250640869,0.16351553797721863
2,control,37,hard_triplet,2.7423739433288574,2.2937846183776855,0.15460890531539917,2.9757490158081055,0.20081761479377747,4.260200023651123,0.2910233438014984,2.8058526515960693,0.13108572363853455,3.9466497898101807,0.12388697266578674,2.8725051879882812,0.17018911242485046,4.0085649490356445,0.18376502394676208
2,control,38,hard_triplet,2.6637074947357178,2.3777527809143066,0.1106913611292839,2.977768898010254,0.18256261944770813,4.246569633483887,0.2763180136680603,2.842352867126465,0.09622275084257126,3.9472403526306152,0.08948861807584763,2.892998695373535,0.10765419900417328,4.014632225036621,0.10821153223514557
2,control,39,hard_triplet,2.489548921585083,1.945462703704834,0.12304139882326126,2.70400333404541,0.19956859946250916,4.1749587059021,0.28587794303894043,2.528226852416992,0.08813466131687164,3.8423421382904053,0.06828264892101288,2.61716890335083,0.14204195141792297,3.9168519973754883,0.1421440839767456
2,control,40,hard_triplet,2.232476234436035,1.3635847568511963,0.15744522213935852,2.1568398475646973,0.2163839340209961,4.016937255859375,0.29070693254470825,2.012373924255371,0.12362152338027954,3.583115577697754,0.1107226088643074,2.052372455596924,0.18012237548828125,3.6637842655181885,0.1865072250366211
2,control,41,hard_triplet,2.4295201301574707,1.716616153717041,0.1654766947031021,2.4499170780181885,0.21837779879570007,4.054500579833984,0.2846398949623108,2.324739933013916,0.13786646723747253,3.7162508964538574,0.12092836201190948,2.360929489135742,0.17564760148525238,3.7641475200653076,0.17860256135463715
2,control,42,hard_triplet,2.028827428817749,1.2818593978881836,0.10946479439735413,2.0407485961914062,0.18742609024047852,3.846435546875,0.26751482486724854,1.9048175811767578,0.07062587887048721,3.481498956680298,0.04021751135587692,1.9646189212799072,0.11787129193544388,3.5773181915283203,0.10678952932357788
2,control,43,hard_triplet,2.018773078918457,1.2207740545272827,0.10006706416606903,2.053074359893799,0.18070901930332184,3.8816468715667725,0.2714715600013733,1.9356082677841187,0.07227231562137604,3.5402209758758545,0.05582999810576439,1.9417822360992432,0.11603479832410812,3.5739054679870605,0.11565244942903519
2,control,44,hard_triplet,1.9960850477218628,1.2071160078048706,0.1047389954328537,1.9932178258895874,0.18526412546634674,3.8412766456604004,0.2709519863128662,1.8457003831863403,0.06223686411976814,3.4921984672546387,0.04752477630972862,1.902872085571289,0.12427112460136414,3.553048610687256,0.1252477765083313
2,control,45,hard_triplet,2.1889076232910156,1.6084165573120117,0.10081321001052856,2.290536880493164,0.1802709847688675,3.911489725112915,0.26588284969329834,2.1716926097869873,0.059094205498695374,3.630990982055664,0.0477498397231102,2.1781885623931885,0.11749212443828583,3.6826322078704834,0.1182941347360611
2,control,46,hard_triplet,2.05631160736084,1.3850393295288086,0.10139916092157364,2.094275712966919,0.18420711159706116,3.823014736175537,0.2500745356082916,1.9671883583068848,0.0613861158490181,3.4912643432617188,0.03534369915723801,2.0442991256713867,0.12001898139715195,3.5816054344177246,0.1163635104894638
2,control,47,hard_triplet,2.054622173309326,1.1950551271438599,0.14618490636348724,1.879661202430725,0.20162373781204224,3.7788009643554688,0.2709836959838867,1.7461552619934082,0.09524008631706238,3.424139976501465,0.06772783398628235,1.8300118446350098,0.18480926752090454,3.57188081741333,0.20809230208396912
2,control,48,hard_triplet,1.9845045804977417,1.186360478401184,0.12013515830039978,1.8557534217834473,0.18141113221645355,3.7120614051818848,0.24570336937904358,1.737579107284546,0.08633729070425034,3.4361684322357178,0.08041354268789291,1.8055460453033447,0.14768265187740326,3.5441880226135254,0.16580414772033691
2,control,49,hard_triplet,2.244168281555176,1.604752540588379,0.1478593796491623,2.2275965213775635,0.18974050879478455,3.7670722007751465,0.2368524670600891,2.1323392391204834,0.12959103286266327,3.520881414413452,0.11259932816028595,2.177131175994873,0.1538991779088974,3.5894076824188232,0.152990460395813
2,control,50,hard_triplet,2.0308725833892822,1.2795212268829346,0.1395064890384674,1.8913270235061646,0.19789837300777435,3.625697135925293,0.2383829951286316,1.7710886001586914,0.10766692459583282,3.3717222213745117,0.09430726617574692,1.8164623975753784,0.16708657145500183,3.447070598602295,0.17281126976013184
2,control,51,hard_triplet,2.2376134395599365,1.48097562789917,0.2025836557149887,1.9468989372253418,0.24152782559394836,3.5824027061462402,0.26559722423553467,1.8408794403076172,0.17144542932510376,3.3056037425994873,0.15631356835365295,1.9092888832092285,0.22889894247055054,3.4585485458374023,0.24748659133911133
2,control,52,hard_triplet,1.9261984825134277,1.21359384059906,0.14321182668209076,1.712006688117981,0.19592231512069702,3.458404541015625,0.21530047059059143,1.6221816539764404,0.11978211998939514,3.1872541904449463,0.10092602670192719,1.6540205478668213,0.14984308183193207,3.3374180793762207,0.14615045487880707
2,control,53,hard_triplet,1.9041823148727417,1.1922144889831543,0.15060190856456757,1.6161720752716064,0.19965997338294983,3.3963189125061035,0.22246961295604706,1.5321943759918213,0.13161027431488037,3.1461310386657715,0.1114480271935463,1.557327151298523,0.15956911444664001,3.2440783977508545,0.16660922765731812
2,control,54,hard_triplet,1.5790855884552002,1.014812707901001,0.09503436088562012,1.2625187635421753,0.14794516563415527,3.0956952571868896,0.14675918221473694,1.2318099737167358,0.06607399880886078,2.8761088848114014,0.04957938194274902,1.2617838382720947,0.1336573213338852,3.0055878162384033,0.13287536799907684
2,control,55,hard_triplet,1.5869771242141724,1.0331414937973022,0.0987059697508812,1.2430787086486816,0.1649506390094757,3.107835292816162,0.1904774010181427,1.1937214136123657,0.0678272396326065,2.852998733520508,0.05475946515798569,1.2236478328704834,0.12125913053750992,2.9703006744384766,0.12347526103258133
2,control,56,hard_triplet,1.7551686763763428,0.9962619543075562,0.15223826467990875,1.3707753419876099,0.21087804436683655,3.2620346546173096,0.23522764444351196,1.2932758331298828,0.10690179467201233,2.9577600955963135,0.0850493460893631,1.3135485649108887,0.18028391897678375,3.0434913635253906,0.18348999321460724
2,control,57,hard_triplet,1.7102607488632202,1.1129109859466553,0.13453304767608643,1.3286056518554688,0.164083331823349,3.0866286754608154,0.1751331090927124,1.293186902999878,0.12993526458740234,2.8898794651031494,0.1297350525856018,1.3050751686096191,0.1533178836107254,2.9358770847320557,0.15804389119148254
2,control,58,hard_triplet,1.5104475021362305,1.1076079607009888,0.0524098202586174,1.3622853755950928,0.11404772847890854,3.0386531352996826,0.12670305371284485,1.3245737552642822,0.033135298639535904,2.890795946121216,0.016128230839967728,1.3326125144958496,0.06359399855136871,2.9990549087524414,0.05494259297847748
2,control,59,hard_triplet,1.6626245975494385,1.071841835975647,0.10566836595535278,1.406754970550537,0.1557353287935257,3.2007484436035156,0.1719016432762146,1.3625551462173462,0.08736743032932281,2.953458070755005,0.06275974214076996,1.3501815795898438,0.11916974186897278,3.055654287338257,0.1159319132566452
2,control,60,hard_triplet,1.552108883857727,1.0734665393829346,0.09659620374441147,1.258488416671753,0.14197078347206116,2.9821934700012207,0.15926334261894226,1.2025442123413086,0.0815497636795044,2.726026773452759,0.06899943202733994,1.2302987575531006,0.11046609282493591,2.8308727741241455,0.10952629148960114
2,control,61,hard_triplet,1.7625854015350342,1.2344833612442017,0.12079432606697083,1.3977787494659424,0.17527729272842407,3.257505178451538,0.19579464197158813,1.3402916193008423,0.09601883590221405,3.022162914276123,0.07940547913312912,1.376560091972351,0.13994264602661133,3.1199252605438232,0.14150086045265198
2,control,62,hard_triplet,2.1469874382019043,1.4741950035095215,0.19060498476028442,1.8216238021850586,0.21543976664543152,3.4525105953216553,0.23109358549118042,1.7307891845703125,0.17881441116333008,3.228024959564209,0.1645316779613495,1.8002915382385254,0.2129245102405548,3.3337695598602295,0.22619393467903137
2,control,63,hard_triplet,1.7693102359771729,1.3078597784042358,0.12941232323646545,1.543020486831665,0.16888420283794403,3.016671657562256,0.17410820722579956,1.4773893356323242,0.11965987831354141,2.7927608489990234,0.10201411694288254,1.5210745334625244,0.13706354796886444,2.9239392280578613,0.12504911422729492
2,control,64,hard_triplet,1.894376277923584,1.3995497226715088,0.15707285702228546,1.5347347259521484,0.20127615332603455,3.0752511024475098,0.2191058248281479,1.476333737373352,0.15194256603717804,2.8414108753204346,0.13117492198944092,1.5245633125305176,0.1780250519514084,3.014423370361328,0.1792333722114563
2,control,65,hard_triplet,1.7939715385437012,1.1159651279449463,0.15350757539272308,1.4541068077087402,0.2100645899772644,3.103217124938965,0.2338523119688034,1.3852159976959229,0.10838712751865387,2.8812813758850098,0.08340848237276077,1.446779727935791,0.18543635308742523,3.025151014328003,0.19282442331314087
2,control,66,smooth_ap,1.3734514713287354,0.9622087478637695,0.0021581053733825684,1.0834479331970215,0.16750404238700867,2.677323818206787,0.17830991744995117,1.0629174709320068,0.101301409304142,2.559992551803589,0.0795949250459671,1.082213282585144,0.142510324716568,2.649230718612671,0.14870209991931915
2,control,67,smooth_ap,1.2570891380310059,1.045220971107483,0.0019277334213256836,1.0423989295959473,0.13187141716480255,2.4518401622772217,0.1315264105796814,1.0238902568817139,0.05966241657733917,2.3142056465148926,0.0420936644077301,1.021522879600525,0.10071160644292831,2.415353536605835,0.08648909628391266
2,control,68,smooth_ap,1.3406267166137695,1.0134525299072266,0.04090660810470581,1.0270720720291138,0.13163699209690094,2.347302198410034,0.12908920645713806,1.027153730392456,0.09621845185756683,2.337446928024292,0.0844564214348793,1.051316499710083,0.14900633692741394,2.5251970291137695,0.15652410686016083
2,control,69,smooth_ap,1.3794162273406982,1.0668792724609375,0.0027201175689697266,1.1980781555175781,0.11406966298818588,2.721160411834717,0.11675402522087097,1.169098138809204,0.06803779304027557,2.580836296081543,0.058794088661670685,1.1925452947616577,0.11445719003677368,2.658234119415283,0.12780800461769104
2,control,70,smooth_ap,1.4329315423965454,0.9770719408988953,0.02371203899383545,1.0494349002838135,0.1845702826976776,2.7753610610961914,0.18689103424549103,1.0141981840133667,0.13067549467086792,2.5026841163635254,0.11469317972660065,1.0508315563201904,0.17067211866378784,2.709484338760376,0.17163901031017303
2,control,71,smooth_ap,1.2791335582733154,1.0338207483291626,0.005640983581542969,1.0314035415649414,0.10023732483386993,2.6373884677886963,0.10508685559034348,1.0037117004394531,0.05216208100318909,2.482985019683838,0.03837031126022339,1.033740520477295,0.08982432633638382,2.5763258934020996,0.08594994992017746
2,control,72,smooth_ap,1.5986592769622803,1.3191306591033936,0.05709373950958252,1.3460943698883057,0.1799209713935852,2.6469180583953857,0.20043055713176727,1.2833645343780518,0.13895541429519653,2.4413936138153076,0.13191042840480804,1.3001952171325684,0.16483503580093384,2.562960147857666,0.17076970636844635
2,control,73,smooth_ap,1.2831710577011108,0.998289942741394,0.031334519386291504,1.0257720947265625,0.14776736497879028,2.2123491764068604,0.1531771570444107,1.0011180639266968,0.12632372975349426,2.1058976650238037,0.11609309911727905,1.0198661088943481,0.14107252657413483,2.1860110759735107,0.14095090329647064
2,control,74,smooth_ap,1.6250942945480347,1.0767849683761597,0.06831920146942139,1.231920599937439,0.22338561713695526,2.7272632122039795,0.23057451844215393,1.2394733428955078,0.1678590178489685,2.608861207962036,0.1527760624885559,1.2375142574310303,0.21645504236221313,2.757957696914673,0.22493478655815125
2,control,75,smooth_ap,1.5469529628753662,1.2568886280059814,0.05871713161468506,1.1825473308563232,0.20887526869773865,2.5666427612304688,0.20847341418266296,1.120432734489441,0.16136959195137024,2.3204944133758545,0.13631534576416016,1.1847527027130127,0.18478159606456757,2.4984827041625977,0.17178818583488464
2,control,76,smooth_ap,1.1448441743850708,1.026775598526001,0.01535797119140625,1.0513911247253418,0.053385842591524124,2.3690218925476074,0.03636091202497482,1.0369423627853394,0.019064148887991905,2.17592716217041,0.006107504479587078,1.017410397529602,0.045269668102264404,2.246572494506836,0.031892482191324234
2,control,77,smooth_ap,1.1843518018722534,1.0437291860580444,0.017729520797729492,1.0214811563491821,0.0968504250049591,2.2776741981506348,0.09887684881687164,1.001947045326233,0.05782545730471611,2.1522369384765625,0.04021913930773735,1.0068575143814087,0.06142691522836685,2.1962358951568604,0.048749662935733795
2,control,78,smooth_ap,1.3271039724349976,0.9958739280700684,0.09876465797424316,0.9618322849273682,0.16814592480659485,2.2392125129699707,0.1769908219575882,0.9585001468658447,0.07852774858474731,2.060263156890869,0.04991687834262848,0.961974561214447,0.15404275059700012,2.2324914932250977,0.15176786482334137
2,control,79,smooth_ap,1.1519217491149902,1.001166820526123,0.04263591766357422,1.0271711349487305,0.06007371097803116,2.2130489349365234,0.052237678319215775,1.010632872581482,0.03828248754143715,2.0227205753326416,0.02728860080242157,1.0207405090332031,0.05252418667078018,2.192646026611328,0.04324961453676224
2,control,80,smooth_ap,1.1307704448699951,0.9952051043510437,0.008238673210144043,0.9885610938072205,0.09519186615943909,2.1618905067443848,0.08832022547721863,0.9829167723655701,0.052181094884872437,2.0399298667907715,0.025770915672183037,1.0038865804672241,0.0704103410243988,2.1506552696228027,0.053767602890729904
2,control,81,smooth_ap,1.1774407625198364,0.9908835291862488,0.020550906658172607,0.9966515302658081,0.14046910405158997,2.113386631011963,0.14366933703422546,0.9755122661590576,0.06224808841943741,1.925072431564331,0.03218753635883331,0.9789032340049744,0.11476829648017883,2.1453020572662354,0.09839056432247162
2,control,82,smooth_ap,1.1627588272094727,1.0145759582519531,0.01820671558380127,0.9888721108436584,0.11582043766975403,1.9791357517242432,0.10410358756780624,0.9840539693832397,0.10305571556091309,1.8666565418243408,0.09347982704639435,0.9896256923675537,0.11449675261974335,2.00211763381958,0.09585553407669067
2,control,83,smooth_ap,1.149268627166748,1.026628851890564,0.03245735168457031,1.003182053565979,0.10754258930683136,1.8929662704467773,0.09354634582996368,0.9976374506950378,0.07610807567834854,1.889359712600708,0.05359099805355072,1.0076688528060913,0.10055172443389893,1.9829435348510742,0.0846906304359436
2,control,84,smooth_ap,1.0511136054992676,1.0835775136947632,0.02781999111175537,0.9995577931404114,0.06336645781993866,1.750507116317749,0.04889381676912308,0.9849622845649719,0.02546621486544609,1.6998271942138672,0.006651723757386208,1.0038390159606934,0.07044357061386108,1.7638112306594849,0.060607269406318665
2,control,85,smooth_ap,1.1280568838119507,1.0044140815734863,0.01848733425140381,1.0018001794815063,0.1294935643672943,1.8424526453018188,0.1358715295791626,0.9797401428222656,0.08463814854621887,1.7958428859710693,0.06466778367757797,0.9907964468002319,0.1043824851512909,1.8603169918060303,0.09116119891405106
2,control,86,smooth_ap,1.3636664152145386,1.0334506034851074,0.07736378908157349,1.0235826969146729,0.185869038105011,2.175055742263794,0.1808643341064453,1.0226647853851318,0.14283236861228943,2.079139471054077,0.11682529002428055,1.0227552652359009,0.17233906686306,2.1432557106018066,0.15754541754722595
2,control,87,smooth_ap,1.4667237997055054,1.0301228761672974,0.0460895299911499,0.989547848701477,0.24145391583442688,2.244112491607666,0.2554361820220947,0.9714527130126953,0.18710081279277802,2.101689338684082,0.17145316302776337,0.9961485862731934,0.2645139992237091,2.418184280395508,0.2920777201652527
2,control,88,smooth_ap,1.1826980113983154,0.9860372543334961,0.052290380001068115,0.9807186126708984,0.15214025974273682,1.7610723972320557,0.1554645299911499,0.9703953266143799,0.11609051376581192,1.6990211009979248,0.11472094058990479,0.9804973602294922,0.14228525757789612,1.7332534790039062,0.14657220244407654
2,control,89,smooth_ap,1.1551679372787476,0.996684193611145,0.01158607006072998,0.9904815554618835,0.14497168362140656,2.1026298999786377,0.14362815022468567,0.9848402738571167,0.06927855312824249,1.8905949592590332,0.043717674911022186,0.977643609046936,0.10927557945251465,1.9953792095184326,0.08624862134456635
2,control,90,smooth_ap,1.2141966819763184,0.9909953474998474,0.03563642501831055,1.0020172595977783,0.16102144122123718,1.9595625400543213,0.16581541299819946,0.9795929193496704,0.09958716481924057,1.7717623710632324,0.08494973182678223,1.0094496011734009,0.1523473560810089,1.983699917793274,0.1574961543083191
2,control,91,smooth_ap,1.2803317308425903,1.0196092128753662,0.042222023010253906,0.988176167011261,0.17867544293403625,2.0663113594055176,0.1768212914466858,0.9786459803581238,0.12333907186985016,1.9601916074752808,0.09729479998350143,0.9906383752822876,0.16132983565330505,2.1377296447753906,0.15480518341064453
2,control,92,smooth_ap,0.9595648646354675,0.9874931573867798,0.025832951068878174,0.9371679425239563,0.06833931058645248,1.4619367122650146,0.06605085730552673,0.933406412601471,0.039048247039318085,1.4498751163482666,0.034120842814445496,0.9427376985549927,0.06128373742103577,1.5483720302581787,0.05409243330359459
2,control,93,smooth_ap,1.1169601678848267,0.9936758279800415,0.020126819610595703,0.9424257278442383,0.16523629426956177,1.7257981300354004,0.16402705013751984,0.9365715980529785,0.0821070671081543,1.6183003187179565,0.05143661051988602,0.9377822875976562,0.1501937359571457,1.7740542888641357,0.1356792151927948
2,control,94,smooth_ap,1.0764418840408325,0.9837844371795654,0.010786950588226318,0.9590574502944946,0.12536871433258057,1.6847642660140991,0.1067667156457901,0.9656050205230713,0.0813179761171341,1.6685616970062256,0.053147755563259125,0.958885908126831,0.12420442700386047,1.787532925605774,0.11322757601737976
2,control,95,smooth_ap,0.9223834872245789,0.969485342502594,0.0010467767715454102,0.9535185694694519,0.06987763941287994,1.4321391582489014,0.06474267691373825,0.9583396315574646,0.043061286211013794,1.4445910453796387,0.032398149371147156,0.9577000737190247,0.05403996258974075,1.4850842952728271,0.04128415137529373
2,control,96,smooth_ap,1.078962802886963,0.9556714296340942,0.012876510620117188,0.9561695456504822,0.1532321572303772,1.5426167249679565,0.14358511567115784,0.9565780162811279,0.11500553786754608,1.5676636695861816,0.09559579193592072,0.9659080505371094,0.12638652324676514,1.7029876708984375,0.11089397966861725
2,control,97,smooth_ap,1.0494394302368164,0.966105580329895,0.00635218620300293,0.9656915068626404,0.12141892313957214,1.6885857582092285,0.11041730642318726,0.9611660242080688,0.06260008364915848,1.5957980155944824,0.03486904501914978,0.9739881157875061,0.12066750228404999,1.759598731994629,0.10799464583396912
2,control,98,smooth_ap,1.3044942617416382,1.024458646774292,0.05495929718017578,1.0334805250167847,0.2064705640077591,1.8647313117980957,0.2144993245601654,1.0078144073486328,0.16602708399295807,1.7795100212097168,0.14592459797859192,1.020862102508545,0.1872258484363556,1.914563775062561,0.17987975478172302
2,control,99,smooth_ap,1.1219894886016846,0.9831198453903198,0.03416740894317627,0.9921175837516785,0.12270580232143402,1.8500666618347168,0.11674023419618607,0.9799804091453552,0.08685926347970963,1.6729991436004639,0.06351650506258011,0.9811655879020691,0.11292888969182968,1.8171089887619019,0.10093837976455688
2,control,100,smooth_ap,1.056938886642456,0.9700821042060852,0.013978958129882812,0.951055109500885,0.13829925656318665,1.601179599761963,0.13256415724754333,0.9468719959259033,0.08645661920309067,1.523324966430664,0.06287788599729538,0.9482095241546631,0.12361887842416763,1.6486997604370117,0.11816059798002243
2,control,101,smooth_ap,0.9749066233634949,0.9640505909919739,0.022240161895751953,0.9691652655601501,0.08013997972011566,1.4704034328460693,0.07312917709350586,0.965913712978363,0.04838509485125542,1.450594186782837,0.03446387127041817,0.9712228775024414,0.07708711922168732,1.557934045791626,0.07166554033756256
2,control,102,smooth_ap,1.1609301567077637,0.9755973219871521,0.06292176246643066,0.9819714426994324,0.12408839911222458,1.810882568359375,0.09947928786277771,0.9932387471199036,0.09864164888858795,1.6761910915374756,0.06864035129547119,0.9956921339035034,0.13275106251239777,1.871076226234436,0.11648433655500412
2,control,103,smooth_ap,0.9605382084846497,0.9405872225761414,0.02853602170944214,0.9454697966575623,0.08955113589763641,1.4327006340026855,0.06833140552043915,0.9433937668800354,0.0611170269548893,1.3979036808013916,0.04594709351658821,0.9387762546539307,0.07865901291370392,1.4938247203826904,0.05979280546307564
2,control,104,smooth_ap,1.1459078788757324,0.958884596824646,0.01587778329849243,0.9990007877349854,0.16552069783210754,1.6558680534362793,0.15569964051246643,1.0160144567489624,0.11612385511398315,1.6397613286972046,0.08064834028482437,1.0082529783248901,0.17523515224456787,1.7683990001678467,0.17224228382110596
2,control,105,smooth_ap,0.8928842544555664,0.9528641700744629,0.003693521022796631,0.9407568573951721,0.06536760926246643,1.312221646308899,0.04677893593907356,0.9584460258483887,0.038323793560266495,1.3583667278289795,0.02107909508049488,0.9445764422416687,0.06029566377401352,1.4708428382873535,0.043649785220623016
2,control,106,smooth_ap,0.8394646048545837,0.9314224123954773,0.0016376972198486328,0.9293377995491028,0.056630946695804596,1.2786378860473633,0.034289900213479996,0.9264206886291504,0.017803968861699104,1.254798173904419,0.007104724645614624,0.9274656176567078,0.05466132611036301,1.330183506011963,0.03377968817949295
2,control,107,smooth_ap,1.0013408660888672,1.0996181964874268,0.018465161323547363,0.9789099097251892,0.0718313604593277,1.4774224758148193,0.049372438341379166,0.9742954969406128,0.06184881925582886,1.5185542106628418,0.03354864567518234,0.978669285774231,0.06694511324167252,1.5740931034088135,0.04769011586904526
2,control,108,smooth_ap,1.0390605926513672,0.9384572505950928,0.008881330490112305,0.9557507038116455,0.13876919448375702,1.5530214309692383,0.12882736325263977,0.9606215357780457,0.09950026124715805,1.522437572479248,0.07757251709699631,0.9583243727684021,0.11509156972169876,1.607696294784546,0.10321494936943054
2,control,109,smooth_ap,1.1635770797729492,0.9587123394012451,0.041802823543548584,0.9739291667938232,0.1726619452238083,1.5602372884750366,0.16581305861473083,0.9767871499061584,0.17354044318199158,1.5421264171600342,0.15981543064117432,0.9707880020141602,0.16299110651016235,1.603285551071167,0.15117812156677246
2,control,110,smooth_ap,0.8996526002883911,0.9392436742782593,0.0022045373916625977,0.9279870390892029,0.08022373914718628,1.3444151878356934,0.06660966575145721,0.9297589659690857,0.0400194376707077,1.3375440835952759,0.016482088714838028,0.9336535334587097,0.07680805027484894,1.470201015472412,0.05588548630475998
2,control,111,smooth_ap,0.912567675113678,0.9310714602470398,0.003016233444213867,0.9493408799171448,0.10226516425609589,1.3167214393615723,0.08520756661891937,0.9455886483192444,0.061222635209560394,1.287726640701294,0.03680335357785225,0.9499951601028442,0.08326177299022675,1.375985860824585,0.06325417757034302
2,control,112,smooth_ap,0.9866417646408081,0.9313132166862488,0.029862046241760254,0.937817394733429,0.1374596506357193,1.3153761625289917,0.12113135308027267,0.9353174567222595,0.08294640481472015,1.2158710956573486,0.05864279717206955,0.9334924817085266,0.13818559050559998,1.3650567531585693,0.12312933057546616
2,control,113,smooth_ap,0.9867188334465027,0.9357182383537292,0.03945016860961914,0.9551221132278442,0.12281738221645355,1.302262783050537,0.095081627368927,0.9519242644309998,0.09318048506975174,1.280015468597412,0.06623347848653793,0.9564213752746582,0.11897703260183334,1.3514314889907837,0.09134034812450409
2,control,114,smooth_ap,1.105793833732605,0.9974765181541443,0.03509843349456787,0.9887092709541321,0.1419624388217926,1.563720941543579,0.13329505920410156,0.980792760848999,0.11289215832948685,1.456056833267212,0.10062611103057861,0.9871740937232971,0.1396670937538147,1.5905137062072754,0.13453927636146545
2,control,115,smooth_ap,1.114142894744873,0.9552371501922607,0.05410504341125488,0.9755527377128601,0.1509426087141037,1.4604249000549316,0.13593482971191406,0.9590684175491333,0.13112983107566833,1.3906954526901245,0.10668990761041641,0.9829869866371155,0.16307076811790466,1.5661556720733643,0.15218499302864075
2,control,116,smooth_ap,0.957650363445282,0.9369938373565674,0.009630918502807617,0.9279108047485352,0.12451842427253723,1.3156201839447021,0.10956297814846039,0.9270235300064087,0.08287918567657471,1.2720561027526855,0.058640800416469574,0.9316359162330627,0.11899769306182861,1.3883039951324463,0.10630116611719131
2,control,117,smooth_ap,1.0890716314315796,0.9709768891334534,0.044518470764160156,0.9796480536460876,0.15888434648513794,1.4476592540740967,0.15340878069400787,0.9807872772216797,0.10858198255300522,1.3555266857147217,0.0780051127076149,0.9762874245643616,0.15780866146087646,1.4658968448638916,0.14861167967319489
2,control,118,smooth_ap,0.894460141658783,0.9326182007789612,0.020036041736602783,0.9339795112609863,0.10227397829294205,1.1769816875457764,0.0960017666220665,0.9315303564071655,0.06093592569231987,1.1424050331115723,0.039907872676849365,0.9304969310760498,0.08329977095127106,1.228607416152954,0.06799185276031494
2,control,119,smooth_ap,0.9374395608901978,0.9549565315246582,0.00868082046508789,0.9622815251350403,0.10605884343385696,1.3775458335876465,0.1100752055644989,0.9583266973495483,0.04969611018896103,1.2956874370574951,0.025438345968723297,0.9627475738525391,0.08065784722566605,1.4053053855895996,0.0675203949213028
2,control,120,smooth_ap,0.9678871035575867,0.9554917216300964,0.007538497447967529,0.9737873077392578,0.1403600573539734,1.340198278427124,0.13627496361732483,0.9558916687965393,0.06091863662004471,1.2122563123703003,0.04687424749135971,0.9659593105316162,0.11607733368873596,1.3561346530914307,0.11732163280248642
2,control,121,smooth_ap,0.9318190813064575,0.9292070865631104,0.028353214263916016,0.9251452684402466,0.09403887391090393,1.2583582401275635,0.0791722759604454,0.9214410185813904,0.06248188391327858,1.2119925022125244,0.041933417320251465,0.926719605922699,0.11393021047115326,1.3235219717025757,0.10403985530138016
2,control,122,smooth_ap,0.9945626258850098,0.9198393821716309,0.020621895790100098,0.9375238418579102,0.14995543658733368,1.2932720184326172,0.12963059544563293,0.9304941892623901,0.12636733055114746,1.2526700496673584,0.09900911897420883,0.9287015795707703,0.1328767091035843,1.3348397016525269,0.1122506856918335
2,control,123,smooth_ap,0.7908986806869507,0.915798008441925,0.00013113021850585938,0.9216029644012451,0.046279698610305786,1.0531672239303589,0.030827684327960014,0.9185364842414856,0.045920804142951965,1.078955054283142,0.03864293172955513,0.9201677441596985,0.04983959347009659,1.0967596769332886,0.03936512768268585
2,control,124,smooth_ap,0.9670013785362244,0.927688717842102,0.015914201736450195,0.933834433555603,0.11931266635656357,1.2366727590560913,0.09456215053796768,0.9319453239440918,0.13082364201545715,1.2201244831085205,0.11877463012933731,0.9401097297668457,0.11724407970905304,1.336179256439209,0.0963204950094223
2,control,125,smooth_ap,0.8420528173446655,0.917699933052063,0.013308703899383545,0.9320118427276611,0.06248023360967636,1.1199204921722412,0.048572391271591187,0.9269858002662659,0.05841461196541786,1.114804744720459,0.04153657332062721,0.9258844256401062,0.06993800401687622,1.1694467067718506,0.05331648141145706
2,control,126,smooth_ap,0.8950356245040894,0.9294204711914062,0.009827673435211182,0.9264529347419739,0.09173068404197693,1.2488669157028198,0.0849757045507431,0.9224823713302612,0.06189633905887604,1.2125022411346436,0.04480898752808571,0.9287275671958923,0.07484743744134903,1.3283166885375977,0.06403583288192749
2,control,127,smooth_ap,0.8418408632278442,1.0004162788391113,0.006765007972717285,0.9247468709945679,0.05689645931124687,1.1115407943725586,0.045458536595106125,0.9178696870803833,0.03516213595867157,1.0723260641098022,0.022279825061559677,0.9214301705360413,0.0790930762887001,1.147802710533142,0.06909136474132538
2,control,128,smooth_ap,1.0325837135314941,0.9664945602416992,0.011481165885925293,0.9824186563491821,0.11166152358055115,1.4525880813598633,0.08295466750860214,0.9862749576568604,0.1157277375459671,1.472752571105957,0.09449251741170883,0.9895869493484497,0.1192580908536911,1.6051359176635742,0.09756867587566376
2,control,129,smooth_ap,0.8897740840911865,0.9281047582626343,0.014015257358551025,0.9481555223464966,0.07168876379728317,1.3148266077041626,0.05087009817361832,0.9528174996376038,0.03309072554111481,1.3379898071289062,0.015329675748944283,0.9410496354103088,0.061444561928510666,1.4150879383087158,0.039197735488414764
2,control,130,smooth_ap,1.0880557298660278,0.9259247183799744,0.056466102600097656,0.9619238972663879,0.14806139469146729,1.4127548933029175,0.12888149917125702,0.9691845774650574,0.11919194459915161,1.3430222272872925,0.08907026052474976,0.9673420190811157,0.1735663115978241,1.489403247833252,0.1604519486427307
2,control,131,smooth_ap,0.8694171905517578,0.9095248579978943,0.010997533798217773,0.9191334843635559,0.09743721783161163,1.1814223527908325,0.09071385860443115,0.9203507900238037,0.05297694355249405,1.1233372688293457,0.03350082412362099,0.9200857281684875,0.09389901161193848,1.175902247428894,0.07554871588945389
2,control,132,smooth_ap,0.872040867805481,0.9070496559143066,0.006594181060791016,0.9099107980728149,0.1022275984287262,1.1015398502349854,0.07907876372337341,0.9071860909461975,0.09086252748966217,1.1138266324996948,0.060097597539424896,0.9056422710418701,0.10278266668319702,1.1597161293029785,0.08708037436008453
2,control,133,smooth_ap,0.8356069922447205,0.9246392846107483,0.009167313575744629,0.9351458549499512,0.07734745740890503,1.1281604766845703,0.04983541741967201,0.9399451017379761,0.05422283709049225,1.1179966926574707,0.02922157570719719,0.9378253817558289,0.06167072802782059,1.1646337509155273,0.03425215184688568
2,control,134,smooth_ap,0.7717815637588501,0.9068275094032288,0.00010484457015991211,0.9193270206451416,0.047317590564489365,1.0001202821731567,0.030346229672431946,0.9111274480819702,0.045544251799583435,0.9999445676803589,0.03504040464758873,0.9163435101509094,0.050347767770290375,1.0765624046325684,0.030141394585371017
2,control,135,smooth_ap,0.8289881348609924,0.9095277786254883,0.010016441345214844,0.926876425743103,0.08608369529247284,1.0307793617248535,0.072336345911026,0.9226769208908081,0.048142265528440475,1.0026503801345825,0.03176096826791763,0.9287118911743164,0.08511519432067871,1.0876779556274414,0.07646287977695465
2,control,136,smooth_ap,0.8762937188148499,0.9092293977737427,0.02466583251953125,0.9245274066925049,0.09173513203859329,1.0916954278945923,0.07447310537099838,0.9183304309844971,0.09272362291812897,1.081689476966858,0.07539808750152588,0.9197545647621155,0.08403761684894562,1.1065778732299805,0.06472301483154297
2,control,137,smooth_ap,0.9923003315925598,0.9388970136642456,0.01969170570373535,0.9431073069572449,0.13757695257663727,1.3831350803375244,0.124285988509655,0.937847375869751,0.08162866532802582,1.2803764343261719,0.04889216274023056,0.9398410320281982,0.12930762767791748,1.4742461442947388,0.11032821238040924
2,control,138,smooth_ap,0.8641296625137329,0.9063936471939087,0.015443563461303711,0.9331939816474915,0.0845872014760971,1.14360773563385,0.07378354668617249,0.9251434206962585,0.06365084648132324,1.1093186140060425,0.04192815721035004,0.936813473701477,0.08113477379083633,1.1723926067352295,0.06977632641792297
2,control,139,smooth_ap,1.0090786218643188,0.9258044362068176,0.055063068866729736,0.9293974041938782,0.16357070207595825,1.1140413284301758,0.1463366597890854,0.9450870156288147,0.11335001140832901,1.1831474304199219,0.08748532086610794,0.9462255239486694,0.1443626880645752,1.222116470336914,0.12181426584720612
2,control,140,smooth_ap,0.8343151211738586,0.9143704175949097,0.022316813468933105,0.9423134922981262,0.05520515888929367,1.1571362018585205,0.03612864017486572,0.9339520335197449,0.03539390489459038,1.0948694944381714,0.019353847950696945,0.9375077486038208,0.05814620107412338,1.2039556503295898,0.03948376327753067
2,control,141,smooth_ap,0.9383844137191772,0.9454432129859924,0.009013652801513672,0.9535159468650818,0.11666181683540344,1.1550190448760986,0.09143319725990295,0.9628843665122986,0.09877769649028778,1.2320095300674438,0.06671977043151855,0.9514282941818237,0.13230159878730774,1.2125226259231567,0.11035247147083282
2,control,142,smooth_ap,0.9957188367843628,0.9082273244857788,0.022539079189300537,0.9184930324554443,0.16098761558532715,1.1797538995742798,0.13844281435012817,0.9118478894233704,0.1345881223678589,1.1319186687469482,0.1037939041852951,0.9144300818443298,0.1805802881717682,1.2569457292556763,0.16163569688796997
2,control,143,smooth_ap,0.9565790891647339,0.938296914100647,0.012535333633422852,0.9458675980567932,0.11999007314443588,1.2647006511688232,0.10047923028469086,0.9486252665519714,0.09672081470489502,1.2827508449554443,0.08207627385854721,0.9554212093353271,0.11216428875923157,1.2875494956970215,0.09814231842756271
2,control,144,smooth_ap,0.8543648719787598,0.902833104133606,0.0027031898498535156,0.9121439456939697,0.10734790563583374,1.0457308292388916,0.08436194807291031,0.9114720821380615,0.09866529703140259,1.0247057676315308,0.07718514651060104,0.9099462628364563,0.09706621617078781,1.0990355014801025,0.07150901854038239
2,control,145,smooth_ap,0.7713971138000488,0.8935745358467102,0.009853243827819824,0.9089314937591553,0.05281082168221474,1.0497475862503052,0.02839728258550167,0.905106246471405,0.025833752006292343,1.041106939315796,0.005396724678575993,0.9081305265426636,0.05098797753453255,1.0826865434646606,0.023937687277793884
2,control,146,smooth_ap,0.8169731497764587,0.9051265716552734,0.008138298988342285,0.9233390092849731,0.09777015447616577,1.0421099662780762,0.07868366688489914,0.9189128875732422,0.018651550635695457,1.0199129581451416,0.002890179865062237,0.9230507612228394,0.085844025015831,1.098536491394043,0.07108591496944427
2,control,147,smooth_ap,0.8187782764434814,0.8868071436882019,0.008366525173187256,0.901828944683075,0.09440747648477554,1.0033321380615234,0.063900887966156,0.9008234143257141,0.06776261329650879,1.0111342668533325,0.0285281240940094,0.9011904001235962,0.09944333136081696,1.0596500635147095,0.07481110095977783
2,control,148,smooth_ap,0.894599974155426,0.8885707259178162,0.0013148784637451172,0.927929699420929,0.12699829041957855,1.1744627952575684,0.09477494657039642,0.9281456470489502,0.116741843521595,1.1462409496307373,0.0724169909954071,0.9229872822761536,0.10536311566829681,1.2055222988128662,0.06651142984628677
2,control,149,smooth_ap,0.8024385571479797,0.8908646702766418,0.016211330890655518,0.9068129658699036,0.045890018343925476,1.0725047588348389,0.031652629375457764,0.9141800999641418,0.05027762055397034,1.091292381286621,0.03485310450196266,0.9139727354049683,0.04704386368393898,1.1354568004608154,0.032920390367507935
2,control,150,smooth_ap,0.8474393486976624,0.9125503301620483,0.017531156539916992,0.9313247799873352,0.08729897439479828,1.0406957864761353,0.07490213960409164,0.9366101026535034,0.05651235580444336,1.062114953994751,0.037182461470365524,0.9349813461303711,0.08012119680643082,1.1008844375610352,0.06886134296655655
2,control,151,smooth_ap,0.7340949177742004,0.895124077796936,0.0016020536422729492,0.9129606485366821,0.024772990494966507,1.0258432626724243,0.01717720925807953,0.911928117275238,0.011212455108761787,1.0453804731369019,0.004630298353731632,0.9094118475914001,0.020222902297973633,1.0352437496185303,0.009908550418913364
2,control,152,smooth_ap,0.8557814955711365,0.9058846235275269,0.009508907794952393,0.9251187443733215,0.11200626194477081,1.0800656080245972,0.0974423885345459,0.9263969659805298,0.05089719593524933,1.0256614685058594,0.021290093660354614,0.9221339821815491,0.10758937895298004,1.1104888916015625,0.09335841238498688
2,control,153,smooth_ap,0.9713919758796692,0.8878609538078308,0.033541321754455566,0.9021975994110107,0.1707489788532257,1.1167230606079102,0.14932969212532043,0.9028856754302979,0.12585480511188507,1.0883471965789795,0.09837348759174347,0.908838152885437,0.1488972306251526,1.2026329040527344,0.1297956109046936
2,control,154,smooth_ap,0.7831190228462219,0.901861310005188,0.006241261959075928,0.9159227609634399,0.05645420402288437,1.1796419620513916,0.041376303881406784,0.9133850932121277,0.0033462150022387505,1.0679666996002197,0.0005705757066607475,0.9176628589630127,0.02938024327158928,1.186040997505188,0.014315437525510788
2,control,155,smooth_ap,0.777538001537323,0.895361065864563,0.011743426322937012,0.9024481177330017,0.05715213716030121,1.0817142724990845,0.035646624863147736,0.9002459049224854,0.023787997663021088,1.069694995880127,0.005398801527917385,0.9040083289146423,0.04119477793574333,1.0906606912612915,0.021712854504585266
2,control,156,smooth_ap,0.995507538318634,1.0207825899124146,0.04477977752685547,0.9860078692436218,0.11417606472969055,1.2108700275421143,0.10200606286525726,0.9837688207626343,0.08283014595508575,1.158097267150879,0.06822714954614639,0.973198413848877,0.1186683401465416,1.2398310899734497,0.1122962012887001
2,control,157,smooth_ap,0.8102715015411377,0.8923066258430481,0.008672177791595459,0.9140921831130981,0.07296775281429291,1.0813506841659546,0.05273410677909851,0.9106117486953735,0.04643259942531586,1.039379596710205,0.019235190004110336,0.9135586023330688,0.07875845581293106,1.1181892156600952,0.05156859755516052
2,control,158,smooth_ap,0.7560125589370728,0.8887202739715576,0.004555702209472656,0.8991785645484924,0.04748838394880295,0.9575324058532715,0.034054577350616455,0.8980920314788818,0.04371431842446327,0.9346786737442017,0.027408672496676445,0.8985690474510193,0.05978727713227272,0.9673293232917786,0.052860260009765625
2,control,159,smooth_ap,0.8330386877059937,0.9148861169815063,0.0076985955238342285,0.9163007736206055,0.10148101300001144,1.0713136196136475,0.061058007180690765,0.9179633259773254,0.07974682748317719,1.0250341892242432,0.04290260374546051,0.9121350049972534,0.0803658589720726,1.0780795812606812,0.04731123149394989
2,control,160,smooth_ap,0.9197533130645752,0.8990226984024048,0.018620729446411133,0.9233568906784058,0.12749019265174866,1.0741223096847534,0.10677926242351532,0.9268367290496826,0.11449265480041504,1.0863943099975586,0.08521415293216705,0.9284071922302246,0.1287965625524521,1.1611534357070923,0.1093108206987381
2,control,161,smooth_ap,0.7937015295028687,0.8995301127433777,0.0038778185844421387,0.9033419489860535,0.06532805413007736,1.0333514213562012,0.04598584026098251,0.9061380624771118,0.0416625514626503,1.0221483707427979,0.019193964079022408,0.9049112796783447,0.07785133272409439,1.0659433603286743,0.06446486711502075
2,control,162,smooth_ap,0.7972294688224792,0.8987279534339905,0.0034746527671813965,0.9015815258026123,0.07192806899547577,0.9982106685638428,0.05669885501265526,0.9058901071548462,0.06146593391895294,1.0014066696166992,0.044886864721775055,0.9045495986938477,0.07024519145488739,1.025236964225769,0.0587744303047657
2,control,163,smooth_ap,0.8153598308563232,0.8935627341270447,0.0009315609931945801,0.9108888506889343,0.09148690104484558,1.0350003242492676,0.07238082587718964,0.9088438749313354,0.03474116697907448,1.0237631797790527,0.014723413623869419,0.9133256673812866,0.10168571770191193,1.0966830253601074,0.08629731833934784
2,control,164,smooth_ap,0.8263525366783142,0.8815760612487793,0.006711006164550781,0.8976110219955444,0.10003667324781418,1.0212403535842896,0.08438775688409805,0.8998963832855225,0.07006408274173737,1.0298761129379272,0.04139278084039688,0.9008173942565918,0.09226873517036438,1.0694870948791504,0.06919723004102707
2,control,165,smooth_ap,0.7490026354789734,0.8873467445373535,0.00142669677734375,0.8966248035430908,0.06600132584571838,0.9801254272460938,0.056436698883771896,0.895402729511261,0.022924356162548065,0.9738574028015137,0.006182543002068996,0.8984463214874268,0.0466291606426239,1.0022200345993042,0.02255752496421337
2,control,166,smooth_ap,0.9289752244949341,0.898144543170929,0.022960424423217773,0.9158305525779724,0.13479125499725342,1.0818203687667847,0.11812856793403625,0.9132423400878906,0.11007151007652283,1.0466252565383911,0.08812183141708374,0.9184994697570801,0.14068332314491272,1.13944411277771,0.1289639174938202
2,control,167,smooth_ap,0.7451064586639404,0.8930675983428955,0.0008463859558105469,0.9023081660270691,0.03539564460515976,1.0234906673431396,0.0302344411611557,0.9011552333831787,0.01952141337096691,0.990686297416687,0.010566974058747292,0.9026312232017517,0.038151007145643234,1.038824439048767,0.030404210090637207
2,control,168,smooth_ap,0.8330777287483215,0.906667172908783,0.038380980491638184,0.9179074764251709,0.05623648315668106,1.07350492477417,0.036447592079639435,0.925922155380249,0.028403550386428833,1.0820940732955933,0.009557289071381092,0.921113908290863,0.07368700206279755,1.1072689294815063,0.05851726979017258
2,control,169,smooth_ap,0.8936788439750671,0.8982007503509521,0.006781101226806641,0.9115704894065857,0.13963672518730164,1.009760856628418,0.110120490193367,0.9109084606170654,0.11870382726192474,1.0015009641647339,0.08149055391550064,0.9129687547683716,0.1473669856786728,1.041813611984253,0.12256383895874023
2,control,170,smooth_ap,0.8718360066413879,0.8794127702713013,0.00818711519241333,0.9009785652160645,0.11601787805557251,1.0895904302597046,0.10430234670639038,0.904778242111206,0.08001124858856201,1.0662896633148193,0.05470699816942215,0.9007542133331299,0.11604588478803635,1.1320245265960693,0.10595972090959549
2,control,171,smooth_ap,0.745324969291687,0.8995093107223511,0.0003552436828613281,0.9184800386428833,0.02442125603556633,1.0158909559249878,0.013186241500079632,0.9245213866233826,0.017882024869322777,1.0515947341918945,0.008341444656252861,0.9202079772949219,0.0353727787733078,1.0418145656585693,0.023662541061639786
2,control,172,smooth_ap,0.8676660060882568,0.9047891497612,0.0023083090782165527,0.9099387526512146,0.10832128673791885,1.1025846004486084,0.08955132961273193,0.9103038311004639,0.07951213419437408,1.062159776687622,0.0571897067129612,0.9116749167442322,0.11072992533445358,1.1566685438156128,0.09356030821800232
2,control,173,smooth_ap,0.8132795691490173,0.8794253468513489,0.00047457218170166016,0.8998737931251526,0.10255811363458633,1.051198959350586,0.07864770293235779,0.8999552130699158,0.07227876037359238,1.0231159925460815,0.03177634999155998,0.8978806138038635,0.0857747420668602,1.0531237125396729,0.05904261767864227
2,control,174,smooth_ap,0.8553259372711182,0.8976246118545532,0.01703101396560669,0.9181944727897644,0.08741791546344757,1.113297462463379,0.07102654874324799,0.9127556681632996,0.0592113621532917,1.0694161653518677,0.03821267932653427,0.9195410013198853,0.0863766223192215,1.1786611080169678,0.07602094113826752
2,control,175,smooth_ap,0.8775203824043274,0.9212048053741455,0.021597683429718018,0.9028634428977966,0.11757133156061172,1.0008305311203003,0.10628784447908401,0.9047489166259766,0.08943198621273041,0.9926260709762573,0.07084156572818756,0.9037484526634216,0.10999295115470886,1.0298597812652588,0.09680117666721344
2,control,176,smooth_ap,0.8635948896408081,0.8922126293182373,0.023544669151306152,0.913960874080658,0.11293883621692657,1.0472378730773926,0.07958000153303146,0.9122110605239868,0.07752135396003723,1.0401161909103394,0.04241286218166351,0.9129058718681335,0.10790717601776123,1.0821455717086792,0.07810217142105103
2,control,177,smooth_ap,0.8222238421440125,0.8825126886367798,0.02401745319366455,0.9101067185401917,0.0710589736700058,1.0613292455673218,0.050923094153404236,0.9088438749313354,0.053718604147434235,1.0408116579055786,0.03839234262704849,0.9146820902824402,0.06516344845294952,1.0961235761642456,0.05375745892524719
2,control,178,smooth_ap,0.8214793801307678,0.8747832775115967,0.014512240886688232,0.8947618007659912,0.09205089509487152,0.9779282808303833,0.07674982398748398,0.8931911587715149,0.0637488141655922,0.9643402695655823,0.04251548647880554,0.892442524433136,0.10562289506196976,0.9996000528335571,0.09830936044454575
2,control,179,smooth_ap,0.887832522392273,0.8849503993988037,0.024451136589050293,0.9041096568107605,0.10369940102100372,1.023908019065857,0.08041289448738098,0.9105973243713379,0.1119610071182251,1.0320611000061035,0.09739060699939728,0.9066891670227051,0.11896555125713348,1.0743458271026611,0.10557518899440765
2,control,180,smooth_ap,0.9751265048980713,0.9300678372383118,0.01474916934967041,0.9421637654304504,0.14479899406433105,1.203491449356079,0.1453755497932434,0.9439073801040649,0.11012014746665955,1.1431562900543213,0.08875878900289536,0.9393051266670227,0.14593447744846344,1.2299375534057617,0.14246611297130585
2,control,181,smooth_ap,0.777107298374176,0.8822084665298462,0.01165473461151123,0.8911237120628357,0.05958210676908493,0.9967350959777832,0.03823373466730118,0.8910488486289978,0.044223032891750336,0.9752527475357056,0.02207743190228939,0.8947712182998657,0.06891284137964249,1.0436170101165771,0.04905635863542557
2,control,182,smooth_ap,0.8955270648002625,0.8880612850189209,0.005020201206207275,0.919113039970398,0.12983731925487518,1.0888011455535889,0.09293383359909058,0.9333015084266663,0.1033138707280159,1.112414002418518,0.06074878200888634,0.9277584552764893,0.13410651683807373,1.1737875938415527,0.10130064189434052
2,control,183,smooth_ap,0.7570691704750061,0.8805185556411743,0.0009940862655639648,0.8933584094047546,0.06889161467552185,0.9478896856307983,0.0486237034201622,0.8930153846740723,0.04136534035205841,0.9271177649497986,0.030887693166732788,0.89187091588974,0.07054892182350159,0.9553746581077576,0.04725546017289162
2,control,184,smooth_ap,0.8151454329490662,0.8780534863471985,0.0038633346557617188,0.8927114009857178,0.10953667759895325,0.9972954988479614,0.08687303215265274,0.8945971727371216,0.056054018437862396,0.9974989891052246,0.02649593912065029,0.8979834318161011,0.10341650992631912,1.0366231203079224,0.07912871986627579
2,control,185,smooth_ap,0.8030177354812622,0.8808700442314148,0.011541366577148438,0.8955967426300049,0.08252792060375214,0.9907177686691284,0.05922595411539078,0.8952891826629639,0.07036887854337692,0.9982696771621704,0.042273376137018204,0.8983399868011475,0.07875845581293106,1.031181812286377,0.048748891800642014
2,control,186,smooth_ap,0.857142448425293,0.8684616088867188,0.0025633573532104492,0.8891113996505737,0.13882844150066376,0.9957695603370667,0.11096848547458649,0.8916096091270447,0.0858597457408905,0.9930078983306885,0.051634494215250015,0.8960356712341309,0.13435138761997223,1.0853455066680908,0.11125220358371735
2,control,187,smooth_ap,0.7625389695167542,0.887965202331543,0.0016121864318847656,0.9113500118255615,0.0663236603140831,0.9854631423950195,0.04428504779934883,0.9054524302482605,0.04793750122189522,0.9648889303207397,0.01924658939242363,0.9088073372840881,0.05896364524960518,0.9938659071922302,0.029042722657322884
2,control,188,smooth_ap,0.9162576794624329,0.8957900404930115,0.0318065881729126,0.9344625473022461,0.11627206206321716,1.0810325145721436,0.1004347950220108,0.931727945804596,0.10165032744407654,1.0505532026290894,0.07066646218299866,0.9413782954216003,0.12717340886592865,1.1025028228759766,0.11193141341209412
2,control,189,smooth_ap,0.804362416267395,0.8848265409469604,0.005257010459899902,0.9099291563034058,0.08500050008296967,1.0428061485290527,0.050078898668289185,0.912476658821106,0.04512029141187668,1.019524335861206,0.022748887538909912,0.9101175665855408,0.09016691148281097,1.0865604877471924,0.058007970452308655
2,control,190,smooth_ap,0.7866939306259155,0.8871310949325562,0.013852953910827637,0.8999207019805908,0.06045409291982651,0.9840428829193115,0.029015272855758667,0.900395929813385,0.06244921684265137,0.9897231459617615,0.03745215758681297,0.9005733728408813,0.07080761343240738,1.0187081098556519,0.04626636952161789
2,control,191,smooth_ap,0.8247061371803284,0.8871797919273376,0.019819796085357666,0.9058787822723389,0.07539096474647522,1.0156123638153076,0.057960353791713715,0.9131162762641907,0.06633760035037994,1.0334614515304565,0.04082268849015236,0.9107644557952881,0.08302115648984909,1.065494418144226,0.06072341650724411
2,control,192,smooth_ap,0.8245648145675659,0.8742678165435791,0.005616664886474609,0.8909897208213806,0.10610246658325195,0.9677086472511292,0.08464503288269043,0.8939391374588013,0.08988472819328308,0.9932390451431274,0.06479979306459427,0.891304075717926,0.09952586889266968,0.995038628578186,0.07916031032800674
2,control,193,smooth_ap,0.8607118725776672,0.8870688676834106,0.019618749618530273,0.910840630531311,0.11225412786006927,1.057433843612671,0.081324502825737,0.9050808548927307,0.09286001324653625,1.025942087173462,0.06448516249656677,0.9085409641265869,0.09837596118450165,1.086489200592041,0.06322790682315826
2,control,194,smooth_ap,0.7797254920005798,0.8912501335144043,0.003930807113647461,0.9158781170845032,0.06033562868833542,1.0176702737808228,0.041951458901166916,0.9111539721488953,0.04216352477669716,1.0008503198623657,0.020701151341199875,0.9192606210708618,0.06081734597682953,1.0590615272521973,0.04466797038912773
2,control,195,smooth_ap,0.8740523457527161,0.8835041522979736,0.017666876316070557,0.9235215187072754,0.11473648250102997,1.0704659223556519,0.08369658887386322,0.9187896847724915,0.09287619590759277,1.0235660076141357,0.054380424320697784,0.9214481711387634,0.12557455897331238,1.064373254776001,0.09671872854232788
2,control,196,smooth_ap,0.6846574544906616,0.8665602803230286,0.0005925893783569336,0.8860122561454773,0.006746196188032627,0.9498903155326843,0.0,0.8874093890190125,0.0032615521922707558,0.9441430568695068,0.0,0.8883310556411743,0.016059231013059616,0.9675653576850891,0.002514973282814026
2,control,197,smooth_ap,0.907866895198822,0.8862737417221069,0.022256016731262207,0.9191224575042725,0.14323589205741882,1.0316212177276611,0.12529706954956055,0.9187514781951904,0.10758432000875473,1.002845287322998,0.08025062084197998,0.9219043254852295,0.13198314607143402,1.0824639797210693,0.10891574621200562
2,control,198,smooth_ap,0.7293351888656616,0.8710254430770874,0.0025850534439086914,0.8977149724960327,0.03911363333463669,0.9959787130355835,0.029985595494508743,0.8972921371459961,0.017553847283124924,0.9822015762329102,0.006162895821034908,0.9000468254089355,0.026428140699863434,1.0312522649765015,0.015235530212521553
2,control,199,smooth_ap,0.8238440155982971,0.8674625158309937,0.0053955912590026855,0.8923433423042297,0.1145494282245636,0.9939979910850525,0.10124077647924423,0.8924400210380554,0.062467560172080994,0.9776380062103271,0.03118116408586502,0.8973543047904968,0.10918615013360977,1.042675256729126,0.08888967335224152
2,control,200,smooth_ap,0.7881128787994385,0.887728750705719,0.004902839660644531,0.9115753173828125,0.06506709009408951,1.0163401365280151,0.03265303373336792,0.9086641073226929,0.05318700149655342,1.003750205039978,0.027255430817604065,0.9140580892562866,0.08135389536619186,1.0595775842666626,0.04760631173849106
2,control,201,smooth_ap,0.9517405033111572,0.8896366357803345,0.014177024364471436,0.9084457159042358,0.16816319525241852,1.0339322090148926,0.1529463529586792,0.9101619124412537,0.14594459533691406,1.0209803581237793,0.11438370496034622,0.9104952216148376,0.17727530002593994,1.0496158599853516,0.15736016631126404
2,control,202,smooth_ap,0.8964477777481079,0.8786741495132446,0.014111638069152832,0.9118974208831787,0.12872757017612457,1.0004441738128662,0.10029644519090652,0.9177780151367188,0.12789949774742126,1.0191766023635864,0.1033073216676712,0.9192679524421692,0.13454093039035797,1.057835340499878,0.1137651652097702
2,control,203,smooth_ap,0.7723567485809326,0.8735916614532471,7.092952728271484e-06,0.8973915576934814,0.08112494647502899,0.9963332414627075,0.05781612545251846,0.9052294492721558,0.05719389766454697,1.0036866664886475,0.03407476097345352,0.8974801301956177,0.059676047414541245,1.0000160932540894,0.025875311344861984
2,control,204,smooth_ap,0.7792370915412903,0.8704542517662048,0.005150258541107178,0.8910183310508728,0.08016437292098999,0.988280177116394,0.056200385093688965,0.887287974357605,0.0531645342707634,0.9539262652397156,0.029210377484560013,0.890531063079834,0.07798869907855988,0.9915611743927002,0.06162967532873154
2,control,205,smooth_ap,0.6828411221504211,0.8684600591659546,4.7147274017333984e-05,0.8829848766326904,0.014209657907485962,0.9378591775894165,0.004545101895928383,0.8814672827720642,0.004495095461606979,0.9336161613464355,0.0012237802147865295,0.8812093734741211,0.01299809105694294,0.947333037853241,0.003754081204533577
2,control,206,smooth_ap,0.7743006348609924,0.8671102523803711,0.0245286226272583,0.8905647397041321,0.05961405485868454,0.9890612363815308,0.03004032000899315,0.8910167813301086,0.034956201910972595,0.9631392955780029,0.007733111269772053,0.8925326466560364,0.07265619188547134,1.0086522102355957,0.048655543476343155
2,control,207,smooth_ap,0.7813887000083923,0.8722614049911499,0.0011786222457885742,0.8879643678665161,0.07968974113464355,1.0010379552841187,0.04820738732814789,0.8896878957748413,0.05615518242120743,0.9924704432487488,0.026453930884599686,0.8904752731323242,0.0863136574625969,1.0310511589050293,0.05419660359621048
2,control,208,smooth_ap,0.7251281142234802,0.8696191310882568,0.003455519676208496,0.8882483243942261,0.04518861696124077,0.9559504389762878,0.023312916979193687,0.8876729607582092,0.02222933992743492,0.9488927125930786,0.00650691706687212,0.8898242115974426,0.044415224343538284,0.9821740388870239,0.024497102946043015
2,control,209,smooth_ap,0.8240885138511658,0.8713581562042236,0.014521420001983643,0.8965233564376831,0.0898367315530777,0.9834713339805603,0.0775161013007164,0.8922693729400635,0.07514034956693649,0.9658282995223999,0.06151856482028961,0.8954797387123108,0.0982421264052391,0.9940530061721802,0.08878122270107269
2,control,210,smooth_ap,0.7808606624603271,0.8688047528266907,0.006717264652252197,0.8811670541763306,0.07920432090759277,0.956605851650238,0.05827561020851135,0.8824294805526733,0.0709022730588913,0.954361617565155,0.0513901486992836,0.8835405111312866,0.07239608466625214,0.978215217590332,0.05016046762466431
2,control,211,smooth_ap,0.8338123559951782,0.8761105537414551,0.010735154151916504,0.8991513848304749,0.11460744589567184,0.9792747497558594,0.08517386019229889,0.8976362943649292,0.09148461371660233,0.9746997356414795,0.058806411921978,0.9024470448493958,0.09745830297470093,1.0408287048339844,0.07065504044294357
2,control,212,smooth_ap,0.8380840420722961,0.890958309173584,0.0049092769622802734,0.8991832733154297,0.10598769783973694,0.9954968690872192,0.0761452168226242,0.8983277678489685,0.07934979349374771,0.9767539501190186,0.05079945921897888,0.9047326445579529,0.11631898581981659,1.0682480335235596,0.09889185428619385
2,control,213,smooth_ap,0.7564567923545837,0.8690004944801331,0.008841395378112793,0.891810417175293,0.054871197789907455,0.9921724200248718,0.034126754850149155,0.8952038288116455,0.03555392473936081,0.9705028533935547,0.013274222612380981,0.8954200744628906,0.057778533548116684,1.020187258720398,0.037424392998218536
2,control,214,smooth_ap,0.7598429918289185,0.867576003074646,0.0047435760498046875,0.8924816250801086,0.05738260596990585,0.9532932043075562,0.03824084997177124,0.893222987651825,0.043776340782642365,0.9651601314544678,0.025637980550527573,0.8977971076965332,0.07012121379375458,0.9907333850860596,0.05343305692076683
2,control,215,smooth_ap,0.8585504293441772,0.8876249194145203,0.016008734703063965,0.9248100519180298,0.10209576785564423,1.0381534099578857,0.08393291383981705,0.9230144023895264,0.0739811509847641,1.0143368244171143,0.051306042820215225,0.9287756681442261,0.1061948910355568,1.1209620237350464,0.08168026804924011
2,control,216,smooth_ap,0.7778237462043762,0.8770540356636047,0.000796198844909668,0.8988229036331177,0.06890258193016052,1.0257360935211182,0.04026034101843834,0.8971982002258301,0.053557753562927246,0.9849756956100464,0.03167447820305824,0.9020199179649353,0.07012800872325897,1.0513279438018799,0.04650602489709854
2,control,217,smooth_ap,0.7069297432899475,0.8697318434715271,5.507469177246094e-05,0.8896924257278442,0.0242152139544487,0.9759118556976318,0.010228430852293968,0.8930562138557434,0.004763361997902393,0.9740051627159119,0.0015664678066968918,0.8941082954406738,0.02344505488872528,1.0294723510742188,0.00813292060047388
2,control,218,smooth_ap,0.7966257333755493,0.8704168796539307,0.0015658140182495117,0.8908053636550903,0.08839927613735199,0.9847338199615479,0.06762287020683289,0.8941627740859985,0.059099577367305756,0.9706236124038696,0.02857038751244545,0.8952628970146179,0.09917771816253662,1.0189714431762695,0.08209946751594543
2,control,219,smooth_ap,0.9153062701225281,0.8925391435623169,0.018878817558288574,0.9267861843109131,0.13095611333847046,1.0636084079742432,0.11220428347587585,0.9327887892723083,0.12156723439693451,1.0594658851623535,0.10032741725444794,0.9369451999664307,0.12207797169685364,1.102043628692627,0.09882475435733795
2,control,220,smooth_ap,0.7290521264076233,0.861183226108551,0.010964274406433105,0.8790628910064697,0.042739953845739365,0.9264156818389893,0.02572472393512726,0.8782973289489746,0.019185969606041908,0.9356147646903992,0.005047311075031757,0.8815566301345825,0.05610308423638344,0.9651178121566772,0.04034512862563133
2,control,221,smooth_ap,0.7460303902626038,0.8643231987953186,0.029669463634490967,0.8924628496170044,0.03803097456693649,0.9667490720748901,0.02098158374428749,0.8933953046798706,0.022358689457178116,0.9665535688400269,0.008665245026350021,0.8935976028442383,0.034674495458602905,0.97165846824646,0.014937289990484715
2,control,222,smooth_ap,0.7046858072280884,0.8587223291397095,0.0006333589553833008,0.8798394203186035,0.02635246329009533,0.9507628679275513,0.013628247193992138,0.8832258582115173,0.01874980702996254,0.9475476145744324,0.005088048055768013,0.8840396404266357,0.03455489128828049,0.9658433794975281,0.022027574479579926
2,control,223,smooth_ap,0.8507320284843445,0.8845196962356567,0.023650169372558594,0.9103109836578369,0.10457629710435867,1.0615315437316895,0.08464796096086502,0.9069380760192871,0.06826147437095642,1.0021330118179321,0.040256038308143616,0.9124425053596497,0.09506738185882568,1.0848968029022217,0.07158089429140091
2,control,224,smooth_ap,0.7351855039596558,0.8760446906089783,0.0011803507804870605,0.897098183631897,0.03272034227848053,0.9745283126831055,0.016418635845184326,0.8992167711257935,0.030797066166996956,0.9795578122138977,0.009328740648925304,0.909607470035553,0.041952211409807205,1.0614219903945923,0.02161533199250698
2,control,225,smooth_ap,0.8256641030311584,0.8796175718307495,0.004084646701812744,0.9172418117523193,0.09424680471420288,1.0243403911590576,0.06965278089046478,0.9165269136428833,0.07701586186885834,1.0235460996627808,0.05210690200328827,0.9169635772705078,0.0897742360830307,1.067828893661499,0.06842100620269775
2,control,226,smooth_ap,0.8136742115020752,0.8684546947479248,0.00643157958984375,0.8947612047195435,0.09529751539230347,0.9590209722518921,0.0745341032743454,0.89994215965271,0.07162334024906158,0.9756768941879272,0.04682380333542824,0.8993263244628906,0.10613013803958893,1.008073329925537,0.08717311918735504
2,control,227,smooth_ap,0.7749031782150269,0.8816109299659729,0.0029954910278320312,0.896385669708252,0.06805065274238586,0.9710322618484497,0.04462570697069168,0.8987957239151001,0.03560499846935272,0.9439182281494141,0.01625453308224678,0.9000128507614136,0.09509533643722534,1.0032590627670288,0.07525399327278137
2,control,228,smooth_ap,0.8664171099662781,0.8819065093994141,0.012126564979553223,0.9102088212966919,0.11176751554012299,1.0291987657546997,0.0833490639925003,0.9136239290237427,0.09747180342674255,1.035649061203003,0.07253631949424744,0.9092543125152588,0.12096897512674332,1.060551404953003,0.09633301198482513
2,control,229,smooth_ap,0.7568681240081787,0.8687376976013184,0.019697964191436768,0.8939173221588135,0.04922090470790863,0.9706728458404541,0.03427944332361221,0.8921316862106323,0.02377377636730671,0.9506640434265137,0.009441257454454899,0.9001771211624146,0.05239134281873703,1.0100635290145874,0.038294028490781784
2,control,230,smooth_ap,0.7030462026596069,0.8656260967254639,0.0008819103240966797,0.890418529510498,0.017899751663208008,0.9776571989059448,0.004203086718916893,0.888530433177948,0.017055142670869827,0.9451267123222351,0.008279457688331604,0.8895315527915955,0.021136144176125526,1.0068620443344116,0.00841536745429039
2,control,231,smooth_ap,0.9061263799667358,0.872848391532898,0.02818763256072998,0.8970844149589539,0.14939948916435242,1.0056926012039185,0.12764623761177063,0.8982074856758118,0.12183576822280884,0.9995672702789307,0.08894085139036179,0.8979548811912537,0.13611695170402527,1.0165711641311646,0.10994141548871994
2,control,232,smooth_ap,0.7334982752799988,0.8660787343978882,0.00011610984802246094,0.8870012164115906,0.0498148575425148,0.9944379329681396,0.020116358995437622,0.885730504989624,0.017030363902449608,0.9729684591293335,0.0016903635114431381,0.885699987411499,0.06666189432144165,0.9943249225616455,0.038748253136873245
2,control,233,smooth_ap,0.765407383441925,0.8861649632453918,0.0009278655052185059,0.9052127599716187,0.052411459386348724,1.0314099788665771,0.027841735631227493,0.9131573438644409,0.028495468199253082,1.043294906616211,0.01688515953719616,0.9113649129867554,0.05455520749092102,1.0708954334259033,0.03311900794506073
2,control,234,smooth_ap,0.7897239923477173,0.8760594129562378,0.005835115909576416,0.8974747061729431,0.07187464088201523,0.9808785319328308,0.04932136461138725,0.897278904914856,0.06291209161281586,0.9783179759979248,0.03413882106542587,0.900733232498169,0.09025466442108154,1.0010734796524048,0.06574208289384842
2,control,235,smooth_ap,0.7769397497177124,0.8692564964294434,0.0027796030044555664,0.8881475925445557,0.0836196020245552,1.0128459930419922,0.068260058760643,0.8874159455299377,0.03285128250718117,0.9824700355529785,0.007757937535643578,0.8886302709579468,0.07999883592128754,1.0180844068527222,0.06236497685313225
2,control,236,smooth_ap,0.7119418382644653,0.8715689778327942,0.00025337934494018555,0.8899627327919006,0.03964289277791977,0.9686086177825928,0.026415571570396423,0.8899317979812622,0.004020070657134056,0.9505680203437805,0.0007578833028674126,0.8917301297187805,0.029711032286286354,0.9869872331619263,0.015374804846942425
2,control,237,smooth_ap,0.839806318283081,0.8665773272514343,0.013405084609985352,0.8936620950698853,0.10200093686580658,0.99643874168396,0.08242771029472351,0.8919329047203064,0.08263183385133743,0.968520998954773,0.06400249153375626,0.8975151777267456,0.1139938160777092,1.0344328880310059,0.0998029038310051
2,control,238,smooth_ap,0.7452780604362488,0.8730597496032715,0.0005682110786437988,0.8960505723953247,0.058771245181560516,0.9952839016914368,0.03156176581978798,0.8973800539970398,0.03438199311494827,0.9745504856109619,0.011456239968538284,0.8958656787872314,0.05366963520646095,0.9974820613861084,0.030401095747947693
2,control,239,smooth_ap,0.854489266872406,0.882658064365387,0.005171835422515869,0.9109826683998108,0.12046358734369278,0.9964178800582886,0.10336309671401978,0.9113603830337524,0.09014075994491577,0.9896034002304077,0.0615561418235302,0.9106998443603516,0.1198347881436348,1.027097463607788,0.10386598855257034
2,control,240,smooth_ap,0.847920835018158,0.8868719339370728,0.01114344596862793,0.9170281291007996,0.08405650407075882,1.0467216968536377,0.06562851369380951,0.9161799550056458,0.08414910733699799,1.0396497249603271,0.06674718111753464,0.9178484678268433,0.09638375788927078,1.0875890254974365,0.08826664090156555
2,control,241,smooth_ap,0.8206848502159119,0.8711592555046082,0.03505122661590576,0.8966250419616699,0.08733422309160233,0.9892860054969788,0.07192377746105194,0.9005697965621948,0.049718234688043594,0.9899170994758606,0.03108711913228035,0.9006249904632568,0.07583621889352798,1.0297304391860962,0.053224463015794754
2,control,242,smooth_ap,0.8273970484733582,0.8664412498474121,0.002335071563720703,0.8925908207893372,0.11717072129249573,0.9742711186408997,0.08642162382602692,0.8925173878669739,0.09938067197799683,0.9692792892456055,0.07728885114192963,0.8911781311035156,0.10813944786787033,0.9970671534538269,0.07310374826192856
2,control,243,smooth_ap,0.7621843814849854,0.8636219501495361,0.005181789398193359,0.8830230236053467,0.06172097474336624,0.9428170323371887,0.04037061706185341,0.8881567716598511,0.06148940324783325,0.9560078382492065,0.03935645520687103,0.8882585763931274,0.06687735766172409,0.9800363779067993,0.048473820090293884
2,control,244,smooth_ap,0.7731751799583435,0.8728790879249573,0.0005967617034912109,0.896007239818573,0.07583650201559067,0.966361403465271,0.04896623641252518,0.8967296481132507,0.05887208878993988,0.9574151039123535,0.03255663812160492,0.8919088840484619,0.07845738530158997,0.9783626794815063,0.060484085232019424
2,control,245,smooth_ap,0.7403386235237122,0.8788172602653503,0.005610227584838867,0.9017173647880554,0.0369863286614418,0.9886935949325562,0.016801074147224426,0.9036825895309448,0.022016048431396484,0.9785079956054688,0.004440433345735073,0.902794361114502,0.052978284657001495,1.0220035314559937,0.027740947902202606
2,control,246,smooth_ap,0.7712996602058411,0.8735348582267761,0.001248002052307129,0.8951459527015686,0.07226449251174927,0.9600351452827454,0.055067721754312515,0.8989968299865723,0.04907049238681793,0.9682381749153137,0.02357245609164238,0.8980538249015808,0.07905261218547821,0.9734576940536499,0.06300151348114014
2,control,247,smooth_ap,0.8192030787467957,0.8757507801055908,0.018281877040863037,0.8926981091499329,0.09657648950815201,0.9615834951400757,0.08408979326486588,0.896310031414032,0.07330148667097092,0.9702249765396118,0.05767297372221947,0.8957396745681763,0.08469364047050476,0.9806597232818604,0.06586100161075592
2,control,248,smooth_ap,0.7685261964797974,0.8754850625991821,0.004241228103637695,0.9013476967811584,0.06479134410619736,1.0103274583816528,0.04286161810159683,0.898439347743988,0.05288608372211456,0.9856306314468384,0.03558998927474022,0.9016612768173218,0.053213149309158325,1.0126997232437134,0.028943780809640884
2,control,249,smooth_ap,0.8454129695892334,0.8726332783699036,0.0006632804870605469,0.9000435471534729,0.10515546798706055,1.0067335367202759,0.07869623601436615,0.900404691696167,0.09429508447647095,1.0077747106552124,0.07038642466068268,0.9063758850097656,0.12666238844394684,1.0551592111587524,0.10567259043455124
2,control,250,smooth_ap,0.7436545491218567,0.864358127117157,0.0013350248336791992,0.8911257982254028,0.0600002221763134,0.9679193496704102,0.03620397299528122,0.8897838592529297,0.04039963334798813,0.9767448902130127,0.01214207150042057,0.8888781070709229,0.05871996283531189,0.9709890484809875,0.03564023971557617
2,control,251,smooth_ap,0.7870096564292908,0.8692910671234131,0.005284011363983154,0.8948383927345276,0.07711051404476166,0.9645676016807556,0.055742230266332626,0.8997847437858582,0.06763359904289246,0.9827245473861694,0.06038491800427437,0.8956920504570007,0.06997393071651459,0.9902225732803345,0.05082286149263382
2,control,252,smooth_ap,0.7524003386497498,0.8748065829277039,0.0062035322189331055,0.9019342064857483,0.04169493913650513,1.0185378789901733,0.02665884792804718,0.9047501087188721,0.037743084132671356,1.0051214694976807,0.02161024883389473,0.909281849861145,0.034843314439058304,1.0498497486114502,0.017605338245630264
2,control,253,smooth_ap,0.8082505464553833,0.858451247215271,0.006881117820739746,0.8876279592514038,0.09451528638601303,1.0030138492584229,0.0833028182387352,0.8836394548416138,0.07069312781095505,0.9698463678359985,0.04792098328471184,0.8899864554405212,0.08924833685159683,1.0225245952606201,0.07579982280731201
2,control,254,smooth_ap,0.729754626750946,0.859826922416687,0.0011676549911499023,0.8771741390228271,0.05142641067504883,0.9371028542518616,0.027719590812921524,0.8784103989601135,0.03490157797932625,0.9318144917488098,0.011948232538998127,0.8790171146392822,0.06483747065067291,0.9646243453025818,0.04097330942749977
2,control,255,smooth_ap,0.7139042615890503,0.8640711903572083,0.0007713437080383301,0.8848740458488464,0.03186482936143875,0.9596291780471802,0.01050630584359169,0.8876470327377319,0.020212311297655106,0.9597873091697693,0.005970948375761509,0.8884636759757996,0.04250204190611839,0.9958837032318115,0.01864226721227169
2,control,256,smooth_ap,0.8373281955718994,0.8689206838607788,0.02292609214782715,0.894729495048523,0.10007995367050171,0.9947396516799927,0.07521359622478485,0.8926709890365601,0.08071896433830261,0.9684549570083618,0.048133734613657,0.8974010944366455,0.11142787337303162,1.0083647966384888,0.08765967190265656
2,control,257,smooth_ap,0.7448357939720154,0.857825756072998,0.011782526969909668,0.8815963268280029,0.05194557085633278,0.9531242847442627,0.02504875883460045,0.879578709602356,0.04061644524335861,0.9388136267662048,0.017049461603164673,0.8825364708900452,0.06422112882137299,0.9731143116950989,0.039251405745744705
2,control,258,smooth_ap,0.8292999863624573,0.8684282898902893,0.0048983097076416016,0.8983831405639648,0.11987794935703278,0.969410240650177,0.08890768885612488,0.8981229066848755,0.09165380895137787,0.9526082277297974,0.06058838218450546,0.896527886390686,0.11513584852218628,0.9747904539108276,0.08973357826471329
2,control,259,smooth_ap,0.8076961636543274,0.8863856792449951,0.025859713554382324,0.9158728718757629,0.06563116610050201,1.0558871030807495,0.0398193821310997,0.9157967567443848,0.03719281032681465,1.0274909734725952,0.024253230541944504,0.9271630048751831,0.05521611124277115,1.1278316974639893,0.02883312478661537
2,control,260,smooth_ap,0.7792691588401794,0.8697152137756348,0.011143505573272705,0.8966373801231384,0.06406456977128983,0.9800691604614258,0.04607032984495163,0.8938506841659546,0.05950543284416199,0.9768843650817871,0.03369664400815964,0.8954927921295166,0.07069913297891617,0.9978029727935791,0.048505544662475586
2,cross_scene,1,hard_triplet,4.174502372741699,4.650108337402344,0.2563025653362274,4.6451849937438965,0.2727016806602478,4.648654460906982,0.3468508720397949,4.633609294891357,0.2457740306854248,4.637226104736328,0.28713908791542053,4.655340671539307,0.2605994939804077,4.64134407043457,0.3225046694278717
2,cross_scene,2,hard_triplet,4.129100322723389,4.696123123168945,0.22903795540332794,4.668955326080322,0.24558228254318237,4.6372222900390625,0.33277565240859985,4.633429527282715,0.21240344643592834,4.641779899597168,0.25798720121383667,4.651667594909668,0.23986181616783142,4.6451263427734375,0.32278886437416077
2,cross_scene,3,hard_triplet,4.07411003112793,4.6486663818359375,0.21562618017196655,4.646886825561523,0.23588517308235168,4.638097763061523,0.32188916206359863,4.631119728088379,0.19730249047279358,4.650561809539795,0.23179137706756592,4.636219501495361,0.2243005931377411,4.638090133666992,0.293774276971817
2,cross_scene,4,hard_triplet,4.063534259796143,4.651118278503418,0.20788639783859253,4.640665054321289,0.22701191902160645,4.641280651092529,0.32680684328079224,4.610063552856445,0.19322283565998077,4.640183925628662,0.23522162437438965,4.643967151641846,0.2176283299922943,4.644077777862549,0.2981678545475006
2,cross_scene,5,hard_triplet,4.04379415512085,4.6086039543151855,0.20830395817756653,4.589621543884277,0.22125573456287384,4.6374335289001465,0.32303401827812195,4.607854843139648,0.190412700176239,4.639087200164795,0.23194822669029236,4.602434158325195,0.2238071709871292,4.6348557472229,0.30580395460128784
2,cross_scene,6,hard_triplet,4.04030179977417,4.664228439331055,0.19776606559753418,4.6273884773254395,0.2184130847454071,4.636721134185791,0.32432764768600464,4.635049343109131,0.18391238152980804,4.640078544616699,0.21751467883586884,4.637310981750488,0.2027829885482788,4.656774997711182,0.2811886966228485
2,cross_scene,7,hard_triplet,4.091892719268799,4.649538993835449,0.22377830743789673,4.650180816650391,0.23991505801677704,4.643089294433594,0.3203721046447754,4.652602195739746,0.20756997168064117,4.638267517089844,0.22812438011169434,4.666631698608398,0.23443734645843506,4.642764091491699,0.2946542501449585
2,cross_scene,8,hard_triplet,4.0485076904296875,4.59814453125,0.21036678552627563,4.644688129425049,0.22581613063812256,4.647096633911133,0.3174983561038971,4.62244176864624,0.19414667785167694,4.648159027099609,0.22058315575122833,4.629809379577637,0.22175702452659607,4.640406131744385,0.29708486795425415
2,cross_scene,9,hard_triplet,4.045191287994385,4.656168460845947,0.20148324966430664,4.670320510864258,0.21980690956115723,4.641000270843506,0.3111007809638977,4.631297588348389,0.18818701803684235,4.643765926361084,0.21416260302066803,4.623258590698242,0.21097654104232788,4.6487627029418945,0.2882934510707855
2,cross_scene,10,hard_triplet,4.091909885406494,4.676666259765625,0.21925131976604462,4.674072265625,0.22844582796096802,4.648581027984619,0.31531262397766113,4.647794246673584,0.2061750888824463,4.649106979370117,0.23099496960639954,4.645103454589844,0.23124127089977264,4.638716697692871,0.3006734848022461
2,cross_scene,11,hard_triplet,3.9398159980773926,4.475537300109863,0.18953335285186768,4.53857421875,0.2066718339920044,4.625951290130615,0.31476065516471863,4.556305885314941,0.17136141657829285,4.602705478668213,0.19456017017364502,4.534179210662842,0.20166254043579102,4.615548133850098,0.2788221836090088
2,cross_scene,12,hard_triplet,4.015590190887451,4.610278129577637,0.19938258826732635,4.622898101806641,0.21779876947402954,4.637707710266113,0.3099942207336426,4.601184844970703,0.1853904128074646,4.635883331298828,0.20328208804130554,4.647166728973389,0.2101323902606964,4.626307487487793,0.27090370655059814
2,cross_scene,13,hard_triplet,3.982758045196533,4.63521146774292,0.18287962675094604,4.620687961578369,0.20186038315296173,4.642704963684082,0.3108740448951721,4.594456195831299,0.15449810028076172,4.626385688781738,0.16156727075576782,4.62489652633667,0.20525459945201874,4.633729457855225,0.2826269865036011
2,cross_scene,14,hard_triplet,3.7660210132598877,4.105777740478516,0.1892973929643631,4.351113796234131,0.2092905342578888,4.592062950134277,0.3040614426136017,4.289168357849121,0.1680578589439392,4.533456325531006,0.1757008582353592,4.300220489501953,0.20375370979309082,4.549212455749512,0.26850759983062744
2,cross_scene,15,hard_triplet,3.726968288421631,4.023741245269775,0.19117115437984467,4.25089168548584,0.21135465800762177,4.583604335784912,0.30782562494277954,4.2133588790893555,0.1726401448249817,4.506245136260986,0.18359088897705078,4.2118306159973145,0.20527130365371704,4.532710552215576,0.2725512385368347
2,cross_scene,16,hard_triplet,3.6284263134002686,3.964921474456787,0.15578986704349518,4.237968444824219,0.1831056773662567,4.573723316192627,0.3055773377418518,4.180849075317383,0.11828970909118652,4.497655391693115,0.12012790143489838,4.209144115447998,0.18469884991645813,4.5290961265563965,0.27101218700408936
2,cross_scene,17,hard_triplet,3.598618984222412,3.757521152496338,0.1848408579826355,4.1389899253845215,0.2111886888742447,4.555109977722168,0.30685341358184814,4.099742889404297,0.15891721844673157,4.457426071166992,0.15783075988292694,4.06907320022583,0.20251935720443726,4.462462425231934,0.266012966632843
2,cross_scene,18,hard_triplet,3.4896113872528076,3.8300106525421143,0.12587621808052063,4.124704360961914,0.1633564680814743,4.544798851013184,0.30002301931381226,4.0910420417785645,0.07969103753566742,4.455692768096924,0.07552866637706757,4.0532636642456055,0.16394737362861633,4.487665176391602,0.2566605508327484
2,cross_scene,19,hard_triplet,3.590766191482544,3.7902700901031494,0.17827507853507996,4.121128082275391,0.20628473162651062,4.5575995445251465,0.3022511303424835,4.069437026977539,0.15017491579055786,4.448224067687988,0.14922165870666504,4.087762355804443,0.20130077004432678,4.482448577880859,0.2615939974784851
2,cross_scene,20,hard_triplet,3.29290771484375,3.4552395343780518,0.11344791948795319,3.954150438308716,0.16974687576293945,4.521755218505859,0.2943611145019531,3.837557077407837,0.05668624863028526,4.400684833526611,0.03775953873991966,3.8984475135803223,0.14775943756103516,4.414667129516602,0.21386566758155823
2,cross_scene,21,hard_triplet,3.5366573333740234,3.4971065521240234,0.21503615379333496,3.935807228088379,0.23358555138111115,4.533011436462402,0.30713608860969543,3.8272223472595215,0.19638973474502563,4.384757041931152,0.19899456202983856,3.8666505813598633,0.23753702640533447,4.420587062835693,0.2930561304092407
2,cross_scene,22,hard_triplet,3.506004571914673,3.4605722427368164,0.20698626339435577,3.9521894454956055,0.22459867596626282,4.5364298820495605,0.3065885007381439,3.8206300735473633,0.18649990856647491,4.3830084800720215,0.19020026922225952,3.8471758365631104,0.22652502357959747,4.414396286010742,0.283145546913147
2,cross_scene,23,hard_triplet,3.664438247680664,3.791025400161743,0.2164236605167389,4.094919204711914,0.22957655787467957,4.547057628631592,0.30410829186439514,3.9814352989196777,0.2111128568649292,4.448516845703125,0.2215229719877243,4.033256530761719,0.2309536337852478,4.468564510345459,0.2791745960712433
2,cross_scene,24,hard_triplet,3.477452516555786,3.4753870964050293,0.1963978111743927,3.917921781539917,0.22675737738609314,4.521585464477539,0.3037933111190796,3.815053939819336,0.16092449426651,4.381604194641113,0.1478549838066101,3.8701343536376953,0.22558608651161194,4.419604778289795,0.27528178691864014
2,cross_scene,25,hard_triplet,3.532135248184204,3.5464982986450195,0.20881113409996033,3.9549219608306885,0.22993004322052002,4.516751766204834,0.3035678565502167,3.869546890258789,0.18834693729877472,4.379255771636963,0.18547841906547546,3.884117603302002,0.22697928547859192,4.4116058349609375,0.2737622559070587
2,cross_scene,26,hard_triplet,3.3845393657684326,3.385913372039795,0.1803005039691925,3.8528223037719727,0.21004420518875122,4.50391149520874,0.29680144786834717,3.7479827404022217,0.14979025721549988,4.337560653686523,0.14022865891456604,3.7436745166778564,0.2022148072719574,4.372720241546631,0.24573907256126404
2,cross_scene,27,hard_triplet,3.292786121368408,3.2141361236572266,0.17803865671157837,3.707064628601074,0.21687445044517517,4.464603424072266,0.30150383710861206,3.587280511856079,0.13639235496520996,4.279783248901367,0.12186472117900848,3.6432766914367676,0.2103789895772934,4.3230061531066895,0.25616809725761414
2,cross_scene,28,hard_triplet,3.159355640411377,2.884182929992676,0.18051530420780182,3.5228195190429688,0.20924526453018188,4.4383978843688965,0.2980652153491974,3.400852680206299,0.14301058650016785,4.238156795501709,0.13520756363868713,3.45607328414917,0.21173793077468872,4.2629194259643555,0.2608377933502197
2,cross_scene,29,hard_triplet,2.927704095840454,2.5144054889678955,0.15811890363693237,3.2999887466430664,0.1950666606426239,4.40029764175415,0.2949119210243225,3.1233949661254883,0.11954857409000397,4.129533767700195,0.10661745071411133,3.196277141571045,0.18221935629844666,4.1819024085998535,0.22177207469940186
2,cross_scene,30,hard_triplet,2.9161813259124756,2.383927345275879,0.18031471967697144,3.2186317443847656,0.21393589675426483,4.388105869293213,0.300711989402771,3.042929172515869,0.138505756855011,4.075951099395752,0.12600788474082947,3.0603713989257812,0.2144651710987091,4.135547637939453,0.2587333619594574
2,cross_scene,31,hard_triplet,2.911494493484497,2.388183355331421,0.18261951208114624,3.1760075092315674,0.2219664752483368,4.350929260253906,0.29405367374420166,3.0309176445007324,0.16721585392951965,4.075976848602295,0.16544315218925476,3.0838513374328613,0.1910334825515747,4.123414039611816,0.20723778009414673
2,cross_scene,32,hard_triplet,2.844727039337158,2.2914340496063232,0.17085839807987213,3.111494779586792,0.21649634838104248,4.350439071655273,0.295701265335083,3.026491165161133,0.14014440774917603,4.075408935546875,0.12472641468048096,3.0436668395996094,0.18453755974769592,4.125648021697998,0.19805119931697845
2,cross_scene,33,hard_triplet,2.5541133880615234,1.8621392250061035,0.13664567470550537,2.8242228031158447,0.19653815031051636,4.270683765411377,0.2936354875564575,2.667499303817749,0.10863228887319565,3.919024705886841,0.10204240679740906,2.6700947284698486,0.15745511651039124,3.968580484390259,0.17605924606323242
2,cross_scene,34,hard_triplet,2.639983892440796,2.183039426803589,0.11796072125434875,2.977686882019043,0.17776158452033997,4.2842607498168945,0.2835942506790161,2.8568968772888184,0.08601220697164536,3.9967238903045654,0.07259365171194077,2.8991332054138184,0.1308029741048813,4.036443710327148,0.13724075257778168
2,cross_scene,35,hard_triplet,3.08943772315979,2.6343722343444824,0.22395610809326172,3.2385363578796387,0.24932315945625305,4.332518577575684,0.30139562487602234,3.1107144355773926,0.20598767697811127,4.090554237365723,0.20384392142295837,3.150876045227051,0.24721848964691162,4.1205925941467285,0.2718540132045746
2,cross_scene,36,hard_triplet,2.699157476425171,2.2285218238830566,0.13473643362522125,3.028071641921997,0.19929465651512146,4.2944440841674805,0.2897072434425354,2.9136593341827393,0.0935501828789711,3.994610548019409,0.07120813429355621,2.891018867492676,0.15434950590133667,4.05006217956543,0.16376402974128723
2,cross_scene,37,hard_triplet,2.7425057888031006,2.2936806678771973,0.15467427670955658,2.975480079650879,0.2008090615272522,4.260037422180176,0.29103660583496094,2.8062853813171387,0.13118702173233032,3.9468395709991455,0.12385046482086182,2.8725972175598145,0.17026054859161377,4.008620738983154,0.18388083577156067
2,cross_scene,38,hard_triplet,2.6635642051696777,2.3777222633361816,0.11066611111164093,2.97727632522583,0.1825709044933319,4.245803356170654,0.27632635831832886,2.8426921367645264,0.09614285081624985,3.947840690612793,0.08926485478878021,2.893219232559204,0.10763035714626312,4.0146589279174805,0.10810412466526031
2,cross_scene,39,hard_triplet,2.489116907119751,1.9455680847167969,0.12271220982074738,2.704385757446289,0.19955597817897797,4.174688816070557,0.2858794927597046,2.5284738540649414,0.08796778321266174,3.8427839279174805,0.06814165413379669,2.6171159744262695,0.14186224341392517,3.9169909954071045,0.14182963967323303
2,cross_scene,40,hard_triplet,2.232623815536499,1.3639434576034546,0.15745876729488373,2.1567320823669434,0.2163868546485901,4.0169172286987305,0.29072657227516174,2.012399435043335,0.12404551357030869,3.583444833755493,0.11108072102069855,2.0524752140045166,0.1797911822795868,3.6640377044677734,0.18601767718791962
2,cross_scene,41,hard_triplet,2.4297914505004883,1.7170240879058838,0.16554373502731323,2.4502289295196533,0.21835589408874512,4.054590225219727,0.28466925024986267,2.32501482963562,0.13810881972312927,3.716308116912842,0.1211874857544899,2.3608055114746094,0.17557436227798462,3.76395845413208,0.17843614518642426
2,cross_scene,42,hard_triplet,2.028911828994751,1.2813308238983154,0.10955768823623657,2.0403831005096436,0.18740712106227875,3.8455138206481934,0.2674366235733032,1.9045219421386719,0.07069464772939682,3.4812326431274414,0.04040554538369179,1.965052604675293,0.11809656023979187,3.5778698921203613,0.10718747973442078
2,cross_scene,43,hard_triplet,2.0192320346832275,1.220870018005371,0.10032884776592255,2.0528206825256348,0.18065446615219116,3.8803977966308594,0.27132368087768555,1.9359287023544312,0.07302694022655487,3.540248155593872,0.05670235678553581,1.9417208433151245,0.11597186326980591,3.5734658241271973,0.11553532630205154
2,cross_scene,44,hard_triplet,1.9957345724105835,1.207758903503418,0.10451386868953705,1.9932093620300293,0.18528501689434052,3.841230869293213,0.2709519565105438,1.8456509113311768,0.06205899268388748,3.4918997287750244,0.0473792590200901,1.9027678966522217,0.12406599521636963,3.5528523921966553,0.12484550476074219
2,cross_scene,45,hard_triplet,2.1890275478363037,1.6088173389434814,0.10079438984394073,2.2908473014831543,0.1801886260509491,3.9113364219665527,0.2658340334892273,2.171351671218872,0.05927535891532898,3.630479335784912,0.0477944016456604,2.1787047386169434,0.11743472516536713,3.682607650756836,0.1184786707162857
2,cross_scene,46,hard_triplet,2.05657958984375,1.3850338459014893,0.10159130394458771,2.0938520431518555,0.18410560488700867,3.8223371505737305,0.24985843896865845,1.9670815467834473,0.0615321584045887,3.4907021522521973,0.035430289804935455,2.0444984436035156,0.12037327885627747,3.5817646980285645,0.11687448620796204
2,cross_scene,47,hard_triplet,2.054436445236206,1.1950299739837646,0.14612025022506714,1.8800441026687622,0.20161329209804535,3.7793848514556885,0.2708826959133148,1.7459840774536133,0.09477094560861588,3.424037218093872,0.06709952652454376,1.829998254776001,0.18499073386192322,3.5719876289367676,0.208398699760437
2,cross_scene,48,hard_triplet,1.9851936101913452,1.1864384412765503,0.1203218549489975,1.8565025329589844,0.18137571215629578,3.712764263153076,0.2456512153148651,1.7373197078704834,0.08684980869293213,3.4353437423706055,0.08100759238004684,1.8058643341064453,0.14785000681877136,3.544649600982666,0.1661662459373474
2,cross_scene,49,hard_triplet,2.244598865509033,1.6048760414123535,0.14803975820541382,2.227431058883667,0.1895761787891388,3.767172336578369,0.23662543296813965,2.1324267387390137,0.12982363998889923,3.5210108757019043,0.11273732036352158,2.1768693923950195,0.15416930615901947,3.5896596908569336,0.15357176959514618
2,cross_scene,50,hard_triplet,2.0313098430633545,1.2796165943145752,0.13977168500423431,1.891446590423584,0.1978726089000702,3.625985860824585,0.23827272653579712,1.77091646194458,0.10774156451225281,3.371854543685913,0.09379366785287857,1.8166310787200928,0.1673944592475891,3.4474992752075195,0.17334942519664764
2,cross_scene,51,hard_triplet,2.2386815547943115,1.4809130430221558,0.20292800664901733,1.946744680404663,0.24140173196792603,3.5814929008483887,0.2653784155845642,1.8406035900115967,0.17214129865169525,3.3050246238708496,0.15715424716472626,1.9095909595489502,0.2294565737247467,3.459798574447632,0.24881699681282043
2,cross_scene,52,hard_triplet,1.927207350730896,1.2136950492858887,0.1435554325580597,1.7121632099151611,0.19583851099014282,3.458326816558838,0.21518473327159882,1.6221437454223633,0.1203230693936348,3.186103105545044,0.10124421864748001,1.6544654369354248,0.15047600865364075,3.3389217853546143,0.1471376270055771
2,cross_scene,53,hard_triplet,1.9039331674575806,1.191996455192566,0.15064465999603271,1.6166372299194336,0.1998353898525238,3.396664619445801,0.22265103459358215,1.5312798023223877,0.1313590407371521,3.145005226135254,0.11112737655639648,1.5570179224014282,0.1595589816570282,3.2432923316955566,0.1666598618030548
2,cross_scene,54,hard_triplet,1.5789382457733154,1.0146875381469727,0.09484659135341644,1.2625813484191895,0.1479070484638214,3.0951921939849854,0.14667095243930817,1.232196569442749,0.06602105498313904,2.8763959407806396,0.04963764175772667,1.261805534362793,0.13379253447055817,3.0058767795562744,0.13296684622764587
2,cross_scene,55,hard_triplet,1.5872392654418945,1.0327765941619873,0.09875522553920746,1.2427990436553955,0.16512081027030945,3.107802391052246,0.19079343974590302,1.1939716339111328,0.06812486052513123,2.853714942932129,0.05519690737128258,1.2236542701721191,0.12131410837173462,2.9697773456573486,0.12336976826190948
2,cross_scene,56,hard_triplet,1.755629539489746,0.9965349435806274,0.15231376886367798,1.3707244396209717,0.21129968762397766,3.2620131969451904,0.2358902394771576,1.2936251163482666,0.10719601809978485,2.9579949378967285,0.08530177921056747,1.314012050628662,0.179894357919693,3.044884204864502,0.1827278733253479
2,cross_scene,57,hard_triplet,1.7112681865692139,1.1129140853881836,0.1347855180501938,1.3287086486816406,0.16411800682544708,3.0870203971862793,0.17542146146297455,1.2934188842773438,0.1298844814300537,2.8921101093292236,0.1295650154352188,1.3055129051208496,0.1539621651172638,2.9368460178375244,0.15885961055755615
2,cross_scene,58,hard_triplet,1.510769248008728,1.1072900295257568,0.052455559372901917,1.361917495727539,0.11387655138969421,3.0374224185943604,0.12656590342521667,1.324782133102417,0.03385985642671585,2.8914313316345215,0.016957048326730728,1.3328418731689453,0.06363572925329208,2.9998319149017334,0.054993558675050735
2,cross_scene,59,hard_triplet,1.6629502773284912,1.0729525089263916,0.10562296211719513,1.406458854675293,0.15562394261360168,3.20042085647583,0.17168766260147095,1.3632853031158447,0.08719520270824432,2.9542529582977295,0.06262687593698502,1.3512046337127686,0.11918191611766815,3.0564260482788086,0.11602543294429779
2,cross_scene,60,hard_triplet,1.5529444217681885,1.0729929208755493,0.0968831330537796,1.2582648992538452,0.14241793751716614,2.9816927909851074,0.15995405614376068,1.2025141716003418,0.08248600363731384,2.726196527481079,0.0706048235297203,1.2298046350479126,0.110210120677948,2.8305587768554688,0.10923554003238678
2,cross_scene,61,hard_triplet,1.7632635831832886,1.2354987859725952,0.12078455090522766,1.3979768753051758,0.175641268491745,3.2580504417419434,0.19679924845695496,1.340653419494629,0.09639330953359604,3.0220022201538086,0.07979296147823334,1.3764288425445557,0.13978442549705505,3.1190903186798096,0.14127206802368164
2,cross_scene,62,hard_triplet,2.1466665267944336,1.4740922451019287,0.19037041068077087,1.8222672939300537,0.21552404761314392,3.4537909030914307,0.23110288381576538,1.7306718826293945,0.1786341369152069,3.2285513877868652,0.1642352044582367,1.8007135391235352,0.21248281002044678,3.3350026607513428,0.2254473865032196
2,cross_scene,63,hard_triplet,1.7672889232635498,1.3072134256362915,0.12862971425056458,1.543683648109436,0.16877302527427673,3.016648530960083,0.17393270134925842,1.4758572578430176,0.11916323006153107,2.792179822921753,0.10159317404031754,1.5211973190307617,0.13611170649528503,2.9237208366394043,0.12342013418674469
2,cross_scene,64,hard_triplet,1.8945311307907104,1.3996034860610962,0.1569667011499405,1.5359275341033936,0.2011677771806717,3.0784454345703125,0.2190636396408081,1.4767730236053467,0.151948481798172,2.843327522277832,0.1313873678445816,1.5246820449829102,0.1775457113981247,3.013774871826172,0.17856411635875702
2,cross_scene,65,hard_triplet,1.7948676347732544,1.116162657737732,0.15361161530017853,1.4540046453475952,0.21044206619262695,3.103792905807495,0.23475907742977142,1.3854176998138428,0.10920187830924988,2.8810462951660156,0.08447515964508057,1.4478408098220825,0.18505586683750153,3.0260045528411865,0.19222481548786163
2,cross_scene,66,cross_scene_smooth_ap,1.3854304552078247,0.9618529081344604,0.013734042644500732,1.0831823348999023,0.16814905405044556,2.6789650917053223,0.17940840125083923,1.0629160404205322,0.10200537741184235,2.5618200302124023,0.0804244726896286,1.0822486877441406,0.14160838723182678,2.6494500637054443,0.14714349806308746
2,cross_scene,67,cross_scene_smooth_ap,1.2666605710983276,1.045660138130188,0.009775936603546143,1.0425877571105957,0.1330052763223648,2.4520483016967773,0.1333242654800415,1.02390718460083,0.06025202199816704,2.3150248527526855,0.043087102472782135,1.0218274593353271,0.10105577111244202,2.4168472290039062,0.08707292377948761
2,cross_scene,68,cross_scene_smooth_ap,1.4856476783752441,1.0140559673309326,0.18432307243347168,1.0272092819213867,0.1320943385362625,2.3481059074401855,0.12956170737743378,1.0279197692871094,0.09818611294031143,2.339066505432129,0.08623875677585602,1.0514898300170898,0.14884236454963684,2.5265073776245117,0.15621952712535858
2,cross_scene,69,cross_scene_smooth_ap,1.39280104637146,1.065678358078003,0.012900948524475098,1.196109414100647,0.1144963800907135,2.7314159870147705,0.11664000898599625,1.1701066493988037,0.0670941025018692,2.60904598236084,0.058160338550806046,1.1926578283309937,0.11409042030572891,2.66709566116333,0.1279638409614563
2,cross_scene,70,cross_scene_smooth_ap,1.6084754467010498,0.9784185886383057,0.18902987241744995,1.0496597290039062,0.18748976290225983,2.7843093872070312,0.19201232492923737,1.0145930051803589,0.13335849344730377,2.51465106010437,0.11773491650819778,1.0525509119033813,0.17614568769931793,2.721229076385498,0.18029125034809113
2,cross_scene,71,cross_scene_smooth_ap,1.371442437171936,1.0310524702072144,0.061982035636901855,1.0302398204803467,0.11783947050571442,2.661522626876831,0.13002237677574158,1.0057202577590942,0.06927303969860077,2.5122625827789307,0.06046728044748306,1.0333995819091797,0.10501528531312943,2.6091320514678955,0.10674574971199036
2,cross_scene,72,cross_scene_smooth_ap,1.7247217893600464,1.316062569618225,0.1551838517189026,1.3416309356689453,0.18982546031475067,2.693378210067749,0.2204982042312622,1.2837424278259277,0.14732995629310608,2.49161434173584,0.1455366611480713,1.3018929958343506,0.17029517889022827,2.615203857421875,0.17944929003715515
2,cross_scene,73,cross_scene_smooth_ap,1.50767982006073,0.9991704821586609,0.2186596393585205,1.0336475372314453,0.16386017203330994,2.2797107696533203,0.17524416744709015,1.0114233493804932,0.1409626305103302,2.1729087829589844,0.13537625968456268,1.0163155794143677,0.1493411362171173,2.2083773612976074,0.15133148431777954
2,cross_scene,74,cross_scene_smooth_ap,1.8829513788223267,1.0908058881759644,0.31275445222854614,1.246225357055664,0.22294750809669495,2.7723212242126465,0.23748278617858887,1.2443597316741943,0.16928216814994812,2.6229686737060547,0.15572142601013184,1.244712471961975,0.21001040935516357,2.776670217514038,0.22545143961906433
2,cross_scene,75,cross_scene_smooth_ap,1.6865469217300415,1.2537389993667603,0.15324991941452026,1.1760002374649048,0.2240116447210312,2.6209168434143066,0.2400466501712799,1.1220200061798096,0.1746610403060913,2.3825600147247314,0.15652921795845032,1.1961734294891357,0.2023390233516693,2.5599989891052246,0.19597159326076508
2,cross_scene,76,cross_scene_smooth_ap,1.2150017023086548,1.0278706550598145,0.041209399700164795,1.052452564239502,0.07114062458276749,2.453702688217163,0.06838030368089676,1.0342249870300293,0.024341505020856857,2.215106964111328,0.008945295587182045,1.023136854171753,0.06607557833194733,2.32382869720459,0.060930944979190826
2,cross_scene,77,cross_scene_smooth_ap,1.2907564640045166,1.043194055557251,0.05826401710510254,1.0237956047058105,0.13763363659381866,2.3603363037109375,0.1676851511001587,1.0038270950317383,0.06821697950363159,2.189636707305908,0.05501793324947357,1.012869119644165,0.08852753043174744,2.2405385971069336,0.09269308298826218
2,cross_scene,78,cross_scene_smooth_ap,1.7156850099563599,1.0030955076217651,0.45266175270080566,0.9671670198440552,0.17166179418563843,2.2793967723846436,0.19272980093955994,0.9628095626831055,0.0977005660533905,2.1183857917785645,0.07088727504014969,0.9670814275741577,0.1620633900165558,2.2745864391326904,0.16414538025856018
2,cross_scene,79,cross_scene_smooth_ap,1.3151400089263916,0.9989582896232605,0.187610924243927,1.0301357507705688,0.06488870084285736,2.255556583404541,0.06358527392148972,1.0093109607696533,0.044412631541490555,2.050919532775879,0.03145124390721321,1.0214284658432007,0.05598780885338783,2.23183536529541,0.05110372602939606
2,cross_scene,80,cross_scene_smooth_ap,1.2617692947387695,0.9930868744850159,0.0881345272064209,1.000390887260437,0.11697651445865631,2.251321315765381,0.12181553244590759,0.9836721420288086,0.06685172021389008,2.1029934883117676,0.04718449339270592,1.0068786144256592,0.08721829205751419,2.2141692638397217,0.07492972910404205
2,cross_scene,81,cross_scene_smooth_ap,1.2716064453125,0.9903178215026855,0.060694098472595215,1.001481056213379,0.1488877236843109,2.169983386993408,0.16035015881061554,0.9773666858673096,0.08695836365222931,2.0255913734436035,0.064809650182724,0.9839343428611755,0.13142231106758118,2.2355356216430664,0.12960615754127502
2,cross_scene,82,cross_scene_smooth_ap,1.2603129148483276,1.01487398147583,0.08871132135391235,0.9927340745925903,0.1197090595960617,2.007314682006836,0.1139720007777214,0.9901061654090881,0.11143215745687485,1.9429147243499756,0.10425516217947006,0.9897182583808899,0.1245572417974472,2.0393943786621094,0.11021250486373901
2,cross_scene,83,cross_scene_smooth_ap,1.2233803272247314,1.0162701606750488,0.05346757173538208,1.0031664371490479,0.12127375602722168,1.9541652202606201,0.11761589348316193,0.9919613003730774,0.10317522287368774,1.9999055862426758,0.08982542157173157,1.0085358619689941,0.11871923506259918,2.040987491607666,0.11319755017757416
2,cross_scene,84,cross_scene_smooth_ap,1.1449466943740845,1.0838313102722168,0.05990707874298096,1.0122779607772827,0.08447569608688354,1.822740077972412,0.07967306673526764,0.9850197434425354,0.060175422579050064,1.8207993507385254,0.046299710869789124,1.001875877380371,0.08500227332115173,1.8273721933364868,0.07733915746212006
2,cross_scene,85,cross_scene_smooth_ap,1.2580500841140747,1.003354787826538,0.09224438667297363,0.9972780346870422,0.13631688058376312,1.8426614999771118,0.14077578485012054,0.9845265746116638,0.12846824526786804,1.9435811042785645,0.12507176399230957,0.9879978895187378,0.12237311154603958,1.9110231399536133,0.11783939599990845
2,cross_scene,86,cross_scene_smooth_ap,1.444941520690918,1.0411123037338257,0.11443233489990234,1.0259206295013428,0.19064603745937347,2.251932144165039,0.19136735796928406,1.037499189376831,0.1645985245704651,2.2510225772857666,0.14184001088142395,1.0190526247024536,0.17148306965827942,2.1998414993286133,0.15923310816287994
2,cross_scene,87,cross_scene_smooth_ap,1.5968906879425049,1.0343798398971558,0.1212618350982666,0.9885871410369873,0.2566206753253937,2.2886440753936768,0.2805802524089813,0.9852237701416016,0.2088698446750641,2.2549993991851807,0.20798799395561218,0.9991530179977417,0.27377113699913025,2.4816088676452637,0.30756664276123047
2,cross_scene,88,cross_scene_smooth_ap,1.2950801849365234,0.9817131757736206,0.11873459815979004,0.9754188656806946,0.1685032993555069,1.8224067687988281,0.18276062607765198,0.9714788794517517,0.1305570900440216,1.813514232635498,0.12386941909790039,0.9769536256790161,0.16147279739379883,1.7923998832702637,0.17244799435138702
2,cross_scene,89,cross_scene_smooth_ap,1.229312539100647,0.9914404153823853,0.03294503688812256,0.9933702349662781,0.15874139964580536,2.1439695358276367,0.16802503168582916,0.9889315366744995,0.08695442974567413,1.992682933807373,0.07198215276002884,0.9803813695907593,0.1338396966457367,2.0383734703063965,0.12858380377292633
2,cross_scene,90,cross_scene_smooth_ap,1.4310812950134277,0.9849425554275513,0.21483474969863892,1.0062589645385742,0.1711159497499466,2.0522966384887695,0.18600203096866608,0.9786542654037476,0.1011686623096466,1.8766422271728516,0.08551545441150665,1.0096741914749146,0.1626444160938263,2.070390224456787,0.17562498152256012
2,cross_scene,91,cross_scene_smooth_ap,1.464451551437378,1.0169880390167236,0.17137295007705688,0.9876517057418823,0.18856370449066162,2.143108367919922,0.19727781414985657,0.9822415709495544,0.1398632824420929,2.073513984680176,0.12410552054643631,0.993890106678009,0.18282216787338257,2.2195420265197754,0.18937769532203674
2,cross_scene,92,cross_scene_smooth_ap,1.0865745544433594,0.9780566096305847,0.11626321077346802,0.93614661693573,0.07447759807109833,1.4997329711914062,0.0754067674279213,0.9316939115524292,0.054033342748880386,1.5264604091644287,0.048515789210796356,0.9407311081886292,0.08297017216682434,1.6058465242385864,0.08758072555065155
2,cross_scene,93,cross_scene_smooth_ap,1.223961353302002,0.9866787195205688,0.06721436977386475,0.9507155418395996,0.18221184611320496,1.8029441833496094,0.19177517294883728,0.9385048747062683,0.10408003628253937,1.7497648000717163,0.07724126428365707,0.9381552338600159,0.16918393969535828,1.8598134517669678,0.16918453574180603
2,cross_scene,94,cross_scene_smooth_ap,1.1842114925384521,0.9794636368751526,0.0503772497177124,0.9581189155578613,0.1495247185230255,1.7920098304748535,0.15105701982975006,0.964171290397644,0.1019408106803894,1.7533375024795532,0.07709941267967224,0.9635568261146545,0.1500285416841507,1.8931829929351807,0.15143054723739624
2,cross_scene,95,cross_scene_smooth_ap,0.9752793312072754,0.9724254608154297,0.013685405254364014,0.9510749578475952,0.07150512933731079,1.46455979347229,0.06291170418262482,0.9607743620872498,0.049224853515625,1.5279414653778076,0.04217754304409027,0.9624649286270142,0.08336082845926285,1.5814895629882812,0.08200172334909439
2,cross_scene,96,cross_scene_smooth_ap,1.1227445602416992,0.9543779492378235,0.0004366636276245117,0.954624593257904,0.1666400283575058,1.6007201671600342,0.16611672937870026,0.9585877656936646,0.14169836044311523,1.6650912761688232,0.13089224696159363,0.9648150205612183,0.14957979321479797,1.7882351875305176,0.13590191304683685
2,cross_scene,97,cross_scene_smooth_ap,1.0819376707077026,0.9612969160079956,0.008999824523925781,0.9680320024490356,0.14135560393333435,1.7171404361724854,0.14177589118480682,0.9566857814788818,0.06899061053991318,1.6245404481887817,0.03746969252824783,0.9705989956855774,0.13690531253814697,1.785830020904541,0.12968158721923828
2,cross_scene,98,cross_scene_smooth_ap,1.4362614154815674,1.031485915184021,0.15702462196350098,1.033709168434143,0.2107197344303131,1.9236364364624023,0.21941667795181274,1.015687108039856,0.17825625836849213,1.8634815216064453,0.1667705476284027,1.0269123315811157,0.187472403049469,1.9684009552001953,0.1788826882839203
2,cross_scene,99,cross_scene_smooth_ap,1.1604773998260498,0.9821235537528992,0.0827484130859375,0.9835073947906494,0.10968819260597229,1.8152663707733154,0.0986957997083664,0.9792619347572327,0.09290735423564911,1.7161517143249512,0.07067327201366425,0.9788880348205566,0.10986866056919098,1.7829771041870117,0.09494168311357498
2,cross_scene,100,cross_scene_smooth_ap,1.1385631561279297,0.9717718958854675,0.06460529565811157,0.9510198831558228,0.15152104198932648,1.6290254592895508,0.15343233942985535,0.9455945491790771,0.09925289452075958,1.6000542640686035,0.07541023194789886,0.9482486248016357,0.1307501643896103,1.6996606588363647,0.1224917322397232
2,cross_scene,101,cross_scene_smooth_ap,1.099722146987915,0.9616764783859253,0.14609497785568237,0.9671723246574402,0.07477019727230072,1.5169904232025146,0.06400640308856964,0.9596284031867981,0.03772552311420441,1.497454047203064,0.019711323082447052,0.9717741012573242,0.0762762799859047,1.6210036277770996,0.06900185346603394
2,cross_scene,102,cross_scene_smooth_ap,1.2683409452438354,0.9743425846099854,0.13683784008026123,0.974909782409668,0.13511018455028534,1.8561816215515137,0.11227650940418243,1.0006744861602783,0.10438963770866394,1.779551386833191,0.07613012194633484,0.9907765984535217,0.14568379521369934,1.9206284284591675,0.13717219233512878
2,cross_scene,103,cross_scene_smooth_ap,1.0888735055923462,0.9470529556274414,0.11712127923965454,0.9539740681648254,0.11120149493217468,1.4941322803497314,0.09500293433666229,0.9396393299102783,0.07020863145589828,1.4503264427185059,0.05085541307926178,0.9444260597229004,0.08702591806650162,1.5763932466506958,0.07269757986068726
2,cross_scene,104,cross_scene_smooth_ap,1.1715530157089233,0.9614832997322083,0.022242248058319092,0.9984875917434692,0.15861065685749054,1.7171909809112549,0.14599305391311646,1.017037272453308,0.12479907274246216,1.6931524276733398,0.09128421545028687,1.0085216760635376,0.178095281124115,1.8454680442810059,0.17702478170394897
2,cross_scene,105,cross_scene_smooth_ap,0.9892210960388184,0.9592947959899902,0.04689270257949829,0.9516927003860474,0.09013524651527405,1.3787829875946045,0.0837407335639,0.9577107429504395,0.053685836493968964,1.4130520820617676,0.03983056917786598,0.9498258829116821,0.0738169252872467,1.5650571584701538,0.0634353831410408
2,cross_scene,106,cross_scene_smooth_ap,0.8609868288040161,0.9327728152275085,0.0029065608978271484,0.9281901121139526,0.057917118072509766,1.304572582244873,0.037964701652526855,0.9251103401184082,0.024190068244934082,1.2998383045196533,0.014628855511546135,0.9290034174919128,0.06300453841686249,1.3780512809753418,0.04692084342241287
2,cross_scene,107,cross_scene_smooth_ap,1.0888663530349731,1.0850183963775635,0.07810258865356445,0.9820257425308228,0.08593127131462097,1.5035189390182495,0.06773247569799423,0.9741713404655457,0.07039938867092133,1.563659906387329,0.04547114670276642,0.9804383516311646,0.08537739515304565,1.6028406620025635,0.0675734207034111
2,cross_scene,108,cross_scene_smooth_ap,1.0867923498153687,0.9457988739013672,0.01239919662475586,0.9646178483963013,0.15639756619930267,1.6549804210662842,0.15933308005332947,0.9638372659683228,0.10516990721225739,1.5719128847122192,0.08483794331550598,0.9603761434555054,0.1273387372493744,1.6817501783370972,0.11953797936439514
2,cross_scene,109,cross_scene_smooth_ap,1.1865798234939575,0.9525092244148254,0.08430296182632446,0.9691498279571533,0.16858887672424316,1.5765597820281982,0.16092601418495178,0.9669018387794495,0.1503106951713562,1.5291330814361572,0.1271333545446396,0.971206784248352,0.1605190932750702,1.607450008392334,0.14898602664470673
2,cross_scene,110,cross_scene_smooth_ap,0.9396414756774902,0.9396107196807861,0.007200360298156738,0.9301637411117554,0.09442777931690216,1.3998966217041016,0.08692802488803864,0.9302791357040405,0.05111138895153999,1.3755531311035156,0.025819163769483566,0.9340506792068481,0.09036961197853088,1.5282044410705566,0.07544820010662079
2,cross_scene,111,cross_scene_smooth_ap,0.9348354339599609,0.9287927150726318,0.002259373664855957,0.9492462873458862,0.11246687173843384,1.3438782691955566,0.10446072369813919,0.9444840550422668,0.06532110273838043,1.3272186517715454,0.045166682451963425,0.9478452801704407,0.09134659171104431,1.4042129516601562,0.07712097465991974
2,cross_scene,112,cross_scene_smooth_ap,1.0394831895828247,0.9340111613273621,0.06114161014556885,0.9358605146408081,0.14325428009033203,1.3595210313796997,0.13403013348579407,0.9350454211235046,0.08786940574645996,1.247846245765686,0.06323480606079102,0.9324645400047302,0.14534947276115417,1.4063897132873535,0.13324123620986938
2,cross_scene,113,cross_scene_smooth_ap,1.0484020709991455,0.935955286026001,0.09921932220458984,0.9551606774330139,0.1187024712562561,1.3127360343933105,0.09549705684185028,0.951880156993866,0.09283459186553955,1.302066445350647,0.06374837458133698,0.9543120861053467,0.1130182147026062,1.381805658340454,0.09098798036575317
2,cross_scene,114,cross_scene_smooth_ap,1.2270216941833496,1.0128121376037598,0.10122668743133545,0.9969045519828796,0.16787943243980408,1.6342766284942627,0.16688774526119232,0.9875413179397583,0.12414281070232391,1.5376060009002686,0.11084038019180298,0.9896461963653564,0.16405850648880005,1.6295363903045654,0.16472214460372925
2,cross_scene,115,cross_scene_smooth_ap,1.1940312385559082,0.9501990079879761,0.12076300382614136,0.9718937873840332,0.1608200967311859,1.512189269065857,0.15156163275241852,0.9580376148223877,0.13099150359630585,1.4397226572036743,0.1003149151802063,0.9773436784744263,0.16380593180656433,1.5843548774719238,0.1541990339756012
2,cross_scene,116,cross_scene_smooth_ap,0.986228883266449,0.929428219795227,0.022367119789123535,0.9290105104446411,0.1390882432460785,1.3429055213928223,0.12880249321460724,0.9228614568710327,0.09368845820426941,1.3090779781341553,0.06951169669628143,0.9252839088439941,0.11470020562410355,1.4090111255645752,0.10084417462348938
2,cross_scene,117,cross_scene_smooth_ap,1.276980996131897,0.9666104316711426,0.1845695972442627,0.9754672050476074,0.16752800345420837,1.521702766418457,0.16656701266765594,0.9803235530853271,0.1263488531112671,1.4411072731018066,0.10717709362506866,0.9717565178871155,0.1819223165512085,1.492868423461914,0.19241663813591003
2,cross_scene,118,cross_scene_smooth_ap,0.8804634809494019,0.9359816312789917,0.03655993938446045,0.9343343377113342,0.08503210544586182,1.1606340408325195,0.0713731050491333,0.9288298487663269,0.05310491472482681,1.161208152770996,0.032341040670871735,0.928077220916748,0.05825725570321083,1.1939599514007568,0.03717619180679321
2,cross_scene,119,cross_scene_smooth_ap,1.007702350616455,0.9500643610954285,0.03968918323516846,0.9606713056564331,0.11640730500221252,1.401735544204712,0.12502244114875793,0.9547396302223206,0.07285353541374207,1.3502113819122314,0.053378473967313766,0.9586221575737,0.10500043630599976,1.4356271028518677,0.09545688331127167
2,cross_scene,120,cross_scene_smooth_ap,1.004992127418518,0.9568935036659241,0.012877583503723145,0.9735296964645386,0.1618494987487793,1.387702226638794,0.16939875483512878,0.9584737420082092,0.06678922474384308,1.23687744140625,0.0554305762052536,0.9609892964363098,0.12659227848052979,1.3829584121704102,0.13132759928703308
2,cross_scene,121,cross_scene_smooth_ap,0.9726427793502808,0.9295270442962646,0.04819822311401367,0.9222832918167114,0.10343673080205917,1.2903945446014404,0.08900809288024902,0.9227132201194763,0.0743003636598587,1.2613952159881592,0.0556415356695652,0.923892617225647,0.11484842747449875,1.3539421558380127,0.10614250600337982
2,cross_scene,122,cross_scene_smooth_ap,1.0647884607315063,0.9234869480133057,0.050604939460754395,0.9355455040931702,0.16476315259933472,1.3772850036621094,0.15671926736831665,0.9308538436889648,0.1327783316373825,1.2986276149749756,0.1035139262676239,0.9285728931427002,0.1524023711681366,1.3859891891479492,0.137445330619812
2,cross_scene,123,cross_scene_smooth_ap,0.8154241442680359,0.9212480783462524,5.602836608886719e-06,0.9237800240516663,0.07081559300422668,1.1133949756622314,0.062262557446956635,0.9180095195770264,0.04747255891561508,1.0948364734649658,0.04216624051332474,0.9201595783233643,0.05091085657477379,1.1101329326629639,0.04002704471349716
2,cross_scene,124,cross_scene_smooth_ap,0.9847908616065979,0.9281588792800903,0.023937582969665527,0.9319344758987427,0.11177828907966614,1.2842854261398315,0.08742908388376236,0.933252215385437,0.13907140493392944,1.2675752639770508,0.13110192120075226,0.9430686235427856,0.1147623062133789,1.3544397354125977,0.09292581677436829
2,cross_scene,125,cross_scene_smooth_ap,0.8794018626213074,0.923597514629364,0.0216752290725708,0.9316389560699463,0.09013541042804718,1.1766085624694824,0.08377794921398163,0.9261080622673035,0.05098099261522293,1.1097211837768555,0.035126227885484695,0.9278687238693237,0.07772491872310638,1.2292885780334473,0.06915178894996643
2,cross_scene,126,cross_scene_smooth_ap,0.9467343091964722,0.9271365404129028,0.03393423557281494,0.9264034032821655,0.10485228896141052,1.2968082427978516,0.10453646630048752,0.9229057431221008,0.07595455646514893,1.2485418319702148,0.06151397153735161,0.9304137229919434,0.0816725492477417,1.3595125675201416,0.067338727414608
2,cross_scene,127,cross_scene_smooth_ap,0.8777297139167786,0.9843143224716187,0.026735365390777588,0.9273809194564819,0.07015389204025269,1.1354875564575195,0.053994908928871155,0.9165497422218323,0.0407794788479805,1.1070356369018555,0.024279186502099037,0.9211745262145996,0.08963114023208618,1.1643357276916504,0.08350317180156708
2,cross_scene,128,cross_scene_smooth_ap,1.072197437286377,0.9687390327453613,0.020111382007598877,0.9860080480575562,0.12084046006202698,1.49306321144104,0.0969206690788269,0.9872931241989136,0.12689557671546936,1.5043389797210693,0.11014671623706818,0.9963371157646179,0.1315503865480423,1.6512062549591064,0.11383585631847382
2,cross_scene,129,cross_scene_smooth_ap,0.9326069951057434,0.92984539270401,0.04035496711730957,0.9466274976730347,0.06964829564094543,1.3487523794174194,0.04942367970943451,0.9535271525382996,0.04306067153811455,1.3782312870025635,0.02335938811302185,0.9362193942070007,0.06808385252952576,1.4553993940353394,0.046001091599464417
2,cross_scene,130,cross_scene_smooth_ap,1.1854511499404907,0.9212266802787781,0.13323509693145752,0.9544603228569031,0.15646249055862427,1.407531976699829,0.14004139602184296,0.9704458117485046,0.13122697174549103,1.371891975402832,0.10378961265087128,0.9678934812545776,0.18325088918209076,1.5301895141601562,0.17206186056137085
2,cross_scene,131,cross_scene_smooth_ap,0.8945982456207275,0.9096239805221558,0.002613544464111328,0.9194956421852112,0.11459232866764069,1.2360868453979492,0.11274763941764832,0.9210220575332642,0.07056993991136551,1.1575583219528198,0.044321998953819275,0.9222160577774048,0.1052023321390152,1.2016549110412598,0.09153583645820618
2,cross_scene,132,cross_scene_smooth_ap,0.8756385445594788,0.9073861837387085,0.011180877685546875,0.9104725122451782,0.10223683714866638,1.1271283626556396,0.0803038626909256,0.9085482358932495,0.07461632043123245,1.1493780612945557,0.046630147844552994,0.9075091481208801,0.1021876260638237,1.1740771532058716,0.085431769490242
2,cross_scene,133,cross_scene_smooth_ap,0.8643922805786133,0.9299935698509216,0.0,0.9363462924957275,0.09012795984745026,1.1671931743621826,0.06848013401031494,0.9445860981941223,0.07442635297775269,1.15968656539917,0.05737806111574173,0.9386140704154968,0.07442541420459747,1.18644118309021,0.05178181827068329
2,cross_scene,134,cross_scene_smooth_ap,0.7919418215751648,0.9067845344543457,0.0011299848556518555,0.9192013740539551,0.06425005197525024,1.021543025970459,0.04967161640524864,0.9102842807769775,0.04849383234977722,1.0190058946609497,0.037002529948949814,0.9173824191093445,0.057246994227170944,1.100508689880371,0.03715590387582779
2,cross_scene,135,cross_scene_smooth_ap,0.8536171913146973,0.9108059406280518,0.010249733924865723,0.9279302954673767,0.10090293735265732,1.0579808950424194,0.09764120727777481,0.9242198467254639,0.05550631508231163,1.022142767906189,0.04032621532678604,0.9288785457611084,0.09634380042552948,1.0934680700302124,0.0870697945356369
2,cross_scene,136,cross_scene_smooth_ap,0.9049718379974365,0.9085842370986938,0.05197262763977051,0.9263532161712646,0.0879283994436264,1.0992207527160645,0.07090534269809723,0.9168626666069031,0.0988764613866806,1.084793210029602,0.08509714156389236,0.9193976521492004,0.08328291773796082,1.0934674739837646,0.06395752727985382
2,cross_scene,137,cross_scene_smooth_ap,1.008453607559204,0.9363695383071899,0.03596919775009155,0.9496010541915894,0.1328052431344986,1.406531572341919,0.11551284044981003,0.9393208622932434,0.0813639909029007,1.3099843263626099,0.04748619347810745,0.9411501884460449,0.12606269121170044,1.4962711334228516,0.10271774232387543
2,cross_scene,138,cross_scene_smooth_ap,0.9353293776512146,0.911197304725647,0.08825838565826416,0.9345844984054565,0.08571644127368927,1.1418379545211792,0.06743720918893814,0.9291518330574036,0.06034834682941437,1.1369669437408447,0.037293195724487305,0.936132550239563,0.07725157588720322,1.176605224609375,0.0639466792345047
2,cross_scene,139,cross_scene_smooth_ap,1.1067111492156982,0.9233237504959106,0.15454131364822388,0.9260970950126648,0.16924697160720825,1.1190636157989502,0.15305450558662415,0.9411755204200745,0.10434829443693161,1.1916624307632446,0.07855478674173355,0.9408471584320068,0.14093446731567383,1.229461908340454,0.12311384826898575
2,cross_scene,140,cross_scene_smooth_ap,0.8780666589736938,0.9196602702140808,0.050677597522735596,0.9425824880599976,0.058147091418504715,1.1759203672409058,0.03464553877711296,0.936329185962677,0.037642452865839005,1.1266403198242188,0.01609783060848713,0.9390000700950623,0.07002176344394684,1.2382110357284546,0.05378014221787453
2,cross_scene,141,cross_scene_smooth_ap,0.9526548981666565,0.9435208439826965,0.00902402400970459,0.9604499340057373,0.1221201941370964,1.1875736713409424,0.0996142029762268,0.9620946645736694,0.10653826594352722,1.2513940334320068,0.0765700489282608,0.9483276605606079,0.13297146558761597,1.2293989658355713,0.11344212293624878
2,cross_scene,142,cross_scene_smooth_ap,1.0534855127334595,0.9134102463722229,0.05717349052429199,0.9189521074295044,0.16663822531700134,1.1907000541687012,0.14589640498161316,0.9161117076873779,0.1476590484380722,1.183051586151123,0.12295343726873398,0.9176257252693176,0.18116115033626556,1.3033854961395264,0.1642543077468872
2,cross_scene,143,cross_scene_smooth_ap,0.9770281314849854,0.9428426623344421,0.019217073917388916,0.9494943022727966,0.11490055918693542,1.2608017921447754,0.09496775269508362,0.9536936283111572,0.09661238640546799,1.3109899759292603,0.08141899108886719,0.9600000977516174,0.12950250506401062,1.3190672397613525,0.11965029686689377
2,cross_scene,144,cross_scene_smooth_ap,0.9059622883796692,0.905082106590271,0.011246800422668457,0.9117209315299988,0.11996971070766449,1.044931411743164,0.09637890756130219,0.9147113561630249,0.12354462593793869,1.0591436624526978,0.106800377368927,0.9110486507415771,0.12697379291057587,1.1300907135009766,0.10956357419490814
2,cross_scene,145,cross_scene_smooth_ap,0.8257125616073608,0.8963425755500793,0.04282134771347046,0.9105839729309082,0.054466359317302704,1.055905818939209,0.027116214856505394,0.9068464040756226,0.037862278521060944,1.0556994676589966,0.01742122694849968,0.9070951342582703,0.07200418412685394,1.0998672246932983,0.04768595099449158
2,cross_scene,146,cross_scene_smooth_ap,0.8480550646781921,0.9067889451980591,0.004619121551513672,0.9244284629821777,0.11488474905490875,1.0536904335021973,0.10294569283723831,0.9186273813247681,0.018305465579032898,1.0306121110916138,0.0014079706743359566,0.9247324466705322,0.11877423524856567,1.1613174676895142,0.10616742074489594
2,cross_scene,147,cross_scene_smooth_ap,0.8029017448425293,0.8861421346664429,0.0016090869903564453,0.9000789523124695,0.08550141751766205,0.9919342994689941,0.05159449577331543,0.9008188247680664,0.05681684613227844,1.0120820999145508,0.02203623577952385,0.9012553691864014,0.10408694297075272,1.0633894205093384,0.07580617070198059
2,cross_scene,148,cross_scene_smooth_ap,0.9385666847229004,0.8933447599411011,0.0019314885139465332,0.9321685433387756,0.14523860812187195,1.2095670700073242,0.12051548063755035,0.9279727339744568,0.13461287319660187,1.175926685333252,0.09919843077659607,0.9253296256065369,0.12114635109901428,1.259061336517334,0.08914196491241455
2,cross_scene,149,cross_scene_smooth_ap,0.8340607285499573,0.8939367532730103,0.05219799280166626,0.9085263013839722,0.04225418344140053,1.0772603750228882,0.0251631997525692,0.9144533276557922,0.04638180881738663,1.0826659202575684,0.028858568519353867,0.9125104546546936,0.04902435094118118,1.1274572610855103,0.034207675606012344
2,cross_scene,150,cross_scene_smooth_ap,1.0005191564559937,0.9094061851501465,0.13937890529632568,0.9341109991073608,0.11066246032714844,1.0712376832962036,0.10681324452161789,0.9336873292922974,0.06405875086784363,1.0663721561431885,0.04760223627090454,0.9343376755714417,0.09544429183006287,1.1169397830963135,0.09167881309986115
2,cross_scene,151,cross_scene_smooth_ap,0.7429853081703186,0.8990642428398132,0.0020858049392700195,0.9115188121795654,0.03045538440346718,1.0395984649658203,0.021159492433071136,0.9116411805152893,0.011549179442226887,1.0492414236068726,0.0034991325810551643,0.9121739864349365,0.023152347654104233,1.0574544668197632,0.014175171963870525
2,cross_scene,152,cross_scene_smooth_ap,0.9064692258834839,0.9070900082588196,0.025667548179626465,0.9293431639671326,0.12782421708106995,1.1083784103393555,0.12178009003400803,0.9297930002212524,0.06614843010902405,1.0522130727767944,0.03944501280784607,0.9215320348739624,0.12350092083215714,1.1279411315917969,0.11435110867023468
2,cross_scene,153,cross_scene_smooth_ap,0.9763157367706299,0.8905106782913208,0.03689700365066528,0.902612030506134,0.16414186358451843,1.1418839693069458,0.14668980240821838,0.9046635031700134,0.12377919256687164,1.1156702041625977,0.09119629859924316,0.9127894639968872,0.14324212074279785,1.2490835189819336,0.12254726886749268
2,cross_scene,154,cross_scene_smooth_ap,0.8084400296211243,0.9054357409477234,0.01676088571548462,0.916833221912384,0.05957913398742676,1.1781443357467651,0.04996572807431221,0.9145514965057373,0.003101743757724762,1.0915615558624268,0.0,0.9198504686355591,0.03688816353678703,1.2303662300109863,0.02797698974609375
2,cross_scene,155,cross_scene_smooth_ap,0.8171155452728271,0.9036558866500854,0.03467303514480591,0.9032039642333984,0.06019603833556175,1.0875091552734375,0.04091105982661247,0.9029473066329956,0.027076296508312225,1.095434546470642,0.0069549428299069405,0.9045425057411194,0.05460868030786514,1.1127225160598755,0.034247372299432755
2,cross_scene,156,cross_scene_smooth_ap,0.9839056730270386,1.0011178255081177,0.04319405555725098,0.9781619310379028,0.10759831964969635,1.206205129623413,0.0942281037569046,0.9817949533462524,0.07723162323236465,1.1608874797821045,0.05915088951587677,0.9634791016578674,0.12819692492485046,1.2198197841644287,0.12520679831504822
2,cross_scene,157,cross_scene_smooth_ap,0.8121458292007446,0.8949088454246521,0.005031585693359375,0.9123089909553528,0.07736174762248993,1.078437089920044,0.05458905175328255,0.9084829092025757,0.05036623403429985,1.0505115985870361,0.021782279014587402,0.9095966815948486,0.0815497487783432,1.1226556301116943,0.05390151962637901
2,cross_scene,158,cross_scene_smooth_ap,0.7887539267539978,0.8912065029144287,0.02926957607269287,0.9000201225280762,0.0534571036696434,0.9660805463790894,0.04423748701810837,0.898624837398529,0.04657093435525894,0.9329036474227905,0.03126559779047966,0.8988955616950989,0.060146965086460114,0.9774205684661865,0.053070954978466034
2,cross_scene,159,cross_scene_smooth_ap,0.8652991056442261,0.9102286100387573,0.015457570552825928,0.915128231048584,0.11395760625600815,1.0804680585861206,0.08314338326454163,0.9164708256721497,0.08382968604564667,1.0302526950836182,0.04881679266691208,0.909387469291687,0.10322871059179306,1.0824980735778809,0.07809266448020935
2,cross_scene,160,cross_scene_smooth_ap,0.9099471569061279,0.9043046236038208,0.0065146684646606445,0.927784264087677,0.1209515631198883,1.0915560722351074,0.10102479159832001,0.9323806166648865,0.11521491408348083,1.0994172096252441,0.08741728961467743,0.9305906295776367,0.12611280381679535,1.1821773052215576,0.10406836867332458
2,cross_scene,161,cross_scene_smooth_ap,0.840641438961029,0.9016057252883911,1.430511474609375e-06,0.9047357439994812,0.08052413165569305,1.067566156387329,0.06814922392368317,0.9086483716964722,0.0764920637011528,1.0449516773223877,0.057897236198186874,0.9076100587844849,0.1027153804898262,1.0863677263259888,0.10188306123018265
2,cross_scene,162,cross_scene_smooth_ap,0.8152637481689453,0.9041650891304016,0.007863759994506836,0.9060341119766235,0.08058920502662659,1.0262939929962158,0.06809404492378235,0.9103060364723206,0.06320559978485107,1.0309312343597412,0.047160498797893524,0.9093126654624939,0.06820791214704514,1.0497041940689087,0.05398361384868622
2,cross_scene,163,cross_scene_smooth_ap,0.8595424890518188,0.8948759436607361,0.00288999080657959,0.9126064777374268,0.12037861347198486,1.0582449436187744,0.10783632099628448,0.9111285209655762,0.05158397555351257,1.0483839511871338,0.026327772065997124,0.9143615365028381,0.12328078597784042,1.1212923526763916,0.11365421861410141
2,cross_scene,164,cross_scene_smooth_ap,0.8662294745445251,0.8844540119171143,0.017201483249664307,0.9002995491027832,0.11486539244651794,1.0577495098114014,0.10611909627914429,0.9009788036346436,0.08404871821403503,1.053398609161377,0.06164957582950592,0.902820885181427,0.09828534722328186,1.0938241481781006,0.07699930667877197
2,cross_scene,165,cross_scene_smooth_ap,0.7669854760169983,0.8923713564872742,0.005676209926605225,0.8999984264373779,0.07123071700334549,0.9964468479156494,0.06017833948135376,0.8980998396873474,0.022904548794031143,0.98296058177948,0.006970920599997044,0.9007953405380249,0.05754581093788147,1.0271536111831665,0.03221726045012474
2,cross_scene,166,cross_scene_smooth_ap,0.9268913269042969,0.898329496383667,0.027553558349609375,0.9146514534950256,0.12841297686100006,1.0837087631225586,0.11112019419670105,0.9137779474258423,0.109667107462883,1.0584901571273804,0.0828162357211113,0.9180701971054077,0.13681255280971527,1.1305429935455322,0.1237785667181015
2,cross_scene,167,cross_scene_smooth_ap,0.7529323101043701,0.893207311630249,0.0015214085578918457,0.9024379253387451,0.03961712121963501,1.0281996726989746,0.032413601875305176,0.9022314548492432,0.023470522835850716,1.0012270212173462,0.013107980601489544,0.9040968418121338,0.04200446978211403,1.0466318130493164,0.03354747220873833
2,cross_scene,168,cross_scene_smooth_ap,0.8937451839447021,0.910477876663208,0.08997499942779541,0.9224606156349182,0.05560337007045746,1.0805459022521973,0.034617677330970764,0.9312750697135925,0.03457795828580856,1.099555253982544,0.018588140606880188,0.9199391007423401,0.07695988565683365,1.107611894607544,0.06379298865795135
2,cross_scene,169,cross_scene_smooth_ap,0.9308033585548401,0.8950386047363281,0.018355071544647217,0.912483811378479,0.15396086871623993,1.0254480838775635,0.12815196812152863,0.9101320505142212,0.12718698382377625,0.9997594952583313,0.09641648828983307,0.911888062953949,0.16603203117847443,1.0481617450714111,0.14704836905002594
2,cross_scene,170,cross_scene_smooth_ap,0.9521987438201904,0.8814411759376526,0.0873103141784668,0.9011907577514648,0.11975181102752686,1.1064772605895996,0.10531841218471527,0.9048274755477905,0.0781930536031723,1.0661084651947021,0.04941336810588837,0.9009859561920166,0.11648860573768616,1.1415177583694458,0.10191120207309723
2,cross_scene,171,cross_scene_smooth_ap,0.7687608003616333,0.8988800644874573,4.887580871582031e-06,0.9191309809684753,0.038009531795978546,1.0312432050704956,0.02579168602824211,0.9242479205131531,0.03131301701068878,1.0709621906280518,0.019628258422017097,0.91965651512146,0.05017366260290146,1.0556788444519043,0.03758727386593819
2,cross_scene,172,cross_scene_smooth_ap,0.8852971196174622,0.9077451229095459,0.013834834098815918,0.9114315509796143,0.11141486465930939,1.1291347742080688,0.09315963834524155,0.9109492897987366,0.08572590351104736,1.0797662734985352,0.06465952843427658,0.9125491976737976,0.10248757898807526,1.172605037689209,0.08184441179037094
2,cross_scene,173,cross_scene_smooth_ap,0.8199669122695923,0.8818634748458862,0.002108454704284668,0.9008058309555054,0.1044769138097763,1.0551234483718872,0.08028438687324524,0.9013973474502563,0.07374734431505203,1.0492252111434937,0.03546147048473358,0.8988839387893677,0.08451154828071594,1.0692205429077148,0.05286995321512222
2,cross_scene,174,cross_scene_smooth_ap,0.9033214449882507,0.9029816389083862,0.02512061595916748,0.9230287671089172,0.10288608074188232,1.138780951499939,0.0943431705236435,0.9186384081840515,0.07226439565420151,1.1124345064163208,0.05494420975446701,0.921035885810852,0.11089824140071869,1.1873886585235596,0.10738341510295868
2,cross_scene,175,cross_scene_smooth_ap,0.9040302038192749,0.9133699536323547,0.04889702796936035,0.9026071429252625,0.11691512167453766,0.9935051202774048,0.10595166683197021,0.9041144847869873,0.09292326867580414,0.9920715093612671,0.07092343270778656,0.9040436148643494,0.11145541816949844,1.0332226753234863,0.09913875162601471
2,cross_scene,176,cross_scene_smooth_ap,0.8990991711616516,0.888825535774231,0.03757309913635254,0.9129582643508911,0.11441320180892944,1.0455769300460815,0.0815226286649704,0.9149378538131714,0.09164856374263763,1.0532792806625366,0.061976104974746704,0.9130085706710815,0.13006751239299774,1.0862040519714355,0.10232917964458466
2,cross_scene,177,cross_scene_smooth_ap,0.8564755916595459,0.8871226906776428,0.05753457546234131,0.9112094640731812,0.06636598706245422,1.0676840543746948,0.04374363645911217,0.9091984629631042,0.05732322111725807,1.0656373500823975,0.03629891946911812,0.9161850214004517,0.06424036622047424,1.106581449508667,0.04850425943732262
2,cross_scene,178,cross_scene_smooth_ap,0.8172991871833801,0.876068115234375,0.010135829448699951,0.8942686319351196,0.09297984838485718,0.9760363101959229,0.07319377362728119,0.8935879468917847,0.06562434136867523,0.9704583287239075,0.04312163591384888,0.8923959732055664,0.10636445134878159,0.9939273595809937,0.09774299710988998
2,cross_scene,179,cross_scene_smooth_ap,0.8871440291404724,0.8868374824523926,0.039983928203582764,0.9060539603233337,0.09977346658706665,1.0263620615005493,0.07251714915037155,0.913283109664917,0.10034028440713882,1.0404324531555176,0.07806821912527084,0.9083843231201172,0.10809837281703949,1.066606044769287,0.08929827809333801
2,cross_scene,180,cross_scene_smooth_ap,0.9803096652030945,0.9307165145874023,0.004541218280792236,0.9456413984298706,0.14600646495819092,1.2420730590820312,0.14561393857002258,0.9491443634033203,0.11580197513103485,1.1761274337768555,0.0945051908493042,0.9393054842948914,0.1517733633518219,1.2522289752960205,0.1504826545715332
2,cross_scene,181,cross_scene_smooth_ap,0.7974266409873962,0.8801387548446655,0.021096229553222656,0.8893871903419495,0.06601682305335999,0.995579719543457,0.04333062469959259,0.8901122808456421,0.05200796574354172,0.9822246432304382,0.03187691420316696,0.8936798572540283,0.07608212530612946,1.039299726486206,0.059107206761837006
2,cross_scene,182,cross_scene_smooth_ap,0.9230949282646179,0.8888780474662781,0.011837959289550781,0.9171635508537292,0.13402242958545685,1.1115541458129883,0.09969168901443481,0.9326006174087524,0.11787500977516174,1.127020239830017,0.08092760294675827,0.9256268739700317,0.1431494504213333,1.1753419637680054,0.11738088726997375
2,cross_scene,183,cross_scene_smooth_ap,0.7544259428977966,0.8812152743339539,0.001262664794921875,0.8922098875045776,0.06297379732131958,0.9528958797454834,0.043622516095638275,0.8935433626174927,0.03649630770087242,0.9312093257904053,0.023595141246914864,0.8918417692184448,0.07404502481222153,0.9556326866149902,0.0515940822660923
2,cross_scene,184,cross_scene_smooth_ap,0.8556591272354126,0.8812406063079834,0.020473241806030273,0.8952090740203857,0.11808378994464874,1.02410888671875,0.09895186871290207,0.8959855437278748,0.0701093003153801,1.0117149353027344,0.040726643055677414,0.8988639116287231,0.11447247862815857,1.0502519607543945,0.09178068488836288
2,cross_scene,185,cross_scene_smooth_ap,0.8520845770835876,0.8834584951400757,0.04739582538604736,0.8977375626564026,0.08406336605548859,1.0067304372787476,0.06733434647321701,0.8984838724136353,0.07533659040927887,1.0153001546859741,0.05017292499542236,0.9002459645271301,0.08194775134325027,1.0508286952972412,0.053332578390836716
2,cross_scene,186,cross_scene_smooth_ap,0.8609717488288879,0.8701769113540649,0.00598907470703125,0.8902236223220825,0.1430317759513855,1.007586121559143,0.11709533631801605,0.8917262554168701,0.08143384754657745,1.0010309219360352,0.04073598235845566,0.8938494920730591,0.1351926028728485,1.077085256576538,0.11176364123821259
2,cross_scene,187,cross_scene_smooth_ap,0.7826120853424072,0.8925385475158691,0.001659989356994629,0.9112580418586731,0.0805097222328186,0.9988548159599304,0.060800936073064804,0.907834529876709,0.0552198551595211,0.9775919914245605,0.02888317033648491,0.9077521562576294,0.06769280135631561,0.9896777868270874,0.040506865829229355
2,cross_scene,188,cross_scene_smooth_ap,0.9715576171875,0.8991814851760864,0.0886772871017456,0.9350954294204712,0.11780820786952972,1.076211929321289,0.09943527728319168,0.9319396018981934,0.09687848389148712,1.052091121673584,0.06367900222539902,0.9440552592277527,0.12706416845321655,1.1104673147201538,0.11085453629493713
2,cross_scene,189,cross_scene_smooth_ap,0.8184512257575989,0.8860819339752197,0.015819668769836426,0.9119314551353455,0.08461757749319077,1.0474995374679565,0.04689646512269974,0.9129716157913208,0.0477406308054924,1.027583122253418,0.02409733086824417,0.9092599153518677,0.09424389153718948,1.086938500404358,0.06145365536212921
2,cross_scene,190,cross_scene_smooth_ap,0.7942323684692383,0.8857125043869019,0.011066079139709473,0.9004445672035217,0.06507255136966705,0.9970211982727051,0.03751394897699356,0.9021928906440735,0.06955057382583618,1.0041682720184326,0.04431311786174774,0.9023334980010986,0.07123462110757828,1.0306252241134644,0.047005947679281235
2,cross_scene,191,cross_scene_smooth_ap,0.8333835601806641,0.8870957493782043,0.03558063507080078,0.9056447148323059,0.06805769354104996,1.0149180889129639,0.05008960887789726,0.9138992428779602,0.060763049870729446,1.0381747484207153,0.03707975149154663,0.9093554615974426,0.0803682804107666,1.0627776384353638,0.05950099229812622
2,cross_scene,192,cross_scene_smooth_ap,0.832773745059967,0.8751605749130249,0.00959169864654541,0.8919976353645325,0.10484439134597778,0.9814214706420898,0.08154284954071045,0.8965432643890381,0.09189414978027344,1.0179970264434814,0.06532435864210129,0.8925822377204895,0.09925176203250885,1.0053415298461914,0.07941588014364243
2,cross_scene,193,cross_scene_smooth_ap,0.9085866808891296,0.885927140712738,0.047470688819885254,0.9100202322006226,0.11823499947786331,1.0771379470825195,0.08859935402870178,0.9060522317886353,0.10194467753171921,1.0424387454986572,0.07340775430202484,0.9096777439117432,0.11142995953559875,1.1206345558166504,0.07626602053642273
2,cross_scene,194,cross_scene_smooth_ap,0.7717751264572144,0.8876264691352844,0.0016870498657226562,0.9105344414710999,0.05600615590810776,1.0068764686584473,0.0377994067966938,0.9114604592323303,0.04735897481441498,1.0018937587738037,0.024829618632793427,0.9171299338340759,0.056076206266880035,1.0531859397888184,0.036961741745471954
2,cross_scene,195,cross_scene_smooth_ap,0.8960549831390381,0.882020890712738,0.01635599136352539,0.9230434894561768,0.1261536180973053,1.0747177600860596,0.09652943164110184,0.9180101156234741,0.11521955579519272,1.0318691730499268,0.07904627919197083,0.9215317964553833,0.1358725130558014,1.0680389404296875,0.10488313436508179
2,cross_scene,196,cross_scene_smooth_ap,0.6936666965484619,0.8672680258750916,0.0017241239547729492,0.886246919631958,0.011049886234104633,0.9561296105384827,0.0016470877453684807,0.8879759311676025,0.006058454513549805,0.9566754698753357,3.988482058048248e-05,0.8893534541130066,0.02117624506354332,0.9825913906097412,0.007539892569184303
2,cross_scene,197,cross_scene_smooth_ap,0.9150570034980774,0.8894233107566833,0.03065788745880127,0.921442985534668,0.1430555135011673,1.0453531742095947,0.12798868119716644,0.9196885228157043,0.10716726630926132,1.0130122900009155,0.07785827666521072,0.922203540802002,0.12582997977733612,1.0840702056884766,0.09768304228782654
2,cross_scene,198,cross_scene_smooth_ap,0.7563968896865845,0.8746469020843506,0.00944894552230835,0.9009450078010559,0.05039134621620178,1.015622615814209,0.04299190640449524,0.9001998901367188,0.024873383343219757,1.0108345746994019,0.011810234747827053,0.9006717205047607,0.03545878827571869,1.0420150756835938,0.02418946847319603
2,cross_scene,199,cross_scene_smooth_ap,0.8464511632919312,0.8717028498649597,0.01211559772491455,0.8947593569755554,0.12210617959499359,1.0031147003173828,0.11102914810180664,0.8954783082008362,0.07066936790943146,0.9910480976104736,0.04074579477310181,0.8994220495223999,0.11507124453783035,1.0525612831115723,0.09388979524374008
2,cross_scene,200,cross_scene_smooth_ap,0.8177548050880432,0.8886189460754395,0.010889887809753418,0.9132914543151855,0.08118341863155365,1.034698486328125,0.050260029733181,0.9099205732345581,0.058965109288692474,1.0136088132858276,0.03718290105462074,0.9142894744873047,0.09553351998329163,1.0641772747039795,0.06572027504444122
2,cross_scene,201,cross_scene_smooth_ap,0.9375591278076172,0.8944618701934814,0.012473881244659424,0.9106693267822266,0.1597943753004074,1.0406657457351685,0.14348196983337402,0.9121186137199402,0.1360781341791153,1.02036452293396,0.09802290797233582,0.9121671915054321,0.17059381306171417,1.0532251596450806,0.14817096292972565
2,cross_scene,202,cross_scene_smooth_ap,0.8983285427093506,0.8816121816635132,0.017125964164733887,0.9124734997749329,0.1251574158668518,1.0037634372711182,0.09603116661310196,0.9211921691894531,0.1251072883605957,1.031752109527588,0.09948888421058655,0.9195378422737122,0.1348808854818344,1.059493064880371,0.11312828958034515
2,cross_scene,203,cross_scene_smooth_ap,0.7900299429893494,0.8768540620803833,2.8431415557861328e-05,0.9001871943473816,0.08547473698854446,1.0112838745117188,0.05963015556335449,0.9082281589508057,0.06674563139677048,1.0307823419570923,0.04080813378095627,0.898291826248169,0.0722217857837677,1.0104360580444336,0.03853509575128555
2,cross_scene,204,cross_scene_smooth_ap,0.7891077399253845,0.8700485825538635,0.011929094791412354,0.8907589912414551,0.08722863346338272,0.994880199432373,0.060405462980270386,0.8884201049804688,0.051139816641807556,0.9619855880737305,0.02627798169851303,0.8909173011779785,0.08078069984912872,0.9987138509750366,0.057608045637607574
2,cross_scene,205,cross_scene_smooth_ap,0.691771388053894,0.8692549467086792,3.5762786865234375e-07,0.8824734687805176,0.019102606922388077,0.9426478147506714,0.008931777440011501,0.8838824033737183,0.010375911369919777,0.9495276808738708,0.0037848642095923424,0.880889356136322,0.01872522570192814,0.9550824165344238,0.005408057011663914
2,cross_scene,206,cross_scene_smooth_ap,0.778157114982605,0.8683327436447144,0.034349262714385986,0.8915439248085022,0.05753272771835327,0.9878708720207214,0.02665790542960167,0.8926103115081787,0.03601594269275665,0.9677762389183044,0.0062310537323355675,0.8929482698440552,0.06704510003328323,1.0020558834075928,0.03514725714921951
2,cross_scene,207,cross_scene_smooth_ap,0.8062198162078857,0.8728067874908447,0.0009739995002746582,0.8879407644271851,0.09099695086479187,1.0115500688552856,0.06590570509433746,0.8904722929000854,0.06691206991672516,1.0011520385742188,0.038728274405002594,0.8910743594169617,0.10138506442308426,1.0492417812347412,0.07377118617296219
2,cross_scene,208,cross_scene_smooth_ap,0.7357683777809143,0.8698296546936035,0.003620743751525879,0.8890205025672913,0.05220019444823265,0.9650949239730835,0.030321769416332245,0.8895701169967651,0.02776394411921501,0.9595022201538086,0.011526796966791153,0.8894400596618652,0.04687970504164696,0.9893988370895386,0.029392914846539497
2,cross_scene,209,cross_scene_smooth_ap,0.8572877049446106,0.8742436170578003,0.04022890329360962,0.8988069891929626,0.09641273319721222,1.0023655891418457,0.08404091000556946,0.8948694467544556,0.07269011437892914,0.975649356842041,0.056222811341285706,0.8966158628463745,0.10201241821050644,1.003298282623291,0.09207728505134583
2,cross_scene,210,cross_scene_smooth_ap,0.7972760200500488,0.8688893914222717,5.638599395751953e-05,0.8822725415229797,0.09210653603076935,0.9691759943962097,0.07480593770742416,0.8840094804763794,0.08031362295150757,0.9727531671524048,0.06510020792484283,0.8841336965560913,0.08495303988456726,0.9915646314620972,0.06140629202127457
2,cross_scene,211,cross_scene_smooth_ap,0.8631142973899841,0.878145694732666,0.038581013679504395,0.8998749256134033,0.11707094311714172,0.983461856842041,0.08680380880832672,0.8994832634925842,0.09173212945461273,0.987173318862915,0.05703536048531532,0.9017657041549683,0.09642621874809265,1.039167881011963,0.0672764778137207
2,cross_scene,212,cross_scene_smooth_ap,0.8656120300292969,0.8899322152137756,0.014210999011993408,0.899757981300354,0.11300714313983917,1.0084155797958374,0.08705700933933258,0.9002594351768494,0.08804377913475037,0.995476245880127,0.05912860110402107,0.9033622741699219,0.1271020621061325,1.0836384296417236,0.11103002727031708
2,cross_scene,213,cross_scene_smooth_ap,0.775684118270874,0.8710921406745911,0.009243011474609375,0.894340455532074,0.07258092612028122,1.005489706993103,0.0508129708468914,0.8976325392723083,0.04131973534822464,0.9818978309631348,0.016546590253710747,0.8964259624481201,0.06823562830686569,1.0226404666900635,0.045700959861278534
2,cross_scene,214,cross_scene_smooth_ap,0.7950633764266968,0.8702437877655029,0.02337634563446045,0.8923791646957397,0.06224042922258377,0.9593071341514587,0.042333777993917465,0.8937599062919617,0.04934734106063843,0.9766800403594971,0.03176121786236763,0.8990755081176758,0.08602377027273178,1.0081772804260254,0.06833809614181519
2,cross_scene,215,cross_scene_smooth_ap,0.8662179708480835,0.8890724778175354,0.026154637336730957,0.9237200021743774,0.10584734380245209,1.0346086025238037,0.08397474139928818,0.9267223477363586,0.07475247979164124,1.0208594799041748,0.051039837300777435,0.9295865893363953,0.10021145641803741,1.1210815906524658,0.06982835382223129
2,cross_scene,216,cross_scene_smooth_ap,0.7834520936012268,0.8777201175689697,0.004433393478393555,0.9001466631889343,0.07380478084087372,1.033378005027771,0.0416128970682621,0.8990246653556824,0.05508703738451004,0.9939013719558716,0.031132686883211136,0.9014459252357483,0.06854082643985748,1.0476808547973633,0.04298407584428787
2,cross_scene,217,cross_scene_smooth_ap,0.7132757902145386,0.8710153102874756,2.47955322265625e-05,0.8909202814102173,0.028452154248952866,0.9892032146453857,0.014518103562295437,0.8948185443878174,0.003227229230105877,0.9827377796173096,0.0008949441835284233,0.8944185376167297,0.026718858629465103,1.0413525104522705,0.010360268875956535
2,cross_scene,218,cross_scene_smooth_ap,0.8017022013664246,0.8720622062683105,0.0013080835342407227,0.8903784155845642,0.09419123083353043,0.9902371168136597,0.07156400382518768,0.8962424993515015,0.06049671024084091,0.9813162088394165,0.031502366065979004,0.8957340717315674,0.09968312084674835,1.0288002490997314,0.07784071564674377
2,cross_scene,219,cross_scene_smooth_ap,0.9034070372581482,0.8944869041442871,0.019993603229522705,0.9287706017494202,0.12326361238956451,1.0581896305084229,0.0991525948047638,0.9320639371871948,0.11166799813508987,1.061474084854126,0.08308030664920807,0.9372673034667969,0.12166932225227356,1.1009241342544556,0.09410300105810165
2,cross_scene,220,cross_scene_smooth_ap,0.7263206243515015,0.861823320388794,0.01561594009399414,0.8799261450767517,0.03824619576334953,0.9242323040962219,0.015744183212518692,0.8800625801086426,0.01640930399298668,0.9402768015861511,0.0033318661153316498,0.8822628259658813,0.05191349983215332,0.9640814065933228,0.031736306846141815
2,cross_scene,221,cross_scene_smooth_ap,0.8801799416542053,0.8675028681755066,0.15984094142913818,0.8944315314292908,0.04156031087040901,0.9730589389801025,0.022083455696702003,0.8945478200912476,0.02156875655055046,0.9755673408508301,0.004486290737986565,0.894555926322937,0.03735478222370148,0.9784908890724182,0.016581976786255836
2,cross_scene,222,cross_scene_smooth_ap,0.7114644050598145,0.8597131967544556,0.001993417739868164,0.8807392120361328,0.030451525002717972,0.9569475054740906,0.01739264279603958,0.8839846253395081,0.023735634982585907,0.9559139609336853,0.006383229978382587,0.88437420129776,0.03494855388998985,0.9721057415008545,0.020570753142237663
2,cross_scene,223,cross_scene_smooth_ap,0.8613147735595703,0.8847893476486206,0.02092897891998291,0.9108245372772217,0.10551270842552185,1.076366901397705,0.08582252264022827,0.907168447971344,0.07780695706605911,1.0147230625152588,0.052901625633239746,0.9137123823165894,0.10067370533943176,1.0986157655715942,0.08023270964622498
2,cross_scene,224,cross_scene_smooth_ap,0.745309054851532,0.8780109286308289,0.0039255619049072266,0.8983325362205505,0.03753805160522461,0.9865918159484863,0.02079007960855961,0.8999493718147278,0.027626436203718185,0.9869189262390137,0.008603816851973534,0.907854437828064,0.04774419590830803,1.0719640254974365,0.028016623109579086
2,cross_scene,225,cross_scene_smooth_ap,0.8053079843521118,0.8790555596351624,0.005260884761810303,0.9158474802970886,0.08404289186000824,1.013124942779541,0.05623169243335724,0.913819432258606,0.06650986522436142,1.0146554708480835,0.03982410952448845,0.9148720502853394,0.08027765899896622,1.0490853786468506,0.053778328001499176
2,cross_scene,226,cross_scene_smooth_ap,0.8062439560890198,0.8699225187301636,0.0048732757568359375,0.8959885835647583,0.09099266678094864,0.9708157777786255,0.07135935127735138,0.9017493724822998,0.059978507459163666,0.9917129278182983,0.0353495255112648,0.900084912776947,0.10296574234962463,1.0189518928527832,0.08181329071521759
2,cross_scene,227,cross_scene_smooth_ap,0.7810122966766357,0.8850013017654419,0.0003472566604614258,0.8975748419761658,0.06900854408740997,0.9849821329116821,0.045988403260707855,0.9020512700080872,0.03762596845626831,0.9517541527748108,0.016993384808301926,0.9020817279815674,0.10045480728149414,1.016693353652954,0.08254189044237137
2,cross_scene,228,cross_scene_smooth_ap,0.8633559942245483,0.8845934867858887,0.007480025291442871,0.9109150767326355,0.10716840624809265,1.030876874923706,0.07886821031570435,0.9153258800506592,0.09965812414884567,1.0483227968215942,0.07435892522335052,0.9109284281730652,0.12114117294549942,1.0646430253982544,0.09737810492515564
2,cross_scene,229,cross_scene_smooth_ap,0.8300683498382568,0.8708644509315491,0.08571696281433105,0.8952624797821045,0.04713359475135803,0.9873601794242859,0.03187551721930504,0.8948391675949097,0.02363695204257965,0.9660763144493103,0.007905805483460426,0.9011308550834656,0.061028167605400085,1.0237030982971191,0.0455036535859108
2,cross_scene,230,cross_scene_smooth_ap,0.7142614722251892,0.8678602576255798,4.410743713378906e-06,0.8911083340644836,0.029285352677106857,0.9932175874710083,0.011784875765442848,0.8909335732460022,0.016508612781763077,0.959968090057373,0.009032615460455418,0.8902006149291992,0.02501579001545906,1.0253825187683105,0.0139369647949934
2,cross_scene,231,cross_scene_smooth_ap,0.887632429599762,0.8724942207336426,0.01651102304458618,0.8949761986732483,0.14308133721351624,0.9969637393951416,0.12114261090755463,0.8989434838294983,0.1137445718050003,1.0113285779953003,0.08488226681947708,0.8962547183036804,0.13381969928741455,1.01183021068573,0.11188840866088867
2,cross_scene,232,cross_scene_smooth_ap,0.7601785063743591,0.8682729005813599,0.0,0.8886356949806213,0.06801460683345795,1.0052794218063354,0.03774864226579666,0.8874346613883972,0.028146978467702866,0.9862338304519653,0.007401350885629654,0.8870614767074585,0.08219859004020691,1.0103819370269775,0.06058831512928009
2,cross_scene,233,cross_scene_smooth_ap,0.7768201231956482,0.8858475685119629,7.677078247070312e-05,0.9055870175361633,0.0607418455183506,1.0442640781402588,0.0375424399971962,0.9115579128265381,0.033271778374910355,1.0467069149017334,0.015549033880233765,0.9105122685432434,0.06566182523965836,1.070166826248169,0.0454271137714386
2,cross_scene,234,cross_scene_smooth_ap,0.8105353713035583,0.8805997967720032,0.011717081069946289,0.899781346321106,0.08326631039381027,0.9918375611305237,0.061684466898441315,0.9009266495704651,0.06640985608100891,0.9947429895401001,0.03927183151245117,0.9010539054870605,0.0942491739988327,1.0069199800491333,0.07137106359004974
2,cross_scene,235,cross_scene_smooth_ap,0.7877048850059509,0.8712369799613953,1.430511474609375e-06,0.8899895548820496,0.0954781249165535,1.041371464729309,0.08780684322118759,0.8893800377845764,0.026847640052437782,1.0011346340179443,0.005548541434109211,0.889777660369873,0.08261816203594208,1.0365797281265259,0.06519995629787445
2,cross_scene,236,cross_scene_smooth_ap,0.7242133021354675,0.8728094100952148,4.9233436584472656e-05,0.8915887475013733,0.04435174912214279,0.9798870086669922,0.031880322843790054,0.8909290432929993,0.009928960353136063,0.9611960053443909,0.0024170121178030968,0.8918825387954712,0.03798438608646393,0.9995976686477661,0.02559082582592964
2,cross_scene,237,cross_scene_smooth_ap,0.869699239730835,0.8679357171058655,0.036106109619140625,0.8938727378845215,0.10394773632287979,0.9944026470184326,0.08531973510980606,0.8923410177230835,0.08794248104095459,0.9744737148284912,0.06840690970420837,0.8977195620536804,0.11971379071474075,1.0369715690612793,0.10451249778270721
2,cross_scene,238,cross_scene_smooth_ap,0.7589355111122131,0.8734221458435059,7.18832015991211e-05,0.8970351219177246,0.06305474042892456,1.013472080230713,0.03908049687743187,0.8983997106552124,0.04246121272444725,0.9825921058654785,0.0197773277759552,0.897139847278595,0.06092702969908714,1.0074855089187622,0.03802325949072838
2,cross_scene,239,cross_scene_smooth_ap,0.8569743633270264,0.883309543132782,0.00948631763458252,0.9091141223907471,0.11857758462429047,0.9937543869018555,0.09902767837047577,0.9126078486442566,0.09012259542942047,0.9921044111251831,0.06566491723060608,0.9122072458267212,0.11774614453315735,1.0312249660491943,0.09849922358989716
2,cross_scene,240,cross_scene_smooth_ap,0.8808767199516296,0.8893966674804688,0.03238636255264282,0.9182784557342529,0.09309175610542297,1.0600413084030151,0.07770714163780212,0.9176052212715149,0.0879395604133606,1.0527336597442627,0.06810999661684036,0.9189738631248474,0.09823210537433624,1.1044237613677979,0.08879877626895905
2,cross_scene,241,cross_scene_smooth_ap,0.9473644495010376,0.8756742477416992,0.14886313676834106,0.9009729623794556,0.0943782776594162,1.0105936527252197,0.07906608283519745,0.9024404287338257,0.05221349000930786,1.0043379068374634,0.02913833037018776,0.9027782082557678,0.08171813189983368,1.0440882444381714,0.060079410672187805
2,cross_scene,242,cross_scene_smooth_ap,0.8296451568603516,0.869873583316803,0.004298031330108643,0.8937740325927734,0.11637113988399506,0.976980984210968,0.08306720107793808,0.8952628374099731,0.0971144586801529,0.9799526929855347,0.06960038840770721,0.8926904797554016,0.11210647970438004,1.0001195669174194,0.0736616998910904
2,cross_scene,243,cross_scene_smooth_ap,0.7652652859687805,0.8638362884521484,0.010468542575836182,0.8823384046554565,0.059747450053691864,0.9433638453483582,0.0396626815199852,0.8895211815834045,0.06239530071616173,0.9671413898468018,0.040842678397893906,0.8871246576309204,0.061982885003089905,0.979762077331543,0.04096909612417221
2,cross_scene,244,cross_scene_smooth_ap,0.782541036605835,0.8725525736808777,0.0009444355964660645,0.8970787525177002,0.07957478612661362,0.9826822280883789,0.05195348709821701,0.8979111909866333,0.06086749583482742,0.9728624224662781,0.03473491966724396,0.8922779560089111,0.08328087627887726,0.9913164377212524,0.06537921726703644
2,cross_scene,245,cross_scene_smooth_ap,0.7609342932701111,0.8816433548927307,0.013228356838226318,0.9027603268623352,0.0411507710814476,0.9983010292053223,0.018464047461748123,0.9055795073509216,0.028089560568332672,0.9888027310371399,0.007818276062607765,0.9042894840240479,0.06113521009683609,1.039963960647583,0.03929012268781662
2,cross_scene,246,cross_scene_smooth_ap,0.7824303507804871,0.8744418621063232,0.000693202018737793,0.8957237601280212,0.07751010358333588,0.9621829986572266,0.06584081053733826,0.8990907073020935,0.05863995850086212,0.9758075475692749,0.03528504818677902,0.8991883993148804,0.08166620880365372,0.977608859539032,0.06369718909263611
2,cross_scene,247,cross_scene_smooth_ap,0.8582515120506287,0.8758953809738159,0.05662500858306885,0.8929530382156372,0.09956147521734238,0.9650695323944092,0.086757130920887,0.8959715962409973,0.07251834869384766,0.9715995788574219,0.05567365139722824,0.8960689306259155,0.08411286026239395,0.9828333854675293,0.06382159888744354
2,cross_scene,248,cross_scene_smooth_ap,0.8189407587051392,0.8769766092300415,0.03346925973892212,0.9019163846969604,0.0776766985654831,1.0214877128601074,0.06037112697958946,0.8993328213691711,0.06636004894971848,0.9964662790298462,0.04827931150794029,0.9027741551399231,0.060797832906246185,1.022429347038269,0.036622304469347
2,cross_scene,249,cross_scene_smooth_ap,0.8489565849304199,0.874605119228363,0.001132667064666748,0.9002005457878113,0.10733169317245483,1.021167278289795,0.07680647075176239,0.9021122455596924,0.09206493943929672,1.023451805114746,0.06843799352645874,0.9073582291603088,0.12577258050441742,1.069789171218872,0.10491716116666794
2,cross_scene,250,cross_scene_smooth_ap,0.7657597064971924,0.8651270866394043,0.00039690732955932617,0.8920384645462036,0.07131142169237137,0.9767176508903503,0.0434749536216259,0.8903059959411621,0.05662357062101364,0.9868075847625732,0.03202947974205017,0.8883026242256165,0.0730079934000969,0.9802511930465698,0.048402078449726105
2,cross_scene,251,cross_scene_smooth_ap,0.8071319460868835,0.8711506128311157,0.004398465156555176,0.8959660530090332,0.08804357051849365,0.9725662469863892,0.06818383932113647,0.9023709297180176,0.07736997306346893,1.003127932548523,0.07368091493844986,0.8973942995071411,0.08001486957073212,1.0035200119018555,0.06084173917770386
2,cross_scene,252,cross_scene_smooth_ap,0.7815068960189819,0.874815046787262,0.03389817476272583,0.9003207683563232,0.04341210424900055,1.0213656425476074,0.02571415901184082,0.9054265022277832,0.03868184611201286,1.0167182683944702,0.020636029541492462,0.9092249870300293,0.035207249224185944,1.0541303157806396,0.016239795833826065
2,cross_scene,253,cross_scene_smooth_ap,0.8253416419029236,0.8605197668075562,0.016098618507385254,0.8896681070327759,0.09480848163366318,1.0166480541229248,0.0793561041355133,0.8842694759368896,0.07651322335004807,0.9746968746185303,0.057306353002786636,0.8893248438835144,0.093690887093544,1.028877854347229,0.08028242737054825
2,cross_scene,254,cross_scene_smooth_ap,0.7526739239692688,0.8611137270927429,0.003246784210205078,0.877862811088562,0.06346283107995987,0.9466882944107056,0.043960414826869965,0.8801625967025757,0.044464826583862305,0.9404187798500061,0.02240115776658058,0.8793944120407104,0.07500356435775757,0.9732439517974854,0.05471165105700493
2,cross_scene,255,cross_scene_smooth_ap,0.72104811668396,0.865584671497345,0.001980125904083252,0.8862223625183105,0.030147653073072433,0.9721863269805908,0.01093645766377449,0.8892248272895813,0.02294817566871643,0.9689245223999023,0.006721789948642254,0.8897091746330261,0.04619376361370087,1.0081803798675537,0.02225693315267563
2,cross_scene,256,cross_scene_smooth_ap,0.830411970615387,0.8694336414337158,0.021243155002593994,0.8930914998054504,0.09664064645767212,0.9924218654632568,0.07263883948326111,0.8938394784927368,0.0765593945980072,0.9718525409698486,0.042544055730104446,0.8970165252685547,0.10869775712490082,1.007256269454956,0.08500146120786667
2,cross_scene,257,cross_scene_smooth_ap,0.7462031841278076,0.8591507077217102,0.012884020805358887,0.8832129240036011,0.05278930440545082,0.9588375091552734,0.027164768427610397,0.8799569606781006,0.03956498205661774,0.9406437873840332,0.014155048877000809,0.883454442024231,0.06284239888191223,0.9775141477584839,0.03640265762805939
2,cross_scene,258,cross_scene_smooth_ap,0.8361573219299316,0.8704569339752197,0.007474005222320557,0.899700403213501,0.12308159470558167,0.9747649431228638,0.09349018335342407,0.8987714648246765,0.09315814822912216,0.9534264802932739,0.06619501113891602,0.8972612619400024,0.11434349417686462,0.9765127897262573,0.08719544112682343
2,cross_scene,259,cross_scene_smooth_ap,0.8681682348251343,0.8900824785232544,0.06782543659210205,0.9182762503623962,0.07422839105129242,1.0751897096633911,0.05013597011566162,0.9188278317451477,0.04450109601020813,1.0502289533615112,0.033095117658376694,0.9294112920761108,0.05991873890161514,1.1528806686401367,0.034471068531274796
2,cross_scene,260,cross_scene_smooth_ap,0.7764906287193298,0.87103271484375,0.0010110735893249512,0.8965408802032471,0.06617337465286255,0.9813765287399292,0.04712310805916786,0.8954254984855652,0.06527426838874817,0.9958118200302124,0.0425441637635231,0.8962897658348083,0.07060271501541138,1.0059213638305664,0.048712436109781265
