fold,endpoint,role,window,metric,count,undefined,zeros,mean,median,p10,p90,minimum,maximum
0,control,cnn,all,fused_norm,260,0,0,0.13927166057676985,0.14295024087292008,0.10885003173871784,0.16449270872000435,0.012123259383705991,0.18130036253306311
0,control,cnn,all,other_norm,260,0,0,0.22285783711517698,0.22121359010383582,0.14558585350024694,0.29970252404141445,0.048408767550278876,0.3844025256011825
0,control,cnn,all,full_norm,260,0,0,0.31353921269410456,0.30485213973579217,0.23329831123022568,0.40239782901282517,0.05187554539827457,0.5322965043438168
0,control,cnn,all,fused_other_ratio,260,0,0,0.6614243184242172,0.6093016159662774,0.4798447640868032,0.8904524225593534,0.25043520001029546,1.8143357808307856
0,control,cnn,all,fused_full_ratio,260,0,0,0.4566469764100328,0.4510380000201563,0.3449617326862789,0.5869934452810848,0.2336989286691764,0.7814843505858065
0,control,cnn,all,fused_other_cosine,260,0,0,0.47131975931939957,0.4122386508101376,0.23414226360384735,0.864768474053373,0.024027341319487153,0.9451645968628472
0,control,cnn,all,fused_full_cosine,260,0,0,0.784090433559357,0.7707460147676786,0.6614017567757332,0.941810419670742,0.39322600822395304,0.9745838358937164
0,control,cnn,all,current_repeat_difference,260,0,260,0.0,0.0,0.0,0.0,0.0,0.0
0,control,cnn,all,history_repeat_difference,260,0,260,0.0,0.0,0.0,0.0,0.0,0.0
0,control,cnn,all,history_repeat_norm,260,0,66,0.12114882034492165,0.15046958939351873,0.0,0.19288391856020815,0.0,0.2476155564853879
0,control,cnn,all,fused_loss,260,0,0,0.09818854763960609,0.10075879096984863,0.030334397777915002,0.16097628474235534,0.00021969154477119446,0.22850501537322998
0,control,cnn,all,other_loss,260,0,0,0.7335643967756859,0.7259747982025146,0.6797591209411621,0.7945362806320191,0.6595476269721985,0.8584370613098145
0,control,cnn,all,current_identity_error,260,0,0,0.000647855898146583,0.0006313209541137952,0.0005436859191775798,0.0007924976495406888,0.00046564866746253916,0.0009580627337035011
0,control,cnn,all,full_identity_error,260,0,0,0.0007604636882229045,0.0007530173423640105,0.0006756545502079228,0.0008433982454376487,0.000591132554768935,0.0009580627337035011
0,control,cnn,warmup,fused_norm,65,0,0,0.12233951602120473,0.12808855680512365,0.08267056124047951,0.16122525103572224,0.012123259383705991,0.18028600414362644
0,control,cnn,warmup,other_norm,65,0,0,0.2302871782422851,0.23067759883773642,0.13408179271561918,0.317327871075601,0.048408767550278876,0.370723352678438
0,control,cnn,warmup,full_norm,65,0,0,0.3393782336588682,0.34546256519081625,0.20497218894503624,0.4561952542449484,0.05187554539827457,0.5322965043438168
0,control,cnn,warmup,fused_other_ratio,65,0,0,0.5416158904837289,0.5238286842870011,0.44333561413462763,0.6841644182562392,0.25043520001029546,0.9998545834110485
0,control,cnn,warmup,fused_full_ratio,65,0,0,0.3625841307007625,0.3599223501938698,0.3203115442889387,0.41779018867219,0.2336989286691764,0.5304096768882683
0,control,cnn,warmup,fused_other_cosine,65,0,0,0.8146832913699493,0.8504202014931564,0.7099058221434056,0.9050741858951247,0.170962984693482,0.9451645968628472
0,control,cnn,warmup,fused_full_cosine,65,0,0,0.9128667929556455,0.9358489540928581,0.8690997840946457,0.9620865778522848,0.39322600822395304,0.9745838358937164
0,control,cnn,warmup,current_repeat_difference,65,0,65,0.0,0.0,0.0,0.0,0.0,0.0
0,control,cnn,warmup,history_repeat_difference,65,0,65,0.0,0.0,0.0,0.0,0.0,0.0
0,control,cnn,warmup,history_repeat_norm,65,0,65,0.0,0.0,0.0,0.0,0.0,0.0
0,control,cnn,warmup,fused_loss,65,0,0,0.043460205684487635,0.03709546476602554,0.009980442002415657,0.08520201593637466,0.00021969154477119446,0.11005520820617676
0,control,cnn,warmup,other_loss,65,0,0,0.7345412410222567,0.7246814966201782,0.6763832211494446,0.7957792162895203,0.6595476269721985,0.8472099304199219
0,control,cnn,warmup,current_identity_error,65,0,0,0.0007708761161699571,0.0007618322389354388,0.0006876460140380104,0.0008594408405732452,0.000591132554768935,0.0009580627337035011
0,control,cnn,warmup,full_identity_error,65,0,0,0.0007708761161699571,0.0007618322389354388,0.0006876460140380104,0.0008594408405732452,0.000591132554768935,0.0009580627337035011
0,control,cnn,active,fused_norm,195,0,0,0.14491570876195822,0.14507518581441495,0.12665882816705432,0.16449616194480182,0.07833792811359477,0.18130036253306311
0,control,cnn,active,other_norm,195,0,0,0.2203813900728076,0.2200772373033211,0.15456034704035895,0.29363391078330575,0.05496652194478301,0.3844025256011825
0,control,cnn,active,full_norm,195,0,0,0.30492620570585005,0.3002390678288331,0.23600602313415522,0.38217277780611086,0.1153915617287039,0.45856141262519806
0,control,cnn,active,fused_other_ratio,195,0,0,0.7013604610710467,0.6593472559791225,0.5094250305076659,0.9441418577775283,0.3565860065537257,1.8143357808307856
0,control,cnn,active,fused_full_ratio,195,0,0,0.48800125831312297,0.47415512923392716,0.38895938613073244,0.6012812738436402,0.29891865678049817,0.7814843505858065
0,control,cnn,active,fused_other_cosine,195,0,0,0.356865248635883,0.36257916205567386,0.2098160244831741,0.5141177576173895,0.024027341319487153,0.6595082385594825
0,control,cnn,active,fused_full_cosine,195,0,0,0.741164980427261,0.7511222288048802,0.6540317114925099,0.8250876175811118,0.5408659469342924,0.9118498743424996
0,control,cnn,active,current_repeat_difference,195,0,195,0.0,0.0,0.0,0.0,0.0,0.0
0,control,cnn,active,history_repeat_difference,195,0,195,0.0,0.0,0.0,0.0,0.0,0.0
0,control,cnn,active,history_repeat_norm,195,0,1,0.16153176045989553,0.1626589690622933,0.12239787480471158,0.2009408693127884,0.0,0.2476155564853879
0,control,cnn,active,fused_loss,195,0,0,0.11643132829131224,0.11048053950071335,0.07115786224603654,0.16593298614025115,0.02659064531326294,0.22850501537322998
0,control,cnn,active,other_loss,195,0,0,0.7332387820268289,0.727475643157959,0.6823260307312011,0.7914770007133484,0.6611179709434509,0.8584370613098145
0,control,cnn,active,current_identity_error,195,0,0,0.0006068491588054583,0.0006062936356940364,0.0005344800476372832,0.0006864214689543266,0.00046564866746253916,0.0007763514908771133
0,control,cnn,active,full_identity_error,195,0,0,0.0007569928789072204,0.0007503045051567126,0.0006750186442639339,0.0008404168975815374,0.0006322626614406046,0.000923628755911728
0,control,cnn,last65,fused_norm,65,0,0,0.14591870047977287,0.14605588066579464,0.13015453681547806,0.16093168231887844,0.10634787285012344,0.17659220457083807
0,control,cnn,last65,other_norm,65,0,0,0.24490846158976623,0.2424264516269896,0.19150240555772793,0.30202528276184426,0.141942893634373,0.3844025256011825
0,control,cnn,last65,full_norm,65,0,0,0.3299011497150334,0.3268232346903266,0.2737045284757275,0.40085586575306453,0.18095645586659106,0.45856141262519806
0,control,cnn,last65,fused_other_ratio,65,0,0,0.6168650193869807,0.5963888279724061,0.4862639082550421,0.7535732041754821,0.3565860065537257,1.2109270932215186
0,control,cnn,last65,fused_full_ratio,65,0,0,0.44991200570752804,0.4472045604357026,0.37897648688802543,0.5222489370868741,0.29891865678049817,0.6338182460367583
0,control,cnn,last65,fused_other_cosine,65,0,0,0.37999726153143554,0.391795465919451,0.24531845036752006,0.5205611298654476,0.04262610414399104,0.6079033824376493
0,control,cnn,last65,fused_full_cosine,65,0,0,0.7279847436550461,0.732743073571259,0.6540317114925099,0.7967157078654394,0.5855980879315218,0.8896608011786515
0,control,cnn,last65,current_repeat_difference,65,0,65,0.0,0.0,0.0,0.0,0.0,0.0
0,control,cnn,last65,history_repeat_difference,65,0,65,0.0,0.0,0.0,0.0,0.0,0.0
0,control,cnn,last65,history_repeat_norm,65,0,0,0.16420259135809145,0.16121366508409202,0.12763274860579432,0.20056418053030944,0.0972730998467371,0.23142816913377437
0,control,cnn,last65,fused_loss,65,0,0,0.12313186285587457,0.12480383366346359,0.08428294956684113,0.16927745938301086,0.05500428378582001,0.1974869817495346
0,control,cnn,last65,other_loss,65,0,0,0.7495175719261169,0.7459275722503662,0.6959278106689453,0.8089246034622193,0.6611179709434509,0.8584370613098145
0,control,cnn,last65,current_identity_error,65,0,0,0.0006173478390953644,0.0006078744394218356,0.0005485819333603097,0.0006884188228728241,0.0005136118276559793,0.0007763514908771133
0,control,cnn,last65,full_identity_error,65,0,0,0.0007587738544961444,0.0007509440127170529,0.0006954329837262022,0.0008320466045164048,0.0006457374133933942,0.000923628755911728
0,control,transformer,all,fused_norm,260,0,0,0.20028651808068687,0.20397982984770857,0.15351062447187672,0.2483793372357138,0.017382874862005862,0.33263506903767276
0,control,transformer,all,other_norm,260,0,0,0.2669600923603884,0.2679801706307575,0.15215398337404903,0.37975454163654143,0.049452284769686466,0.5271163672463105
0,control,transformer,all,full_norm,260,0,0,0.39898486625826585,0.3943838615702649,0.2713044367548312,0.5324436438242621,0.06840206657272958,0.7168767821837009
0,control,transformer,all,fused_other_ratio,260,0,0,0.832980419299391,0.7368186577709257,0.5200111725129916,1.225049388829201,0.21529086483732077,5.0204929175388635
0,control,transformer,all,fused_full_ratio,260,0,0,0.5191497285843488,0.5038324503569593,0.38312591536919277,0.6925108755664963,0.1890632571876336,0.9562739284082874
0,control,transformer,all,fused_other_cosine,260,0,0,0.43504924873697814,0.39325689126335817,0.14037959914378736,0.8088523907788593,-0.07950884707242437,0.9204876201475833
0,control,transformer,all,fused_full_cosine,260,0,0,0.8013273338864304,0.8066391694422124,0.6631549360995243,0.9372787014780756,0.17566367958313656,0.9820243784693186
0,control,transformer,all,current_repeat_difference,260,0,260,0.0,0.0,0.0,0.0,0.0,0.0
0,control,transformer,all,history_repeat_difference,260,0,260,0.0,0.0,0.0,0.0,0.0,0.0
0,control,transformer,all,history_repeat_norm,260,0,66,0.18927486390647766,0.23139848936825744,0.0,0.30603105526773655,0.0,0.3934926853755068
0,control,transformer,all,fused_loss,260,0,0,0.09818854763960609,0.10075879096984863,0.030334397777915002,0.16097628474235534,0.00021969154477119446,0.22850501537322998
0,control,transformer,all,other_loss,260,0,0,0.7335643967756859,0.7259747982025146,0.6797591209411621,0.7945362806320191,0.6595476269721985,0.8584370613098145
0,control,transformer,all,current_identity_error,260,0,0,0.000647855898146583,0.0006313209541137952,0.0005436859191775798,0.0007924976495406888,0.00046564866746253916,0.0009580627337035011
0,control,transformer,all,full_identity_error,260,0,0,0.0007604636882229045,0.0007530173423640105,0.0006756545502079228,0.0008433982454376487,0.000591132554768935,0.0009580627337035011
0,control,transformer,warmup,fused_norm,65,0,0,0.18465157384320455,0.19138416785980697,0.11593760728147107,0.24537936326298904,0.017382874862005862,0.33263506903767276
0,control,transformer,warmup,other_norm,65,0,0,0.2631651280025803,0.2652998700785152,0.14996870714141394,0.3677135381695092,0.06755237182230557,0.4518035225009881
0,control,transformer,warmup,full_norm,65,0,0,0.4228920871609725,0.4259805637096737,0.2629634750072652,0.5847991353034593,0.06840206657272958,0.7168767821837009
0,control,transformer,warmup,fused_other_ratio,65,0,0,0.7261662509477187,0.6645259169438678,0.512455376583729,1.0468919489330264,0.21529086483732077,1.4571078479284918
0,control,transformer,warmup,fused_full_ratio,65,0,0,0.43761089044718626,0.42064296562826825,0.3489546743370161,0.5581487624584888,0.1890632571876336,0.7113950205415547
0,control,transformer,warmup,fused_other_cosine,65,0,0,0.7530459860688412,0.7947111753635137,0.5980071717525958,0.870017510486041,-0.07950884707242437,0.9204876201475833
0,control,transformer,warmup,fused_full_cosine,65,0,0,0.9055040470777022,0.9306612925267402,0.8569097263483886,0.9531545959736873,0.17566367958313656,0.9711885276472878
0,control,transformer,warmup,current_repeat_difference,65,0,65,0.0,0.0,0.0,0.0,0.0,0.0
0,control,transformer,warmup,history_repeat_difference,65,0,65,0.0,0.0,0.0,0.0,0.0,0.0
0,control,transformer,warmup,history_repeat_norm,65,0,65,0.0,0.0,0.0,0.0,0.0,0.0
0,control,transformer,warmup,fused_loss,65,0,0,0.043460205684487635,0.03709546476602554,0.009980442002415657,0.08520201593637466,0.00021969154477119446,0.11005520820617676
0,control,transformer,warmup,other_loss,65,0,0,0.7345412410222567,0.7246814966201782,0.6763832211494446,0.7957792162895203,0.6595476269721985,0.8472099304199219
0,control,transformer,warmup,current_identity_error,65,0,0,0.0007708761161699571,0.0007618322389354388,0.0006876460140380104,0.0008594408405732452,0.000591132554768935,0.0009580627337035011
0,control,transformer,warmup,full_identity_error,65,0,0,0.0007708761161699571,0.0007618322389354388,0.0006876460140380104,0.0008594408405732452,0.000591132554768935,0.0009580627337035011
0,control,transformer,active,fused_norm,195,0,0,0.20549816615984765,0.20535108970855534,0.167178941881288,0.24769129190620337,0.11833485964924567,0.3228051248351734
0,control,transformer,active,other_norm,195,0,0,0.2682250804796578,0.272958026215637,0.15622279462534955,0.3819845276375538,0.049452284769686466,0.5271163672463105
0,control,transformer,active,full_norm,195,0,0,0.3910157926240303,0.3848021982210145,0.2735321210613063,0.5114976548180155,0.17301388933886025,0.6799067473317355
0,control,transformer,active,fused_other_ratio,195,0,0,0.8685851420832819,0.7609404052734628,0.5228580466589383,1.28421060009292,0.40007554853834526,5.0204929175388635
0,control,transformer,active,fused_full_ratio,195,0,0,0.5463293412967363,0.5301276255038415,0.39617844166843924,0.7045336096350546,0.3101359022408743,0.9562739284082874
0,control,transformer,active,fused_other_cosine,195,0,0,0.32905033629302377,0.331815733033847,0.12171625580419815,0.5338120196277506,0.006001152017680315,0.9140844962295775
0,control,transformer,active,fused_full_cosine,195,0,0,0.7666017628226731,0.7704232864114713,0.6511044157484357,0.8753033436035516,0.39841276077440485,0.9820243784693186
0,control,transformer,active,current_repeat_difference,195,0,195,0.0,0.0,0.0,0.0,0.0,0.0
0,control,transformer,active,history_repeat_difference,195,0,195,0.0,0.0,0.0,0.0,0.0,0.0
0,control,transformer,active,history_repeat_norm,195,0,1,0.25236648520863686,0.2547489989751727,0.19253523274829792,0.31495902046125235,0.0,0.3934926853755068
0,control,transformer,active,fused_loss,195,0,0,0.11643132829131224,0.11048053950071335,0.07115786224603654,0.16593298614025115,0.02659064531326294,0.22850501537322998
0,control,transformer,active,other_loss,195,0,0,0.7332387820268289,0.727475643157959,0.6823260307312011,0.7914770007133484,0.6611179709434509,0.8584370613098145
0,control,transformer,active,current_identity_error,195,0,0,0.0006068491588054583,0.0006062936356940364,0.0005344800476372832,0.0006864214689543266,0.00046564866746253916,0.0007763514908771133
0,control,transformer,active,full_identity_error,195,0,0,0.0007569928789072204,0.0007503045051567126,0.0006750186442639339,0.0008404168975815374,0.0006322626614406046,0.000923628755911728
0,control,transformer,last65,fused_norm,65,0,0,0.20933698135633985,0.20746320984503444,0.16907353848644796,0.24951186298868558,0.1374639551833239,0.3228051248351734
0,control,transformer,last65,other_norm,65,0,0,0.29908940898580244,0.30125715583976814,0.19593494502575748,0.3928703088858253,0.09365380100295774,0.45062527260031043
0,control,transformer,last65,full_norm,65,0,0,0.42351257656561714,0.43365134125677574,0.30713269589318454,0.5276149597692665,0.18543333832127926,0.5823624754563026
0,control,transformer,last65,fused_other_ratio,65,0,0,0.7502658345628712,0.7100666220428874,0.4875142571414566,1.0264812209162475,0.40007554853834526,1.5634504525389863
0,control,transformer,last65,fused_full_ratio,65,0,0,0.508078924809396,0.5022778496322021,0.38500177309535527,0.6501167933502976,0.3305357703017427,0.7896264980484784
0,control,transformer,last65,fused_other_cosine,65,0,0,0.3518416453592896,0.3539639793196406,0.16615010437971225,0.5382540553459355,0.022437210577820967,0.7244436718394401
0,control,transformer,last65,fused_full_cosine,65,0,0,0.7499964544977513,0.7599028868495159,0.6339194782955886,0.8403239614319533,0.39841276077440485,0.9558856389436655
0,control,transformer,last65,current_repeat_difference,65,0,65,0.0,0.0,0.0,0.0,0.0,0.0
0,control,transformer,last65,history_repeat_difference,65,0,65,0.0,0.0,0.0,0.0,0.0,0.0
0,control,transformer,last65,history_repeat_norm,65,0,0,0.25792637751300995,0.255458712819718,0.201896979724443,0.31514176842669894,0.12928805705616025,0.36211523460845285
0,control,transformer,last65,fused_loss,65,0,0,0.12313186285587457,0.12480383366346359,0.08428294956684113,0.16927745938301086,0.05500428378582001,0.1974869817495346
0,control,transformer,last65,other_loss,65,0,0,0.7495175719261169,0.7459275722503662,0.6959278106689453,0.8089246034622193,0.6611179709434509,0.8584370613098145
0,control,transformer,last65,current_identity_error,65,0,0,0.0006173478390953644,0.0006078744394218356,0.0005485819333603097,0.0006884188228728241,0.0005136118276559793,0.0007763514908771133
0,control,transformer,last65,full_identity_error,65,0,0,0.0007587738544961444,0.0007509440127170529,0.0006954329837262022,0.0008320466045164048,0.0006457374133933942,0.000923628755911728
0,control,mamba,all,fused_norm,260,0,0,0.16529033373542493,0.16879459873766073,0.1252181202316449,0.19457198160265482,0.01574064907642211,0.24511253539620548
0,control,mamba,all,other_norm,260,0,0,0.27580959722139775,0.2796405299499556,0.18120234081863315,0.3625209554676069,0.06693569317404541,0.45351083504781975
0,control,mamba,all,full_norm,260,0,0,0.3804124232980336,0.3750904093463411,0.2901325384773034,0.48230931276677286,0.08424447312317167,0.6368993709093108
0,control,mamba,all,fused_other_ratio,260,0,0,0.6264666759593422,0.5908752177706105,0.46849013808796103,0.8170336711251427,0.14502576270872647,1.5907602866747985
0,control,mamba,all,fused_full_ratio,260,0,0,0.4445326049548006,0.4351389415973618,0.34540457361275545,0.554821355922083,0.13426707979018856,0.7450362579106418
0,control,mamba,all,fused_other_cosine,260,0,0,0.4621974824274736,0.39524591147669363,0.17952480604633125,0.8796523704143137,-0.010264944578562784,0.941932344074835
0,control,mamba,all,fused_full_cosine,260,0,0,0.7687809356972213,0.7527393360624427,0.6185920356839871,0.9481236382386886,0.42811807357132375,0.9769319142588362
0,control,mamba,all,current_repeat_difference,260,0,0,1.3186784276462999e-05,1.3332365381679367e-05,5.013993531238657e-10,2.5327273555951732e-05,1.733875935489105e-11,4.188826931485296e-05
0,control,mamba,all,history_repeat_difference,260,0,66,2.8168112782924736e-06,2.0938735261611443e-10,0.0,1.0170612019853461e-05,0.0,1.7837329233201878e-05
0,control,mamba,all,history_repeat_norm,260,0,66,0.16023805913870623,0.19681881709799634,0.0,0.2606676396581048,0.0,0.3121445712694675
0,control,mamba,all,fused_loss,260,0,0,0.09818854763960609,0.10075879096984863,0.030334397777915002,0.16097628474235534,0.00021969154477119446,0.22850501537322998
0,control,mamba,all,other_loss,260,0,0,0.7335643967756859,0.7259747982025146,0.6797591209411621,0.7945362806320191,0.6595476269721985,0.8584370613098145
0,control,mamba,all,current_identity_error,260,0,0,0.000647855898146583,0.0006313209541137952,0.0005436859191775798,0.0007924976495406888,0.00046564866746253916,0.0009580627337035011
0,control,mamba,all,full_identity_error,260,0,0,0.0007604636882229045,0.0007530173423640105,0.0006756545502079228,0.0008433982454376487,0.000591132554768935,0.0009580627337035011
0,control,mamba,warmup,fused_norm,65,0,0,0.1466355752097445,0.15304373491462323,0.09460104784526711,0.1963566844146968,0.01574064907642211,0.21997409847751034
0,control,mamba,warmup,other_norm,65,0,0,0.27696123736135564,0.27530429814905943,0.17533626966276808,0.3662050694074437,0.06693569317404541,0.4365650700474798
0,control,mamba,warmup,full_norm,65,0,0,0.40944215445850196,0.4155938701357131,0.2802425418884582,0.55689666334538,0.08424447312317167,0.6368993709093108
0,control,mamba,warmup,fused_other_ratio,65,0,0,0.5309100109725129,0.5230552568670069,0.4482309835465937,0.6310983080172509,0.14502576270872647,0.7406084216937381
0,control,mamba,warmup,fused_full_ratio,65,0,0,0.3575155259739356,0.35391835828136475,0.32256473984566497,0.41305897355895266,0.13426707979018856,0.45459989843614734
0,control,mamba,warmup,fused_other_cosine,65,0,0,0.8409924785392023,0.87001336492243,0.7260883371825881,0.9290866886533444,0.424531598001699,0.941932344074835
0,control,mamba,warmup,fused_full_cosine,65,0,0,0.9269846542889344,0.941880148889548,0.8783195590458028,0.9693346116470939,0.5991520261574358,0.9769319142588362
0,control,mamba,warmup,current_repeat_difference,65,0,0,9.393074843462807e-06,9.708719724453552e-06,2.7883549235099165e-10,2.3324341761769403e-05,1.733875935489105e-11,3.123820131764407e-05
0,control,mamba,warmup,history_repeat_difference,65,0,65,0.0,0.0,0.0,0.0,0.0,0.0
0,control,mamba,warmup,history_repeat_norm,65,0,65,0.0,0.0,0.0,0.0,0.0,0.0
0,control,mamba,warmup,fused_loss,65,0,0,0.043460205684487635,0.03709546476602554,0.009980442002415657,0.08520201593637466,0.00021969154477119446,0.11005520820617676
0,control,mamba,warmup,other_loss,65,0,0,0.7345412410222567,0.7246814966201782,0.6763832211494446,0.7957792162895203,0.6595476269721985,0.8472099304199219
0,control,mamba,warmup,current_identity_error,65,0,0,0.0007708761161699571,0.0007618322389354388,0.0006876460140380104,0.0008594408405732452,0.000591132554768935,0.0009580627337035011
0,control,mamba,warmup,full_identity_error,65,0,0,0.0007708761161699571,0.0007618322389354388,0.0006876460140380104,0.0008594408405732452,0.000591132554768935,0.0009580627337035011
0,control,mamba,active,fused_norm,195,0,0,0.1715085865773184,0.17149517099051265,0.14640112229404506,0.1945363692182741,0.09456175599323279,0.24511253539620548
0,control,mamba,active,other_norm,195,0,0,0.2754257171747452,0.27976905699304117,0.18511506886298004,0.35824928031374415,0.10027462827541138,0.45351083504781975
0,control,mamba,active,full_norm,195,0,0,0.37073584624454414,0.36971805519190704,0.2919912311433782,0.4584298867820021,0.167475565856928,0.5845445715652915
0,control,mamba,active,fused_other_ratio,195,0,0,0.6583188976216187,0.6194997754487025,0.4748802338936825,0.863748052527416,0.3800502649723469,1.5907602866747985
0,control,mamba,active,fused_full_ratio,195,0,0,0.47353829794842234,0.46338947689876464,0.3795574037061043,0.5858509715898185,0.3349867367290351,0.7450362579106418
0,control,mamba,active,fused_other_cosine,195,0,0,0.335932483723564,0.34079125805794325,0.15059616244989996,0.5210737701263455,-0.010264944578562784,0.8812537073839455
0,control,mamba,active,fused_full_cosine,195,0,0,0.7160463628333169,0.7199637464224842,0.6015997623437248,0.8199093860566294,0.42811807357132375,0.9478577262702973
0,control,mamba,active,current_repeat_difference,195,0,0,1.4451354087463063e-05,1.5136052662632451e-05,7.071827507027482e-07,2.6185504062088484e-05,1.9858490765138707e-10,4.188826931485296e-05
0,control,mamba,active,history_repeat_difference,195,0,1,3.755748371056632e-06,5.965798564420741e-07,1.5406762015192585e-10,1.1409423941668856e-05,0.0,1.7837329233201878e-05
0,control,mamba,active,history_repeat_norm,195,0,1,0.21365074551827498,0.21606505588843986,0.1585886780724981,0.26467539890680447,0.0,0.3121445712694675
0,control,mamba,active,fused_loss,195,0,0,0.11643132829131224,0.11048053950071335,0.07115786224603654,0.16593298614025115,0.02659064531326294,0.22850501537322998
0,control,mamba,active,other_loss,195,0,0,0.7332387820268289,0.727475643157959,0.6823260307312011,0.7914770007133484,0.6611179709434509,0.8584370613098145
0,control,mamba,active,current_identity_error,195,0,0,0.0006068491588054583,0.0006062936356940364,0.0005344800476372832,0.0006864214689543266,0.00046564866746253916,0.0007763514908771133
0,control,mamba,active,full_identity_error,195,0,0,0.0007569928789072204,0.0007503045051567126,0.0006750186442639339,0.0008404168975815374,0.0006322626614406046,0.000923628755911728
0,control,mamba,last65,fused_norm,65,0,0,0.17228612790388315,0.17167334619252472,0.14629262876441557,0.1945305300432191,0.11334209598554572,0.22004423228473363
0,control,mamba,last65,other_norm,65,0,0,0.2956508211900977,0.29964034823906566,0.2323857981260592,0.36423279816767395,0.10027462827541138,0.4326170825572393
0,control,mamba,last65,full_norm,65,0,0,0.3924958117203641,0.39383134344649784,0.3237701294881558,0.4739659429528078,0.167475565856928,0.5359644776025874
0,control,mamba,last65,fused_other_ratio,65,0,0,0.6045802144509045,0.5903988100479595,0.4685894713553915,0.742254214949731,0.3800502649723469,1.1303167903474407
0,control,mamba,last65,fused_full_ratio,65,0,0,0.4466621699943221,0.4400167609719226,0.3676822134615241,0.5261448246291929,0.3349867367290351,0.6767679536152292
0,control,mamba,last65,fused_other_cosine,65,0,0,0.35834274271922056,0.3683612807762117,0.1735051144593187,0.5412046909092749,0.0231962185874599,0.7234890689371115
0,control,mamba,last65,fused_full_cosine,65,0,0,0.7104744342535215,0.7225933269603696,0.582934403861326,0.8220393527641929,0.49816137911676894,0.887681892764435
0,control,mamba,last65,current_repeat_difference,65,0,0,1.4291886952982288e-05,1.5217896242217253e-05,9.071859763349524e-07,2.51544823265378e-05,4.4251757210971233e-10,3.727276071578977e-05
0,control,mamba,last65,history_repeat_difference,65,0,0,4.283452041906266e-06,7.563505502402926e-07,1.5406762015192585e-10,1.1944349270934585e-05,1.0601002117573187e-10,1.7376453755005647e-05
0,control,mamba,last65,history_repeat_norm,65,0,0,0.21557686928684294,0.21435714447281634,0.1696061470774557,0.270869471588094,0.1320012836946992,0.2976252708871389
0,control,mamba,last65,fused_loss,65,0,0,0.12313186285587457,0.12480383366346359,0.08428294956684113,0.16927745938301086,0.05500428378582001,0.1974869817495346
0,control,mamba,last65,other_loss,65,0,0,0.7495175719261169,0.7459275722503662,0.6959278106689453,0.8089246034622193,0.6611179709434509,0.8584370613098145
0,control,mamba,last65,current_identity_error,65,0,0,0.0006173478390953644,0.0006078744394218356,0.0005485819333603097,0.0006884188228728241,0.0005136118276559793,0.0007763514908771133
0,control,mamba,last65,full_identity_error,65,0,0,0.0007587738544961444,0.0007509440127170529,0.0006954329837262022,0.0008320466045164048,0.0006457374133933942,0.000923628755911728
0,smooth_ap,cnn,all,fused_norm,260,0,0,0.05127517769331546,0.03662781370487991,0.004857376011278146,0.1344346536352886,2.399255440024123e-05,0.18202150956637111
0,smooth_ap,cnn,all,other_norm,260,0,0,0.22092449450908538,0.22432014700205377,0.14153962337190354,0.28918873156764263,0.05602848440402685,0.38957395950321
0,smooth_ap,cnn,all,full_norm,260,0,0,0.2555600534711827,0.24737890054363287,0.16461125103500338,0.3744638564098765,0.05789020527252214,0.5601734528301765
0,smooth_ap,cnn,all,fused_other_ratio,260,0,0,0.23267482620318283,0.16576160325015699,0.023559063005564655,0.5452711356369496,0.00010508494636605278,0.9187696190564123
0,smooth_ap,cnn,all,fused_full_ratio,260,0,0,0.18009344781341036,0.15908931446049157,0.023448698700466022,0.36565837056893385,0.00010508001163913649,0.5239200421314709
0,smooth_ap,cnn,all,fused_other_cosine,260,0,0,0.38885875096073513,0.293102271706707,0.10324126219148148,0.8788182480015412,-0.08707283967189565,0.9352539802584773
0,smooth_ap,cnn,all,fused_full_cosine,260,0,0,0.4910590589374485,0.4161304297836921,0.19871443000664052,0.9484625734442597,-0.0631198359579059,0.9704003323676406
0,smooth_ap,cnn,all,current_repeat_difference,260,0,260,0.0,0.0,0.0,0.0,0.0,0.0
0,smooth_ap,cnn,all,history_repeat_difference,260,0,260,0.0,0.0,0.0,0.0,0.0,0.0
0,smooth_ap,cnn,all,history_repeat_norm,260,0,66,0.02360203225540473,0.01348815224358768,0.0,0.061210068891526484,0.0,0.13415554949089942
0,smooth_ap,cnn,all,fused_loss,260,0,0,0.014241558839925207,0.003235459327697754,0.00021274685859680177,0.05548941232264041,3.5762786865234375e-07,0.10926105827093124
0,smooth_ap,cnn,all,other_loss,260,0,0,0.7374930184621077,0.7343192994594574,0.6846997022628785,0.7987220108509063,0.6620151996612549,0.8579334020614624
0,smooth_ap,cnn,all,current_identity_error,260,0,0,0.0007939105725527462,0.0007887485307793683,0.0006727061964211217,0.0009288885614584418,0.0005019277616533927,0.0010314235192859852
0,smooth_ap,cnn,all,full_identity_error,260,0,0,0.0008420877419131171,0.0008330471404392565,0.0007359391654092275,0.00097730376571793,0.0005934844531203152,0.0011085921222620818
0,smooth_ap,cnn,warmup,fused_norm,65,0,0,0.12145579710345202,0.12613526118093862,0.077154597179389,0.15652940648613367,0.024204412120579555,0.18202150956637111
0,smooth_ap,cnn,warmup,other_norm,65,0,0,0.22506895111279973,0.22822291492832064,0.1355539130705688,0.3070626891345197,0.06586843240903113,0.38957395950321
0,smooth_ap,cnn,warmup,full_norm,65,0,0,0.33481777644895816,0.3426749238734584,0.21093278518787936,0.4547452893410785,0.0794054839447701,0.5601734528301765
0,smooth_ap,cnn,warmup,fused_other_ratio,65,0,0,0.5513271054101733,0.526997510194376,0.45552236040191657,0.6898141240076159,0.29050607158844377,0.9187696190564123
0,smooth_ap,cnn,warmup,fused_full_ratio,65,0,0,0.36621753721500816,0.35582659070427636,0.32354162698849126,0.4284526647340177,0.2407600655273289,0.5239200421314709
0,smooth_ap,cnn,warmup,fused_other_cosine,65,0,0,0.8390838018614181,0.8612843137474755,0.7551997273828638,0.9166625662223782,0.4330013544118827,0.9352539802584773
0,smooth_ap,cnn,warmup,fused_full_cosine,65,0,0,0.9290328303567333,0.944945543269439,0.8949642332620773,0.9639916541735585,0.6640111851977818,0.9704003323676406
0,smooth_ap,cnn,warmup,current_repeat_difference,65,0,65,0.0,0.0,0.0,0.0,0.0,0.0
0,smooth_ap,cnn,warmup,history_repeat_difference,65,0,65,0.0,0.0,0.0,0.0,0.0,0.0
0,smooth_ap,cnn,warmup,history_repeat_norm,65,0,65,0.0,0.0,0.0,0.0,0.0,0.0
0,smooth_ap,cnn,warmup,fused_loss,65,0,0,0.04760172302619769,0.04225073754787445,0.013108588755130768,0.08816445171833039,0.0006808098405599594,0.10926105827093124
0,smooth_ap,cnn,warmup,other_loss,65,0,0,0.7369952522791349,0.7336839437484741,0.680813217163086,0.79833904504776,0.6620151996612549,0.8444801568984985
0,smooth_ap,cnn,warmup,current_identity_error,65,0,0,0.0007907245428901862,0.0007896418998101886,0.0007177082105167969,0.0008537210783236026,0.000659987755727989,0.0009509083617645587
0,smooth_ap,cnn,warmup,full_identity_error,65,0,0,0.0007907245428901862,0.0007896418998101886,0.0007177082105167969,0.0008537210783236026,0.000659987755727989,0.0009509083617645587
0,smooth_ap,cnn,active,fused_norm,195,0,0,0.027881637889936608,0.023902249553132335,0.0037440761272909463,0.058257876498082346,2.399255440024123e-05,0.09617655688312034
0,smooth_ap,cnn,active,other_norm,195,0,0,0.21954300897451395,0.223045947556251,0.14499903115039964,0.2816038058793197,0.05602848440402685,0.37033862971309867
0,smooth_ap,cnn,active,full_norm,195,0,0,0.22914081247859092,0.23290105611353346,0.15535799858699395,0.2960092743249807,0.05789020527252214,0.3743575014366586
0,smooth_ap,cnn,active,fused_other_ratio,195,0,0,0.12645739980085272,0.10822735082237854,0.01870136410111812,0.25480726519232577,0.00010508494636605278,0.46310295665788115
0,smooth_ap,cnn,active,fused_full_ratio,195,0,0,0.11805208467954441,0.10652462019864839,0.018588552220641635,0.22988709171543595,0.00010508001163913649,0.38938623525645266
0,smooth_ap,cnn,active,fused_other_cosine,195,0,0,0.23878373399384079,0.23865986424314062,0.08717983501786074,0.3923948227178906,-0.08707283967189565,0.5788700491416531
0,smooth_ap,cnn,active,fused_full_cosine,195,0,0,0.34506780179768687,0.337016539054113,0.13873234419918185,0.5317792774437804,-0.0631198359579059,0.7192177522139225
0,smooth_ap,cnn,active,current_repeat_difference,195,0,195,0.0,0.0,0.0,0.0,0.0,0.0
0,smooth_ap,cnn,active,history_repeat_difference,195,0,195,0.0,0.0,0.0,0.0,0.0,0.0
0,smooth_ap,cnn,active,history_repeat_norm,195,0,1,0.03146937634053964,0.027384653387787127,0.00409138529453561,0.06517024391010291,0.0,0.13415554949089942
0,smooth_ap,cnn,active,fused_loss,195,0,0,0.003121504111167712,0.0019254684448242188,0.0001603841781616211,0.00801202058792114,3.5762786865234375e-07,0.022330284118652344
0,smooth_ap,cnn,active,other_loss,195,0,0,0.7376589405230987,0.7349546551704407,0.6869503259658813,0.7992495536804199,0.6622689366340637,0.8579334020614624
0,smooth_ap,cnn,active,current_identity_error,195,0,0,0.0007949725824402663,0.0007859294992466296,0.0006532883487311676,0.0009425509369193542,0.0005019277616533927,0.0010314235192859852
0,smooth_ap,cnn,active,full_identity_error,195,0,0,0.0008592088082540942,0.000853346120426636,0.000750196531273349,0.0009835376774595403,0.0005934844531203152,0.0011085921222620818
0,smooth_ap,cnn,last65,fused_norm,65,0,0,0.03493623508482016,0.03447890625867125,0.009213392592720717,0.06842341022133384,0.004433667420424238,0.09617655688312034
0,smooth_ap,cnn,last65,other_norm,65,0,0,0.24299883096534533,0.23901027360003,0.18176651198249355,0.3004409698630506,0.12237944987886692,0.37033862971309867
0,smooth_ap,cnn,last65,full_norm,65,0,0,0.2556416303744004,0.2524451477949727,0.1958707486092665,0.31262943119264347,0.13230242859302993,0.3743575014366586
0,smooth_ap,cnn,last65,fused_other_ratio,65,0,0,0.14741839816635774,0.14183172137527186,0.037892797282728014,0.2654863172782616,0.01808592726472509,0.43974379819045134
0,smooth_ap,cnn,last65,fused_full_ratio,65,0,0,0.13685074585344068,0.13315987621421274,0.03743260997581189,0.23660070405991515,0.017984770071330976,0.3803120010769812
0,smooth_ap,cnn,last65,fused_other_cosine,65,0,0,0.26118677922426986,0.24824742101860953,0.10768605548384978,0.407727248053525,-0.05862707820874125,0.5203294581283503
0,smooth_ap,cnn,last65,fused_full_cosine,65,0,0,0.3827951183625236,0.405952204855598,0.21397579764467495,0.559357586140603,-0.024354003204907073,0.67756736849666
0,smooth_ap,cnn,last65,current_repeat_difference,65,0,65,0.0,0.0,0.0,0.0,0.0,0.0
0,smooth_ap,cnn,last65,history_repeat_difference,65,0,65,0.0,0.0,0.0,0.0,0.0,0.0
0,smooth_ap,cnn,last65,history_repeat_norm,65,0,0,0.038809124575815375,0.03869548595456506,0.008437102285139556,0.07500532989566688,0.005476010642050803,0.1155689612331948
0,smooth_ap,cnn,last65,fused_loss,65,0,0,0.004100194344153771,0.002888202667236328,0.0005357861518859863,0.008859729766845703,0.00018107891082763672,0.022330284118652344
0,smooth_ap,cnn,last65,other_loss,65,0,0,0.7550269099382254,0.7577607035636902,0.702476966381073,0.8084851026535034,0.6622689366340637,0.8579334020614624
0,smooth_ap,cnn,last65,current_identity_error,65,0,0,0.0007742215001279597,0.0007707063382736561,0.0006481115506344583,0.0009007942753347903,0.0005019277616533927,0.0010031167631750733
0,smooth_ap,cnn,last65,full_identity_error,65,0,0,0.0008469531542880959,0.0008440242466509827,0.0007522972755206526,0.0009517652777159743,0.0006120895013212608,0.0010064818226183533
0,smooth_ap,transformer,all,fused_norm,260,0,0,0.07085842062495012,0.04866342571188102,0.00657724339427518,0.19577310863483535,1.4473014411760822e-05,0.3301180305588417
0,smooth_ap,transformer,all,other_norm,260,0,0,0.24776018706883737,0.24820078593444017,0.15286167425023556,0.3501478416506269,0.058170373025952155,0.429631003410327
0,smooth_ap,transformer,all,full_norm,260,0,0,0.296262180277786,0.28672133851992787,0.16307913570967975,0.44225182058545254,0.060177073481702835,0.6770240879855182
0,smooth_ap,transformer,all,fused_other_ratio,260,0,0,0.2984678915923109,0.18596156059903435,0.026958712085976187,0.7442107731796468,4.758306108167574e-05,1.4734829261820255
0,smooth_ap,transformer,all,fused_full_ratio,260,0,0,0.21366246778335082,0.1729978671484732,0.026746853447381546,0.4527814715610183,4.757915699640217e-05,0.6429113639072508
0,smooth_ap,transformer,all,fused_other_cosine,260,0,0,0.38050917719221,0.31334029500481786,0.06757614927598808,0.8325296319679273,-0.1473137616708037,0.9397531365576779
0,smooth_ap,transformer,all,fused_full_cosine,260,0,0,0.5059488858630481,0.45672651081189086,0.12739892857708693,0.9436525191343386,-0.10621184569977445,0.9813991854652627
0,smooth_ap,transformer,all,current_repeat_difference,260,0,260,0.0,0.0,0.0,0.0,0.0,0.0
0,smooth_ap,transformer,all,history_repeat_difference,260,0,260,0.0,0.0,0.0,0.0,0.0,0.0
0,smooth_ap,transformer,all,history_repeat_norm,260,0,66,0.03606918727838666,0.020031186652510906,0.0,0.09430224582553647,0.0,0.20411294907705949
0,smooth_ap,transformer,all,fused_loss,260,0,0,0.014241558839925207,0.003235459327697754,0.00021274685859680177,0.05548941232264041,3.5762786865234375e-07,0.10926105827093124
0,smooth_ap,transformer,all,other_loss,260,0,0,0.7374930184621077,0.7343192994594574,0.6846997022628785,0.7987220108509063,0.6620151996612549,0.8579334020614624
0,smooth_ap,transformer,all,current_identity_error,260,0,0,0.0007939105725527462,0.0007887485307793683,0.0006727061964211217,0.0009288885614584418,0.0005019277616533927,0.0010314235192859852
0,smooth_ap,transformer,all,full_identity_error,260,0,0,0.0008420877419131171,0.0008330471404392565,0.0007359391654092275,0.00097730376571793,0.0005934844531203152,0.0011085921222620818
0,smooth_ap,transformer,warmup,fused_norm,65,0,0,0.17333251484031068,0.1795577502518122,0.09950763017457363,0.2296923648831988,0.028943783420681796,0.3301180305588417
0,smooth_ap,transformer,warmup,other_norm,65,0,0,0.23939123645666116,0.2341559492283369,0.13493898923669456,0.33320487811276617,0.06870303304868787,0.429631003410327
0,smooth_ap,transformer,warmup,full_norm,65,0,0,0.3926957622044514,0.3863318375652191,0.2298297768965178,0.5309813357843646,0.08124059496980762,0.6770240879855182
0,smooth_ap,transformer,warmup,fused_other_ratio,65,0,0,0.7465145536162893,0.7103815468825153,0.5596310632587977,1.012873355177409,0.2645718272690925,1.4734829261820255
0,smooth_ap,transformer,warmup,fused_full_ratio,65,0,0,0.4446540938589062,0.4371246333331862,0.3720492741794133,0.5456817216888807,0.22101196188619449,0.6429113639072508
0,smooth_ap,transformer,warmup,fused_other_cosine,65,0,0,0.7848903617592858,0.8176382242389942,0.6571819781628129,0.9094228953333919,0.26196108995372325,0.9397531365576779
0,smooth_ap,transformer,warmup,fused_full_cosine,65,0,0,0.9231140639869826,0.9403156743163463,0.8670403571718668,0.9671903405572969,0.5778358109798012,0.9813991854652627
0,smooth_ap,transformer,warmup,current_repeat_difference,65,0,65,0.0,0.0,0.0,0.0,0.0,0.0
0,smooth_ap,transformer,warmup,history_repeat_difference,65,0,65,0.0,0.0,0.0,0.0,0.0,0.0
0,smooth_ap,transformer,warmup,history_repeat_norm,65,0,65,0.0,0.0,0.0,0.0,0.0,0.0
0,smooth_ap,transformer,warmup,fused_loss,65,0,0,0.04760172302619769,0.04225073754787445,0.013108588755130768,0.08816445171833039,0.0006808098405599594,0.10926105827093124
0,smooth_ap,transformer,warmup,other_loss,65,0,0,0.7369952522791349,0.7336839437484741,0.680813217163086,0.79833904504776,0.6620151996612549,0.8444801568984985
0,smooth_ap,transformer,warmup,current_identity_error,65,0,0,0.0007907245428901862,0.0007896418998101886,0.0007177082105167969,0.0008537210783236026,0.000659987755727989,0.0009509083617645587
0,smooth_ap,transformer,warmup,full_identity_error,65,0,0,0.0007907245428901862,0.0007896418998101886,0.0007177082105167969,0.0008537210783236026,0.000659987755727989,0.0009509083617645587
0,smooth_ap,transformer,active,fused_norm,195,0,0,0.03670038921982993,0.029204407214302477,0.005313121700629737,0.07771488678698552,1.4473014411760822e-05,0.12500305895968042
0,smooth_ap,transformer,active,other_norm,195,0,0,0.2505498372728961,0.25100191964323715,0.1545269556599451,0.3511788345980298,0.058170373025952155,0.4194750806752546
0,smooth_ap,transformer,active,full_norm,195,0,0,0.26411765296889755,0.268300612396471,0.16189896599132947,0.3755853138767895,0.060177073481702835,0.46982915321119517
0,smooth_ap,transformer,active,fused_other_ratio,195,0,0,0.1491190042509848,0.1252729142114766,0.02168684207321491,0.30856050345816893,4.758306108167574e-05,0.6911428314423615
0,smooth_ap,transformer,active,fused_full_ratio,195,0,0,0.13666525909149904,0.12301654300686828,0.021537950496562402,0.2748967461661354,4.757915699640217e-05,0.49057556394842694
0,smooth_ap,transformer,active,fused_other_cosine,195,0,0,0.24571544900318473,0.25187785275026126,0.025710754448135913,0.4253275878953136,-0.1473137616708037,0.654579384575688
0,smooth_ap,transformer,active,fused_full_cosine,195,0,0,0.3668938264884033,0.39104576564853977,0.10381902194174761,0.5780746577646046,-0.10621184569977445,0.7510565566618069
0,smooth_ap,transformer,active,current_repeat_difference,195,0,195,0.0,0.0,0.0,0.0,0.0,0.0
0,smooth_ap,transformer,active,history_repeat_difference,195,0,195,0.0,0.0,0.0,0.0,0.0,0.0
0,smooth_ap,transformer,active,history_repeat_norm,195,0,1,0.04809224970451554,0.03787341371382788,0.00644816949440804,0.10363412683847217,0.0,0.20411294907705949
0,smooth_ap,transformer,active,fused_loss,195,0,0,0.003121504111167712,0.0019254684448242188,0.0001603841781616211,0.00801202058792114,3.5762786865234375e-07,0.022330284118652344
0,smooth_ap,transformer,active,other_loss,195,0,0,0.7376589405230987,0.7349546551704407,0.6869503259658813,0.7992495536804199,0.6622689366340637,0.8579334020614624
0,smooth_ap,transformer,active,current_identity_error,195,0,0,0.0007949725824402663,0.0007859294992466296,0.0006532883487311676,0.0009425509369193542,0.0005019277616533927,0.0010314235192859852
0,smooth_ap,transformer,active,full_identity_error,195,0,0,0.0008592088082540942,0.000853346120426636,0.000750196531273349,0.0009835376774595403,0.0005934844531203152,0.0011085921222620818
0,smooth_ap,transformer,last65,fused_norm,65,0,0,0.046689901424329563,0.04534388941888358,0.013340696122867006,0.09068711338905563,0.005378029899999352,0.12500305895968042
0,smooth_ap,transformer,last65,other_norm,65,0,0,0.2762702116941703,0.28405615936352363,0.17755688893781923,0.35249740583776307,0.05969223813550183,0.4194750806752546
0,smooth_ap,transformer,last65,full_norm,65,0,0,0.29454602347142195,0.31142212914407746,0.1857712121083616,0.38531554975392907,0.0840968558402138,0.4344466975266328
0,smooth_ap,transformer,last65,fused_other_ratio,65,0,0,0.18084109341787677,0.1516503463233909,0.04794200433470768,0.3291382147539518,0.022444776649863437,0.6911428314423615
0,smooth_ap,transformer,last65,fused_full_ratio,65,0,0,0.162459119243381,0.14638907615555283,0.04809940021294562,0.28272308732769086,0.022353889071025104,0.49057556394842694
0,smooth_ap,transformer,last65,fused_other_cosine,65,0,0,0.2708267324700561,0.25992518027716616,0.058301862254645856,0.48728572822779914,-0.1473137616708037,0.6180059920314369
0,smooth_ap,transformer,last65,fused_full_cosine,65,0,0,0.4119158096054866,0.40397414064196313,0.20259210570113098,0.6445709135030734,-0.10042411636858109,0.7510565566618069
0,smooth_ap,transformer,last65,current_repeat_difference,65,0,65,0.0,0.0,0.0,0.0,0.0,0.0
0,smooth_ap,transformer,last65,history_repeat_difference,65,0,65,0.0,0.0,0.0,0.0,0.0,0.0
0,smooth_ap,transformer,last65,history_repeat_norm,65,0,0,0.05906014633053701,0.05632435097657604,0.013439677018443669,0.11193221049306494,0.008050158437974053,0.20411294907705949
0,smooth_ap,transformer,last65,fused_loss,65,0,0,0.004100194344153771,0.002888202667236328,0.0005357861518859863,0.008859729766845703,0.00018107891082763672,0.022330284118652344
0,smooth_ap,transformer,last65,other_loss,65,0,0,0.7550269099382254,0.7577607035636902,0.702476966381073,0.8084851026535034,0.6622689366340637,0.8579334020614624
0,smooth_ap,transformer,last65,current_identity_error,65,0,0,0.0007742215001279597,0.0007707063382736561,0.0006481115506344583,0.0009007942753347903,0.0005019277616533927,0.0010031167631750733
0,smooth_ap,transformer,last65,full_identity_error,65,0,0,0.0008469531542880959,0.0008440242466509827,0.0007522972755206526,0.0009517652777159743,0.0006120895013212608,0.0010064818226183533
0,smooth_ap,mamba,all,fused_norm,260,0,0,0.06138905669116962,0.04366602039387743,0.00563515507858015,0.15539438929688054,1.7762840194772382e-05,0.23610233570875172
0,smooth_ap,mamba,all,other_norm,260,0,0,0.27211948042296147,0.27933192221848613,0.19059619769541894,0.3412657637351357,0.08678349637922206,0.4653387428806347
0,smooth_ap,mamba,all,full_norm,260,0,0,0.3131218069155459,0.30372757964028985,0.21172211610332758,0.4460559458956744,0.09189898066378245,0.6905578860029348
0,smooth_ap,mamba,all,fused_other_ratio,260,0,0,0.2284581998533076,0.1520896634974844,0.021994277576026625,0.5566537368816857,7.107014030872228e-05,0.7757136465951069
0,smooth_ap,mamba,all,fused_full_ratio,260,0,0,0.17667312203443433,0.14678706135539937,0.021952064128154418,0.3666283866775604,7.106949402825066e-05,0.46228616834990854
0,smooth_ap,mamba,all,fused_other_cosine,260,0,0,0.3721203778495051,0.272932994268381,0.056437092130016804,0.8786548142831624,-0.13520083704254307,0.9512206362103853
0,smooth_ap,mamba,all,fused_full_cosine,260,0,0,0.4701060890055756,0.3924814630943074,0.13716558309849114,0.9486822324677046,-0.06314786002972546,0.9785078979246076
0,smooth_ap,mamba,all,current_repeat_difference,260,0,0,2.0642856134645295e-06,8.321824920175903e-11,8.489083083817048e-12,1.0462951638666638e-05,3.484567671994259e-15,2.861317875723241e-05
0,smooth_ap,mamba,all,history_repeat_difference,260,0,66,1.816529896948337e-07,1.1805402064118945e-11,0.0,6.195039754106045e-11,0.0,8.407429899373244e-06
0,smooth_ap,mamba,all,history_repeat_norm,260,0,66,0.03189670319515564,0.017558947874402698,0.0,0.08360504503880953,0.0,0.20351725495346093
0,smooth_ap,mamba,all,fused_loss,260,0,0,0.014241558839925207,0.003235459327697754,0.00021274685859680177,0.05548941232264041,3.5762786865234375e-07,0.10926105827093124
0,smooth_ap,mamba,all,other_loss,260,0,0,0.7374930184621077,0.7343192994594574,0.6846997022628785,0.7987220108509063,0.6620151996612549,0.8579334020614624
0,smooth_ap,mamba,all,current_identity_error,260,0,0,0.0007939105725527462,0.0007887485307793683,0.0006727061964211217,0.0009288885614584418,0.0005019277616533927,0.0010314235192859852
0,smooth_ap,mamba,all,full_identity_error,260,0,0,0.0008420877419131171,0.0008330471404392565,0.0007359391654092275,0.00097730376571793,0.0005934844531203152,0.0011085921222620818
0,smooth_ap,mamba,warmup,fused_norm,65,0,0,0.14517314584444155,0.1496378365048019,0.09182790833115596,0.1900806464976305,0.02942589176830886,0.23610233570875172
0,smooth_ap,mamba,warmup,other_norm,65,0,0,0.2654084054366736,0.26653914236592724,0.1654722346370911,0.3407464051702979,0.08678349637922206,0.4653387428806347
0,smooth_ap,mamba,warmup,full_norm,65,0,0,0.3979040302699817,0.4048680265190416,0.2549223189367352,0.5200447440141425,0.11557179528838632,0.6905578860029348
0,smooth_ap,mamba,warmup,fused_other_ratio,65,0,0,0.550373888893267,0.5426620272907513,0.47651936758197244,0.6449781665949982,0.29088619531661586,0.7757136465951069
0,smooth_ap,mamba,warmup,fused_full_ratio,65,0,0,0.36560435155436405,0.36117596236070926,0.3361717728662747,0.41195657893145554,0.25119953838219583,0.46228616834990854
0,smooth_ap,mamba,warmup,fused_other_cosine,65,0,0,0.8543161755087908,0.8688070870518704,0.7684542608647754,0.9305569231503868,0.44056891891225775,0.9512206362103853
0,smooth_ap,mamba,warmup,fused_full_cosine,65,0,0,0.9356872229779158,0.9461758127191082,0.8978421506221017,0.9692997604831175,0.6316472775092355,0.9785078979246076
0,smooth_ap,mamba,warmup,current_repeat_difference,65,0,0,6.64952056752656e-06,9.563037932177814e-07,2.1120515628334176e-10,2.0018834249333233e-05,3.860866616585492e-11,2.861317875723241e-05
0,smooth_ap,mamba,warmup,history_repeat_difference,65,0,65,0.0,0.0,0.0,0.0,0.0,0.0
0,smooth_ap,mamba,warmup,history_repeat_norm,65,0,65,0.0,0.0,0.0,0.0,0.0,0.0
0,smooth_ap,mamba,warmup,fused_loss,65,0,0,0.04760172302619769,0.04225073754787445,0.013108588755130768,0.08816445171833039,0.0006808098405599594,0.10926105827093124
0,smooth_ap,mamba,warmup,other_loss,65,0,0,0.7369952522791349,0.7336839437484741,0.680813217163086,0.79833904504776,0.6620151996612549,0.8444801568984985
0,smooth_ap,mamba,warmup,current_identity_error,65,0,0,0.0007907245428901862,0.0007896418998101886,0.0007177082105167969,0.0008537210783236026,0.000659987755727989,0.0009509083617645587
0,smooth_ap,mamba,warmup,full_identity_error,65,0,0,0.0007907245428901862,0.0007896418998101886,0.0007177082105167969,0.0008537210783236026,0.000659987755727989,0.0009509083617645587
0,smooth_ap,mamba,active,fused_norm,195,0,0,0.03346102697341231,0.02821614849837011,0.004294646092165889,0.07167485906009786,1.7762840194772382e-05,0.12309262510164479
0,smooth_ap,mamba,active,other_norm,195,0,0,0.2743565054183908,0.28073216541028306,0.20178740479247956,0.3408300559827649,0.09156578151084814,0.4232290631528729
0,smooth_ap,mamba,active,full_norm,195,0,0,0.2848610657974006,0.28929221366640445,0.20810815760828694,0.3593527884375307,0.09189898066378245,0.4283447344447749
0,smooth_ap,mamba,active,fused_other_ratio,195,0,0,0.12115297017332113,0.10553680698270668,0.017649417979672413,0.2540339005925597,7.107014030872228e-05,0.45494107871050693
0,smooth_ap,mamba,active,fused_full_ratio,195,0,0,0.11369604552779107,0.10199475144492122,0.017627210479958588,0.22963318218736614,7.106949402825066e-05,0.3596259934762004
0,smooth_ap,mamba,active,fused_other_cosine,195,0,0,0.21138844529640988,0.21229361767291352,0.0376275075848442,0.386904934173123,-0.13520083704254307,0.552998022817725
0,smooth_ap,mamba,active,fused_full_cosine,195,0,0,0.3149123776814622,0.3091554687645544,0.09844942393547217,0.517119014383674,-0.06314786002972546,0.7648345532452282
0,smooth_ap,mamba,active,current_repeat_difference,195,0,0,5.358739621105193e-07,5.3126884961159754e-11,6.733430865206511e-12,1.6991346638232513e-09,3.484567671994259e-15,1.7612350420620686e-05
0,smooth_ap,mamba,active,history_repeat_difference,195,0,1,2.4220398625977827e-07,2.554416087657537e-11,3.2191071800248286e-12,7.249197259572134e-11,0.0,8.407429899373244e-06
0,smooth_ap,mamba,active,history_repeat_norm,195,0,1,0.04252893759354086,0.0358942374915745,0.0056713612625945145,0.08792891648453757,0.0,0.20351725495346093
0,smooth_ap,mamba,active,fused_loss,195,0,0,0.003121504111167712,0.0019254684448242188,0.0001603841781616211,0.00801202058792114,3.5762786865234375e-07,0.022330284118652344
0,smooth_ap,mamba,active,other_loss,195,0,0,0.7376589405230987,0.7349546551704407,0.6869503259658813,0.7992495536804199,0.6622689366340637,0.8579334020614624
0,smooth_ap,mamba,active,current_identity_error,195,0,0,0.0007949725824402663,0.0007859294992466296,0.0006532883487311676,0.0009425509369193542,0.0005019277616533927,0.0010314235192859852
0,smooth_ap,mamba,active,full_identity_error,195,0,0,0.0008592088082540942,0.000853346120426636,0.000750196531273349,0.0009835376774595403,0.0005934844531203152,0.0011085921222620818
0,smooth_ap,mamba,last65,fused_norm,65,0,0,0.04169221025962557,0.041793080116274445,0.01083761468964752,0.07966874028452954,0.004204405031725004,0.11250282522675582
0,smooth_ap,mamba,last65,other_norm,65,0,0,0.29308873166085564,0.2954440702333103,0.23661862068965128,0.35070443625344067,0.10559217054144807,0.4232290631528729
0,smooth_ap,mamba,last65,full_norm,65,0,0,0.3075150114977721,0.31419814481859715,0.24318140266350569,0.36275604958401814,0.11267312523831893,0.4263577506376071
0,smooth_ap,mamba,last65,fused_other_ratio,65,0,0,0.14737538803901495,0.1265655437545338,0.035319395206214146,0.2790910502581189,0.017539646867842772,0.45494107871050693
0,smooth_ap,mamba,last65,fused_full_ratio,65,0,0,0.13651754691304038,0.12454449347479934,0.035020783152533735,0.2460198887247776,0.017488425881607778,0.3580633020341655
0,smooth_ap,mamba,last65,fused_other_cosine,65,0,0,0.2385918024055811,0.24404367707729377,0.06818711920134983,0.41060608783956404,-0.13520083704254307,0.552998022817725
0,smooth_ap,mamba,last65,fused_full_cosine,65,0,0,0.360344762067498,0.3558008063808015,0.17046761309880423,0.5793317917634688,-0.033963180799183895,0.7648345532452282
0,smooth_ap,mamba,last65,current_repeat_difference,65,0,0,6.443783991531457e-07,7.470530378293313e-11,1.610061700998212e-11,5.353072687721623e-07,6.550656364761695e-12,1.7612350420620686e-05
0,smooth_ap,mamba,last65,history_repeat_difference,65,0,0,4.4789382307702925e-07,3.203476330802239e-11,8.139484570723616e-12,9.162424690424991e-10,4.057803909441832e-12,7.594997702693393e-06
0,smooth_ap,mamba,last65,history_repeat_norm,65,0,0,0.051909125020105716,0.05098893333065233,0.011233727039267815,0.09708770716079551,0.005958883154462233,0.17622904999298508
0,smooth_ap,mamba,last65,fused_loss,65,0,0,0.004100194344153771,0.002888202667236328,0.0005357861518859863,0.008859729766845703,0.00018107891082763672,0.022330284118652344
0,smooth_ap,mamba,last65,other_loss,65,0,0,0.7550269099382254,0.7577607035636902,0.702476966381073,0.8084851026535034,0.6622689366340637,0.8579334020614624
0,smooth_ap,mamba,last65,current_identity_error,65,0,0,0.0007742215001279597,0.0007707063382736561,0.0006481115506344583,0.0009007942753347903,0.0005019277616533927,0.0010031167631750733
0,smooth_ap,mamba,last65,full_identity_error,65,0,0,0.0008469531542880959,0.0008440242466509827,0.0007522972755206526,0.0009517652777159743,0.0006120895013212608,0.0010064818226183533
1,control,cnn,all,fused_norm,260,0,0,0.154388592983888,0.15722862984445718,0.12459476188383911,0.1818452842472678,0.03518228498035449,0.21621085843154877
1,control,cnn,all,other_norm,260,0,0,0.24593368755777104,0.24850468565043266,0.16003187404032573,0.3236085634366559,0.06111220482159618,0.4414488523258156
1,control,cnn,all,full_norm,260,0,0,0.34795015845790755,0.34712243701598006,0.25977702952470677,0.4457823191156424,0.08969867554953904,0.6218037093228669
1,control,cnn,all,fused_other_ratio,260,0,0,0.68096083058657,0.6010534404116212,0.45989858875068446,0.937373888246783,0.2801791221342343,2.1576591476683777
1,control,cnn,all,fused_full_ratio,260,0,0,0.4602309640093949,0.44029353388016435,0.334827342736539,0.5930652240464171,0.23211268782489994,0.869161544721053
1,control,cnn,all,fused_other_cosine,260,0,0,0.4787508741293949,0.42168531747252835,0.22879675286586731,0.8547977938842319,-0.04358288670435164,0.9287928491481643
1,control,cnn,all,fused_full_cosine,260,0,0,0.7940570932609026,0.7831643877462863,0.6728096897741648,0.93263831689486,0.4697178182227852,0.9685883040345076
1,control,cnn,all,current_repeat_difference,260,0,260,0.0,0.0,0.0,0.0,0.0,0.0
1,control,cnn,all,history_repeat_difference,260,0,260,0.0,0.0,0.0,0.0,0.0,0.0
1,control,cnn,all,history_repeat_norm,260,0,66,0.1464980176798757,0.18390620504430494,0.0,0.23166263116127012,0.0,0.2857133596316835
1,control,cnn,all,fused_loss,260,0,0,0.11365548701097186,0.12012838944792747,0.04125527925789356,0.17308989763259888,0.00184737890958786,0.23637518286705017
1,control,cnn,all,other_loss,260,0,0,0.7474238973397475,0.7392504811286926,0.6889706075191497,0.8175327003002166,0.6666655540466309,0.9174614548683167
1,control,cnn,all,current_identity_error,260,0,0,0.0006639319174461823,0.0006371180339931159,0.0005454546612225014,0.0008267347571381482,0.00047527115427487747,0.0009390326986445024
1,control,cnn,all,full_identity_error,260,0,0,0.0007926715184354017,0.0007857144553186503,0.0007164403535338283,0.0008837788283077856,0.0006495467186765551,0.0010521654197685223
1,control,cnn,warmup,fused_norm,65,0,0,0.13631105568174742,0.13711380666161965,0.09850103197755754,0.17736702902164736,0.03518228498035449,0.2121285137836793
1,control,cnn,warmup,other_norm,65,0,0,0.2673653482937703,0.2757632854516058,0.17210857807781438,0.3445599305160085,0.06111220482159618,0.4414488523258156
1,control,cnn,warmup,full_norm,65,0,0,0.38789847092867524,0.39509203790574876,0.2694437754552095,0.4959156304450432,0.08969867554953904,0.6218037093228669
1,control,cnn,warmup,fused_other_ratio,65,0,0,0.515471846576041,0.5055293359492931,0.4254846495011248,0.615143170809288,0.2801791221342343,0.8049390849986827
1,control,cnn,warmup,fused_full_ratio,65,0,0,0.353061517053567,0.34704375010384775,0.3112318119717502,0.40234389626775524,0.23211268782489994,0.47271256918127513
1,control,cnn,warmup,fused_other_cosine,65,0,0,0.8167504522427564,0.8358981856017402,0.7362315088503713,0.8846938397001387,0.5584466983406825,0.9287928491481643
1,control,cnn,warmup,fused_full_cosine,65,0,0,0.9165997581106384,0.9284969983218574,0.8791911672857572,0.9503420427541868,0.7916933345910412,0.9685883040345076
1,control,cnn,warmup,current_repeat_difference,65,0,65,0.0,0.0,0.0,0.0,0.0,0.0
1,control,cnn,warmup,history_repeat_difference,65,0,65,0.0,0.0,0.0,0.0,0.0,0.0
1,control,cnn,warmup,history_repeat_norm,65,0,65,0.0,0.0,0.0,0.0,0.0,0.0
1,control,cnn,warmup,fused_loss,65,0,0,0.05006592047329132,0.04575459659099579,0.01168748177587986,0.08832845389842987,0.00184737890958786,0.13897451758384705
1,control,cnn,warmup,other_loss,65,0,0,0.7549393534660339,0.7477603554725647,0.693443500995636,0.8196149468421936,0.6668722629547119,0.8917030096054077
1,control,cnn,warmup,current_identity_error,65,0,0,0.0008004710237440152,0.000801502644030841,0.0007261861838465553,0.0008911770546466026,0.0006495467186765551,0.0009390326986445024
1,control,cnn,warmup,full_identity_error,65,0,0,0.0008004710237440152,0.000801502644030841,0.0007261861838465553,0.0008911770546466026,0.0006495467186765551,0.0009390326986445024
1,control,cnn,active,fused_norm,195,0,0,0.16041443875126818,0.15975387140140662,0.13782322020649693,0.18202563764765067,0.1003839198413586,0.21621085843154877
1,control,cnn,active,other_norm,195,0,0,0.23878980064577127,0.24100398626147462,0.155117527027304,0.31603047633046033,0.06573062964974456,0.3972414564501922
1,control,cnn,active,full_norm,195,0,0,0.33463405430098503,0.3330907592310071,0.2596048531373149,0.4142375972160608,0.15433218821834474,0.5322070570228297
1,control,cnn,active,fused_other_ratio,195,0,0,0.7361238252567462,0.6550490484983102,0.503869632970942,1.0316524813873522,0.39573716135313475,2.1576591476683777
1,control,cnn,active,fused_full_ratio,195,0,0,0.49595411299467085,0.4758668473334384,0.3955425852212735,0.6283853062191029,0.32262608156331846,0.869161544721053
1,control,cnn,active,fused_other_cosine,195,0,0,0.36608434809160767,0.36464846919869015,0.2119400836007555,0.5243918764901263,-0.04358288670435164,0.8038012666828042
1,control,cnn,active,fused_full_cosine,195,0,0,0.7532095383109906,0.7494906691249065,0.6641407137388858,0.8491292503089152,0.4697178182227852,0.9394298512607885
1,control,cnn,active,current_repeat_difference,195,0,195,0.0,0.0,0.0,0.0,0.0,0.0
1,control,cnn,active,history_repeat_difference,195,0,195,0.0,0.0,0.0,0.0,0.0,0.0
1,control,cnn,active,history_repeat_norm,195,0,1,0.19533069023983424,0.19502279917859788,0.15806262362753398,0.23607616998648756,0.0,0.2857133596316835
1,control,cnn,active,fused_loss,195,0,0,0.1348520091901987,0.13550308346748352,0.09540399461984635,0.17662067711353302,0.033914096653461456,0.23637518286705017
1,control,cnn,active,other_loss,195,0,0,0.744918745297652,0.7347115874290466,0.6867753505706787,0.8136325359344482,0.6666655540466309,0.9174614548683167
1,control,cnn,active,current_identity_error,195,0,0,0.0006184188820135713,0.0006064707465894529,0.0005398558157922628,0.0007146825304470786,0.00047527115427487747,0.0009130207755282971
1,control,cnn,active,full_identity_error,195,0,0,0.0007900716833325305,0.0007803126025165904,0.0007133451359217253,0.0008802359691550513,0.0006596900655867946,0.0010521654197685223
1,control,cnn,last65,fused_norm,65,0,0,0.1632156536352558,0.16218387006811188,0.1444800217872773,0.1815961575012998,0.12829744929195386,0.19604204710438747
1,control,cnn,last65,other_norm,65,0,0,0.2702349878556642,0.2754381671738408,0.19656192677717407,0.3548140768178809,0.08650601728430758,0.3972414564501922
1,control,cnn,last65,full_norm,65,0,0,0.36731621230836464,0.3788144884416619,0.2940274574580844,0.44376955708882204,0.204861372376181,0.5322070570228297
1,control,cnn,last65,fused_other_ratio,65,0,0,0.6582477424203848,0.5982703944737615,0.44497027928569544,0.8223227573916414,0.39573716135313475,1.9217685123854644
1,control,cnn,last65,fused_full_ratio,65,0,0,0.45906805303672865,0.4398631142582764,0.3456209991719405,0.5644808239440166,0.32262608156331846,0.8114977373264153
1,control,cnn,last65,fused_other_cosine,65,0,0,0.3871444253521085,0.3946366621513375,0.24341152474067157,0.5049473159037224,0.1833854235974026,0.6881821116473361
1,control,cnn,last65,fused_full_cosine,65,0,0,0.7405571787321568,0.7446552498103385,0.6540881833323825,0.8189361069420146,0.6043381175770888,0.912029003532662
1,control,cnn,last65,current_repeat_difference,65,0,65,0.0,0.0,0.0,0.0,0.0,0.0
1,control,cnn,last65,history_repeat_difference,65,0,65,0.0,0.0,0.0,0.0,0.0,0.0
1,control,cnn,last65,history_repeat_norm,65,0,0,0.19873940247353472,0.19623764798911753,0.16438124312943408,0.2338158740202127,0.109757053393151,0.26529523496738766
1,control,cnn,last65,fused_loss,65,0,0,0.14359449767149413,0.14461742341518402,0.10866957306861877,0.18020572662353515,0.06856326758861542,0.23637518286705017
1,control,cnn,last65,other_loss,65,0,0,0.7645928648801951,0.7541670203208923,0.6957341194152832,0.8424533128738404,0.6721783876419067,0.9174614548683167
1,control,cnn,last65,current_identity_error,65,0,0,0.0006307239534417671,0.0006171471096197712,0.0005511321513711742,0.0007428354241174543,0.0005208925711152646,0.0008937331932792171
1,control,cnn,last65,full_identity_error,65,0,0,0.0008018433094773703,0.0007898733423785317,0.000725165245509421,0.0009040675636976037,0.0006799390644430617,0.0009753688198071907
1,control,transformer,all,fused_norm,260,0,0,0.2173626669782254,0.2158113291326843,0.1700856714596362,0.264302630181912,0.04026900420396914,0.34638831275281823
1,control,transformer,all,other_norm,260,0,0,0.28495838304480925,0.281827739960259,0.17892229704964807,0.3994920622739251,0.06454309011831066,0.5961733238365455
1,control,transformer,all,full_norm,260,0,0,0.4282777628916806,0.41422229258514065,0.3007508199766803,0.552646139364864,0.11167099624630844,0.8376934244052943
1,control,transformer,all,fused_other_ratio,260,0,0,0.8557857217454724,0.7486136860958369,0.5300734879941399,1.2263440094326707,0.3759054164611238,4.387091071415124
1,control,transformer,all,fused_full_ratio,260,0,0,0.5258777819297932,0.5100823547492972,0.3813206401233906,0.6921662500337582,0.28459512023986244,0.9414797559483393
1,control,transformer,all,fused_other_cosine,260,0,0,0.43152875848319305,0.3995286527431213,0.12574560068402513,0.7784909046496492,-0.09681914858225506,0.9607921335884988
1,control,transformer,all,fused_full_cosine,260,0,0,0.8049594022850024,0.8099571970129902,0.6563273580405545,0.9254314274015022,0.5261748820204412,0.9821521394622128
1,control,transformer,all,current_repeat_difference,260,0,260,0.0,0.0,0.0,0.0,0.0,0.0
1,control,transformer,all,history_repeat_difference,260,0,260,0.0,0.0,0.0,0.0,0.0,0.0
1,control,transformer,all,history_repeat_norm,260,0,66,0.22042766916984802,0.27018529999633245,0.0,0.35974529728079285,0.0,0.46534854636098805
1,control,transformer,all,fused_loss,260,0,0,0.11365548701097186,0.12012838944792747,0.04125527925789356,0.17308989763259888,0.00184737890958786,0.23637518286705017
1,control,transformer,all,other_loss,260,0,0,0.7474238973397475,0.7392504811286926,0.6889706075191497,0.8175327003002166,0.6666655540466309,0.9174614548683167
1,control,transformer,all,current_identity_error,260,0,0,0.0006639319174461823,0.0006371180339931159,0.0005454546612225014,0.0008267347571381482,0.00047527115427487747,0.0009390326986445024
1,control,transformer,all,full_identity_error,260,0,0,0.0007926715184354017,0.0007857144553186503,0.0007164403535338283,0.0008837788283077856,0.0006495467186765551,0.0010521654197685223
1,control,transformer,warmup,fused_norm,65,0,0,0.20470292893080785,0.20093907457911553,0.12817767309155145,0.2918441645095698,0.04026900420396914,0.3389810288836466
1,control,transformer,warmup,other_norm,65,0,0,0.2984942380764223,0.2980920926471362,0.17981293541587962,0.4203777968112202,0.08205290179516066,0.5961733238365455
1,control,transformer,warmup,full_norm,65,0,0,0.47278283998274656,0.48705740656108193,0.29104100240817793,0.6493043850742383,0.11167099624630844,0.8376934244052943
1,control,transformer,warmup,fused_other_ratio,65,0,0,0.7207901635276219,0.6697742676010756,0.5034730460838293,0.971398241473815,0.3759054164611238,2.0361141817250425
1,control,transformer,warmup,fused_full_ratio,65,0,0,0.4401453999658355,0.4272665929694582,0.35321649108362146,0.5482130067860834,0.28459512023986244,0.760904032947415
1,control,transformer,warmup,fused_other_cosine,65,0,0,0.7399777125230318,0.7527424894252506,0.5913153666552773,0.8962605948244644,0.19267345471509773,0.9607921335884988
1,control,transformer,warmup,fused_full_cosine,65,0,0,0.9085314301444292,0.9139732685545966,0.8659010902606803,0.9609844962894128,0.6929348895020173,0.9814882950347245
1,control,transformer,warmup,current_repeat_difference,65,0,65,0.0,0.0,0.0,0.0,0.0,0.0
1,control,transformer,warmup,history_repeat_difference,65,0,65,0.0,0.0,0.0,0.0,0.0,0.0
1,control,transformer,warmup,history_repeat_norm,65,0,65,0.0,0.0,0.0,0.0,0.0,0.0
1,control,transformer,warmup,fused_loss,65,0,0,0.05006592047329132,0.04575459659099579,0.01168748177587986,0.08832845389842987,0.00184737890958786,0.13897451758384705
1,control,transformer,warmup,other_loss,65,0,0,0.7549393534660339,0.7477603554725647,0.693443500995636,0.8196149468421936,0.6668722629547119,0.8917030096054077
1,control,transformer,warmup,current_identity_error,65,0,0,0.0008004710237440152,0.000801502644030841,0.0007261861838465553,0.0008911770546466026,0.0006495467186765551,0.0009390326986445024
1,control,transformer,warmup,full_identity_error,65,0,0,0.0008004710237440152,0.000801502644030841,0.0007261861838465553,0.0008911770546466026,0.0006495467186765551,0.0009390326986445024
1,control,transformer,active,fused_norm,195,0,0,0.22158257966069791,0.2194779657252438,0.18890510301510324,0.2574274800672222,0.1470555214373728,0.34638831275281823
1,control,transformer,active,other_norm,195,0,0,0.2804464313676049,0.27817078446499816,0.18037973863886175,0.3892099810393239,0.06454309011831066,0.5199799642989628
1,control,transformer,active,full_norm,195,0,0,0.4134427371946586,0.40433774445442533,0.3058485769880517,0.5287041614258847,0.21969854254781832,0.7128394141028336
1,control,transformer,active,fused_other_ratio,195,0,0,0.9007842411514226,0.7878866304318926,0.5470482246966276,1.2594623527486717,0.3895524646293346,4.387091071415124
1,control,transformer,active,fused_full_ratio,195,0,0,0.5544552425844458,0.5470336525838859,0.4058242693592311,0.7120847909458159,0.32472197538515907,0.9414797559483393
1,control,transformer,active,fused_other_cosine,195,0,0,0.3287124404699135,0.32415261933129175,0.11440580394267522,0.5323407596115667,-0.09681914858225506,0.7886212088736991
1,control,transformer,active,fused_full_cosine,195,0,0,0.7704353929985268,0.7810013286098383,0.6432759958888842,0.8798707463898972,0.5261748820204412,0.9821521394622128
1,control,transformer,active,current_repeat_difference,195,0,195,0.0,0.0,0.0,0.0,0.0,0.0
1,control,transformer,active,history_repeat_difference,195,0,195,0.0,0.0,0.0,0.0,0.0,0.0
1,control,transformer,active,history_repeat_norm,195,0,1,0.2939035588931307,0.2937215237737458,0.21864458702404113,0.3750690929324614,0.0,0.46534854636098805
1,control,transformer,active,fused_loss,195,0,0,0.1348520091901987,0.13550308346748352,0.09540399461984635,0.17662067711353302,0.033914096653461456,0.23637518286705017
1,control,transformer,active,other_loss,195,0,0,0.744918745297652,0.7347115874290466,0.6867753505706787,0.8136325359344482,0.6666655540466309,0.9174614548683167
1,control,transformer,active,current_identity_error,195,0,0,0.0006184188820135713,0.0006064707465894529,0.0005398558157922628,0.0007146825304470786,0.00047527115427487747,0.0009130207755282971
1,control,transformer,active,full_identity_error,195,0,0,0.0007900716833325305,0.0007803126025165904,0.0007133451359217253,0.0008802359691550513,0.0006596900655867946,0.0010521654197685223
1,control,transformer,last65,fused_norm,65,0,0,0.2238064184019832,0.21860828376076158,0.19196970537042643,0.265418464557997,0.15845220099814117,0.34638831275281823
1,control,transformer,last65,other_norm,65,0,0,0.29025877337549955,0.288447886121658,0.19028384060751438,0.4029911116231967,0.06770364501812917,0.4821108314963318
1,control,transformer,last65,full_norm,65,0,0,0.42432785157832364,0.4117865309289814,0.31592180771148554,0.5379618821563633,0.24661636688951039,0.6030927833624701
1,control,transformer,last65,fused_other_ratio,65,0,0,0.914724636930181,0.7507049934106114,0.5470482246966276,1.2802510376145924,0.3895524646293346,4.387091071415124
1,control,transformer,last65,fused_full_ratio,65,0,0,0.5448537257515682,0.5391800186940894,0.4142622770940789,0.7065496444627196,0.32472197538515907,0.9001028925345989
1,control,transformer,last65,fused_other_cosine,65,0,0,0.33545121797784305,0.3456792254177868,0.12102413412905144,0.5027688079934499,0.0017092465972708274,0.6366990393974777
1,control,transformer,last65,fused_full_cosine,65,0,0,0.7668339750955215,0.7835384237758818,0.6387193329918351,0.8546237533648255,0.5525378226893417,0.9821521394622128
1,control,transformer,last65,current_repeat_difference,65,0,65,0.0,0.0,0.0,0.0,0.0,0.0
1,control,transformer,last65,history_repeat_difference,65,0,65,0.0,0.0,0.0,0.0,0.0,0.0
1,control,transformer,last65,history_repeat_norm,65,0,0,0.29699509182972245,0.2938036553670262,0.21760795986973755,0.37674918250159156,0.16515214240682446,0.46534854636098805
1,control,transformer,last65,fused_loss,65,0,0,0.14359449767149413,0.14461742341518402,0.10866957306861877,0.18020572662353515,0.06856326758861542,0.23637518286705017
1,control,transformer,last65,other_loss,65,0,0,0.7645928648801951,0.7541670203208923,0.6957341194152832,0.8424533128738404,0.6721783876419067,0.9174614548683167
1,control,transformer,last65,current_identity_error,65,0,0,0.0006307239534417671,0.0006171471096197712,0.0005511321513711742,0.0007428354241174543,0.0005208925711152646,0.0008937331932792171
1,control,transformer,last65,full_identity_error,65,0,0,0.0008018433094773703,0.0007898733423785317,0.000725165245509421,0.0009040675636976037,0.0006799390644430617,0.0009753688198071907
1,control,mamba,all,fused_norm,260,0,0,0.1723446527231068,0.17426813921348874,0.1386887396202287,0.207573725716313,0.035975258777016364,0.2413535714846625
1,control,mamba,all,other_norm,260,0,0,0.28977883897694545,0.2912697583411972,0.20573014925066727,0.3788845919669363,0.06434986668187818,0.46869911863955727
1,control,mamba,all,full_norm,260,0,0,0.40052107496016826,0.3945581371287916,0.2956355655160534,0.5246581499216905,0.09927240321778136,0.6244976113446454
1,control,mamba,all,fused_other_ratio,260,0,0,0.6398920807981289,0.5834652346161988,0.4494176733180285,0.8168028525193562,0.3476889339073143,3.066653666942715
1,control,mamba,all,fused_full_ratio,260,0,0,0.44355343340658593,0.4281063102814586,0.3434429745587063,0.5563602496378184,0.2708748544097417,0.894760283209703
1,control,mamba,all,fused_other_cosine,260,0,0,0.4663163930125379,0.4048128715061924,0.1844033983551226,0.8686557918261297,-0.03179500723103043,0.9358403686313005
1,control,mamba,all,fused_full_cosine,260,0,0,0.7711149720735601,0.7503865547986718,0.622214332697118,0.9451744890973748,0.4807763915713867,0.973286390180134
1,control,mamba,all,current_repeat_difference,260,0,0,1.6988048988899835e-05,1.7810705170115918e-05,5.893657297573494e-10,3.247330891679294e-05,6.691868400482545e-11,5.039154397355579e-05
1,control,mamba,all,history_repeat_difference,260,0,66,5.083604731284155e-06,1.5665324562261894e-07,0.0,1.5488240300597988e-05,0.0,2.483314128023322e-05
1,control,mamba,all,history_repeat_norm,260,0,66,0.1834594037083558,0.22418370547739316,0.0,0.2888447733187857,0.0,0.4011540696933992
1,control,mamba,all,fused_loss,260,0,0,0.11365548701097186,0.12012838944792747,0.04125527925789356,0.17308989763259888,0.00184737890958786,0.23637518286705017
1,control,mamba,all,other_loss,260,0,0,0.7474238973397475,0.7392504811286926,0.6889706075191497,0.8175327003002166,0.6666655540466309,0.9174614548683167
1,control,mamba,all,current_identity_error,260,0,0,0.0006639319174461823,0.0006371180339931159,0.0005454546612225014,0.0008267347571381482,0.00047527115427487747,0.0009390326986445024
1,control,mamba,all,full_identity_error,260,0,0,0.0007926715184354017,0.0007857144553186503,0.0007164403535338283,0.0008837788283077856,0.0006495467186765551,0.0010521654197685223
1,control,mamba,warmup,fused_norm,65,0,0,0.1592336130667469,0.16025664151838054,0.11651366824418455,0.211171588260856,0.035975258777016364,0.23455928599152512
1,control,mamba,warmup,other_norm,65,0,0,0.29571916478773097,0.29821071437986757,0.20372171141727508,0.3798362575976376,0.06923603277243602,0.4123016963799593
1,control,mamba,warmup,full_norm,65,0,0,0.4381736870173001,0.4314903968534232,0.29644306130030446,0.5761742401516476,0.09927240321778136,0.6244976113446454
1,control,mamba,warmup,fused_other_ratio,65,0,0,0.5419513621461193,0.5312501705243248,0.43944319654138064,0.6540900426914513,0.3476889339073143,0.8152774148684212
1,control,mamba,warmup,fused_full_ratio,65,0,0,0.36426346449637415,0.360767414676578,0.3148428845925809,0.41321767082628635,0.2708748544097417,0.4692447506349868
1,control,mamba,warmup,fused_other_cosine,65,0,0,0.8305685535525204,0.8535332264701957,0.7135181671556945,0.9115661752588903,0.3873659528110757,0.9358403686313005
1,control,mamba,warmup,fused_full_cosine,65,0,0,0.9253636141022816,0.9370072599427749,0.8628858599695036,0.9623997236244956,0.7480971671874656,0.973286390180134
1,control,mamba,warmup,current_repeat_difference,65,0,0,1.3766479789200401e-05,1.3549745127287273e-05,2.9014454428340777e-10,2.8825584276120246e-05,6.691868400482545e-11,5.039154397355579e-05
1,control,mamba,warmup,history_repeat_difference,65,0,65,0.0,0.0,0.0,0.0,0.0,0.0
1,control,mamba,warmup,history_repeat_norm,65,0,65,0.0,0.0,0.0,0.0,0.0,0.0
1,control,mamba,warmup,fused_loss,65,0,0,0.05006592047329132,0.04575459659099579,0.01168748177587986,0.08832845389842987,0.00184737890958786,0.13897451758384705
1,control,mamba,warmup,other_loss,65,0,0,0.7549393534660339,0.7477603554725647,0.693443500995636,0.8196149468421936,0.6668722629547119,0.8917030096054077
1,control,mamba,warmup,current_identity_error,65,0,0,0.0008004710237440152,0.000801502644030841,0.0007261861838465553,0.0008911770546466026,0.0006495467186765551,0.0009390326986445024
1,control,mamba,warmup,full_identity_error,65,0,0,0.0008004710237440152,0.000801502644030841,0.0007261861838465553,0.0008911770546466026,0.0006495467186765551,0.0009390326986445024
1,control,mamba,active,fused_norm,195,0,0,0.17671499927522677,0.1759353708838748,0.14777482285215035,0.20624581180522444,0.1100722334871143,0.2413535714846625
1,control,mamba,active,other_norm,195,0,0,0.2877987303733503,0.28872491363022934,0.20638018060523083,0.3766353580252928,0.06434986668187818,0.46869911863955727
1,control,mamba,active,full_norm,195,0,0,0.3879702042744576,0.3839587244058381,0.2959053585739528,0.488250927936517,0.19345870073412316,0.5756131881393578
1,control,mamba,active,fused_other_ratio,195,0,0,0.6725389870154654,0.6065741784060349,0.45307589847971613,0.8990491807488401,0.37628266609920485,3.066653666942715
1,control,mamba,active,fused_full_ratio,195,0,0,0.4699834230433232,0.44977464372570175,0.3624821703049391,0.5741207283150297,0.31555148503262326,0.894760283209703
1,control,mamba,active,fused_other_cosine,195,0,0,0.3448990061658771,0.3319489549991375,0.1528761893612071,0.5459072153617771,-0.03179500723103043,0.8886474040096956
1,control,mamba,active,fused_full_cosine,195,0,0,0.7196987580639862,0.714937359550767,0.6091859960287903,0.8480198035894826,0.4807763915713867,0.9624556104017837
1,control,mamba,active,current_repeat_difference,195,0,0,1.8061905388799643e-05,1.9702615786456184e-05,7.224084307476392e-10,3.3303376714377516e-05,4.5305830474691415e-10,4.4254555341026806e-05
1,control,mamba,active,history_repeat_difference,195,0,1,6.778139641712208e-06,6.215761198156669e-06,1.7615663421077182e-10,1.6532655207794592e-05,0.0,2.483314128023322e-05
1,control,mamba,active,history_repeat_norm,195,0,1,0.24461253827780777,0.24151903966287913,0.1920675447841333,0.2978532310724429,0.0,0.4011540696933992
1,control,mamba,active,fused_loss,195,0,0,0.1348520091901987,0.13550308346748352,0.09540399461984635,0.17662067711353302,0.033914096653461456,0.23637518286705017
1,control,mamba,active,other_loss,195,0,0,0.744918745297652,0.7347115874290466,0.6867753505706787,0.8136325359344482,0.6666655540466309,0.9174614548683167
1,control,mamba,active,current_identity_error,195,0,0,0.0006184188820135713,0.0006064707465894529,0.0005398558157922628,0.0007146825304470786,0.00047527115427487747,0.0009130207755282971
1,control,mamba,active,full_identity_error,195,0,0,0.0007900716833325305,0.0007803126025165904,0.0007133451359217253,0.0008802359691550513,0.0006596900655867946,0.0010521654197685223
1,control,mamba,last65,fused_norm,65,0,0,0.1792386259988737,0.17695707233334085,0.152987346118212,0.21336778319466324,0.136439242634411,0.2413535714846625
1,control,mamba,last65,other_norm,65,0,0,0.3022133051593939,0.3168960864018799,0.21019796200367574,0.3852898606502395,0.06434986668187818,0.46869911863955727
1,control,mamba,last65,full_norm,65,0,0,0.4053229933875553,0.4073637858940734,0.3056811264757321,0.5095207685495723,0.2255979422110395,0.5756131881393578
1,control,mamba,last65,fused_other_ratio,65,0,0,0.6628022504007682,0.5891052682406259,0.4501183816943059,0.8185156081850432,0.40163890498223015,3.066653666942715
1,control,mamba,last65,fused_full_ratio,65,0,0,0.4574261971257991,0.43714630193898524,0.3511404966706656,0.5617972085945236,0.32032939262960225,0.8747365011098045
1,control,mamba,last65,fused_other_cosine,65,0,0,0.3642911506662544,0.3508934605525565,0.22803994313979417,0.49542972966646176,0.09088459651486605,0.7216545523906126
1,control,mamba,last65,fused_full_cosine,65,0,0,0.7239819110112495,0.7163840355715909,0.6427138792184274,0.8221288126165027,0.547549526162779,0.9624556104017837
1,control,mamba,last65,current_repeat_difference,65,0,0,1.9911535536714424e-05,2.0593712608475762e-05,7.321218993607544e-07,3.2924425543426647e-05,5.127340273660804e-10,4.4254555341026806e-05
1,control,mamba,last65,history_repeat_difference,65,0,0,7.69215715453835e-06,7.564887443333191e-06,1.9640003462014467e-10,1.85774236107118e-05,1.467634452841686e-10,2.483314128023322e-05
1,control,mamba,last65,history_repeat_norm,65,0,0,0.25215612022041517,0.2472753708089501,0.19927071536263508,0.2985521168814017,0.14250774098323862,0.4011540696933992
1,control,mamba,last65,fused_loss,65,0,0,0.14359449767149413,0.14461742341518402,0.10866957306861877,0.18020572662353515,0.06856326758861542,0.23637518286705017
1,control,mamba,last65,other_loss,65,0,0,0.7645928648801951,0.7541670203208923,0.6957341194152832,0.8424533128738404,0.6721783876419067,0.9174614548683167
1,control,mamba,last65,current_identity_error,65,0,0,0.0006307239534417671,0.0006171471096197712,0.0005511321513711742,0.0007428354241174543,0.0005208925711152646,0.0008937331932792171
1,control,mamba,last65,full_identity_error,65,0,0,0.0008018433094773703,0.0007898733423785317,0.000725165245509421,0.0009040675636976037,0.0006799390644430617,0.0009753688198071907
1,smooth_ap,cnn,all,fused_norm,260,0,0,0.06613133109364387,0.051179180004734814,0.009914757621112399,0.14999400830747456,2.236008072513674e-05,0.20839816752012302
1,smooth_ap,cnn,all,other_norm,260,0,0,0.24951192430289632,0.2505644308682075,0.16638501019548,0.33362757306081453,0.06589839774403197,0.4119933717001284
1,smooth_ap,cnn,all,full_norm,260,0,0,0.2922108453841714,0.2796739764302323,0.1715904711876971,0.4334960509452254,0.07058450121361566,0.5982019360652436
1,smooth_ap,cnn,all,fused_other_ratio,260,0,0,0.2626878849829761,0.20565951229617024,0.04631140488009264,0.5441896266818121,0.00010037866368763875,0.8861011818236155
1,smooth_ap,cnn,all,fused_full_ratio,260,0,0,0.20668747502429896,0.19307496382159378,0.046136069784988014,0.37650300550501986,0.0001003757884945547,0.500674741599647
1,smooth_ap,cnn,all,fused_other_cosine,260,0,0,0.37532596213892416,0.27675898757778916,0.07635090362454755,0.8704414196059062,-0.13873375745649372,0.9234711474233217
1,smooth_ap,cnn,all,fused_full_cosine,260,0,0,0.5015971788769731,0.4269375032158858,0.1949417090237721,0.9433508369592094,-0.04721904745754751,0.9670794604712992
1,smooth_ap,cnn,all,current_repeat_difference,260,0,260,0.0,0.0,0.0,0.0,0.0,0.0
1,smooth_ap,cnn,all,history_repeat_difference,260,0,260,0.0,0.0,0.0,0.0,0.0,0.0
1,smooth_ap,cnn,all,history_repeat_norm,260,0,66,0.03672250655212842,0.027427321468793654,0.0,0.09553132564654487,0.0,0.15106759575443404
1,smooth_ap,cnn,all,fused_loss,260,0,0,0.017014605508973966,0.004568606615066528,0.0005153000354766847,0.058682217076420774,2.980232238769531e-07,0.1391497552394867
1,smooth_ap,cnn,all,other_loss,260,0,0,0.7500081316782878,0.7439276576042175,0.6918925464153289,0.817441463470459,0.6665112972259521,0.9133140444755554
1,smooth_ap,cnn,all,current_identity_error,260,0,0,0.0008028756928341135,0.0007959892250916324,0.0006561517238641798,0.000940064462776915,0.0005103667970502818,0.0016071176407211468
1,smooth_ap,cnn,all,full_identity_error,260,0,0,0.0008693215777360895,0.0008571672087415122,0.0007435604418729869,0.0010030188862632414,0.0006390190358622367,0.0017166827742437936
1,smooth_ap,cnn,warmup,fused_norm,65,0,0,0.14343338807181627,0.14405499795411628,0.10645506079684049,0.1828313204929365,0.045321528268082646,0.20839816752012302
1,smooth_ap,cnn,warmup,other_norm,65,0,0,0.26757751510209293,0.27752476001664755,0.16906293706430908,0.34944471989796827,0.06589839774403197,0.4119933717001284
1,smooth_ap,cnn,warmup,full_norm,65,0,0,0.39737041746868906,0.41305059984137094,0.2631860284678876,0.5099058498755207,0.11680563076465224,0.5982019360652436
1,smooth_ap,cnn,warmup,fused_other_ratio,65,0,0,0.550045840496073,0.5291390964713485,0.45804834717952997,0.6550930754034037,0.34947073636143694,0.8861011818236155
1,smooth_ap,cnn,warmup,fused_full_ratio,65,0,0,0.3655372532522168,0.35627753384214506,0.32489470790272534,0.419361575450512,0.27181110005248316,0.500674741599647
1,smooth_ap,cnn,warmup,fused_other_cosine,65,0,0,0.848039591208037,0.8645715483024461,0.7717291018930142,0.9067243061838165,0.6315559901271396,0.9234711474233217
1,smooth_ap,cnn,warmup,fused_full_cosine,65,0,0,0.9349105035413154,0.9414923114464696,0.9077874720758318,0.9595854868110126,0.8493378393983418,0.9670794604712992
1,smooth_ap,cnn,warmup,current_repeat_difference,65,0,65,0.0,0.0,0.0,0.0,0.0,0.0
1,smooth_ap,cnn,warmup,history_repeat_difference,65,0,65,0.0,0.0,0.0,0.0,0.0,0.0
1,smooth_ap,cnn,warmup,history_repeat_norm,65,0,65,0.0,0.0,0.0,0.0,0.0,0.0
1,smooth_ap,cnn,warmup,fused_loss,65,0,0,0.054681476320211704,0.05097046494483948,0.013556700944900513,0.09699908494949341,0.0033222567290067673,0.1391497552394867
1,smooth_ap,cnn,warmup,other_loss,65,0,0,0.7577002855447622,0.7486230731010437,0.6942325592041015,0.8256569743156433,0.6700382828712463,0.8872897624969482
1,smooth_ap,cnn,warmup,current_identity_error,65,0,0,0.0008035315064571141,0.0007890654736458332,0.0007320782999598719,0.0008840843305313752,0.0006832677422954315,0.0009317161120870214
1,smooth_ap,cnn,warmup,full_identity_error,65,0,0,0.0008035315064571141,0.0007890654736458332,0.0007320782999598719,0.0008840843305313752,0.0006832677422954315,0.0009317161120870214
1,smooth_ap,cnn,active,fused_norm,195,0,0,0.040363978767586406,0.034470369567653585,0.007162055842216144,0.07708743481596937,2.236008072513674e-05,0.12448600183235103
1,smooth_ap,cnn,active,other_norm,195,0,0,0.24349006070316412,0.2455569824981527,0.16313889665816256,0.32128676786161914,0.06750448958891418,0.3933264251913215
1,smooth_ap,cnn,active,full_norm,195,0,0,0.25715765468933216,0.26142169112788527,0.1686619195171406,0.340238850911785,0.07058450121361566,0.4205418719766304
1,smooth_ap,cnn,active,fused_other_ratio,195,0,0,0.16690189981194384,0.1469484373856468,0.03272380072471505,0.32335187149532907,0.00010037866368763875,0.517383404705508
1,smooth_ap,cnn,active,fused_full_ratio,195,0,0,0.15373754894832634,0.14174259985170887,0.032652091524546206,0.2861798512320908,0.0001003757884945547,0.4019271201202421
1,smooth_ap,cnn,active,fused_other_cosine,195,0,0,0.2177547524492199,0.20505932509987715,0.054890292587504795,0.39808744406679475,-0.13873375745649372,0.5610023022664787
1,smooth_ap,cnn,active,fused_full_cosine,195,0,0,0.3571594039888589,0.34533787659460063,0.16812901614771708,0.560179535749997,-0.04721904745754751,0.7603421172406243
1,smooth_ap,cnn,active,current_repeat_difference,195,0,195,0.0,0.0,0.0,0.0,0.0,0.0
1,smooth_ap,cnn,active,history_repeat_difference,195,0,195,0.0,0.0,0.0,0.0,0.0,0.0
1,smooth_ap,cnn,active,history_repeat_norm,195,0,1,0.04896334206950456,0.04139230558795372,0.007178189497613225,0.10368662153578324,0.0,0.15106759575443404
1,smooth_ap,cnn,active,fused_loss,195,0,0,0.004458981905228052,0.0027486085891723633,0.0003161668777465821,0.009862804412841797,2.980232238769531e-07,0.03837394714355469
1,smooth_ap,cnn,active,other_loss,195,0,0,0.747444080389463,0.7398833632469177,0.6912339925765991,0.8128100991249084,0.6665112972259521,0.9133140444755554
1,smooth_ap,cnn,active,current_identity_error,195,0,0,0.0008026570882931134,0.0007964576761547233,0.0006438122396490244,0.0009638230345280785,0.0005103667970502818,0.0016071176407211468
1,smooth_ap,cnn,active,full_identity_error,195,0,0,0.000891251601495748,0.000881052499193438,0.0007645865849533998,0.0010148928612787663,0.0006390190358622367,0.0017166827742437936
1,smooth_ap,cnn,last65,fused_norm,65,0,0,0.047261540582541534,0.04365388761201503,0.012818997804756777,0.08494379916292019,0.001526159506900422,0.12448600183235103
1,smooth_ap,cnn,last65,other_norm,65,0,0,0.275255485553715,0.28474750003637944,0.20675011594945292,0.34871433463225004,0.10709742592090414,0.3933264251913215
1,smooth_ap,cnn,last65,full_norm,65,0,0,0.29132446971912895,0.29616896962276146,0.21433521206269873,0.3699559855602605,0.11083047255437507,0.4205418719766304
1,smooth_ap,cnn,last65,fused_other_ratio,65,0,0,0.17011869832102072,0.15873233998048134,0.05619939218758805,0.3092883420287157,0.00831595016285535,0.4322036280840151
1,smooth_ap,cnn,last65,fused_full_ratio,65,0,0,0.15777011461192056,0.14802902865218384,0.0556198898639252,0.27447121945757164,0.008306030040164421,0.390207195210937
1,smooth_ap,cnn,last65,fused_other_cosine,65,0,0,0.2358124849977579,0.2574783481580695,0.05783759668640773,0.3964779167288476,-0.13873375745649372,0.5610023022664787
1,smooth_ap,cnn,last65,fused_full_cosine,65,0,0,0.3781265650588772,0.3824549920286978,0.1736422689809183,0.5714665948470352,-0.04721904745754751,0.6885802063098532
1,smooth_ap,cnn,last65,current_repeat_difference,65,0,65,0.0,0.0,0.0,0.0,0.0,0.0
1,smooth_ap,cnn,last65,history_repeat_difference,65,0,65,0.0,0.0,0.0,0.0,0.0,0.0
1,smooth_ap,cnn,last65,history_repeat_norm,65,0,0,0.05520548552728961,0.054044616952462786,0.014983218352325661,0.10738605454490742,0.0018241588663652905,0.12744419129531612
1,smooth_ap,cnn,last65,fused_loss,65,0,0,0.005281275052290696,0.0039160847663879395,0.0007374286651611328,0.010130202770233155,8.821487426757812e-05,0.029497623443603516
1,smooth_ap,cnn,last65,other_loss,65,0,0,0.7687342212750361,0.7633064389228821,0.6980015754699707,0.8529035687446594,0.675651490688324,0.9133140444755554
1,smooth_ap,cnn,last65,current_identity_error,65,0,0,0.0008089549880131939,0.0007951020443526828,0.0006543792897417489,0.0010055987266659426,0.0005825201241606917,0.0010583382380216916
1,smooth_ap,cnn,last65,full_identity_error,65,0,0,0.0009023294618132409,0.0008956680273820202,0.0007832737167484089,0.001032052820172209,0.0007375686734765628,0.00112155486392688
1,smooth_ap,transformer,all,fused_norm,260,0,0,0.08775233468642725,0.061792527863922614,0.010048433932420312,0.2066699323599286,1.8785433744364306e-05,0.3063095907896955
1,smooth_ap,transformer,all,other_norm,260,0,0,0.265293122955053,0.27692351657272785,0.1541258115182296,0.3678782984829484,0.05979438323781481,0.4821160133564245
1,smooth_ap,transformer,all,full_norm,260,0,0,0.3229581228092703,0.30243479576068355,0.1839399066715567,0.4838204263216793,0.06180498239799905,0.7431204652975728
1,smooth_ap,transformer,all,fused_other_ratio,260,0,0,0.3408372387197326,0.23975944162366847,0.044042286653497305,0.7669592402764647,6.039611775244669e-05,1.9227879697583727
1,smooth_ap,transformer,all,fused_full_ratio,260,0,0,0.24715939066629544,0.22021804862461453,0.043463790569774334,0.46584904715572084,6.039315487545341e-05,0.7356662193677282
1,smooth_ap,transformer,all,fused_other_cosine,260,0,0,0.3668795383012903,0.28338611868368613,0.05474176312531211,0.8258771072547494,-0.12130358004033712,0.9388139544515205
1,smooth_ap,transformer,all,fused_full_cosine,260,0,0,0.5235484602481424,0.48579765896311644,0.19031913217654853,0.9413349136325743,-0.09182747649255883,0.9781507842838009
1,smooth_ap,transformer,all,current_repeat_difference,260,0,260,0.0,0.0,0.0,0.0,0.0,0.0
1,smooth_ap,transformer,all,history_repeat_difference,260,0,260,0.0,0.0,0.0,0.0,0.0,0.0
1,smooth_ap,transformer,all,history_repeat_norm,260,0,66,0.05500240883029419,0.042190312154513285,0.0,0.14258077524711793,0.0,0.30948949058278374
1,smooth_ap,transformer,all,fused_loss,260,0,0,0.017014605508973966,0.004568606615066528,0.0005153000354766847,0.058682217076420774,2.980232238769531e-07,0.1391497552394867
1,smooth_ap,transformer,all,other_loss,260,0,0,0.7500081316782878,0.7439276576042175,0.6918925464153289,0.817441463470459,0.6665112972259521,0.9133140444755554
1,smooth_ap,transformer,all,current_identity_error,260,0,0,0.0008028756928341135,0.0007959892250916324,0.0006561517238641798,0.000940064462776915,0.0005103667970502818,0.0016071176407211468
1,smooth_ap,transformer,all,full_identity_error,260,0,0,0.0008693215777360895,0.0008571672087415122,0.0007435604418729869,0.0010030188862632414,0.0006390190358622367,0.0017166827742437936
1,smooth_ap,transformer,warmup,fused_norm,65,0,0,0.19742816483411826,0.19691146645137222,0.12194322540595835,0.2688049310293387,0.0708706521292923,0.3063095907896955
1,smooth_ap,transformer,warmup,other_norm,65,0,0,0.27608817700470306,0.2946108849071758,0.16095501373021423,0.3873916186831571,0.07458044092174589,0.4821160133564245
1,smooth_ap,transformer,warmup,full_norm,65,0,0,0.4490834945762471,0.46478385148101664,0.2778593366697032,0.6243605079626057,0.12062227018796698,0.7431204652975728
1,smooth_ap,transformer,warmup,fused_other_ratio,65,0,0,0.760176245582551,0.6878223641824383,0.5483027553245104,1.0033816495345076,0.423206854373287,1.9227879697583727
1,smooth_ap,transformer,warmup,fused_full_ratio,65,0,0,0.44985252272024473,0.4278852166948993,0.366788484307289,0.5563048219102702,0.30525910331865524,0.7356662193677282
1,smooth_ap,transformer,warmup,fused_other_cosine,65,0,0,0.7743235268747344,0.8111075719382805,0.6282884531738757,0.8983361378080806,0.2504326269731812,0.9388139544515205
1,smooth_ap,transformer,warmup,fused_full_cosine,65,0,0,0.9253947806627895,0.9371231272134591,0.889403786328726,0.9626845691865021,0.7417588492285673,0.9781507842838009
1,smooth_ap,transformer,warmup,current_repeat_difference,65,0,65,0.0,0.0,0.0,0.0,0.0,0.0
1,smooth_ap,transformer,warmup,history_repeat_difference,65,0,65,0.0,0.0,0.0,0.0,0.0,0.0
1,smooth_ap,transformer,warmup,history_repeat_norm,65,0,65,0.0,0.0,0.0,0.0,0.0,0.0
1,smooth_ap,transformer,warmup,fused_loss,65,0,0,0.054681476320211704,0.05097046494483948,0.013556700944900513,0.09699908494949341,0.0033222567290067673,0.1391497552394867
1,smooth_ap,transformer,warmup,other_loss,65,0,0,0.7577002855447622,0.7486230731010437,0.6942325592041015,0.8256569743156433,0.6700382828712463,0.8872897624969482
1,smooth_ap,transformer,warmup,current_identity_error,65,0,0,0.0008035315064571141,0.0007890654736458332,0.0007320782999598719,0.0008840843305313752,0.0006832677422954315,0.0009317161120870214
1,smooth_ap,transformer,warmup,full_identity_error,65,0,0,0.0008035315064571141,0.0007890654736458332,0.0007320782999598719,0.0008840843305313752,0.0006832677422954315,0.0009317161120870214
1,smooth_ap,transformer,active,fused_norm,195,0,0,0.0511937246371969,0.04609673634205152,0.00779630509610396,0.10179138131902479,1.8785433744364306e-05,0.17908452142307738
1,smooth_ap,transformer,active,other_norm,195,0,0,0.2616947716051696,0.2749443967519747,0.15367614420553674,0.3601980479526407,0.05979438323781481,0.4767421495918778
1,smooth_ap,transformer,active,full_norm,195,0,0,0.280916332220278,0.2835074397413252,0.1710935273023575,0.3914801833964113,0.06180498239799905,0.48381745233642554
1,smooth_ap,transformer,active,fused_other_ratio,195,0,0,0.20105756976545977,0.17430356866527658,0.030504061599127157,0.3938061026480494,6.039611775244669e-05,0.7845082968014827
1,smooth_ap,transformer,active,fused_full_ratio,195,0,0,0.17959501331497899,0.16885415788798694,0.030474996763177234,0.33038935170051653,6.039315487545341e-05,0.5362702357286309
1,smooth_ap,transformer,active,fused_other_cosine,195,0,0,0.23106487544347554,0.21755718971589377,0.03278793511213786,0.46817970154436084,-0.12130358004033712,0.711255759848816
1,smooth_ap,transformer,active,fused_full_cosine,195,0,0,0.38959968677659335,0.3816188222212752,0.16785162414641902,0.6347185768269262,-0.09182747649255883,0.8537195237494581
1,smooth_ap,transformer,active,current_repeat_difference,195,0,195,0.0,0.0,0.0,0.0,0.0,0.0
1,smooth_ap,transformer,active,history_repeat_difference,195,0,195,0.0,0.0,0.0,0.0,0.0,0.0
1,smooth_ap,transformer,active,history_repeat_norm,195,0,1,0.07333654510705892,0.05816437352259309,0.011103533350739072,0.15628888086030857,0.0,0.30948949058278374
1,smooth_ap,transformer,active,fused_loss,195,0,0,0.004458981905228052,0.0027486085891723633,0.0003161668777465821,0.009862804412841797,2.980232238769531e-07,0.03837394714355469
1,smooth_ap,transformer,active,other_loss,195,0,0,0.747444080389463,0.7398833632469177,0.6912339925765991,0.8128100991249084,0.6665112972259521,0.9133140444755554
1,smooth_ap,transformer,active,current_identity_error,195,0,0,0.0008026570882931134,0.0007964576761547233,0.0006438122396490244,0.0009638230345280785,0.0005103667970502818,0.0016071176407211468
1,smooth_ap,transformer,active,full_identity_error,195,0,0,0.000891251601495748,0.000881052499193438,0.0007645865849533998,0.0010148928612787663,0.0006390190358622367,0.0017166827742437936
1,smooth_ap,transformer,last65,fused_norm,65,0,0,0.05868563266489594,0.05524413209332776,0.01577064631840881,0.10119994379674763,0.0023308069403892005,0.17908452142307738
1,smooth_ap,transformer,last65,other_norm,65,0,0,0.27627379357658205,0.2823635958834263,0.16503304821735565,0.3683734299512977,0.07114462196905806,0.43329818270755244
1,smooth_ap,transformer,last65,full_norm,65,0,0,0.29989582706300155,0.301125946692582,0.18402890221610888,0.40476087133410554,0.07903338015482651,0.48381745233642554
1,smooth_ap,transformer,last65,fused_other_ratio,65,0,0,0.21536973323901146,0.19260106758491494,0.06545693155059085,0.3593904849211422,0.01922297978453853,0.6073741076094754
1,smooth_ap,transformer,last65,fused_full_ratio,65,0,0,0.19165019563033875,0.17691479813110236,0.0639810723742035,0.3273420134371325,0.019129350667884078,0.4814784529957518
1,smooth_ap,transformer,last65,fused_other_cosine,65,0,0,0.26215370398951543,0.24686571862446455,0.05592382367358996,0.524247743166033,-0.06329606993347683,0.711255759848816
1,smooth_ap,transformer,last65,fused_full_cosine,65,0,0,0.42759357790195607,0.40695534516368675,0.21315343638052886,0.6740765822277002,0.04936566858157212,0.8282594177651724
1,smooth_ap,transformer,last65,current_repeat_difference,65,0,65,0.0,0.0,0.0,0.0,0.0,0.0
1,smooth_ap,transformer,last65,history_repeat_difference,65,0,65,0.0,0.0,0.0,0.0,0.0,0.0
1,smooth_ap,transformer,last65,history_repeat_norm,65,0,0,0.08550542529712987,0.08387116111576258,0.018548605292605533,0.1667982932257798,0.002361824746906899,0.21090172766616908
1,smooth_ap,transformer,last65,fused_loss,65,0,0,0.005281275052290696,0.0039160847663879395,0.0007374286651611328,0.010130202770233155,8.821487426757812e-05,0.029497623443603516
1,smooth_ap,transformer,last65,other_loss,65,0,0,0.7687342212750361,0.7633064389228821,0.6980015754699707,0.8529035687446594,0.675651490688324,0.9133140444755554
1,smooth_ap,transformer,last65,current_identity_error,65,0,0,0.0008089549880131939,0.0007951020443526828,0.0006543792897417489,0.0010055987266659426,0.0005825201241606917,0.0010583382380216916
1,smooth_ap,transformer,last65,full_identity_error,65,0,0,0.0009023294618132409,0.0008956680273820202,0.0007832737167484089,0.001032052820172209,0.0007375686734765628,0.00112155486392688
1,smooth_ap,mamba,all,fused_norm,260,0,0,0.07268964668401572,0.053500412431563726,0.010025438046996585,0.17301311959145765,2.0159661149526336e-05,0.22229917107137692
1,smooth_ap,mamba,all,other_norm,260,0,0,0.2907000830466961,0.29480648364703743,0.20602394528047735,0.3760633747430294,0.07262756131245854,0.43822422267030814
1,smooth_ap,mamba,all,full_norm,260,0,0,0.33672622940168206,0.3296936965531747,0.22024205225533616,0.4783790089360635,0.07639460337517341,0.6226054436117845
1,smooth_ap,mamba,all,fused_other_ratio,260,0,0,0.24983869295154312,0.17751749523609822,0.042089842358294376,0.5529819705991279,5.393009494442121e-05,0.9143615836454209
1,smooth_ap,mamba,all,fused_full_ratio,260,0,0,0.196469893682978,0.17002006710996198,0.04204108812014581,0.37157339312275706,5.392885501383059e-05,0.5066508683536801
1,smooth_ap,mamba,all,fused_other_cosine,260,0,0,0.3540881364467226,0.2448862598505455,0.032105932143895455,0.8822488239982724,-0.22165618825036343,0.9477121444052541
1,smooth_ap,mamba,all,fused_full_cosine,260,0,0,0.4722582913751369,0.37795202434156305,0.13227068948092396,0.9485695330477953,-0.042747244948549305,0.9766603510764689
1,smooth_ap,mamba,all,current_repeat_difference,260,0,0,2.818605227255866e-06,1.2702486281487293e-10,2.126835676748768e-11,1.1593300365928675e-05,3.4939993062410463e-15,2.6699202507593715e-05
1,smooth_ap,mamba,all,history_repeat_difference,260,0,66,1.0792836165381018e-07,2.155907935019061e-11,0.0,9.484682310049413e-11,0.0,9.805535667293459e-06
1,smooth_ap,mamba,all,history_repeat_norm,260,0,66,0.04604935364550667,0.032530105999612396,0.0,0.11984778811239062,0.0,0.2012266887567253
1,smooth_ap,mamba,all,fused_loss,260,0,0,0.017014605508973966,0.004568606615066528,0.0005153000354766847,0.058682217076420774,2.980232238769531e-07,0.1391497552394867
1,smooth_ap,mamba,all,other_loss,260,0,0,0.7500081316782878,0.7439276576042175,0.6918925464153289,0.817441463470459,0.6665112972259521,0.9133140444755554
1,smooth_ap,mamba,all,current_identity_error,260,0,0,0.0008028756928341135,0.0007959892250916324,0.0006561517238641798,0.000940064462776915,0.0005103667970502818,0.0016071176407211468
1,smooth_ap,mamba,all,full_identity_error,260,0,0,0.0008693215777360895,0.0008571672087415122,0.0007435604418729869,0.0010030188862632414,0.0006390190358622367,0.0017166827742437936
1,smooth_ap,mamba,warmup,fused_norm,65,0,0,0.16133979499183226,0.1647323719594496,0.11646211724834749,0.2091317870317056,0.0518376283876674,0.22229917107137692
1,smooth_ap,mamba,warmup,other_norm,65,0,0,0.2982656509836185,0.2972218610554441,0.20085248674290618,0.3923884694797702,0.0838283918701541,0.4251119763007845
1,smooth_ap,mamba,warmup,full_norm,65,0,0,0.44508903136902933,0.449525765174219,0.3128747264740277,0.5783789295450713,0.13608445320364562,0.6226054436117845
1,smooth_ap,mamba,warmup,fused_other_ratio,65,0,0,0.5505249061473696,0.5367608919999085,0.4566108076119105,0.6606180768660267,0.3209630889166228,0.9143615836454209
1,smooth_ap,mamba,warmup,fused_full_ratio,65,0,0,0.3655860987512718,0.35945741674724346,0.3221016356563538,0.4192296885338917,0.25282984839712797,0.5066508683536801
1,smooth_ap,mamba,warmup,fused_other_cosine,65,0,0,0.854723973732095,0.8659276157514962,0.7764404098370523,0.9248301223253311,0.5565077317590641,0.9477121444052541
1,smooth_ap,mamba,warmup,fused_full_cosine,65,0,0,0.9382922835739217,0.9415323881160288,0.9080099854137507,0.9680173176227244,0.8507115236024626,0.9766603510764689
1,smooth_ap,mamba,warmup,current_repeat_difference,65,0,0,7.202582904135007e-06,1.3090606030588665e-06,2.625046504306683e-10,2.0363623484761742e-05,7.73054528033551e-11,2.6254215426633075e-05
1,smooth_ap,mamba,warmup,history_repeat_difference,65,0,65,0.0,0.0,0.0,0.0,0.0,0.0
1,smooth_ap,mamba,warmup,history_repeat_norm,65,0,65,0.0,0.0,0.0,0.0,0.0,0.0
1,smooth_ap,mamba,warmup,fused_loss,65,0,0,0.054681476320211704,0.05097046494483948,0.013556700944900513,0.09699908494949341,0.0033222567290067673,0.1391497552394867
1,smooth_ap,mamba,warmup,other_loss,65,0,0,0.7577002855447622,0.7486230731010437,0.6942325592041015,0.8256569743156433,0.6700382828712463,0.8872897624969482
1,smooth_ap,mamba,warmup,current_identity_error,65,0,0,0.0008035315064571141,0.0007890654736458332,0.0007320782999598719,0.0008840843305313752,0.0006832677422954315,0.0009317161120870214
1,smooth_ap,mamba,warmup,full_identity_error,65,0,0,0.0008035315064571141,0.0007890654736458332,0.0007320782999598719,0.0008840843305313752,0.0006832677422954315,0.0009317161120870214
1,smooth_ap,mamba,active,fused_norm,195,0,0,0.04313959724807688,0.03655670006494032,0.007670091260389378,0.08827417550382417,2.0159661149526336e-05,0.14517844666805932
1,smooth_ap,mamba,active,other_norm,195,0,0,0.28817822706772195,0.29476326350535503,0.2070511151530781,0.3706813814982548,0.07262756131245854,0.43822422267030814
1,smooth_ap,mamba,active,full_norm,195,0,0,0.3006052954125663,0.3113204557696354,0.2154256145014481,0.3840110502301002,0.07639460337517341,0.46183080812719696
1,smooth_ap,mamba,active,fused_other_ratio,195,0,0,0.14960995521960097,0.12941398834695267,0.02826146904341636,0.29608518989158117,5.393009494442121e-05,0.538015405015834
1,smooth_ap,mamba,active,fused_full_ratio,195,0,0,0.14009782532688003,0.12444813047665647,0.02822135723338454,0.2753625066129662,5.392885501383059e-05,0.40964278891356676
1,smooth_ap,mamba,active,fused_other_cosine,195,0,0,0.18720952401826513,0.18296631764996868,0.021880276867236346,0.37182508518753676,-0.22165618825036343,0.579147551416147
1,smooth_ap,mamba,active,fused_full_cosine,195,0,0,0.31691362730887535,0.3155501427234579,0.10840203415251314,0.5257515971166836,-0.042747244948549305,0.7296147098753784
1,smooth_ap,mamba,active,current_repeat_difference,195,0,0,1.3572793349628184e-06,7.482333930750953e-11,1.1427495565418932e-11,6.692851877184546e-06,3.4939993062410463e-15,2.6699202507593715e-05
1,smooth_ap,mamba,active,history_repeat_difference,195,0,1,1.4390448220508025e-07,3.541505065306968e-11,5.673238511869209e-12,1.204082410823079e-10,0.0,9.805535667293459e-06
1,smooth_ap,mamba,active,history_repeat_norm,195,0,1,0.06139913819400889,0.050420462964822506,0.008781061028745804,0.13033205443371793,0.0,0.2012266887567253
1,smooth_ap,mamba,active,fused_loss,195,0,0,0.004458981905228052,0.0027486085891723633,0.0003161668777465821,0.009862804412841797,2.980232238769531e-07,0.03837394714355469
1,smooth_ap,mamba,active,other_loss,195,0,0,0.747444080389463,0.7398833632469177,0.6912339925765991,0.8128100991249084,0.6665112972259521,0.9133140444755554
1,smooth_ap,mamba,active,current_identity_error,195,0,0,0.0008026570882931134,0.0007964576761547233,0.0006438122396490244,0.0009638230345280785,0.0005103667970502818,0.0016071176407211468
1,smooth_ap,mamba,active,full_identity_error,195,0,0,0.000891251601495748,0.000881052499193438,0.0007645865849533998,0.0010148928612787663,0.0006390190358622367,0.0017166827742437936
1,smooth_ap,mamba,last65,fused_norm,65,0,0,0.05124732034627715,0.046865755375859505,0.015031502968153096,0.09581534611551354,0.0018380876103400578,0.137274663886483
1,smooth_ap,mamba,last65,other_norm,65,0,0,0.3023949561314713,0.3131205064312027,0.21759813988179302,0.3759567061408804,0.07971699849403477,0.43822422267030814
1,smooth_ap,mamba,last65,full_norm,65,0,0,0.31821417300709776,0.3336934028886929,0.2217004607116916,0.40076016569108297,0.08836705342035236,0.46183080812719696
1,smooth_ap,mamba,last65,fused_other_ratio,65,0,0,0.16878959842695268,0.1527626645873554,0.054246870360321345,0.32214250676696543,0.012684850940016916,0.46155755559220546
1,smooth_ap,mamba,last65,fused_full_ratio,65,0,0,0.1568310180385422,0.14725677241303797,0.0536176729031954,0.2841235998995609,0.012640353177308586,0.37308572942313806
1,smooth_ap,mamba,last65,fused_other_cosine,65,0,0,0.20117421004202785,0.2031367060979581,0.00845488870139942,0.3568210862147324,-0.1690462266384489,0.579147551416147
1,smooth_ap,mamba,last65,fused_full_cosine,65,0,0,0.3444117047746722,0.32844919228444824,0.1375980555913957,0.5766883701542399,0.003884824499823673,0.7296147098753784
1,smooth_ap,mamba,last65,current_repeat_difference,65,0,0,1.4510280017927972e-06,1.0352294079354479e-10,2.6051928805740173e-11,7.421385896018442e-06,2.676115755178897e-12,2.6699202507593715e-05
1,smooth_ap,mamba,last65,history_repeat_difference,65,0,0,1.4187529389409073e-07,4.5722360821061134e-11,1.214870876594199e-11,1.6165014764623846e-09,1.2867556418333898e-12,3.9388583196697775e-06
1,smooth_ap,mamba,last65,history_repeat_norm,65,0,0,0.06973060838557786,0.06606194910595424,0.017674144400446387,0.1350356698207182,0.0022419257835260254,0.17912183765424863
1,smooth_ap,mamba,last65,fused_loss,65,0,0,0.005281275052290696,0.0039160847663879395,0.0007374286651611328,0.010130202770233155,8.821487426757812e-05,0.029497623443603516
1,smooth_ap,mamba,last65,other_loss,65,0,0,0.7687342212750361,0.7633064389228821,0.6980015754699707,0.8529035687446594,0.675651490688324,0.9133140444755554
1,smooth_ap,mamba,last65,current_identity_error,65,0,0,0.0008089549880131939,0.0007951020443526828,0.0006543792897417489,0.0010055987266659426,0.0005825201241606917,0.0010583382380216916
1,smooth_ap,mamba,last65,full_identity_error,65,0,0,0.0009023294618132409,0.0008956680273820202,0.0007832737167484089,0.001032052820172209,0.0007375686734765628,0.00112155486392688
2,control,cnn,all,fused_norm,260,0,0,0.15091921306136907,0.15301972162012317,0.12647840436875737,0.17540752017739836,0.021738194533261514,0.20995782251037415
2,control,cnn,all,other_norm,260,0,0,0.24640012260690164,0.25143181832691885,0.15768374380439945,0.32628100834715923,0.05762141468802708,0.39128960729106665
2,control,cnn,all,full_norm,260,0,0,0.3476610792021575,0.3492770393489868,0.24708829548901445,0.4452821467225116,0.09595681838576421,0.5357920894303604
2,control,cnn,all,fused_other_ratio,260,0,0,0.6748411084455479,0.5933570970918967,0.4736638183403411,0.9216228260521641,0.24252027188085712,3.444026827960038
2,control,cnn,all,fused_full_ratio,260,0,0,0.45075931705085776,0.42466780738181364,0.3406237659135619,0.5980323344971334,0.22654142664328383,0.8770468237205823
2,control,cnn,all,fused_other_cosine,260,0,0,0.4956220916254325,0.4292089728424627,0.2592351899963288,0.8572874720291428,-0.035797656519454185,0.9433518086508579
2,control,cnn,all,fused_full_cosine,260,0,0,0.7948641448389303,0.7849422650131558,0.6708372978715214,0.9379334319160351,0.3945526592565841,0.9746828065996888
2,control,cnn,all,current_repeat_difference,260,0,260,0.0,0.0,0.0,0.0,0.0,0.0
2,control,cnn,all,history_repeat_difference,260,0,260,0.0,0.0,0.0,0.0,0.0,0.0
2,control,cnn,all,history_repeat_norm,260,0,66,0.13639866516707969,0.16873734680413938,0.0,0.22081805397274912,0.0,0.2940068764500171
2,control,cnn,all,fused_loss,260,0,0,0.10740530260910208,0.1141996756196022,0.03749967478215695,0.1655383616685867,0.0003891577944159508,0.2106182873249054
2,control,cnn,all,other_loss,260,0,0,0.7455218743819457,0.7392668724060059,0.6927514970302582,0.8079529345035553,0.66632080078125,0.8680459856987
2,control,cnn,all,current_identity_error,260,0,0,0.0006582764890909393,0.0006349526913123158,0.000543263459043779,0.0008064421968807301,0.00047673070859298016,0.0009908573749025857
2,control,cnn,all,full_identity_error,260,0,0,0.000772714128289634,0.0007689345422498252,0.0006907569435647623,0.0008599640570154123,0.0005185517864220299,0.0009908573749025857
2,control,cnn,warmup,fused_norm,65,0,0,0.1385397500762757,0.1390512904130258,0.0979184226749306,0.17719503650232882,0.021738194533261514,0.1954155701169362
2,control,cnn,warmup,other_norm,65,0,0,0.2623288196978951,0.26316545928585733,0.18762907098032774,0.3411483510594178,0.08963454627801519,0.3751183045031394
2,control,cnn,warmup,full_norm,65,0,0,0.3862728707492623,0.38813103592136405,0.28023944786935473,0.5081680924880349,0.09595681838576421,0.5357920894303604
2,control,cnn,warmup,fused_other_ratio,65,0,0,0.5321865399311348,0.5149279177815708,0.4535027615796711,0.6529659712727938,0.24252027188085712,0.8645311626557145
2,control,cnn,warmup,fused_full_ratio,65,0,0,0.3589740530459376,0.35192395307762336,0.3214948155720849,0.41008438658350915,0.22654142664328383,0.4942211287673913
2,control,cnn,warmup,fused_other_cosine,65,0,0,0.8277198738319472,0.8467377306668457,0.7510477888898983,0.907541892239617,0.17986924380611813,0.9433518086508579
2,control,cnn,warmup,fused_full_cosine,65,0,0,0.9208849150521173,0.9322473718761016,0.8897046421987899,0.9581844487620681,0.3945526592565841,0.9746828065996888
2,control,cnn,warmup,current_repeat_difference,65,0,65,0.0,0.0,0.0,0.0,0.0,0.0
2,control,cnn,warmup,history_repeat_difference,65,0,65,0.0,0.0,0.0,0.0,0.0,0.0
2,control,cnn,warmup,history_repeat_norm,65,0,65,0.0,0.0,0.0,0.0,0.0,0.0
2,control,cnn,warmup,fused_loss,65,0,0,0.04885570346735991,0.0465419664978981,0.020500506833195688,0.07968230098485947,0.0003891577944159508,0.11457102000713348
2,control,cnn,warmup,other_loss,65,0,0,0.7496554512244005,0.7496281862258911,0.7013197183609009,0.804843807220459,0.6730976700782776,0.8616983890533447
2,control,cnn,warmup,current_identity_error,65,0,0,0.0007809430698132871,0.0007762298618369072,0.0006960116685316283,0.0008767829993795349,0.0005185517864220299,0.0009908573749025857
2,control,cnn,warmup,full_identity_error,65,0,0,0.0007809430698132871,0.0007762298618369072,0.0006960116685316283,0.0008767829993795349,0.0005185517864220299,0.0009908573749025857
2,control,cnn,active,fused_norm,195,0,0,0.15504570072306684,0.15462229884861228,0.13783240863519663,0.1751297424813126,0.12073425073118667,0.20995782251037415
2,control,cnn,active,other_norm,195,0,0,0.2410905569099038,0.2463144707559894,0.15205964205812983,0.32281975957126857,0.05762141468802708,0.39128960729106665
2,control,cnn,active,full_norm,195,0,0,0.3347904820197892,0.3406061358824253,0.24195746822053862,0.41888181905295996,0.17206472987613217,0.5030381820058258
2,control,cnn,active,fused_other_ratio,195,0,0,0.7223926312836856,0.6282048562417354,0.4824670200449121,0.94818084619068,0.3955334955017146,3.444026827960038
2,control,cnn,active,fused_full_ratio,195,0,0,0.48135440505249777,0.45583331017392714,0.37512307782020704,0.6052375828494535,0.3265852198714184,0.8770468237205823
2,control,cnn,active,fused_other_cosine,195,0,0,0.3849228308899276,0.3878860527563427,0.2239030373627106,0.547055264047578,-0.035797656519454185,0.831811031387182
2,control,cnn,active,fused_full_cosine,195,0,0,0.7528572214345347,0.7557011334105918,0.6600772585772827,0.8450350484201619,0.5147104542414983,0.9716433424904362
2,control,cnn,active,current_repeat_difference,195,0,195,0.0,0.0,0.0,0.0,0.0,0.0
2,control,cnn,active,history_repeat_difference,195,0,195,0.0,0.0,0.0,0.0,0.0,0.0
2,control,cnn,active,history_repeat_norm,195,0,1,0.18186488688943958,0.181010959305179,0.14296532406238557,0.22687912235486804,0.0,0.2940068764500171
2,control,cnn,active,fused_loss,195,0,0,0.12692183565634949,0.126661017537117,0.08348999917507172,0.17441171407699585,0.019663769751787186,0.2106182873249054
2,control,cnn,active,other_loss,195,0,0,0.7441440154344607,0.7366606593132019,0.6925596594810486,0.8115328788757324,0.66632080078125,0.8680459856987
2,control,cnn,active,current_identity_error,195,0,0,0.0006173876288501566,0.000613282308303578,0.0005329579077375231,0.0007095523512388736,0.00047673070859298016,0.0008406040208957952
2,control,cnn,active,full_identity_error,195,0,0,0.0007699711477817497,0.0007684552238747332,0.0006909189278508659,0.0008534073660765015,0.0005899969109540679,0.0009631615808371743
2,control,cnn,last65,fused_norm,65,0,0,0.1589627188224815,0.1569671926217064,0.14033088361910648,0.17733286129401718,0.13268107338254306,0.20995782251037415
2,control,cnn,last65,other_norm,65,0,0,0.26633046217841283,0.2728921392166976,0.18157689475737693,0.3369401391013642,0.05762141468802708,0.39128960729106665
2,control,cnn,last65,full_norm,65,0,0,0.3589876805813603,0.3626070233790157,0.2654634037937115,0.42953970255910306,0.18034295543481713,0.4785131375518545
2,control,cnn,last65,fused_other_ratio,65,0,0,0.6702355570585944,0.58334318446094,0.4641273029648675,0.8462241289995455,0.3955334955017146,3.444026827960038
2,control,cnn,last65,fused_full_ratio,65,0,0,0.4574245089985575,0.4295393398477296,0.3695445046254207,0.577692752436643,0.3265852198714184,0.8770468237205823
2,control,cnn,last65,fused_other_cosine,65,0,0,0.3727450924662307,0.37508941661630263,0.21012857291472672,0.5365658204319392,-0.035797656519454185,0.6143733166849472
2,control,cnn,last65,fused_full_cosine,65,0,0,0.7282340675508276,0.7354122253646367,0.6166194257853941,0.8187830619228217,0.5412925449236261,0.9716433424904362
2,control,cnn,last65,current_repeat_difference,65,0,65,0.0,0.0,0.0,0.0,0.0,0.0
2,control,cnn,last65,history_repeat_difference,65,0,65,0.0,0.0,0.0,0.0,0.0,0.0
2,control,cnn,last65,history_repeat_norm,65,0,0,0.19409140282063425,0.19204727584625747,0.15620493013849684,0.23254977644618735,0.13022639289182128,0.2940068764500171
2,control,cnn,last65,fused_loss,65,0,0,0.1333807764145044,0.13394775986671448,0.0929207444190979,0.18248969912528992,0.04990370571613312,0.20665153861045837
2,control,cnn,last65,other_loss,65,0,0,0.75922978749642,0.7533583641052246,0.69769127368927,0.8314633846282959,0.6672264337539673,0.8680459856987
2,control,cnn,last65,current_identity_error,65,0,0,0.0006085753504361289,0.0006122371620995923,0.000504366825471103,0.000707620172209749,0.00047673070859298016,0.000787551845869955
2,control,cnn,last65,full_identity_error,65,0,0,0.0007688346677323634,0.0007717871166496185,0.0006829802174125753,0.0008696570382873975,0.0005899969109540679,0.0009631615808371743
2,control,transformer,all,fused_norm,260,0,0,0.20548022903006036,0.20610201751082596,0.1666960572799381,0.252860065792054,0.03001218825923123,0.307750182204334
2,control,transformer,all,other_norm,260,0,0,0.2815503848834699,0.2797397832878862,0.1693650915729753,0.4011292594365826,0.05962004435030796,0.49176820121218207
2,control,transformer,all,full_norm,260,0,0,0.4193137283768444,0.410539498751558,0.2947842365452737,0.553491699149242,0.07642848733339183,0.7523898757319123
2,control,transformer,all,fused_other_ratio,260,0,0,0.8235065114963103,0.7027960116775696,0.5211598881433618,1.16273515103868,0.38824903357587154,3.951379920754943
2,control,transformer,all,fused_full_ratio,260,0,0,0.5090617343366018,0.4868124750244802,0.38533228799632574,0.6763224540650223,0.2877823860733748,0.9273970887912311
2,control,transformer,all,fused_other_cosine,260,0,0,0.45580874701397894,0.4194042951901268,0.18678073120077635,0.8356938305376163,-0.020521100523876946,0.9443320487537132
2,control,transformer,all,fused_full_cosine,260,0,0,0.8063192874888944,0.8039097527643465,0.6619987655592807,0.9451207857388997,0.5225906455508232,0.9771017429433771
2,control,transformer,all,current_repeat_difference,260,0,260,0.0,0.0,0.0,0.0,0.0,0.0
2,control,transformer,all,history_repeat_difference,260,0,260,0.0,0.0,0.0,0.0,0.0,0.0
2,control,transformer,all,history_repeat_norm,260,0,66,0.19744448821121502,0.23871948803835874,0.0,0.31481197930285515,0.0,0.44173150137793854
2,control,transformer,all,fused_loss,260,0,0,0.10740530260910208,0.1141996756196022,0.03749967478215695,0.1655383616685867,0.0003891577944159508,0.2106182873249054
2,control,transformer,all,other_loss,260,0,0,0.7455218743819457,0.7392668724060059,0.6927514970302582,0.8079529345035553,0.66632080078125,0.8680459856987
2,control,transformer,all,current_identity_error,260,0,0,0.0006582764890909393,0.0006349526913123158,0.000543263459043779,0.0008064421968807301,0.00047673070859298016,0.0009908573749025857
2,control,transformer,all,full_identity_error,260,0,0,0.000772714128289634,0.0007689345422498252,0.0006907569435647623,0.0008599640570154123,0.0005185517864220299,0.0009908573749025857
2,control,transformer,warmup,fused_norm,65,0,0,0.19572593271660707,0.19701996635012356,0.12771820824137442,0.26015634227893175,0.03001218825923123,0.307750182204334
2,control,transformer,warmup,other_norm,65,0,0,0.28959884798267344,0.29208265550725027,0.19881906611695066,0.3821984236709995,0.06282632186408106,0.49176820121218207
2,control,transformer,warmup,full_norm,65,0,0,0.4594498317368456,0.4653303799670361,0.3221358296719233,0.6016949369452862,0.07642848733339183,0.7523898757319123
2,control,transformer,warmup,fused_other_ratio,65,0,0,0.6958312305192841,0.6674176324412602,0.5354801778372917,0.9391695188659391,0.38824903357587154,1.349164993403448
2,control,transformer,warmup,fused_full_ratio,65,0,0,0.42990458251596186,0.4231438984104529,0.36435179713396265,0.521582853349562,0.2877823860733748,0.6380371015635614
2,control,transformer,warmup,fused_other_cosine,65,0,0,0.7723802744856317,0.8077374708969569,0.5925452312851792,0.8996939215240679,0.26341189758130285,0.9443320487537132
2,control,transformer,warmup,fused_full_cosine,65,0,0,0.9155470372115786,0.92686982064682,0.8539650948083701,0.9623452541412969,0.6092436545796093,0.9771017429433771
2,control,transformer,warmup,current_repeat_difference,65,0,65,0.0,0.0,0.0,0.0,0.0,0.0
2,control,transformer,warmup,history_repeat_difference,65,0,65,0.0,0.0,0.0,0.0,0.0,0.0
2,control,transformer,warmup,history_repeat_norm,65,0,65,0.0,0.0,0.0,0.0,0.0,0.0
2,control,transformer,warmup,fused_loss,65,0,0,0.04885570346735991,0.0465419664978981,0.020500506833195688,0.07968230098485947,0.0003891577944159508,0.11457102000713348
2,control,transformer,warmup,other_loss,65,0,0,0.7496554512244005,0.7496281862258911,0.7013197183609009,0.804843807220459,0.6730976700782776,0.8616983890533447
2,control,transformer,warmup,current_identity_error,65,0,0,0.0007809430698132871,0.0007762298618369072,0.0006960116685316283,0.0008767829993795349,0.0005185517864220299,0.0009908573749025857
2,control,transformer,warmup,full_identity_error,65,0,0,0.0007809430698132871,0.0007762298618369072,0.0006960116685316283,0.0008767829993795349,0.0005185517864220299,0.0009908573749025857
2,control,transformer,active,fused_norm,195,0,0,0.20873166113454478,0.20811286441969398,0.17494360416450122,0.24652575015178785,0.14665994544704772,0.2918921729053372
2,control,transformer,active,other_norm,195,0,0,0.278867563850402,0.27889947659100256,0.16717600889035591,0.4013679167916109,0.05962004435030796,0.4687087863675506
2,control,transformer,active,full_norm,195,0,0,0.40593502725684394,0.40243701230175727,0.28720316852080774,0.5292388634995046,0.20734327626074325,0.6160773414812841
2,control,transformer,active,fused_other_ratio,195,0,0,0.8660649384886523,0.7188932482083419,0.518793141457196,1.266020142362223,0.3996099443572612,3.951379920754943
2,control,transformer,active,fused_full_ratio,195,0,0,0.5354474516101484,0.5089326722096871,0.39774472423516644,0.7077618140473095,0.332734119751861,0.9273970887912311
2,control,transformer,active,fused_other_cosine,195,0,0,0.350284904523428,0.35875190537763635,0.155707231099277,0.5230775968178731,-0.020521100523876946,0.835502982446439
2,control,transformer,active,fused_full_cosine,195,0,0,0.769910037581333,0.7781152655492273,0.6473163181004093,0.8740953601791756,0.5225906455508232,0.9731424329267138
2,control,transformer,active,current_repeat_difference,195,0,195,0.0,0.0,0.0,0.0,0.0,0.0
2,control,transformer,active,history_repeat_difference,195,0,195,0.0,0.0,0.0,0.0,0.0,0.0
2,control,transformer,active,history_repeat_norm,195,0,1,0.26325931761495336,0.2588976469677261,0.21018626492747586,0.32981704603502776,0.0,0.44173150137793854
2,control,transformer,active,fused_loss,195,0,0,0.12692183565634949,0.126661017537117,0.08348999917507172,0.17441171407699585,0.019663769751787186,0.2106182873249054
2,control,transformer,active,other_loss,195,0,0,0.7441440154344607,0.7366606593132019,0.6925596594810486,0.8115328788757324,0.66632080078125,0.8680459856987
2,control,transformer,active,current_identity_error,195,0,0,0.0006173876288501566,0.000613282308303578,0.0005329579077375231,0.0007095523512388736,0.00047673070859298016,0.0008406040208957952
2,control,transformer,active,full_identity_error,195,0,0,0.0007699711477817497,0.0007684552238747332,0.0006909189278508659,0.0008534073660765015,0.0005899969109540679,0.0009631615808371743
2,control,transformer,last65,fused_norm,65,0,0,0.2117270782200009,0.212687364569665,0.18006852668522272,0.2476564261735145,0.14665994544704772,0.27519774637870714
2,control,transformer,last65,other_norm,65,0,0,0.2916421708546386,0.29418154090473675,0.1725350744894093,0.412360168593708,0.05996821882964489,0.4687087863675506
2,control,transformer,last65,full_norm,65,0,0,0.4181913424339591,0.41467392624171395,0.298382121230162,0.5357972097765159,0.22503913655682284,0.6113120166343816
2,control,transformer,last65,fused_other_ratio,65,0,0,0.8676365324302627,0.6999777969432629,0.4857309617770661,1.2369882695614969,0.4106055380287322,3.951379920754943
2,control,transformer,last65,fused_full_ratio,65,0,0,0.5297207275986806,0.5021261719214881,0.39167376367306206,0.7230320226021608,0.332734119751861,0.9273970887912311
2,control,transformer,last65,fused_other_cosine,65,0,0,0.33411628107440905,0.33084476198861423,0.15596610866599095,0.49526561574366235,-0.020521100523876946,0.8036310760374457
2,control,transformer,last65,fused_full_cosine,65,0,0,0.7581275854032853,0.769561506875378,0.6312215544403392,0.8683830404088745,0.5225906455508232,0.9731424329267138
2,control,transformer,last65,current_repeat_difference,65,0,65,0.0,0.0,0.0,0.0,0.0,0.0
2,control,transformer,last65,history_repeat_difference,65,0,65,0.0,0.0,0.0,0.0,0.0,0.0
2,control,transformer,last65,history_repeat_norm,65,0,0,0.27774721634558874,0.26432084142672985,0.22761544196672695,0.35221257453631916,0.19132713556711933,0.44173150137793854
2,control,transformer,last65,fused_loss,65,0,0,0.1333807764145044,0.13394775986671448,0.0929207444190979,0.18248969912528992,0.04990370571613312,0.20665153861045837
2,control,transformer,last65,other_loss,65,0,0,0.75922978749642,0.7533583641052246,0.69769127368927,0.8314633846282959,0.6672264337539673,0.8680459856987
2,control,transformer,last65,current_identity_error,65,0,0,0.0006085753504361289,0.0006122371620995923,0.000504366825471103,0.000707620172209749,0.00047673070859298016,0.000787551845869955
2,control,transformer,last65,full_identity_error,65,0,0,0.0007688346677323634,0.0007717871166496185,0.0006829802174125753,0.0008696570382873975,0.0005899969109540679,0.0009631615808371743
2,control,mamba,all,fused_norm,260,0,0,0.17435545739360425,0.17522649565018933,0.1428676122332081,0.20973832431379003,0.026081302272643846,0.25825949438449536
2,control,mamba,all,other_norm,260,0,0,0.2988127565822719,0.30159085331736213,0.21470192547530645,0.39175492870885514,0.08661249703715805,0.5278693908383821
2,control,mamba,all,full_norm,260,0,0,0.41234017721174815,0.4137253129832139,0.31127045143788973,0.5206082871419513,0.09868635256083512,0.7586943670957056
2,control,mamba,all,fused_other_ratio,260,0,0,0.6187928392051869,0.5699706070903947,0.44896248052852744,0.8408958089413603,0.30112631738875484,1.7331995581245052
2,control,mamba,all,fused_full_ratio,260,0,0,0.43563945409196775,0.4202684222366403,0.33140941881507135,0.5611375459283887,0.246219329679579,0.7938000994552374
2,control,mamba,all,fused_other_cosine,260,0,0,0.483699076142544,0.42578339605747634,0.20016165562802368,0.8840777999587547,-0.11432641554472318,0.9673520697223925
2,control,mamba,all,fused_full_cosine,260,0,0,0.776942833646898,0.7739723621836125,0.6124457297260792,0.9490300850192859,0.4676558012290487,0.9852973031245144
2,control,mamba,all,current_repeat_difference,260,0,0,1.718346322389842e-05,1.780378028070283e-05,4.967971183304694e-10,3.320831982268594e-05,3.169845220484271e-11,4.748868811166667e-05
2,control,mamba,all,history_repeat_difference,260,0,66,3.99727995839286e-06,1.8445963216386918e-10,0.0,1.3463837602412123e-05,0.0,2.629540187454565e-05
2,control,mamba,all,history_repeat_norm,260,0,66,0.17287046133555453,0.21038827662894763,0.0,0.28195939757089983,0.0,0.3775933653422697
2,control,mamba,all,fused_loss,260,0,0,0.10740530260910208,0.1141996756196022,0.03749967478215695,0.1655383616685867,0.0003891577944159508,0.2106182873249054
2,control,mamba,all,other_loss,260,0,0,0.7455218743819457,0.7392668724060059,0.6927514970302582,0.8079529345035553,0.66632080078125,0.8680459856987
2,control,mamba,all,current_identity_error,260,0,0,0.0006582764890909393,0.0006349526913123158,0.000543263459043779,0.0008064421968807301,0.00047673070859298016,0.0009908573749025857
2,control,mamba,all,full_identity_error,260,0,0,0.000772714128289634,0.0007689345422498252,0.0006907569435647623,0.0008599640570154123,0.0005185517864220299,0.0009908573749025857
2,control,mamba,warmup,fused_norm,65,0,0,0.15958522878471793,0.1611916225131235,0.1189600621894576,0.206869772650546,0.026081302272643846,0.2565988638892911
2,control,mamba,warmup,other_norm,65,0,0,0.3099380689729565,0.31028088879239085,0.22681153415670283,0.38115485652459047,0.08661249703715805,0.514187211471806
2,control,mamba,warmup,full_norm,65,0,0,0.454447845962192,0.46000357137983294,0.3407558307816593,0.5623571982587522,0.09868635256083512,0.7586943670957056
2,control,mamba,warmup,fused_other_ratio,65,0,0,0.516266257097138,0.5136578815444885,0.4394539307189336,0.608392518931261,0.30112631738875484,0.7125284466374187
2,control,mamba,warmup,fused_full_ratio,65,0,0,0.35072798097226515,0.35278942317307244,0.31304748858239023,0.39449131531844106,0.246219329679579,0.42635942741205013
2,control,mamba,warmup,fused_other_cosine,65,0,0,0.8491909552666981,0.8704630248589038,0.7723685608921447,0.9163222081234855,0.3447138008874887,0.9673520697223925
2,control,mamba,warmup,fused_full_cosine,65,0,0,0.9300758754670049,0.9428471708546703,0.8937365831714426,0.9653418277706346,0.5668140040448493,0.9852973031245144
2,control,mamba,warmup,current_repeat_difference,65,0,0,1.1715365157615205e-05,1.145817630456765e-05,3.170003516919965e-10,2.5468797964203907e-05,3.169845220484271e-11,3.812148595503014e-05
2,control,mamba,warmup,history_repeat_difference,65,0,65,0.0,0.0,0.0,0.0,0.0,0.0
2,control,mamba,warmup,history_repeat_norm,65,0,65,0.0,0.0,0.0,0.0,0.0,0.0
2,control,mamba,warmup,fused_loss,65,0,0,0.04885570346735991,0.0465419664978981,0.020500506833195688,0.07968230098485947,0.0003891577944159508,0.11457102000713348
2,control,mamba,warmup,other_loss,65,0,0,0.7496554512244005,0.7496281862258911,0.7013197183609009,0.804843807220459,0.6730976700782776,0.8616983890533447
2,control,mamba,warmup,current_identity_error,65,0,0,0.0007809430698132871,0.0007762298618369072,0.0006960116685316283,0.0008767829993795349,0.0005185517864220299,0.0009908573749025857
2,control,mamba,warmup,full_identity_error,65,0,0,0.0007809430698132871,0.0007762298618369072,0.0006960116685316283,0.0008767829993795349,0.0005185517864220299,0.0009908573749025857
2,control,mamba,active,fused_norm,195,0,0,0.1792788669298997,0.17819086126445105,0.14936976901162488,0.21061046713776535,0.1284033742996353,0.25825949438449536
2,control,mamba,active,other_norm,195,0,0,0.2951043191187103,0.2969972086693465,0.19951790526175545,0.39402068486679,0.09825239520784515,0.5278693908383821
2,control,mamba,active,full_norm,195,0,0,0.39830428762826686,0.40037210922077837,0.3042541551851808,0.4959464746784223,0.1977999740098235,0.5919766868252919
2,control,mamba,active,fused_other_ratio,195,0,0,0.6529683665745365,0.6036832530169296,0.45593103984536054,0.8967086544624373,0.32046984425549796,1.7331995581245052
2,control,mamba,active,fused_full_ratio,195,0,0,0.4639432784652019,0.44711146267364393,0.3577460881323994,0.5722827119596965,0.27212366220207146,0.7938000994552374
2,control,mamba,active,fused_other_cosine,195,0,0,0.3618684497678259,0.37526475617054195,0.17352150186799684,0.5375618141537968,-0.11432641554472318,0.8538385412408419
2,control,mamba,active,fused_full_cosine,195,0,0,0.7258984863735289,0.7352926102427142,0.5922957192796955,0.8312719177574064,0.4676558012290487,0.9385457587551393
2,control,mamba,active,current_repeat_difference,195,0,0,1.900616257932616e-05,1.9572728131227477e-05,9.905950771407051e-10,3.464480610617096e-05,2.9481858071075174e-10,4.748868811166667e-05
2,control,mamba,active,history_repeat_difference,195,0,1,5.32970661119048e-06,9.091275694241774e-07,1.4632092102435122e-10,1.4800625870562112e-05,0.0,2.629540187454565e-05
2,control,mamba,active,history_repeat_norm,195,0,1,0.23049394844740603,0.22724473428971348,0.1820177592506866,0.2883331220247393,0.0,0.3775933653422697
2,control,mamba,active,fused_loss,195,0,0,0.12692183565634949,0.126661017537117,0.08348999917507172,0.17441171407699585,0.019663769751787186,0.2106182873249054
2,control,mamba,active,other_loss,195,0,0,0.7441440154344607,0.7366606593132019,0.6925596594810486,0.8115328788757324,0.66632080078125,0.8680459856987
2,control,mamba,active,current_identity_error,195,0,0,0.0006173876288501566,0.000613282308303578,0.0005329579077375231,0.0007095523512388736,0.00047673070859298016,0.0008406040208957952
2,control,mamba,active,full_identity_error,195,0,0,0.0007699711477817497,0.0007684552238747332,0.0006909189278508659,0.0008534073660765015,0.0005899969109540679,0.0009631615808371743
2,control,mamba,last65,fused_norm,65,0,0,0.1823870153452726,0.18204077953782657,0.15621980692289195,0.2134283582099292,0.14123941762199096,0.25825949438449536
2,control,mamba,last65,other_norm,65,0,0,0.3110831003458337,0.3222253943096037,0.21848083565203003,0.38937895475318796,0.12182592725098455,0.5278693908383821
2,control,mamba,last65,full_norm,65,0,0,0.41243748587516993,0.40813597230311166,0.3324297351873063,0.48044440202973554,0.258239712973143,0.5919766868252919
2,control,mamba,last65,fused_other_ratio,65,0,0,0.6274640771116897,0.5883492089388195,0.4489975593652152,0.8534218991147003,0.3660385118678681,1.5554928346688022
2,control,mamba,last65,fused_full_ratio,65,0,0,0.4530834504350188,0.43721004421197857,0.35889143254236894,0.5656662469943616,0.3132608400122048,0.7146911861219093
2,control,mamba,last65,fused_other_cosine,65,0,0,0.3452947986702482,0.35365033304907384,0.1623278279038314,0.5238783396143817,-0.11432641554472318,0.6917670665930303
2,control,mamba,last65,fused_full_cosine,65,0,0,0.7054202100508083,0.727764064673596,0.5777516220174307,0.8053245473301501,0.4676558012290487,0.9120795349586801
2,control,mamba,last65,current_repeat_difference,65,0,0,1.92615584709258e-05,1.8728529328644838e-05,2.382077605871551e-07,3.7583163931301736e-05,4.728087723760007e-10,4.748868811166667e-05
2,control,mamba,last65,history_repeat_difference,65,0,0,4.840299218848026e-06,9.091275694241774e-07,1.5826716318902538e-10,1.2448906011805481e-05,1.1465197557323049e-10,1.7251287004861213e-05
2,control,mamba,last65,history_repeat_norm,65,0,0,0.24580492951315075,0.24375153305573366,0.1956935995761384,0.3047078762221198,0.1711435506608386,0.3775933653422697
2,control,mamba,last65,fused_loss,65,0,0,0.1333807764145044,0.13394775986671448,0.0929207444190979,0.18248969912528992,0.04990370571613312,0.20665153861045837
2,control,mamba,last65,other_loss,65,0,0,0.75922978749642,0.7533583641052246,0.69769127368927,0.8314633846282959,0.6672264337539673,0.8680459856987
2,control,mamba,last65,current_identity_error,65,0,0,0.0006085753504361289,0.0006122371620995923,0.000504366825471103,0.000707620172209749,0.00047673070859298016,0.000787551845869955
2,control,mamba,last65,full_identity_error,65,0,0,0.0007688346677323634,0.0007717871166496185,0.0006829802174125753,0.0008696570382873975,0.0005899969109540679,0.0009631615808371743
2,smooth_ap,cnn,all,fused_norm,260,0,0,0.06382216472194166,0.050506031152814636,0.006629942917877148,0.14650545118055402,3.564812000154211e-07,0.19948143353257403
2,smooth_ap,cnn,all,other_norm,260,0,0,0.24658851330756165,0.24608208896619033,0.16514046169018098,0.3239033838867131,0.057230961651154884,0.38555725723401413
2,smooth_ap,cnn,all,full_norm,260,0,0,0.28818296299890717,0.28367030453269354,0.1778564933947091,0.4071378269828062,0.08005673170008432,0.5486451820027772
2,smooth_ap,cnn,all,fused_other_ratio,260,0,0,0.25784692703494466,0.208033544910235,0.031957384620830497,0.5603362154332762,1.8788330793462272e-06,0.9529912238689732
2,smooth_ap,cnn,all,fused_full_ratio,260,0,0,0.2015842520221412,0.1956857860464275,0.03193031066417591,0.37432233590293545,1.8788289925796156e-06,0.5555733865049199
2,smooth_ap,cnn,all,fused_other_cosine,260,0,0,0.38975944713768496,0.28577406202367794,0.09728507175836208,0.8737428117176672,-0.15718955626486952,0.9357231563997521
2,smooth_ap,cnn,all,fused_full_cosine,260,0,0,0.5108712681906744,0.44646097160234244,0.18648185066853729,0.9442454816857168,-0.004447522376331634,0.9703661825727307
2,smooth_ap,cnn,all,current_repeat_difference,260,0,260,0.0,0.0,0.0,0.0,0.0,0.0
2,smooth_ap,cnn,all,history_repeat_difference,260,0,260,0.0,0.0,0.0,0.0,0.0,0.0
2,smooth_ap,cnn,all,history_repeat_norm,260,0,67,0.03572655396095086,0.020510404499385883,0.0,0.08853130248661148,0.0,0.25549324416175206
2,smooth_ap,cnn,all,fused_loss,260,0,1,0.01697227987460792,0.005209594964981079,0.0003642559051513672,0.05797028616070746,0.0,0.11061137914657593
2,smooth_ap,cnn,all,other_loss,260,0,0,0.7490428135945246,0.7423093616962433,0.6978440940380096,0.8049013316631317,0.6720699667930603,0.8847976922988892
2,smooth_ap,cnn,all,current_identity_error,260,0,0,0.0007763591896261269,0.0007719617434335565,0.0006397977854811925,0.0009067101013514045,0.0004657686028044337,0.0010908006745196206
2,smooth_ap,cnn,all,full_identity_error,260,0,0,0.0008367934353143476,0.0008339833802418192,0.0007433028689218937,0.0009462383457123855,0.0005076512644473424,0.001089843748297105
2,smooth_ap,cnn,warmup,fused_norm,65,0,0,0.13977942782291747,0.14128200173996552,0.10555632249451112,0.17377391235180156,0.021283882030888965,0.19948143353257403
2,smooth_ap,cnn,warmup,other_norm,65,0,0,0.257976205714083,0.2664224332187004,0.18419227282088446,0.3340698471567406,0.08745797613342225,0.38555725723401413
2,smooth_ap,cnn,warmup,full_norm,65,0,0,0.38439997132759596,0.3934130274247269,0.2793671888763542,0.5008711091247733,0.09538466114426242,0.5486451820027772
2,smooth_ap,cnn,warmup,fused_other_ratio,65,0,0,0.5487652843275503,0.5386716465137207,0.47028133445606113,0.6387839716935131,0.2433612458447376,0.9529912238689732
2,smooth_ap,cnn,warmup,fused_full_ratio,65,0,0,0.36521648873762225,0.36159923855590376,0.32837976278882064,0.40896986827732673,0.22313736585695504,0.5163580076816381
2,smooth_ap,cnn,warmup,fused_other_cosine,65,0,0,0.8433440942475801,0.8659225046106288,0.7763468420913274,0.9164383211214263,0.2676522693777541,0.9357231563997521
2,smooth_ap,cnn,warmup,fused_full_cosine,65,0,0,0.9303672909919696,0.941738864440537,0.9058446738539943,0.9623709695756845,0.46854473614226616,0.9703661825727307
2,smooth_ap,cnn,warmup,current_repeat_difference,65,0,65,0.0,0.0,0.0,0.0,0.0,0.0
2,smooth_ap,cnn,warmup,history_repeat_difference,65,0,65,0.0,0.0,0.0,0.0,0.0,0.0
2,smooth_ap,cnn,warmup,history_repeat_norm,65,0,65,0.0,0.0,0.0,0.0,0.0,0.0
2,smooth_ap,cnn,warmup,fused_loss,65,0,0,0.05261150087014987,0.04924878850579262,0.02567461133003235,0.08575549125671388,0.0010363990440964699,0.11061137914657593
2,smooth_ap,cnn,warmup,other_loss,65,0,0,0.7521935545481169,0.7483582496643066,0.7040910363197327,0.8065353751182556,0.6743229031562805,0.8513360619544983
2,smooth_ap,cnn,warmup,current_identity_error,65,0,0,0.0007882904445771486,0.000782771182827959,0.0007184250797089207,0.0008749301099035368,0.0005405971195850003,0.000973175675738416
2,smooth_ap,cnn,warmup,full_identity_error,65,0,0,0.0007882904445771486,0.000782771182827959,0.0007184250797089207,0.0008749301099035368,0.0005405971195850003,0.000973175675738416
2,smooth_ap,cnn,active,fused_norm,195,0,0,0.0385030770216164,0.031223109176751373,0.004873387316181649,0.07877346368773168,3.564812000154211e-07,0.13402306259469515
2,smooth_ap,cnn,active,other_norm,195,0,0,0.2427926158387212,0.24332013853998613,0.15730777912836494,0.3211611956607521,0.057230961651154884,0.3621028422609991
2,smooth_ap,cnn,active,full_norm,195,0,0,0.2561106268893442,0.25476055775352746,0.16354941241826929,0.3385449809946832,0.08005673170008432,0.4190324654307191
2,smooth_ap,cnn,active,fused_other_ratio,195,0,0,0.16087414127074276,0.13740497919578074,0.01957080031501458,0.3307494874314108,1.8788330793462272e-06,0.7810012702771317
2,smooth_ap,cnn,active,fused_full_ratio,195,0,0,0.14704017311698084,0.13117634617531626,0.019500906439533047,0.2929094812029144,1.8788289925796156e-06,0.5555733865049199
2,smooth_ap,cnn,active,fused_other_cosine,195,0,0,0.2385645647677199,0.23443795289383565,0.08236357895047909,0.4224744465748051,-0.15718955626486952,0.6323302280994991
2,smooth_ap,cnn,active,fused_full_cosine,195,0,0,0.3710392605902427,0.3497068502638479,0.16570698256320163,0.5923206216540858,-0.004447522376331634,0.7223474994566248
2,smooth_ap,cnn,active,current_repeat_difference,195,0,195,0.0,0.0,0.0,0.0,0.0,0.0
2,smooth_ap,cnn,active,history_repeat_difference,195,0,195,0.0,0.0,0.0,0.0,0.0,0.0
2,smooth_ap,cnn,active,history_repeat_norm,195,0,2,0.04763540528126781,0.03256590294936257,0.0037878345288154774,0.10045247693643676,0.0,0.25549324416175206
2,smooth_ap,cnn,active,fused_loss,195,0,1,0.005092539542760605,0.0025646090507507324,0.0001597642898559571,0.012126982212066649,0.0,0.03494119644165039
2,smooth_ap,cnn,active,other_loss,195,0,0,0.7479925666099939,0.7398712635040283,0.696630883216858,0.8044880747795105,0.6720699667930603,0.8847976922988892
2,smooth_ap,cnn,active,current_identity_error,195,0,0,0.000772382104642453,0.0007671664339264549,0.0006227529163524033,0.00091382209657052,0.0004657686028044337,0.0010908006745196206
2,smooth_ap,cnn,active,full_identity_error,195,0,0,0.0008529610988934138,0.0008488145127002031,0.0007460811115761451,0.000955863273687958,0.0005076512644473424,0.001089843748297105
2,smooth_ap,cnn,last65,fused_norm,65,0,0,0.04674815866727412,0.04366798839824993,0.010248030378710008,0.08862992674972582,5.2485948967801275e-05,0.12997344815250725
2,smooth_ap,cnn,last65,other_norm,65,0,0,0.2638065526686098,0.2726990947744287,0.1926897836642201,0.32665528287660606,0.08218394450864559,0.3620617938831625
2,smooth_ap,cnn,last65,full_norm,65,0,0,0.28120616909988866,0.2896862790946846,0.19813297567141663,0.35898214770073794,0.08575206587181064,0.4190324654307191
2,smooth_ap,cnn,last65,fused_other_ratio,65,0,0,0.1740247951733368,0.14985059056200167,0.04181643754005367,0.33691071719584104,0.00017162527794510352,0.4650791181501912
2,smooth_ap,cnn,last65,fused_full_ratio,65,0,0,0.15902428283956654,0.1382643329873504,0.04138455213057683,0.2935935893420402,0.00017161619496685367,0.4068334721596504
2,smooth_ap,cnn,last65,fused_other_cosine,65,0,0,0.2473579432352493,0.2508061425670483,0.08680176474336583,0.43722236747047283,-0.07514163836799477,0.5698169986993494
2,smooth_ap,cnn,last65,fused_full_cosine,65,0,0,0.3890932438036343,0.38352470900222047,0.19069417149882045,0.5923206216540858,0.018350406285826612,0.6501698719947236
2,smooth_ap,cnn,last65,current_repeat_difference,65,0,65,0.0,0.0,0.0,0.0,0.0,0.0
2,smooth_ap,cnn,last65,history_repeat_difference,65,0,65,0.0,0.0,0.0,0.0,0.0,0.0
2,smooth_ap,cnn,last65,history_repeat_norm,65,0,0,0.057750162553671776,0.04535710663941239,0.01105072241253939,0.1328112694201966,6.021849714379208e-05,0.25549324416175206
2,smooth_ap,cnn,last65,fused_loss,65,0,0,0.006978421944838303,0.004062831401824951,0.000496077537536621,0.017835652828216555,2.4437904357910156e-06,0.03494119644165039
2,smooth_ap,cnn,last65,other_loss,65,0,0,0.7633421503580533,0.7604814767837524,0.700251293182373,0.8271026730537414,0.6720699667930603,0.8847976922988892
2,smooth_ap,cnn,last65,current_identity_error,65,0,0,0.0007562494547844829,0.0007663061087002112,0.0005940998629258063,0.0008877832179778643,0.0005101885550538506,0.0009901507101292264
2,smooth_ap,cnn,last65,full_identity_error,65,0,0,0.0008447358040044213,0.0008440842611979563,0.0007453963094950302,0.000951609994612252,0.0006827847946052711,0.0010472561839308843
2,smooth_ap,transformer,all,fused_norm,260,0,0,0.08676846686703733,0.06485544753949761,0.008520600363480867,0.2010866262409197,5.393872568368574e-07,0.3010704995145587
2,smooth_ap,transformer,all,other_norm,260,0,0,0.2718741306535817,0.26850404897422725,0.16980755753260954,0.381039506807524,0.057172079926752814,0.45606991885883175
2,smooth_ap,transformer,all,full_norm,260,0,0,0.3278833627941938,0.3264099953820224,0.18652764491317003,0.4655678468274444,0.062028823659354256,0.7046851865856899
2,smooth_ap,transformer,all,fused_other_ratio,260,0,0,0.3246949538360191,0.2215786464132697,0.03262656096857754,0.74616478635527,2.247621699086273e-06,1.0904641269578395
2,smooth_ap,transformer,all,fused_full_ratio,260,0,0,0.23770515635197745,0.210060610777977,0.032098190977456406,0.4681998154380976,2.2476580092125614e-06,0.6350934122953465
2,smooth_ap,transformer,all,fused_other_cosine,260,0,0,0.37272971331872395,0.2908368565035939,0.04590313334648013,0.8484405436368043,-0.1845346635853151,0.9441061617595242
2,smooth_ap,transformer,all,fused_full_cosine,260,0,0,0.5208695299390655,0.4518036219037512,0.19077634705472263,0.9430419166167805,-0.05160853788613565,0.9765475167443619
2,smooth_ap,transformer,all,current_repeat_difference,260,0,260,0.0,0.0,0.0,0.0,0.0,0.0
2,smooth_ap,transformer,all,history_repeat_difference,260,0,260,0.0,0.0,0.0,0.0,0.0,0.0
2,smooth_ap,transformer,all,history_repeat_norm,260,0,67,0.05672778239840276,0.028874251729973672,0.0,0.14022206492473363,0.0,0.5131944278291825
2,smooth_ap,transformer,all,fused_loss,260,0,1,0.01697227987460792,0.005209594964981079,0.0003642559051513672,0.05797028616070746,0.0,0.11061137914657593
2,smooth_ap,transformer,all,other_loss,260,0,0,0.7490428135945246,0.7423093616962433,0.6978440940380096,0.8049013316631317,0.6720699667930603,0.8847976922988892
2,smooth_ap,transformer,all,current_identity_error,260,0,0,0.0007763591896261269,0.0007719617434335565,0.0006397977854811925,0.0009067101013514045,0.0004657686028044337,0.0010908006745196206
2,smooth_ap,transformer,all,full_identity_error,260,0,0,0.0008367934353143476,0.0008339833802418192,0.0007433028689218937,0.0009462383457123855,0.0005076512644473424,0.001089843748297105
2,smooth_ap,transformer,warmup,fused_norm,65,0,0,0.18988192032815604,0.19122401602046968,0.13310646905522633,0.24080016413999028,0.028086501781813485,0.3010704995145587
2,smooth_ap,transformer,warmup,other_norm,65,0,0,0.2741023935074102,0.2663461790784759,0.19680639041028994,0.3811199227778658,0.057262199426367455,0.4397414053542756
2,smooth_ap,transformer,warmup,full_norm,65,0,0,0.44233060428712767,0.4354013780651286,0.31656149796379085,0.5913070384253812,0.07234304068980703,0.7046851865856899
2,smooth_ap,transformer,warmup,fused_other_ratio,65,0,0,0.709404327992136,0.695731230553594,0.5183052055569387,0.9335806120227432,0.428031110604855,1.0169248312683021
2,smooth_ap,transformer,warmup,fused_full_ratio,65,0,0,0.433037789452314,0.43337530670108493,0.36183025735838925,0.5138699604985146,0.3131712068656019,0.5397264855702751
2,smooth_ap,transformer,warmup,fused_other_cosine,65,0,0,0.8008247927585115,0.816694649485686,0.6777311996768676,0.9091592509752783,0.3623808223886576,0.9441061617595242
2,smooth_ap,transformer,warmup,fused_full_cosine,65,0,0,0.9288684791957563,0.9389298646853805,0.8929737887104967,0.9659846676492271,0.675092130148326,0.9765475167443619
2,smooth_ap,transformer,warmup,current_repeat_difference,65,0,65,0.0,0.0,0.0,0.0,0.0,0.0
2,smooth_ap,transformer,warmup,history_repeat_difference,65,0,65,0.0,0.0,0.0,0.0,0.0,0.0
2,smooth_ap,transformer,warmup,history_repeat_norm,65,0,65,0.0,0.0,0.0,0.0,0.0,0.0
2,smooth_ap,transformer,warmup,fused_loss,65,0,0,0.05261150087014987,0.04924878850579262,0.02567461133003235,0.08575549125671388,0.0010363990440964699,0.11061137914657593
2,smooth_ap,transformer,warmup,other_loss,65,0,0,0.7521935545481169,0.7483582496643066,0.7040910363197327,0.8065353751182556,0.6743229031562805,0.8513360619544983
2,smooth_ap,transformer,warmup,current_identity_error,65,0,0,0.0007882904445771486,0.000782771182827959,0.0007184250797089207,0.0008749301099035368,0.0005405971195850003,0.000973175675738416
2,smooth_ap,transformer,warmup,full_identity_error,65,0,0,0.0007882904445771486,0.000782771182827959,0.0007184250797089207,0.0008749301099035368,0.0005405971195850003,0.000973175675738416
2,smooth_ap,transformer,active,fused_norm,195,0,0,0.05239731571333109,0.037709681150784644,0.00557874848945918,0.11143312100504535,5.393872568368574e-07,0.26500998722367125
2,smooth_ap,transformer,active,other_norm,195,0,0,0.27113137636897217,0.26870098670007436,0.15879037290006268,0.3791494416207305,0.057172079926752814,0.45606991885883175
2,smooth_ap,transformer,active,full_norm,195,0,0,0.28973428229654913,0.2871962897768118,0.16734627314919556,0.4125217950898863,0.062028823659354256,0.4974873918306274
2,smooth_ap,transformer,active,fused_other_ratio,195,0,0,0.19645849578398014,0.1485662802194147,0.026209413310372146,0.40540353009751084,2.247621699086273e-06,1.0904641269578395
2,smooth_ap,transformer,active,fused_full_ratio,195,0,0,0.17259427865186527,0.14068770394858335,0.026000185344407355,0.35007921855111557,2.2476580092125614e-06,0.6350934122953465
2,smooth_ap,transformer,active,fused_other_cosine,195,0,0,0.23003135350546144,0.22142831868021132,0.02402961654901086,0.4380751370475309,-0.1845346635853151,0.7976205360417962
2,smooth_ap,transformer,active,fused_full_cosine,195,0,0,0.38486988018683527,0.36325246817206436,0.16188614762429904,0.6375795439942611,-0.05160853788613565,0.840837086798175
2,smooth_ap,transformer,active,current_repeat_difference,195,0,195,0.0,0.0,0.0,0.0,0.0,0.0
2,smooth_ap,transformer,active,history_repeat_difference,195,0,195,0.0,0.0,0.0,0.0,0.0,0.0
2,smooth_ap,transformer,active,history_repeat_norm,195,0,2,0.07563704319787035,0.050582909349978895,0.005480654041729601,0.1718256437326377,0.0,0.5131944278291825
2,smooth_ap,transformer,active,fused_loss,195,0,1,0.005092539542760605,0.0025646090507507324,0.0001597642898559571,0.012126982212066649,0.0,0.03494119644165039
2,smooth_ap,transformer,active,other_loss,195,0,0,0.7479925666099939,0.7398712635040283,0.696630883216858,0.8044880747795105,0.6720699667930603,0.8847976922988892
2,smooth_ap,transformer,active,current_identity_error,195,0,0,0.000772382104642453,0.0007671664339264549,0.0006227529163524033,0.00091382209657052,0.0004657686028044337,0.0010908006745196206
2,smooth_ap,transformer,active,full_identity_error,195,0,0,0.0008529610988934138,0.0008488145127002031,0.0007460811115761451,0.000955863273687958,0.0005076512644473424,0.001089843748297105
2,smooth_ap,transformer,last65,fused_norm,65,0,0,0.06438061863353449,0.0485837399977838,0.012957466726840604,0.1426863379608677,5.4985688317043285e-05,0.26500998722367125
2,smooth_ap,transformer,last65,other_norm,65,0,0,0.2801371037091419,0.2777012162705919,0.16270122327297476,0.39135471003586614,0.09091814743505607,0.4280531221174063
2,smooth_ap,transformer,last65,full_norm,65,0,0,0.30501131462095754,0.32089951389630944,0.17095745114570537,0.4229678474644899,0.09115164077422044,0.4974873918306274
2,smooth_ap,transformer,last65,fused_other_ratio,65,0,0,0.22736931243880867,0.1725034383077994,0.051390732399756285,0.543259948766703,0.00019251565518338816,0.8372337578283388
2,smooth_ap,transformer,last65,fused_full_ratio,65,0,0,0.19598215829098548,0.16833272581549596,0.05055959389275397,0.42198659178891307,0.00019248412302299097,0.575187333781806
2,smooth_ap,transformer,last65,fused_other_cosine,65,0,0,0.2308459069185718,0.23398733696631954,0.03583280714146397,0.4375660289789353,-0.1774088121416925,0.6245391774237092
2,smooth_ap,transformer,last65,fused_full_cosine,65,0,0,0.4049580071141552,0.3946425851558393,0.17468550735176103,0.6801493493708323,-0.0028474779389847573,0.7950345595469509
2,smooth_ap,transformer,last65,current_repeat_difference,65,0,65,0.0,0.0,0.0,0.0,0.0,0.0
2,smooth_ap,transformer,last65,history_repeat_difference,65,0,65,0.0,0.0,0.0,0.0,0.0,0.0
2,smooth_ap,transformer,last65,history_repeat_norm,65,0,0,0.09382456393165943,0.07003558937706722,0.015734570858278625,0.23749603592817292,6.19023852796723e-05,0.5131944278291825
2,smooth_ap,transformer,last65,fused_loss,65,0,0,0.006978421944838303,0.004062831401824951,0.000496077537536621,0.017835652828216555,2.4437904357910156e-06,0.03494119644165039
2,smooth_ap,transformer,last65,other_loss,65,0,0,0.7633421503580533,0.7604814767837524,0.700251293182373,0.8271026730537414,0.6720699667930603,0.8847976922988892
2,smooth_ap,transformer,last65,current_identity_error,65,0,0,0.0007562494547844829,0.0007663061087002112,0.0005940998629258063,0.0008877832179778643,0.0005101885550538506,0.0009901507101292264
2,smooth_ap,transformer,last65,full_identity_error,65,0,0,0.0008447358040044213,0.0008440842611979563,0.0007453963094950302,0.000951609994612252,0.0006827847946052711,0.0010472561839308843
2,smooth_ap,mamba,all,fused_norm,260,0,0,0.07247589590253865,0.05672104958246421,0.00719301308721817,0.16835564180706158,1.813259740344348e-07,0.22129120212346565
2,smooth_ap,mamba,all,other_norm,260,0,0,0.3001989290335828,0.30757636469107175,0.2203824714503292,0.38189343318500046,0.09256193258494237,0.5071087400747082
2,smooth_ap,mamba,all,full_norm,260,0,0,0.3466306322056296,0.3369964731969691,0.22576468590621226,0.46972987841537184,0.10611154677900587,0.6474245504677534
2,smooth_ap,mamba,all,fused_other_ratio,260,0,0,0.2397804962701199,0.1870845447889321,0.02913255642563522,0.5279185713749918,5.541772037828602e-07,0.7071356290329308
2,smooth_ap,mamba,all,fused_full_ratio,260,0,0,0.18923841717238474,0.17612156671188073,0.0288208128807985,0.3643208939114109,5.541753971832002e-07,0.45412088129108
2,smooth_ap,mamba,all,fused_other_cosine,260,0,0,0.37093844002495374,0.28752712944493775,0.040985527780279106,0.8818670957107222,-0.20693226973331144,0.9424522841240849
2,smooth_ap,mamba,all,fused_full_cosine,260,0,0,0.48158057655581027,0.408356459996281,0.13049499935554265,0.9497076114203599,-0.12782999871401263,0.975220564736028
2,smooth_ap,mamba,all,current_repeat_difference,260,0,1,3.833196851254714e-06,1.27648822357649e-10,1.4466581424874362e-11,1.5345540694155823e-05,0.0,3.806429826048361e-05
2,smooth_ap,mamba,all,history_repeat_difference,260,0,67,4.590680324089445e-07,1.5334720016744292e-11,0.0,1.209944200826672e-10,0.0,1.0639499497548186e-05
2,smooth_ap,mamba,all,history_repeat_norm,260,0,67,0.04436782731596504,0.02530605111673549,0.0,0.11433557964973193,0.0,0.28599735591014835
2,smooth_ap,mamba,all,fused_loss,260,0,1,0.01697227987460792,0.005209594964981079,0.0003642559051513672,0.05797028616070746,0.0,0.11061137914657593
2,smooth_ap,mamba,all,other_loss,260,0,0,0.7490428135945246,0.7423093616962433,0.6978440940380096,0.8049013316631317,0.6720699667930603,0.8847976922988892
2,smooth_ap,mamba,all,current_identity_error,260,0,0,0.0007763591896261269,0.0007719617434335565,0.0006397977854811925,0.0009067101013514045,0.0004657686028044337,0.0010908006745196206
2,smooth_ap,mamba,all,full_identity_error,260,0,0,0.0008367934353143476,0.0008339833802418192,0.0007433028689218937,0.0009462383457123855,0.0005076512644473424,0.001089843748297105
2,smooth_ap,mamba,warmup,fused_norm,65,0,0,0.1590868602147751,0.1613270838727189,0.12183592968815775,0.20042961302230633,0.024237842505312152,0.22129120212346565
2,smooth_ap,mamba,warmup,other_norm,65,0,0,0.30183086258806524,0.305479722600749,0.23461055017643154,0.3607554935001404,0.09256193258494237,0.4369981257127786
2,smooth_ap,mamba,warmup,full_norm,65,0,0,0.446982325556238,0.453282090585852,0.34438960970454036,0.5481277563539785,0.10611154677900587,0.6474245504677534
2,smooth_ap,mamba,warmup,fused_other_ratio,65,0,0,0.5270827606934043,0.5216412795879286,0.4580560122352168,0.6246727813446467,0.26185540673612806,0.7071356290329308
2,smooth_ap,mamba,warmup,fused_full_ratio,65,0,0,0.3549027017929643,0.35100246498818743,0.3221629570870653,0.4030483097709866,0.22841852033116908,0.423020426632832
2,smooth_ap,mamba,warmup,fused_other_cosine,65,0,0,0.8609370909544979,0.8698727106246479,0.7891587858538509,0.9248113645887813,0.4690843485724061,0.9424522841240849
2,smooth_ap,mamba,warmup,fused_full_cosine,65,0,0,0.9370982398126424,0.9430419593421071,0.9099597856822277,0.9680082568600508,0.6376318268730188,0.975220564736028
2,smooth_ap,mamba,warmup,current_repeat_difference,65,0,0,1.0157383163412397e-05,9.821170654694101e-06,2.4534147103724384e-10,2.3346100336235048e-05,2.6232516122802476e-11,3.806429826048361e-05
2,smooth_ap,mamba,warmup,history_repeat_difference,65,0,65,0.0,0.0,0.0,0.0,0.0,0.0
2,smooth_ap,mamba,warmup,history_repeat_norm,65,0,65,0.0,0.0,0.0,0.0,0.0,0.0
2,smooth_ap,mamba,warmup,fused_loss,65,0,0,0.05261150087014987,0.04924878850579262,0.02567461133003235,0.08575549125671388,0.0010363990440964699,0.11061137914657593
2,smooth_ap,mamba,warmup,other_loss,65,0,0,0.7521935545481169,0.7483582496643066,0.7040910363197327,0.8065353751182556,0.6743229031562805,0.8513360619544983
2,smooth_ap,mamba,warmup,current_identity_error,65,0,0,0.0007882904445771486,0.000782771182827959,0.0007184250797089207,0.0008749301099035368,0.0005405971195850003,0.000973175675738416
2,smooth_ap,mamba,warmup,full_identity_error,65,0,0,0.0007882904445771486,0.000782771182827959,0.0007184250797089207,0.0008749301099035368,0.0005405971195850003,0.000973175675738416
2,smooth_ap,mamba,active,fused_norm,195,0,0,0.04360557446512651,0.03543538934222867,0.005368469319127917,0.08674799894846433,1.813259740344348e-07,0.19297166749189926
2,smooth_ap,mamba,active,other_norm,195,0,0,0.2996549511820886,0.30778745259021767,0.20850498675204493,0.3877378700486399,0.12975135419959646,0.5071087400747082
2,smooth_ap,mamba,active,full_norm,195,0,0,0.3131800677554268,0.3224410434174018,0.2173210444928152,0.4053212683670188,0.13088626075486492,0.5274665709139409
2,smooth_ap,mamba,active,fused_other_ratio,195,0,0,0.14401307479569175,0.12309325068697179,0.017809147531726258,0.29323020987572435,5.541772037828602e-07,0.5275721256518847
2,smooth_ap,mamba,active,fused_full_ratio,195,0,0,0.13401698896552489,0.11959052621968835,0.017736308547832084,0.26793322085726506,5.541753971832002e-07,0.45412088129108
2,smooth_ap,mamba,active,fused_other_cosine,195,0,0,0.20760555638177236,0.20694389684635922,-0.007324584184837181,0.4132875472208744,-0.20693226973331144,0.5974334710077723
2,smooth_ap,mamba,active,fused_full_cosine,195,0,0,0.32974135547019956,0.3368926255277588,0.10912316195071119,0.5567720246319285,-0.12782999871401263,0.6998009432226391
2,smooth_ap,mamba,active,current_repeat_difference,195,0,1,1.7251347472021535e-06,7.001149713491785e-11,7.784947721796864e-12,7.836978415737079e-06,0.0,3.708833695221065e-05
2,smooth_ap,mamba,active,history_repeat_difference,195,0,2,6.120907098785927e-07,3.0365895942546507e-11,2.727409599909812e-12,6.783946850596214e-07,0.0,1.0639499497548186e-05
2,smooth_ap,mamba,active,history_repeat_norm,195,0,2,0.05915710308795338,0.04405785930558088,0.004599603217792723,0.12732114008645398,0.0,0.28599735591014835
2,smooth_ap,mamba,active,fused_loss,195,0,1,0.005092539542760605,0.0025646090507507324,0.0001597642898559571,0.012126982212066649,0.0,0.03494119644165039
2,smooth_ap,mamba,active,other_loss,195,0,0,0.7479925666099939,0.7398712635040283,0.696630883216858,0.8044880747795105,0.6720699667930603,0.8847976922988892
2,smooth_ap,mamba,active,current_identity_error,195,0,0,0.000772382104642453,0.0007671664339264549,0.0006227529163524033,0.00091382209657052,0.0004657686028044337,0.0010908006745196206
2,smooth_ap,mamba,active,full_identity_error,195,0,0,0.0008529610988934138,0.0008488145127002031,0.0007460811115761451,0.000955863273687958,0.0005076512644473424,0.001089843748297105
2,smooth_ap,mamba,last65,fused_norm,65,0,0,0.05282336108339378,0.05205244350815709,0.012362690007386901,0.1024830892878105,5.007783890474013e-05,0.1516343848012039
2,smooth_ap,mamba,last65,other_norm,65,0,0,0.3106047129490268,0.3206684056352801,0.22126077793343046,0.3761960981094437,0.14568378099566867,0.5071087400747082
2,smooth_ap,mamba,last65,full_norm,65,0,0,0.3288761724033927,0.33084297115120287,0.22193840985517913,0.4102328002490593,0.14609904167734658,0.5274665709139409
2,smooth_ap,mamba,last65,fused_other_ratio,65,0,0,0.16707377450124067,0.15597837810490162,0.040465360732662395,0.32084371689367475,0.00020171486092335095,0.4638513028507134
2,smooth_ap,mamba,last65,fused_full_ratio,65,0,0,0.15366083590299057,0.15174716280874304,0.04027288936919026,0.27986373121889047,0.00020170257697448802,0.3859185602956849
2,smooth_ap,mamba,last65,fused_other_cosine,65,0,0,0.21694853130392383,0.24212377479113034,-0.011776777077999461,0.39582902678229975,-0.13685734809795527,0.49118984416900435
2,smooth_ap,mamba,last65,fused_full_cosine,65,0,0,0.35486896389957884,0.35905486349781646,0.11193269617075713,0.5822414528946424,-0.055303839596251916,0.6998009432226391
2,smooth_ap,mamba,last65,current_repeat_difference,65,0,0,1.9494291284458194e-06,1.003252671784532e-10,1.831478405424674e-11,7.111487662313802e-06,1.9874138478272566e-14,2.8176340277134882e-05
2,smooth_ap,mamba,last65,history_repeat_difference,65,0,0,8.935456401727176e-07,3.7700256280762395e-11,7.99479954655712e-12,4.17153942120773e-06,1.0820801098299286e-14,1.0290242657054331e-05
2,smooth_ap,mamba,last65,history_repeat_norm,65,0,0,0.07122109033168211,0.05938508045353759,0.015500950210342819,0.16112743689860085,5.0419006436371075e-05,0.28599735591014835
2,smooth_ap,mamba,last65,fused_loss,65,0,0,0.006978421944838303,0.004062831401824951,0.000496077537536621,0.017835652828216555,2.4437904357910156e-06,0.03494119644165039
2,smooth_ap,mamba,last65,other_loss,65,0,0,0.7633421503580533,0.7604814767837524,0.700251293182373,0.8271026730537414,0.6720699667930603,0.8847976922988892
2,smooth_ap,mamba,last65,current_identity_error,65,0,0,0.0007562494547844829,0.0007663061087002112,0.0005940998629258063,0.0008877832179778643,0.0005101885550538506,0.0009901507101292264
2,smooth_ap,mamba,last65,full_identity_error,65,0,0,0.0008447358040044213,0.0008440842611979563,0.0007453963094950302,0.000951609994612252,0.0006827847946052711,0.0010472561839308843
