fold,view,stratum,protocol,identity,count,before_margin_sum,after_margin_sum,affine_residual_sum,affine_residual_square_sum,fixed_residual_square_sum,margin_change_square_sum,positive_residual_count,negative_residual_count,before_nonpositive_count,after_nonpositive_count,before_margin_mean,after_margin_mean,affine_residual_mean,affine_residual_square_mean,fixed_residual_square_mean,margin_change_square_mean
0,original,all,identity,000011,188160,152960.44722688216,143940.7234316182,2441.7794800951006,117.87146828369944,2641.1360885748322,533.5790822336716,137522,50638,0,0,0.8129275469115761,0.7649910896663381,0.012977144345743518,0.0006264427523580966,0.01403665013060604,0.002835773183639836
0,original,all,identity,000013,188160,146708.98775636696,137500.45634229458,1784.5427706551363,97.53908161791936,2280.8543469101173,547.4410449152317,130301,57859,0,0,0.7797033788072224,0.7307634797103241,0.009484177139961397,0.0005183837245850306,0.012121887472949178,0.002909444328843706
0,original,all,identity,000017,125440,97983.18092745089,90166.77983793116,-474.4079828683629,47.76757071733978,1176.8031292786254,551.994368316916,52180,73260,0,0,0.7811159193833775,0.718804048452895,-0.003781951394039883,0.00038080014921348677,0.009381402497438022,0.004400465308648884
0,original,all,identity,000018,188160,154961.92779553775,144341.5071166586,991.0558510637654,87.64954250639356,2332.959255782312,730.0945067371346,111712,76448,0,0,0.8235646672807065,0.7671211049992486,0.005267091045194332,0.00046582452437496575,0.012398805568570962,0.003880179138696506
0,original,all,identity,000020,188160,152369.8375414146,142072.93181056727,1120.3424774851376,83.28828887386071,2297.9404036380106,664.7827406427181,115759,72401,0,0,0.8097886774097289,0.7550644760340522,0.005954201092076624,0.00044264609307961687,0.012212693471715618,0.0035330715382797515
0,original,all,identity,000021,188160,141118.31708605716,136825.41772060748,6281.259397932578,275.42314564559683,3161.542896562908,184.46700829728383,180442,7718,0,0,0.7499910559420555,0.7271759020015278,0.0333825435689444,0.0014637709696300853,0.01680241760503246,0.000980373130831653
0,original,all,identity,000023,188160,150977.2655529442,142305.8171846934,2641.452809876189,100.6565598575415,2565.7340737505883,498.1300741514314,144109,44051,0,0,0.8023876783213447,0.7563021746635492,0.014038333385821581,0.0005349519550251993,0.013635916633453381,0.002647374968917046
0,original,all,identity,000024,188160,154599.52533310335,141342.22084366076,-1672.9831952844554,100.39891904173203,1766.5157776661476,1063.8540927764975,63754,124406,0,0,0.8216386337856257,0.7511810206402039,-0.008891279736843406,0.0005335826904853955,0.009388370417018217,0.005653986462460127
0,original,all,identity,000026,188160,148396.76880362688,138498.85349758551,1221.6262652031696,90.47105220318012,2255.91329386421,604.4675194468409,118035,70125,0,0,0.7886733035907041,0.7360695870407393,0.00649248652850324,0.000480819792746493,0.011989335107696696,0.0032125187045431596
0,original,all,identity,000027,188160,144537.94109619694,133614.7796546621,-92.76629480456512,101.63695213013688,1875.3556701559278,763.3361506814197,95127,93033,0,0,0.7681650781047882,0.7101125619401685,-0.0004930181484086156,0.0005401623731406084,0.009966813723192643,0.004056846038910606
0,original,all,identity,000029,188160,146411.4149854569,137496.4820460988,2055.843773374014,103.37100546602568,2330.717049507377,526.6533385356629,131799,56361,0,0,0.7781218908665865,0.7307423578130251,0.010926040462234343,0.0005493782178253916,0.012386889081140396,0.002798965447149569
0,original,all,identity,000030,188160,151554.70441595896,146490.47972861677,6291.944652847292,326.4626706742091,3569.228310741184,275.50011445185265,172901,15259,0,0,0.8054565498297138,0.7785420903944343,0.03343933170093161,0.0017350269487362304,0.018969113046030953,0.0014641800300374823
0,original,all,identity,000032,188160,154594.16674062517,140807.14102058893,-2203.1059514120216,103.25482251851778,1716.3332265863141,1096.5360526931104,49014,139146,0,0,0.8216101548715198,0.7483372715805109,-0.011708683840412529,0.0005487607489291974,0.00912166893381332,0.005827678851472738
0,original,all,identity,000033,188160,151306.555656744,141166.55390188712,1197.573511713689,99.46016490610042,2318.1562837318615,656.5907106497989,113949,74211,0,0,0.8041377320192602,0.7502474165704035,0.006364655143036187,0.0005285935634890541,0.012320133310649774,0.0034895339639126216
0,original,all,identity,000035,188160,147773.40359562368,137663.44963802875,962.8781374235316,79.63693018792064,2104.294709608023,658.7833311428172,118712,69448,0,0,0.7853603507420476,0.731629728093265,0.005117337039878463,0.0004232404878184558,0.011183539060416789,0.0035011869214648023
0,original,all,identity,000036,188160,144241.30837928317,132382.65755457385,-1050.4827106409175,84.15976659009483,1646.7405245821071,853.1351876452673,75990,112170,0,0,0.7665885861994216,0.7035642939762641,-0.005582922569307597,0.0004472776710783101,0.008751809760746743,0.00453409432209432
0,original,all,identity,000038,188160,152246.41528426847,143371.1373339654,2532.7220855104215,105.29225259661955,2585.16547709248,519.6629564423654,143171,44989,0,0,0.8091327342913928,0.7619639526677583,0.013460470267381067,0.0005595889274905376,0.013739187271962586,0.0027618141817727752
0,original,all,identity,000039,188160,156419.94448279997,146705.44907696513,2006.2320013089961,100.3534165499236,2584.6985899424612,615.2546512848651,130883,57277,0,0,0.8313134804570577,0.7796845720501974,0.010662372455936417,0.0005333408617661755,0.013736705941445904,0.00326984827426055
0,original,all,identity,000041,188160,159171.77453494555,142528.5609161232,-4716.288402194359,207.9683815878024,1350.0414007306447,1605.5869862705251,22188,165972,0,0,0.8459384275879334,0.7574859742566072,-0.02506530825996152,0.0011052741368399364,0.007174964927352491,0.008533094102203046
0,original,all,identity,000042,188160,151999.16297967557,141979.14455482014,1369.4547097211228,74.13253759044623,2330.8145208100036,623.4779585810313,120761,67399,0,0,0.8078186808018473,0.7545660318602261,0.007278139401153926,0.00039398670062949743,0.012387407104645002,0.003313552075792046
0,original,all,identity,000044,188160,147523.27200238378,137887.80113369355,1418.6185766618287,95.7027479564108,2241.2147915476403,607.0521754037538,119763,68397,0,0,0.7840309949106281,0.7328220723516876,0.007539426959299685,0.0005086242982377275,0.01191121806732377,0.0032262551839060045
0,original,all,identity,000045,188160,149349.36892971105,139831.99601281853,1673.5480838919054,89.61316559253628,2348.829642075071,573.0324478350794,130703,57457,0,0,0.7937360168458283,0.7431547407143843,0.008894281908439123,0.0004762604463889045,0.012483150733817342,0.0030454530603479988
0,original,all,identity,000047,188160,154479.30012891334,146237.42721451976,3333.4397661223547,139.81196628019146,2902.6089413242644,442.0533276614944,150570,37590,0,0,0.8209996818075751,0.7771972109615208,0.017715985151585643,0.000743048290179589,0.01542628051299035,0.0023493480424186565
0,original,all,identity,000048,188160,139087.2367103926,129445.8137085404,780.5445591621038,67.98106332767391,1861.4834431005324,595.6179357889571,114325,73835,0,0,0.7391966236734301,0.6879560677537224,0.004148302291465263,0.00036129391649486557,0.009893088026682251,0.0031654864784702226
0,original,all,identity,000050,188160,155466.81802860473,142369.11626458168,-1448.3932247933906,80.73698644107056,1837.1673922467457,1011.1230160286938,62881,125279,0,0,0.8262479699649486,0.7566385855898261,-0.0076976680739444655,0.00042908687521827466,0.009763857314236532,0.005373740518859979
0,original,all,identity,000051,188160,155458.01900569047,141592.59309030662,-2216.7766971210185,120.12583678948585,1738.7399792697875,1150.0932297450713,51261,136899,0,0,0.8262012064503107,0.7525116554544357,-0.011781338738950991,0.0006384238774951416,0.009240752440847084,0.006112315209104333
0,original,all,identity,000098,188160,147546.71863064455,137995.81903934723,1504.946737036432,84.06164165972028,2237.661730007902,583.2864857621688,127816,60344,0,0,0.7841556049672861,0.7333961471053744,0.007998228832038861,0.00044675617378677867,0.011892334874616826,0.003099949435385676
0,original,all,identity,000114,188160,145626.32254188077,135089.44425744936,375.07054320594693,71.48299975787599,1948.2088655129874,671.688106141093,104677,83483,0,0,0.77394941827105,0.7179498525587232,0.0019933596046234426,0.00037990539837306543,0.010354001198517152,0.0035697709722634623
0,original,all,identity,000128,188160,148905.97335211455,136208.0788013453,-1540.1976935921098,91.27223116697904,1660.8309371128096,969.6181646752698,63836,124324,0,0,0.7913795352472075,0.7238949766227961,-0.008185574476998882,0.00048507775917824744,0.00882669503142437,0.005153157762942548
0,original,all,identity,000149,188160,162400.65865498525,148197.43897123518,-2034.3504444121056,95.29359858649698,1876.531796802791,1169.8864300646114,51472,136688,0,0,0.8630987386000492,0.7876139401107312,-0.01081181146052352,0.0005064498224197331,0.009973064396273336,0.006217508663183522
0,original,all,identity,000151,188160,146441.1442785538,135572.54251885955,104.40260336435847,90.5009078531854,1961.8151558546062,742.5072513016585,96470,91690,0,0,0.7782798909361915,0.7205173390670682,0.0005548607746830276,0.00048097846435578973,0.010426313540893952,0.003946148231832793
0,original,all,identity,000152,188160,147751.95497560914,138339.16539090255,1658.4353403996097,78.5065499242057,2289.3311979546734,554.8498080560702,128850,59310,0,0,0.7852463593516642,0.7352209045009702,0.008813963331205408,0.00041723293964820204,0.012166938764640058,0.002948819132951053
0,original,all,identity,000154,188160,146842.93416542886,139149.83036689542,3310.0071455918046,138.29559182795975,2643.1410132276064,417.23524044502375,152801,35359,0,0,0.780415253855383,0.7395292855383473,0.017591449540772772,0.0007349893273169629,0.014047305554993656,0.0022174491945420056
0,original,all,identity,000155,188160,145984.56937751325,135840.39646458073,794.6197645655652,71.7098533395438,2046.5486590989094,635.3780093662988,109987,78173,0,0,0.775853366164505,0.7219408825711136,0.004223106741951346,0.0003811110402824394,0.010876640407626006,0.0033767963933157884
0,original,all,identity,000182,188160,152453.5028314398,141669.9169167715,639.931430640696,74.74993404313825,2179.515416460887,727.9472099467308,106214,81946,0,0,0.8102333271228731,0.7529226026614132,0.003400996123728189,0.00039726793177688273,0.011583308973537878,0.0038687670596658738
0,original,all,identity,000183,188160,150180.24532749614,138513.12881591916,-413.936981040046,84.10878968116634,1942.5333546021077,815.9080848456058,86554,101606,0,0,0.7981518140279344,0.7361454550165771,-0.0021999201798471833,0.0004470067478803483,0.010323837981516303,0.00433624619922197
0,original,all,identity,000185,125440,101907.63899023656,95007.3656510443,735.7839504299384,57.00964263387535,1523.3097094834673,451.2898662015493,77012,48428,0,0,0.8124014587869623,0.7573929021926363,0.005865624604830504,0.0004544773806909706,0.012143731740142437,0.0035976551833669427
0,original,all,identity,000186,62720,49285.65317994758,45590.47610403178,-2.146063053381919,20.356448136191172,642.5185645753171,242.3883825612317,31346,31374,0,0,0.7858044193231438,0.7268889684954047,-3.421656653989029e-05,0.0003245607164571297,0.010244237317846254,0.0038646106913461688
0,original,all,identity,000188,125440,97520.29323405295,90808.08980501164,595.1049672147259,51.371983411216846,1383.138561629179,426.9673034463271,76916,48524,0,0,0.7774258070316721,0.7239165322465851,0.004744140363637802,0.00040953430653074656,0.011026295931355063,0.0034037572022188067
0,original,all,identity,000189,62720,50306.82249479162,47135.58748890704,598.3134051613075,33.33425270594838,795.9895967529251,195.7662690478262,43085,19635,0,0,0.8020858178378766,0.7515240352185434,0.009539435669025948,0.0005314772433984117,0.01269116066251475,0.0031212734223186574
0,original,all,identity,000191,109760,83188.76669718977,76360.088240482,-595.2479244429951,44.567592642102014,956.7667832392883,483.0664430931167,41384,68376,0,0,0.7579151484802275,0.6957005123950619,-0.005423177154181807,0.00040604585133110436,0.008716898535343371,0.004401115552962069
0,original,all,identity,000193,62720,49801.08926612092,45246.2745526894,-823.1614783082695,33.67121787986911,512.6350221586538,361.1732062890146,14812,47908,0,0,0.7940224691664688,0.7214010611079305,-0.01312438581486399,0.0005368497748703622,0.00817339002166221,0.005758501375781483
0,original,all,identity,000195,172480,135305.49416904128,123253.0754776774,-1913.8214741873585,78.2208338252027,1414.9652493426267,914.1530210643588,42646,129834,0,0,0.7844706294587273,0.7145934338919144,-0.011095903723256948,0.0004535066896173626,0.008203648245261055,0.0053000523020892785
0,original,all,identity,000197,188160,152172.27794260852,145779.8250852524,5009.991981675035,206.84851963150584,3220.1222702660684,304.6220497171581,170998,17162,0,0,0.8087387220589313,0.7747652268561459,0.02662623289580695,0.00109932248953819,0.017113745058812014,0.0016189522200104067
0,original,all,identity,000200,235200,183727.11430858565,171126.90589730255,1166.6768234120177,111.33839407395892,2640.23923227014,818.125562739906,139728,95472,0,0,0.7811526968902451,0.7275803822164224,0.004960360643758579,0.0004733775258246553,0.011225506939924064,0.00347842501164926
0,original,all,identity,000201,250880,198798.29290198046,182871.7722888149,-1030.3345301570544,99.32698731902313,2394.5822057808114,1160.2149829698042,109558,141322,0,0,0.7924039098452665,0.7289212862277379,-0.004106881896353055,0.0003959143308315654,0.009544731368705402,0.004624581405332446
0,original,all,identity,000209,181888,139867.48145185236,127622.49406181788,-1764.555187853439,90.42630163188075,1469.1029838195211,919.9099114198638,55472,126416,0,0,0.7689758612544663,0.7016542820956736,-0.009701328223156223,0.0004971537519346012,0.008076964856502469,0.005057562408844254
0,original,all,identity,000212,172480,139618.1790399555,130752.38937668418,1595.9620207606686,88.41984835206634,2240.7845956707197,549.8594055520734,117083,55397,0,0,0.8094746001852707,0.7580727584455251,0.009253026558213523,0.0005126382673473234,0.012991561895122447,0.0031879603754178653
0,original,all,identity,000215,125440,101338.66977798368,93074.67147395934,-670.574535734234,51.54222882184831,1227.0217665240943,614.1578462540459,47687,77753,0,0,0.8078656710617321,0.74198558254113,-0.005345779143289493,0.0004108914925211122,0.009781742398948455,0.004896028748836463
0,original,all,identity,000216,125440,96849.57060303254,89405.8412434542,-186.6789860443144,44.903431051106736,1205.1650607119234,506.37228197424565,59240,66200,0,0,0.7720788472818283,0.712737892565802,-0.0014881934474195982,0.0003579674031497667,0.00960750207837949,0.004036768829514076
0,original,all,identity,000217,122304,94731.14805345592,89277.16288960289,1644.3293571729707,60.764116609407154,1560.0856913802695,295.8860550203978,97059,25245,0,0,0.77455478196507,0.7299611042124778,0.013444608166314844,0.0004968285306237503,0.012755802683315914,0.0024192671950254924
0,original,all,identity,000219,62720,49776.28186115279,45351.96305751911,-694.5244160651391,38.44721504570038,534.6320312103246,352.54081501387867,18263,44457,0,0,0.7936269429392984,0.7230861456874859,-0.01107341224593653,0.0006129976888663964,0.008524107640470737,0.005620867586318219
0,original,all,identity,000220,169344,125636.68731097836,117374.82440814504,1152.239430328334,64.91268214305057,1776.654280055984,480.6750000293253,111169,58175,0,0,0.7419022068155846,0.6931147510874022,0.006804134958004618,0.0003833184650359657,0.010491391959892194,0.002838453089742331
0,original,all,identity,000222,125440,102841.94866625877,98308.37124476035,3172.4887730797404,160.3545245417477,2171.27241308765,259.94048655884467,106587,18853,0,0,0.8198497183215783,0.7837083166833574,0.025290886264985175,0.0012783364520228611,0.017309250742089045,0.002072229644123443
0,original,all,identity,000224,125440,107976.48513077915,98055.74977938365,-1829.9323992275708,70.1866127863073,1164.1139878712368,850.3818117006927,25167,100273,0,0,0.8607819286573594,0.7816944338279946,-0.01458810904996469,0.0005595233799928834,0.009280245439024528,0.0067791917386853685
0,original,all,identity,000225,62720,49828.1219739691,46261.3951046085,166.95195783668643,27.969768339048386,708.9457583351503,234.07314497403644,35980,26740,0,0,0.7944534753502727,0.7375860188872528,0.0026618615726512504,0.00044594656152819494,0.011303344361210943,0.003732033561448285
0,original,all,identity,000230,62720,50674.15929547601,46096.01521216368,-781.0707008079187,31.46512383170225,531.4993838599177,365.35849380560654,13263,49457,0,0,0.8079425908079721,0.7349492221327117,-0.012453295612371152,0.0005016760815003548,0.008474161094705319,0.005825231087461839
0,original,all,identity,000232,181888,145994.45284393366,136756.6070512566,1701.6874643944075,71.9943908423333,2321.8468296306723,539.6286970823026,129694,52194,0,0,0.8026612687144488,0.7518726196959481,0.00935568846979684,0.0003958171558449887,0.012765255704778064,0.002966818575619626
0,original,all,identity,000233,181888,141826.9742310106,132591.45429840963,1391.7393305199093,81.37833492097637,2138.8977727077686,563.6245493159502,120947,60941,0,0,0.7797489346796412,0.7289730729812282,0.007651628092671915,0.0004474090369951639,0.011759422131794118,0.0030987451031181286
0,original,all,identity,000237,125440,103868.42302571941,94643.3204949114,-1442.1214249156844,65.6416205661137,1141.4928744414383,749.4950551578436,32268,93172,0,0,0.8280327090698295,0.7544907564964238,-0.011496503706279372,0.0005232909802783299,0.009099911307728303,0.005974928692265973
0,original,all,identity,000239,185024,150219.44210841085,139585.25874126074,621.9332235287301,81.8394886547866,2177.824023932701,712.8775805035573,106783,78241,0,0,0.8118916578844412,0.7544170417959872,0.003361365139272365,0.0004423182325254378,0.01177049476788255,0.003852892492344546
0,original,all,identity,000242,188160,149980.5188180764,136681.5828457144,-2060.7221802456274,92.79953707256398,1581.9167465886117,1042.5029838678106,49765,138395,0,0,0.7970903423579742,0.7264114734572407,-0.010951967369502697,0.0004931948186254464,0.008407295634505802,0.005540513307120592
0,original,all,identity,000247,125440,96621.98805717065,90435.12572430796,1053.1350172126586,50.284834730648825,1447.8922772904843,363.0432841219303,87409,38031,0,0,0.7702645731598425,0.720943285429751,0.008395527879565198,0.0004008676238093816,0.011542508588093785,0.002894158833880184
0,original,all,identity,000250,119168,91088.72210048372,84522.71487589413,259.37610574553355,37.214487855721906,1200.5498869409641,428.3225289253019,68063,51105,0,0,0.7643723323415994,0.7092735875058248,0.002176558352456478,0.00031228591447135057,0.010074431784883224,0.0035942747123833742
0,original,all,identity,000256,125440,99710.95959518553,94249.2469916864,2009.7449576459128,73.31095817841951,1739.763910386683,305.97756206623916,103203,22237,0,0,0.7948896651401908,0.7513492266556633,0.016021563756743566,0.0005844304701723494,0.013869291377444857,0.002439234391471932
0,original,all,identity,000257,181888,145255.19139460623,134487.06039246975,116.0085392625544,70.860598738573,1960.515118892238,726.5586325250274,96565,85323,0,0,0.798596891464012,0.7393949045152498,0.0006378020499568657,0.0003895836929240687,0.010778694135359332,0.003994538576074438
0,original,all,identity,000259,125440,98200.33127015343,89187.5382973539,-1654.528539741555,67.13528928560768,980.3897422030141,705.1582674326456,27657,97783,0,0,0.7828470286204834,0.7109975948449768,-0.013189800221153979,0.0005351984158610307,0.00781560700098066,0.0056214785350179024
0,original,all,identity,000261,181888,146314.9823513229,134452.62665213877,-898.8047952935339,66.1613538746741,1771.9074801787413,856.8805158677147,71848,110040,0,0,0.8044235043066221,0.7392055916395737,-0.004941528827044851,0.00036374776716811504,0.009741750308864473,0.004711033800293118
0,original,all,identity,000263,125440,98684.74967445346,92438.79681852553,1148.609608602815,56.967301516871586,1533.9000569133586,375.8735143995603,85605,39835,0,0,0.7867087824812935,0.736916428719113,0.009156645476744378,0.00045413983989852985,0.012228157341464912,0.0029964406441291475
0,original,all,identity,000264,188160,147987.6721517925,137279.67699820705,380.89233224063094,59.89951520191403,1998.2096889936827,691.4278027199294,108115,80045,0,0,0.7864991079495776,0.7295901201010154,0.002024300235122401,0.00031834351191493423,0.01061973686752595,0.003674680073979217
0,original,all,identity,000266,125440,98152.7207379326,91741.51420396101,943.4903868249922,52.41959480602319,1468.7975582650467,386.849158479639,83720,41720,0,0,0.7824674803725494,0.7313577344065769,0.007521447599051277,0.00041788580043066955,0.011709164208107834,0.0030839378067573264
0,original,all,identity,000267,188160,151514.25350985595,142249.54482558096,2088.429622721293,97.02461163963693,2501.398269479161,539.6024852107844,132680,55480,0,0,0.805241568398469,0.7560031081291505,0.011099222059530681,0.0005156495091392268,0.013293995904970032,0.0028677853168090155
0,original,all,identity,000281,125440,96938.1803559041,89811.30630382989,136.8159527578291,53.24667324959064,1278.6575796373825,475.43127665092015,65056,60384,0,0,0.7727852388066334,0.7159702352027255,0.0010906883988985102,0.00042447921914533357,0.010193379939711276,0.0037901090294237896
0,original,all,identity,000296,125440,99555.76702638448,92058.54553664551,-37.39268732125031,45.0954209472727,1319.4405794547474,500.06521262573693,63100,62340,0,0,0.7936524794832946,0.7338850887806562,-0.0002980922139768041,0.0003594979348475183,0.010518499517336953,0.003986489258814867
0,original,all,identity,000300,125440,100609.33438062394,93017.47977790236,-53.080779546205214,41.538553581280006,1320.412931211743,520.0564673967103,64948,60492,0,0,0.8020514539271679,0.7415296538416961,-0.0004231567246987023,0.0003311428059732143,0.010526251046011981,0.004145858317894694
0,original,all,identity,000301,188160,162618.40280893078,147119.92489719728,-3313.2928510254856,132.6442741220096,1672.3166159529947,1376.7849798463706,29445,158715,0,0,0.8642559673093685,0.781887355958744,-0.017608911835807217,0.0007049546881484353,0.008887737117097123,0.007317097044251544
0,original,all,identity,000303,125440,103198.34988341108,94961.38339769724,-504.1947356029156,45.692261858756545,1304.2493579305421,602.4116355930223,50078,75362,0,0,0.8226909270042337,0.7570263344841935,-0.004019409563160999,0.00036425591405258727,0.010397396029420776,0.004802388676602537
0,original,all,identity,000304,125440,101036.42231961538,92660.5010700688,-805.1452329913951,62.844241337348606,1204.5678896233414,631.6138794767194,42756,82684,0,0,0.8054561728285664,0.7386838414386863,-0.0064185685028013,0.0005009904443347306,0.00960274146702281,0.005035187176950888
0,original,all,identity,000306,62720,48288.95656760014,44564.20175565418,-106.4074293557182,21.385125546264305,600.6846763495946,251.59585157892116,29424,33296,0,0,0.7699132105803593,0.710526175951119,-0.0016965470241664252,0.0003409618231228365,0.009577242926492261,0.004011413449919023
0,original,all,identity,000307,125440,108411.99445690721,100206.08933794219,-82.46894913617105,44.07581453187624,1544.622377364963,581.3465800351348,60173,65267,0,0,0.8642537823414159,0.798836809135381,-0.0006574374133942207,0.0003513696949288603,0.012313635023636504,0.004634459343392338
0,original,all,identity,000309,125440,100394.66774293687,93915.73873408465,1043.759594806816,52.33787970899761,1553.6167553348926,387.90381520243255,86952,38488,0,0,0.800340144634382,0.748690519244935,0.008320787586151276,0.0004172343726801468,0.01238533765413658,0.003092345465580617
0,original,all,identity,000310,125440,97699.2909842325,92128.94466988184,1750.3745904143325,78.25945094949647,1661.59574962254,308.2146382289407,93579,31861,0,0,0.7788527661370576,0.7344463063606651,0.01395387906899181,0.0006238795515744297,0.013246139585638871,0.002457068225677142
0,original,all,identity,000312,125440,100722.82006407646,92253.38259366807,-922.1600336768403,55.06225477651095,1169.273078260834,635.4282044994447,43496,81944,0,0,0.8029561548475482,0.7354383178704406,-0.0073514033296941984,0.0004389529239198896,0.00932137339174772,0.005065594742501951
0,original,all,identity,000313,125440,99870.88813344896,91038.45371607784,-1348.9932258277527,69.55338351116984,1060.6987982429466,699.8744742741957,35691,89749,0,0,0.7961646056556836,0.725752979241692,-0.010754091404876855,0.0005544753149806269,0.00845582587885002,0.005579356459456279
0,original,all,identity,000315,125440,96668.12940795833,89850.35204568831,425.6774126021952,40.55922418391796,1324.7997284496216,425.92700211072366,73770,51670,0,0,0.7706324091833413,0.7162815054662652,0.003393474271382296,0.00032333565197638684,0.010561222325012928,0.0033954639836632945
0,original,all,identity,000316,125440,97031.98283546086,90189.25955081696,427.99544850430664,54.660383841391734,1352.3097197302104,437.62291973713593,71063,54377,0,0,0.773533026430651,0.7189832553477118,0.0034119535116733627,0.00043574923342946215,0.010780530291216601,0.0034887031229044636
0,original,all,identity,000318,188160,153484.00418754818,144807.26753474236,2823.997351335117,122.17692863166128,2720.8684031305725,499.3496861846512,146378,41782,0,0,0.8157100562688573,0.7695964473572617,0.015008489324697687,0.0006493246632209889,0.014460397550651427,0.002653856750556182
0,original,all,identity,000319,125440,98548.4681415906,90945.5534279258,-218.56398205976694,47.50011543500628,1250.6856520572626,518.1018885548045,55555,69885,0,0,0.7856223544450781,0.7250123838323166,-0.0017423786835121728,0.0003786680120775373,0.009970389445609556,0.004130276535035113
0,original,all,identity,000321,125440,104722.31733573327,94748.26814618788,-2127.084795107115,72.557102318007,1027.2571517665913,841.0267698054923,19008,106432,0,0,0.8348399022300165,0.7553273927470335,-0.016956989756912587,0.0005784207774075813,0.00818923112058826,0.0067046139174544985
0,original,all,identity,000322,62720,49927.24621634511,46457.37996599742,271.2400710107143,23.90176803701712,705.0858567685195,226.68753097299182,39717,23003,0,0,0.7960339001330534,0.7407107775190914,0.00432461847912491,0.0003810868628350944,0.01124180256327359,0.003614278236176528
0,original,all,identity,000324,125440,100584.06371391582,92045.58844716904,-1001.5950038642627,60.423635353376916,1159.1245728346353,649.5168693335808,43788,81652,0,0,0.8018499977193544,0.7337817956566409,-0.007984654048662809,0.00048169352163087467,0.009240470127827131,0.005177908715988367
0,original,all,identity,000325,125440,96612.72127615561,90243.25877859478,869.8404818920325,55.16985935334363,1426.9645696786622,388.3664135199675,82906,42534,0,0,0.7701906989489447,0.7194137338854814,0.006934315066103575,0.0004398107410183644,0.01137567418430056,0.0030960332710456596
0,original,all,identity,000327,125440,97131.16062324966,89551.33466475864,-301.6757189619561,56.60221357925516,1218.6979147968977,535.1131040790455,54706,70734,0,0,0.7743236656827938,0.7138977572126806,-0.0024049403616227365,0.0004512293812121744,0.00971538516260282,0.00426588890369137
0,original,all,identity,000328,125440,104274.28317090112,96605.29540290148,144.4049081232444,53.70035687128955,1479.8299604353624,537.5212843686486,65769,59671,0,0,0.8312682012986378,0.770131500342008,0.0011511870864416805,0.000428095957200969,0.011797113842756397,0.0042850867695204764
0,original,all,cross_camera,000011,0,0.0,0.0,0.0,0.0,0.0,0.0,0,0,0,0,,,,,,
0,original,all,cross_camera,000013,0,0.0,0.0,0.0,0.0,0.0,0.0,0,0,0,0,,,,,,
0,original,all,cross_camera,000017,0,0.0,0.0,0.0,0.0,0.0,0.0,0,0,0,0,,,,,,
0,original,all,cross_camera,000018,0,0.0,0.0,0.0,0.0,0.0,0.0,0,0,0,0,,,,,,
0,original,all,cross_camera,000020,0,0.0,0.0,0.0,0.0,0.0,0.0,0,0,0,0,,,,,,
0,original,all,cross_camera,000021,0,0.0,0.0,0.0,0.0,0.0,0.0,0,0,0,0,,,,,,
0,original,all,cross_camera,000023,0,0.0,0.0,0.0,0.0,0.0,0.0,0,0,0,0,,,,,,
0,original,all,cross_camera,000024,0,0.0,0.0,0.0,0.0,0.0,0.0,0,0,0,0,,,,,,
0,original,all,cross_camera,000026,0,0.0,0.0,0.0,0.0,0.0,0.0,0,0,0,0,,,,,,
0,original,all,cross_camera,000027,0,0.0,0.0,0.0,0.0,0.0,0.0,0,0,0,0,,,,,,
0,original,all,cross_camera,000029,0,0.0,0.0,0.0,0.0,0.0,0.0,0,0,0,0,,,,,,
0,original,all,cross_camera,000030,0,0.0,0.0,0.0,0.0,0.0,0.0,0,0,0,0,,,,,,
0,original,all,cross_camera,000032,0,0.0,0.0,0.0,0.0,0.0,0.0,0,0,0,0,,,,,,
0,original,all,cross_camera,000033,0,0.0,0.0,0.0,0.0,0.0,0.0,0,0,0,0,,,,,,
0,original,all,cross_camera,000035,0,0.0,0.0,0.0,0.0,0.0,0.0,0,0,0,0,,,,,,
0,original,all,cross_camera,000036,0,0.0,0.0,0.0,0.0,0.0,0.0,0,0,0,0,,,,,,
0,original,all,cross_camera,000038,0,0.0,0.0,0.0,0.0,0.0,0.0,0,0,0,0,,,,,,
0,original,all,cross_camera,000039,0,0.0,0.0,0.0,0.0,0.0,0.0,0,0,0,0,,,,,,
0,original,all,cross_camera,000041,0,0.0,0.0,0.0,0.0,0.0,0.0,0,0,0,0,,,,,,
0,original,all,cross_camera,000042,0,0.0,0.0,0.0,0.0,0.0,0.0,0,0,0,0,,,,,,
0,original,all,cross_camera,000044,0,0.0,0.0,0.0,0.0,0.0,0.0,0,0,0,0,,,,,,
0,original,all,cross_camera,000045,0,0.0,0.0,0.0,0.0,0.0,0.0,0,0,0,0,,,,,,
0,original,all,cross_camera,000047,0,0.0,0.0,0.0,0.0,0.0,0.0,0,0,0,0,,,,,,
0,original,all,cross_camera,000048,0,0.0,0.0,0.0,0.0,0.0,0.0,0,0,0,0,,,,,,
0,original,all,cross_camera,000050,0,0.0,0.0,0.0,0.0,0.0,0.0,0,0,0,0,,,,,,
0,original,all,cross_camera,000051,0,0.0,0.0,0.0,0.0,0.0,0.0,0,0,0,0,,,,,,
0,original,all,cross_camera,000098,0,0.0,0.0,0.0,0.0,0.0,0.0,0,0,0,0,,,,,,
0,original,all,cross_camera,000114,0,0.0,0.0,0.0,0.0,0.0,0.0,0,0,0,0,,,,,,
0,original,all,cross_camera,000128,0,0.0,0.0,0.0,0.0,0.0,0.0,0,0,0,0,,,,,,
0,original,all,cross_camera,000149,0,0.0,0.0,0.0,0.0,0.0,0.0,0,0,0,0,,,,,,
0,original,all,cross_camera,000151,0,0.0,0.0,0.0,0.0,0.0,0.0,0,0,0,0,,,,,,
0,original,all,cross_camera,000152,0,0.0,0.0,0.0,0.0,0.0,0.0,0,0,0,0,,,,,,
0,original,all,cross_camera,000154,0,0.0,0.0,0.0,0.0,0.0,0.0,0,0,0,0,,,,,,
0,original,all,cross_camera,000155,0,0.0,0.0,0.0,0.0,0.0,0.0,0,0,0,0,,,,,,
0,original,all,cross_camera,000182,0,0.0,0.0,0.0,0.0,0.0,0.0,0,0,0,0,,,,,,
0,original,all,cross_camera,000183,0,0.0,0.0,0.0,0.0,0.0,0.0,0,0,0,0,,,,,,
0,original,all,cross_camera,000185,0,0.0,0.0,0.0,0.0,0.0,0.0,0,0,0,0,,,,,,
0,original,all,cross_camera,000186,0,0.0,0.0,0.0,0.0,0.0,0.0,0,0,0,0,,,,,,
0,original,all,cross_camera,000188,0,0.0,0.0,0.0,0.0,0.0,0.0,0,0,0,0,,,,,,
0,original,all,cross_camera,000189,0,0.0,0.0,0.0,0.0,0.0,0.0,0,0,0,0,,,,,,
0,original,all,cross_camera,000191,57232,42030.692305019125,38627.30816538655,-253.9757386160583,22.478439440751846,478.5685037957004,231.92013459303215,22691,34541,0,0,0.734391464652976,0.6749250098788536,-0.004437652687588382,0.00039275998463712337,0.008361904245801306,0.004052280797334221
0,original,all,cross_camera,000193,0,0.0,0.0,0.0,0.0,0.0,0.0,0,0,0,0,,,,,,
0,original,all,cross_camera,000195,93856,71485.70851313573,65159.87454007426,-969.3271301560396,40.79519998764657,735.3611610643427,464.4848945064125,24606,69250,0,0,0.7616530484266933,0.6942536922527517,-0.01032781207547775,0.00043465734729422275,0.007834993618568261,0.004948909973857958
0,original,all,cross_camera,000197,0,0.0,0.0,0.0,0.0,0.0,0.0,0,0,0,0,,,,,,
0,original,all,cross_camera,000200,119840,90583.49517814684,84365.78111107647,569.8120254614761,57.0539534103962,1261.6260417556314,396.0895354412813,70928,48912,0,0,0.7558702868670464,0.7039868250256716,0.0047547732431698604,0.0004760843909412233,0.010527587130804667,0.003305152999343135
0,original,all,cross_camera,000201,127456,98465.35916696681,90567.02172572259,-520.2141612590832,50.2603685623701,1156.812739966819,563.7235821434829,55989,71467,0,0,0.772543930195258,0.710574800132772,-0.004081519593107294,0.0003943350533703403,0.009076173267377126,0.004422887758469455
0,original,all,cross_camera,000209,91616,68641.76010618883,62664.81775149703,-833.5358561703353,43.64932991050141,708.9107730414753,437.0074992666303,28745,62871,0,0,0.7492333228495986,0.6839942559323374,-0.009098147225051686,0.00047643784830707966,0.007737848989712226,0.004769991041593502
0,original,all,cross_camera,000212,89712,68989.80428197305,64425.23392630057,604.915495603515,42.67399316512421,1015.5615363922732,281.8121438724582,57028,32684,0,0,0.769014226435405,0.7181339611902596,0.006742860437884731,0.0004756776480863676,0.011320241844929031,0.0031412981972585405
0,original,all,cross_camera,000215,0,0.0,0.0,0.0,0.0,0.0,0.0,0,0,0,0,,,,,,
0,original,all,cross_camera,000216,0,0.0,0.0,0.0,0.0,0.0,0.0,0,0,0,0,,,,,,
0,original,all,cross_camera,000217,55440,40799.556658189686,38370.76174293639,628.3630674075704,24.71404648299156,623.2794263341931,130.66616562617938,42108,13332,0,0,0.7359227391448356,0.6921133070515222,0.011334110162474213,0.0004457800592170195,0.011242413894916902,0.00235689331937553
0,original,all,cross_camera,000219,0,0.0,0.0,0.0,0.0,0.0,0.0,0,0,0,0,,,,,,
0,original,all,cross_camera,000220,87024,62297.430939439684,58108.6794958174,479.2671304850027,31.02218373729846,832.4883731773697,240.9746811494876,55085,31939,0,0,0.7158649446065417,0.6677316544380562,0.005507298337067966,0.00035647848567404923,0.009566192925829308,0.0027690600426260297
0,original,all,cross_camera,000222,0,0.0,0.0,0.0,0.0,0.0,0.0,0,0,0,0,,,,,,
0,original,all,cross_camera,000224,0,0.0,0.0,0.0,0.0,0.0,0.0,0,0,0,0,,,,,,
0,original,all,cross_camera,000225,0,0.0,0.0,0.0,0.0,0.0,0.0,0,0,0,0,,,,,,
0,original,all,cross_camera,000230,0,0.0,0.0,0.0,0.0,0.0,0.0,0,0,0,0,,,,,,
0,original,all,cross_camera,000232,92400,72424.40574967,67807.85015554962,810.2889187262841,35.16860477710298,1118.147526278344,265.79569561138453,65010,27390,0,0,0.7838139150397185,0.7338511921596279,0.008769360592275802,0.00038061260581280276,0.012101163704311082,0.002876576792331001
0,original,all,cross_camera,000233,92176,68623.13019209797,64094.494680662174,613.3750260693122,39.36390655333036,977.6932471465387,269.8401155805824,59694,32482,0,0,0.7444793676455691,0.6953490570285342,0.006654389711739631,0.00042705158125032935,0.010606809225248858,0.0029274444061424057
0,original,all,cross_camera,000237,0,0.0,0.0,0.0,0.0,0.0,0.0,0,0,0,0,,,,,,
0,original,all,cross_camera,000239,57456,41374.11231041621,38442.405511641875,168.5033036289808,26.2355916739558,536.9424368478369,180.52459137579802,32521,24935,0,0,0.7201008129771688,0.6690755623719347,0.00293273641793687,0.0004566205735511661,0.009345280507655195,0.0031419623951510376
0,original,all,cross_camera,000242,0,0.0,0.0,0.0,0.0,0.0,0.0,0,0,0,0,,,,,,
0,original,all,cross_camera,000247,0,0.0,0.0,0.0,0.0,0.0,0.0,0,0,0,0,,,,,,
0,original,all,cross_camera,000250,63392,47397.96322158573,43976.469086884055,130.09008565408095,19.78009041458027,610.9990168251669,219.92467601719565,36081,27311,0,0,0.7476962900931621,0.6937226950858792,0.0020521530422463554,0.0003120281804420158,0.009638424672279891,0.003469281234496398
0,original,all,cross_camera,000256,0,0.0,0.0,0.0,0.0,0.0,0.0,0,0,0,0,,,,,,
0,original,all,cross_camera,000257,87808,66955.02355069871,61960.86849666608,22.86232294852853,34.303822606800914,860.1530062546628,326.6856750045363,46198,41610,0,0,0.7625162120843056,0.7056403573326585,0.00026036719830230194,0.0003906685336962568,0.009795838719190311,0.003720454571389125
0,original,all,cross_camera,000259,0,0.0,0.0,0.0,0.0,0.0,0.0,0,0,0,0,,,,,,
0,original,all,cross_camera,000261,82768,63105.33942287776,57948.48649636097,-428.2968350512986,29.976866425919255,720.1536352396887,358.0329538375845,32304,50464,0,0,0.7624364418963581,0.7001315302575992,-0.005174666961280913,0.0003621794223119956,0.008700870327175826,0.004325741274859662
0,original,all,cross_camera,000263,0,0.0,0.0,0.0,0.0,0.0,0.0,0,0,0,0,,,,,,
0,original,all,cross_camera,000264,0,0.0,0.0,0.0,0.0,0.0,0.0,0,0,0,0,,,,,,
0,original,all,cross_camera,000266,0,0.0,0.0,0.0,0.0,0.0,0.0,0,0,0,0,,,,,,
0,original,all,cross_camera,000267,0,0.0,0.0,0.0,0.0,0.0,0.0,0,0,0,0,,,,,,
0,original,all,cross_camera,000281,0,0.0,0.0,0.0,0.0,0.0,0.0,0,0,0,0,,,,,,
0,original,all,cross_camera,000296,0,0.0,0.0,0.0,0.0,0.0,0.0,0,0,0,0,,,,,,
0,original,all,cross_camera,000300,0,0.0,0.0,0.0,0.0,0.0,0.0,0,0,0,0,,,,,,
0,original,all,cross_camera,000301,0,0.0,0.0,0.0,0.0,0.0,0.0,0,0,0,0,,,,,,
0,original,all,cross_camera,000303,0,0.0,0.0,0.0,0.0,0.0,0.0,0,0,0,0,,,,,,
0,original,all,cross_camera,000304,0,0.0,0.0,0.0,0.0,0.0,0.0,0,0,0,0,,,,,,
0,original,all,cross_camera,000306,0,0.0,0.0,0.0,0.0,0.0,0.0,0,0,0,0,,,,,,
0,original,all,cross_camera,000307,0,0.0,0.0,0.0,0.0,0.0,0.0,0,0,0,0,,,,,,
0,original,all,cross_camera,000309,0,0.0,0.0,0.0,0.0,0.0,0.0,0,0,0,0,,,,,,
0,original,all,cross_camera,000310,0,0.0,0.0,0.0,0.0,0.0,0.0,0,0,0,0,,,,,,
0,original,all,cross_camera,000312,0,0.0,0.0,0.0,0.0,0.0,0.0,0,0,0,0,,,,,,
0,original,all,cross_camera,000313,0,0.0,0.0,0.0,0.0,0.0,0.0,0,0,0,0,,,,,,
0,original,all,cross_camera,000315,0,0.0,0.0,0.0,0.0,0.0,0.0,0,0,0,0,,,,,,
0,original,all,cross_camera,000316,0,0.0,0.0,0.0,0.0,0.0,0.0,0,0,0,0,,,,,,
0,original,all,cross_camera,000318,0,0.0,0.0,0.0,0.0,0.0,0.0,0,0,0,0,,,,,,
0,original,all,cross_camera,000319,0,0.0,0.0,0.0,0.0,0.0,0.0,0,0,0,0,,,,,,
0,original,all,cross_camera,000321,0,0.0,0.0,0.0,0.0,0.0,0.0,0,0,0,0,,,,,,
0,original,all,cross_camera,000322,0,0.0,0.0,0.0,0.0,0.0,0.0,0,0,0,0,,,,,,
0,original,all,cross_camera,000324,0,0.0,0.0,0.0,0.0,0.0,0.0,0,0,0,0,,,,,,
0,original,all,cross_camera,000325,0,0.0,0.0,0.0,0.0,0.0,0.0,0,0,0,0,,,,,,
0,original,all,cross_camera,000327,0,0.0,0.0,0.0,0.0,0.0,0.0,0,0,0,0,,,,,,
0,original,all,cross_camera,000328,0,0.0,0.0,0.0,0.0,0.0,0.0,0,0,0,0,,,,,,
0,original,active,identity,000011,109760,89258.17614443135,84016.582274121,1364.0740465677338,71.14790131363696,1543.8118563149628,315.10359423238253,78224,31536,0,0,0.8132122462138425,0.7654572000193239,0.012427788325143348,0.0006482133866038353,0.014065341256513875,0.0028708417841871586
0,original,active,identity,000013,94080,73264.09003826685,68747.71603261633,905.6306770570766,44.99924470566175,1156.0688058418807,259.4474539260697,66399,27681,0,0,0.7787424536380405,0.7307367775575715,0.009626176414297158,0.0004783082983169829,0.012288146320598221,0.002757732290880843
0,original,active,identity,000017,59584,46514.466203823395,42873.039538748446,-199.0628352772094,24.10893993104881,572.2867807339791,254.8284707500175,24631,34953,0,0,0.7806536352682498,0.7195394659430123,-0.003340877337493444,0.0004046210380479459,0.009604705637989713,0.00427679361489691
0,original,active,identity,000018,75264,61922.11144205788,57697.05778883048,357.57308828562367,32.87089982623064,934.4395112838979,285.8198031317775,44425,30839,0,0,0.8227321354440088,0.766595687032718,0.004750917945971828,0.00043674133485106613,0.012415490955621517,0.0037975632856581836
0,original,active,identity,000020,122304,98265.26521985844,91596.23584973498,603.219939071401,50.353232005719896,1461.699993007601,427.9569411475112,73197,49107,0,0,0.8034509518892141,0.7489226505243899,0.004932135817891491,0.00041170552071657425,0.011951367028123373,0.003499124649623162
0,original,active,identity,000021,100352,75329.41924328095,73090.09810159961,3335.53092662908,144.14112087744869,1698.0241529549544,95.4307660099343,96511,3841,0,0,0.7506518977527199,0.7283372339524833,0.03323831041363481,0.0014363552383355458,0.01692068073336809,0.0009509602799140455
0,original,active,identity,000023,97216,78762.12657408189,74305.53504452895,1372.3025286633965,50.67124886415481,1367.3843584003635,251.65500655755486,74868,22348,0,0,0.8101765817775046,0.7643344207180809,0.014116015148364431,0.0005212233466112041,0.014065425016461935,0.0025886171675192854
0,original,active,identity,000024,90944,74029.56551583487,67698.20249837381,-852.7083221524216,46.66647603751532,839.6883340021715,497.5796151656404,28821,62123,0,0,0.8140126398204924,0.7443943800401764,-0.009376191086299498,0.0005131341928826015,0.00923302619196617,0.005471274797299881
0,original,active,identity,000026,109760,87886.80187173263,82082.91970694298,700.2954077132548,51.69046222704025,1364.1440430201394,355.4263775623743,68924,40836,0,0,0.8007179470821122,0.7478400119072793,0.006380242417212598,0.0004709408001734717,0.012428426047924011,0.003238214081289853
0,original,active,identity,000027,97216,73950.4246851558,68498.36477357498,20.737863177643945,52.6490630272641,977.213670001338,373.27694641957123,50605,46611,0,0,0.7606816232426329,0.7045997034806512,0.00021331738785430326,0.0005415678800533255,0.01005198393269974,0.003839665758924161
0,original,active,identity,000029,103488,81144.60241161787,76243.59754173062,1104.2074247367223,54.41033680717982,1307.6932154315034,287.14774449624286,73088,30400,0,0,0.7840967301679216,0.7367385353058385,0.010669907861169626,0.0005257646954930022,0.012636182121903055,0.0027746960468483578
0,original,active,identity,000030,94080,76556.97679582669,73784.10351276782,2892.825785394729,150.49902640715715,1761.0320575891512,157.18107865217348,83887,10193,0,0,0.813743375805981,0.7842698077462565,0.030748573399178667,0.0015996920323890003,0.018718452993081964,0.0016707172475783746
0,original,active,identity,000032,87808,72924.02141819737,66538.36672049924,-988.8172374250963,48.449155991158634,842.788548860632,504.9355567980673,23686,64122,0,0,0.8304940485855203,0.7577711224546652,-0.011261129252745722,0.0005517624361238001,0.009598083874597213,0.0057504504919604965
0,original,active,identity,000033,109760,87462.97394184832,81735.76605685099,745.6037479396208,56.259637819157966,1357.1063284876413,359.38943926445313,68220,41540,0,0,0.796856541015382,0.7446771688853042,0.006793037062132114,0.0005125695865448066,0.012364306928641048,0.003274320693007044
0,original,active,identity,000035,87808,67496.01622251328,62946.677228168584,445.79185122271565,38.60104248743464,957.6038564901417,290.6556223437661,54007,33801,0,0,0.7686772984524562,0.7168672242639461,0.0050768933493840615,0.0004396073534009958,0.010905656164474099,0.0033101268944033127
0,original,active,identity,000036,94080,72430.16914513102,66430.65694365883,-639.2229237498765,50.340268813706935,826.089573474431,445.1854440264794,36740,57340,0,0,0.7698784985664436,0.7061081732956934,-0.006794461349382191,0.0005350793879007965,0.008780714003767336,0.004731988138036558
0,original,active,identity,000038,90944,74399.23874733938,70053.56862851838,1160.3427268617463,47.64218565711777,1274.0619560502703,253.6017146048939,68931,22013,0,0,0.8180774844666979,0.770293462224208,0.012758870589172968,0.0005238628788828045,0.014009301944606244,0.0027885480581994844
0,original,active,identity,000039,87808,72817.78473515983,68471.75718164913,1042.9477222650685,50.15281455321023,1247.276384359804,267.5242873020859,62602,25206,0,0,0.829284173824251,0.7797895087195827,0.011877593411364209,0.0005711645243395844,0.014204587103222987,0.003046696056191758
0,original,active,identity,000041,103488,87406.26360730676,78245.79589943448,-2691.8529973195555,118.18921478543955,736.1160493862131,881.1880109100205,11281,92207,0,0,0.844602887361885,0.7560856901228594,-0.02601125731794561,0.0011420571929638176,0.007113057063487681,0.008514881057804001
0,original,active,identity,000042,94080,76442.3249036062,71499.0783701397,713.9675719420893,41.665871119812834,1199.8692269428864,309.52682011618185,59632,34448,0,0,0.8125247119856102,0.7599817003628795,0.0075889410282960175,0.0004428770314605956,0.0127537120210766,0.0032900384791260825
0,original,active,identity,000044,94080,73546.86415622552,68849.43641669769,745.5040111460696,49.76644527005538,1138.9789413486064,293.9325237543471,61209,32871,0,0,0.781748130912261,0.7318179891230622,0.007924149778338324,0.0005289800730235478,0.012106493849368691,0.0031242827780011383
0,original,active,identity,000045,116032,92403.54745629133,86542.89336772496,977.7911408102508,53.51208519920023,1467.5598824226063,350.0488004819744,80078,35954,0,0,0.7963626194178445,0.7458536728464988,0.008426909307865509,0.0004611838561707135,0.012647889223857267,0.0030168298441979316
0,original,active,identity,000047,100352,83149.60967244013,78751.91657705035,1755.9023805630413,73.06258088929879,1583.4451964978005,236.06637363304029,80670,19682,0,0,0.8285794968953297,0.7847568217579156,0.01749743284202648,0.0007280630270378147,0.015778910201070237,0.0023523833469491417
0,original,active,identity,000048,84672,62985.49223677002,58637.18362007709,313.0150095479198,29.769162132718183,850.7823813214959,267.90463441202456,50881,33791,0,0,0.7438762783065243,0.6925215374631176,0.003696794802861865,0.00035158213025224613,0.01004797785952258,0.0031640286566045985
0,original,active,identity,000050,100352,83730.5920097832,76810.56926282891,-723.4309142324225,43.06362937055075,1023.2223224142452,532.2099145351093,34915,65437,0,0,0.8343689414240194,0.7654114443441975,-0.007208933695715307,0.000429125770991617,0.010196332135027157,0.005303431067991762
0,original,active,identity,000051,94080,76486.81581723562,69832.86476049153,-993.4443431571838,55.56834044203744,873.7329488550888,531.8051814223548,27603,66477,0,0,0.8129976171049704,0.74227109651883,-0.010559569974034691,0.0005906498771475068,0.009287127432558342,0.005652691129064146
0,original,active,identity,000098,97216,76141.28667596879,71294.90991004834,788.5586122280175,46.01141653285587,1170.2291789650603,296.38856126479334,65955,31261,0,0,0.7832176460250245,0.7333660087850595,0.008111407713010384,0.0004732905749347419,0.012037413378096818,0.0030487631795670807
0,original,active,identity,000114,81536,62838.52571820852,58299.49429125525,111.41575011001532,31.63749699332601,842.3648450721585,286.9146277603548,44138,37398,0,0,0.7706844304136641,0.7150153832816823,0.0013664608284685946,0.00038801875237105094,0.01033120149470367,0.003518870532775152
0,original,active,identity,000128,87808,69199.3302352471,63251.51783394255,-826.6255773124993,40.61163531625182,757.6320972052027,449.30558037089924,27662,60146,0,0,0.78807546277386,0.7203388966146883,-0.009414012132294316,0.00046250495759215355,0.008628280990401816,0.005116909397445554
0,original,active,identity,000149,87808,76169.51923254307,69600.80329547077,-931.6911716964652,44.063338419055455,905.1749420498255,533.5441018705509,23675,64133,0,0,0.8674553484026862,0.7926476322826027,-0.010610549969210837,0.0005018146230304239,0.010308570313067438,0.006076258448780873
0,original,active,identity,000151,84672,65462.90553772115,60650.40846742294,32.17076334005563,38.42717799196889,882.5394395561746,322.21288950760317,43948,40724,0,0,0.7731352222425495,0.7162982859436761,0.00037994571216052095,0.00045383571891497647,0.010423037598688758,0.003805424337533106
0,original,active,identity,000152,94080,74491.05555380543,69613.21043509041,634.9627496637031,36.53224259396626,1129.6115619051636,296.2511707694114,61206,32874,0,0,0.791784178930755,0.7399363354069984,0.006749178886731538,0.00038831040172158016,0.01200692561548856,0.0031489282607292876
0,original,active,identity,000154,106624,82541.06387115142,78224.11526058789,1791.6106384668542,75.80018486704999,1479.8004638733044,231.28317667154516,86319,20305,0,0,0.7741321266427016,0.7336445383833649,0.016803070964012363,0.0007109110975676207,0.013878680821140684,0.0021691474402718448
0,original,active,identity,000155,100352,77541.49021378544,72061.8015788417,258.87063500246745,36.15697875453847,1065.3908972376296,345.1571687542245,55140,45212,0,0,0.7726950156826514,0.7180903377993632,0.002579626066271399,0.00036030152617325486,0.010616538755955333,0.0034394647715464016
0,original,active,identity,000182,90944,73384.99602694836,68351.76167855703,397.7181399391334,37.003462564540584,1081.14774782539,328.1824026088464,52983,37961,0,0,0.8069250970591612,0.7515807714478914,0.004373220222764925,0.0004068818455812432,0.011888060210958283,0.0036086207183414674
0,original,active,identity,000183,72128,57073.42533148278,52676.9443981559,-172.68754090460578,31.979350244402053,743.8071314427655,301.3002794423759,31808,40320,0,0,0.7912797433934503,0.7303258706487896,-0.002394181745017272,0.0004433694299634269,0.010312321587216691,0.004177299792623889
0,original,active,identity,000185,56448,45514.40615476528,42340.07442499325,194.0213497911799,23.75741950588714,651.076812790675,212.34066433706607,31979,24469,0,0,0.8063067983766525,0.7500721801479813,0.003437169603726968,0.00042087265281120926,0.011534098866047957,0.003761703945880564
0,original,active,identity,000186,34496,26797.1662642,24851.32160799345,37.31463631857517,12.12650682187834,360.286820589916,123.12249566876218,18541,15955,0,0,0.7768195229649815,0.7204116885434094,0.0010817090769531298,0.00035153370889025803,0.010444307183149234,0.003569181808579609
0,original,active,identity,000188,62720,49083.63486743765,45627.23479313031,176.0984383548991,27.453036367750723,685.6529465472589,228.00427832493202,36437,26283,0,0,0.7825834640854217,0.7274750445333277,0.002807691938056427,0.0004377078502511276,0.010931966622245838,0.0036352722947214926
0,original,active,identity,000189,18816,14984.437465871219,14101.155125285499,225.6605271310176,9.431038030456405,249.07313240522822,49.87396292139979,14011,4805,0,0,0.7963667870892441,0.7494236354849861,0.011993012708918878,0.0005012243851220453,0.013237305081060174,0.0026506145260097678
0,original,active,identity,000191,53312,39449.20834399329,36268.8379779112,-260.8801730213492,19.82018696882638,453.5884319920392,216.2486058897326,20543,32769,0,0,0.7399686439074372,0.6803128372207233,-0.0048934606284016585,0.0003717772165521155,0.008508186374400496,0.004056283873982079
0,original,active,identity,000193,31360,24891.328169767046,22599.72626932524,-449.4866455495859,17.511122246865988,252.8007666947494,181.6231773895398,6850,24510,0,0,0.7937285768420614,0.7206545366494018,-0.014333120074923019,0.0005583903777699613,0.008061248937970325,0.005791555401452162
0,original,active,identity,000195,84672,66202.7968621903,60404.625411084155,-898.7469935355928,35.88257875133259,712.2660045117859,428.3176182459234,20970,63702,0,0,0.7818735457080298,0.7133955193108011,-0.010614453343910535,0.0004237832902415508,0.008412060710881825,0.005058550857968672
0,original,active,identity,000197,106624,86764.31389994448,83145.34512614366,2802.1376101274473,116.04442647863983,1853.728568121317,173.9904932366032,96146,10478,0,0,0.8137409391876546,0.7797995303697447,0.026280552315871168,0.0010883518389728376,0.017385659589973335,0.0016318135995329684
0,original,active,identity,000200,141120,110227.7948926395,102883.33620531671,813.0932560680251,67.66262953637103,1631.4712300285184,464.00522132080783,86773,54347,0,0,0.7810926508832164,0.7290485842213486,0.005761715249915144,0.0004794687467146473,0.011560878897594377,0.003288018858565815
0,original,active,identity,000201,141120,111219.12505614664,102412.69374149316,-575.5146876115375,53.677438448088566,1351.7976242015118,628.8583564623709,62197,78923,0,0,0.788117382767479,0.725713532748676,-0.00407819364804094,0.0003803673359416707,0.009579064797346314,0.0044561958366097715
0,original,active,identity,000209,103488,78701.32187121635,71812.46725937072,-1064.4604850895114,52.85144699880555,822.0617208009945,512.1726412970943,29916,73572,0,0,0.7604874175867381,0.693920717951557,-0.010285834928586033,0.0005107012117231519,0.007943546312625565,0.004949101744135497
0,original,active,identity,000212,97216,79232.02823098854,74082.2876169472,713.9291300919233,46.75428903142453,1255.6756479132252,324.5740689300902,62396,34820,0,0,0.8150101653121764,0.7620380144929559,0.0073437410518013835,0.0004809320382593866,0.01291634759621076,0.00333868981371472
0,original,active,identity,000215,40768,32718.486582584213,30061.73941716354,-235.37282815368766,16.578256924166713,396.46459693604913,194.05544899858327,13646,27122,0,0,0.8025531441960413,0.7373856803660601,-0.0057734700783381,0.0004066487667819543,0.009724896902866197,0.004759994333756458
0,original,active,identity,000216,56448,43615.87640470272,40386.97459425341,-1.0519049475303035,19.073724231199275,566.5864681548264,212.21076008664298,28080,28368,0,0,0.7726735474189116,0.7154721973188316,-1.8634937420817452e-05,0.0003378990262046357,0.01003731696702853,0.0037594026375893383
0,original,active,identity,000217,62720,48010.66764604536,45247.91566735983,790.340193220388,27.050847264098223,777.811363398265,147.02422351272315,49888,12832,0,0,0.7654762060912844,0.7214272268392831,0.012601087264355675,0.00043129539643013747,0.012401329135814175,0.0023441362167207136
0,original,active,identity,000219,31360,24634.406194357434,22513.876226380293,-297.4285594731571,18.981462820128776,275.8591898572257,164.13507592118953,10091,21269,0,0,0.7855359118098671,0.7179169715044736,-0.009484329064832816,0.0006052762378867594,0.008796530288814596,0.005233899104629768
0,original,active,identity,000220,72128,53740.65216714749,50177.568649973604,414.0636438683224,26.824538453354258,759.5077863176383,209.3054260898904,45493,26635,0,0,0.7450733718825906,0.6956739220548692,0.005740678292318134,0.00037190187518514663,0.01052999925573478,0.0029018609429055345
0,original,active,identity,000222,56448,46664.1430848093,44501.67488701909,1290.972665096659,65.10733711957357,967.678617680559,123.74485558213934,46580,9868,0,0,0.826674870408328,0.7883658391266137,0.02287012232668401,0.0011534037896749852,0.01714283265448836,0.0021921920277448155
0,original,active,identity,000224,81536,70534.44692252582,64041.08617830998,-1273.3668658182137,49.86271096766346,763.8829579398594,561.9546532148881,15552,65984,0,0,0.8650712191243846,0.7854332586625538,-0.01561723491240941,0.0006115422754079604,0.009368658726695685,0.0068921047539110105
0,original,active,identity,000225,31360,25042.81793408119,23152.978922193637,-36.51255910746733,11.951790312149978,336.6285329155887,126.7508111574899,15869,15491,0,0,0.7985592453469768,0.7382965217536236,-0.0011643035429677083,0.00038111576250478247,0.01073432821797158,0.004041798825175061
0,original,active,identity,000230,34496,27869.643955419684,25415.59413681354,-391.52041364455357,16.343195023661238,302.55254771832506,191.1397120266725,7834,26662,0,0,0.8079094374831773,0.7367693105523405,-0.01134973369795204,0.00047377072772672885,0.00877065595194588,0.005540923933982853
0,original,active,identity,000232,84672,67959.71226006193,63650.76570846923,720.5007249251072,30.123027292670468,1076.8957996000229,249.95706316160704,60068,24604,0,0,0.8026232079088947,0.751733344062609,0.008509315061946182,0.0003557613767558398,0.012718440565948872,0.0029520628207861752
0,original,active,identity,000233,81536,63583.33286771516,59416.49792098533,538.7326563188195,29.87923832767854,948.985808383882,249.87053455950348,53660,27876,0,0,0.7798191334835552,0.7287148979712683,0.006607298080833246,0.00036645455170327876,0.011638856558868255,0.003064542466634413
0,original,active,identity,000237,53312,43881.58618068212,39970.38870609994,-663.6833700321429,26.41962091179315,478.16829324267667,312.77404083812735,11976,41336,0,0,0.8231089844815823,0.7497446861138194,-0.01244904280522477,0.0004955661185435389,0.008969243195578418,0.005866860009718775
0,original,active,identity,000239,122304,99295.72530198566,92209.93281994504,262.71737154534765,53.55303804946481,1425.1621624937966,478.49940477718474,68145,54159,0,0,0.8118763515664709,0.7539404501892418,0.0021480685140743364,0.00043786824674143783,0.011652621030332586,0.003912377393847991
0,original,active,identity,000242,84672,67744.33801472036,61653.554327117745,-1077.275463438648,45.353444788567856,702.085943656317,483.19292246596746,20343,64329,0,0,0.8000795778382507,0.7281457190938887,-0.012722924502062643,0.000535636866833993,0.008291831345147356,0.005706643547642284
0,original,active,identity,000247,53312,41264.987343082204,38621.82906620414,410.7110128271574,21.535832002438077,622.5077357414344,155.6509248489801,36822,16490,0,0,0.7740281239323643,0.7244490746211761,0.007703913055731494,0.0004039584334190816,0.011676690721440472,0.0029196226899943748
0,original,active,identity,000250,59584,45348.70609868807,42118.34380533546,125.72793711896949,18.810803708622817,602.4817770197171,207.3088081317011,33640,25944,0,0,0.7610886496154684,0.7068733855621553,0.0021100956149128877,0.00031570226417532924,0.01011146913634058,0.0034792697390524487
0,original,active,identity,000256,65856,52879.1585627218,49992.37436168385,1026.6070005037827,38.939243030980265,934.9019375266805,165.22780423805196,53166,12690,0,0,0.8029512658333606,0.7591164717213899,0.015588663151478723,0.0005912785931574991,0.014196154299178214,0.0025089255988528297
0,original,active,identity,000257,90944,72519.66405260647,66988.3307237248,-164.42086363111525,31.905158419106353,941.886127729562,377.0450451455312,43683,47261,0,0,0.7974100991006166,0.736588787866432,-0.0018079352528051905,0.00035082202695182037,0.010356770405189588,0.004145903469668491
0,original,active,identity,000259,47040,36797.209642921924,33459.096094001085,-614.887983841323,23.784759440906207,374.79276763355136,256.0425041231691,10120,36920,0,0,0.7822536063546327,0.7112903081207713,-0.013071598295946493,0.0005056283894750469,0.007967533325543183,0.005443080444795262
0,original,active,identity,000261,112896,91284.34439748398,83801.93793461192,-726.7893177940897,40.220102907372656,1094.194971671756,542.7451562666639,39992,72904,0,0,0.8085702274437002,0.7422932427598137,-0.006437688826832569,0.00035625799769143865,0.00969206146959818,0.004807479062736182
0,original,active,identity,000263,68992,55224.91999192571,51743.63210475538,605.7044530331352,33.47057632840991,874.5161125376251,214.65374854582853,45826,23166,0,0,0.8004539655601477,0.7499946675666074,0.008779343301152818,0.0004851370641293181,0.012675616195176615,0.0031112846206201956
0,original,active,identity,000264,94080,74176.417899572,68798.99544568307,112.10024390051342,28.87789310891531,999.3834388840088,346.9328625750683,52066,42014,0,0,0.7884398161093963,0.7312818393461211,0.0011915417081262056,0.0003069503944400012,0.01062269811738955,0.00368763671954792
0,original,active,identity,000266,56448,44183.95034071733,41372.81229442032,458.7529128722189,25.653989075187145,677.9764417648291,168.4099671291582,37809,18639,0,0,0.7827372155030706,0.7329367257373215,0.008127000298898436,0.00045447117834444345,0.01201063707774995,0.002983453215865189
0,original,active,identity,000267,97216,77343.10097132111,72616.48109415802,997.2573377534521,48.77654821439343,1269.1717800528365,271.39950959524776,67417,29799,0,0,0.7955799556793235,0.7469601824201574,0.010258160567740414,0.0005017337497366012,0.013055173840240665,0.0027917164828345927
0,original,active,identity,000281,56448,43316.7641547863,40202.75774892047,91.70730687282804,24.996405081263337,583.0134865652741,203.50224371537334,30190,26258,0,0,0.7673746484337143,0.7122087186245831,0.0016246334125713585,0.0004428218020348522,0.010328328489322457,0.0036051276168398054
0,original,active,identity,000296,50176,39973.28384102287,37030.563793740934,15.55503749727638,16.133701328758683,541.6285020263974,191.13148746270485,25752,24424,0,0,0.7966614285918142,0.738013468465819,0.0003100095164476319,0.0003215421980380796,0.010794573143064362,0.003809221290312198
0,original,active,identity,000300,59584,48444.24410639814,44868.35244382592,9.287901630748854,19.04372871453608,660.4268457111103,241.89765221717323,31705,27879,0,0,0.8130411537727937,0.753026860295145,0.00015587912242798156,0.0003196114513046469,0.011083962904657465,0.0040597753124525585
0,original,active,identity,000301,78400,66859.98754405958,60513.84279741626,-1398.0840342217753,54.93257060141994,681.2738910212582,554.6613485013554,11763,66637,0,0,0.8528059635721885,0.7718602397629625,-0.017832704518134887,0.0007006705433854584,0.00868971799772013,0.007074762098231574
0,original,active,identity,000303,62720,52496.09255283419,48355.1907162494,-255.85993547538976,25.869418725531634,688.7121500440666,304.8786528519737,24499,38221,0,0,0.8369912715694227,0.7709692397361193,-0.004079399481431597,0.0004124588444759508,0.010980742188202592,0.004860947908991928
0,original,active,identity,000304,59584,48394.37892750511,44339.21090950095,-473.67879150033906,31.081862781540508,574.495332345634,308.5800495656581,18830,40754,0,0,0.8122042650292882,0.7441462625788962,-0.00794976489494393,0.0005216478044700005,0.009641771823738486,0.005178907921013327
0,original,active,identity,000306,34496,26752.67318220425,24750.398473124602,-22.408185205617006,11.56737524958136,346.5446746045978,133.92322047947863,17503,16993,0,0,0.7755297188718764,0.7174860410808385,-0.0006495879291980811,0.00033532511739278064,0.010045937923370761,0.0038822825973874836
0,original,active,identity,000307,87808,75264.22970072244,69492.77510647487,-201.42696318643175,27.465183000722025,1042.2585542374186,407.66159053333,39748,48060,0,0,0.8571454730858514,0.7914173549844533,-0.0022939477403702596,0.00031278679619991374,0.011869744832332118,0.004642647486941167
0,original,active,identity,000309,78400,62754.41766760638,58781.792446871754,671.5974301797621,35.93692305746698,989.9940753802081,237.2339350037808,53991,24409,0,0,0.8004390008623262,0.7497677608019356,0.008566293752292883,0.00045837912063095637,0.012627475451278165,0.0030259430485176124
0,original,active,identity,000310,62720,48582.697384295636,45820.860477239825,833.5890728291694,39.52808090412102,823.9952927329572,154.21947494823183,45481,17239,0,0,0.774596578193489,0.7305621887315024,0.01329064210505691,0.0006302308817621336,0.013137680049951486,0.002458856424557268
0,original,active,identity,000312,78400,63026.63417658792,57729.390287905,-632.8754994451947,37.09509085770119,736.0945781386721,397.05220185814966,26999,51401,0,0,0.8039111502115805,0.7363442638763393,-0.008072391574556055,0.0004731516691033315,0.009388961455850409,0.005064441350231501
0,original,active,identity,000313,65856,51197.24381320365,46738.99456453603,-669.3303451239782,38.25862268876007,548.6823542536505,343.3546494919108,18879,46977,0,0,0.777411986959482,0.7097150535188294,-0.010163543870322799,0.0005809436146859826,0.008331546924405528,0.005213718560069102
0,original,active,identity,000315,68992,52255.64981617237,48455.65911487397,67.25692101189235,21.645254412784233,682.1657721509386,241.0561175919352,36439,32553,0,0,0.7574160745618677,0.7023373596195787,0.0009748510118838756,0.0003137357144710145,0.009887606855156229,0.0034939720198274467
0,original,active,identity,000316,68992,52394.46102313284,48650.65209346451,133.71159733181779,29.621948223952963,709.7713691841618,238.3055096618688,37106,31886,0,0,0.7594280644586741,0.7051636725049935,0.0019380739409180453,0.00042935337755033864,0.010287734363174888,0.003454103514347588
0,original,active,identity,000318,81536,66239.25245817506,62572.89470466855,1235.7646480641217,46.56325796450546,1178.892951447121,200.21840582010097,66097,15439,0,0,0.8123927155879006,0.7674265932185605,0.015156061715857067,0.000571076064125116,0.014458557587410726,0.0024555828814278474
0,original,active,identity,000319,65856,52187.098759081564,48158.91743297549,-166.0069143189248,28.177938988461946,669.0298976174543,279.8020682406957,28853,37003,0,0,0.79244258319791,0.7312760786105365,-0.002520756109070165,0.00042787200844967725,0.010158981681508963,0.004248695156716103
0,original,active,identity,000321,65856,54917.51309714874,49730.09275439184,-1123.1780513441438,39.45527064849825,549.7687059715598,434.25613739408743,10254,55602,0,0,0.833902956407142,0.7551338185494387,-0.017055060303452135,0.0005991142894876435,0.008348042789898563,0.0065940254098956425
0,original,active,identity,000322,47040,37357.11379834125,34741.55430911202,149.10251423320324,17.087154562814334,523.3781492472855,169.70538916284283,28508,18532,0,0,0.7941563307470504,0.7385534504488099,0.00316969630597796,0.00036324733339316185,0.011126236165971205,0.003607682592747509
0,original,active,identity,000324,59584,48007.56841911527,43984.29522886615,-470.41038068045765,29.126394625736403,565.6445231937555,305.06074042899434,20718,38866,0,0,0.8057124130490613,0.7381897024178663,-0.007894911061366435,0.0004888291257004633,0.009493228437059537,0.005119843253708955
0,original,active,identity,000325,65856,50299.40244451817,46961.776342069614,384.84687782218805,29.090610530242138,731.7726576173179,204.72189623316638,42094,23762,0,0,0.7637785842522803,0.7130979157870143,0.005843763329418551,0.0004417306020748624,0.01111170823641457,0.003108629376718391
0,original,active,identity,000327,62720,49583.06202338572,45634.63565680629,-278.9670948767437,32.342792952566356,620.2389455258427,291.36829861734753,25949,36771,0,0,0.7905462695055121,0.7275930429975492,-0.004447817201478695,0.0005156695304937238,0.009889013799838054,0.004645540475404138
0,original,active,identity,000328,65856,54670.737591338926,50663.460155796725,38.701912218632536,28.4754539542788,776.3030362812725,281.4279254532671,34974,30882,0,0,0.8301557578859774,0.7693066714619279,0.0005876748089563978,0.0004323896676730868,0.011787886240908535,0.0042733832217758
0,original,active,cross_camera,000011,0,0.0,0.0,0.0,0.0,0.0,0.0,0,0,0,0,,,,,,
0,original,active,cross_camera,000013,0,0.0,0.0,0.0,0.0,0.0,0.0,0,0,0,0,,,,,,
0,original,active,cross_camera,000017,0,0.0,0.0,0.0,0.0,0.0,0.0,0,0,0,0,,,,,,
0,original,active,cross_camera,000018,0,0.0,0.0,0.0,0.0,0.0,0.0,0,0,0,0,,,,,,
0,original,active,cross_camera,000020,0,0.0,0.0,0.0,0.0,0.0,0.0,0,0,0,0,,,,,,
0,original,active,cross_camera,000021,0,0.0,0.0,0.0,0.0,0.0,0.0,0,0,0,0,,,,,,
0,original,active,cross_camera,000023,0,0.0,0.0,0.0,0.0,0.0,0.0,0,0,0,0,,,,,,
0,original,active,cross_camera,000024,0,0.0,0.0,0.0,0.0,0.0,0.0,0,0,0,0,,,,,,
0,original,active,cross_camera,000026,0,0.0,0.0,0.0,0.0,0.0,0.0,0,0,0,0,,,,,,
0,original,active,cross_camera,000027,0,0.0,0.0,0.0,0.0,0.0,0.0,0,0,0,0,,,,,,
0,original,active,cross_camera,000029,0,0.0,0.0,0.0,0.0,0.0,0.0,0,0,0,0,,,,,,
0,original,active,cross_camera,000030,0,0.0,0.0,0.0,0.0,0.0,0.0,0,0,0,0,,,,,,
0,original,active,cross_camera,000032,0,0.0,0.0,0.0,0.0,0.0,0.0,0,0,0,0,,,,,,
0,original,active,cross_camera,000033,0,0.0,0.0,0.0,0.0,0.0,0.0,0,0,0,0,,,,,,
0,original,active,cross_camera,000035,0,0.0,0.0,0.0,0.0,0.0,0.0,0,0,0,0,,,,,,
0,original,active,cross_camera,000036,0,0.0,0.0,0.0,0.0,0.0,0.0,0,0,0,0,,,,,,
0,original,active,cross_camera,000038,0,0.0,0.0,0.0,0.0,0.0,0.0,0,0,0,0,,,,,,
0,original,active,cross_camera,000039,0,0.0,0.0,0.0,0.0,0.0,0.0,0,0,0,0,,,,,,
0,original,active,cross_camera,000041,0,0.0,0.0,0.0,0.0,0.0,0.0,0,0,0,0,,,,,,
0,original,active,cross_camera,000042,0,0.0,0.0,0.0,0.0,0.0,0.0,0,0,0,0,,,,,,
0,original,active,cross_camera,000044,0,0.0,0.0,0.0,0.0,0.0,0.0,0,0,0,0,,,,,,
0,original,active,cross_camera,000045,0,0.0,0.0,0.0,0.0,0.0,0.0,0,0,0,0,,,,,,
0,original,active,cross_camera,000047,0,0.0,0.0,0.0,0.0,0.0,0.0,0,0,0,0,,,,,,
0,original,active,cross_camera,000048,0,0.0,0.0,0.0,0.0,0.0,0.0,0,0,0,0,,,,,,
0,original,active,cross_camera,000050,0,0.0,0.0,0.0,0.0,0.0,0.0,0,0,0,0,,,,,,
0,original,active,cross_camera,000051,0,0.0,0.0,0.0,0.0,0.0,0.0,0,0,0,0,,,,,,
0,original,active,cross_camera,000098,0,0.0,0.0,0.0,0.0,0.0,0.0,0,0,0,0,,,,,,
0,original,active,cross_camera,000114,0,0.0,0.0,0.0,0.0,0.0,0.0,0,0,0,0,,,,,,
0,original,active,cross_camera,000128,0,0.0,0.0,0.0,0.0,0.0,0.0,0,0,0,0,,,,,,
0,original,active,cross_camera,000149,0,0.0,0.0,0.0,0.0,0.0,0.0,0,0,0,0,,,,,,
0,original,active,cross_camera,000151,0,0.0,0.0,0.0,0.0,0.0,0.0,0,0,0,0,,,,,,
0,original,active,cross_camera,000152,0,0.0,0.0,0.0,0.0,0.0,0.0,0,0,0,0,,,,,,
0,original,active,cross_camera,000154,0,0.0,0.0,0.0,0.0,0.0,0.0,0,0,0,0,,,,,,
0,original,active,cross_camera,000155,0,0.0,0.0,0.0,0.0,0.0,0.0,0,0,0,0,,,,,,
0,original,active,cross_camera,000182,0,0.0,0.0,0.0,0.0,0.0,0.0,0,0,0,0,,,,,,
0,original,active,cross_camera,000183,0,0.0,0.0,0.0,0.0,0.0,0.0,0,0,0,0,,,,,,
0,original,active,cross_camera,000185,0,0.0,0.0,0.0,0.0,0.0,0.0,0,0,0,0,,,,,,
0,original,active,cross_camera,000186,0,0.0,0.0,0.0,0.0,0.0,0.0,0,0,0,0,,,,,,
0,original,active,cross_camera,000188,0,0.0,0.0,0.0,0.0,0.0,0.0,0,0,0,0,,,,,,
0,original,active,cross_camera,000189,0,0.0,0.0,0.0,0.0,0.0,0.0,0,0,0,0,,,,,,
0,original,active,cross_camera,000191,27888,19934.301646414096,18348.21204155474,-110.82557282252574,9.833012215261366,226.042094718299,103.31282357906962,11233,16655,0,0,0.7147985386694671,0.6579249871469715,-0.003973951980153677,0.0003525893651484999,0.008105353367695748,0.003704561947040649
0,original,active,cross_camera,000193,0,0.0,0.0,0.0,0.0,0.0,0.0,0,0,0,0,,,,,,
0,original,active,cross_camera,000195,45248,34380.7098513894,31380.389573661378,-455.9309362146202,18.48959599457706,362.4776601507125,215.1259724014444,11708,33540,0,0,0.7598282764186131,0.6935199251604796,-0.010076267154672476,0.000408627917136162,0.008010910098804643,0.004754375274077184
0,original,active,cross_camera,000197,0,0.0,0.0,0.0,0.0,0.0,0.0,0,0,0,0,,,,,,
0,original,active,cross_camera,000200,70672,53465.29332847553,49899.95408068551,391.42962271552324,33.79625138466348,767.3912623239061,220.90928420188587,43313,27359,0,0,0.7565272431581889,0.7060781367540965,0.005538680421036949,0.0004782127488207986,0.010858490807164167,0.0031258388640746813
0,original,active,cross_camera,000201,71792,55230.67108142888,50859.732004602905,-283.52111973160976,26.99707329783763,656.7538587673092,305.3674818666922,31911,39881,0,0,0.769315119810409,0.7084317473340053,-0.00394920213577571,0.0003760457056195346,0.009148008953188506,0.004253502923260143
0,original,active,cross_camera,000209,51632,38280.08101024316,34944.76419523824,-502.3494174223386,25.458304614276134,392.93721044479537,242.0219055775836,15442,36190,0,0,0.7414022507406871,0.6768043886589371,-0.009729420077129272,0.0004930722151819828,0.007610342625596439,0.004687440067740618
0,original,active,cross_camera,000212,50624,39238.36366446572,36587.22613003221,252.74882270808766,23.38341634674791,571.9711244948511,166.58968764432993,30286,20338,0,0,0.7750940989346106,0.7227249156532912,0.004992667958045347,0.00046190376791142363,0.011298418230381857,0.003290725498663281
0,original,active,cross_camera,000215,0,0.0,0.0,0.0,0.0,0.0,0.0,0,0,0,0,,,,,,
0,original,active,cross_camera,000216,0,0.0,0.0,0.0,0.0,0.0,0.0,0,0,0,0,,,,,,
0,original,active,cross_camera,000217,29904,21790.659991390683,20498.425793025875,320.41205781469955,11.75410588716343,328.6263598643013,68.0911202572705,22716,7188,0,0,0.7286871318683348,0.6854743777764137,0.010714688931738214,0.00039306132581472144,0.010989378005093009,0.002276990377784594
0,original,active,cross_camera,000219,0,0.0,0.0,0.0,0.0,0.0,0.0,0,0,0,0,,,,,,
0,original,active,cross_camera,000220,37632,27095.14637391246,25247.08074158465,157.14606744581772,13.101512416646996,359.968482407539,107.98084672669593,22682,14950,0,0,0.7200028266877248,0.6708939397742519,0.004175862761634187,0.00034814818284032193,0.009565489009554076,0.002869388996776571
0,original,active,cross_camera,000222,0,0.0,0.0,0.0,0.0,0.0,0.0,0,0,0,0,,,,,,
0,original,active,cross_camera,000224,0,0.0,0.0,0.0,0.0,0.0,0.0,0,0,0,0,,,,,,
0,original,active,cross_camera,000225,0,0.0,0.0,0.0,0.0,0.0,0.0,0,0,0,0,,,,,,
0,original,active,cross_camera,000230,0,0.0,0.0,0.0,0.0,0.0,0.0,0,0,0,0,,,,,,
0,original,active,cross_camera,000232,44240,34666.10455802793,32444.83358829844,344.23937983855126,14.970259143754465,531.4544343898351,127.36139931293772,30910,13330,0,0,0.7835918751814632,0.7333823143828762,0.007781179471938319,0.0003383874128335096,0.01201298450248271,0.00287887430635031
0,original,active,cross_camera,000233,40320,30026.30493784335,28035.372738886625,231.20371909478843,14.275077138335968,423.96081480660183,116.34568187029858,25787,14533,0,0,0.7447000232600037,0.6953217445160373,0.005734219223581062,0.00035404457188333255,0.010514901160878021,0.002885557586068913
0,original,active,cross_camera,000237,0,0.0,0.0,0.0,0.0,0.0,0.0,0,0,0,0,,,,,,
0,original,active,cross_camera,000239,38416,27569.955488393403,25584.24946534657,54.64454545174732,17.23028494772248,349.9390732086933,123.59205936218196,20798,17618,0,0,0.7176685622759632,0.6659790052412164,0.0014224423534919648,0.00044851845449090175,0.009109201197644036,0.0032172027114270607
0,original,active,cross_camera,000242,0,0.0,0.0,0.0,0.0,0.0,0.0,0,0,0,0,,,,,,
0,original,active,cross_camera,000247,0,0.0,0.0,0.0,0.0,0.0,0.0,0,0,0,0,,,,,,
0,original,active,cross_camera,000250,31584,23440.80492711696,21769.717703619972,63.68016411240518,9.912667607420671,303.87079612448326,105.43921866186746,17782,13802,0,0,0.7421734082800455,0.6892641116900954,0.0020162159356764556,0.000313850924753694,0.009621035844873458,0.0033383744510469687
0,original,active,cross_camera,000256,0,0.0,0.0,0.0,0.0,0.0,0.0,0,0,0,0,,,,,,
0,original,active,cross_camera,000257,43792,33416.8183818729,30851.50302994717,-92.26005767355325,15.873581426243646,414.13514831974567,169.8938156793048,20806,22986,0,0,0.7630804343686723,0.704500891257471,-0.002106778810594475,0.0003624767406431231,0.009456867654360287,0.00387956283520517
0,original,active,cross_camera,000259,0,0.0,0.0,0.0,0.0,0.0,0.0,0,0,0,0,,,,,,
0,original,active,cross_camera,000261,53312,40932.78779610689,37540.99064038787,-362.5127274152372,19.16113638582899,460.6390388247072,237.51860277054064,18450,34862,0,0,0.7677968899329773,0.7041752446051146,-0.006799833572464683,0.000359415073263599,0.00864043815322455,0.004455255904309361
0,original,active,cross_camera,000263,0,0.0,0.0,0.0,0.0,0.0,0.0,0,0,0,0,,,,,,
0,original,active,cross_camera,000264,0,0.0,0.0,0.0,0.0,0.0,0.0,0,0,0,0,,,,,,
0,original,active,cross_camera,000266,0,0.0,0.0,0.0,0.0,0.0,0.0,0,0,0,0,,,,,,
0,original,active,cross_camera,000267,0,0.0,0.0,0.0,0.0,0.0,0.0,0,0,0,0,,,,,,
0,original,active,cross_camera,000281,0,0.0,0.0,0.0,0.0,0.0,0.0,0,0,0,0,,,,,,
0,original,active,cross_camera,000296,0,0.0,0.0,0.0,0.0,0.0,0.0,0,0,0,0,,,,,,
0,original,active,cross_camera,000300,0,0.0,0.0,0.0,0.0,0.0,0.0,0,0,0,0,,,,,,
0,original,active,cross_camera,000301,0,0.0,0.0,0.0,0.0,0.0,0.0,0,0,0,0,,,,,,
0,original,active,cross_camera,000303,0,0.0,0.0,0.0,0.0,0.0,0.0,0,0,0,0,,,,,,
0,original,active,cross_camera,000304,0,0.0,0.0,0.0,0.0,0.0,0.0,0,0,0,0,,,,,,
0,original,active,cross_camera,000306,0,0.0,0.0,0.0,0.0,0.0,0.0,0,0,0,0,,,,,,
0,original,active,cross_camera,000307,0,0.0,0.0,0.0,0.0,0.0,0.0,0,0,0,0,,,,,,
0,original,active,cross_camera,000309,0,0.0,0.0,0.0,0.0,0.0,0.0,0,0,0,0,,,,,,
0,original,active,cross_camera,000310,0,0.0,0.0,0.0,0.0,0.0,0.0,0,0,0,0,,,,,,
0,original,active,cross_camera,000312,0,0.0,0.0,0.0,0.0,0.0,0.0,0,0,0,0,,,,,,
0,original,active,cross_camera,000313,0,0.0,0.0,0.0,0.0,0.0,0.0,0,0,0,0,,,,,,
0,original,active,cross_camera,000315,0,0.0,0.0,0.0,0.0,0.0,0.0,0,0,0,0,,,,,,
0,original,active,cross_camera,000316,0,0.0,0.0,0.0,0.0,0.0,0.0,0,0,0,0,,,,,,
0,original,active,cross_camera,000318,0,0.0,0.0,0.0,0.0,0.0,0.0,0,0,0,0,,,,,,
0,original,active,cross_camera,000319,0,0.0,0.0,0.0,0.0,0.0,0.0,0,0,0,0,,,,,,
0,original,active,cross_camera,000321,0,0.0,0.0,0.0,0.0,0.0,0.0,0,0,0,0,,,,,,
0,original,active,cross_camera,000322,0,0.0,0.0,0.0,0.0,0.0,0.0,0,0,0,0,,,,,,
0,original,active,cross_camera,000324,0,0.0,0.0,0.0,0.0,0.0,0.0,0,0,0,0,,,,,,
0,original,active,cross_camera,000325,0,0.0,0.0,0.0,0.0,0.0,0.0,0,0,0,0,,,,,,
0,original,active,cross_camera,000327,0,0.0,0.0,0.0,0.0,0.0,0.0,0,0,0,0,,,,,,
0,original,active,cross_camera,000328,0,0.0,0.0,0.0,0.0,0.0,0.0,0,0,0,0,,,,,,
0,original,inactive,identity,000011,78400,63702.27108245081,59924.141157497186,1055.8639850611028,46.251125610985,1097.3242322598696,218.47548800128908,59046,19354,0,0,0.8125289678884032,0.764338535172158,0.01346765287067733,0.000589937826670727,0.013996482554335072,0.0027866771428735853
0,original,inactive,identity,000013,94080,73444.89771810011,68752.74030967825,881.1476285591133,52.394845797198485,1124.7855410682357,287.9935909891618,63808,30272,0,0,0.7806643039764042,0.7307901818630766,0.009365939929412344,0.0005569180037967526,0.011955628625300125,0.003061156366806567
0,original,inactive,identity,000017,65856,51468.71472362749,47293.74029918271,-269.31377369222287,23.47618332654483,604.5163485446462,297.16589756689876,27610,38246,0,0,0.7815341764399218,0.7181386707237414,-0.004089434124335259,0.00035647751649879784,0.009179366322653155,0.004512358745853055
0,original,inactive,identity,000018,112896,93039.81635347987,86644.44932782813,664.8821302925943,55.0841766178635,1398.5197444984146,444.27470360535693,67794,45102,0,0,0.8241196885051717,0.7674713836436023,0.0058893329284704,0.00048791964832999837,0.012387681977203928,0.003935256374055386
0,original,inactive,identity,000020,65856,54104.57232155616,50476.695960832294,477.80415367784497,32.71312238848768,836.2404106304093,236.8257994952071,41632,24224,0,0,0.8215587390906851,0.7664707234091396,0.007255286590103331,0.0004967371596891351,0.012698014009815496,0.0035961157600705646
0,original,inactive,identity,000021,87808,65788.8978427762,63735.319619007874,2938.757624147343,130.78981495587223,1463.5187436079534,89.03624228734958,83933,3875,0,0,0.7492358081584389,0.7258486654861501,0.03346799407966635,0.0014894977104121746,0.016667259744077456,0.0010139878175946335
0,original,inactive,identity,000023,90944,72215.13897886232,68000.28214016446,1265.1289781791927,49.693799758265165,1198.3497153502253,246.47506759387667,69105,21839,0,0,0.7940616091095875,0.7477159806052567,0.013911076906439047,0.0005464219713039361,0.01317678698265114,0.002710185032480171
0,original,inactive,identity,000024,97216,80569.95981726848,73644.01834528695,-811.957017915451,53.560902845781634,926.8274436639762,566.2744776108572,35029,62187,0,0,0.8287726281401053,0.7575298134595844,-0.008352092432474603,0.0005509474041904792,0.009533692434002388,0.005824910278255197
0,original,inactive,identity,000026,78400,60509.96693189425,56415.933790642535,497.71542082664666,38.34519727252515,891.7692508440704,249.04114188446653,48850,29550,0,0,0.7718108027027327,0.7195909922275834,0.006348410979931718,0.0004890969039862902,0.011374607791378449,0.003176545177097787
0,original,inactive,identity,000027,90944,70587.51641104114,65116.41488108711,-114.62649922252383,48.71369654840877,898.1420001545897,390.0592042618485,44330,46614,0,0,0.7761646333022645,0.7160056175348248,-0.0012604074949696938,0.0005356449743623413,0.009875769706133332,0.0042890042692409446
0,original,inactive,identity,000029,84672,65266.81257383904,61252.88450436818,938.7897716192176,48.6368548246127,1023.0238340758729,239.50559403942006,58512,26160,0,0,0.7708193094982879,0.7234136964329198,0.011087369751738681,0.0005744148576225045,0.012082197586874916,0.002828628047517716
0,original,inactive,identity,000030,94080,74997.72762013227,72706.37621584896,3399.788839546041,176.7387828127026,1808.1962531520337,118.31903579967924,88827,5253,0,0,0.7971697238534468,0.7728143730426122,0.03613721130469856,0.0018786010077880802,0.01921977309897995,0.0012576428124965906
0,original,inactive,identity,000032,100352,81670.1453224278,74268.77430008969,-1203.8999053720067,54.32568237497029,873.5446777256824,591.6004958950429,25499,74853,0,0,0.8138367478717693,0.7400826520656258,-0.011996770421835208,0.0005413512672888461,0.008704805860627416,0.005895253666045947
0,original,inactive,identity,000033,78400,63843.58171489567,59430.78784503613,431.9232800813539,42.63474215295782,961.0499552442213,297.2012713853459,45391,33009,0,0,0.8143313994246897,0.7580457633295425,0.0055092255112417585,0.0005438104866448702,0.012258290245462006,0.003790832543180432
0,original,inactive,identity,000035,100352,80277.3873731104,74716.77240986016,531.167873993297,41.090415315900096,1146.6908531178808,368.12770879905105,65051,35301,0,0,0.79995802149544,0.744546918943919,0.005293047213740603,0.00040946284394830293,0.011426686594366638,0.003668364445143605
0,original,inactive,identity,000036,94080,71811.13923415216,65952.00061091501,-409.8099912985815,34.0984025401216,820.6509511076762,407.94974361878786,39541,54539,0,0,0.7632986738323996,0.7010204146568347,-0.004355973546966215,0.000362440503190068,0.00872290551772615,0.004336200506152082
0,original,inactive,identity,000038,97216,77847.1765369291,73317.56870544702,1377.7604757528295,57.8569311249521,1311.1035210422099,266.0612418374713,74381,22835,0,0,0.800765064772559,0.7541718308246278,0.014172157625831442,0.0005951379518284243,0.013486499352392711,0.002736805071567142
0,original,inactive,identity,000039,100352,83602.15974764014,78233.691895316,975.6125739623383,49.972297072858325,1337.4222055826574,347.73036398277907,68608,31744,0,0,0.8330891237607635,0.7795927524644851,0.009721904635307102,0.0004979701159205429,0.013327309924890958,0.003465106465070742
0,original,inactive,identity,000041,84672,71765.5109276388,64282.76501668873,-2036.8797451380913,90.57027742187037,613.9253513444318,724.3989753605043,10940,73732,0,0,0.8475707545308815,0.7591974326422989,-0.024056119438989172,0.001069660305908333,0.007250630094298372,0.008555354489801874
0,original,inactive,identity,000042,94080,75556.83807606937,70480.06618468044,656.7959848167882,32.32343430139651,1130.9452938671177,313.9511384648494,61256,32824,0,0,0.8031126496180843,0.7491503633575728,0.00698124983861382,0.0003435739190199459,0.01202110218821341,0.0033370656724580083
0,original,inactive,identity,000044,94080,73976.40784615825,69038.36471699586,675.5951122473263,45.78858604435297,1102.235850199034,313.1196516494067,58752,35328,0,0,0.7863138589089951,0.733826155580313,0.007181070495826172,0.00048669840608368375,0.01171594228527885,0.0033282275898108707
0,original,inactive,identity,000045,72128,56945.821473419724,53289.102645093575,664.567517132449,35.49025927331533,881.2697596524656,222.98364735310466,50061,22067,0,0,0.7895106127082371,0.7388129803279389,0.009213724450039498,0.0004920455200936576,0.012218136641144432,0.0030914991037198406
0,original,inactive,identity,000047,87808,71329.69045647321,67485.51063746942,1568.6144724828896,66.37700429100563,1319.1637448264637,205.98695402845416,69875,17933,0,0,0.8123370359929984,0.7685576557656412,0.01786414076716119,0.0007559334490138214,0.015023275155184763,0.0023458791229552453
0,original,inactive,identity,000048,103488,76101.74447362259,70808.63008846331,481.80326025467895,38.33963483140708,1010.7010617790365,327.71330137693246,63653,39835,0,0,0.7353678153372621,0.6842206834460354,0.004655643748595769,0.00037047420794108577,0.009766359981631074,0.0031666792418148237
0,original,inactive,identity,000050,87808,71736.22601882153,65558.54700175277,-734.0351122291602,37.5677182896999,813.9450698325002,478.91310149358446,27544,60264,0,0,0.8169668597260105,0.746612461299116,-0.008359547105379466,0.00042783935734443216,0.0092696003761901,0.005454094176995086
0,original,inactive,identity,000051,94080,78971.20318845485,71759.72832981509,-1218.810722922743,63.98023242218415,865.0070304146988,618.2880483227166,23561,70519,0,0,0.8394047957956511,0.7627522143900413,-0.012955045949433919,0.00068006199428342,0.00919437744913583,0.006571939289144521
0,original,inactive,identity,000098,90944,71405.43195467576,66700.90912929887,714.0190467662649,37.9214375799476,1067.4325510428405,286.8979244973754,61795,29149,0,0,0.7851582507331518,0.7334283639305383,0.007851194655681131,0.0004169756947126539,0.011737250957103717,0.0031546657778124495
0,original,inactive,identity,000114,106624,82787.79682367225,76789.94996619411,284.43631498817024,39.96917196824042,1105.8440204408287,384.77347838073814,60972,45652,0,0,0.7764461736914039,0.7201938584764603,0.002667657516020504,0.0003748609315748839,0.010371436266139225,0.003608694837754522
0,original,inactive,identity,000128,100352,79706.64311686746,72956.56096740277,-701.6097658670509,50.64661938166186,903.1988399076057,520.3125843043704,36523,63829,0,0,0.7942705986613865,0.7270065466298904,-0.006991487622240223,0.000504689686121471,0.009000307317319094,0.005184875082752415
0,original,inactive,identity,000149,100352,86231.13942244218,78596.63567576441,-1090.925382223654,50.73662739795375,971.3568547529648,636.342328194061,28023,72329,0,0,0.8592867050227417,0.7832094594603437,-0.010870987944671296,0.000505586609115451,0.00967949671907849,0.006341102600785844
0,original,inactive,identity,000151,103488,80978.23874083266,74922.13405143662,88.86167154022783,52.03302016889831,1079.2757162984315,420.2943617940552,52838,50650,0,0,0.7824891653218988,0.7239692916225708,0.0008586664303129622,0.0005027927892016302,0.010428993857243656,0.004061285963532537
0,original,inactive,identity,000152,94080,73260.89942180371,68725.95495581214,1024.398013161613,42.51475774330249,1159.719636049509,258.59863728665874,67638,26442,0,0,0.7787085397725735,0.7305054735949419,0.010888584323571569,0.00045190006104700776,0.01232695191379155,0.0027487100051728185
0,original,inactive,identity,000154,81536,64301.87029427744,60925.71510630753,1503.3388100191996,62.04433469813136,1163.340549354302,185.9520637734787,66324,15212,0,0,0.7886316509796586,0.747224724125632,0.018437730695879118,0.000760944057816564,0.014267814822339851,0.00228061302704914
0,original,inactive,identity,000155,87808,68443.07916372782,63778.59488573903,529.2619140722105,35.858884439662425,981.1577618612794,290.22084061207426,54528,33280,0,0,0.7794629095723375,0.7263415051673997,0.006027490821704292,0.00040837833044440625,0.01117389943810677,0.003305175389623659
0,original,inactive,identity,000182,97216,79068.50680449145,73318.15523821447,249.69637349208932,37.35653339820178,1098.3676686354977,399.76480733788424,53388,43828,0,0,0.8133281229889262,0.7541778641192239,0.002568469937994665,0.00038426322208486035,0.011298219106273636,0.004112129766066123
0,original,inactive,identity,000183,116032,93106.81999601336,85836.18441776326,-205.30190656635122,51.94197188022539,1198.726223159343,514.6078054032299,55443,60589,0,0,0.8024236417196409,0.739763034488445,-0.0017693559239378035,0.0004476521294145183,0.01033099682121607,0.004435050722242398
0,original,inactive,identity,000185,68992,56393.23283547128,52667.29122605105,553.4120064010085,33.801587224769996,872.2328966927925,238.9492018644831,45147,23845,0,0,0.8173879991226705,0.7633825838655358,0.008021393877565638,0.000489934879765335,0.01264252227349247,0.0034634334685830688
0,original,inactive,identity,000186,28224,22488.486915747577,20739.154496038333,-42.81227609512282,8.05521132113542,282.23174398540107,119.26588689246954,12781,15443,0,0,0.7967859593164532,0.7348056439922879,-0.0015168748616469253,0.00028540289544839217,0.009999707482475945,0.004225690436949743
0,original,inactive,identity,000188,62720,48436.6583666153,45180.85501188133,419.772218743275,24.24065855244564,697.4856150819206,198.96302512139522,40556,22164,0,0,0.7722681499779226,0.7203580199598426,0.00669279685496293,0.00038649009171628894,0.011120625240464296,0.003172242109716123
0,original,inactive,identity,000189,43904,35322.3850289204,33034.43236362154,392.45717277417816,24.107774699115513,546.9164643476969,145.89230612642646,29348,14556,0,0,0.8045368310158618,0.7524242065329251,0.008938984438187367,0.0005491020111861223,0.012457098768852426,0.0033229843778796115
0,original,inactive,identity,000191,56448,43739.55835319648,40091.2502625708,-329.1680487829053,24.563848359388917,503.1783512472493,266.81783720338404,20982,35466,0,0,0.7748646250211961,0.7102333167263818,-0.005831350070558838,0.0004351588782488116,0.008914015576233867,0.00472678991644317
0,original,inactive,identity,000193,31360,24909.761096353875,22646.548283364158,-372.9562900496919,16.21359701277624,259.83425546390436,179.5500288994749,7929,23431,0,0,0.7943163614908761,0.7221475855664591,-0.011892738840870278,0.0005170152108665893,0.008285531105354092,0.005725447350110807
0,original,inactive,identity,000195,87808,69102.69730685098,62848.45006659324,-1010.4464734914648,41.95972121828259,702.6992448308413,485.8354028184352,21608,66200,0,0,0.7869749602183285,0.7157485658094165,-0.011507453460863074,0.0004778576122708932,0.008002679081983889,0.005532928694634147
0,original,inactive,identity,000197,81536,65407.96404266404,62634.47995910875,2189.94491946191,89.82998524946208,1366.393702144751,130.6315564805548,74781,6755,0,0,0.8021973611982932,0.7681819068768243,0.02685862587644611,0.0011017217578672253,0.016758164518062585,0.00160213349294244
0,original,inactive,identity,000200,94080,73499.31941594614,68243.56969198585,321.68505834199874,42.80635338951308,1008.7680022416222,354.1203414190977,52560,41520,0,0,0.7812427659007881,0.7253780792090332,0.003419271453465123,0.00045499950456540263,0.010722449003418602,0.003764034241274423
0,original,inactive,identity,000201,109760,87579.16784583381,80459.07854732173,-474.21691724391206,45.628384999428285,1042.7845815792996,531.356626507433,47045,62715,0,0,0.7979151589452789,0.7330455407008175,-0.00432048940637675,0.00041571050473240053,0.00950058838902423,0.004841077136547313
0,original,inactive,identity,000209,78400,61166.15958063601,55810.02680244716,-714.5895822000576,37.896753504328785,647.0412630185272,407.7372701227696,25208,53192,0,0,0.7801806068958675,0.7118625867659076,-0.009114663038266042,0.00048337695796337734,0.00825307733441999,0.005200730486259816
0,original,inactive,identity,000212,75264,60386.15080896695,56670.10175973698,866.3038292405363,41.784564212568824,985.1089477574944,225.28533662198313,54416,20848,0,0,0.8023244952296842,0.7529509693842604,0.011510201812826004,0.000555173312773289,0.013088713697883376,0.0029932681842844274
0,original,inactive,identity,000215,84672,68620.18319539947,63012.932056795806,-400.065554257397,34.56824734405974,830.5571695880452,420.1023972554627,34992,49680,0,0,0.8104235543674352,0.7442003502550525,-0.004724886081082259,0.00040826066874598147,0.009809112452617692,0.004961526800541651
0,original,inactive,identity,000216,68992,53233.69419832982,49018.86664920079,-175.2328974839571,25.48697723270631,638.5785925570971,294.16152188760265,31194,37798,0,0,0.7715922744423964,0.7105007341315049,-0.0025399016912679307,0.00036941931285810396,0.009255835351303008,0.004263704804725224
0,original,inactive,identity,000217,59584,46720.48040741056,44029.24722224305,854.1116498709199,33.83586277307527,782.2743279820048,148.86183150767448,47093,12491,0,0,0.7841111776216864,0.738944133026367,0.014334580589938908,0.0005678682661968863,0.01312893273331775,0.002498352435346309
0,original,inactive,identity,000219,31360,25141.875666795357,22838.08683113882,-395.91849140569116,19.254255918597487,258.77284135309884,188.40573909268923,8158,23202,0,0,0.8017179740687295,0.7282553198704981,-0.012624951894314132,0.0006139749974042566,0.008251684992126876,0.006007836068006672
0,original,inactive,identity,000220,97216,71896.03514383087,67197.25575817144,756.9915018439383,38.48563097144687,1017.1464937383456,271.36957393943504,66107,31109,0,0,0.7395494069271609,0.6912160113373461,0.007786696653266317,0.00039587754044032736,0.010462747837170277,0.002791408553524472
0,original,inactive,identity,000222,68992,56177.80558144947,53806.69635774125,1891.8968739429895,96.09430499243443,1203.5937954070914,136.1956309767054,60021,8971,0,0,0.8142655029778738,0.7798976165025112,0.027421974633913923,0.0013928325746816214,0.017445410995580522,0.001974078602978684
0,original,inactive,identity,000224,43904,37442.03820825333,34014.66360107367,-586.1166488413913,21.354646079648383,400.2310299313775,288.4271584858046,9126,34778,0,0,0.8528161035043125,0.7747509019923849,-0.01334996011391653,0.000486394088913274,0.009116049333349524,0.0065694961389806085
0,original,inactive,identity,000225,31360,24785.30403988791,23108.41618241486,203.92434515010612,16.331695534034004,372.31722541956145,107.32233381654655,20126,11234,0,0,0.7903477053535686,0.7368755160208821,0.006502689577490629,0.00052078110759037,0.011872360504450301,0.00342226829772151
0,original,inactive,identity,000230,28224,22804.51534005633,20680.42107535014,-393.5925667056825,15.066194603954264,228.9468361415927,174.218781778934,5225,22999,0,0,0.807983111538277,0.7327246696198321,-0.013945314863438297,0.000533807915389536,0.008111778491411306,0.006172717608380598
0,original,inactive,identity,000232,97216,78034.74058387172,73105.84134278737,992.7022080032998,42.22719374610748,1244.951030030649,289.6716339206953,69702,27514,0,0,0.8026944184483185,0.751993924279824,0.010211304805827229,0.00043436464929751773,0.012806030180532516,0.002979670362087468
0,original,inactive,identity,000233,100352,78243.64136329544,73174.9563774243,868.7687252846039,51.90796875335582,1189.9119643238867,313.75401475644685,67426,32926,0,0,0.7796918981514612,0.7291828401768206,0.008657213860058632,0.0005172589360785616,0.011857381659796383,0.003126534745261149
0,original,inactive,identity,000237,72128,59986.836845037295,54672.93178881146,-761.8537861127643,38.8894075295974,663.3245811987616,436.7210143197163,20766,51362,0,0,0.8316719837654905,0.757998721561827,-0.01056252476309844,0.0005391721318988104,0.009196492086273869,0.006054805544583467
0,original,inactive,identity,000239,62720,50923.71680642519,47375.3259213157,315.9130515422976,28.30060414170453,752.6618614389041,234.3781757263726,37771,24949,0,0,0.8119215052044833,0.7553463954291406,0.005036879010559592,0.000451221367055238,0.012000348556104976,0.0037368969344128283
0,original,inactive,identity,000242,103488,82236.18080335605,75028.02851859666,-967.7280356495703,47.436214344842625,879.8308029322951,559.3100614018433,29814,73674,0,0,0.7946446042377479,0.7249925452090741,-0.009351113517021977,0.0004583740563625022,0.00850176641670817,0.0054045885648755735
0,original,inactive,identity,000247,72128,55357.00071408844,51813.29665810382,657.0159463247417,29.034501530369866,825.3845415490501,207.39235927295005,50830,21298,0,0,0.767482818241022,0.7183520499404368,0.009109027649799546,0.00040254133665663635,0.011443330489533193,0.0028753377228392584
0,original,inactive,identity,000250,59584,45740.01600179565,42404.37107055867,135.29817706247496,18.347661349714276,598.0681099212468,221.0137207936008,34595,24989,0,0,0.7676560150677304,0.7116737894494943,0.002270713229431978,0.0003079293325341413,0.010037394433425866,0.0037092796857142994
0,original,inactive,identity,000256,59584,46831.80103246373,44256.87263000256,978.8639057116111,34.275208622994434,804.8619728600025,140.74975782818723,49861,9723,0,0,0.7859794749003713,0.7427643768461761,0.016428301317662646,0.0005752418203375812,0.01350802183237115,0.0023622072675246247
0,original,inactive,identity,000257,90944,72735.52734199975,67498.72966874496,282.6773821612214,39.532258471602375,1018.6289911626762,349.5135873794959,52866,38078,0,0,0.7997836838274076,0.7422010211640675,0.0031082576328424236,0.00043468792302518445,0.011200617865529075,0.0038431736824803826
0,original,inactive,identity,000259,78400,61403.12162723151,55728.44220335281,-1015.1545598789653,42.627422160430434,605.5969745694626,449.1157633094767,17845,60555,0,0,0.7832030819799937,0.7108219668795002,-0.01294839999845619,0.0005437171193932454,0.007724451206243146,0.005728517389151489
0,original,inactive,identity,000261,68992,55030.637953838916,50650.68871752685,-203.9950008850154,26.584683146260417,677.7125085069852,314.1353596010508,31167,37825,0,0,0.79763795735504,0.7341530716246355,-0.002956792104664532,0.0003853299389242291,0.009823059318572953,0.0045532142799317435
0,original,inactive,identity,000263,56448,43459.82968252775,40695.16471377015,533.2480953418079,23.346585881062918,659.3839443757332,161.21976585373181,39692,16756,0,0,0.7699091142738052,0.7209319145721753,0.009446713707160713,0.00041359456280227677,0.01168126318692838,0.0028560757839734235
0,original,inactive,identity,000264,94080,73811.2542522205,68480.68155252398,270.53299846558406,31.161108744634127,998.8262501096735,344.49494014486095,55942,38138,0,0,0.7845583997897587,0.7278984008559096,0.002875563334030443,0.0003312192681189852,0.010616775617662347,0.003661723428410512
0,original,inactive,identity,000266,68992,53968.77039721527,50368.70190954069,495.3068105381738,26.7800028217923,790.8211165002178,218.43919135048066,46142,22850,0,0,0.782246787993032,0.730065832408695,0.007179191943097371,0.00038816098709694316,0.011462504587491562,0.003166152472032709
0,original,inactive,identity,000267,90944,74171.15253853484,69633.06373142294,1090.3274734628292,48.31047728337481,1232.2264894263253,268.2029756155368,65339,25605,0,0,0.8155694992361765,0.7656696838870397,0.011988998432692967,0.0005312112649913662,0.01354928845692212,0.002949100277264435
0,original,inactive,identity,000281,68992,53621.4162011178,49608.548554909416,56.14896745480607,28.1161619832471,695.6440930721086,271.92903293554673,35156,33836,0,0,0.7772120854753856,0.719047839675751,0.0008138475106505982,0.00040752785805958804,0.010082967490029404,0.003941457457901593
0,original,inactive,identity,000296,75264,59582.483185361605,55027.98174290458,-33.13421382553017,28.83899591377794,777.8120774283502,308.933725163032,37472,37792,0,0,0.7916465134109482,0.7311328356572143,-0.0004402398733196504,0.0003831711829530445,0.010334450433518683,0.004104667904483312
0,original,inactive,identity,000300,65856,52165.090274225804,48149.127334076446,-57.45840936749534,22.297561425130787,659.9860855006327,278.15881517953727,33519,32337,0,0,0.792108392162078,0.7311274194314329,-0.0008724855649826187,0.0003385805609987061,0.010021654602475593,0.004223742941866152
0,original,inactive,identity,000301,109760,95758.4152648712,86606.08209978102,-1885.7853896754577,76.67046446703453,991.042724931737,822.1236313450149,17878,91882,0,0,0.8724345414073542,0.7890495818128738,-0.017180989337422174,0.0006985282841384342,0.009029179345223551,0.0074901934342658065
0,original,inactive,identity,000303,62720,50702.25733057689,46606.192681447836,-248.56598078834654,19.712519292877094,615.537207886476,297.53298274104867,25451,37269,0,0,0.8083905824390448,0.7430834292322678,-0.003963105561038688,0.0003142939938277598,0.009814049870638967,0.004743829444213149
0,original,inactive,identity,000304,65856,52642.04339211027,48321.29016056785,-326.05550971667697,31.87074498828259,630.0725572777071,323.03382991106133,24057,41799,0,0,0.7993507560755325,0.7337416508832582,-0.004951037258817374,0.00048394595766949996,0.009567428287137195,0.004905154122799158
0,original,inactive,identity,000306,28224,21536.283385395887,19813.80328252958,-88.21713295415393,9.707976322157862,254.14000174499665,117.67263109944255,11764,16460,0,0,0.7630485893351717,0.7020196741259064,-0.003125607034940261,0.0003439617461082009,0.009004393485862976,0.004169240047457574
0,original,inactive,identity,000307,37632,33147.76475618477,30713.314231467317,80.94006088038205,16.95651672176922,502.36382312754495,173.68498950180492,19387,18245,0,0,0.8808398372710664,0.816148868820879,0.0021508306994149143,0.00045058771050619735,0.01334937880334675,0.004615353675111738
0,original,inactive,identity,000309,47040,37640.25007533049,35133.94628721289,349.99531305690704,15.867355692004216,563.6226799546845,150.66988019865178,32679,14361,0,0,0.8001753842544748,0.7468951166499339,0.007440376553080507,0.0003373162349490692,0.011981774658900605,0.0032030161606856245
0,original,inactive,identity,000310,62720,49116.59359993687,46308.08419264201,918.6624863956339,38.86385561566041,837.6004568895834,153.99516328070894,48186,14534,0,0,0.7831089540806261,0.738330423989828,0.014647042193807937,0.0006196405550966265,0.013354599121326265,0.0024552800267970175
0,original,inactive,identity,000312,47040,37696.18588748854,34523.992305763066,-311.6498379231732,18.32307679043164,433.17850012216223,238.37600264129523,16080,30960,0,0,0.8013644959074944,0.7339284078606094,-0.00662520913952324,0.00038952119027278146,0.009208726618243245,0.005067517062952704
0,original,inactive,identity,000313,59584,48673.64432024531,44299.459151541814,-680.6261130498616,31.103103701214437,512.0164439892959,356.51982478228496,16824,42760,0,0,0.8168911842146434,0.7434791076722244,-0.011422967794204176,0.0005220042914408975,0.008593186828499192,0.00598348255877895
0,original,inactive,identity,000315,56448,44412.47959178596,41394.692930814344,352.4174499221806,19.30499943481349,642.6339562986824,184.87088451878842,37061,19387,0,0,0.7867857070540313,0.7333243503899933,0.006243222964891238,0.00034199616345687164,0.011384530121504435,0.0032750652727959965
0,original,inactive,identity,000316,56448,44637.52181232802,41538.60745735245,288.3668978334424,25.20729333850685,642.5383505460485,199.31741007526713,33840,22608,0,0,0.7907724243964006,0.735873856599923,0.00510854056536002,0.00044655777597978405,0.011382836425489805,0.003530991533362867
0,original,inactive,identity,000318,106624,87244.75172937312,82234.37283007381,1610.1165928421153,76.16611068386676,1541.975451683451,299.1312803645505,80320,26304,0,0,0.8182468462013536,0.7712557475809744,0.015100883411259335,0.0007143430248711994,0.014461804581364899,0.0028054779445954993
0,original,inactive,identity,000319,59584,46361.36938250903,42786.63599495031,-56.63939425474338,19.42460851174686,581.6557544398083,238.29982031410873,26599,32985,0,0,0.7780842068761585,0.7180893527616526,-0.0009505805963806287,0.0003260037679871586,0.009761945395404946,0.003999392795282437
0,original,inactive,identity,000321,59584,49804.80423858453,45018.175391796045,-1007.2326606277304,33.12760919208081,477.48844579503157,406.77063241140485,8814,50770,0,0,0.8358754739289832,0.755541343175954,-0.01690441495414424,0.0005559816258069416,0.008013702433455819,0.006826843320545866
0,original,inactive,identity,000322,15680,12570.132418003865,11715.825656885398,99.56729272902749,6.723612420917853,181.70770752123389,56.98214181014896,10771,4909,0,0,0.8016666082910628,0.7471827587299361,0.006349954893432875,0.00042880181255853655,0.011588501755180733,0.0036340651664635818
0,original,inactive,identity,000324,65856,52576.49529480055,48061.29321830289,-525.4784175714702,31.135179226944544,593.48004964088,344.4561289045863,23312,42544,0,0,0.7983554314686673,0.7297936895393418,-0.007979203376631896,0.0004727766524985505,0.009011784038521624,0.0052304441342411676
0,original,inactive,identity,000325,59584,46313.31883163744,43281.48243652517,482.6113220646648,26.207376043405624,695.1919120613443,183.64451728680112,40735,18849,0,0,0.7772777730873631,0.7263943749416818,0.00809967981445799,0.0004398391521785316,0.011667426021437706,0.0030821112595126395
0,original,inactive,identity,000327,62720,47548.09859986394,43916.69900795235,-23.25163801795751,24.596646061462593,598.4589692710554,243.74480546169804,28907,33813,0,0,0.7581010618600755,0.7002024714278118,-0.0003707212694189654,0.00039216591296974796,0.009541756525367592,0.0038862373319786037
0,original,inactive,identity,000328,59584,49603.5455795622,45941.835247104755,102.41350759194228,25.283527800541833,703.5269241540898,256.0933589153815,30774,28810,0,0,0.832497744017894,0.7710431533147281,0.0017188088680172911,0.0004243341803259572,0.011807312771114558,0.00429802226965933
0,original,inactive,cross_camera,000011,0,0.0,0.0,0.0,0.0,0.0,0.0,0,0,0,0,,,,,,
0,original,inactive,cross_camera,000013,0,0.0,0.0,0.0,0.0,0.0,0.0,0,0,0,0,,,,,,
0,original,inactive,cross_camera,000017,0,0.0,0.0,0.0,0.0,0.0,0.0,0,0,0,0,,,,,,
0,original,inactive,cross_camera,000018,0,0.0,0.0,0.0,0.0,0.0,0.0,0,0,0,0,,,,,,
0,original,inactive,cross_camera,000020,0,0.0,0.0,0.0,0.0,0.0,0.0,0,0,0,0,,,,,,
0,original,inactive,cross_camera,000021,0,0.0,0.0,0.0,0.0,0.0,0.0,0,0,0,0,,,,,,
0,original,inactive,cross_camera,000023,0,0.0,0.0,0.0,0.0,0.0,0.0,0,0,0,0,,,,,,
0,original,inactive,cross_camera,000024,0,0.0,0.0,0.0,0.0,0.0,0.0,0,0,0,0,,,,,,
0,original,inactive,cross_camera,000026,0,0.0,0.0,0.0,0.0,0.0,0.0,0,0,0,0,,,,,,
0,original,inactive,cross_camera,000027,0,0.0,0.0,0.0,0.0,0.0,0.0,0,0,0,0,,,,,,
0,original,inactive,cross_camera,000029,0,0.0,0.0,0.0,0.0,0.0,0.0,0,0,0,0,,,,,,
0,original,inactive,cross_camera,000030,0,0.0,0.0,0.0,0.0,0.0,0.0,0,0,0,0,,,,,,
0,original,inactive,cross_camera,000032,0,0.0,0.0,0.0,0.0,0.0,0.0,0,0,0,0,,,,,,
0,original,inactive,cross_camera,000033,0,0.0,0.0,0.0,0.0,0.0,0.0,0,0,0,0,,,,,,
0,original,inactive,cross_camera,000035,0,0.0,0.0,0.0,0.0,0.0,0.0,0,0,0,0,,,,,,
0,original,inactive,cross_camera,000036,0,0.0,0.0,0.0,0.0,0.0,0.0,0,0,0,0,,,,,,
0,original,inactive,cross_camera,000038,0,0.0,0.0,0.0,0.0,0.0,0.0,0,0,0,0,,,,,,
0,original,inactive,cross_camera,000039,0,0.0,0.0,0.0,0.0,0.0,0.0,0,0,0,0,,,,,,
0,original,inactive,cross_camera,000041,0,0.0,0.0,0.0,0.0,0.0,0.0,0,0,0,0,,,,,,
0,original,inactive,cross_camera,000042,0,0.0,0.0,0.0,0.0,0.0,0.0,0,0,0,0,,,,,,
0,original,inactive,cross_camera,000044,0,0.0,0.0,0.0,0.0,0.0,0.0,0,0,0,0,,,,,,
0,original,inactive,cross_camera,000045,0,0.0,0.0,0.0,0.0,0.0,0.0,0,0,0,0,,,,,,
0,original,inactive,cross_camera,000047,0,0.0,0.0,0.0,0.0,0.0,0.0,0,0,0,0,,,,,,
0,original,inactive,cross_camera,000048,0,0.0,0.0,0.0,0.0,0.0,0.0,0,0,0,0,,,,,,
0,original,inactive,cross_camera,000050,0,0.0,0.0,0.0,0.0,0.0,0.0,0,0,0,0,,,,,,
0,original,inactive,cross_camera,000051,0,0.0,0.0,0.0,0.0,0.0,0.0,0,0,0,0,,,,,,
0,original,inactive,cross_camera,000098,0,0.0,0.0,0.0,0.0,0.0,0.0,0,0,0,0,,,,,,
0,original,inactive,cross_camera,000114,0,0.0,0.0,0.0,0.0,0.0,0.0,0,0,0,0,,,,,,
0,original,inactive,cross_camera,000128,0,0.0,0.0,0.0,0.0,0.0,0.0,0,0,0,0,,,,,,
0,original,inactive,cross_camera,000149,0,0.0,0.0,0.0,0.0,0.0,0.0,0,0,0,0,,,,,,
0,original,inactive,cross_camera,000151,0,0.0,0.0,0.0,0.0,0.0,0.0,0,0,0,0,,,,,,
0,original,inactive,cross_camera,000152,0,0.0,0.0,0.0,0.0,0.0,0.0,0,0,0,0,,,,,,
0,original,inactive,cross_camera,000154,0,0.0,0.0,0.0,0.0,0.0,0.0,0,0,0,0,,,,,,
0,original,inactive,cross_camera,000155,0,0.0,0.0,0.0,0.0,0.0,0.0,0,0,0,0,,,,,,
0,original,inactive,cross_camera,000182,0,0.0,0.0,0.0,0.0,0.0,0.0,0,0,0,0,,,,,,
0,original,inactive,cross_camera,000183,0,0.0,0.0,0.0,0.0,0.0,0.0,0,0,0,0,,,,,,
0,original,inactive,cross_camera,000185,0,0.0,0.0,0.0,0.0,0.0,0.0,0,0,0,0,,,,,,
0,original,inactive,cross_camera,000186,0,0.0,0.0,0.0,0.0,0.0,0.0,0,0,0,0,,,,,,
0,original,inactive,cross_camera,000188,0,0.0,0.0,0.0,0.0,0.0,0.0,0,0,0,0,,,,,,
0,original,inactive,cross_camera,000189,0,0.0,0.0,0.0,0.0,0.0,0.0,0,0,0,0,,,,,,
0,original,inactive,cross_camera,000191,29344,22096.39065860503,20279.096123831812,-140.52828983428384,12.560297597657645,252.5264090774015,128.60731101396246,11527,17817,0,0,0.7530122225533339,0.6910815200324364,-0.004788995700459509,0.0004280363139877878,0.008605725500184075,0.004382746422231545
0,original,inactive,cross_camera,000193,0,0.0,0.0,0.0,0.0,0.0,0.0,0,0,0,0,,,,,,
0,original,inactive,cross_camera,000195,48608,37104.99866174633,33779.484966412885,-509.83170293114665,22.120708669206245,372.88350091363014,249.3589221049681,12868,35740,0,0,0.7633516841208511,0.6949367381174475,-0.010488637733112793,0.0004550837036949935,0.007671237263693839,0.005129997574575545
0,original,inactive,cross_camera,000197,0,0.0,0.0,0.0,0.0,0.0,0.0,0,0,0,0,,,,,,
0,original,inactive,cross_camera,000200,49168,37118.20184967131,34465.82703039097,164.30908606693077,22.862263711446865,494.2347794317251,175.18025123939555,27359,21809,0,0,0.7549260057287527,0.700980862154063,0.00334178909182661,0.00046498258443391767,0.010051960206470166,0.0035628915400137393
0,original,inactive,cross_camera,000201,55664,43234.68808553793,39707.28972111968,-246.56998333321772,23.231960091652006,500.05888119950976,258.3561002767906,23931,31733,0,0,0.776708251033665,0.713338777686111,-0.0044296130952360185,0.0004173605937706957,0.008983524022698867,0.004641349889996957
0,original,inactive,cross_camera,000209,39984,30361.67909594567,27720.05355625879,-337.65474942010064,18.341756260542976,315.97356259668,194.9855936890468,13147,26837,0,0,0.7593457156849157,0.6932786503666164,-0.008444746634156178,0.0004587273974725634,0.007902500064942976,0.004876590478417537
0,original,inactive,cross_camera,000212,39088,29751.440617507324,27838.007796268357,344.23052914690936,19.368612220791437,443.5904118974219,115.2224562281282,26630,12458,0,0,0.7611400076112189,0.7121880832037545,0.008806552628604926,0.0004955130019645783,0.011348506239700724,0.0029477705748088465
0,original,inactive,cross_camera,000215,0,0.0,0.0,0.0,0.0,0.0,0.0,0,0,0,0,,,,,,
0,original,inactive,cross_camera,000216,0,0.0,0.0,0.0,0.0,0.0,0.0,0,0,0,0,,,,,,
0,original,inactive,cross_camera,000217,25536,19008.896666799003,17872.335949910514,305.91361192268397,12.949419578001722,294.65306646989177,62.57504536890891,19334,6202,0,0,0.7443960160870536,0.6998878426500045,0.011979699715017385,0.0005071044634242529,0.011538732239579096,0.0024504638693964957
0,original,inactive,cross_camera,000219,0,0.0,0.0,0.0,0.0,0.0,0.0,0,0,0,0,,,,,,
0,original,inactive,cross_camera,000220,49392,35202.284565527225,32861.59875423275,330.610302907065,18.113205357465695,472.5198907698307,132.9938344227916,32628,16764,0,0,0.7127122725446879,0.665322294181907,0.006693600237023505,0.0003667234644773586,0.009566729242991389,0.002692618934701806
0,original,inactive,cross_camera,000222,0,0.0,0.0,0.0,0.0,0.0,0.0,0,0,0,0,,,,,,
0,original,inactive,cross_camera,000224,0,0.0,0.0,0.0,0.0,0.0,0.0,0,0,0,0,,,,,,
0,original,inactive,cross_camera,000225,0,0.0,0.0,0.0,0.0,0.0,0.0,0,0,0,0,,,,,,
0,original,inactive,cross_camera,000230,0,0.0,0.0,0.0,0.0,0.0,0.0,0,0,0,0,,,,,,
0,original,inactive,cross_camera,000232,48160,37758.301191642066,35363.01656725118,469.9726876546572,20.35815532157806,586.693091888509,138.4342962984468,34074,14086,0,0,0.7840178818862555,0.734281905466179,0.009758569095819293,0.00042271917195967735,0.012182165529246449,0.0028744662852667525
0,original,inactive,cross_camera,000233,51856,38596.825254254625,36059.12194177555,391.1847013168573,25.273061294257268,553.7324323399368,153.49443371028377,34011,17845,0,0,0.7443077995652311,0.695370293539331,0.007543672888708294,0.00048737004964241875,0.010678271219144107,0.0029600129919446884
0,original,inactive,cross_camera,000237,0,0.0,0.0,0.0,0.0,0.0,0.0,0,0,0,0,,,,,,
0,original,inactive,cross_camera,000239,19040,13804.156822022807,12858.156046295306,101.51619465143312,9.057431985640312,187.00336363914346,56.9325320136161,11437,7603,0,0,0.7250082364507777,0.6753233217592073,0.005331732912365185,0.0004757054614306886,0.009821605233148291,0.00299015399231177
0,original,inactive,cross_camera,000242,0,0.0,0.0,0.0,0.0,0.0,0.0,0,0,0,0,,,,,,
0,original,inactive,cross_camera,000247,0,0.0,0.0,0.0,0.0,0.0,0.0,0,0,0,0,,,,,,
0,original,inactive,cross_camera,000250,31808,23957.15829446877,22206.751383264083,67.5621396448173,9.838906510154949,307.1282207006836,114.4854573553282,18353,13455,0,0,0.7531802783723833,0.6981498800070449,0.0021240612312882702,0.0003093217589963201,0.009655691043155295,0.003599266139189141
0,original,inactive,cross_camera,000256,0,0.0,0.0,0.0,0.0,0.0,0.0,0,0,0,0,,,,,,
0,original,inactive,cross_camera,000257,44016,33538.20516882581,31109.36546671891,116.17912978199422,18.68330962513861,446.0178579349171,156.79185932523154,25434,18582,0,0,0.7619548611601646,0.7067740245983032,0.0026394749586967064,0.0004244663219088197,0.010133084740433413,0.0035621560188393206
0,original,inactive,cross_camera,000259,0,0.0,0.0,0.0,0.0,0.0,0.0,0,0,0,0,,,,,,
0,original,inactive,cross_camera,000261,29456,22172.551626770874,20407.495855973102,-82.51011407275021,11.163693481752446,259.51459641498155,120.51435106704386,13441,16015,0,0,0.752734642408028,0.6928128685487881,-0.0028011309774833722,0.0003789955690437414,0.008810245668623764,0.004091334569087584
0,original,inactive,cross_camera,000263,0,0.0,0.0,0.0,0.0,0.0,0.0,0,0,0,0,,,,,,
0,original,inactive,cross_camera,000264,0,0.0,0.0,0.0,0.0,0.0,0.0,0,0,0,0,,,,,,
0,original,inactive,cross_camera,000266,0,0.0,0.0,0.0,0.0,0.0,0.0,0,0,0,0,,,,,,
0,original,inactive,cross_camera,000267,0,0.0,0.0,0.0,0.0,0.0,0.0,0,0,0,0,,,,,,
0,original,inactive,cross_camera,000281,0,0.0,0.0,0.0,0.0,0.0,0.0,0,0,0,0,,,,,,
0,original,inactive,cross_camera,000296,0,0.0,0.0,0.0,0.0,0.0,0.0,0,0,0,0,,,,,,
0,original,inactive,cross_camera,000300,0,0.0,0.0,0.0,0.0,0.0,0.0,0,0,0,0,,,,,,
0,original,inactive,cross_camera,000301,0,0.0,0.0,0.0,0.0,0.0,0.0,0,0,0,0,,,,,,
0,original,inactive,cross_camera,000303,0,0.0,0.0,0.0,0.0,0.0,0.0,0,0,0,0,,,,,,
0,original,inactive,cross_camera,000304,0,0.0,0.0,0.0,0.0,0.0,0.0,0,0,0,0,,,,,,
0,original,inactive,cross_camera,000306,0,0.0,0.0,0.0,0.0,0.0,0.0,0,0,0,0,,,,,,
0,original,inactive,cross_camera,000307,0,0.0,0.0,0.0,0.0,0.0,0.0,0,0,0,0,,,,,,
0,original,inactive,cross_camera,000309,0,0.0,0.0,0.0,0.0,0.0,0.0,0,0,0,0,,,,,,
0,original,inactive,cross_camera,000310,0,0.0,0.0,0.0,0.0,0.0,0.0,0,0,0,0,,,,,,
0,original,inactive,cross_camera,000312,0,0.0,0.0,0.0,0.0,0.0,0.0,0,0,0,0,,,,,,
0,original,inactive,cross_camera,000313,0,0.0,0.0,0.0,0.0,0.0,0.0,0,0,0,0,,,,,,
0,original,inactive,cross_camera,000315,0,0.0,0.0,0.0,0.0,0.0,0.0,0,0,0,0,,,,,,
0,original,inactive,cross_camera,000316,0,0.0,0.0,0.0,0.0,0.0,0.0,0,0,0,0,,,,,,
0,original,inactive,cross_camera,000318,0,0.0,0.0,0.0,0.0,0.0,0.0,0,0,0,0,,,,,,
0,original,inactive,cross_camera,000319,0,0.0,0.0,0.0,0.0,0.0,0.0,0,0,0,0,,,,,,
0,original,inactive,cross_camera,000321,0,0.0,0.0,0.0,0.0,0.0,0.0,0,0,0,0,,,,,,
0,original,inactive,cross_camera,000322,0,0.0,0.0,0.0,0.0,0.0,0.0,0,0,0,0,,,,,,
0,original,inactive,cross_camera,000324,0,0.0,0.0,0.0,0.0,0.0,0.0,0,0,0,0,,,,,,
0,original,inactive,cross_camera,000325,0,0.0,0.0,0.0,0.0,0.0,0.0,0,0,0,0,,,,,,
0,original,inactive,cross_camera,000327,0,0.0,0.0,0.0,0.0,0.0,0.0,0,0,0,0,,,,,,
0,original,inactive,cross_camera,000328,0,0.0,0.0,0.0,0.0,0.0,0.0,0,0,0,0,,,,,,
0,registered_style,all,identity,000011,188160,148365.6220485997,139730.9146135433,2432.12491100703,117.73256880422917,2525.8889547516214,498.0219154986882,136872,51288,0,0,0.7885077702412825,0.7426175308968076,0.012925833923294163,0.000625704553593905,0.013424154734011593,0.002646800146145239
0,registered_style,all,identity,000013,188160,140712.2911147489,131990.3614289998,1774.0282949163775,97.18417263494756,2137.319030512798,503.09419092330813,129792,58368,0,0,0.7478331798190311,0.7014793868463,0.009428296635397414,0.0005164975161296107,0.011359050969987234,0.002673757392236969
0,registered_style,all,identity,000017,125440,94273.43794947426,86876.74332789739,-364.6860061842069,48.0500029095806,1119.5821383614036,506.7716182482171,54869,70571,0,0,0.751542075490069,0.6925760788257126,-0.0029072545135858333,0.0003830516813582637,0.008925240261171904,0.004039952313841017
0,registered_style,all,identity,000018,188160,151578.27425956866,141267.27028661975,995.4653113356693,88.57214111036058,2257.8920673308576,697.8731326306868,111709,76451,0,0,0.8055818147298505,0.7507826864722563,0.00529052567674144,0.00047072779076509657,0.011999851548314507,0.003708934590936898
0,registered_style,all,identity,000020,188160,147799.17373722058,137807.21417955868,1032.6204902735199,83.21693097619604,2176.7299894845487,632.88542505331,113678,74482,0,0,0.7854973094027454,0.7323937828420423,0.005487991551198554,0.0004422668525520623,0.011568505471325196,0.003363549240291826
0,registered_style,all,identity,000021,188160,136966.26387788815,132585.92972028884,5836.201576714871,248.83359996876655,2942.4920960271365,189.32170193486118,178061,10099,0,0,0.7279244466299328,0.7046446094828276,0.031017227767404718,0.001322457482827203,0.01563824455796735,0.0010061740111334033
0,registered_style,all,identity,000023,188160,146036.99996042368,137648.29165058216,2504.4283384493947,97.55504242675237,2414.255543574147,472.8362901848171,141940,46220,0,0,0.7761320150957891,0.7315491690613423,0.013310099587847549,0.0005184685503122468,0.012830864921206138,0.002512947970795159
0,registered_style,all,identity,000024,188160,151340.84386175682,138451.11293675692,-1600.9719591176643,100.71155015223103,1717.9333196185855,1016.0895309200696,65952,122208,0,0,0.804319960999983,0.73581586382205,-0.00850856695959643,0.000535244207866874,0.009130172829605578,0.005400135687287785
0,registered_style,all,identity,000026,188160,144108.79454173543,134516.6063917703,1157.1205292669881,91.34962639405462,2148.704697737715,573.6515577748736,116435,71725,0,0,0.7658843247328626,0.7149054336297316,0.006149662676801595,0.0004854890858527563,0.011419561531344147,0.0030487433980382313
0,registered_style,all,identity,000027,188160,140265.3633551601,129787.31976400045,-15.422676843370844,101.09453783979357,1798.6266366762602,714.8322362618745,96796,91364,0,0,0.745457925994686,0.6897710446641181,-8.196575703322089e-05,0.000537279644131556,0.009559027618389988,0.003799065881493806
0,registered_style,all,identity,000029,188160,141897.8783400901,133294.28779293958,1980.8023072634378,101.70252845808699,2209.3176084192405,497.5443075807268,130213,57947,0,0,0.7541341323346625,0.7084092676070343,0.010527223146595651,0.0005405108867883024,0.011741696473316542,0.0026442618387581144
0,registered_style,all,identity,000030,188160,149046.8223270866,143842.32985317108,5913.151705590275,305.4161469766171,3407.0482282294283,284.9859046411373,169304,18856,0,0,0.7921280948505878,0.7644681646108157,0.03142618891151294,0.0016231725498332115,0.01810718658710368,0.0015145934557883574
0,registered_style,all,identity,000032,188160,151033.5810064962,137764.3126440231,-2003.428631238301,99.5402101947028,1682.2885671725317,1024.2193867439764,52885,135275,0,0,0.8026869738865657,0.7321657772322656,-0.01064747359289063,0.0005290189742490582,0.008940734306826806,0.0054433428292090585
0,registered_style,all,identity,000033,188160,146539.754985659,136781.01979825023,1171.9027735083018,100.31509934972608,2201.291738809181,620.1285444295119,113721,74439,0,0,0.7788039699492931,0.7269399436556666,0.006228224774172522,0.0005331372201834932,0.01169904197921546,0.0032957511927588852
0,registered_style,all,identity,000035,188160,145086.66047972225,135216.00714665058,951.5959522334701,79.36954283207116,2047.922864478514,634.9964939090273,118150,70010,0,0,0.7710813163250545,0.7186224869613658,0.005057376446819038,0.00042181942406500407,0.010883943795060129,0.003374768781404269
0,registered_style,all,identity,000036,188160,140267.24903286243,128893.93525968725,-910.5522031011615,82.14815812329904,1592.826517784305,793.6373307002017,78955,109205,0,0,0.7454679476661481,0.6850230402832018,-0.004839244276685595,0.0004365867247199141,0.00846527698652373,0.0042178854735342355
0,registered_style,all,identity,000038,188160,148127.2951665323,139402.142732827,2323.9027237413566,101.52710481337732,2441.519375200416,506.3190199923865,139317,48843,0,0,0.787241152033016,0.7408702313606876,0.012350673489271666,0.0005395785757513676,0.01297576198554643,0.002690896152170421
0,registered_style,all,identity,000039,188160,152369.35374929977,142903.88621383585,1900.0096508156084,98.1404818835836,2462.2135945383397,592.1378564712147,129065,59095,0,0,0.8097861062356493,0.7594806877861174,0.010097840406120369,0.0005215799419833313,0.013085744018592367,0.0031469911589669147
0,registered_style,all,identity,000041,188160,154233.1286487982,138597.35830638045,-4131.271163989715,182.40447036430177,1353.0116256958274,1438.4095547662614,28517,159643,0,0,0.8196913724957388,0.7365931032439438,-0.021956160522904524,0.0009694115134157194,0.007190750561733777,0.007644608603137018
0,registered_style,all,identity,000042,188160,149274.86031140934,139560.27536769083,1420.0689588362407,75.67651301258505,2283.3479809430655,592.3912102749366,122453,65707,0,0,0.7933400314169289,0.7417106471497175,0.007547135197896687,0.0004021923523202862,0.012135140204841972,0.003148337639641457
0,registered_style,all,identity,000044,188160,144370.36059194658,134965.96766078554,1364.4263839255293,94.92354666193066,2161.014138264069,583.8893159556733,119167,68993,0,0,0.7672744504248862,0.7172936206461816,0.0072514157308967335,0.0005044831348954648,0.011484981602168735,0.0031031532523154407
0,registered_style,all,identity,000045,188160,143958.07475972956,134922.24552924698,1702.2370157946434,91.30148380998077,2226.613808103034,527.0505803174112,130261,57899,0,0,0.7650833054832565,0.7170612538756749,0.009046752847548063,0.0004852332260309352,0.011833619303268676,0.002801076638591684
0,registered_style,all,identity,000047,188160,150721.19224674182,142559.07008477452,3080.4159850914534,132.53548472871262,2751.9559796576978,435.5764244034078,146449,41711,0,0,0.8010267445086193,0.7576481190729938,0.016371258424168013,0.0007043765132265764,0.014625616388486914,0.0023149257249330773
0,registered_style,all,identity,000048,188160,134856.8439413004,125392.18042507721,594.5271642751236,67.25008607252327,1738.2564325228745,579.9533430396548,110367,77793,0,0,0.7167136689057207,0.6664125235176297,0.0031596894359859884,0.00035740904587863134,0.009238182570806093,0.00308223502890973
0,registered_style,all,identity,000050,188160,151047.75760768034,138563.17001467815,-1217.6904060955312,77.66561859590516,1791.9208511301908,927.8379957299568,68458,119702,0,0,0.8027623172176889,0.7364114052650838,-0.006471568909946488,0.00041276370427245515,0.009523388877180012,0.004931111797034209
0,registered_style,all,identity,000051,188160,152701.85915212956,139261.3212801438,-2050.258568500989,117.08532779884604,1719.2239751143766,1088.9996192167591,54675,133485,0,0,0.8115532480449063,0.7401218180279752,-0.010896357188036719,0.0006222647098152957,0.009137032180667392,0.005787625527299953
0,registered_style,all,identity,000098,188160,142601.38053682173,133434.8047133115,1470.292400593919,83.02362857876496,2116.990854974968,544.6360796614426,127128,61032,0,0,0.7578729832951835,0.7091560624644531,0.007814053999755096,0.00044123952263374234,0.011251014322783632,0.0028945369879966125
0,registered_style,all,identity,000114,188160,141764.31891483226,131608.24910035916,418.36062582392583,72.52841492768056,1874.7455610759496,632.2737179330082,105480,82680,0,0,0.7534243139606306,0.6994486027867727,0.002223430196768313,0.0003854613888588465,0.009963571221704664,0.003360298245817433
0,registered_style,all,identity,000128,188160,144909.81505423106,132650.1231379963,-1450.6338179988004,90.2951029512455,1600.6415959852445,913.1726801962582,66218,121942,0,0,0.7701414490552246,0.7049857734799974,-0.0077095759885140325,0.0004798846883038132,0.008506811203152873,0.00485317113199542
0,registered_style,all,identity,000149,188160,159311.93147165328,145476.93693685846,-1951.6592177575294,93.82697072235736,1828.562853232276,1117.254954579922,53937,134223,0,0,0.8466833092668649,0.7731554896729297,-0.010372338529748774,0.0004986552440601475,0.00971812740875997,0.005937792063031048
0,registered_style,all,identity,000151,188160,143367.92407219578,132817.20323728997,143.32511456902273,90.26890197140027,1905.6171939087124,708.1930522948111,97221,90939,0,0,0.7619468753836935,0.7058737416947809,0.0007617193588914899,0.0004797454398990235,0.010127642399599875,0.003763781102757287
0,registered_style,all,identity,000152,188160,144295.54379457637,134932.29672820325,1399.9915424707694,75.84831393878501,2165.1307765104316,550.4896799655598,123069,65091,0,0,0.7668768271395427,0.7171146722374747,0.007440431241872712,0.00040310540996378087,0.011506859994209351,0.0029256466834904327
0,registered_style,all,identity,000154,188160,142576.77338386478,135103.53757289366,3161.7969256897336,131.51634807296278,2502.0616925102236,398.3603757482007,150271,37889,0,0,0.7577422054839753,0.7180247532573005,0.01680376767479663,0.0006989601832108991,0.013297521750160628,0.002117136350702597
0,registered_style,all,identity,000155,188160,142434.06427306743,132554.66088765947,744.98444725394,71.90493817436727,1961.6794933647532,608.4479170409172,109236,78924,0,0,0.7569837599546526,0.7044784273366256,0.003959313601477147,0.00038214784318860157,0.01042559254551846,0.003233673028491269
0,registered_style,all,identity,000182,188160,148723.93998252024,138374.1316990548,743.7515783562225,76.81792815032668,2115.7852497717276,683.491060900653,108318,79842,0,0,0.790412095995537,0.735406737346167,0.003952761364563257,0.0004082585467172974,0.011244606982205186,0.0036324992607390146
0,registered_style,all,identity,000183,188160,147496.75342859537,136041.52718246193,-453.20421943897964,84.4563482256811,1885.3324168511274,790.5811591418314,85798,102362,0,0,0.7838900586128581,0.7230098170836624,-0.0024086108601136247,0.00044885389150553306,0.010019836399081246,0.004201643065167047
0,registered_style,all,identity,000185,125440,99466.75306886144,92797.09171943483,749.725062472769,57.49721467569949,1472.8115701731133,427.5653832205204,77330,48110,0,0,0.792942865663755,0.7397727337327394,0.005976762296498477,0.0004583642751570431,0.01174116366528311,0.0034085250575615466
0,registered_style,all,identity,000186,62720,48228.71798332158,44643.38976761885,12.130068886666265,20.334901268859745,622.5006595680946,230.42514190751774,31744,30976,0,0,0.7689527739687751,0.7117887399173923,0.0001934003330144494,0.0003242171758427893,0.009925074291583142,0.003673870247249964
0,registered_style,all,identity,000188,125440,94728.7487010705,88191.74603107851,528.9683127179883,50.13455739181111,1307.7437186019158,407.9615476340465,75242,50198,0,0,0.7551717849256258,0.7030591998651029,0.004216903003172738,0.0003996696220648207,0.010425252858752518,0.0032522444805010084
0,registered_style,all,identity,000189,62720,49607.915926093614,46487.40844358143,579.8274132081489,33.241494451450635,776.551832567,191.63472870704945,42846,19874,0,0,0.7909425370869517,0.7411895478887345,0.00924469727691564,0.0005299983171468532,0.012381247330468751,0.003055400649028212
0,registered_style,all,identity,000191,109760,81128.10685418732,74542.98276209657,-533.647040252497,45.011106006046845,929.7979604660665,455.9267115472198,42603,67157,0,0,0.7391409152167212,0.6791452511123959,-0.004861944608714441,0.00041008660719794865,0.008471191330776845,0.004153851234941872
0,registered_style,all,identity,000193,62720,48718.65510328638,44299.511750268284,-785.1398641428485,32.624693874561146,498.92338982782127,342.04177656711545,15637,47083,0,0,0.7767642714171935,0.7063059909162673,-0.012518173854318375,0.0005201641242755285,0.007954773434754803,0.00545347220291957
0,registered_style,all,identity,000195,172480,130971.10900577885,119467.71873219241,-1734.0428632398268,75.42848230781212,1362.8089638570916,844.4590752085791,46825,125655,0,0,0.7593408453489033,0.692646792278481,-0.010053588028987865,0.0004373172675545693,0.007901257907334714,0.0048959825788994615
0,registered_style,all,identity,000197,188160,146667.0629163846,140262.79743251903,4535.868582053532,185.62789359905582,2959.431364403549,305.9662937791235,166203,21957,0,0,0.7794805639688808,0.7454442890758877,0.02410644441992736,0.0009865428018657303,0.015728270431566483,0.001626096374251294
0,registered_style,all,identity,000200,235200,178831.7253938605,166600.14497961313,1107.7679857668684,108.67880916700979,2519.4312559683,779.1612659868138,138200,97000,0,0,0.7603389685113117,0.7083339497432531,0.004709897898668658,0.0004620697668665382,0.010711867584899235,0.0033127604846378135
0,registered_style,all,identity,000201,250880,194100.91058707505,178677.00260761334,-945.6062945756752,99.45198392989238,2316.682483159311,1101.086960363097,110716,140164,0,0,0.7736802877354714,0.7122010626897853,-0.0037691577430471745,0.00039641256349606335,0.009234225459021488,0.00438889891726362
0,registered_style,all,identity,000209,181888,135915.9584915219,123993.3582775835,-1784.408461623461,91.00895197578821,1391.6780386763485,879.459124485761,55335,126553,0,0,0.7472508273856543,0.6817016970750324,-0.009810479314872125,0.0005003570987409186,0.007651291116931015,0.0048351684799753745
0,registered_style,all,identity,000212,172480,135753.4232275589,127097.00120379243,1469.6459596337709,87.05343893858672,2123.797129046385,528.0503801044963,115101,57379,0,0,0.7870676207534723,0.73687964519824,0.008520674626819172,0.0005047161348480213,0.012313295043172455,0.003061516582238499
0,registered_style,all,identity,000215,125440,99479.12726542715,91415.50725036359,-643.3105917757002,51.01803802308553,1195.5673740474447,589.1216600934076,48494,76946,0,0,0.793041512001173,0.7287588269321077,-0.00512843265127312,0.0004067126755666895,0.009530989907903737,0.004696441805591579
0,registered_style,all,identity,000216,125440,94530.25867230527,87358.18574244069,-120.90764028202102,45.721998285714996,1170.8039169328567,476.6930607186387,61077,64363,0,0,0.75358943456876,0.6964141082783856,-0.0009638683058196828,0.0003644929710277025,0.009333577143916269,0.003800167894759556
0,registered_style,all,identity,000217,122304,91986.27247758358,86652.77083236462,1527.9035886381348,58.922061166918,1472.8869813511778,285.54445084378085,94603,27701,0,0,0.7521117255166109,0.7085031628758227,0.01249267062923645,0.00048176724528157703,0.012042835731874492,0.002334710645962363
0,registered_style,all,identity,000219,62720,48033.945503542374,43840.81864537101,-610.1969687019509,36.22683229695614,512.9699149547214,321.6142986385959,19680,43040,0,0,0.765847345400867,0.6989926442182878,-0.009728905750987739,0.0005775961782040201,0.00817872951139543,0.005127778996151083
0,registered_style,all,identity,000220,169344,122382.50131875608,114316.48697732948,1062.6948938092137,66.45763409893999,1695.7389045139848,464.6609286180377,108839,60505,0,0,0.7226857834866076,0.6750548408997631,0.006275361948514348,0.0003924416223718584,0.01001357535261943,0.00274388775875164
0,registered_style,all,identity,000222,125440,100536.20510582917,95870.93389323738,2833.8873610244077,149.0029401823046,2031.2148443502647,272.0092059822389,103041,22399,0,0,0.8014684718258065,0.7642772153478745,0.02259157653877876,0.0011878423165043415,0.0161927203790678,0.0021684407364655524
0,registered_style,all,identity,000224,125440,102913.54540284368,93691.02998316783,-1546.0271780858836,63.23920318322249,1109.8947910706963,746.9404220614488,30401,95039,0,0,0.8204204831221594,0.7468991548403048,-0.012324834008975475,0.0005041390559886997,0.00884801332167328,0.005954563313627621
0,registered_style,all,identity,000225,62720,48390.20682347391,44954.57761337655,173.87478895774657,27.84231965404176,679.613256864505,218.7815480453459,35685,27035,0,0,0.7715275322620203,0.716750280825519,0.002772238344351827,0.0004439145353004107,0.010835670549497849,0.003488226212457683
0,registered_style,all,identity,000230,62720,49059.59703673009,44654.22332989192,-745.9388062580766,30.862590676469544,506.5439876453381,342.35827403881626,14466,48254,0,0,0.7822002078560283,0.7119614689077155,-0.01189315698753311,0.0004920693666528945,0.008076275313222865,0.0054585183998535755
0,registered_style,all,identity,000232,181888,142992.04645165947,133895.53600909893,1569.4981856556628,71.03385841815559,2229.3490100999907,526.4355458450709,126654,55234,0,0,0.7861543722052002,0.7361427692266611,0.008628926513325029,0.00039053625537779067,0.012256712977766487,0.0028942840970546213
0,registered_style,all,identity,000233,181888,138600.03140038234,129635.685687372,1374.0553902096012,81.04760282362132,2066.5216442549217,535.9090975524534,120082,61806,0,0,0.7620075617983724,0.7127225858075958,0.007554403755110844,0.0004455907086977773,0.011361506225011666,0.002946368630984196
0,registered_style,all,identity,000237,125440,102257.08642110229,93164.22586994153,-1465.3386495671268,67.35251845070627,1109.3479264883777,731.807136812196,32676,92764,0,0,0.8151872323110833,0.7426995047029777,-0.011681589999737937,0.0005369301534654517,0.008843653750704542,0.005833921690148246
0,registered_style,all,identity,000239,185024,146352.15416009305,136138.61550784318,703.1058588649214,82.94176834927683,2110.7923090697086,664.0969608543611,107503,77521,0,0,0.7909901102564697,0.7357889544483049,0.003800079226829608,0.0004482757282799898,0.011408208173370528,0.003589247669785331
0,registered_style,all,identity,000242,188160,145605.9340705013,132899.21992900735,-1845.731396971363,89.40880005447113,1536.4604768583133,962.7785239059266,54120,134040,0,0,0.7738410611740077,0.7063096297247414,-0.009809371795128417,0.00047517432001738485,0.008165712568337124,0.005116807631302756
0,registered_style,all,identity,000247,125440,93977.45742231689,87958.60012521432,991.0736507919077,50.53836562037742,1377.3792395631067,349.058396641413,85848,39592,0,0,0.7491825368488273,0.7012005749777928,0.007900778466134468,0.00040288875653999857,0.010980382968455889,0.0027826721671031012
0,registered_style,all,identity,000250,119168,88133.38730839186,81734.51508453884,175.1400571938108,37.98972155388607,1124.577962927045,411.9841101104876,65939,53229,0,0,0.7395725975798189,0.6858763685262725,0.0014696903295667529,0.0003187912992908001,0.009436912282886723,0.003457170633983012
0,registered_style,all,identity,000256,125440,96572.57288684277,91286.73419399152,1917.6661259172854,71.2528927525561,1641.163034875047,292.23821531364257,101539,23901,0,0,0.7698706384474073,0.7277322560107743,0.01528751694768244,0.0005680236986013719,0.013083251234654394,0.002329705160344727
0,registered_style,all,identity,000257,181888,141423.81440379267,130945.51749685325,70.73474969922825,71.57374731706336,1873.7125134110806,692.7197696101097,95415,86473,0,0,0.7775324067766575,0.7199238954568374,0.0003888917888988182,0.0003935045045141151,0.010301463061945156,0.0038084962702878127
0,registered_style,all,identity,000259,125440,95836.86406768134,87116.79686885199,-1571.440093945993,65.38641512411431,949.5749632266377,666.1330225390735,29690,95750,0,0,0.7640056127844495,0.6944897709570471,-0.01252742421831946,0.0005212564981195337,0.007569953469600109,0.005310371672027053
0,registered_style,all,identity,000261,181888,140228.6078702606,128977.24712448358,-791.4814826840122,66.4581600422744,1664.2074854222078,782.5143964179774,74548,107340,0,0,0.7709612941494799,0.7091025638001605,-0.004351477187522059,0.00036537957447591046,0.009149627712780436,0.004302177144275474
0,registered_style,all,identity,000263,125440,94852.04468059313,88807.0521100806,1030.1752592532582,55.55593606883375,1416.1501380668349,357.08016591957687,83612,41828,0,0,0.7561546929256467,0.7079643822551068,0.008212494094812327,0.0004428885209569017,0.01128946219759913,0.002846621220659892
0,registered_style,all,identity,000264,188160,144622.06384325004,134205.42431571323,370.9547412396499,60.18700739152505,1926.0032744786704,659.5777568587113,107682,80478,0,0,0.7686121590308782,0.7132516173241562,0.001971485657098479,0.00031987142533761187,0.01023598679038409,0.003505408996910668
0,registered_style,all,identity,000266,125440,94751.04431129625,88613.37141862977,929.9611557659597,52.60343812852123,1388.9733752556,361.444144871335,83424,42016,0,0,0.7553495241653081,0.7064203716408624,0.0074135933973689385,0.00041935138814191037,0.011072810708351404,0.0028814105936809235
0,registered_style,all,identity,000267,188160,147250.58529586662,138210.04541448067,1943.1200650891503,95.2588566150187,2373.4746203586074,518.3494154408538,130020,58140,0,0,0.7825817670911279,0.7345346801364832,0.010326956128237407,0.0005062651818400228,0.012614129572484095,0.00275483320281066
0,registered_style,all,identity,000281,125440,94330.09377231495,87384.5363489706,90.67724175004994,53.332464788341014,1214.646238466958,457.19332305165915,63972,61468,0,0,0.7519937322410312,0.6966241737003397,0.0007228734195635359,0.0004251631440397083,0.009683085446962357,0.0036447171799398846
0,registered_style,all,identity,000296,125440,96810.23653408972,89592.45557171543,3.4515732501998793,46.26779553355786,1267.6947603526312,470.1416141111291,63781,61659,0,0,0.7717652784924245,0.7142255705653334,2.75157306297822e-05,0.0003688440332713477,0.010105985015566256,0.0037479401635134657
0,registered_style,all,identity,000300,125440,97426.32871813432,90130.35109031224,-28.789777102368376,42.31911773293503,1255.9711766921519,486.779355802567,64840,60600,0,0,0.7766767276636983,0.7185136407072085,-0.00022951034042066626,0.00033736541560056623,0.010012525324395343,0.003880575221640362
0,registered_style,all,identity,000301,188160,160487.71002768073,145322.41537334223,-3194.2561081030744,130.4677644728227,1659.8140798471004,1326.27013523158,32374,155786,0,0,0.8529321323750039,0.7723342653770314,-0.016976276084731477,0.0006933873537033519,0.008821290815513926,0.007048629545235863
0,registered_style,all,identity,000303,125440,101145.63320745656,93146.51775310072,-454.49865035874456,46.22916573037129,1270.8930447203302,572.6677929171784,51630,73810,0,0,0.8063267953400555,0.7425583366796933,-0.0036232354142119306,0.0003685360788454344,0.010131481542732223,0.004565272583842302
0,registered_style,all,identity,000304,125440,97800.75534444512,89810.79861588695,-694.8397885921214,61.29162228635912,1156.2137535547533,582.1289232034394,45390,80050,0,0,0.7796616338045689,0.7159661879455274,-0.005539220253444845,0.0004886130603185516,0.009217265254741338,0.0046406961352315
0,registered_style,all,identity,000306,62720,46188.97867411806,42705.04068477126,-38.62716757892231,21.78914123452228,568.1215728263222,225.1899835752418,30780,31940,0,0,0.7364314201868313,0.6808839394893377,-0.0006158668300210828,0.00034740339978511287,0.009058060791236005,0.0035904015238399523
0,registered_style,all,identity,000307,125440,104794.11060590675,96886.40402022179,-90.94393597555793,45.098455550258905,1460.7426932201552,545.2691931364463,58972,66468,0,0,0.8354122337843332,0.7723724810285538,-0.0007249994896010677,0.00035952212651673234,0.01164495131712496,0.004346852623855599
0,registered_style,all,identity,000309,125440,97923.62965940114,91665.2179565297,1045.8706315066017,53.839537674669934,1495.9886609847754,368.4130267396826,86811,38629,0,0,0.780641180320481,0.7307495053932533,0.008337616641474822,0.00042920549804424375,0.01192593001422812,0.0029369660932691533
0,registered_style,all,identity,000310,125440,95276.15182246646,89851.75224839698,1682.4030951629697,76.6489451281957,1592.331984762107,294.66641399240035,92690,32750,0,0,0.7595356490949176,0.716292667796532,0.013412014470368062,0.0006110406977694173,0.012693973092810163,0.002349062611546559
0,registered_style,all,identity,000312,125440,96798.19145989348,88811.65042435331,-766.2069615328952,54.10603782787833,1115.8616182493588,575.756817078314,46476,78964,0,0,0.7716692558983855,0.7080010397349594,-0.006108154986709942,0.00043133002094928517,0.008895580502625629,0.004589898095330947
0,registered_style,all,identity,000313,125440,97505.5241155148,89042.11682671215,-1190.3121249649173,66.42126369608569,1042.9044290863662,651.4395153688076,39260,86180,0,0,0.7773080685229177,0.7098383037843762,-0.009489095383967772,0.0005295062475772137,0.008313970257384935,0.005193235932468173
0,registered_style,all,identity,000315,125440,93717.70453155023,87106.3947418998,379.24576889287766,40.85809369811894,1255.4716646499492,404.49171697881013,72876,52564,0,0,0.7471118027068737,0.6944068458378492,0.003023324050485313,0.0003257182214454635,0.010008543244977273,0.0032245832029560756
0,registered_style,all,identity,000316,125440,93987.50893157476,87312.28870928148,335.46048397679436,53.60804119569146,1269.065883834949,419.8053128603736,69366,56074,0,0,0.7492626668652325,0.6960482199400628,0.0026742704398660267,0.0004273600222870812,0.01011691552802096,0.003346662251756805
0,registered_style,all,identity,000318,188160,148870.83212246603,140433.79160751437,2667.476269796552,117.35514038972487,2570.8192912694158,478.6368402722781,143627,44533,0,0,0.7911927727597047,0.7463530591385755,0.014176638338629635,0.0006236986627855275,0.013662942661933545,0.0025437757242361718
0,registered_style,all,identity,000319,125440,94971.75658721873,87781.60965154879,-106.0496006578621,47.213465238978586,1195.9989201098394,470.08149002288525,58185,67255,0,0,0.7571090289159657,0.6997896177578825,-0.0008454209236117833,0.0003763828542648165,0.00953443016669196,0.003747460857963052
0,registered_style,all,identity,000321,125440,101038.11511180323,91643.18778561964,-1858.3304712982529,66.15029476111533,1001.9671443433687,756.8719419947333,23335,102105,0,0,0.8054696676642477,0.7305738822195443,-0.014814496741854694,0.0005273460998175648,0.007987620729778131,0.006033736782483525
0,registered_style,all,identity,000322,62720,47958.327572625596,44681.21846309968,300.1803158504203,23.85887402244797,666.221938183277,205.99320051169474,39910,22810,0,0,0.7646417023696683,0.7123918760060536,0.004786038199145731,0.0003804029659191322,0.010622161004197656,0.003284330365301255
0,registered_style,all,identity,000324,125440,98072.17361780029,89898.52166371106,-858.2894849675414,59.78910005147068,1136.5110090722528,603.8645208955255,46607,78833,0,0,0.781825363662311,0.7166655107119823,-0.006842231225825426,0.0004766350450531783,0.009060196182017321,0.004813970989281931
0,registered_style,all,identity,000325,125440,93394.92884689709,87094.15361515107,665.7039650490627,54.28776432749924,1317.974023150045,382.8883497956196,79028,46412,0,0,0.7445386547105954,0.694309260324865,0.005306951251985513,0.0004327787334781508,0.010506808220265028,0.0030523624824268145
0,registered_style,all,identity,000327,125440,94855.42546634714,87607.43443389452,-172.57102439498394,56.0709590976165,1196.2867346059345,494.80872179911734,57454,67986,0,0,0.7561816443426909,0.6984011035865316,-0.0013757256409038898,0.00044699425301033565,0.009536724606233534,0.0039445848357710245
0,registered_style,all,identity,000328,125440,102137.71196467103,94637.94422878767,118.84983142119886,53.94569534213803,1427.7715406537943,517.8694964151475,65067,60373,0,0,0.8142355864530535,0.7544478972320446,0.0009474635795695062,0.00043005178046985035,0.011382107307507926,0.004128423919125857
0,registered_style,all,cross_camera,000011,0,0.0,0.0,0.0,0.0,0.0,0.0,0,0,0,0,,,,,,
0,registered_style,all,cross_camera,000013,0,0.0,0.0,0.0,0.0,0.0,0.0,0,0,0,0,,,,,,
0,registered_style,all,cross_camera,000017,0,0.0,0.0,0.0,0.0,0.0,0.0,0,0,0,0,,,,,,
0,registered_style,all,cross_camera,000018,0,0.0,0.0,0.0,0.0,0.0,0.0,0,0,0,0,,,,,,
0,registered_style,all,cross_camera,000020,0,0.0,0.0,0.0,0.0,0.0,0.0,0,0,0,0,,,,,,
0,registered_style,all,cross_camera,000021,0,0.0,0.0,0.0,0.0,0.0,0.0,0,0,0,0,,,,,,
0,registered_style,all,cross_camera,000023,0,0.0,0.0,0.0,0.0,0.0,0.0,0,0,0,0,,,,,,
0,registered_style,all,cross_camera,000024,0,0.0,0.0,0.0,0.0,0.0,0.0,0,0,0,0,,,,,,
0,registered_style,all,cross_camera,000026,0,0.0,0.0,0.0,0.0,0.0,0.0,0,0,0,0,,,,,,
0,registered_style,all,cross_camera,000027,0,0.0,0.0,0.0,0.0,0.0,0.0,0,0,0,0,,,,,,
0,registered_style,all,cross_camera,000029,0,0.0,0.0,0.0,0.0,0.0,0.0,0,0,0,0,,,,,,
0,registered_style,all,cross_camera,000030,0,0.0,0.0,0.0,0.0,0.0,0.0,0,0,0,0,,,,,,
0,registered_style,all,cross_camera,000032,0,0.0,0.0,0.0,0.0,0.0,0.0,0,0,0,0,,,,,,
0,registered_style,all,cross_camera,000033,0,0.0,0.0,0.0,0.0,0.0,0.0,0,0,0,0,,,,,,
0,registered_style,all,cross_camera,000035,0,0.0,0.0,0.0,0.0,0.0,0.0,0,0,0,0,,,,,,
0,registered_style,all,cross_camera,000036,0,0.0,0.0,0.0,0.0,0.0,0.0,0,0,0,0,,,,,,
0,registered_style,all,cross_camera,000038,0,0.0,0.0,0.0,0.0,0.0,0.0,0,0,0,0,,,,,,
0,registered_style,all,cross_camera,000039,0,0.0,0.0,0.0,0.0,0.0,0.0,0,0,0,0,,,,,,
0,registered_style,all,cross_camera,000041,0,0.0,0.0,0.0,0.0,0.0,0.0,0,0,0,0,,,,,,
0,registered_style,all,cross_camera,000042,0,0.0,0.0,0.0,0.0,0.0,0.0,0,0,0,0,,,,,,
0,registered_style,all,cross_camera,000044,0,0.0,0.0,0.0,0.0,0.0,0.0,0,0,0,0,,,,,,
0,registered_style,all,cross_camera,000045,0,0.0,0.0,0.0,0.0,0.0,0.0,0,0,0,0,,,,,,
0,registered_style,all,cross_camera,000047,0,0.0,0.0,0.0,0.0,0.0,0.0,0,0,0,0,,,,,,
0,registered_style,all,cross_camera,000048,0,0.0,0.0,0.0,0.0,0.0,0.0,0,0,0,0,,,,,,
0,registered_style,all,cross_camera,000050,0,0.0,0.0,0.0,0.0,0.0,0.0,0,0,0,0,,,,,,
0,registered_style,all,cross_camera,000051,0,0.0,0.0,0.0,0.0,0.0,0.0,0,0,0,0,,,,,,
0,registered_style,all,cross_camera,000098,0,0.0,0.0,0.0,0.0,0.0,0.0,0,0,0,0,,,,,,
0,registered_style,all,cross_camera,000114,0,0.0,0.0,0.0,0.0,0.0,0.0,0,0,0,0,,,,,,
0,registered_style,all,cross_camera,000128,0,0.0,0.0,0.0,0.0,0.0,0.0,0,0,0,0,,,,,,
0,registered_style,all,cross_camera,000149,0,0.0,0.0,0.0,0.0,0.0,0.0,0,0,0,0,,,,,,
0,registered_style,all,cross_camera,000151,0,0.0,0.0,0.0,0.0,0.0,0.0,0,0,0,0,,,,,,
0,registered_style,all,cross_camera,000152,0,0.0,0.0,0.0,0.0,0.0,0.0,0,0,0,0,,,,,,
0,registered_style,all,cross_camera,000154,0,0.0,0.0,0.0,0.0,0.0,0.0,0,0,0,0,,,,,,
0,registered_style,all,cross_camera,000155,0,0.0,0.0,0.0,0.0,0.0,0.0,0,0,0,0,,,,,,
0,registered_style,all,cross_camera,000182,0,0.0,0.0,0.0,0.0,0.0,0.0,0,0,0,0,,,,,,
0,registered_style,all,cross_camera,000183,0,0.0,0.0,0.0,0.0,0.0,0.0,0,0,0,0,,,,,,
0,registered_style,all,cross_camera,000185,0,0.0,0.0,0.0,0.0,0.0,0.0,0,0,0,0,,,,,,
0,registered_style,all,cross_camera,000186,0,0.0,0.0,0.0,0.0,0.0,0.0,0,0,0,0,,,,,,
0,registered_style,all,cross_camera,000188,0,0.0,0.0,0.0,0.0,0.0,0.0,0,0,0,0,,,,,,
0,registered_style,all,cross_camera,000189,0,0.0,0.0,0.0,0.0,0.0,0.0,0,0,0,0,,,,,,
0,registered_style,all,cross_camera,000191,57232,40909.232013206696,37643.51323867962,-214.23281811011418,22.83056116204228,465.30322290421014,217.451847675544,23528,33704,0,0,0.7147964777258649,0.6577354144303819,-0.003743234870528973,0.000398912516809517,0.00813012340830672,0.003799480145295359
0,registered_style,all,cross_camera,000193,0,0.0,0.0,0.0,0.0,0.0,0.0,0,0,0,0,,,,,,
0,registered_style,all,cross_camera,000195,93856,69097.18546214345,63061.4943738532,-881.6199730563801,39.5042207255868,705.261411017276,429.0483474504869,26643,67213,0,0,0.7362042433317364,0.6718962492952311,-0.009393325659056215,0.00042090245403156746,0.007514292224442508,0.004571347036422678
0,registered_style,all,cross_camera,000197,0,0.0,0.0,0.0,0.0,0.0,0.0,0,0,0,0,,,,,,
0,registered_style,all,cross_camera,000200,119840,88243.55632305564,82196.14417987876,534.817823329553,55.673704763927404,1204.2860290519927,378.57989212033004,69905,49935,0,0,0.7363447623752974,0.6858823780029937,0.004462765548477578,0.00046456696231581614,0.010049115729739592,0.003159044493660965
0,registered_style,all,cross_camera,000201,127456,96172.6319747967,88502.39793225168,-496.5614649711223,50.360070791181734,1116.28389577053,537.7059040297258,56125,71331,0,0,0.7545555483837301,0.6943760821950452,-0.003895944207970769,0.00039511730158785566,0.008758190244245309,0.0042187570928769605
0,registered_style,all,cross_camera,000209,91616,66729.33478059113,60899.18431423092,-852.7011732939344,44.25429831700293,671.3253453605873,419.24153686422216,28574,63042,0,0,0.7283589632879751,0.6647221480334322,-0.009307339037874764,0.00048304115347759047,0.007327599386139838,0.0045760733590663434
0,registered_style,all,cross_camera,000212,89712,67084.96091719571,62623.142084040184,542.1571901420403,42.196870537352034,961.7447412789359,271.1923196093057,56045,33667,0,0,0.7477813549714164,0.6980464384256307,0.00604330736291734,0.000470359266735242,0.01072035782592001,0.003022921343959623
0,registered_style,all,cross_camera,000215,0,0.0,0.0,0.0,0.0,0.0,0.0,0,0,0,0,,,,,,
0,registered_style,all,cross_camera,000216,0,0.0,0.0,0.0,0.0,0.0,0.0,0,0,0,0,,,,,,
0,registered_style,all,cross_camera,000217,55440,39447.89261653801,37079.50727035821,574.096934855194,24.13330518691428,583.202196272051,125.57026494938559,40846,14594,0,0,0.711542074612879,0.6688222812113674,0.01035528381773438,0.000435304927613894,0.010519520134777255,0.0022649759190004615
0,registered_style,all,cross_camera,000219,0,0.0,0.0,0.0,0.0,0.0,0.0,0,0,0,0,,,,,,
0,registered_style,all,cross_camera,000220,87024,60541.82316466782,56445.153164528194,419.2427675022329,32.20488888366495,788.9259279953316,233.88232636653322,53598,33426,0,0,0.6956911100922483,0.6486159354261836,0.004817553404833527,0.00037006904858044847,0.009065613256059611,0.0026875612057194937
0,registered_style,all,cross_camera,000222,0,0.0,0.0,0.0,0.0,0.0,0.0,0,0,0,0,,,,,,
0,registered_style,all,cross_camera,000224,0,0.0,0.0,0.0,0.0,0.0,0.0,0,0,0,0,,,,,,
0,registered_style,all,cross_camera,000225,0,0.0,0.0,0.0,0.0,0.0,0.0,0,0,0,0,,,,,,
0,registered_style,all,cross_camera,000230,0,0.0,0.0,0.0,0.0,0.0,0.0,0,0,0,0,,,,,,
0,registered_style,all,cross_camera,000232,92400,70963.58141723945,66413.49247056682,743.1996694972237,34.85377465160845,1074.2092333940318,259.8253482145764,63375,29025,0,0,0.7680041278922018,0.7187607410234504,0.00804328646642017,0.0003772053533723858,0.011625641054047963,0.0028119626430148964
0,registered_style,all,cross_camera,000233,92176,67088.5658608721,62680.22457871633,595.9036397365834,39.208350285362016,944.0208622172146,258.18143677273065,59110,33066,0,0,0.7278311692943076,0.6800059080315519,0.006464845944026464,0.0004253639807038927,0.010241503886230848,0.002800961603592374
0,registered_style,all,cross_camera,000237,0,0.0,0.0,0.0,0.0,0.0,0.0,0,0,0,0,,,,,,
0,registered_style,all,cross_camera,000239,57456,40102.61227684881,37291.510411020165,180.21701639659727,26.6796448180036,515.1228981182907,168.27447057750615,32463,24993,0,0,0.697970834670858,0.6490446674154164,0.0031366091686959984,0.00046434915096775964,0.00896551966928242,0.0029287536650220367
0,registered_style,all,cross_camera,000242,0,0.0,0.0,0.0,0.0,0.0,0.0,0,0,0,0,,,,,,
0,registered_style,all,cross_camera,000247,0,0.0,0.0,0.0,0.0,0.0,0.0,0,0,0,0,,,,,,
0,registered_style,all,cross_camera,000250,63392,45846.2302815069,42503.03139540367,76.54577724104772,20.16090748344855,570.5417678274126,212.65350927679353,34725,28667,0,0,0.7232179183730897,0.6704794200435965,0.0012074990099862398,0.0003180355168388527,0.009000217185566201,0.0033545795885410387
0,registered_style,all,cross_camera,000256,0,0.0,0.0,0.0,0.0,0.0,0.0,0,0,0,0,,,,,,
0,registered_style,all,cross_camera,000257,87808,65167.98222988646,60325.20076404337,18.204008495107793,34.54707997877803,824.8794842178885,309.620979220023,45957,41851,0,0,0.7421645206574169,0.687012581587593,0.00020731605884552424,0.0003934388663763897,0.009394126779084917,0.0035261135570793436
0,registered_style,all,cross_camera,000259,0,0.0,0.0,0.0,0.0,0.0,0.0,0,0,0,0,,,,,,
0,registered_style,all,cross_camera,000261,82768,60311.717803232605,55443.93276206567,-369.036205585429,30.031637182519976,675.7629041342749,324.3128922442586,33779,48989,0,0,0.7286840059350547,0.6698716020933896,-0.004458682166845025,0.0003628411606239123,0.008164543110070014,0.003918336703125104
0,registered_style,all,cross_camera,000263,0,0.0,0.0,0.0,0.0,0.0,0.0,0,0,0,0,,,,,,
0,registered_style,all,cross_camera,000264,0,0.0,0.0,0.0,0.0,0.0,0.0,0,0,0,0,,,,,,
0,registered_style,all,cross_camera,000266,0,0.0,0.0,0.0,0.0,0.0,0.0,0,0,0,0,,,,,,
0,registered_style,all,cross_camera,000267,0,0.0,0.0,0.0,0.0,0.0,0.0,0,0,0,0,,,,,,
0,registered_style,all,cross_camera,000281,0,0.0,0.0,0.0,0.0,0.0,0.0,0,0,0,0,,,,,,
0,registered_style,all,cross_camera,000296,0,0.0,0.0,0.0,0.0,0.0,0.0,0,0,0,0,,,,,,
0,registered_style,all,cross_camera,000300,0,0.0,0.0,0.0,0.0,0.0,0.0,0,0,0,0,,,,,,
0,registered_style,all,cross_camera,000301,0,0.0,0.0,0.0,0.0,0.0,0.0,0,0,0,0,,,,,,
0,registered_style,all,cross_camera,000303,0,0.0,0.0,0.0,0.0,0.0,0.0,0,0,0,0,,,,,,
0,registered_style,all,cross_camera,000304,0,0.0,0.0,0.0,0.0,0.0,0.0,0,0,0,0,,,,,,
0,registered_style,all,cross_camera,000306,0,0.0,0.0,0.0,0.0,0.0,0.0,0,0,0,0,,,,,,
0,registered_style,all,cross_camera,000307,0,0.0,0.0,0.0,0.0,0.0,0.0,0,0,0,0,,,,,,
0,registered_style,all,cross_camera,000309,0,0.0,0.0,0.0,0.0,0.0,0.0,0,0,0,0,,,,,,
0,registered_style,all,cross_camera,000310,0,0.0,0.0,0.0,0.0,0.0,0.0,0,0,0,0,,,,,,
0,registered_style,all,cross_camera,000312,0,0.0,0.0,0.0,0.0,0.0,0.0,0,0,0,0,,,,,,
0,registered_style,all,cross_camera,000313,0,0.0,0.0,0.0,0.0,0.0,0.0,0,0,0,0,,,,,,
0,registered_style,all,cross_camera,000315,0,0.0,0.0,0.0,0.0,0.0,0.0,0,0,0,0,,,,,,
0,registered_style,all,cross_camera,000316,0,0.0,0.0,0.0,0.0,0.0,0.0,0,0,0,0,,,,,,
0,registered_style,all,cross_camera,000318,0,0.0,0.0,0.0,0.0,0.0,0.0,0,0,0,0,,,,,,
0,registered_style,all,cross_camera,000319,0,0.0,0.0,0.0,0.0,0.0,0.0,0,0,0,0,,,,,,
0,registered_style,all,cross_camera,000321,0,0.0,0.0,0.0,0.0,0.0,0.0,0,0,0,0,,,,,,
0,registered_style,all,cross_camera,000322,0,0.0,0.0,0.0,0.0,0.0,0.0,0,0,0,0,,,,,,
0,registered_style,all,cross_camera,000324,0,0.0,0.0,0.0,0.0,0.0,0.0,0,0,0,0,,,,,,
0,registered_style,all,cross_camera,000325,0,0.0,0.0,0.0,0.0,0.0,0.0,0,0,0,0,,,,,,
0,registered_style,all,cross_camera,000327,0,0.0,0.0,0.0,0.0,0.0,0.0,0,0,0,0,,,,,,
0,registered_style,all,cross_camera,000328,0,0.0,0.0,0.0,0.0,0.0,0.0,0,0,0,0,,,,,,
0,registered_style,active,identity,000011,109760,84663.3509661489,79806.77345604612,1344.8930636282973,70.75902087995698,1428.5647224917511,279.54642749739907,77334,32426,0,0,0.7713497719219105,0.7271025278429858,0.012253034471832154,0.0006446703797372173,0.013015349148066246,0.0025468880056249915
0,registered_style,active,identity,000013,94080,67267.39339664878,63237.62111932156,897.4690373675048,44.57354540171272,1012.5334894445615,215.10059993414623,65997,28083,0,0,0.715002055661658,0.6721685918295234,0.009539424291746437,0.00047378343326650424,0.010762473314674335,0.002286358417667371
0,registered_style,active,identity,000017,59584,42804.72322584677,39583.00302871468,-86.3348329509853,24.09999886541958,515.0657898167574,209.60572068131845,27360,32224,0,0,0.7183929112823371,0.664322687780523,-0.0014489600052192753,0.00040447097988419005,0.008644364087955783,0.0035178188889856076
0,registered_style,active,identity,000018,75264,58538.45790608879,54622.82095879162,372.2222030139603,33.813543706060344,859.3723228324434,253.59842902533,44602,30662,0,0,0.7777750040668685,0.7257496407152373,0.004945554355521369,0.0004492658336795858,0.01141810590498038,0.003369451916259168
0,registered_style,active,identity,000020,122304,93694.60141566442,87330.51821872639,498.9136838377304,50.321153879013025,1340.489578854139,396.05962555810305,70761,51543,0,0,0.7660796164938548,0.7140446609982207,0.004079291632634504,0.0004114432388066868,0.01096030856598426,0.003238321114257122
0,registered_style,active,identity,000021,100352,71177.36603511195,68850.61010128097,2886.8853400529138,118.0834606217766,1478.973352419183,100.28545964751166,93897,6455,0,0,0.7092770052924899,0.6860910604799203,0.02876759147852473,0.0011766926480964665,0.014737856270121003,0.0009993369304798275
0,registered_style,active,identity,000023,97216,73821.86098156136,69648.0095104177,1233.4953129242551,47.658763121291024,1215.9058282239228,226.36122259094046,72592,24624,0,0,0.759359169082881,0.7164253776170353,0.012688192405820597,0.0004902357957670653,0.012507260412112437,0.0023284358808317606
0,registered_style,active,identity,000024,90944,70770.88404448834,64807.09459146997,-779.9224093632292,46.75880904158462,791.1058759546092,449.81505330921266,31068,59876,0,0,0.778180903022611,0.7126044004164097,-0.008575853375299407,0.0005141494660624628,0.008698824286974504,0.004946066296943313
0,registered_style,active,identity,000026,109760,83598.82760984119,78100.67260112776,625.3407365486954,52.43802476894716,1256.9354468936451,324.6104158904069,67234,42526,0,0,0.7616511261829554,0.7115586060598375,0.0056973463606841785,0.00047775168339055357,0.011451671345605367,0.0029574564129956895
0,registered_style,active,identity,000027,97216,69677.84694411897,64670.90488291334,96.86156260392659,51.818680414418154,900.4846365216707,324.7730320000259,52403,44813,0,0,0.7167322965779189,0.6652290248818439,0.0009963541248758083,0.0005330262550857694,0.009262720504049443,0.003340736421988417
0,registered_style,active,identity,000029,103488,76631.06576625106,72041.4032885714,1023.4545789918345,52.692717793057525,1186.2937743433674,258.0387135413067,71356,32132,0,0,0.7404826237462417,0.6961329167494917,0.00988959665847088,0.0005091674183775658,0.011463104653132416,0.0024934167588638945
0,registered_style,active,identity,000030,94080,74049.09470695432,71135.95363732212,2510.8502630544813,130.25293555076854,1598.851975077396,166.66686884145815,79997,14083,0,0,0.7870864658477287,0.7561219561790191,0.026688459428725355,0.0013844912367216044,0.016994600075227424,0.0017715440990801249
0,registered_style,active,identity,000032,87808,69363.43568406842,63495.53834393341,-787.1238959132288,44.1030737469351,808.7438894468495,432.6188908489334,27492,60316,0,0,0.7899443750463331,0.7231179202798539,-0.008964147867087609,0.0005022671481748257,0.009210366816768968,0.004926873301395469
0,registered_style,active,identity,000033,109760,82696.17327076333,77350.2319532141,711.4362755471338,56.910690211112815,1240.2417835649599,322.92727304416593,67945,41815,0,0,0.7534272346097243,0.7047215010314696,0.006481744492958581,0.0005185011863257363,0.0112995789318965,0.0029421216567434945
0,registered_style,active,identity,000035,87808,64809.27310661186,60499.234736790415,437.14911436225213,38.298094222678834,901.232011360633,266.8687851099763,53563,34245,0,0,0.7380793675588996,0.6889945646955905,0.004978465679234832,0.00043615723194559533,0.010263666310138404,0.003039230879987886
0,registered_style,active,identity,000036,94080,68456.10979871027,62941.934648772236,-499.862042032056,48.13141620160677,772.1755666766287,385.68758708141416,39854,54226,0,0,0.7276372214998966,0.6690256659095688,-0.005313159460374745,0.0005116009375170787,0.008207648455321308,0.004099570440916392
0,registered_style,active,identity,000038,90944,70280.11862960321,66084.57402737997,952.374569722552,44.27506006270887,1130.4158541582049,240.25777815491512,64883,26061,0,0,0.7727845556562634,0.7266512802095793,0.010472098980939391,0.0004868387146233822,0.012429801352021078,0.002641821100401512
0,registered_style,active,identity,000039,87808,68767.19400165963,64670.19431851985,940.0999021324641,47.991333463424034,1124.7913889556821,244.40749248843548,60841,26967,0,0,0.7831540862069474,0.7364954710108401,0.010706312660947341,0.0005465485316078721,0.01280966869710826,0.002783430809133968
0,registered_style,active,identity,000041,103488,82467.61772115942,74314.59328969172,-2112.3882087418215,91.69371747301867,739.0862743513961,714.0105794057567,17088,86400,0,0,0.7968809690124403,0.7180986519180168,-0.02041191450933269,0.0008860323658107091,0.007141758216908203,0.006899452877683951
0,registered_style,active,identity,000042,94080,73718.02223533997,69080.20918301039,761.9276906147915,42.935406526106206,1152.4026870759478,278.4400718100874,61228,32852,0,0,0.7835674132157735,0.7342709309418621,0.008098721201262664,0.00045637124283701326,0.012249178221470534,0.0029596096068249082
0,registered_style,active,identity,000044,94080,70393.95274578832,65927.60294378968,689.9075577669349,48.94265003672219,1058.778288065035,270.7696643062668,60659,33421,0,0,0.7482350419407773,0.7007610857120502,0.007333201081706366,0.0005202237461386287,0.011254020919058621,0.0028780789148200128
0,registered_style,active,identity,000045,116032,87012.25328630983,81633.1428841534,994.4139404464988,54.859113692758044,1345.3440484505684,304.06693296430655,79438,36594,0,0,0.7498987631542147,0.7035399104053486,0.008570169784598205,0.00047279296825667095,0.01159459501215672,0.00262054375486337
0,registered_style,active,identity,000047,100352,79391.50179026861,75073.55944730509,1497.3727436496097,66.01260263305942,1432.792234831234,229.58947037495355,76370,23982,0,0,0.7911302394597877,0.7481022744669273,0.01492120479561553,0.0006578105332535417,0.014277664967626296,0.0022878415016636794
0,registered_style,active,identity,000048,84672,58755.09946767782,54583.5503366139,132.17870686599892,29.3994751852528,727.5553707438382,252.24004166272215,46998,37674,0,0,0.6939141566005034,0.6446469947162451,0.001561067494165709,0.0003472160240132842,0.008592632402020009,0.002979025435359058
0,registered_style,active,identity,000050,100352,79311.53158885881,73004.62301292538,-497.45119333459326,39.3988180573484,977.9757812976904,448.92489423637244,40299,60053,0,0,0.7903333425229074,0.7274854812353055,-0.004957063071334834,0.00039260620672580915,0.009745453815546182,0.004473502214568444
0,registered_style,active,identity,000051,94080,73730.65596367471,67501.59295032872,-828.3968676906411,51.94018089697632,854.2169446996783,470.7115708940424,30777,63303,0,0,0.7837017002941615,0.717491421665909,-0.008805238814738957,0.0005520852561328265,0.00907968691219896,0.005003311765455382
0,registered_style,active,identity,000098,97216,71195.94858214597,66733.89558401261,752.9494210076259,44.91827336477056,1049.5583039321266,257.7381551640671,65317,31899,0,0,0.7323480556919229,0.6864497159316637,0.007745118303649871,0.0004620460969878473,0.01079614779390354,0.002651190700749538
0,registered_style,active,identity,000114,81536,58976.522091160004,54818.29913416505,161.72377456736882,32.577580712699316,768.9015406351208,247.5002395522702,45201,36335,0,0,0.723318805081927,0.6723201915002581,0.0019834646606084285,0.0003995484290705862,0.009430209240521006,0.0030354719332843184
0,registered_style,active,identity,000128,87808,65203.1719373636,59693.562170593534,-733.569751000294,39.406759680869406,697.4427560776385,392.8600958918874,30178,57630,0,0,0.7425652780767539,0.6798191755944052,-0.008354247346486585,0.0004487832507387642,0.007942815644105759,0.004474080902558849
0,registered_style,active,identity,000149,87808,73080.7920492111,66880.30126109405,-847.4262539793814,42.23435485846605,857.2059984793112,480.9126263858613,26019,61789,0,0,0.8322794284030054,0.7616652384873138,-0.009650900304976555,0.0004809852730783761,0.009762276768395946,0.0054768657341684275
0,registered_style,active,identity,000151,84672,62389.685331363115,57895.069185853354,75.33996030853045,38.04982059277137,826.3414776102805,287.89869050075566,44762,39910,0,0,0.7368396321258871,0.6837569584497042,0.0008897860013762572,0.00044937902249588257,0.009759323951368581,0.0034001640506986447
0,registered_style,active,identity,000152,94080,71034.64437277266,66206.34177239111,374.88451383194945,34.487372026119615,1005.4111404609223,291.891042678901,55460,38620,0,0,0.7550451145065121,0.7037238708800075,0.003984741856206946,0.00036657495776062514,0.010686768074627151,0.003102583361808046
0,registered_style,active,identity,000154,106624,78274.90308958734,74177.82246658613,1636.4451899070584,69.0567037476669,1338.721143155922,212.4083119747219,83660,22964,0,0,0.7341208648108056,0.6956953637697529,0.015347812780490869,0.0006476656638999372,0.012555532930258871,0.001992124774672887
0,registered_style,active,identity,000155,100352,73990.98510933961,68776.06600192042,204.8157795262486,36.5092458311988,980.5217315034735,318.22707642884313,54345,46007,0,0,0.7373145040391782,0.685348234234698,0.0020409735683020627,0.00036381184063295996,0.009770824014503682,0.0031711084625004296
0,registered_style,active,identity,000182,90944,69655.43317802879,65055.97646084032,502.70512999319817,38.66132402471139,1017.4175811362301,283.72625356276893,55257,35687,0,0,0.7659156533474313,0.7153410501060028,0.005527633818538861,0.00042511132152435997,0.011187297470269947,0.00311979078952728
0,registered_style,active,identity,000183,72128,54389.93343258201,50205.34276469867,-200.6050608854431,32.24323939329857,686.6061936917848,275.97335373860165,31307,40821,0,0,0.7540751640497727,0.6960589890846643,-0.002781236979889129,0.0004470280528130348,0.009519273980864364,0.0038261611820458305
0,registered_style,active,identity,000185,56448,43073.520233390154,40129.80049338378,211.3546243568018,24.372276774195264,600.5786734803207,188.61618135603743,32366,24082,0,0,0.7630654803250807,0.7109162502370993,0.0037442358339852926,0.00043176510725260884,0.010639503144138335,0.0033414147774241325
0,registered_style,active,identity,000186,34496,25740.231067574,23904.235271580517,49.43968116383345,11.999590692097247,340.26891558269335,111.1592550150482,18868,15628,0,0,0.7461801677752203,0.6929567274924779,0.0014332004047957285,0.00034785455392211405,0.009864010771761751,0.0032223810011319633
0,registered_style,active,identity,000188,62720,46292.09033445519,43010.89101919718,109.6307514659901,26.434446791763726,610.2581035199955,208.9985225126513,34728,27992,0,0,0.7380754198733289,0.6857603797703632,0.0017479392772000973,0.00042146758277684514,0.009729880477040745,0.0033322468512858947
0,registered_style,active,identity,000189,18816,14285.530897173216,13452.976079959888,213.84009248458017,9.411008496717276,229.6353682193032,45.742422580623014,13834,4982,0,0,0.7592225179194949,0.7149753443856233,0.011364800833576752,0.000500159890344243,0.012204260640906845,0.0024310386150416144
0,registered_style,active,identity,000191,53312,37388.548500990844,34451.732499525766,-198.15776649729318,20.055748986554832,426.61960921881723,189.10887434383562,21831,31481,0,0,0.7013158107178655,0.6462284757564106,-0.0037169448997841606,0.00037619577180662573,0.00800231860029294,0.003547210278058141
0,registered_style,active,identity,000193,31360,23808.894006932504,21652.963466904126,-411.9627677616137,16.412307822382576,239.08913436391686,162.4917476676406,7649,23711,0,0,0.759212181343511,0.6904643962660755,-0.013136567849541253,0.0005233516524994444,0.007624015764155512,0.005181497055728335
0,registered_style,active,identity,000195,84672,61868.41169892787,56619.26866559917,-717.3694829552257,32.563042901727655,660.1097190262506,358.6236723901437,24971,59701,0,0,0.7306832447435737,0.6686893975056591,-0.008472334218575512,0.0003845786434916815,0.0077960803928837225,0.004235445866285711
0,registered_style,active,identity,000197,106624,81259.09887372056,77628.31747341028,2321.332528121003,95.32153487605497,1593.0376622587978,175.33473729856865,91106,15518,0,0,0.76210889549933,0.7280566989928186,0.021771200931507008,0.0008939969882583187,0.014940704365422398,0.0016444209305462997
0,registered_style,active,identity,000200,141120,105332.40597791437,98356.57528762729,739.6188953725574,64.72773682738305,1510.6632537266776,425.0409245677161,85051,56069,0,0,0.7464031035849942,0.6969711967660663,0.005241063600996013,0.00045867160450243093,0.01070481330588632,0.003011911313546741
0,registered_style,active,identity,000201,141120,106521.74274124124,98217.92406029161,-501.25186149448984,53.62016435182705,1273.8979015800103,569.7303338556644,63206,77914,0,0,0.7548309434611765,0.695988690903427,-0.003551954800839639,0.00037996148208494223,0.009027054291241569,0.00403720474670964
0,registered_style,active,identity,000209,103488,74749.79891088587,68183.33147513634,-1091.1505123322413,53.60431556362944,744.6367756578211,471.72185436299145,29776,73712,0,0,0.7223040247264019,0.6588525382183088,-0.010543739489914206,0.0005179761476077365,0.007195392467318154,0.004558227566123526
0,registered_style,active,identity,000212,97216,75367.27241859195,70426.89944405545,580.1730089687798,45.6097556318758,1138.6881812888903,302.76504348251336,60259,36957,0,0,0.7752558469654373,0.7244373296993855,0.005967875750584058,0.00046915894124296205,0.011712970923396255,0.0031143540516222986
0,registered_style,active,identity,000215,40768,30858.944070027675,28402.575193567784,-195.9949200450843,15.805228567743823,365.0102044593991,169.019262837945,14701,26067,0,0,0.7569403470866286,0.6966879707998377,-0.004807567701262861,0.00038768712146153414,0.008953350776574743,0.004145880662233738
0,registered_style,active,identity,000216,56448,41296.56447397545,38339.3190932399,67.66949044576322,19.594166569290838,532.2253243757597,182.5315388310359,29931,26517,0,0,0.7315859636120934,0.6791971211245731,0.0011987934106746602,0.00034711888055007865,0.009428594890443589,0.0032336227825792924
0,registered_style,active,identity,000217,62720,45265.79207017302,42623.52361012157,673.3867120671894,25.415113633892357,690.6126533691732,136.68261933610634,47331,15389,0,0,0.7217122460167892,0.6795842412328057,0.010736395281683504,0.0004052154597240491,0.0110110435805034,0.0021792509460476137
0,registered_style,active,identity,000219,31360,22892.069836747018,21002.73181423219,-212.52632247775952,16.49872197703308,254.1970736016225,133.20855954590675,11489,19871,0,0,0.7299767167330043,0.6697299685660775,-0.006776987323908148,0.0005261072059002896,0.008105774030663983,0.0042477219242954955
0,registered_style,active,identity,000220,72128,50486.46617492521,47119.23121915804,330.8272019739171,28.610543079843378,678.5924107756396,193.29135467860277,43349,28779,0,0,0.6999565518928185,0.6532723937882382,0.00458666817288594,0.00039666347437671055,0.009408168960398729,0.0026798379918839114
0,registered_style,active,identity,000222,56448,44358.399524379696,42064.237535496126,955.0279641367804,54.660293911263786,827.6210489431733,135.8135750055336,42882,13566,0,0,0.7858276559732797,0.7451856139366518,0.016918721019996818,0.0009683300366933068,0.014661654069996692,0.0024059944551717265
0,registered_style,active,identity,000224,81536,65471.50719459035,59676.36638209416,-999.4456191011936,42.64893464957451,709.6637611393186,458.51326357564426,20528,61008,0,0,0.8029766875317693,0.7319020602199539,-0.012257721976810165,0.0005230687628725288,0.008703686238462993,0.005623445638437552
0,registered_style,active,identity,000225,31360,23604.902783586003,21846.161430961685,-29.7156486131391,11.898743300358904,307.29603144494365,111.45921422879937,15635,15725,0,0,0.752707359170472,0.6966250456301558,-0.0009475653256740783,0.0003794242123838936,0.009798980594545398,0.0035541841271938576
0,registered_style,active,identity,000230,34496,26255.081696673762,23973.802254541777,-358.1318854291077,15.645325523165466,277.5971515037454,168.13949225988225,8960,25536,0,0,0.7611051048432793,0.694973395597802,-0.010381838051632297,0.00045354028070400816,0.008047227258341413,0.00487417359287692
0,registered_style,active,identity,000232,84672,64957.30586778774,60789.69466631155,590.4194728470909,29.44497738566829,984.3979800693415,236.76391192437544,56948,27724,0,0,0.7671639487408795,0.7179432949063628,0.006973019095416323,0.00034775341772567427,0.011626015448664748,0.002796248014979869
0,registered_style,active,identity,000233,81536,60356.39003708691,56460.729309947696,525.3593775491277,29.629367303144992,876.6096799310354,222.1550827960066,52925,28611,0,0,0.7402422247484167,0.6924638111993192,0.0064432812199412244,0.0003633900032273473,0.010751197997584325,0.002724625721104869
0,registered_style,active,identity,000237,53312,42270.24957606499,38491.294081130065,-682.7195687778558,28.05768912147862,446.02334528961575,295.0861224924797,12414,40898,0,0,0.7928843332845323,0.7220005642468875,-0.012806114360328927,0.0005262921879028853,0.008366284237875445,0.005535078828265301
0,registered_style,active,identity,000239,122304,95428.43735366786,88763.28958652748,324.85014095716826,54.416409824456096,1358.130447630804,429.71878512798855,68664,53640,0,0,0.7802560615651807,0.7257594975350559,0.002656087625565544,0.00044492747436270354,0.01110454643863491,0.0035135300981814868
0,registered_style,active,identity,000242,84672,63369.75326714525,57871.19141041068,-856.8171624107198,41.4694544684314,656.6296739260182,403.46846250408356,24669,60003,0,0,0.7484145085405477,0.6834749552438903,-0.010119250311917988,0.0004897658549276196,0.007754980086994735,0.004765075379158205
0,registered_style,active,identity,000247,53312,38620.45670822845,36145.3034671105,353.7405256300068,21.97350449278993,551.9946980140568,141.66603736846304,35327,17985,0,0,0.7244233326123284,0.6779956382636273,0.006635288971151088,0.0004121680764703994,0.010354042204645423,0.0026573011211071247
0,registered_style,active,identity,000250,59584,42393.37130659621,39330.14401398017,42.02712596027946,19.69544012183671,526.5098530057982,190.97038931688678,31438,28146,0,0,0.7114891800919073,0.6600789476030506,0.000705342473823165,0.0003305491427537042,0.00883643013234758,0.003205061582251725
0,registered_style,active,identity,000256,65856,49740.77185437904,47029.86156398896,932.530814285031,36.99110449885667,836.3010620150445,151.48845748545526,51417,14439,0,0,0.7552959768947255,0.7141317657311249,0.01416014963382275,0.0005616968005778771,0.012698934979577328,0.0023002984919438664
0,registered_style,active,identity,000257,90944,68688.28706179291,63446.787828108296,-210.17947002422733,32.85239320920363,855.0835222484047,343.2061822306135,42374,48570,0,0,0.7552811297259073,0.6976467697496074,-0.0023110867129687205,0.00036123761005897733,0.009402308258361242,0.00377381885809524
0,registered_style,active,identity,000259,47040,34433.74244044983,31388.35466549918,-523.1648998690318,21.57698219365634,343.977988657175,217.01725922959685,12097,34943,0,0,0.7320098307918756,0.6672694444196254,-0.011121702803338261,0.00045869434935493923,0.0073124572418617135,0.0046134621434863275
0,registered_style,active,identity,000261,112896,85197.96991642169,78326.55840695673,-630.7808546546407,40.512129158918995,986.4949769152231,468.3790368169268,42553,70343,0,0,0.7546588888571932,0.6937939201296479,-0.00558727372674533,0.00035884468146718214,0.008738086175907234,0.004148765561374423
0,registered_style,active,identity,000263,68992,51392.21499806538,48111.887396310456,484.07937472764326,32.22523833227434,756.7661936911015,195.86040006584503,43774,25218,0,0,0.7449010754589718,0.6973545830865964,0.00701645661421097,0.0004670865945656647,0.010968897751784288,0.0028388856688579115
0,registered_style,active,identity,000264,94080,70810.80959102954,65724.74276318925,100.72470556383877,29.1761002390605,927.1770243689971,315.0828167138501,51770,42310,0,0,0.7526659182719977,0.6986048337924028,0.0010706282479149528,0.00031012011308525193,0.009855197963105836,0.0033490945654108214
0,registered_style,active,identity,000266,56448,40782.273914080986,38244.669509089086,449.63941092007343,25.829417036372682,598.1522587553825,143.00495352085423,37446,19002,0,0,0.72247509059809,0.6775203640357336,0.007965550788691777,0.0004575789582690739,0.010596518189402326,0.0025333927423620718
0,registered_style,active,identity,000267,97216,73079.43275733179,68576.98168305773,850.5138936582341,47.20790408988924,1141.248130932282,250.14643982531712,64610,32606,0,0,0.7517222757296308,0.7054083863053173,0.008748702823179662,0.00048559809177387713,0.011739303519300135,0.0025730994879990653
0,registered_style,active,identity,000281,56448,40708.67757119716,37775.98779406119,49.1632108732621,25.094586358549442,519.0021453948494,185.26429011611236,29163,27285,0,0,0.7211713005101538,0.6692174708415035,0.0008709469046425401,0.0004445611245491327,0.00919434072765819,0.0032820346179866845
0,registered_style,active,identity,000296,50176,37227.75334872812,34564.47382881085,63.600697835551756,17.13446582513658,489.8826829242811,161.20788894809704,26565,23611,0,0,0.7419434261146388,0.6888646729275122,0.0012675521730618573,0.0003414872812726519,0.009763286888637618,0.0032128485520586943
0,registered_style,active,identity,000300,59584,45261.238443908514,41981.22375623579,35.30693777004028,19.6605674953157,595.9850911915191,208.62054062302994,31569,28015,0,0,0.7596206774286471,0.7045720958014868,0.000592557360533705,0.00032996387445145847,0.010002435069675067,0.0035012845834960717
0,registered_style,active,identity,000301,78400,64729.29476280953,58716.333273561206,-1271.6323054976472,52.14677836214718,668.7713549153635,504.14650388656514,14518,63882,0,0,0.8256287597297134,0.7489328223668521,-0.01621979981502101,0.0006651374791090201,0.008530246873920453,0.006430440100593943
0,registered_style,active,identity,000303,62720,50443.37587687967,46540.325071652886,-208.14495080104228,26.23898207214868,655.3558368338541,275.1348101761298,26128,36592,0,0,0.8042630082410661,0.7420332441271187,-0.0033186376084349853,0.0004183511172217583,0.010448913214825481,0.0043867157234714575
0,registered_style,active,identity,000304,59584,45158.71195233485,41489.5084553191,-361.3917919017553,29.312967746116456,526.1411962770462,259.09509329237807,21491,38093,0,0,0.7578999723471881,0.69631962364593,-0.0060652489242373,0.0004919603877906226,0.008830242955777494,0.004348400464761985
0,registered_style,active,identity,000306,34496,24652.69528872217,22891.237402241677,44.31713484244592,11.783846330942456,313.98157108132546,107.51735247579924,18878,15618,0,0,0.7146537363381891,0.6635910656957814,0.0012847035842545778,0.0003416003690556139,0.009101970404723025,0.0031168063681528075
0,registered_style,active,identity,000307,87808,71646.34584972198,66173.08978875447,-225.2626797456885,28.622148995842206,958.3788700926104,371.5842036346414,38322,49486,0,0,0.8159432608614475,0.7536111719747002,-0.0025654004161999875,0.00032596288488340706,0.010914482394458483,0.004231780744745825
0,registered_style,active,identity,000309,78400,60283.379584070644,56531.271669316804,663.5642776349251,37.19810786304319,932.3659810300908,217.7431465410308,53707,24693,0,0,0.7689206579600848,0.721062138639245,0.008463830071874045,0.00047446566151840806,0.011892423227424627,0.0027773360528192703
0,registered_style,active,identity,000310,62720,46159.558222529595,43543.66805575497,765.2321104182286,38.005711011042095,754.7315278725237,140.67125071169144,44558,18162,0,0,0.7359623441092091,0.6942549116032362,0.012200767066617164,0.0006059584025995232,0.012033347064294063,0.0022428451962961007
0,registered_style,active,identity,000312,78400,59102.005572404945,54287.65811859025,-485.20923493762064,35.95375018238104,682.6831181271968,337.38081443701907,29824,48576,0,0,0.7538521118929202,0.6924446188595694,-0.006188893302775773,0.0004585937523262888,0.008707692833255062,0.004303326714757897
0,registered_style,active,identity,000313,65856,48831.87979526949,44742.65767517034,-512.356071749406,34.74101777903543,530.8879850970703,294.91969058652273,22343,43513,0,0,0.7414947733732612,0.6794013859810851,-0.007779945209994626,0.0005275300318731084,0.008061345740662511,0.004478250889615567
0,registered_style,active,identity,000315,68992,49305.22493976427,45711.701811085455,18.014781241540717,22.141883495564983,612.8377083512668,219.6208324600217,35576,33416,0,0,0.7146513355137447,0.6625652512042767,0.00026111406020322235,0.0003209340720020435,0.008882735800545959,0.003183279691268867
0,registered_style,active,identity,000316,68992,49349.98711924674,45773.681251929025,38.510808865836324,28.780761925980297,626.5275332889005,220.48790278510648,35377,33615,0,0,0.7153001379760949,0.66346360812745,0.0005581923826796777,0.00041716085815718195,0.009081162066455538,0.0031958473849882088
0,registered_style,active,identity,000318,81536,61626.08039309291,58199.41877744056,1087.3615097133722,42.18058280164502,1028.8438395859646,179.50555990772767,63381,18155,0,0,0.7558143690283177,0.7137880050215925,0.013335968280432842,0.0005173246517077736,0.012618277074984849,0.002201549743766283
0,registered_style,active,identity,000319,65856,48610.387204709696,44994.97365659848,-54.771518383242324,27.663176166555203,614.343165670031,231.78166970877643,31518,34338,0,0,0.7381314869519815,0.6832327146592334,-0.0008316860784627418,0.0004200555175922498,0.009328583054999257,0.0035195224384836073
0,registered_style,active,identity,000321,65856,51233.310873218696,46625.01239382359,-855.5310050470008,32.46541471920848,524.4786985483372,350.10130958332854,14411,51445,0,0,0.7779596524723441,0.7079842746875545,-0.012990934843400765,0.0004929758065963388,0.00796402299787927,0.005316164200427122
0,registered_style,active,identity,000322,47040,35388.19515462173,32965.39280621428,169.33283646829986,16.948710322546106,484.5142306620431,149.01105870154575,28485,18555,0,0,0.7523000670625368,0.7007949150980927,0.003599762680023381,0.00036030421604052096,0.01030004742053663,0.003167752098247146
0,registered_style,active,identity,000324,59584,45495.67832299974,41837.22844540817,-325.95586297566217,28.115974185024193,543.0309594313728,259.4083919909392,23571,36013,0,0,0.7635552887184435,0.7021554183238481,-0.005470526701390678,0.00047187121014071213,0.009113704340617831,0.004353658565905935
0,registered_style,active,identity,000325,65856,47081.61001525965,43812.6711786259,179.72242873779663,28.610939255157582,622.7821110887012,199.2438325088186,38188,27668,0,0,0.7149175476078057,0.6652798709096498,0.002729021330445163,0.000434446963908491,0.009456725447775467,0.0030254469222063076
0,registered_style,active,identity,000327,62720,47307.3268664832,43690.73542594217,-151.39673543570825,31.647782150043376,597.8277653348792,251.06391633741944,28836,33884,0,0,0.7542622268253061,0.6965997357452515,-0.002413851011411165,0.000504588363361661,0.009531692687099478,0.0040029323395634475
0,registered_style,active,identity,000328,65856,52534.16638510884,48696.10898168292,9.99589513776579,28.7618592735798,724.2446164997048,261.77613749976604,34291,31565,0,0,0.7977126819896264,0.7394331417286644,0.00015178412198988385,0.0004367386308548925,0.010997397602340026,0.003974977792452716
0,registered_style,active,cross_camera,000011,0,0.0,0.0,0.0,0.0,0.0,0.0,0,0,0,0,,,,,,
0,registered_style,active,cross_camera,000013,0,0.0,0.0,0.0,0.0,0.0,0.0,0,0,0,0,,,,,,
0,registered_style,active,cross_camera,000017,0,0.0,0.0,0.0,0.0,0.0,0.0,0,0,0,0,,,,,,
0,registered_style,active,cross_camera,000018,0,0.0,0.0,0.0,0.0,0.0,0.0,0,0,0,0,,,,,,
0,registered_style,active,cross_camera,000020,0,0.0,0.0,0.0,0.0,0.0,0.0,0,0,0,0,,,,,,
0,registered_style,active,cross_camera,000021,0,0.0,0.0,0.0,0.0,0.0,0.0,0,0,0,0,,,,,,
0,registered_style,active,cross_camera,000023,0,0.0,0.0,0.0,0.0,0.0,0.0,0,0,0,0,,,,,,
0,registered_style,active,cross_camera,000024,0,0.0,0.0,0.0,0.0,0.0,0.0,0,0,0,0,,,,,,
0,registered_style,active,cross_camera,000026,0,0.0,0.0,0.0,0.0,0.0,0.0,0,0,0,0,,,,,,
0,registered_style,active,cross_camera,000027,0,0.0,0.0,0.0,0.0,0.0,0.0,0,0,0,0,,,,,,
0,registered_style,active,cross_camera,000029,0,0.0,0.0,0.0,0.0,0.0,0.0,0,0,0,0,,,,,,
0,registered_style,active,cross_camera,000030,0,0.0,0.0,0.0,0.0,0.0,0.0,0,0,0,0,,,,,,
0,registered_style,active,cross_camera,000032,0,0.0,0.0,0.0,0.0,0.0,0.0,0,0,0,0,,,,,,
0,registered_style,active,cross_camera,000033,0,0.0,0.0,0.0,0.0,0.0,0.0,0,0,0,0,,,,,,
0,registered_style,active,cross_camera,000035,0,0.0,0.0,0.0,0.0,0.0,0.0,0,0,0,0,,,,,,
0,registered_style,active,cross_camera,000036,0,0.0,0.0,0.0,0.0,0.0,0.0,0,0,0,0,,,,,,
0,registered_style,active,cross_camera,000038,0,0.0,0.0,0.0,0.0,0.0,0.0,0,0,0,0,,,,,,
0,registered_style,active,cross_camera,000039,0,0.0,0.0,0.0,0.0,0.0,0.0,0,0,0,0,,,,,,
0,registered_style,active,cross_camera,000041,0,0.0,0.0,0.0,0.0,0.0,0.0,0,0,0,0,,,,,,
0,registered_style,active,cross_camera,000042,0,0.0,0.0,0.0,0.0,0.0,0.0,0,0,0,0,,,,,,
0,registered_style,active,cross_camera,000044,0,0.0,0.0,0.0,0.0,0.0,0.0,0,0,0,0,,,,,,
0,registered_style,active,cross_camera,000045,0,0.0,0.0,0.0,0.0,0.0,0.0,0,0,0,0,,,,,,
0,registered_style,active,cross_camera,000047,0,0.0,0.0,0.0,0.0,0.0,0.0,0,0,0,0,,,,,,
0,registered_style,active,cross_camera,000048,0,0.0,0.0,0.0,0.0,0.0,0.0,0,0,0,0,,,,,,
0,registered_style,active,cross_camera,000050,0,0.0,0.0,0.0,0.0,0.0,0.0,0,0,0,0,,,,,,
0,registered_style,active,cross_camera,000051,0,0.0,0.0,0.0,0.0,0.0,0.0,0,0,0,0,,,,,,
0,registered_style,active,cross_camera,000098,0,0.0,0.0,0.0,0.0,0.0,0.0,0,0,0,0,,,,,,
0,registered_style,active,cross_camera,000114,0,0.0,0.0,0.0,0.0,0.0,0.0,0,0,0,0,,,,,,
0,registered_style,active,cross_camera,000128,0,0.0,0.0,0.0,0.0,0.0,0.0,0,0,0,0,,,,,,
0,registered_style,active,cross_camera,000149,0,0.0,0.0,0.0,0.0,0.0,0.0,0,0,0,0,,,,,,
0,registered_style,active,cross_camera,000151,0,0.0,0.0,0.0,0.0,0.0,0.0,0,0,0,0,,,,,,
0,registered_style,active,cross_camera,000152,0,0.0,0.0,0.0,0.0,0.0,0.0,0,0,0,0,,,,,,
0,registered_style,active,cross_camera,000154,0,0.0,0.0,0.0,0.0,0.0,0.0,0,0,0,0,,,,,,
0,registered_style,active,cross_camera,000155,0,0.0,0.0,0.0,0.0,0.0,0.0,0,0,0,0,,,,,,
0,registered_style,active,cross_camera,000182,0,0.0,0.0,0.0,0.0,0.0,0.0,0,0,0,0,,,,,,
0,registered_style,active,cross_camera,000183,0,0.0,0.0,0.0,0.0,0.0,0.0,0,0,0,0,,,,,,
0,registered_style,active,cross_camera,000185,0,0.0,0.0,0.0,0.0,0.0,0.0,0,0,0,0,,,,,,
0,registered_style,active,cross_camera,000186,0,0.0,0.0,0.0,0.0,0.0,0.0,0,0,0,0,,,,,,
0,registered_style,active,cross_camera,000188,0,0.0,0.0,0.0,0.0,0.0,0.0,0,0,0,0,,,,,,
0,registered_style,active,cross_camera,000189,0,0.0,0.0,0.0,0.0,0.0,0.0,0,0,0,0,,,,,,
0,registered_style,active,cross_camera,000191,27888,18812.841354601667,17364.417114847805,-70.41024978693491,10.067485545598467,212.77681382680862,88.84453666158151,12095,15793,0,0,0.6745855333692509,0.6226483474916741,-0.0025247507812297372,0.000360997043373439,0.007629690685126528,0.00318576221534644
0,registered_style,active,cross_camera,000193,0,0.0,0.0,0.0,0.0,0.0,0.0,0,0,0,0,,,,,,
0,registered_style,active,cross_camera,000195,45248,31992.186800397118,29282.009407440317,-366.7950112306603,16.94341562518607,332.3779101036459,179.6894253455188,13690,31558,0,0,0.707040903474123,0.6471448330852262,-0.008106325389645074,0.00037445667488476993,0.007345692850593306,0.003971212547416876
0,registered_style,active,cross_camera,000197,0,0.0,0.0,0.0,0.0,0.0,0.0,0,0,0,0,,,,,,
0,registered_style,active,cross_camera,000200,70672,51125.35447338433,47730.31714948779,349.82249703153127,32.30418436952747,710.051249620268,203.39964088093473,42243,28429,0,0,0.7234173997252706,0.675378044338462,0.004949944773482161,0.00045710018634717385,0.01004713676732324,0.0028780795913648225
0,registered_style,active,cross_camera,000201,71792,52937.94388925878,48795.108211132,-265.20624913894443,27.04132064578484,616.2250145710207,279.3498037529351,31936,39856,0,0,0.737379427920364,0.679673337017105,-0.003694091948113222,0.00037666203261902217,0.008583477470623756,0.0038910993391037315
0,registered_style,active,cross_camera,000209,51632,36367.65568464546,33179.13075797213,-524.6456449037316,26.158522531499315,355.35178276390747,224.2559431751754,15262,36370,0,0,0.7043627146855722,0.6426078935151095,-0.010161249707617982,0.0005066339194975851,0.006882394305157798,0.004343351858831256
0,registered_style,active,cross_camera,000212,50624,37333.52029968839,34785.13428777183,186.24148522655378,23.023992650503764,518.1543293815135,155.96986338117742,29219,21405,0,0,0.7374668200791796,0.6871273365947342,0.003678916822585212,0.0004548039003339081,0.010235349426784007,0.0030809470484587827
0,registered_style,active,cross_camera,000215,0,0.0,0.0,0.0,0.0,0.0,0.0,0,0,0,0,,,,,,
0,registered_style,active,cross_camera,000216,0,0.0,0.0,0.0,0.0,0.0,0.0,0,0,0,0,,,,,,
0,registered_style,active,cross_camera,000217,29904,20438.99594973901,19207.1713204477,265.3028821108116,11.247102213211654,288.54912980215914,62.995219580476714,21418,8486,0,0,0.6834870234663928,0.6422943860502842,0.008871819225214406,0.000376106949344959,0.009649181708204894,0.0021065817141678943
0,registered_style,active,cross_camera,000219,0,0.0,0.0,0.0,0.0,0.0,0.0,0,0,0,0,,,,,,
0,registered_style,active,cross_camera,000220,37632,25339.538599140593,23583.554410295445,100.10113238579892,14.430279558059711,316.40603722550077,100.8884919437416,21298,16334,0,0,0.6733508343734214,0.6266888395592964,0.0026600003291294355,0.00038345768383449486,0.008407898523211648,0.002680922936430208
0,registered_style,active,cross_camera,000222,0,0.0,0.0,0.0,0.0,0.0,0.0,0,0,0,0,,,,,,
0,registered_style,active,cross_camera,000224,0,0.0,0.0,0.0,0.0,0.0,0.0,0,0,0,0,,,,,,
0,registered_style,active,cross_camera,000225,0,0.0,0.0,0.0,0.0,0.0,0.0,0,0,0,0,,,,,,
0,registered_style,active,cross_camera,000230,0,0.0,0.0,0.0,0.0,0.0,0.0,0,0,0,0,,,,,,
0,registered_style,active,cross_camera,000232,44240,33205.28022559738,31050.475903315644,277.43543508234706,14.79161362480027,487.516141505523,121.39105191612967,29196,15044,0,0,0.7505714336708269,0.7018642835288347,0.0062711445543026005,0.00033434931339964446,0.011019804283578731,0.0027439207033483196
0,registered_style,active,cross_camera,000233,40320,28491.740606617474,26621.102636940777,216.34168503793157,14.172666422275837,390.2884298772776,104.6870030624469,25300,15020,0,0,0.7066403920292033,0.6602456011146026,0.0053656171884407635,0.0003515046235683491,0.009679772566400735,0.002596403845794814
0,registered_style,active,cross_camera,000237,0,0.0,0.0,0.0,0.0,0.0,0.0,0,0,0,0,,,,,,
0,registered_style,active,cross_camera,000239,38416,26298.455454826006,24433.35436472486,61.22353296850842,17.652271412272558,328.1195344791471,111.34193856389005,20699,17717,0,0,0.6845703731472825,0.6360202614724297,0.0015936987965563417,0.00045950310839943146,0.008541220701768718,0.0028983220159280003
0,registered_style,active,cross_camera,000242,0,0.0,0.0,0.0,0.0,0.0,0.0,0,0,0,0,,,,,,
0,registered_style,active,cross_camera,000247,0,0.0,0.0,0.0,0.0,0.0,0.0,0,0,0,0,,,,,,
0,registered_style,active,cross_camera,000250,31584,21889.07198703813,20296.280012139585,10.551552906927396,10.36844450255181,263.4135471267291,98.16805192146536,16426,15158,0,0,0.6930430593667087,0.6426127156832442,0.0003340790560703963,0.0003282815508660021,0.008340094577214067,0.003108157672285504
0,registered_style,active,cross_camera,000256,0,0.0,0.0,0.0,0.0,0.0,0.0,0,0,0,0,,,,,,
0,registered_style,active,cross_camera,000257,43792,31629.777061060653,29215.835297324462,-97.10538223897194,16.18623363146232,378.8616262829717,152.82911989479152,20499,23293,0,0,0.7222729507914837,0.6671500570269561,-0.0022174228680802875,0.0003696162228594793,0.008651388981617,0.0034898867349011584
0,registered_style,active,cross_camera,000259,0,0.0,0.0,0.0,0.0,0.0,0.0,0,0,0,0,,,,,,
0,registered_style,active,cross_camera,000261,53312,38139.16617646173,35036.43690609257,-309.08935355870824,19.21776150251697,416.24830771929305,203.79854117721473,19917,33395,0,0,0.7153955240182648,0.6571960704174026,-0.0057977444770165865,0.00036047721905981716,0.007807778881289261,0.003822751747771885
0,registered_style,active,cross_camera,000263,0,0.0,0.0,0.0,0.0,0.0,0.0,0,0,0,0,,,,,,
0,registered_style,active,cross_camera,000264,0,0.0,0.0,0.0,0.0,0.0,0.0,0,0,0,0,,,,,,
0,registered_style,active,cross_camera,000266,0,0.0,0.0,0.0,0.0,0.0,0.0,0,0,0,0,,,,,,
0,registered_style,active,cross_camera,000267,0,0.0,0.0,0.0,0.0,0.0,0.0,0,0,0,0,,,,,,
0,registered_style,active,cross_camera,000281,0,0.0,0.0,0.0,0.0,0.0,0.0,0,0,0,0,,,,,,
0,registered_style,active,cross_camera,000296,0,0.0,0.0,0.0,0.0,0.0,0.0,0,0,0,0,,,,,,
0,registered_style,active,cross_camera,000300,0,0.0,0.0,0.0,0.0,0.0,0.0,0,0,0,0,,,,,,
0,registered_style,active,cross_camera,000301,0,0.0,0.0,0.0,0.0,0.0,0.0,0,0,0,0,,,,,,
0,registered_style,active,cross_camera,000303,0,0.0,0.0,0.0,0.0,0.0,0.0,0,0,0,0,,,,,,
0,registered_style,active,cross_camera,000304,0,0.0,0.0,0.0,0.0,0.0,0.0,0,0,0,0,,,,,,
0,registered_style,active,cross_camera,000306,0,0.0,0.0,0.0,0.0,0.0,0.0,0,0,0,0,,,,,,
0,registered_style,active,cross_camera,000307,0,0.0,0.0,0.0,0.0,0.0,0.0,0,0,0,0,,,,,,
0,registered_style,active,cross_camera,000309,0,0.0,0.0,0.0,0.0,0.0,0.0,0,0,0,0,,,,,,
0,registered_style,active,cross_camera,000310,0,0.0,0.0,0.0,0.0,0.0,0.0,0,0,0,0,,,,,,
0,registered_style,active,cross_camera,000312,0,0.0,0.0,0.0,0.0,0.0,0.0,0,0,0,0,,,,,,
0,registered_style,active,cross_camera,000313,0,0.0,0.0,0.0,0.0,0.0,0.0,0,0,0,0,,,,,,
0,registered_style,active,cross_camera,000315,0,0.0,0.0,0.0,0.0,0.0,0.0,0,0,0,0,,,,,,
0,registered_style,active,cross_camera,000316,0,0.0,0.0,0.0,0.0,0.0,0.0,0,0,0,0,,,,,,
0,registered_style,active,cross_camera,000318,0,0.0,0.0,0.0,0.0,0.0,0.0,0,0,0,0,,,,,,
0,registered_style,active,cross_camera,000319,0,0.0,0.0,0.0,0.0,0.0,0.0,0,0,0,0,,,,,,
0,registered_style,active,cross_camera,000321,0,0.0,0.0,0.0,0.0,0.0,0.0,0,0,0,0,,,,,,
0,registered_style,active,cross_camera,000322,0,0.0,0.0,0.0,0.0,0.0,0.0,0,0,0,0,,,,,,
0,registered_style,active,cross_camera,000324,0,0.0,0.0,0.0,0.0,0.0,0.0,0,0,0,0,,,,,,
0,registered_style,active,cross_camera,000325,0,0.0,0.0,0.0,0.0,0.0,0.0,0,0,0,0,,,,,,
0,registered_style,active,cross_camera,000327,0,0.0,0.0,0.0,0.0,0.0,0.0,0,0,0,0,,,,,,
0,registered_style,active,cross_camera,000328,0,0.0,0.0,0.0,0.0,0.0,0.0,0,0,0,0,,,,,,
0,registered_style,inactive,identity,000011,78400,63702.27108245081,59924.141157497186,1055.8639850611028,46.251125610985,1097.3242322598696,218.47548800128908,59046,19354,0,0,0.8125289678884032,0.764338535172158,0.01346765287067733,0.000589937826670727,0.013996482554335072,0.0027866771428735853
0,registered_style,inactive,identity,000013,94080,73444.89771810011,68752.74030967825,881.1476285591133,52.394845797198485,1124.7855410682357,287.9935909891618,63808,30272,0,0,0.7806643039764042,0.7307901818630766,0.009365939929412344,0.0005569180037967526,0.011955628625300125,0.003061156366806567
0,registered_style,inactive,identity,000017,65856,51468.71472362749,47293.74029918271,-269.31377369222287,23.47618332654483,604.5163485446462,297.16589756689876,27610,38246,0,0,0.7815341764399218,0.7181386707237414,-0.004089434124335259,0.00035647751649879784,0.009179366322653155,0.004512358745853055
0,registered_style,inactive,identity,000018,112896,93039.81635347987,86644.44932782813,664.8821302925943,55.0841766178635,1398.5197444984146,444.27470360535693,67794,45102,0,0,0.8241196885051717,0.7674713836436023,0.0058893329284704,0.00048791964832999837,0.012387681977203928,0.003935256374055386
0,registered_style,inactive,identity,000020,65856,54104.57232155616,50476.695960832294,477.80415367784497,32.71312238848768,836.2404106304093,236.8257994952071,41632,24224,0,0,0.8215587390906851,0.7664707234091396,0.007255286590103331,0.0004967371596891351,0.012698014009815496,0.0035961157600705646
0,registered_style,inactive,identity,000021,87808,65788.8978427762,63735.319619007874,2938.757624147343,130.78981495587223,1463.5187436079534,89.03624228734958,83933,3875,0,0,0.7492358081584389,0.7258486654861501,0.03346799407966635,0.0014894977104121746,0.016667259744077456,0.0010139878175946335
0,registered_style,inactive,identity,000023,90944,72215.13897886232,68000.28214016446,1265.1289781791927,49.693799758265165,1198.3497153502253,246.47506759387667,69105,21839,0,0,0.7940616091095875,0.7477159806052567,0.013911076906439047,0.0005464219713039361,0.01317678698265114,0.002710185032480171
0,registered_style,inactive,identity,000024,97216,80569.95981726848,73644.01834528695,-811.957017915451,53.560902845781634,926.8274436639762,566.2744776108572,35029,62187,0,0,0.8287726281401053,0.7575298134595844,-0.008352092432474603,0.0005509474041904792,0.009533692434002388,0.005824910278255197
0,registered_style,inactive,identity,000026,78400,60509.96693189425,56415.933790642535,497.71542082664666,38.34519727252515,891.7692508440704,249.04114188446653,48850,29550,0,0,0.7718108027027327,0.7195909922275834,0.006348410979931718,0.0004890969039862902,0.011374607791378449,0.003176545177097787
0,registered_style,inactive,identity,000027,90944,70587.51641104114,65116.41488108711,-114.62649922252383,48.71369654840877,898.1420001545897,390.0592042618485,44330,46614,0,0,0.7761646333022645,0.7160056175348248,-0.0012604074949696938,0.0005356449743623413,0.009875769706133332,0.0042890042692409446
0,registered_style,inactive,identity,000029,84672,65266.81257383904,61252.88450436818,938.7897716192176,48.6368548246127,1023.0238340758729,239.50559403942006,58512,26160,0,0,0.7708193094982879,0.7234136964329198,0.011087369751738681,0.0005744148576225045,0.012082197586874916,0.002828628047517716
0,registered_style,inactive,identity,000030,94080,74997.72762013227,72706.37621584896,3399.788839546041,176.7387828127026,1808.1962531520337,118.31903579967924,88827,5253,0,0,0.7971697238534468,0.7728143730426122,0.03613721130469856,0.0018786010077880802,0.01921977309897995,0.0012576428124965906
0,registered_style,inactive,identity,000032,100352,81670.1453224278,74268.77430008969,-1203.8999053720067,54.32568237497029,873.5446777256824,591.6004958950429,25499,74853,0,0,0.8138367478717693,0.7400826520656258,-0.011996770421835208,0.0005413512672888461,0.008704805860627416,0.005895253666045947
0,registered_style,inactive,identity,000033,78400,63843.58171489567,59430.78784503613,431.9232800813539,42.63474215295782,961.0499552442213,297.2012713853459,45391,33009,0,0,0.8143313994246897,0.7580457633295425,0.0055092255112417585,0.0005438104866448702,0.012258290245462006,0.003790832543180432
0,registered_style,inactive,identity,000035,100352,80277.3873731104,74716.77240986016,531.167873993297,41.090415315900096,1146.6908531178808,368.12770879905105,65051,35301,0,0,0.79995802149544,0.744546918943919,0.005293047213740603,0.00040946284394830293,0.011426686594366638,0.003668364445143605
0,registered_style,inactive,identity,000036,94080,71811.13923415216,65952.00061091501,-409.8099912985815,34.0984025401216,820.6509511076762,407.94974361878786,39541,54539,0,0,0.7632986738323996,0.7010204146568347,-0.004355973546966215,0.000362440503190068,0.00872290551772615,0.004336200506152082
0,registered_style,inactive,identity,000038,97216,77847.1765369291,73317.56870544702,1377.7604757528295,57.8569311249521,1311.1035210422099,266.0612418374713,74381,22835,0,0,0.800765064772559,0.7541718308246278,0.014172157625831442,0.0005951379518284243,0.013486499352392711,0.002736805071567142
0,registered_style,inactive,identity,000039,100352,83602.15974764014,78233.691895316,975.6125739623383,49.972297072858325,1337.4222055826574,347.73036398277907,68608,31744,0,0,0.8330891237607635,0.7795927524644851,0.009721904635307102,0.0004979701159205429,0.013327309924890958,0.003465106465070742
0,registered_style,inactive,identity,000041,84672,71765.5109276388,64282.76501668873,-2036.8797451380913,90.57027742187037,613.9253513444318,724.3989753605043,10940,73732,0,0,0.8475707545308815,0.7591974326422989,-0.024056119438989172,0.001069660305908333,0.007250630094298372,0.008555354489801874
0,registered_style,inactive,identity,000042,94080,75556.83807606937,70480.06618468044,656.7959848167882,32.32343430139651,1130.9452938671177,313.9511384648494,61256,32824,0,0,0.8031126496180843,0.7491503633575728,0.00698124983861382,0.0003435739190199459,0.01202110218821341,0.0033370656724580083
0,registered_style,inactive,identity,000044,94080,73976.40784615825,69038.36471699586,675.5951122473263,45.78858604435297,1102.235850199034,313.1196516494067,58752,35328,0,0,0.7863138589089951,0.733826155580313,0.007181070495826172,0.00048669840608368375,0.01171594228527885,0.0033282275898108707
0,registered_style,inactive,identity,000045,72128,56945.821473419724,53289.102645093575,664.567517132449,35.49025927331533,881.2697596524656,222.98364735310466,50061,22067,0,0,0.7895106127082371,0.7388129803279389,0.009213724450039498,0.0004920455200936576,0.012218136641144432,0.0030914991037198406
0,registered_style,inactive,identity,000047,87808,71329.69045647321,67485.51063746942,1568.6144724828896,66.37700429100563,1319.1637448264637,205.98695402845416,69875,17933,0,0,0.8123370359929984,0.7685576557656412,0.01786414076716119,0.0007559334490138214,0.015023275155184763,0.0023458791229552453
0,registered_style,inactive,identity,000048,103488,76101.74447362259,70808.63008846331,481.80326025467895,38.33963483140708,1010.7010617790365,327.71330137693246,63653,39835,0,0,0.7353678153372621,0.6842206834460354,0.004655643748595769,0.00037047420794108577,0.009766359981631074,0.0031666792418148237
0,registered_style,inactive,identity,000050,87808,71736.22601882153,65558.54700175277,-734.0351122291602,37.5677182896999,813.9450698325002,478.91310149358446,27544,60264,0,0,0.8169668597260105,0.746612461299116,-0.008359547105379466,0.00042783935734443216,0.0092696003761901,0.005454094176995086
0,registered_style,inactive,identity,000051,94080,78971.20318845485,71759.72832981509,-1218.810722922743,63.98023242218415,865.0070304146988,618.2880483227166,23561,70519,0,0,0.8394047957956511,0.7627522143900413,-0.012955045949433919,0.00068006199428342,0.00919437744913583,0.006571939289144521
0,registered_style,inactive,identity,000098,90944,71405.43195467576,66700.90912929887,714.0190467662649,37.9214375799476,1067.4325510428405,286.8979244973754,61795,29149,0,0,0.7851582507331518,0.7334283639305383,0.007851194655681131,0.0004169756947126539,0.011737250957103717,0.0031546657778124495
0,registered_style,inactive,identity,000114,106624,82787.79682367225,76789.94996619411,284.43631498817024,39.96917196824042,1105.8440204408287,384.77347838073814,60972,45652,0,0,0.7764461736914039,0.7201938584764603,0.002667657516020504,0.0003748609315748839,0.010371436266139225,0.003608694837754522
0,registered_style,inactive,identity,000128,100352,79706.64311686746,72956.56096740277,-701.6097658670509,50.64661938166186,903.1988399076057,520.3125843043704,36523,63829,0,0,0.7942705986613865,0.7270065466298904,-0.006991487622240223,0.000504689686121471,0.009000307317319094,0.005184875082752415
0,registered_style,inactive,identity,000149,100352,86231.13942244218,78596.63567576441,-1090.925382223654,50.73662739795375,971.3568547529648,636.342328194061,28023,72329,0,0,0.8592867050227417,0.7832094594603437,-0.010870987944671296,0.000505586609115451,0.00967949671907849,0.006341102600785844
0,registered_style,inactive,identity,000151,103488,80978.23874083266,74922.13405143662,88.86167154022783,52.03302016889831,1079.2757162984315,420.2943617940552,52838,50650,0,0,0.7824891653218988,0.7239692916225708,0.0008586664303129622,0.0005027927892016302,0.010428993857243656,0.004061285963532537
0,registered_style,inactive,identity,000152,94080,73260.89942180371,68725.95495581214,1024.398013161613,42.51475774330249,1159.719636049509,258.59863728665874,67638,26442,0,0,0.7787085397725735,0.7305054735949419,0.010888584323571569,0.00045190006104700776,0.01232695191379155,0.0027487100051728185
0,registered_style,inactive,identity,000154,81536,64301.87029427744,60925.71510630753,1503.3388100191996,62.04433469813136,1163.340549354302,185.9520637734787,66324,15212,0,0,0.7886316509796586,0.747224724125632,0.018437730695879118,0.000760944057816564,0.014267814822339851,0.00228061302704914
0,registered_style,inactive,identity,000155,87808,68443.07916372782,63778.59488573903,529.2619140722105,35.858884439662425,981.1577618612794,290.22084061207426,54528,33280,0,0,0.7794629095723375,0.7263415051673997,0.006027490821704292,0.00040837833044440625,0.01117389943810677,0.003305175389623659
0,registered_style,inactive,identity,000182,97216,79068.50680449145,73318.15523821447,249.69637349208932,37.35653339820178,1098.3676686354977,399.76480733788424,53388,43828,0,0,0.8133281229889262,0.7541778641192239,0.002568469937994665,0.00038426322208486035,0.011298219106273636,0.004112129766066123
0,registered_style,inactive,identity,000183,116032,93106.81999601336,85836.18441776326,-205.30190656635122,51.94197188022539,1198.726223159343,514.6078054032299,55443,60589,0,0,0.8024236417196409,0.739763034488445,-0.0017693559239378035,0.0004476521294145183,0.01033099682121607,0.004435050722242398
0,registered_style,inactive,identity,000185,68992,56393.23283547128,52667.29122605105,553.4120064010085,33.801587224769996,872.2328966927925,238.9492018644831,45147,23845,0,0,0.8173879991226705,0.7633825838655358,0.008021393877565638,0.000489934879765335,0.01264252227349247,0.0034634334685830688
0,registered_style,inactive,identity,000186,28224,22488.486915747577,20739.154496038333,-42.81227609512282,8.05521132113542,282.23174398540107,119.26588689246954,12781,15443,0,0,0.7967859593164532,0.7348056439922879,-0.0015168748616469253,0.00028540289544839217,0.009999707482475945,0.004225690436949743
0,registered_style,inactive,identity,000188,62720,48436.6583666153,45180.85501188133,419.772218743275,24.24065855244564,697.4856150819206,198.96302512139522,40556,22164,0,0,0.7722681499779226,0.7203580199598426,0.00669279685496293,0.00038649009171628894,0.011120625240464296,0.003172242109716123
0,registered_style,inactive,identity,000189,43904,35322.3850289204,33034.43236362154,392.45717277417816,24.107774699115513,546.9164643476969,145.89230612642646,29348,14556,0,0,0.8045368310158618,0.7524242065329251,0.008938984438187367,0.0005491020111861223,0.012457098768852426,0.0033229843778796115
0,registered_style,inactive,identity,000191,56448,43739.55835319648,40091.2502625708,-329.1680487829053,24.563848359388917,503.1783512472493,266.81783720338404,20982,35466,0,0,0.7748646250211961,0.7102333167263818,-0.005831350070558838,0.0004351588782488116,0.008914015576233867,0.00472678991644317
0,registered_style,inactive,identity,000193,31360,24909.761096353875,22646.548283364158,-372.9562900496919,16.21359701277624,259.83425546390436,179.5500288994749,7929,23431,0,0,0.7943163614908761,0.7221475855664591,-0.011892738840870278,0.0005170152108665893,0.008285531105354092,0.005725447350110807
0,registered_style,inactive,identity,000195,87808,69102.69730685098,62848.45006659324,-1010.4464734914648,41.95972121828259,702.6992448308413,485.8354028184352,21608,66200,0,0,0.7869749602183285,0.7157485658094165,-0.011507453460863074,0.0004778576122708932,0.008002679081983889,0.005532928694634147
0,registered_style,inactive,identity,000197,81536,65407.96404266404,62634.47995910875,2189.94491946191,89.82998524946208,1366.393702144751,130.6315564805548,74781,6755,0,0,0.8021973611982932,0.7681819068768243,0.02685862587644611,0.0011017217578672253,0.016758164518062585,0.00160213349294244
0,registered_style,inactive,identity,000200,94080,73499.31941594614,68243.56969198585,321.68505834199874,42.80635338951308,1008.7680022416222,354.1203414190977,52560,41520,0,0,0.7812427659007881,0.7253780792090332,0.003419271453465123,0.00045499950456540263,0.010722449003418602,0.003764034241274423
0,registered_style,inactive,identity,000201,109760,87579.16784583381,80459.07854732173,-474.21691724391206,45.628384999428285,1042.7845815792996,531.356626507433,47045,62715,0,0,0.7979151589452789,0.7330455407008175,-0.00432048940637675,0.00041571050473240053,0.00950058838902423,0.004841077136547313
0,registered_style,inactive,identity,000209,78400,61166.15958063601,55810.02680244716,-714.5895822000576,37.896753504328785,647.0412630185272,407.7372701227696,25208,53192,0,0,0.7801806068958675,0.7118625867659076,-0.009114663038266042,0.00048337695796337734,0.00825307733441999,0.005200730486259816
0,registered_style,inactive,identity,000212,75264,60386.15080896695,56670.10175973698,866.3038292405363,41.784564212568824,985.1089477574944,225.28533662198313,54416,20848,0,0,0.8023244952296842,0.7529509693842604,0.011510201812826004,0.000555173312773289,0.013088713697883376,0.0029932681842844274
0,registered_style,inactive,identity,000215,84672,68620.18319539947,63012.932056795806,-400.065554257397,34.56824734405974,830.5571695880452,420.1023972554627,34992,49680,0,0,0.8104235543674352,0.7442003502550525,-0.004724886081082259,0.00040826066874598147,0.009809112452617692,0.004961526800541651
0,registered_style,inactive,identity,000216,68992,53233.69419832982,49018.86664920079,-175.2328974839571,25.48697723270631,638.5785925570971,294.16152188760265,31194,37798,0,0,0.7715922744423964,0.7105007341315049,-0.0025399016912679307,0.00036941931285810396,0.009255835351303008,0.004263704804725224
0,registered_style,inactive,identity,000217,59584,46720.48040741056,44029.24722224305,854.1116498709199,33.83586277307527,782.2743279820048,148.86183150767448,47093,12491,0,0,0.7841111776216864,0.738944133026367,0.014334580589938908,0.0005678682661968863,0.01312893273331775,0.002498352435346309
0,registered_style,inactive,identity,000219,31360,25141.875666795357,22838.08683113882,-395.91849140569116,19.254255918597487,258.77284135309884,188.40573909268923,8158,23202,0,0,0.8017179740687295,0.7282553198704981,-0.012624951894314132,0.0006139749974042566,0.008251684992126876,0.006007836068006672
0,registered_style,inactive,identity,000220,97216,71896.03514383087,67197.25575817144,756.9915018439383,38.48563097144687,1017.1464937383456,271.36957393943504,66107,31109,0,0,0.7395494069271609,0.6912160113373461,0.007786696653266317,0.00039587754044032736,0.010462747837170277,0.002791408553524472
0,registered_style,inactive,identity,000222,68992,56177.80558144947,53806.69635774125,1891.8968739429895,96.09430499243443,1203.5937954070914,136.1956309767054,60021,8971,0,0,0.8142655029778738,0.7798976165025112,0.027421974633913923,0.0013928325746816214,0.017445410995580522,0.001974078602978684
0,registered_style,inactive,identity,000224,43904,37442.03820825333,34014.66360107367,-586.1166488413913,21.354646079648383,400.2310299313775,288.4271584858046,9126,34778,0,0,0.8528161035043125,0.7747509019923849,-0.01334996011391653,0.000486394088913274,0.009116049333349524,0.0065694961389806085
0,registered_style,inactive,identity,000225,31360,24785.30403988791,23108.41618241486,203.92434515010612,16.331695534034004,372.31722541956145,107.32233381654655,20126,11234,0,0,0.7903477053535686,0.7368755160208821,0.006502689577490629,0.00052078110759037,0.011872360504450301,0.00342226829772151
0,registered_style,inactive,identity,000230,28224,22804.51534005633,20680.42107535014,-393.5925667056825,15.066194603954264,228.9468361415927,174.218781778934,5225,22999,0,0,0.807983111538277,0.7327246696198321,-0.013945314863438297,0.000533807915389536,0.008111778491411306,0.006172717608380598
0,registered_style,inactive,identity,000232,97216,78034.74058387172,73105.84134278737,992.7022080032998,42.22719374610748,1244.951030030649,289.6716339206953,69702,27514,0,0,0.8026944184483185,0.751993924279824,0.010211304805827229,0.00043436464929751773,0.012806030180532516,0.002979670362087468
0,registered_style,inactive,identity,000233,100352,78243.64136329544,73174.9563774243,868.7687252846039,51.90796875335582,1189.9119643238867,313.75401475644685,67426,32926,0,0,0.7796918981514612,0.7291828401768206,0.008657213860058632,0.0005172589360785616,0.011857381659796383,0.003126534745261149
0,registered_style,inactive,identity,000237,72128,59986.836845037295,54672.93178881146,-761.8537861127643,38.8894075295974,663.3245811987616,436.7210143197163,20766,51362,0,0,0.8316719837654905,0.757998721561827,-0.01056252476309844,0.0005391721318988104,0.009196492086273869,0.006054805544583467
0,registered_style,inactive,identity,000239,62720,50923.71680642519,47375.3259213157,315.9130515422976,28.30060414170453,752.6618614389041,234.3781757263726,37771,24949,0,0,0.8119215052044833,0.7553463954291406,0.005036879010559592,0.000451221367055238,0.012000348556104976,0.0037368969344128283
0,registered_style,inactive,identity,000242,103488,82236.18080335605,75028.02851859666,-967.7280356495703,47.436214344842625,879.8308029322951,559.3100614018433,29814,73674,0,0,0.7946446042377479,0.7249925452090741,-0.009351113517021977,0.0004583740563625022,0.00850176641670817,0.0054045885648755735
0,registered_style,inactive,identity,000247,72128,55357.00071408844,51813.29665810382,657.0159463247417,29.034501530369866,825.3845415490501,207.39235927295005,50830,21298,0,0,0.767482818241022,0.7183520499404368,0.009109027649799546,0.00040254133665663635,0.011443330489533193,0.0028753377228392584
0,registered_style,inactive,identity,000250,59584,45740.01600179565,42404.37107055867,135.29817706247496,18.347661349714276,598.0681099212468,221.0137207936008,34595,24989,0,0,0.7676560150677304,0.7116737894494943,0.002270713229431978,0.0003079293325341413,0.010037394433425866,0.0037092796857142994
0,registered_style,inactive,identity,000256,59584,46831.80103246373,44256.87263000256,978.8639057116111,34.275208622994434,804.8619728600025,140.74975782818723,49861,9723,0,0,0.7859794749003713,0.7427643768461761,0.016428301317662646,0.0005752418203375812,0.01350802183237115,0.0023622072675246247
0,registered_style,inactive,identity,000257,90944,72735.52734199975,67498.72966874496,282.6773821612214,39.532258471602375,1018.6289911626762,349.5135873794959,52866,38078,0,0,0.7997836838274076,0.7422010211640675,0.0031082576328424236,0.00043468792302518445,0.011200617865529075,0.0038431736824803826
0,registered_style,inactive,identity,000259,78400,61403.12162723151,55728.44220335281,-1015.1545598789653,42.627422160430434,605.5969745694626,449.1157633094767,17845,60555,0,0,0.7832030819799937,0.7108219668795002,-0.01294839999845619,0.0005437171193932454,0.007724451206243146,0.005728517389151489
0,registered_style,inactive,identity,000261,68992,55030.637953838916,50650.68871752685,-203.9950008850154,26.584683146260417,677.7125085069852,314.1353596010508,31167,37825,0,0,0.79763795735504,0.7341530716246355,-0.002956792104664532,0.0003853299389242291,0.009823059318572953,0.0045532142799317435
0,registered_style,inactive,identity,000263,56448,43459.82968252775,40695.16471377015,533.2480953418079,23.346585881062918,659.3839443757332,161.21976585373181,39692,16756,0,0,0.7699091142738052,0.7209319145721753,0.009446713707160713,0.00041359456280227677,0.01168126318692838,0.0028560757839734235
0,registered_style,inactive,identity,000264,94080,73811.2542522205,68480.68155252398,270.53299846558406,31.161108744634127,998.8262501096735,344.49494014486095,55942,38138,0,0,0.7845583997897587,0.7278984008559096,0.002875563334030443,0.0003312192681189852,0.010616775617662347,0.003661723428410512
0,registered_style,inactive,identity,000266,68992,53968.77039721527,50368.70190954069,495.3068105381738,26.7800028217923,790.8211165002178,218.43919135048066,46142,22850,0,0,0.782246787993032,0.730065832408695,0.007179191943097371,0.00038816098709694316,0.011462504587491562,0.003166152472032709
0,registered_style,inactive,identity,000267,90944,74171.15253853484,69633.06373142294,1090.3274734628292,48.31047728337481,1232.2264894263253,268.2029756155368,65339,25605,0,0,0.8155694992361765,0.7656696838870397,0.011988998432692967,0.0005312112649913662,0.01354928845692212,0.002949100277264435
0,registered_style,inactive,identity,000281,68992,53621.4162011178,49608.548554909416,56.14896745480607,28.1161619832471,695.6440930721086,271.92903293554673,35156,33836,0,0,0.7772120854753856,0.719047839675751,0.0008138475106505982,0.00040752785805958804,0.010082967490029404,0.003941457457901593
0,registered_style,inactive,identity,000296,75264,59582.483185361605,55027.98174290458,-33.13421382553017,28.83899591377794,777.8120774283502,308.933725163032,37472,37792,0,0,0.7916465134109482,0.7311328356572143,-0.0004402398733196504,0.0003831711829530445,0.010334450433518683,0.004104667904483312
0,registered_style,inactive,identity,000300,65856,52165.090274225804,48149.127334076446,-57.45840936749534,22.297561425130787,659.9860855006327,278.15881517953727,33519,32337,0,0,0.792108392162078,0.7311274194314329,-0.0008724855649826187,0.0003385805609987061,0.010021654602475593,0.004223742941866152
0,registered_style,inactive,identity,000301,109760,95758.4152648712,86606.08209978102,-1885.7853896754577,76.67046446703453,991.042724931737,822.1236313450149,17878,91882,0,0,0.8724345414073542,0.7890495818128738,-0.017180989337422174,0.0006985282841384342,0.009029179345223551,0.0074901934342658065
0,registered_style,inactive,identity,000303,62720,50702.25733057689,46606.192681447836,-248.56598078834654,19.712519292877094,615.537207886476,297.53298274104867,25451,37269,0,0,0.8083905824390448,0.7430834292322678,-0.003963105561038688,0.0003142939938277598,0.009814049870638967,0.004743829444213149
0,registered_style,inactive,identity,000304,65856,52642.04339211027,48321.29016056785,-326.05550971667697,31.87074498828259,630.0725572777071,323.03382991106133,24057,41799,0,0,0.7993507560755325,0.7337416508832582,-0.004951037258817374,0.00048394595766949996,0.009567428287137195,0.004905154122799158
0,registered_style,inactive,identity,000306,28224,21536.283385395887,19813.80328252958,-88.21713295415393,9.707976322157862,254.14000174499665,117.67263109944255,11764,16460,0,0,0.7630485893351717,0.7020196741259064,-0.003125607034940261,0.0003439617461082009,0.009004393485862976,0.004169240047457574
0,registered_style,inactive,identity,000307,37632,33147.76475618477,30713.314231467317,80.94006088038205,16.95651672176922,502.36382312754495,173.68498950180492,19387,18245,0,0,0.8808398372710664,0.816148868820879,0.0021508306994149143,0.00045058771050619735,0.01334937880334675,0.004615353675111738
0,registered_style,inactive,identity,000309,47040,37640.25007533049,35133.94628721289,349.99531305690704,15.867355692004216,563.6226799546845,150.66988019865178,32679,14361,0,0,0.8001753842544748,0.7468951166499339,0.007440376553080507,0.0003373162349490692,0.011981774658900605,0.0032030161606856245
0,registered_style,inactive,identity,000310,62720,49116.59359993687,46308.08419264201,918.6624863956339,38.86385561566041,837.6004568895834,153.99516328070894,48186,14534,0,0,0.7831089540806261,0.738330423989828,0.014647042193807937,0.0006196405550966265,0.013354599121326265,0.0024552800267970175
0,registered_style,inactive,identity,000312,47040,37696.18588748854,34523.992305763066,-311.6498379231732,18.32307679043164,433.17850012216223,238.37600264129523,16080,30960,0,0,0.8013644959074944,0.7339284078606094,-0.00662520913952324,0.00038952119027278146,0.009208726618243245,0.005067517062952704
0,registered_style,inactive,identity,000313,59584,48673.64432024531,44299.459151541814,-680.6261130498616,31.103103701214437,512.0164439892959,356.51982478228496,16824,42760,0,0,0.8168911842146434,0.7434791076722244,-0.011422967794204176,0.0005220042914408975,0.008593186828499192,0.00598348255877895
0,registered_style,inactive,identity,000315,56448,44412.47959178596,41394.692930814344,352.4174499221806,19.30499943481349,642.6339562986824,184.87088451878842,37061,19387,0,0,0.7867857070540313,0.7333243503899933,0.006243222964891238,0.00034199616345687164,0.011384530121504435,0.0032750652727959965
0,registered_style,inactive,identity,000316,56448,44637.52181232802,41538.60745735245,288.3668978334424,25.20729333850685,642.5383505460485,199.31741007526713,33840,22608,0,0,0.7907724243964006,0.735873856599923,0.00510854056536002,0.00044655777597978405,0.011382836425489805,0.003530991533362867
0,registered_style,inactive,identity,000318,106624,87244.75172937312,82234.37283007381,1610.1165928421153,76.16611068386676,1541.975451683451,299.1312803645505,80320,26304,0,0,0.8182468462013536,0.7712557475809744,0.015100883411259335,0.0007143430248711994,0.014461804581364899,0.0028054779445954993
0,registered_style,inactive,identity,000319,59584,46361.36938250903,42786.63599495031,-56.63939425474338,19.42460851174686,581.6557544398083,238.29982031410873,26599,32985,0,0,0.7780842068761585,0.7180893527616526,-0.0009505805963806287,0.0003260037679871586,0.009761945395404946,0.003999392795282437
0,registered_style,inactive,identity,000321,59584,49804.80423858453,45018.175391796045,-1007.2326606277304,33.12760919208081,477.48844579503157,406.77063241140485,8814,50770,0,0,0.8358754739289832,0.755541343175954,-0.01690441495414424,0.0005559816258069416,0.008013702433455819,0.006826843320545866
0,registered_style,inactive,identity,000322,15680,12570.132418003865,11715.825656885398,99.56729272902749,6.723612420917853,181.70770752123389,56.98214181014896,10771,4909,0,0,0.8016666082910628,0.7471827587299361,0.006349954893432875,0.00042880181255853655,0.011588501755180733,0.0036340651664635818
0,registered_style,inactive,identity,000324,65856,52576.49529480055,48061.29321830289,-525.4784175714702,31.135179226944544,593.48004964088,344.4561289045863,23312,42544,0,0,0.7983554314686673,0.7297936895393418,-0.007979203376631896,0.0004727766524985505,0.009011784038521624,0.0052304441342411676
0,registered_style,inactive,identity,000325,59584,46313.31883163744,43281.48243652517,482.6113220646648,26.207376043405624,695.1919120613443,183.64451728680112,40735,18849,0,0,0.7772777730873631,0.7263943749416818,0.00809967981445799,0.0004398391521785316,0.011667426021437706,0.0030821112595126395
0,registered_style,inactive,identity,000327,62720,47548.09859986394,43916.69900795235,-23.25163801795751,24.596646061462593,598.4589692710554,243.74480546169804,28907,33813,0,0,0.7581010618600755,0.7002024714278118,-0.0003707212694189654,0.00039216591296974796,0.009541756525367592,0.0038862373319786037
0,registered_style,inactive,identity,000328,59584,49603.5455795622,45941.835247104755,102.41350759194228,25.283527800541833,703.5269241540898,256.0933589153815,30774,28810,0,0,0.832497744017894,0.7710431533147281,0.0017188088680172911,0.0004243341803259572,0.011807312771114558,0.00429802226965933
0,registered_style,inactive,cross_camera,000011,0,0.0,0.0,0.0,0.0,0.0,0.0,0,0,0,0,,,,,,
0,registered_style,inactive,cross_camera,000013,0,0.0,0.0,0.0,0.0,0.0,0.0,0,0,0,0,,,,,,
0,registered_style,inactive,cross_camera,000017,0,0.0,0.0,0.0,0.0,0.0,0.0,0,0,0,0,,,,,,
0,registered_style,inactive,cross_camera,000018,0,0.0,0.0,0.0,0.0,0.0,0.0,0,0,0,0,,,,,,
0,registered_style,inactive,cross_camera,000020,0,0.0,0.0,0.0,0.0,0.0,0.0,0,0,0,0,,,,,,
0,registered_style,inactive,cross_camera,000021,0,0.0,0.0,0.0,0.0,0.0,0.0,0,0,0,0,,,,,,
0,registered_style,inactive,cross_camera,000023,0,0.0,0.0,0.0,0.0,0.0,0.0,0,0,0,0,,,,,,
0,registered_style,inactive,cross_camera,000024,0,0.0,0.0,0.0,0.0,0.0,0.0,0,0,0,0,,,,,,
0,registered_style,inactive,cross_camera,000026,0,0.0,0.0,0.0,0.0,0.0,0.0,0,0,0,0,,,,,,
0,registered_style,inactive,cross_camera,000027,0,0.0,0.0,0.0,0.0,0.0,0.0,0,0,0,0,,,,,,
0,registered_style,inactive,cross_camera,000029,0,0.0,0.0,0.0,0.0,0.0,0.0,0,0,0,0,,,,,,
0,registered_style,inactive,cross_camera,000030,0,0.0,0.0,0.0,0.0,0.0,0.0,0,0,0,0,,,,,,
0,registered_style,inactive,cross_camera,000032,0,0.0,0.0,0.0,0.0,0.0,0.0,0,0,0,0,,,,,,
0,registered_style,inactive,cross_camera,000033,0,0.0,0.0,0.0,0.0,0.0,0.0,0,0,0,0,,,,,,
0,registered_style,inactive,cross_camera,000035,0,0.0,0.0,0.0,0.0,0.0,0.0,0,0,0,0,,,,,,
0,registered_style,inactive,cross_camera,000036,0,0.0,0.0,0.0,0.0,0.0,0.0,0,0,0,0,,,,,,
0,registered_style,inactive,cross_camera,000038,0,0.0,0.0,0.0,0.0,0.0,0.0,0,0,0,0,,,,,,
0,registered_style,inactive,cross_camera,000039,0,0.0,0.0,0.0,0.0,0.0,0.0,0,0,0,0,,,,,,
0,registered_style,inactive,cross_camera,000041,0,0.0,0.0,0.0,0.0,0.0,0.0,0,0,0,0,,,,,,
0,registered_style,inactive,cross_camera,000042,0,0.0,0.0,0.0,0.0,0.0,0.0,0,0,0,0,,,,,,
0,registered_style,inactive,cross_camera,000044,0,0.0,0.0,0.0,0.0,0.0,0.0,0,0,0,0,,,,,,
0,registered_style,inactive,cross_camera,000045,0,0.0,0.0,0.0,0.0,0.0,0.0,0,0,0,0,,,,,,
0,registered_style,inactive,cross_camera,000047,0,0.0,0.0,0.0,0.0,0.0,0.0,0,0,0,0,,,,,,
0,registered_style,inactive,cross_camera,000048,0,0.0,0.0,0.0,0.0,0.0,0.0,0,0,0,0,,,,,,
0,registered_style,inactive,cross_camera,000050,0,0.0,0.0,0.0,0.0,0.0,0.0,0,0,0,0,,,,,,
0,registered_style,inactive,cross_camera,000051,0,0.0,0.0,0.0,0.0,0.0,0.0,0,0,0,0,,,,,,
0,registered_style,inactive,cross_camera,000098,0,0.0,0.0,0.0,0.0,0.0,0.0,0,0,0,0,,,,,,
0,registered_style,inactive,cross_camera,000114,0,0.0,0.0,0.0,0.0,0.0,0.0,0,0,0,0,,,,,,
0,registered_style,inactive,cross_camera,000128,0,0.0,0.0,0.0,0.0,0.0,0.0,0,0,0,0,,,,,,
0,registered_style,inactive,cross_camera,000149,0,0.0,0.0,0.0,0.0,0.0,0.0,0,0,0,0,,,,,,
0,registered_style,inactive,cross_camera,000151,0,0.0,0.0,0.0,0.0,0.0,0.0,0,0,0,0,,,,,,
0,registered_style,inactive,cross_camera,000152,0,0.0,0.0,0.0,0.0,0.0,0.0,0,0,0,0,,,,,,
0,registered_style,inactive,cross_camera,000154,0,0.0,0.0,0.0,0.0,0.0,0.0,0,0,0,0,,,,,,
0,registered_style,inactive,cross_camera,000155,0,0.0,0.0,0.0,0.0,0.0,0.0,0,0,0,0,,,,,,
0,registered_style,inactive,cross_camera,000182,0,0.0,0.0,0.0,0.0,0.0,0.0,0,0,0,0,,,,,,
0,registered_style,inactive,cross_camera,000183,0,0.0,0.0,0.0,0.0,0.0,0.0,0,0,0,0,,,,,,
0,registered_style,inactive,cross_camera,000185,0,0.0,0.0,0.0,0.0,0.0,0.0,0,0,0,0,,,,,,
0,registered_style,inactive,cross_camera,000186,0,0.0,0.0,0.0,0.0,0.0,0.0,0,0,0,0,,,,,,
0,registered_style,inactive,cross_camera,000188,0,0.0,0.0,0.0,0.0,0.0,0.0,0,0,0,0,,,,,,
0,registered_style,inactive,cross_camera,000189,0,0.0,0.0,0.0,0.0,0.0,0.0,0,0,0,0,,,,,,
0,registered_style,inactive,cross_camera,000191,29344,22096.39065860503,20279.096123831812,-140.52828983428384,12.560297597657645,252.5264090774015,128.60731101396246,11527,17817,0,0,0.7530122225533339,0.6910815200324364,-0.004788995700459509,0.0004280363139877878,0.008605725500184075,0.004382746422231545
0,registered_style,inactive,cross_camera,000193,0,0.0,0.0,0.0,0.0,0.0,0.0,0,0,0,0,,,,,,
0,registered_style,inactive,cross_camera,000195,48608,37104.99866174633,33779.484966412885,-509.83170293114665,22.120708669206245,372.88350091363014,249.3589221049681,12868,35740,0,0,0.7633516841208511,0.6949367381174475,-0.010488637733112793,0.0004550837036949935,0.007671237263693839,0.005129997574575545
0,registered_style,inactive,cross_camera,000197,0,0.0,0.0,0.0,0.0,0.0,0.0,0,0,0,0,,,,,,
0,registered_style,inactive,cross_camera,000200,49168,37118.20184967131,34465.82703039097,164.30908606693077,22.862263711446865,494.2347794317251,175.18025123939555,27359,21809,0,0,0.7549260057287527,0.700980862154063,0.00334178909182661,0.00046498258443391767,0.010051960206470166,0.0035628915400137393
0,registered_style,inactive,cross_camera,000201,55664,43234.68808553793,39707.28972111968,-246.56998333321772,23.231960091652006,500.05888119950976,258.3561002767906,23931,31733,0,0,0.776708251033665,0.713338777686111,-0.0044296130952360185,0.0004173605937706957,0.008983524022698867,0.004641349889996957
0,registered_style,inactive,cross_camera,000209,39984,30361.67909594567,27720.05355625879,-337.65474942010064,18.341756260542976,315.97356259668,194.9855936890468,13147,26837,0,0,0.7593457156849157,0.6932786503666164,-0.008444746634156178,0.0004587273974725634,0.007902500064942976,0.004876590478417537
0,registered_style,inactive,cross_camera,000212,39088,29751.440617507324,27838.007796268357,344.23052914690936,19.368612220791437,443.5904118974219,115.2224562281282,26630,12458,0,0,0.7611400076112189,0.7121880832037545,0.008806552628604926,0.0004955130019645783,0.011348506239700724,0.0029477705748088465
0,registered_style,inactive,cross_camera,000215,0,0.0,0.0,0.0,0.0,0.0,0.0,0,0,0,0,,,,,,
0,registered_style,inactive,cross_camera,000216,0,0.0,0.0,0.0,0.0,0.0,0.0,0,0,0,0,,,,,,
0,registered_style,inactive,cross_camera,000217,25536,19008.896666799003,17872.335949910514,305.91361192268397,12.949419578001722,294.65306646989177,62.57504536890891,19334,6202,0,0,0.7443960160870536,0.6998878426500045,0.011979699715017385,0.0005071044634242529,0.011538732239579096,0.0024504638693964957
0,registered_style,inactive,cross_camera,000219,0,0.0,0.0,0.0,0.0,0.0,0.0,0,0,0,0,,,,,,
0,registered_style,inactive,cross_camera,000220,49392,35202.284565527225,32861.59875423275,330.610302907065,18.113205357465695,472.5198907698307,132.9938344227916,32628,16764,0,0,0.7127122725446879,0.665322294181907,0.006693600237023505,0.0003667234644773586,0.009566729242991389,0.002692618934701806
0,registered_style,inactive,cross_camera,000222,0,0.0,0.0,0.0,0.0,0.0,0.0,0,0,0,0,,,,,,
0,registered_style,inactive,cross_camera,000224,0,0.0,0.0,0.0,0.0,0.0,0.0,0,0,0,0,,,,,,
0,registered_style,inactive,cross_camera,000225,0,0.0,0.0,0.0,0.0,0.0,0.0,0,0,0,0,,,,,,
0,registered_style,inactive,cross_camera,000230,0,0.0,0.0,0.0,0.0,0.0,0.0,0,0,0,0,,,,,,
0,registered_style,inactive,cross_camera,000232,48160,37758.301191642066,35363.01656725118,469.9726876546572,20.35815532157806,586.693091888509,138.4342962984468,34074,14086,0,0,0.7840178818862555,0.734281905466179,0.009758569095819293,0.00042271917195967735,0.012182165529246449,0.0028744662852667525
0,registered_style,inactive,cross_camera,000233,51856,38596.825254254625,36059.12194177555,391.1847013168573,25.273061294257268,553.7324323399368,153.49443371028377,34011,17845,0,0,0.7443077995652311,0.695370293539331,0.007543672888708294,0.00048737004964241875,0.010678271219144107,0.0029600129919446884
0,registered_style,inactive,cross_camera,000237,0,0.0,0.0,0.0,0.0,0.0,0.0,0,0,0,0,,,,,,
0,registered_style,inactive,cross_camera,000239,19040,13804.156822022807,12858.156046295306,101.51619465143312,9.057431985640312,187.00336363914346,56.9325320136161,11437,7603,0,0,0.7250082364507777,0.6753233217592073,0.005331732912365185,0.0004757054614306886,0.009821605233148291,0.00299015399231177
0,registered_style,inactive,cross_camera,000242,0,0.0,0.0,0.0,0.0,0.0,0.0,0,0,0,0,,,,,,
0,registered_style,inactive,cross_camera,000247,0,0.0,0.0,0.0,0.0,0.0,0.0,0,0,0,0,,,,,,
0,registered_style,inactive,cross_camera,000250,31808,23957.15829446877,22206.751383264083,67.5621396448173,9.838906510154949,307.1282207006836,114.4854573553282,18353,13455,0,0,0.7531802783723833,0.6981498800070449,0.0021240612312882702,0.0003093217589963201,0.009655691043155295,0.003599266139189141
0,registered_style,inactive,cross_camera,000256,0,0.0,0.0,0.0,0.0,0.0,0.0,0,0,0,0,,,,,,
0,registered_style,inactive,cross_camera,000257,44016,33538.20516882581,31109.36546671891,116.17912978199422,18.68330962513861,446.0178579349171,156.79185932523154,25434,18582,0,0,0.7619548611601646,0.7067740245983032,0.0026394749586967064,0.0004244663219088197,0.010133084740433413,0.0035621560188393206
0,registered_style,inactive,cross_camera,000259,0,0.0,0.0,0.0,0.0,0.0,0.0,0,0,0,0,,,,,,
0,registered_style,inactive,cross_camera,000261,29456,22172.551626770874,20407.495855973102,-82.51011407275021,11.163693481752446,259.51459641498155,120.51435106704386,13441,16015,0,0,0.752734642408028,0.6928128685487881,-0.0028011309774833722,0.0003789955690437414,0.008810245668623764,0.004091334569087584
0,registered_style,inactive,cross_camera,000263,0,0.0,0.0,0.0,0.0,0.0,0.0,0,0,0,0,,,,,,
0,registered_style,inactive,cross_camera,000264,0,0.0,0.0,0.0,0.0,0.0,0.0,0,0,0,0,,,,,,
0,registered_style,inactive,cross_camera,000266,0,0.0,0.0,0.0,0.0,0.0,0.0,0,0,0,0,,,,,,
0,registered_style,inactive,cross_camera,000267,0,0.0,0.0,0.0,0.0,0.0,0.0,0,0,0,0,,,,,,
0,registered_style,inactive,cross_camera,000281,0,0.0,0.0,0.0,0.0,0.0,0.0,0,0,0,0,,,,,,
0,registered_style,inactive,cross_camera,000296,0,0.0,0.0,0.0,0.0,0.0,0.0,0,0,0,0,,,,,,
0,registered_style,inactive,cross_camera,000300,0,0.0,0.0,0.0,0.0,0.0,0.0,0,0,0,0,,,,,,
0,registered_style,inactive,cross_camera,000301,0,0.0,0.0,0.0,0.0,0.0,0.0,0,0,0,0,,,,,,
0,registered_style,inactive,cross_camera,000303,0,0.0,0.0,0.0,0.0,0.0,0.0,0,0,0,0,,,,,,
0,registered_style,inactive,cross_camera,000304,0,0.0,0.0,0.0,0.0,0.0,0.0,0,0,0,0,,,,,,
0,registered_style,inactive,cross_camera,000306,0,0.0,0.0,0.0,0.0,0.0,0.0,0,0,0,0,,,,,,
0,registered_style,inactive,cross_camera,000307,0,0.0,0.0,0.0,0.0,0.0,0.0,0,0,0,0,,,,,,
0,registered_style,inactive,cross_camera,000309,0,0.0,0.0,0.0,0.0,0.0,0.0,0,0,0,0,,,,,,
0,registered_style,inactive,cross_camera,000310,0,0.0,0.0,0.0,0.0,0.0,0.0,0,0,0,0,,,,,,
0,registered_style,inactive,cross_camera,000312,0,0.0,0.0,0.0,0.0,0.0,0.0,0,0,0,0,,,,,,
0,registered_style,inactive,cross_camera,000313,0,0.0,0.0,0.0,0.0,0.0,0.0,0,0,0,0,,,,,,
0,registered_style,inactive,cross_camera,000315,0,0.0,0.0,0.0,0.0,0.0,0.0,0,0,0,0,,,,,,
0,registered_style,inactive,cross_camera,000316,0,0.0,0.0,0.0,0.0,0.0,0.0,0,0,0,0,,,,,,
0,registered_style,inactive,cross_camera,000318,0,0.0,0.0,0.0,0.0,0.0,0.0,0,0,0,0,,,,,,
0,registered_style,inactive,cross_camera,000319,0,0.0,0.0,0.0,0.0,0.0,0.0,0,0,0,0,,,,,,
0,registered_style,inactive,cross_camera,000321,0,0.0,0.0,0.0,0.0,0.0,0.0,0,0,0,0,,,,,,
0,registered_style,inactive,cross_camera,000322,0,0.0,0.0,0.0,0.0,0.0,0.0,0,0,0,0,,,,,,
0,registered_style,inactive,cross_camera,000324,0,0.0,0.0,0.0,0.0,0.0,0.0,0,0,0,0,,,,,,
0,registered_style,inactive,cross_camera,000325,0,0.0,0.0,0.0,0.0,0.0,0.0,0,0,0,0,,,,,,
0,registered_style,inactive,cross_camera,000327,0,0.0,0.0,0.0,0.0,0.0,0.0,0,0,0,0,,,,,,
0,registered_style,inactive,cross_camera,000328,0,0.0,0.0,0.0,0.0,0.0,0.0,0,0,0,0,,,,,,
1,original,all,identity,000009,188160,148727.70672800636,135397.01492035575,-557.8276809110463,77.22603545553021,1527.0357087743444,1051.8093259003306,84945,103215,0,0,0.7904321148384692,0.7195844755546118,-0.0029646454130051354,0.0004104274843512447,0.008115623452244602,0.00558997303305873
1,original,all,identity,000013,188160,148592.6318091082,137702.31370136107,1870.945668096345,82.79815233897703,1980.2119246948162,726.1479615526996,134264,53896,0,0,0.7897142421827604,0.7318362760489002,0.009943376212246731,0.00044004120078112795,0.010524085484134865,0.0038592047276397724
1,original,all,identity,000015,62720,51919.05856184615,47777.1884814091,316.983587033772,23.920779544431717,655.8956002510349,304.45862589565775,37841,24879,0,0,0.8277911122743328,0.7617536428796094,0.005053947497349681,0.00038138997998137306,0.01045751913665553,0.004854251050632298
1,original,all,identity,000018,188160,147141.52274714445,139184.4283988286,4679.546925847824,184.83920563020007,2569.6727268560608,437.12611359161326,169556,18604,0,0,0.7820021404503851,0.7397131611332303,0.024870041059990564,0.0009823512203985974,0.013656849101063248,0.0023231617431527067
1,original,all,identity,000019,188160,147492.8212080258,138462.52815204032,3636.518033927298,145.13816195492103,2341.0042313744975,535.6892031236263,156640,31520,0,0,0.7838691603317698,0.7358765314202823,0.019326732748338106,0.0007713550273964765,0.012441561603818546,0.0028469876866689323
1,original,all,identity,000021,188160,143986.6055708903,135115.3566006911,3494.445287366499,122.51900461600229,2220.7612039368532,506.73496638305,161842,26318,0,0,0.7652349360697827,0.7180875669679586,0.018571669256837262,0.0006511426690901483,0.011802514901875283,0.0026931067516105973
1,original,all,identity,000022,188160,148039.73262626556,136026.95735244872,701.0050418590567,72.2953491980185,1768.276560753349,863.9364659514614,110161,77999,0,0,0.7867757898929929,0.7229323838884392,0.0037255795166829123,0.00038422273170715616,0.009397728320330298,0.004591499074997138
1,original,all,identity,000024,188160,149295.23104336986,137755.85822963552,1282.2307922067394,84.00829288613298,1907.582356000657,799.3504855680042,118745,69415,0,0,0.7934482942355966,0.7321208451830119,0.006814576914364048,0.00044647264501558766,0.010138086500853832,0.004248248754081654
1,original,all,identity,000025,188160,160196.96627881372,145045.9300474187,-1393.1821717125515,90.03263224260465,1624.7008799917185,1341.354180680345,69286,118874,0,0,0.8513869381314505,0.7708648493166385,-0.007404241984016536,0.0004784897546907135,0.008634677295874355,0.007128795603105575
1,original,all,identity,000027,188160,143430.1980999218,132432.91969279997,1320.6310954568191,81.60249816373998,1788.2491512682443,745.0697979348993,121470,66690,0,0,0.7622778385412511,0.703831418435374,0.007018660158677823,0.00043368674619334596,0.009503875166179019,0.003959767208412518
1,original,all,identity,000028,188160,148173.01596692798,138126.85080701858,2679.0616443737013,106.13306105810683,2161.552058682424,632.0635484180928,143353,44807,0,0,0.7874841409806972,0.7340925319250562,0.014238210269843225,0.0005640575098751426,0.01148784044792955,0.00335918127348051
1,original,all,identity,000030,188160,149717.8836691772,139438.28503149538,2578.302741424834,102.23523977805445,2184.797164080803,663.304652849011,144618,43542,0,0,0.7956945348064264,0.7410623141554814,0.013702714399579263,0.0005433420481401703,0.011611379485973657,0.0035252160546822434
1,original,all,identity,000031,188160,147643.9807470145,133359.19840983325,-1604.9895352832636,88.34066452347011,1325.0031377061084,1197.7998398031393,65010,123150,0,0,0.7846725167252045,0.708754243249539,-0.008529918873741835,0.00046949757931266,0.0070418959274346745,0.006365857992151038
1,original,all,identity,000033,188160,142510.1734930624,129853.17615002953,-418.1003496577973,74.29917104593737,1446.726398909109,957.0726244300785,90053,98107,0,0,0.7573882519826871,0.6901210467157182,-0.0022220469263275794,0.00039487229509958214,0.0076888095180118465,0.005086482910448971
1,original,all,identity,000034,188160,148411.70198916964,135871.9338668381,205.95724404276658,68.52834870344,1688.096954792793,941.9431464941364,99581,88579,0,0,0.7887526678846175,0.7221084920644032,0.0010945856932544993,0.0003642025335004252,0.00897160371382224,0.005006075395908463
1,original,all,identity,000036,188160,140966.92059754615,131391.06989526236,2530.510397267054,107.49079715180011,1966.8842774887148,560.1165074065877,142399,45761,0,0,0.7491864402505641,0.698294376569209,0.013448715971869973,0.0005712733692166247,0.010453254025769106,0.0029768096694652835
1,original,all,identity,000037,188160,156452.32366060372,144847.72870388022,1831.665955200257,89.60708281438879,2168.9553836671935,833.5182757405397,130388,57772,0,0,0.8314855636724262,0.7698114833326968,0.009734619234695244,0.00047622811869892003,0.011527186350272074,0.00442983777498161
1,original,all,identity,000039,188160,152549.63047472647,140759.7310204138,1311.19479036244,83.81146809122902,1985.1469205058747,845.5003720892207,119254,68906,0,0,0.8107442095808167,0.7480853051680155,0.006968509727691539,0.0004454265948726032,0.010550313140443636,0.004493518133977576
1,original,all,identity,000040,188160,154807.24844668017,139158.78134898405,-2353.4866683937944,109.8716564272198,1345.8636069282752,1448.645550754381,52110,136050,0,0,0.8227426044147543,0.7395768566591414,-0.012507901086276543,0.0005839267454677923,0.0071527615164130275,0.007699009092019457
1,original,all,identity,000042,188160,148664.7333676003,138813.40611383703,2916.128666302725,109.22775380958015,2222.065721260128,630.6168486978423,149147,39013,0,0,0.7900974349893723,0.7377413165063618,0.015498132792850366,0.0005805046439709829,0.011809447923363777,0.0033514926057495874
1,original,all,identity,000043,188160,143287.13898651255,132771.16900125577,1789.6534768935692,85.61870684434935,1877.9427041485035,692.3682043610687,131652,56508,0,0,0.7615175328789996,0.7056290869539529,0.009511338631449666,0.00045503139266767295,0.009980562840925295,0.003679677956850918
1,original,all,identity,000045,188160,147205.50447067583,136199.64771150285,1636.2793207618545,94.2223268516441,1939.481741044819,750.7820882474906,125293,62867,0,0,0.7823421793722143,0.7238501685347728,0.008696212376497951,0.0005007564139649452,0.010307619797219489,0.003990125894172463
1,original,all,identity,000046,188160,150594.39439384418,137123.40173566953,-537.8157797135082,66.99666076474463,1578.7451001740303,1057.1209977530202,85430,102730,0,0,0.8003528613618419,0.7287595755509647,-0.0028582896455862468,0.00035606218518678055,0.00839043952048273,0.005618202581595558
1,original,all,identity,000048,188160,147190.3793058945,134158.78482464928,-390.7573635474492,81.01080779204374,1532.7182700886503,1049.979228859029,92913,95247,0,0,0.7822617947804766,0.713003745879301,-0.002076729185520032,0.00043054213324853174,0.008145824139501755,0.0055802467520143974
1,original,all,identity,000049,188160,155724.62727671824,141085.96188891743,-1264.8996708973439,79.16648868187586,1562.80787098788,1233.4421484720217,70974,117186,0,0,0.8276181296594294,0.7498191001749438,-0.006722468489037754,0.00042074026722935725,0.00830573911026722,0.006555283527168483
1,original,all,identity,000051,188160,157531.68781195325,143537.19857407658,-465.53159881466996,65.83380465247599,1786.9419654367687,1132.0360139995857,83090,105070,0,0,0.8372219802931189,0.7628465060271927,-0.0024741262692106183,0.0003498820400322916,0.009496927962567861,0.006016347863518207
1,original,all,identity,000058,62720,46030.757577286684,42755.23519162508,677.6388989456065,30.021746423242018,595.3248652427311,204.7779610135105,45244,17476,0,0,0.7339087623929638,0.6816842345603488,0.010804191628597042,0.0004786630488399556,0.00949178675450783,0.003264954735547042
1,original,all,identity,000114,188160,149437.9970460274,134730.84658456454,-1873.285987698417,90.09844463525265,1306.159919178799,1262.826716072462,58757,129403,0,0,0.79420704212387,0.7160440400965378,-0.009955814135301961,0.00047883952293395325,0.006941751271145828,0.0067114515097388494
1,original,all,identity,000127,188160,152826.3913852381,139749.93364153255,48.40496740616393,77.47253566311711,1730.9790174437505,1037.99800077085,94251,93909,0,0,0.8122150902701855,0.7427186099146075,0.00025725429106167053,0.0004117375407266003,0.009199505832502926,0.00551657100749814
1,original,all,identity,000149,188160,166566.26687137492,153626.30325957318,1364.8914932201076,88.93213705684136,2328.070549400849,993.3076337369926,119134,69026,0,0,0.885237387709263,0.8164663225955208,0.007253887612776932,0.000472641034528281,0.012372823923261314,0.005279058427598813
1,original,all,identity,000150,188160,156281.04332504823,141797.84726122965,-1061.6448552968466,74.72078517192438,1631.014062592794,1218.1036261341662,74181,113979,0,0,0.8305752727734281,0.7536025045771133,-0.005642245191841234,0.0003971130164324212,0.008668229499323948,0.0064737650198456965
1,original,all,identity,000152,188160,143440.03536641173,131509.40353128465,388.1225004085206,71.44600977113019,1593.8930531750543,874.4468922211745,106410,81750,0,0,0.7623301199320351,0.6989232755701777,0.0020627258737697736,0.0003797088104333025,0.008470945223081708,0.004647358058148249
1,original,all,identity,000153,188160,151284.11787294043,141122.7747407821,2831.0677954072607,107.05226826730704,2252.9395017275156,646.7618862904377,150366,37794,0,0,0.8040184835934334,0.7500147467090885,0.015046066089536887,0.0005689427522709771,0.01197353051513348,0.003437297439893908
1,original,all,identity,000155,188160,144447.37263099517,134153.62673186825,2111.5194321968092,98.29866542598808,1951.0102862846027,667.8516007613919,134204,53956,0,0,0.7676837405984013,0.7129763325460685,0.011221935757848689,0.0005224206283268924,0.010368889701767659,0.0035493813815975334
1,original,all,identity,000159,163072,136137.8632233616,121903.91965797544,-2542.3060910270474,105.79174091067722,1136.8596068622344,1350.0662766359565,34111,128961,0,0,0.8348328543426315,0.74754660308315,-0.015590083466364842,0.0006487425242265823,0.00697151937096641,0.008278958230940667
1,original,all,identity,000181,188160,148937.64638202917,133363.17057889455,-2783.5818772766365,123.52283737000039,1188.4955356443977,1414.5843155122275,42086,146074,0,0,0.7915478655507503,0.708775353841914,-0.014793696201512737,0.0006564776645939646,0.006316409096749563,0.007517986370706991
1,original,all,identity,000183,188160,153510.1409411622,138144.3223194941,-2182.23490714235,119.65408955021327,1374.216713116872,1374.5638097432732,56733,131427,0,0,0.8158489633352582,0.7341853864769031,-0.01159776204901334,0.000635916717422477,0.0073034476675003825,0.00730529235620362
1,original,all,identity,000184,188160,152289.5113244396,135205.43453900516,-4005.3217984300964,151.8905750742194,1048.680297137457,1651.993199014014,23665,164495,0,0,0.8093617736205336,0.7185662975074679,-0.021286786768867434,0.0008072415767124756,0.005573343415909105,0.008779725760065976
1,original,all,identity,000186,62720,47672.44295202021,43768.04204430804,189.74973719409314,30.166033983888497,559.1750727905151,274.95732812497,36797,25923,0,0,0.7600835929850162,0.6978323030023603,0.003025346575160924,0.00048096355203903856,0.008915418890154896,0.0043838859713802615
1,original,all,identity,000187,62720,51712.31893701735,49022.90731706284,1751.687069673608,94.44513102719316,1001.8810545310286,169.74309053603403,53620,9100,0,0,0.8244948810111185,0.7816152314582723,0.02792868414658176,0.001505821604387646,0.01597386885412992,0.0027063630506382976
1,original,all,identity,000189,62720,49520.376808089146,42952.32548041246,-2315.1985244567954,111.51131572561992,208.97999055106905,725.9849795596103,2222,60498,0,0,0.7895468241085641,0.6848266179912701,-0.03691324178024227,0.0017779227634824606,0.0033319513799596467,0.011575015617978482
1,original,all,identity,000190,62720,49765.251703710645,45810.14809035754,318.779257758195,29.18792802716816,613.8866818506314,286.4280749622039,38183,24537,0,0,0.7934510794596723,0.730391391746772,0.005082577451501834,0.00046536875043316577,0.00978773408562869,0.004566774154371873
1,original,all,identity,000195,178752,137968.9197217945,125964.98122828547,-155.04830291163194,68.48534153951555,1478.7597250643332,908.7788597729809,87383,91369,0,0,0.771845460312581,0.7046913110246905,-0.0008673933881110809,0.0003831304910687184,0.00827268911712503,0.005084020653044335
1,original,all,identity,000197,188160,155271.62054268812,146004.44170748047,4067.682271454984,160.5563921923818,2641.418991844016,552.005228218113,160974,27186,0,0,0.8252105683603748,0.7759589801630552,0.02161820935084494,0.0008532971523829815,0.014038153655633588,0.0029337012554108894
1,original,all,identity,000198,169344,136417.0142726681,121330.2111772687,-3371.191887416121,125.08567647610828,965.5526848025179,1444.566060365657,23057,146287,0,0,0.8055615449774902,0.7164718630554888,-0.01990735950146519,0.0007386484107857867,0.005701723620574204,0.008530364585492589
1,original,all,identity,000201,247744,193264.56708439416,178561.56253415695,1894.7236753219124,112.79839016732508,2469.468037407006,1011.8764396907955,160113,87631,0,0,0.7800978715302658,0.7207503008515118,0.007647909436038461,0.0004553022077924191,0.009967821773310376,0.004084363050934818
1,original,all,identity,000204,181888,143490.4746917244,132871.73081636417,1704.342233071192,88.48969841864296,1906.7411915376929,731.0468524036388,123537,58351,0,0,0.7888946752491885,0.7305140021131915,0.00937028409279992,0.00048650652279778195,0.01048305106184956,0.0040192143099250024
1,original,all,identity,000212,172480,141302.04609958606,129561.18798135477,394.2838493711843,74.26303408023881,1704.8704504564164,900.9969564234248,96835,75645,0,0,0.8192372802619786,0.7511664423779846,0.0022859685144433228,0.00043056026252457567,0.009884452982701858,0.005223776417111693
1,original,all,identity,000213,112896,84411.43261778739,75452.71653998015,-1709.389215380719,64.85083407968341,614.1698853558863,769.2366600227471,22668,90228,0,0,0.7476919697578956,0.6683382630029421,-0.015141273520591686,0.0005744298653600075,0.005440138582021386,0.006813675063976997
1,original,all,identity,000214,62720,50250.47852309112,46857.20174349286,922.2777905592033,44.550814439587825,763.6707268464191,216.0982514029937,46254,16466,0,0,0.8011874764523457,0.7470854869817101,0.014704684160701583,0.0007103127302230201,0.01217587255813806,0.0034454440593589554
1,original,all,identity,000216,125440,94141.76473909867,87309.82898530876,1253.0404494877478,59.526365917133376,1230.9489642681867,432.72883125373835,85185,40255,0,0,0.7504923847185799,0.6960286111711477,0.009989161746554112,0.0004745405446200046,0.009813049778923683,0.0034496877491528885
1,original,all,identity,000218,62720,48009.051204830525,43912.29588977806,26.303537824416686,27.279008892785313,527.9559188106474,302.9165964699095,31326,31394,0,0,0.7654504337504867,0.7001322686507981,0.0004193803862311334,0.00043493317749976584,0.008417664521853434,0.004829665122288098
1,original,all,identity,000220,175616,133195.02235902866,124364.74064171826,2608.6220375980306,102.86166755419586,1920.579769349148,529.2688428819927,134825,40791,0,0,0.758444688177778,0.7081629273057026,0.014854125122984412,0.0005857192257778099,0.010936245953382082,0.0030137848651716967
1,original,all,identity,000222,125440,102356.72719979053,93425.00974344189,-141.23316970777176,43.55649296236275,1141.8550126192415,690.6802209634211,60073,65367,0,0,0.8159815624983301,0.744778457776163,-0.0011259021819815989,0.00034722969517189694,0.009102798251110026,0.005506060434976252
1,original,all,identity,000223,125440,99831.30558576749,92543.72391067073,1286.017218443557,51.753342159854306,1349.5312065567307,473.0130712593919,89073,36367,0,0,0.7958490560089883,0.7377529010735868,0.010252050529683969,0.00041257447512638954,0.010758380154310672,0.0037708312440959176
1,original,all,identity,000225,62720,49421.92687164084,46858.70072562341,1681.1716914855447,76.68623558161123,908.8388261870408,136.00763146931058,55058,7662,0,0,0.7879771503769266,0.7471093865692507,0.026804395591287382,0.0012226759499619137,0.014490414958339299,0.0021684890221509976
1,original,all,identity,000228,159936,123310.43205103528,110828.2766991593,-1892.1487643486253,78.19102919747657,1000.6461016405995,1071.140739185193,42736,117200,0,0,0.7709985997588741,0.6929539109341193,-0.011830662041995706,0.0004888894882795403,0.006256540751554369,0.006697308543324787
1,original,all,identity,000229,62720,53921.83793081518,48119.523818855465,-1171.4600195616047,42.91326620321704,436.87272864470447,565.0641350511672,9749,52971,0,0,0.8597231812948849,0.7672117955812414,-0.018677615107806196,0.000684203861658435,0.006965445290891334,0.00900931337772907
1,original,all,identity,000233,166208,133061.40868249413,119681.84302976215,-1952.1367559612543,90.03961197208913,1151.449512931489,1177.4571873830323,48012,118196,0,0,0.8005716252075359,0.7200726982441408,-0.011745143169770735,0.0005417285086884454,0.0069277622793817925,0.007084238949888287
1,original,all,identity,000235,185024,143265.7925275222,131121.78444609215,159.78212835416218,76.98442512388192,1597.23391495193,911.1320287543798,97421,87603,0,0,0.7743092384097316,0.7086744662643341,0.0008635751489220975,0.00041607805000368556,0.00863257693570526,0.004924399152295809
1,original,all,identity,000237,125440,99654.15610400675,93011.73128051194,1915.9603192896468,78.11788795589084,1497.2821904410393,407.9986592742773,98740,26700,0,0,0.7944368311862783,0.7414838271724485,0.015273918361684046,0.0006227510200565277,0.011936241951857775,0.003252540332224787
1,original,all,identity,000238,125440,103791.37577042598,96276.12238402764,1398.439760686136,72.25196581081026,1498.1248311224108,516.6992496896758,84775,40665,0,0,0.8274184930678091,0.7675073531889959,0.011148276153429018,0.0005759882478540358,0.011942959431779422,0.004119094783878155
1,original,all,identity,000247,125440,93613.71347801184,85254.92975651193,-319.1570173720633,45.31217069292408,933.5538716976364,612.7597475705084,57299,68141,0,0,0.7462827923948647,0.6796470803293362,-0.002544300202264535,0.0003612258505494585,0.007442234308814065,0.00488488319172918
1,original,all,identity,000248,125440,95543.4810703191,86092.36003042571,-1245.7642253846832,60.02634667771569,803.7591042665891,783.6553943904997,38859,86581,0,0,0.7616667814917021,0.6863230232017355,-0.009931156133487589,0.00047852636063229985,0.006407518369472171,0.006247252825179367
1,original,all,identity,000250,116032,85448.06381998479,77996.10598454555,-113.60418851841668,44.21029811720808,868.1682138331973,550.6321926604523,59062,56970,0,0,0.7364180900095214,0.6721947909589212,-0.000979076362713878,0.00038101815117560746,0.007482144700024109,0.00474552013806926
1,original,all,identity,000251,178752,135491.44013401403,122240.70710345358,-1614.61093037249,80.40927126187408,1169.2263255377243,1068.4466276732137,56968,121784,0,0,0.7579855897221516,0.6838564441430226,-0.009032687356630919,0.000449837043847756,0.006541053110106316,0.005977256912779794
1,original,all,identity,000259,125440,92428.57986902108,84388.74267750233,-101.99078705864153,41.99798809778827,939.9197157221829,567.7865119323378,63294,62146,0,0,0.736834979823191,0.6727418899673336,-0.0008130643100975887,0.00033480538981017435,0.0074929824276321975,0.004526359310685091
1,original,all,identity,000261,175616,137869.61911696347,127270.83462782134,1241.5776796016794,83.06037462930493,1762.64070368512,740.3948901032162,113089,62527,0,0,0.7850629732881028,0.7247109296864827,0.007069843747731866,0.0004729658722969714,0.010036902694999999,0.004215987666859604
1,original,all,identity,000262,125440,95445.73300532755,86809.58161772788,-439.18926147994466,45.81242917341749,946.3970962095328,652.717069828167,53188,72252,0,0,0.7608875399021647,0.6920406697841827,-0.003501189903379661,0.0003652138805278818,0.007544619708303036,0.005203420518400567
1,original,all,identity,000264,188160,149804.9337840169,137675.7280230485,736.1715573127487,78.50108383773777,1807.7809348066364,881.0837819990556,108498,79662,0,0,0.7961571735970286,0.7316949831156914,0.003912476388779489,0.00041720388944375936,0.009607679287875407,0.004682630644127634
1,original,all,identity,000265,62720,48436.670366858016,44341.45627368055,64.56906329239811,23.793845688274192,538.2596524937269,302.4075931492811,31341,31379,0,0,0.772268341308323,0.7069747492614884,0.0010294812387180823,0.0003793661621217186,0.008581945990014779,0.0048215496356709365
1,original,all,identity,000267,188160,151768.65904671024,136084.72915336746,-2649.906150569248,106.32129253811426,1248.4041890856208,1400.3491449358353,42650,145510,0,0,0.8065936386411046,0.7232394193950227,-0.014083259728790647,0.0005650578897646378,0.006634801174987355,0.007442331765177696
1,original,all,identity,000268,62720,48001.85129951878,44950.19969293475,1070.7889121956255,43.54674597986507,735.1554661646605,172.11658350945171,49914,12806,0,0,0.7653356393418173,0.7166804797980668,0.017072527299037396,0.0006943039856483589,0.011721228733492675,0.0027442057319746766
1,original,all,identity,000296,125440,103589.55499381345,95114.3408622524,421.14647262111987,60.05058566849643,1273.6432818645385,664.7816150384363,70854,54586,0,0,0.8258095901930281,0.7582457020268846,0.003357353895257652,0.00047871959238278406,0.010153406264863987,0.005299598334171207
1,original,all,identity,000297,125440,99172.50404990691,90702.57183497155,47.08823273794683,50.17781757460636,1114.088973498403,642.1317207496792,64599,60841,0,0,0.7905971304998957,0.7230753494497094,0.00037538450843388737,0.0004000144895934818,0.00888144908720028,0.005119034763629458
1,original,all,identity,000301,188160,161034.63451053965,148762.84876249498,1558.0079840936537,90.90536580732473,2256.753162755758,901.4682983249342,120430,67730,0,0,0.8558388313697898,0.7906188816033959,0.008280229507300455,0.0004831280070542343,0.01199379869661861,0.0047909667215398286
1,original,all,identity,000302,125440,95678.78322339739,87384.05085735326,-77.75568557134575,46.15586830729503,1007.2933673289119,616.5633257745548,64211,61229,0,0,0.7627454019722368,0.6966203033908901,-0.0006198635648225905,0.0003679517562762678,0.008030081053323597,0.004915205084299703
1,original,all,identity,000304,125440,98661.82240348158,90983.69343512692,795.0336977034244,51.852710433313305,1233.069812018607,531.6111224530848,79949,45491,0,0,0.7865260076808162,0.7253164336346215,0.006337959962559187,0.00041336663291863284,0.009829957047342212,0.0042379713205762505
1,original,all,identity,000305,125440,99463.98156582483,93365.35650181863,2443.427724908205,97.74071058599134,1590.4109948166167,371.34268037587293,101540,23900,0,0,0.7929207714112311,0.7443029057861817,0.0194788562253524,0.000779182960666385,0.012678659078576345,0.0029603211126903134
1,original,all,identity,000307,125440,102778.4649225584,93781.96977864997,-169.79165676655637,54.26893860398216,1160.6303834171422,718.2278431114582,61205,64235,0,0,0.8193436298035587,0.7476241213221458,-0.0013535686923354302,0.00043262865596286796,0.009252474357598392,0.005725668392151294
1,original,all,identity,000308,125440,99316.23282542604,90321.39389821998,-465.4749279430882,53.91033159426174,1030.9140792792286,715.3895745018594,52868,72572,0,0,0.7917429274986132,0.7200366222753506,-0.003710737627097323,0.000429769862836908,0.008218383922825484,0.005703041888567119
1,original,all,identity,000310,125440,100558.23437260045,91755.66378982598,-166.54241611280818,53.22560018963065,1108.4805654775437,691.6718024438561,63687,61753,0,0,0.8016440877917765,0.7314705340387913,-0.001327665944776851,0.0004243112260015198,0.008836739201829908,0.00551396526182921
1,original,all,identity,000311,125440,100234.77684874885,94493.10169380158,2866.57419972421,117.95841849815017,1716.9242717921252,327.1973157384377,109326,16114,0,0,0.7990655042151534,0.7532932214110458,0.02285215401565856,0.0009403572903232634,0.013687215176914264,0.0026083969685781064
1,original,all,identity,000313,125440,99372.315937131,92027.11751303729,1188.9820413232203,62.038182781438074,1320.2339831664945,506.8097651904022,87118,38322,0,0,0.7921900186314653,0.7336345465006161,0.009478492038609856,0.0004945645948775356,0.010524824483151262,0.004040256418928589
1,original,all,identity,000314,188160,158453.3802067989,143355.6373836093,-1489.6294438488662,76.16016147152696,1561.08121245888,1313.5233926520505,64598,123562,0,0,0.8421204305208275,0.7618815762309168,-0.007916823149706985,0.00040476276292265607,0.008296562566214286,0.006980885377615064
1,original,all,identity,000316,125440,97246.08370717661,89222.86045409297,328.3545488983668,54.713064734252335,1126.1414904438418,583.7964172736268,69336,56104,0,0,0.7752398254717523,0.7112791809159197,0.0026176223604780515,0.00043616920228198606,0.008977531014380116,0.004653989295867561
1,original,all,identity,000317,125440,97791.1431946748,90544.76768054906,1152.012468205095,62.73913074159244,1309.5458018948145,483.2570116387381,84147,41293,0,0,0.7795850063350989,0.7218173443921322,0.009183772865155414,0.0005001525091007051,0.010439618956431876,0.0038524953096200423
1,original,all,identity,000319,125440,101254.31156478537,91323.42880130745,-1235.074885334789,55.57165798679847,913.9559515198736,850.8926296282337,39141,86299,0,0,0.8071931725509037,0.7280247831736882,-0.009845941369059225,0.00044301385512435004,0.007286000889029604,0.006783263947929159
1,original,all,identity,000320,125440,95512.41190992994,88057.75865540095,748.0353136057643,49.91252587824722,1153.8644757586726,509.27147164993727,80113,45327,0,0,0.7614191000472731,0.7019910607095101,0.005963291721984728,0.00039789960043245555,0.009198536955984316,0.00405988099210728
1,original,all,identity,000322,62720,51512.154059941415,46341.22145822761,-747.0242449031807,36.354716386152234,453.4163810424217,467.73606641444854,17696,45024,0,0,0.8213034767210047,0.7388587604947003,-0.011910463088379794,0.0005796351464628864,0.0072292152589671825,0.007457526569107917
1,original,all,identity,000323,62720,48915.67732442985,44064.77490444109,-649.9817315860195,33.073528284959444,425.6309713852645,408.7735822887892,19103,43617,0,0,0.7799055695859352,0.7025633753896857,-0.010363229138807708,0.0005273202851556034,0.0067862080896885285,0.00651743594210442
1,original,all,identity,000325,125440,97721.81475312865,90754.7910789582,1425.4103216203528,65.12683446169545,1341.4607566539557,461.4042070182914,89113,36327,0,0,0.7790323242436914,0.7234916380656744,0.011363283813937761,0.0005191871369714242,0.010694043021794927,0.0036782860891126546
1,original,all,identity,000326,125440,97546.12875282776,90341.48402767163,1172.70120493272,56.90913349140459,1266.7012701546216,488.57714343643977,88012,37428,0,0,0.7776317662055785,0.7201967795573312,0.009348702207690688,0.00045367612796081466,0.010098064972533655,0.003894907074588965
1,original,all,identity,000328,125440,101076.23941864754,90131.99733142322,-2263.7271990520235,87.77635882569922,746.8290836975636,1026.4211217806092,22184,103256,0,0,0.8057735923042694,0.718526764440555,-0.01804629463529993,0.0006997477584956889,0.0059536757310073634,0.00818256634072552
1,original,all,cross_camera,000009,0,0.0,0.0,0.0,0.0,0.0,0.0,0,0,0,0,,,,,,
1,original,all,cross_camera,000013,0,0.0,0.0,0.0,0.0,0.0,0.0,0,0,0,0,,,,,,
1,original,all,cross_camera,000015,0,0.0,0.0,0.0,0.0,0.0,0.0,0,0,0,0,,,,,,
1,original,all,cross_camera,000018,0,0.0,0.0,0.0,0.0,0.0,0.0,0,0,0,0,,,,,,
1,original,all,cross_camera,000019,0,0.0,0.0,0.0,0.0,0.0,0.0,0,0,0,0,,,,,,
1,original,all,cross_camera,000021,0,0.0,0.0,0.0,0.0,0.0,0.0,0,0,0,0,,,,,,
1,original,all,cross_camera,000022,0,0.0,0.0,0.0,0.0,0.0,0.0,0,0,0,0,,,,,,
1,original,all,cross_camera,000024,0,0.0,0.0,0.0,0.0,0.0,0.0,0,0,0,0,,,,,,
1,original,all,cross_camera,000025,0,0.0,0.0,0.0,0.0,0.0,0.0,0,0,0,0,,,,,,
1,original,all,cross_camera,000027,0,0.0,0.0,0.0,0.0,0.0,0.0,0,0,0,0,,,,,,
1,original,all,cross_camera,000028,0,0.0,0.0,0.0,0.0,0.0,0.0,0,0,0,0,,,,,,
1,original,all,cross_camera,000030,0,0.0,0.0,0.0,0.0,0.0,0.0,0,0,0,0,,,,,,
1,original,all,cross_camera,000031,0,0.0,0.0,0.0,0.0,0.0,0.0,0,0,0,0,,,,,,
1,original,all,cross_camera,000033,0,0.0,0.0,0.0,0.0,0.0,0.0,0,0,0,0,,,,,,
1,original,all,cross_camera,000034,0,0.0,0.0,0.0,0.0,0.0,0.0,0,0,0,0,,,,,,
1,original,all,cross_camera,000036,0,0.0,0.0,0.0,0.0,0.0,0.0,0,0,0,0,,,,,,
1,original,all,cross_camera,000037,0,0.0,0.0,0.0,0.0,0.0,0.0,0,0,0,0,,,,,,
1,original,all,cross_camera,000039,0,0.0,0.0,0.0,0.0,0.0,0.0,0,0,0,0,,,,,,
1,original,all,cross_camera,000040,0,0.0,0.0,0.0,0.0,0.0,0.0,0,0,0,0,,,,,,
1,original,all,cross_camera,000042,0,0.0,0.0,0.0,0.0,0.0,0.0,0,0,0,0,,,,,,
1,original,all,cross_camera,000043,0,0.0,0.0,0.0,0.0,0.0,0.0,0,0,0,0,,,,,,
1,original,all,cross_camera,000045,0,0.0,0.0,0.0,0.0,0.0,0.0,0,0,0,0,,,,,,
1,original,all,cross_camera,000046,0,0.0,0.0,0.0,0.0,0.0,0.0,0,0,0,0,,,,,,
1,original,all,cross_camera,000048,0,0.0,0.0,0.0,0.0,0.0,0.0,0,0,0,0,,,,,,
1,original,all,cross_camera,000049,0,0.0,0.0,0.0,0.0,0.0,0.0,0,0,0,0,,,,,,
1,original,all,cross_camera,000051,0,0.0,0.0,0.0,0.0,0.0,0.0,0,0,0,0,,,,,,
1,original,all,cross_camera,000058,0,0.0,0.0,0.0,0.0,0.0,0.0,0,0,0,0,,,,,,
1,original,all,cross_camera,000114,0,0.0,0.0,0.0,0.0,0.0,0.0,0,0,0,0,,,,,,
1,original,all,cross_camera,000127,0,0.0,0.0,0.0,0.0,0.0,0.0,0,0,0,0,,,,,,
1,original,all,cross_camera,000149,0,0.0,0.0,0.0,0.0,0.0,0.0,0,0,0,0,,,,,,
1,original,all,cross_camera,000150,0,0.0,0.0,0.0,0.0,0.0,0.0,0,0,0,0,,,,,,
1,original,all,cross_camera,000152,0,0.0,0.0,0.0,0.0,0.0,0.0,0,0,0,0,,,,,,
1,original,all,cross_camera,000153,0,0.0,0.0,0.0,0.0,0.0,0.0,0,0,0,0,,,,,,
1,original,all,cross_camera,000155,0,0.0,0.0,0.0,0.0,0.0,0.0,0,0,0,0,,,,,,
1,original,all,cross_camera,000159,83440,68783.69242394512,61561.8084680615,-1314.6809417658915,55.409155141253784,564.8546897590842,680.5034616915332,17408,66032,0,0,0.8243491421853442,0.7377973210457993,-0.015756003616561497,0.0006640598650677587,0.006769591200372533,0.008155602369265737
1,original,all,cross_camera,000181,0,0.0,0.0,0.0,0.0,0.0,0.0,0,0,0,0,,,,,,
1,original,all,cross_camera,000183,0,0.0,0.0,0.0,0.0,0.0,0.0,0,0,0,0,,,,,,
1,original,all,cross_camera,000184,0,0.0,0.0,0.0,0.0,0.0,0.0,0,0,0,0,,,,,,
1,original,all,cross_camera,000186,0,0.0,0.0,0.0,0.0,0.0,0.0,0,0,0,0,,,,,,
1,original,all,cross_camera,000187,0,0.0,0.0,0.0,0.0,0.0,0.0,0,0,0,0,,,,,,
1,original,all,cross_camera,000189,0,0.0,0.0,0.0,0.0,0.0,0.0,0,0,0,0,,,,,,
1,original,all,cross_camera,000190,0,0.0,0.0,0.0,0.0,0.0,0.0,0,0,0,0,,,,,,
1,original,all,cross_camera,000195,92512,69220.22394925723,63198.0669663779,-77.46426369913522,36.29681874958794,723.4637956838026,444.83858011935473,45325,47187,0,0,0.7482296777635034,0.6831337228292319,-0.0008373428711857404,0.00039234714144746564,0.007820215709138302,0.004808441933147643
1,original,all,cross_camera,000197,0,0.0,0.0,0.0,0.0,0.0,0.0,0,0,0,0,,,,,,
1,original,all,cross_camera,000198,88704,69491.35513054574,61892.1232477359,-1631.2541832093239,59.88449712249015,493.0520537106432,701.1255873199177,13594,75110,0,0,0.7834072322617439,0.6977376809133287,-0.018389860470884332,0.0006751048106341332,0.005558397070150649,0.007904103392405278
1,original,all,cross_camera,000201,124992,94434.50352430996,87268.69734485354,944.3106839604346,57.07572137898671,1176.7367496504048,479.9631914136256,80169,44823,0,0,0.755524381754912,0.6981942631916727,0.007554968989698818,0.00045663499567161664,0.009414496524980838,0.0038399512881914493
1,original,all,cross_camera,000204,76832,57829.35432437144,53446.730305467965,583.8109619916088,35.50736369803362,716.8324541586521,297.1049131956676,49977,26855,0,0,0.7526727707774291,0.6956311212186064,0.007598539176275625,0.00046214290527428183,0.00932986846832898,0.0038669423312638956
1,original,all,cross_camera,000212,88592,69880.8393503892,64042.946633771295,163.53422474808187,38.05619569817661,808.6769853723408,436.64878081977736,49334,39258,0,0,0.7887940147009798,0.7228976277064667,0.001845925419316438,0.0004295669552349717,0.009128103952640654,0.004928760845446286
1,original,all,cross_camera,000213,56784,41155.82920753828,36869.486423401395,-751.8445655060592,29.690239832007872,303.5498177596107,352.3493391937264,13470,43314,0,0,0.7247786208709897,0.6492935760672266,-0.013240429795471598,0.0005228627752889524,0.005345692761334367,0.006205081346747788
1,original,all,cross_camera,000214,0,0.0,0.0,0.0,0.0,0.0,0.0,0,0,0,0,,,,,,
1,original,all,cross_camera,000216,0,0.0,0.0,0.0,0.0,0.0,0.0,0,0,0,0,,,,,,
1,original,all,cross_camera,000218,0,0.0,0.0,0.0,0.0,0.0,0.0,0,0,0,0,,,,,,
1,original,all,cross_camera,000220,89712,64872.03373864418,60616.21010704059,1315.4427504183955,52.313111663047124,904.1453028693059,244.44197886931155,68672,21040,0,0,0.72311434076427,0.675675607578034,0.014662952006625596,0.0005831227891814598,0.010078309511205924,0.0027247411591460624
1,original,all,cross_camera,000222,0,0.0,0.0,0.0,0.0,0.0,0.0,0,0,0,0,,,,,,
1,original,all,cross_camera,000223,0,0.0,0.0,0.0,0.0,0.0,0.0,0,0,0,0,,,,,,
1,original,all,cross_camera,000225,0,0.0,0.0,0.0,0.0,0.0,0.0,0,0,0,0,,,,,,
1,original,all,cross_camera,000228,79520,58744.15309167537,52872.74791999906,-826.4064811998574,36.108124219291206,470.36881489849037,480.12929173852365,23593,55927,0,0,0.738734319563322,0.6648987414486803,-0.010392435628770841,0.0004540760087939035,0.005915100790976992,0.006037843205967349
1,original,all,cross_camera,000229,0,0.0,0.0,0.0,0.0,0.0,0.0,0,0,0,0,,,,,,
1,original,all,cross_camera,000233,86128,66361.21924174752,59718.69505617721,-943.3652641613236,45.181363709048895,560.695934270375,563.1149337822679,26116,60012,0,0,0.7704953005032918,0.6933714361900568,-0.010953061305978585,0.0005245839182269284,0.006510030817740747,0.006538116916476267
1,original,all,cross_camera,000235,99344,74998.16127569461,68626.99576666759,69.74146657527078,41.56127044800283,814.9738177152017,469.6003435270214,52068,47276,0,0,0.7549339796635389,0.6908016162694032,0.0007020199164043201,0.00041835712723468785,0.008203553488033517,0.004727012638176653
1,original,all,cross_camera,000237,0,0.0,0.0,0.0,0.0,0.0,0.0,0,0,0,0,,,,,,
1,original,all,cross_camera,000238,0,0.0,0.0,0.0,0.0,0.0,0.0,0,0,0,0,,,,,,
1,original,all,cross_camera,000247,0,0.0,0.0,0.0,0.0,0.0,0.0,0,0,0,0,,,,,,
1,original,all,cross_camera,000248,0,0.0,0.0,0.0,0.0,0.0,0.0,0,0,0,0,,,,,,
1,original,all,cross_camera,000250,58800,42101.908168892725,38415.58515774435,-70.574712808817,22.678221454418804,415.0673379059404,267.412946968674,29722,29078,0,0,0.7160188464097402,0.6533262781929312,-0.0012002502178370237,0.0003856840383404558,0.00705896833173368,0.0045478392341611225
1,original,all,cross_camera,000251,93744,68739.48556064992,62106.137296162546,-729.9417740353507,40.58434588758204,590.6425923504003,513.1294809919627,32359,61385,0,0,0.7332681084725414,0.6625078649957602,-0.007786543928521833,0.0004329273968209383,0.006300590889554534,0.005473731449393697
1,original,all,cross_camera,000259,0,0.0,0.0,0.0,0.0,0.0,0.0,0,0,0,0,,,,,,
1,original,all,cross_camera,000261,79632,59168.261413737375,54596.513079300756,509.67314565914586,37.27055612689701,714.492729250278,308.71984829872105,50223,29409,0,0,0.7430211650308591,0.6856102205055852,0.006400355958146799,0.000468034912182251,0.008972432304227923,0.0038768315287663383
1,original,all,cross_camera,000262,0,0.0,0.0,0.0,0.0,0.0,0.0,0,0,0,0,,,,,,
1,original,all,cross_camera,000264,0,0.0,0.0,0.0,0.0,0.0,0.0,0,0,0,0,,,,,,
1,original,all,cross_camera,000265,0,0.0,0.0,0.0,0.0,0.0,0.0,0,0,0,0,,,,,,
1,original,all,cross_camera,000267,0,0.0,0.0,0.0,0.0,0.0,0.0,0,0,0,0,,,,,,
1,original,all,cross_camera,000268,0,0.0,0.0,0.0,0.0,0.0,0.0,0,0,0,0,,,,,,
1,original,all,cross_camera,000296,0,0.0,0.0,0.0,0.0,0.0,0.0,0,0,0,0,,,,,,
1,original,all,cross_camera,000297,0,0.0,0.0,0.0,0.0,0.0,0.0,0,0,0,0,,,,,,
1,original,all,cross_camera,000301,0,0.0,0.0,0.0,0.0,0.0,0.0,0,0,0,0,,,,,,
1,original,all,cross_camera,000302,0,0.0,0.0,0.0,0.0,0.0,0.0,0,0,0,0,,,,,,
1,original,all,cross_camera,000304,0,0.0,0.0,0.0,0.0,0.0,0.0,0,0,0,0,,,,,,
1,original,all,cross_camera,000305,0,0.0,0.0,0.0,0.0,0.0,0.0,0,0,0,0,,,,,,
1,original,all,cross_camera,000307,0,0.0,0.0,0.0,0.0,0.0,0.0,0,0,0,0,,,,,,
1,original,all,cross_camera,000308,0,0.0,0.0,0.0,0.0,0.0,0.0,0,0,0,0,,,,,,
1,original,all,cross_camera,000310,0,0.0,0.0,0.0,0.0,0.0,0.0,0,0,0,0,,,,,,
1,original,all,cross_camera,000311,0,0.0,0.0,0.0,0.0,0.0,0.0,0,0,0,0,,,,,,
1,original,all,cross_camera,000313,0,0.0,0.0,0.0,0.0,0.0,0.0,0,0,0,0,,,,,,
1,original,all,cross_camera,000314,0,0.0,0.0,0.0,0.0,0.0,0.0,0,0,0,0,,,,,,
1,original,all,cross_camera,000316,0,0.0,0.0,0.0,0.0,0.0,0.0,0,0,0,0,,,,,,
1,original,all,cross_camera,000317,0,0.0,0.0,0.0,0.0,0.0,0.0,0,0,0,0,,,,,,
1,original,all,cross_camera,000319,0,0.0,0.0,0.0,0.0,0.0,0.0,0,0,0,0,,,,,,
1,original,all,cross_camera,000320,0,0.0,0.0,0.0,0.0,0.0,0.0,0,0,0,0,,,,,,
1,original,all,cross_camera,000322,0,0.0,0.0,0.0,0.0,0.0,0.0,0,0,0,0,,,,,,
1,original,all,cross_camera,000323,0,0.0,0.0,0.0,0.0,0.0,0.0,0,0,0,0,,,,,,
1,original,all,cross_camera,000325,0,0.0,0.0,0.0,0.0,0.0,0.0,0,0,0,0,,,,,,
1,original,all,cross_camera,000326,0,0.0,0.0,0.0,0.0,0.0,0.0,0,0,0,0,,,,,,
1,original,all,cross_camera,000328,0,0.0,0.0,0.0,0.0,0.0,0.0,0,0,0,0,,,,,,
1,original,active,identity,000009,97216,76946.09912880335,70135.14674770087,-243.32143879174086,39.995136343354645,805.0792701455798,533.0180744011961,46040,51176,0,0,0.7914962467989154,0.7214362527536708,-0.002502894984279757,0.0004114048751579436,0.008281345356171615,0.005482822523053778
1,original,active,identity,000013,84672,67279.10051723704,62392.45718968625,855.8739323324615,40.89830304360667,913.1460085217932,327.1667636275891,59235,25437,0,0,0.7945849928812008,0.7368723685478817,0.010108110500903033,0.0004830203968679926,0.01078450973783297,0.0038639309763273465
1,original,active,identity,000015,34496,28331.806613959372,26068.72317607701,155.13986227387252,13.774860700710905,355.3493499818836,166.077161339936,20054,14442,0,0,0.8213070099130152,0.7557027822378539,0.004497329031594171,0.00039931762235363244,0.01030117549808336,0.0048143889535
1,original,active,identity,000018,84672,67427.0529966054,63834.93217641977,2163.0247248542755,90.41008593428968,1209.4585350389218,203.3085753480991,75761,8911,0,0,0.7963323530400298,0.7539084015544663,0.025545926928078652,0.0010677683996396646,0.01428404354496081,0.0024011311336462953
1,original,active,identity,000019,90944,70918.49718614668,66587.37970533408,1722.0355935524608,71.23314556183709,1124.7252882938421,258.9207604602363,74185,16759,0,0,0.7798040243022814,0.7321800196311365,0.018935120442827025,0.0007832638278703058,0.012367229155236652,0.0028470351035828232
1,original,active,identity,000021,90944,69894.13707605272,65574.78840603074,1646.371522997651,58.23951014715753,1078.6521204663147,247.06381861596637,78594,12350,0,0,0.7685403883274622,0.7210457908826392,0.018103135149076917,0.0006403887023570278,0.011860618847492024,0.0027166588077934374
1,original,active,identity,000022,72128,56269.882584620966,51731.68875712529,264.64642259064806,30.97965689283318,676.3393320694515,326.232836073127,42063,30065,0,0,0.78013923281695,0.7172206183053085,0.0036691218748703424,0.00042950944006257184,0.009376931733438492,0.004522970775193087
1,original,active,identity,000024,94080,74336.25886627671,68600.71953498665,609.3322007747412,42.910319112002185,947.1172304841863,398.86795288218894,59686,34394,0,0,0.7901388059765807,0.7291743147851473,0.00647674533136417,0.0004561045823979824,0.010067147432867626,0.004239667866519865
1,original,active,identity,000025,81536,69466.24646439042,62962.61475782655,-574.4335419887682,40.21599917156983,717.1255336541458,571.9510780464346,30002,51534,0,0,0.8519702519671117,0.77220632306989,-0.0070451523497445075,0.0004932299741411135,0.008795201305609127,0.00701470611811267
1,original,active,identity,000027,84672,64935.74711748457,59965.563117412385,572.3194778099654,38.30185825020207,820.1326473062145,338.65387858531864,53607,31065,0,0,0.7669093338705189,0.7082100708311175,0.006759253092048911,0.0004523556577168612,0.009685995929069994,0.003999597016549965
1,original,active,identity,000028,87808,69713.04747132433,65056.74699725374,1293.9630589648298,52.14238776432291,1037.5408480173687,295.39532346129,67919,19889,0,0,0.7939259232794772,0.7408977199942344,0.014736277548342176,0.0005938227469515638,0.011816017310693431,0.0033641049045791955
1,original,active,identity,000030,90944,72969.29757829115,67926.84893441596,1185.7477434641169,50.877255552713606,1065.695320765636,334.6886555220135,68602,22342,0,0,0.8023541693601683,0.7469085254048201,0.01303821850220044,0.0005594349880444406,0.011718148759298426,0.003680162028523196
1,original,active,identity,000031,106624,82578.550478903,74847.70933799562,-682.4598787389327,42.487977317661056,773.1820632699914,618.4958004347712,40521,66103,0,0,0.7744837042214041,0.7019780662702171,-0.0064006216118222235,0.0003984841810254826,0.007251482436130622,0.005800718416442557
1,original,active,identity,000033,94080,71103.48259119084,64768.0378496137,-266.50248642450487,39.07173305703354,718.8251124488302,481.86930340228685,43630,50450,0,0,0.7557768132567053,0.6884357764627307,-0.0028327220070631896,0.0004153032850449994,0.007640573048988416,0.005121910112694376
1,original,active,identity,000034,84672,65868.14333069499,60365.645827386295,119.58940102011013,28.17836687868479,751.7816228037447,402.95512357017896,45040,39632,0,0,0.7779211939093796,0.7129351595260097,0.0014123842713070452,0.0003327943934085033,0.008878751214140975,0.004759012702784615
1,original,active,identity,000036,103488,77434.57706639287,72237.12644640356,1411.8737005936573,60.79726557522612,1093.2459393447066,301.489079697651,78041,25447,0,0,0.7482469181585581,0.6980241810297191,0.013642873575618983,0.0005874813077383477,0.010563987509128658,0.0029132757391934425
1,original,active,identity,000037,94080,78093.80850799708,72161.45368065033,733.2373074989854,41.150373768130315,1053.3254625952936,428.73004470728483,61359,32721,0,0,0.8300787468962274,0.7670222542586133,0.007793763897735814,0.000437397680358528,0.011196061464660859,0.004557079556837636
1,original,active,identity,000039,68992,56472.11924466002,52123.34317740193,471.32582131517927,32.66276900240295,741.1058695178108,317.8033461316763,43563,25429,0,0,0.818531412984984,0.755498364700283,0.006831601074257584,0.00047342835404688883,0.010741910214485895,0.0046063796691163655
1,original,active,identity,000040,65856,54359.69456997042,48986.70222816366,-733.1936240747903,37.926569290273676,496.26141156522255,489.3266945815387,20829,45027,0,0,0.8254326799375975,0.7438456970991809,-0.011133285108035566,0.0005759015016137281,0.007535553504088049,0.007430252286527252
1,original,active,identity,000042,97216,76099.31364690728,71171.07952168095,1567.1205796225165,60.566718756049745,1159.12150389229,309.7200247809123,76612,20604,0,0,0.782785895808378,0.7320922432694305,0.01611998621237776,0.000623011837105515,0.011923155693427934,0.003185895580777982
1,original,active,identity,000043,87808,65434.199436757015,60649.904936989304,800.7537063382883,38.64087346157531,843.2184353129463,309.361925420201,61572,26236,0,0,0.7451963310490731,0.6907104698545611,0.00911937074455959,0.00044006096781130775,0.009602979629566171,0.0035231633270339942
1,original,active,identity,000045,81536,63340.1169359592,58558.28991941037,624.483590332424,37.95354652210304,817.759343408849,326.8140359631857,53454,28082,0,0,0.7768362065340365,0.7181893877478704,0.0076589922283705845,0.0004654820756733595,0.010029426798087335,0.004008217670270625
1,original,active,identity,000046,97216,77216.9954852818,70360.50663952203,-265.73590879158525,34.52005143846457,813.7110116410139,529.599260278975,44917,52299,0,0,0.7942827876613089,0.7237543885730954,-0.0027334585746336534,0.00035508611173535806,0.008370134665497592,0.0054476553270961054
1,original,active,identity,000048,75264,58947.954260180704,53729.53008256311,-187.000716669727,33.39241794105055,617.4791191086744,419.53922609405413,36562,38702,0,0,0.7832158038395608,0.7138808737585448,-0.002484597107112657,0.00044367051898717253,0.008204176221150541,0.005574235040577888
1,original,active,identity,000049,75264,61745.50844812003,55987.95883025258,-487.34467669476766,30.333290502049437,623.5632259267674,476.04375993119726,28331,46933,0,0,0.8203856883519349,0.7438876332675991,-0.00647513654196917,0.00040302522457017213,0.008285013099579712,0.006324986181058637
1,original,active,identity,000051,84672,71817.89487138414,65521.86333437887,-166.11158122728756,29.15766179850934,842.7759706954132,505.98010267849804,39105,45567,0,0,0.8481894235565965,0.7738315303096521,-0.0019618242302920394,0.00034436014028851734,0.00995341991089632,0.005975766518784227
1,original,active,identity,000058,31360,23016.757560888072,21411.473465333693,359.28033149358254,17.367423224332956,305.0928404895399,101.35334121959585,22627,8733,0,0,0.7339527283446452,0.682763822236406,0.011456643223647402,0.0005538081385310254,0.009728725780916452,0.003231930523584051
1,original,active,identity,000114,87808,70472.03156728885,63512.88847653428,-944.097489624518,45.5812120282221,616.7500473621415,606.7060877595856,25915,61893,0,0,0.8025696014860703,0.7233155119867698,-0.010751839121999339,0.000519100902289337,0.007023848024805729,0.006909462551926767
1,original,active,identity,000127,56448,46869.92718791822,42750.67916294676,-118.72834238244215,25.495236441806117,522.8895173446316,340.068063508935,26647,29801,0,0,0.8303204221215671,0.7573462153299809,-0.0021033223919792047,0.00045165880884718884,0.00926320715250552,0.00602444840399899
1,original,active,identity,000149,94080,83301.17681093502,76882.14629073767,691.0295419585652,45.93033576863236,1174.2474927889457,491.38172627723844,59200,34880,0,0,0.8854291752862992,0.8171996842127729,0.007345126934083389,0.00048820509958155147,0.012481372159746446,0.005223020049715544
1,original,active,identity,000150,65856,55182.23814253439,50100.0195534419,-372.2127695095559,32.028229100119546,592.3481076882663,431.4017544503779,26892,38964,0,0,0.837922712319825,0.7607510257750532,-0.00565191887617766,0.00048633729804603294,0.008994595901486064,0.006550682617383046
1,original,active,identity,000152,72128,55815.692011007224,51160.74348936824,109.12490207478626,31.673387621524874,629.8494891126454,350.2751578889305,39872,32256,0,0,0.7738422250860585,0.7093048953162189,0.0015129339795195522,0.0004391274903161723,0.008732385330421548,0.004856299327430824
1,original,active,identity,000153,62720,50297.689246315625,46929.25613306742,924.6585958957288,35.51892786962466,749.9721915594839,212.9517604804235,49383,13337,0,0,0.8019401984425323,0.7482343133461005,0.014742643429459962,0.0005663094366968218,0.011957464788894832,0.003395276793374099
1,original,active,identity,000155,87808,67434.15990050673,62622.73621310748,944.3284578776442,46.39719644275769,909.9824231287329,315.66268220210253,61272,26536,0,0,0.7679728487211498,0.7131780272083121,0.010754469500246494,0.0005283937277099773,0.010363320234246685,0.003594919394612137
1,original,active,identity,000159,78400,66575.398632736,59674.005124333315,-1218.9397777059544,52.36800658841193,574.024719714229,661.4800615705282,16669,61731,0,0,0.8491760029685714,0.7611480245450678,-0.015547701246249419,0.0006679592677093358,0.007321743873905983,0.008437245683297553
1,original,active,identity,000181,103488,82426.07972221018,73880.61471128825,-1510.0976854025387,71.97851141846796,672.1278961781344,781.9057431566974,24573,78915,0,0,0.7964795891524639,0.7139051359702405,-0.01459200762796207,0.0006955251953701682,0.00649474234866008,0.007555520863836362
1,original,active,identity,000183,81536,67374.1412426295,60647.69086357113,-975.8210457115603,54.745624553560134,613.1782946367755,610.3926307446715,24169,57367,0,0,0.8263115831366451,0.7438148899083978,-0.011967977895795234,0.0006714288725662301,0.0075203381897171245,0.007486173355875582
1,original,active,identity,000184,75264,61044.8585143541,54245.91711491998,-1588.5394922921282,61.20506422359204,428.35764553916454,655.4859024833291,9554,65710,0,0,0.8110764577268561,0.7207418834359054,-0.02110623262505485,0.0008132050412360762,0.005691401540433202,0.008709155804678587
1,original,active,identity,000186,28224,21503.048323158408,19698.3670463264,30.682531342039127,14.659925593039555,247.55471137219286,131.36855340134005,15791,12433,0,0,0.7618710431958052,0.6979296714259636,0.001087107828161817,0.0005194134634722064,0.008771071122880983,0.00465449806552367
1,original,active,identity,000187,47040,38860.91217101202,36850.65402155928,1306.6628135388755,70.54344065593463,756.9928791435487,126.86828819505713,40404,6636,0,0,0.8261248335674325,0.7833897538596787,0.027777695866047523,0.0014996479731278621,0.016092535696078842,0.0026970299361194117
1,original,active,identity,000189,40768,31990.55175550602,27799.914308529347,-1460.126869444268,69.67263556369628,139.45135809368244,456.41221602072665,1808,38960,0,0,0.7846975999682599,0.681905276406234,-0.03581551386980642,0.0017090030308991432,0.003420608273491033,0.01119535459234514
1,original,active,identity,000190,34496,27237.266133139143,25086.528314309195,174.06244869907974,15.49217430640642,337.2335810255364,153.65544382482318,20954,13542,0,0,0.7895775200933193,0.7272300647700949,0.005045873396888907,0.00044910060025528815,0.00977601985811504,0.004454297420710319
1,original,active,identity,000195,72128,54897.92548157059,50135.6693875948,-76.5173996997737,28.15660867998792,586.5380077352443,356.70858979655355,35430,36698,0,0,0.7611180884201779,0.6950930205689163,-0.0010608556968136327,0.0003903700183006311,0.008131904499434952,0.004945493980098624
1,original,active,identity,000197,90944,75627.09372916224,71099.47711309465,1927.4323919561766,78.78924619837595,1294.574156415878,271.8618304589244,75539,15405,0,0,0.8315787047981421,0.7817940393329372,0.02119361796222045,0.0008663490301545561,0.01423484953835193,0.002989332231471283
1,original,active,identity,000198,97216,78735.04616217798,70110.61052031646,-1904.1115283104932,71.53239487835408,573.757539432841,822.104810200537,14320,82896,0,0,0.8098980225701323,0.7211838639762638,-0.01958640067797989,0.0007358088676591722,0.005901883840446439,0.008456476405124024
1,original,active,identity,000201,134848,104199.73005683231,96188.96370826825,883.061656363433,62.835853809793875,1309.7738155179754,555.8596012817155,84566,50282,0,0,0.7727198776165187,0.7133139809879883,0.006548570660027832,0.000465975422770778,0.009712964341465765,0.004122119729485906
1,original,active,identity,000204,87808,69002.62785196095,63891.81471357681,778.8134822284039,42.97021415338253,912.679870887734,353.81072071472965,58941,28867,0,0,0.7858353208359256,0.7276309073612519,0.008869504854095343,0.0004893655948590394,0.010394040074796532,0.00402936771950995
1,original,active,identity,000212,81536,66604.99338537338,61119.580998823745,199.56736450877855,36.14983942125776,813.7809703150033,418.09433266606885,46933,34603,0,0,0.8168783529407058,0.749602396473015,0.002447598171467555,0.00044336047170891093,0.009980633956963835,0.005127726803694918
1,original,active,identity,000213,59584,44822.610539309564,40113.649507739814,-883.1873117046188,34.31981579149292,336.2147257197092,402.5012489319173,12753,46831,0,0,0.7522591725850827,0.6732285430273196,-0.0148225582657193,0.000575990463740147,0.005642701492342058,0.006755190133792919
1,original,active,identity,000214,34496,28202.02072430699,26279.680636644596,484.80551220224754,27.140401758056747,435.59402215621344,128.14998120542776,24824,9672,0,0,0.8175446638539827,0.7618182002737881,0.014053963132022482,0.0007867695314835559,0.012627377729482069,0.0037149229245543765
1,original,active,identity,000216,53312,40432.156342384056,37403.235223948024,422.1112804134868,20.725741411138063,511.5102089625693,197.64408435422294,34208,19104,0,0,0.758406293937276,0.7015912969678125,0.007917753609196556,0.0003887631567215273,0.009594654279760079,0.0037073095054438576
1,original,active,identity,000218,25088,19308.62554245279,17653.974163072184,-6.589580252511361,10.711852416562612,211.28301297379267,123.1525362827377,12151,12937,0,0,0.7696359033184308,0.7036820058622523,-0.0002626586516466582,0.00042697115818569084,0.008421676218662017,0.00490882239647392
1,original,active,identity,000220,90944,69291.9850499109,64747.30769606028,1369.646961747799,53.312943247519215,1015.2092748044348,267.8214530103867,70769,20175,0,0,0.7619192585537353,0.7119469970098112,0.01506033341119589,0.0005862172682916874,0.011163015424925612,0.0029449051395406696
1,original,active,identity,000222,56448,45919.59481038805,41931.317248641804,-68.87222281874807,20.267952210651522,514.9686462784791,305.8807192924725,26529,29919,0,0,0.8134848853881104,0.7428308752948165,-0.001220100319209681,0.0003590552758406236,0.009122885598754236,0.005418805259574697
1,original,active,identity,000223,47040,37228.51475635939,34557.00499640033,506.08011423135673,20.521328903409554,509.92029458089223,169.63549705016823,34007,13033,0,0,0.7914225075756673,0.7346302082568097,0.01075850582974823,0.00043625274029357046,0.010840142316770668,0.0036061967910324877
1,original,active,identity,000225,25088,19799.969531869865,18772.811650122516,662.8419236572217,32.126078865865836,365.9986482847773,56.53035489404633,21607,3481,0,0,0.78922072432517,0.7482785255948069,0.026420676166183904,0.0012805356690794736,0.014588594080228686,0.002253282640866005
1,original,active,identity,000228,84672,64905.08459291654,58418.29944981262,-946.8988238224276,38.50168442493176,538.8501016269083,543.1002784282714,23011,61661,0,0,0.7665472008800611,0.6899364541975225,-0.011183139926096321,0.0004547156607252901,0.006363970399032836,0.006414166175692925
1,original,active,identity,000229,21952,18777.221310007968,16706.4664704951,-468.0503348986545,18.062145410953413,143.29341510901747,207.3458131973822,2959,18993,0,0,0.855376335186223,0.7610453020451484,-0.02132153493525212,0.0008228018135456183,0.006527579041044892,0.00944541787524518
1,original,active,identity,000233,65856,52950.52036036004,47807.593923229724,-623.4058913515579,30.43617634261181,486.57322761238527,438.5358720457857,21593,44263,0,0,0.8040348694175176,0.7259413557341734,-0.009466197329803782,0.0004621625416455875,0.007388441867292051,0.00665901166250282
1,original,active,identity,000235,90944,69956.18016608537,64084.39678805601,99.23241960790095,38.715418037405605,789.072934915117,433.5604188974135,48486,42458,0,0,0.7692226003484053,0.7046577760826004,0.0010911376188412754,0.0004257061272585944,0.008676470519386843,0.004767333951634121
1,original,active,identity,000237,65856,51793.5272754762,48367.0185730739,994.258252611544,42.431369092977626,777.151202405259,210.5086838569479,50664,15192,0,0,0.7864663398244077,0.7344360206066859,0.015097458889266642,0.0006443052887053211,0.011800765342645455,0.0031964996941348986
1,original,active,identity,000238,53312,44130.21518408277,40971.70925289398,608.1693131098598,32.629611665526255,646.2866813909937,217.4175270759777,35765,17547,0,0,0.8277726437590556,0.7685269592754723,0.011407737715896229,0.000612050038744115,0.012122724365827463,0.004078209916641238
1,original,active,identity,000247,47040,34796.697386636806,31703.345487009734,-123.32653077568902,18.02104929307866,347.54177121013123,225.2475234629676,21237,25803,0,0,0.7397257097499321,0.6739656778701049,-0.002621737473972981,0.00038310053769299873,0.007388217925385443,0.004788425243685536
1,original,active,identity,000248,56448,42848.11599674533,38615.84729054943,-575.0253160029895,29.274364042605487,362.88076923829817,351.84341711971547,17069,39379,0,0,0.7590723497155848,0.6840959341438037,-0.010186814696764978,0.0005186076396436629,0.006428585055950577,0.006233053732988157
1,original,active,identity,000250,65856,48144.98394477565,43913.685264570406,-121.94824070519643,28.386703487222764,484.6799167261839,315.5166398635542,32734,33122,0,0,0.7310645035346157,0.6668137339736759,-0.0018517407784438232,0.0004310420233118131,0.007359692613067661,0.004791008258375155
1,original,active,identity,000251,97216,73954.22194618371,66724.43311092257,-917.5255513845628,45.85834844425413,638.5791495427713,588.0269412569043,31432,65784,0,0,0.760720683284477,0.6863523814076137,-0.009438009704005131,0.0004717160595401388,0.006568663075448191,0.006048664224581389
1,original,active,identity,000259,59584,43824.78363243415,39918.00987010077,-166.16821789057093,21.79846288772034,427.86970931307917,283.93015829697964,27297,32287,0,0,0.7355126146689405,0.6699451173150639,-0.0027888060199142543,0.0003658442348234483,0.0071809497400825584,0.004765208080977773
1,original,active,identity,000261,68992,53918.08630163042,49628.800443791784,312.8199792877177,30.017332024298565,655.7858586071958,307.9304932813583,41397,27595,0,0,0.7815121507077694,0.7193413793453123,0.004534148586614647,0.0004350842420033999,0.00950524493574901,0.004463278253730263
1,original,active,identity,000262,59584,45787.68942903844,41740.94770345092,-138.59499331867465,20.654701760911333,472.9044274422477,299.63020164849746,26841,32743,0,0,0.7684561195797267,0.7005395358393347,-0.0023260437922709896,0.0003466484586619115,0.007936768720499593,0.005028702363864417
1,original,active,identity,000264,72128,57388.51846349717,52856.739888228476,366.54133778259194,32.57792887347123,719.1606909997645,322.6587944111081,42818,29310,0,0,0.7956482706230197,0.7328185987165661,0.005081817571298136,0.00045166826854302393,0.009970617388528235,0.0044734193990005
1,original,active,identity,000265,28224,22203.050133276032,20297.014793105423,-10.923817689350475,10.427590154897738,244.4012557240118,144.07668719239553,13236,14988,0,0,0.7866726946313787,0.7191402633611615,-0.00038704002584149925,0.00036945826795981213,0.008659341543509488,0.005104757907893833
1,original,active,identity,000267,100352,80618.28356668889,72356.66992229666,-1380.5483316170705,54.18826908206623,670.5068708158603,729.6185678590185,23094,77258,0,0,0.8033550259754553,0.721028678275437,-0.013757058470355056,0.0005399819543413806,0.006681549653378711,0.007270593190559416
1,original,active,identity,000268,31360,24612.98334907496,23114.563014231622,602.387800412132,26.475626569821873,400.2510019219376,85.89805480479178,25101,6259,0,0,0.7848527853659106,0.7370715246885083,0.019208794655999107,0.0008442482962315648,0.012763105928633214,0.002739096135356881
1,original,active,identity,000296,62720,52114.7945335008,47832.00308089366,165.3968377108015,28.662374567881972,640.8354374609785,337.91066253414914,34239,28481,0,0,0.8309119026387245,0.7626276001417994,0.0026370669277870134,0.00045698939043179165,0.010217401745232437,0.005387606226628653
1,original,active,identity,000297,62720,49494.58668939053,45177.024777673185,-93.0179426463846,30.579103880148267,542.3015912725285,335.9972680187491,29881,32839,0,0,0.7891356296140072,0.7202969511746362,-0.0014830666876017953,0.000487549487885017,0.008646390166972712,0.0053570992987683206
1,original,active,identity,000301,97216,83183.22441197454,76884.66312237573,801.431103969565,51.30978510777334,1169.4048596019745,466.4397601456169,61460,35756,0,0,0.8556536414990799,0.7908642931449116,0.008243818959528935,0.0005277915683403281,0.012028934121975544,0.0047979731746380936
1,original,active,identity,000302,65856,49737.92793037393,45423.004187071696,-69.60970944673198,26.673927609363403,520.346392252813,321.17853044402,33096,32760,0,0,0.7552527929174856,0.6897322064363414,-0.0010569987464579078,0.0004050341291509263,0.007901275392565795,0.004876982058491557
1,original,active,identity,000304,56448,44452.35350242013,40965.93396792654,307.7513932922107,21.768724563336313,552.3307087170364,240.48276138074203,35023,21425,0,0,0.7874920901080663,0.7257287054975649,0.005451945034229923,0.0003856420876441382,0.009784770208280832,0.004260253000650901
1,original,active,identity,000305,68992,54747.97099348297,51379.16125834966,1304.1297952207804,52.819928839140026,873.7152230486075,205.8479967410752,55131,13861,0,0,0.7935408597153724,0.7447118688884169,0.018902623423306765,0.0007655949796953273,0.012664007755226803,0.0029836502310568646
1,original,active,identity,000307,43904,36110.84253427386,32907.61204957403,-121.03802184331565,23.59375163312385,402.676618220133,265.83519522490053,21088,22816,0,0,0.8224955023294885,0.7495356243069887,-0.0027568791418393686,0.000537394124296735,0.009171752419372563,0.006054919716310599
1,original,active,identity,000308,65856,52407.46899610851,47621.82991157001,-312.4699585653458,31.72122587253826,540.498762568012,388.72114954910313,26992,38864,0,0,0.7957888270789072,0.7231205951100887,-0.00474474548356028,0.0004816755629333433,0.008207281987488034,0.005902592771335992
1,original,active,identity,000310,65856,52218.0425577056,47570.25151476264,-190.7901561948248,30.14335792855654,559.4070824389607,369.7071138836134,31738,34118,0,0,0.7929124538038387,0.722337395450113,-0.002897080846009852,0.0004577161978947482,0.00849439811769559,0.005613871384287132
1,original,active,identity,000311,75264,59561.09866234113,56147.23852610402,1669.8974416228084,68.31389702360407,1009.4703215358637,194.3526890823635,65190,10074,0,0,0.7913623865638437,0.7460039132401151,0.02218720027666359,0.0009076570076478007,0.013412392664964176,0.0025822795637006203
1,original,active,identity,000313,50176,39617.83552239911,36681.72885325458,445.42046985616264,25.4193471251921,523.7750898051988,204.38644998726295,34885,15291,0,0,0.7895773980069976,0.731061241495029,0.008877161787630792,0.0005066036974886818,0.01043875737016101,0.004073390664605847
1,original,active,identity,000314,62720,53483.533434629615,48460.75885165157,-457.75942215234477,27.2304437608315,549.534910025149,438.1468505146796,23094,39626,0,0,0.8527349080776405,0.772652405160261,-0.007298460174622844,0.00043415886098264507,0.008761717315451993,0.006985759733971295
1,original,active,identity,000316,59584,46263.682240424154,42551.91496841074,237.00718734970843,31.14639994772437,561.895187284355,268.00156091601974,34061,25523,0,0,0.776444720737516,0.7141500229660771,0.003977698498753162,0.0005227309336017114,0.0094303032237573,0.00449787796918669
1,original,active,identity,000317,56448,43702.72030355979,40402.4491998991,429.91588929330607,30.110139414206017,578.299246220547,222.73949953688503,34698,21750,0,0,0.7742120235182787,0.7157463364494597,0.007616140329033908,0.0005334137509602823,0.010244813743986449,0.003945923673768513
1,original,active,identity,000319,56448,45367.87437411497,40823.81623898819,-671.744153003561,29.318676413151067,394.40079048075086,396.2519699751207,15937,40511,0,0,0.8037109264121841,0.7232110303108735,-0.011900229467891883,0.0005193926518769676,0.0069869754549452745,0.007019769876259933
1,original,active,identity,000320,59584,45295.193418360956,41693.1232246086,264.04020301264984,23.694205221006797,535.3865170957082,249.36838161870753,35847,23737,0,0,0.7601905447496132,0.6997368962239628,0.004431394384610799,0.00039766053338155874,0.008985407443201332,0.004185156780657686
1,original,active,identity,000322,34496,28214.675319079426,25415.81898314529,-390.63062012949445,22.169579096889606,253.7983681035633,254.4252784987563,10567,23929,0,0,0.8179115062349092,0.7367758285930337,-0.011323939590952414,0.0006426710081426718,0.0073573274612582125,0.007375500884124429
1,original,active,identity,000323,31360,24526.71654271998,22128.154516186565,-305.11707866659947,18.384749012566413,224.11153466586424,201.67015226234835,10523,20837,0,0,0.782101930571428,0.7056171720722757,-0.009729498681970646,0.0005862483741252045,0.00714641373296761,0.006430808426733047
1,original,active,identity,000325,37632,29558.16176399903,27491.516670773737,456.25210360477365,24.775919570119765,421.7788915075373,140.06323841792232,26181,11451,0,0,0.7854528529974232,0.7305356258177544,0.01212404612044998,0.0006583737130665329,0.011207984999668828,0.003721918537891218
1,original,active,identity,000326,47040,36273.092554935894,33583.295028402004,406.2435689129106,22.549535200308217,469.05031918667356,182.5156138571006,31727,15313,0,0,0.7711116614569705,0.7139305915901787,0.008636130291515956,0.00047936937075485157,0.00997130780583915,0.0038800087979825805
1,original,active,identity,000328,53312,42863.514697416744,38223.91523867659,-981.0417331339311,38.392051672017296,315.07721099450174,434.0394827913656,9070,44242,0,0,0.8040125055787954,0.7169852048071089,-0.01840189325356263,0.0007201390244601084,0.005910061730839244,0.008141496901098545
1,original,active,cross_camera,000009,0,0.0,0.0,0.0,0.0,0.0,0.0,0,0,0,0,,,,,,
1,original,active,cross_camera,000013,0,0.0,0.0,0.0,0.0,0.0,0.0,0,0,0,0,,,,,,
1,original,active,cross_camera,000015,0,0.0,0.0,0.0,0.0,0.0,0.0,0,0,0,0,,,,,,
1,original,active,cross_camera,000018,0,0.0,0.0,0.0,0.0,0.0,0.0,0,0,0,0,,,,,,
1,original,active,cross_camera,000019,0,0.0,0.0,0.0,0.0,0.0,0.0,0,0,0,0,,,,,,
1,original,active,cross_camera,000021,0,0.0,0.0,0.0,0.0,0.0,0.0,0,0,0,0,,,,,,
1,original,active,cross_camera,000022,0,0.0,0.0,0.0,0.0,0.0,0.0,0,0,0,0,,,,,,
1,original,active,cross_camera,000024,0,0.0,0.0,0.0,0.0,0.0,0.0,0,0,0,0,,,,,,
1,original,active,cross_camera,000025,0,0.0,0.0,0.0,0.0,0.0,0.0,0,0,0,0,,,,,,
1,original,active,cross_camera,000027,0,0.0,0.0,0.0,0.0,0.0,0.0,0,0,0,0,,,,,,
1,original,active,cross_camera,000028,0,0.0,0.0,0.0,0.0,0.0,0.0,0,0,0,0,,,,,,
1,original,active,cross_camera,000030,0,0.0,0.0,0.0,0.0,0.0,0.0,0,0,0,0,,,,,,
1,original,active,cross_camera,000031,0,0.0,0.0,0.0,0.0,0.0,0.0,0,0,0,0,,,,,,
1,original,active,cross_camera,000033,0,0.0,0.0,0.0,0.0,0.0,0.0,0,0,0,0,,,,,,
1,original,active,cross_camera,000034,0,0.0,0.0,0.0,0.0,0.0,0.0,0,0,0,0,,,,,,
1,original,active,cross_camera,000036,0,0.0,0.0,0.0,0.0,0.0,0.0,0,0,0,0,,,,,,
1,original,active,cross_camera,000037,0,0.0,0.0,0.0,0.0,0.0,0.0,0,0,0,0,,,,,,
1,original,active,cross_camera,000039,0,0.0,0.0,0.0,0.0,0.0,0.0,0,0,0,0,,,,,,
1,original,active,cross_camera,000040,0,0.0,0.0,0.0,0.0,0.0,0.0,0,0,0,0,,,,,,
1,original,active,cross_camera,000042,0,0.0,0.0,0.0,0.0,0.0,0.0,0,0,0,0,,,,,,
1,original,active,cross_camera,000043,0,0.0,0.0,0.0,0.0,0.0,0.0,0,0,0,0,,,,,,
1,original,active,cross_camera,000045,0,0.0,0.0,0.0,0.0,0.0,0.0,0,0,0,0,,,,,,
1,original,active,cross_camera,000046,0,0.0,0.0,0.0,0.0,0.0,0.0,0,0,0,0,,,,,,
1,original,active,cross_camera,000048,0,0.0,0.0,0.0,0.0,0.0,0.0,0,0,0,0,,,,,,
1,original,active,cross_camera,000049,0,0.0,0.0,0.0,0.0,0.0,0.0,0,0,0,0,,,,,,
1,original,active,cross_camera,000051,0,0.0,0.0,0.0,0.0,0.0,0.0,0,0,0,0,,,,,,
1,original,active,cross_camera,000058,0,0.0,0.0,0.0,0.0,0.0,0.0,0,0,0,0,,,,,,
1,original,active,cross_camera,000114,0,0.0,0.0,0.0,0.0,0.0,0.0,0,0,0,0,,,,,,
1,original,active,cross_camera,000127,0,0.0,0.0,0.0,0.0,0.0,0.0,0,0,0,0,,,,,,
1,original,active,cross_camera,000149,0,0.0,0.0,0.0,0.0,0.0,0.0,0,0,0,0,,,,,,
1,original,active,cross_camera,000150,0,0.0,0.0,0.0,0.0,0.0,0.0,0,0,0,0,,,,,,
1,original,active,cross_camera,000152,0,0.0,0.0,0.0,0.0,0.0,0.0,0,0,0,0,,,,,,
1,original,active,cross_camera,000153,0,0.0,0.0,0.0,0.0,0.0,0.0,0,0,0,0,,,,,,
1,original,active,cross_camera,000155,0,0.0,0.0,0.0,0.0,0.0,0.0,0,0,0,0,,,,,,
1,original,active,cross_camera,000159,40096,33603.90734907222,30101.04226205591,-634.6487097458502,27.215764845430357,283.67436193949976,333.4346076472676,8390,31706,0,0,0.8380862766628148,0.7507243181877472,-0.015828229991666255,0.0006787650849319223,0.0070748793380761114,0.008315907014347257
1,original,active,cross_camera,000181,0,0.0,0.0,0.0,0.0,0.0,0.0,0,0,0,0,,,,,,
1,original,active,cross_camera,000183,0,0.0,0.0,0.0,0.0,0.0,0.0,0,0,0,0,,,,,,
1,original,active,cross_camera,000184,0,0.0,0.0,0.0,0.0,0.0,0.0,0,0,0,0,,,,,,
1,original,active,cross_camera,000186,0,0.0,0.0,0.0,0.0,0.0,0.0,0,0,0,0,,,,,,
1,original,active,cross_camera,000187,0,0.0,0.0,0.0,0.0,0.0,0.0,0,0,0,0,,,,,,
1,original,active,cross_camera,000189,0,0.0,0.0,0.0,0.0,0.0,0.0,0,0,0,0,,,,,,
1,original,active,cross_camera,000190,0,0.0,0.0,0.0,0.0,0.0,0.0,0,0,0,0,,,,,,
1,original,active,cross_camera,000195,37632,27726.143384431198,25311.990406909958,-47.62524883524212,15.203794027598335,287.29695827884586,176.98001554949423,18261,19371,0,0,0.7367703918056759,0.672618792700626,-0.001265551892943296,0.0004040123838116054,0.007634379205964229,0.004702912828164706
1,original,active,cross_camera,000197,0,0.0,0.0,0.0,0.0,0.0,0.0,0,0,0,0,,,,,,
1,original,active,cross_camera,000198,50064,39354.36099634337,35095.30933372327,-900.0130379096202,33.62415948159245,287.7521421716852,390.32890206468477,8422,41642,0,0,0.7860810362005307,0.7010088952884962,-0.017977249878348117,0.0006716235115370816,0.005747685805602532,0.0077965983953476505
1,original,active,cross_camera,000201,68432,51253.01265368692,47316.1426951373,437.76209690430113,31.71332075125923,627.0877505364542,266.576198478584,42487,25945,0,0,0.748962658605432,0.6914329947266966,0.006397037890231195,0.00046342823169364083,0.009163662475690528,0.0038954903916089546
1,original,active,cross_camera,000204,36848,27668.157801470603,25583.179467356764,276.60011302089487,17.23684207948335,344.2084122219772,141.42636561629976,23880,12968,0,0,0.7508727149769486,0.6942894992226651,0.0075065163108145585,0.0004677822969898868,0.009341305151486573,0.003838101541910002
1,original,active,cross_camera,000212,41776,32879.42392053455,30154.311835977947,81.26698274846783,18.334762492491517,385.097872320766,202.65091882482741,23813,17963,0,0,0.7870409785650745,0.7218094560507935,0.0019453031106010108,0.00043888267168928376,0.009218160482592061,0.004850893307756305
1,original,active,cross_camera,000213,31472,22992.07029943855,20618.37389857904,-411.2391218543012,16.543432687938555,174.26851214772256,194.80417138660968,7799,23673,0,0,0.7305563770792626,0.6551338935745755,-0.013066825173306469,0.0005256555887118249,0.005537255724063376,0.006189761419249163
1,original,active,cross_camera,000214,0,0.0,0.0,0.0,0.0,0.0,0.0,0,0,0,0,,,,,,
1,original,active,cross_camera,000216,0,0.0,0.0,0.0,0.0,0.0,0.0,0,0,0,0,,,,,,
1,original,active,cross_camera,000218,0,0.0,0.0,0.0,0.0,0.0,0.0,0,0,0,0,,,,,,
1,original,active,cross_camera,000220,48384,35403.19503179169,33097.35481889639,715.9519478514067,28.037114734138893,503.1580090631119,130.99346825075997,37459,10925,0,0,0.7317128602800862,0.6840557791603916,0.014797287281981784,0.0005794707906361378,0.01039926440689302,0.00270737161563244
1,original,active,cross_camera,000222,0,0.0,0.0,0.0,0.0,0.0,0.0,0,0,0,0,,,,,,
1,original,active,cross_camera,000223,0,0.0,0.0,0.0,0.0,0.0,0.0,0,0,0,0,,,,,,
1,original,active,cross_camera,000225,0,0.0,0.0,0.0,0.0,0.0,0.0,0,0,0,0,,,,,,
1,original,active,cross_camera,000228,42448,31245.173691582168,28158.657749697566,-419.6261078567023,18.068761705829708,255.97010218310623,246.84772847246228,12668,29780,0,0,0.7360811744153356,0.6633683035643038,-0.009885650863567241,0.0004256681517581443,0.006030204065753539,0.005815297033369353
1,original,active,cross_camera,000229,0,0.0,0.0,0.0,0.0,0.0,0.0,0,0,0,0,,,,,,
1,original,active,cross_camera,000233,34048,26300.531400099455,23759.444714562967,-296.2401529869332,15.342682406176058,235.68329139917395,208.18813209302672,11640,22408,0,0,0.7724545171551767,0.6978220369643728,-0.008700662388009081,0.0004506191966099641,0.0069220891505866414,0.006114548052544253
1,original,active,cross_camera,000235,48944,36753.312939354684,33655.76438381756,39.48110582199812,20.881684741701385,403.3880717971239,225.42839983148832,25842,23102,0,0,0.7509258119351644,0.6876382065997376,0.0008066587492235641,0.0004266444250919701,0.008241828861497302,0.004605843409437077
1,original,active,cross_camera,000237,0,0.0,0.0,0.0,0.0,0.0,0.0,0,0,0,0,,,,,,
1,original,active,cross_camera,000238,0,0.0,0.0,0.0,0.0,0.0,0.0,0,0,0,0,,,,,,
1,original,active,cross_camera,000247,0,0.0,0.0,0.0,0.0,0.0,0.0,0,0,0,0,,,,,,
1,original,active,cross_camera,000248,0,0.0,0.0,0.0,0.0,0.0,0.0,0,0,0,0,,,,,,
1,original,active,cross_camera,000250,33600,23897.32781779382,21788.6925822387,-68.91091695174833,14.59257945749349,233.8881504576682,154.71500586293138,16542,17058,0,0,0.711229994577197,0.6484729935190089,-0.0020509201473734623,0.0004343029600444491,0.006960956858859172,0.004604613269730101
1,original,active,cross_camera,000251,51072,37500.789783775515,33881.80621097982,-418.15402934168515,23.36898828397995,321.55820645058276,282.2340234893764,17947,33125,0,0,0.7342729829216698,0.6634125589555886,-0.008187539734917081,0.00045756947611176276,0.006296174155125759,0.005526198768197376
1,original,active,cross_camera,000259,0,0.0,0.0,0.0,0.0,0.0,0.0,0,0,0,0,,,,,,
1,original,active,cross_camera,000261,29568,21822.462772859784,20066.99838520307,107.16261185557673,12.845329092820737,248.2268463726405,122.31135176536492,17071,12497,0,0,0.7380432485409829,0.6786728349973983,0.0036242766455484555,0.0004344334785180174,0.008395117910330104,0.004136612275614343
1,original,active,cross_camera,000262,0,0.0,0.0,0.0,0.0,0.0,0.0,0,0,0,0,,,,,,
1,original,active,cross_camera,000264,0,0.0,0.0,0.0,0.0,0.0,0.0,0,0,0,0,,,,,,
1,original,active,cross_camera,000265,0,0.0,0.0,0.0,0.0,0.0,0.0,0,0,0,0,,,,,,
1,original,active,cross_camera,000267,0,0.0,0.0,0.0,0.0,0.0,0.0,0,0,0,0,,,,,,
1,original,active,cross_camera,000268,0,0.0,0.0,0.0,0.0,0.0,0.0,0,0,0,0,,,,,,
1,original,active,cross_camera,000296,0,0.0,0.0,0.0,0.0,0.0,0.0,0,0,0,0,,,,,,
1,original,active,cross_camera,000297,0,0.0,0.0,0.0,0.0,0.0,0.0,0,0,0,0,,,,,,
1,original,active,cross_camera,000301,0,0.0,0.0,0.0,0.0,0.0,0.0,0,0,0,0,,,,,,
1,original,active,cross_camera,000302,0,0.0,0.0,0.0,0.0,0.0,0.0,0,0,0,0,,,,,,
1,original,active,cross_camera,000304,0,0.0,0.0,0.0,0.0,0.0,0.0,0,0,0,0,,,,,,
1,original,active,cross_camera,000305,0,0.0,0.0,0.0,0.0,0.0,0.0,0,0,0,0,,,,,,
1,original,active,cross_camera,000307,0,0.0,0.0,0.0,0.0,0.0,0.0,0,0,0,0,,,,,,
1,original,active,cross_camera,000308,0,0.0,0.0,0.0,0.0,0.0,0.0,0,0,0,0,,,,,,
1,original,active,cross_camera,000310,0,0.0,0.0,0.0,0.0,0.0,0.0,0,0,0,0,,,,,,
1,original,active,cross_camera,000311,0,0.0,0.0,0.0,0.0,0.0,0.0,0,0,0,0,,,,,,
1,original,active,cross_camera,000313,0,0.0,0.0,0.0,0.0,0.0,0.0,0,0,0,0,,,,,,
1,original,active,cross_camera,000314,0,0.0,0.0,0.0,0.0,0.0,0.0,0,0,0,0,,,,,,
1,original,active,cross_camera,000316,0,0.0,0.0,0.0,0.0,0.0,0.0,0,0,0,0,,,,,,
1,original,active,cross_camera,000317,0,0.0,0.0,0.0,0.0,0.0,0.0,0,0,0,0,,,,,,
1,original,active,cross_camera,000319,0,0.0,0.0,0.0,0.0,0.0,0.0,0,0,0,0,,,,,,
1,original,active,cross_camera,000320,0,0.0,0.0,0.0,0.0,0.0,0.0,0,0,0,0,,,,,,
1,original,active,cross_camera,000322,0,0.0,0.0,0.0,0.0,0.0,0.0,0,0,0,0,,,,,,
1,original,active,cross_camera,000323,0,0.0,0.0,0.0,0.0,0.0,0.0,0,0,0,0,,,,,,
1,original,active,cross_camera,000325,0,0.0,0.0,0.0,0.0,0.0,0.0,0,0,0,0,,,,,,
1,original,active,cross_camera,000326,0,0.0,0.0,0.0,0.0,0.0,0.0,0,0,0,0,,,,,,
1,original,active,cross_camera,000328,0,0.0,0.0,0.0,0.0,0.0,0.0,0,0,0,0,,,,,,
1,original,inactive,identity,000009,90944,71781.60759920301,65261.86817265488,-322.8443414838238,37.19001124388435,721.9564386287648,518.7912514991347,38759,52185,0,0,0.7892945944669578,0.7176049895832037,-0.003549924585281314,0.0004089330933748719,0.007938472451495038,0.005704513233408853
1,original,inactive,identity,000013,103488,81313.53129187116,75309.85651167482,1016.1098034163263,41.865479165052896,1067.0659161730237,398.9811979251104,75006,28482,0,0,0.7857290825204,0.7277158367315517,0.009818624414582621,0.00040454428692266635,0.010311011094745514,0.0038553377968953925
1,original,inactive,identity,000015,28224,23587.251947886776,21708.465305332094,157.49717101173206,10.120177747985434,300.5462502691513,138.38146455572175,17712,10512,0,0,0.8357161262714986,0.7691491392195329,0.005580256909429282,0.00035856638846320274,0.010648605806021517,0.004902971391571774
1,original,inactive,identity,000018,103488,79714.46975053905,75349.49622240884,2516.7643198684323,94.35043973533804,1360.2141918171385,233.81753824351412,93812,9676,0,0,0.7702774210588575,0.7280988735158553,0.024319383115611784,0.0009117041563788849,0.0131436900106016,0.0022593686054761335
1,original,inactive,identity,000019,97216,76574.32402187912,71875.14844670624,1911.4739776043816,73.82169022951128,1216.2789430806545,276.76844266339003,82315,14901,0,0,0.787672029520646,0.7393345585778703,0.019662133574765282,0.0007593574126636693,0.012511098410556436,0.0028469433289107764
1,original,inactive,identity,000021,97216,74092.46849483758,69540.56819466036,1844.4910486985955,64.17817198050439,1142.1090834705392,259.67114776708354,83238,13978,0,0,0.7621427387964695,0.715320196209064,0.01897312220929266,0.0006601605906487038,0.01174815959791124,0.0026710741829234236
1,original,inactive,identity,000022,116032,91769.85004164459,84295.26859532343,447.89551818847616,41.39092872035574,1091.9372286838977,537.7036298783346,68362,47670,0,0,0.7909012172645873,0.7264829408725475,0.003860103404133999,0.00035671994553533284,0.009410655928398182,0.004634097747848305
1,original,inactive,identity,000024,94080,74958.97217709315,69155.13869464886,667.3629953406146,41.05982666457141,960.4651255164707,400.4825326858154,59042,35038,0,0,0.7967577824946126,0.7350673755808765,0.0070935692531953086,0.00043643523240403286,0.010209025568840038,0.004256829641643446
1,original,inactive,identity,000025,106624,90730.7198144233,82083.31528959214,-814.6355121657375,49.673296046439624,907.5753463375717,769.4031026339105,39446,67178,0,0,0.8509408746100624,0.7698390164465049,-0.0076402640321666555,0.0004658734998353056,0.008511923641371284,0.007216040503394269
1,original,inactive,identity,000027,103488,78494.45098243724,72467.35657538759,749.3194093398154,43.306390192013154,968.1165039620299,406.4159193495806,67775,35713,0,0,0.7584884332718502,0.7002488846570384,0.007240640550979972,0.00041846774690798116,0.009354867269268223,0.003927179183572787
1,original,inactive,identity,000028,100352,78459.96849560365,73070.10380976484,1383.5722627940424,53.878038504975734,1124.0112106650558,336.6682249568028,75467,24885,0,0,0.7818475814692647,0.7281379923645253,0.013787191713110276,0.0005368905303828099,0.011200685693011159,0.0033548730962691606
1,original,inactive,identity,000030,97216,76748.58609088603,71511.43609707942,1388.5435764433644,51.34254637694199,1119.1018433151664,328.61599732699716,75891,21325,0,0,0.7894645540948613,0.7355932778254549,0.014283076617463837,0.0005281285629622901,0.01151149855286338,0.0033802665952826403
1,original,inactive,identity,000031,81536,65065.43026811149,58511.48907183763,-936.8526617377439,45.71488338836569,551.8210744361171,579.3040393683682,24087,57449,0,0,0.7979963484609436,0.71761539776096,-0.011490049324687793,0.0005606711561563689,0.0067678212622168995,0.007104886668077514
1,original,inactive,identity,000033,94080,71406.69090187157,65085.13830041583,-157.02401690190393,35.31507963470849,727.901286460279,475.2033210277913,46251,47829,0,0,0.7589996907086689,0.6918063169687056,-0.0016690477987022102,0.00037537287026688445,0.007737045987035279,0.005051055708203564
1,original,inactive,identity,000034,103488,82543.55865847465,75506.28803945181,88.7020369601152,40.28182089548589,936.3153319890483,538.9880229239576,54503,48985,0,0,0.7976147829552668,0.7296139459594524,0.0008571238883746444,0.00038924146659985594,0.009047573940834186,0.0052082175993734305
1,original,inactive,identity,000036,84672,63532.34353115328,59153.9434488588,1106.3373112881056,46.27623263929363,873.638338144008,258.62742770893675,64206,20466,0,0,0.7503347450296826,0.6986246155619189,0.013066153052816819,0.0005465352494247642,0.010317913101662982,0.0030544622509086445
1,original,inactive,identity,000037,94080,78358.51515260665,72686.27502322989,1092.4383678420197,48.57676548529274,1115.6299210719008,404.7882310332552,68800,25280,0,0,0.8328923804486251,0.7726007124067803,0.01161180237927317,0.0005163346671480946,0.011858311235883299,0.004302595993125587
1,original,inactive,identity,000039,119168,96077.51123006645,88636.38784301188,853.2333017947857,51.36408309847354,1244.0410509880635,527.6970259575444,76006,43162,0,0,0.8062358286626146,0.7437935338598607,0.007159919624352055,0.0004310224481276311,0.010439388518629696,0.004428177245213013
1,original,inactive,identity,000040,122304,100447.55387670975,90172.07912082039,-1603.852961057535,71.31583203411645,849.6021953630527,959.318856172842,31458,90846,0,0,0.8212941022101464,0.7372782502683509,-0.013113659087662995,0.00058310302225697,0.0069466427538187854,0.007843724294976795
1,original,inactive,identity,000042,90944,72565.41972069303,67642.32659215608,1341.46833578144,48.281864558969716,1062.9442173678387,320.8968239169301,72485,18459,0,0,0.7979132182518146,0.7437799810010125,0.014750487506393383,0.0005308966458366656,0.011687898238122787,0.0035285101152019932
1,original,inactive,identity,000043,100352,77852.93954975554,72121.26406426646,989.356748108393,47.02139921232941,1034.724268835557,383.00627894086756,70000,30352,0,0,0.7757985844801851,0.7186828769159206,0.009858864278822476,0.00046856464457439227,0.010310948150864528,0.003816628257940724
1,original,inactive,identity,000045,106624,83865.38753471663,77641.35779209249,1016.0561958617026,56.46319827617938,1121.7223976359703,423.968052284305,71899,34725,0,0,0.7865526291896443,0.7281790009012276,0.009529338571632115,0.0005295543055614063,0.010520355620085256,0.0039762910065679865
1,original,inactive,identity,000046,90944,73377.39890856238,66762.89509614749,-279.8443103571236,32.456249312072686,765.0340885330162,527.521737474045,40274,50670,0,0,0.8068415608348256,0.7341099478376527,-0.003077105805299125,0.0003568816998600533,0.008412144710294426,0.005800511715715661
1,original,inactive,identity,000048,112896,88242.42504571378,80429.25474208617,-195.215393601188,47.567927809040114,915.2391509799754,630.4400027649748,56525,56371,0,0,0.7816257887410872,0.7124189939598052,-0.001729161295361997,0.0004213428979683967,0.008106922751735893,0.005584254559638737
1,original,inactive,identity,000049,112896,93979.1188285982,85098.00305866485,-767.9129726463186,48.63993516312412,939.2446450611121,757.3983885408243,42822,70074,0,0,0.8324397571977591,0.753773411446507,-0.006801950225396105,0.00043083842796134606,0.008319556450725555,0.006708815091241712
1,original,inactive,identity,000051,103488,85713.79294056911,78015.33523969771,-298.79920950139376,36.54006861585162,944.1659947413548,626.055911321088,44028,59460,0,0,0.8282486176230008,0.7538587588869986,-0.0028872836415951004,0.0003530850786163769,0.009123434550299115,0.0060495507819369205
1,original,inactive,identity,000058,31360,23014.00001639861,21343.761726291385,316.5567728508477,12.583512223202854,290.23202475319107,103.42461979391463,22671,8689,0,0,0.7338647964412822,0.6806046468842916,0.010094284848560195,0.0004012599560970298,0.009254847728099204,0.0032979789475100327
1,original,inactive,identity,000114,100352,78965.96547873854,71217.95810803026,-930.8877807593691,44.64602797749479,689.4098718166572,656.1206283128762,32870,67482,0,0,0.786889802681945,0.7096815021925847,-0.00927622549385532,0.00044489425200788015,0.006869916611693411,0.00653819184782442
1,original,inactive,identity,000127,131712,105956.46419731987,96999.25447858579,189.99545228041364,52.14801007570607,1208.0895000991186,697.9299372619145,68123,63589,0,0,0.804455662333879,0.7364496361651618,0.0014425067744807888,0.0003959245177030648,0.009172205266787525,0.005298909266140629
1,original,inactive,identity,000149,94080,83265.09006043989,76744.15696883551,667.3292587460077,42.865742147906566,1153.8230566119028,501.92590745975446,59885,34195,0,0,0.8850456001322268,0.8157329609782686,0.007093210658439707,0.0004556307626265579,0.012264275686776177,0.005335096805482084
1,original,inactive,identity,000150,122304,101098.80518251384,91697.82770778774,-673.1332553616148,42.47479675645367,1038.665954904528,786.7018716837885,47817,74487,0,0,0.8266189591715221,0.7497533008551457,-0.005503771384105302,0.0003472886966612185,0.00849249374431358,0.006432347851940971
1,original,inactive,identity,000152,116032,87624.3433554045,80348.66004191642,288.9126997826162,39.84459154265492,964.0435640624089,524.1717343322441,66915,49117,0,0,0.7551739464579125,0.6924698362685847,0.002489939842307434,0.0003433931289873045,0.008308428399600188,0.004517475647513135
1,original,inactive,identity,000153,125440,100986.42862662481,94193.51860771468,1925.2327497602746,72.10138711340153,1502.967310168032,433.81012581001426,101262,24178,0,0,0.805057626168884,0.7509049633905825,0.015347837609696066,0.0005747878436973974,0.011981563378252806,0.0034583077631538126
1,original,inactive,identity,000155,100352,77013.21273048845,71530.89051876077,1166.2165354022286,51.9317717858894,1041.02786315587,352.18891855928933,72851,27501,0,0,0.7674307709909962,0.7127998497166053,0.011621258524017743,0.0005174961314760981,0.010373762985848512,0.003509535620209755
1,original,inactive,identity,000159,84672,69562.4645906256,62229.91453364212,-1327.2332447226006,53.519683882096345,562.8348871480056,688.5862150654282,17320,67352,0,0,0.8215521611704649,0.734952694322115,-0.015674995804074554,0.0006320824343596035,0.006647237423800141,0.00813239577505466
1,original,inactive,identity,000181,84672,66511.56665981899,59482.55586760631,-1287.077526584125,51.925664762559435,516.3676394662632,632.6785723555299,17245,67427,0,0,0.785520203370878,0.7025056201295151,-0.015200745542612967,0.0006132566227626539,0.006098446233303373,0.007472110879104425
1,original,inactive,identity,000183,106624,86135.99969853269,77496.63145592296,-1203.2607071069367,64.86966162511669,761.0384184800965,764.1711789986018,32685,73939,0,0,0.8078481364283153,0.7268216485587012,-0.011285083162392488,0.000608396436309993,0.007137590209334639,0.007166971591748591
1,original,inactive,identity,000184,112896,91244.6528100855,80959.51742408518,-2407.9986172844438,90.26473836427466,620.322651598292,996.5072965306845,14199,98697,0,0,0.8082186508829853,0.7171159068885096,-0.021329352831672015,0.0007995388531416052,0.005494637999559702,0.008826772396990899
1,original,inactive,identity,000186,34496,26169.394628861803,24069.674997981638,159.4801610802264,15.579794896779301,311.62036141832215,143.58877472362997,20978,13518,0,0,0.7586211337216432,0.697752637928503,0.004623149381963891,0.00045164062200774875,0.00903352160883355,0.004162476076172019
1,original,inactive,identity,000187,15680,12851.406766005326,12172.253295503557,430.30648850456487,23.062151929237807,244.88817538747978,42.87480234097693,13136,2544,0,0,0.8196050233421764,0.7762916642540534,0.027443015848505413,0.0014708005056911866,0.015617868328283149,0.0027343623941949572
1,original,inactive,identity,000189,21952,17529.825052583124,15152.411171883112,-864.0667943971479,42.43584435119197,69.52863245738658,269.57276353888363,375,21577,0,0,0.798552526083415,0.6902519666491942,-0.03936164333077386,0.0019331197317416166,0.0031673028634013564,0.01228010037986897
1,original,inactive,identity,000190,28224,22527.9855705715,20723.61977604835,140.4717164749159,13.639938653687228,276.65310082509484,132.77263113738064,17141,11083,0,0,0.7981854297963259,0.7342552358293775,0.004977030770794922,0.00048327447043959847,0.009802051474812034,0.004704245717735992
1,original,inactive,identity,000195,106624,83070.9942402239,75829.31184069067,-70.17631133070554,40.31033802332225,892.2217173290885,552.0702699764275,52093,54531,0,0,0.7791022118868538,0.7111842722153612,-0.0006581661851994443,0.0003780606432259365,0.008367925770268313,0.005177729872978199
1,original,inactive,identity,000197,97216,79644.52681352588,74904.96459438582,2136.1374659209137,81.6036582904428,1346.8448354281368,280.14339775918876,85355,11861,0,0,0.8192532794347215,0.7705003764234881,0.021973105928251663,0.000839405635805246,0.013854147829864804,0.0028816593745802
1,original,inactive,identity,000198,72128,57681.968110490125,51219.60065695224,-1482.692065427726,54.09302729523892,391.7951453696771,622.4612501651202,8508,63620,0,0,0.7997167273526249,0.7101209052927052,-0.02055640064091235,0.0007499587857037339,0.005431942454659454,0.008629953002511095
1,original,inactive,identity,000201,112896,89064.83702756185,82372.59882588871,996.7154075837116,49.915066097785605,1159.69422188903,456.0168384090799,75412,37484,0,0,0.7889104753716859,0.7296325717996095,0.008828615784294497,0.00044213316767454655,0.010272234816902547,0.0040392647959987945
1,original,inactive,identity,000204,94080,74487.84683976346,68979.91610278736,922.5935632832088,45.52208463887242,994.0613206499588,377.23613168890904,64441,29639,0,0,0.7917500727015674,0.733204890548335,0.00980647920156472,0.000483865695566246,0.010566127983099052,0.004009737794312383
1,original,inactive,identity,000212,90944,74697.05271421268,68441.60698253103,193.1392793711371,38.05050131210787,891.0894801414127,482.90262375735585,49932,41012,0,0,0.8213521806189819,0.7525686904307158,0.0021237165659211943,0.00041839485081047534,0.00979822176439801,0.005309889863623283
1,original,inactive,identity,000213,53312,39588.822078477824,35339.06703224033,-832.0581574828271,30.65462596905632,277.95515963617737,366.7354110908296,9773,43539,0,0,0.7425874489510396,0.6628726559168729,-0.015607333386157472,0.0005750042386152521,0.005213744741074756,0.006879040574182728
1,original,inactive,identity,000214,28224,22048.457798784133,20577.52110684826,432.5032606690634,17.27728743765552,328.0767046902057,87.94827019756593,21390,6834,0,0,0.7811953585170115,0.7290788374025036,0.015323953396721351,0.0006121487895994728,0.011624032904273161,0.003116081001897886
1,original,inactive,identity,000216,72128,53709.60839671461,49906.59376136074,833.7275528779861,39.02726521700033,719.4387553056173,235.0847468995154,50943,21185,0,0,0.7446429735569351,0.6919170607996997,0.011559000012172612,0.0005410834241487401,0.00997447253917504,0.0032592716684160853
1,original,inactive,identity,000218,37632,28700.425662377733,26258.32172670588,35.59937406032714,16.59213404357731,316.67290583685485,179.7640601871718,19247,18385,0,0,0.7626601207051906,0.6977657771764955,0.0009459867681847137,0.0004409049225015229,0.008414990057314383,0.004776893606164217
1,original,inactive,identity,000220,84672,63903.03730911776,59617.43294565799,1231.134966657283,49.227664499272706,905.3704945447131,261.44738987160605,64001,20671,0,0,0.7547127422184164,0.7040985561420303,0.014540048264565418,0.0005813924851104581,0.0106926787432057,0.0030877667927013187
1,original,inactive,identity,000222,68992,56437.13238940248,51493.69249480008,-71.23098181546128,23.269239299526312,626.8863663407626,384.79950167094864,33658,35334,0,0,0.8180242983157827,0.74637193435181,-0.0010324527744587962,0.000337274456451854,0.009086363148492036,0.005577451033032071
1,original,inactive,identity,000223,78400,62602.7908294081,57986.7189142704,788.4173374319953,31.354802091834774,839.610911975838,303.3775742092237,55263,23137,0,0,0.7985049850689808,0.7396265167636531,0.010056343589693817,0.00039993370015095376,0.010709322856834668,0.003869611915933976
1,original,inactive,identity,000225,37632,29621.957339770976,28085.88907550089,1021.190732682908,44.72860999882629,542.8401779022636,79.47727657526423,33431,4201,0,0,0.7871481010780977,0.7463299605522133,0.02713623333022183,0.0011885791347477225,0.01442496221041304,0.002111959943007659
1,original,inactive,identity,000228,75264,58405.34745811875,52409.97724934667,-953.2455934310897,39.74656227223132,461.79600001369107,528.0404607569216,19516,55748,0,0,0.7760064234975387,0.6963485497627906,-0.012665359181429232,0.0005280952682853864,0.006135682398141091,0.007015843706910629
1,original,inactive,identity,000229,40768,35144.61662080721,31413.057348360366,-697.5299536834748,24.738800464175636,293.57931353568694,357.7183218537851,6936,33832,0,0,0.8620637907380104,0.7705322151775993,-0.017109741799535783,0.0006068190851691433,0.007201219425424032,0.00877448787906655
1,original,inactive,identity,000233,100352,80110.8883221341,71874.24910653243,-1320.6786136120277,59.15116965703621,664.8762853191033,738.9213153372467,26469,73883,0,0,0.7982988711947355,0.7162213917663068,-0.013160461312300977,0.000589436878757137,0.006625441299815682,0.007363294357235
1,original,inactive,identity,000235,94080,73309.61236143683,67037.38765803614,56.58279652497871,38.180968443124165,808.1609800368133,477.5716098569662,48914,45166,0,0,0.7792263218690139,0.7125572667733433,0.0006014327861923758,0.00040583512375769735,0.008590146471479734,0.005076228846268773
1,original,inactive,identity,000237,59584,47860.62882853055,44644.71270743804,915.8845653956116,35.50857869760516,720.1309880357803,197.48997541732945,47990,11594,0,0,0.803246321638872,0.7492735081135546,0.01537131722267071,0.0005959415060688299,0.012085979256776657,0.0033144799848504537
1,original,inactive,identity,000238,72128,59661.160586343205,55304.41313113365,793.7913133154269,39.66897116919662,851.8381497314165,299.281722613698,49175,22953,0,0,0.8271567295134096,0.7667537312989914,0.011005314348317254,0.0005499801903448954,0.01181008969791782,0.004149314033575005
1,original,inactive,identity,000247,78400,58817.01609137503,53551.5842695022,-187.76791707562336,27.24940883499103,586.0121004875052,387.51222410754076,36252,42148,0,0,0.7502170419818244,0.683055921804875,-0.0023949989422911142,0.00034756899024223254,0.00747464413887124,0.004942757960555367
1,original,inactive,identity,000248,68992,52695.365073573776,47476.512739876285,-669.6696147286254,30.73553158705473,440.8783350282906,431.8119772707841,21842,47150,0,0,0.7637894983994343,0.6881451869764071,-0.009706482124429289,0.00044549413826320053,0.006390281989626197,0.006258870264244899
1,original,inactive,identity,000250,50176,37303.079875209136,34082.42071997514,-0.2900374627854898,15.907489121011942,383.48829710701364,235.11555279689813,26147,24029,0,0,0.7434446722578352,0.6792574282520556,-5.78040223982561e-06,0.0003170338233620046,0.007642863064154449,0.004685816980167772
1,original,inactive,identity,000251,81536,61537.21818783032,55516.273992531,-708.4456641166714,34.80996730550897,530.647175994953,480.4196864163095,25260,56276,0,0,0.7547245166286097,0.6808805189429332,-0.008688746861713493,0.00042692758174927604,0.006508133536044852,0.00589211742563174
1,original,inactive,identity,000259,65856,48603.79623658693,44470.73280740157,62.89478473065559,20.373575724189557,512.0500064091038,283.85635363535823,36037,29819,0,0,0.7380314054389415,0.6752723033193873,0.0009550349965174865,0.0003093655205932574,0.007775297716367587,0.004310258042325046
1,original,inactive,identity,000261,106624,83951.53281533305,77642.03418402956,938.0242159380664,53.44878359903517,1106.8548450779244,432.464396821858,71849,34775,0,0,0.7873605643694951,0.7281853446131223,0.008797496022828503,0.0005012828593847086,0.01038091653922123,0.004055976110649178
1,original,inactive,identity,000262,65856,49658.043576289114,45068.63391427696,-302.43843826887985,25.03504361266679,473.492668767285,353.0868681796697,26192,39664,0,0,0.7540397773367516,0.6843512195438071,-0.004592420406172252,0.0003801482569950618,0.007189818221077579,0.0053614988486951785
1,original,inactive,identity,000264,116032,92416.41532051974,84818.98813482001,380.86765936235406,45.837297315101814,1088.620243806872,558.4249875879477,66010,50022,0,0,0.7964735186889801,0.7309965193637963,0.003282436391360608,0.00039504013819551345,0.009382069117199323,0.004812680877585043
1,original,inactive,identity,000265,34496,26233.620233581983,24044.44148057513,75.56562547837548,13.420898728565364,293.858396769715,158.33090595688563,18053,16443,0,0,0.7604829613167319,0.6970211468163013,0.0021905619630790667,0.0003890566653688939,0.008518622355337286,0.004589833776579477
1,original,inactive,identity,000267,87808,71150.37548002135,63728.0592310708,-1279.9153351331845,52.35283412925809,577.8973182697601,670.7305770768169,19416,68392,0,0,0.8102949102589895,0.725765980674549,-0.01457629527074053,0.0005962194120041237,0.006581374342540089,0.007638604421884303
1,original,inactive,identity,000268,31360,23388.86795044382,21835.63667870313,465.9260820008914,16.876103820986827,334.90446424272295,86.21852870465993,24857,6503,0,0,0.7458184933177238,0.6962894349076253,0.014857336798497814,0.0005381410657202433,0.010679351538352136,0.0027493153285924722
1,original,inactive,identity,000296,62720,51474.76046031265,47282.33778135874,251.3854324837544,31.41254704625311,632.8078444035599,326.87095250428723,36503,26217,0,0,0.8207072777473319,0.7538638039119697,0.0040080585536312885,0.0005008378036711274,0.010089410784495535,0.005211590441713763
1,original,inactive,identity,000297,62720,49677.91736051638,45525.54705729836,136.31662124468346,19.751118092875515,571.7873822258746,306.13445273092975,34727,27993,0,0,0.7920586313857841,0.7258537477247825,0.00217341551729406,0.00031490940836855093,0.009116508007427847,0.004880970228490589
1,original,inactive,identity,000301,90944,77851.4100985651,71878.18564011925,747.6757378668306,39.454276450432836,1087.348303153783,435.0285381793175,58912,32032,0,0,0.8560367929557211,0.7903565451279826,0.008221276146494882,0.00043383045006193744,0.011956240138478437,0.004783477064779617
1,original,inactive,identity,000302,59584,45940.85529302346,41961.04667028156,-13.74168873597268,19.519232055482576,486.94697507609874,295.3847953305347,31005,28579,0,0,0.7710267067169619,0.7042334631827598,-0.00023062716057956298,0.00032759183766585954,0.00817244520468748,0.004957451586508705
1,original,inactive,identity,000304,68992,54209.46890106145,50017.759467200376,488.1856344218985,30.136132739503932,680.7391033015709,291.12836107234307,44878,24114,0,0,0.7857355766039752,0.7249791202922132,0.007075974524899967,0.00043680619114540715,0.009866928097483345,0.004219740855060631
1,original,inactive,identity,000305,56448,44716.01057234185,41986.195243468974,1130.5109497838462,44.6203414759379,716.6957717680092,165.49468363479775,46319,10129,0,0,0.7921628857061694,0.7438030619945609,0.02002747572604603,0.000790468067530079,0.01269656625155912,0.0029318077457978625
1,original,inactive,identity,000307,81536,66667.62238828454,60874.35772907594,-37.859126671171495,30.762574365189973,757.9537651970093,452.3926478865576,40424,41112,0,0,0.8176464676742119,0.7465948504841535,-0.00046432406141056094,0.0003772882452559602,0.00929594001664307,0.005548379217603974
1,original,inactive,identity,000308,59584,46908.763829317526,42699.56398664997,-159.5735143827681,22.33345588797389,490.4153167112168,326.66842495275665,25855,33729,0,0,0.7872711437519725,0.7166280207211663,-0.0026781269196893146,0.0003748230378620752,0.008230654482935298,0.005482485649717318
1,original,inactive,identity,000310,59584,48340.191814894846,44185.41227506334,18.42174511872815,23.239286340149764,549.0734830385826,321.96468856024256,31920,27664,0,0,0.8112948411468657,0.7415650556368042,0.00030917268257801004,0.000390025616610999,0.009215116189557308,0.005403542705428346
1,original,inactive,identity,000311,50176,40673.67818640772,38345.863167697564,1183.5373301000932,49.09839537323861,707.4539502562614,132.84462665607427,43951,6225,0,0,0.8106201806921182,0.7642271836674419,0.023587717835221882,0.000978523504728129,0.014099448944839393,0.002647573075894337
1,original,inactive,identity,000313,75264,59754.480414731894,55345.38865978271,749.5032999313429,36.76567455650857,796.4588933612958,302.4233152031392,52308,22956,0,0,0.7939317657144438,0.7353500831710075,0.009958324031825878,0.0004884895110080327,0.010582202558478101,0.004018166921810417
1,original,inactive,identity,000314,125440,104969.84677216929,94894.87853195774,-1012.9375989580974,48.526259688019366,1011.546302433731,875.3765421373708,41862,83578,0,0,0.836813191742421,0.7564961617662448,-0.008075076522306261,0.0003868483712373993,0.008063985191595431,0.006978448199436949
1,original,inactive,identity,000316,65856,50982.40146675246,46670.94548568223,89.846854582631,23.40303912208172,564.2463031594871,315.7948563576071,35278,30578,0,0,0.7741496821360614,0.7086817523943487,0.0013642926169617194,0.00035536684769924866,0.008567879967800764,0.0047952328771502534
1,original,inactive,identity,000317,68992,54088.42289111501,50142.31848064996,723.3407744955564,32.734204061794266,731.2465556742678,260.5175121018531,49396,19596,0,0,0.7839810831852245,0.7267845327088642,0.010484415214743106,0.0004744637648103297,0.010599005039341776,0.0037760539207712935
1,original,inactive,identity,000319,68992,55886.437190670404,50499.612562319264,-562.1571469214606,26.390909573097563,519.5551610391227,454.6406596531134,23248,45744,0,0,0.810042283028038,0.7319633082432639,-0.008148149740860687,0.00038252130063047253,0.0075306580623713286,0.006589759097476713
1,original,inactive,identity,000320,65856,50217.21849156899,46364.63543079235,482.66164694232197,26.314461603446464,618.4779586629644,259.9030900312297,44194,21662,0,0,0.7625306500784892,0.7040305428631005,0.007329045902306881,0.0003995757653584558,0.009391368419930825,0.0039465362310378655
1,original,inactive,identity,000322,28224,23297.47874086199,20925.402475082316,-360.80852837056125,14.270028373016084,199.6180129388584,213.31078791569234,7067,21157,0,0,0.8254492184262326,0.7414045661522929,-0.012783748879342447,0.0005055990778421232,0.007072633678389258,0.007557780184087739
1,original,inactive,identity,000323,31360,24388.960781709873,21936.620388254523,-346.84518022635524,14.674384886404036,201.51943671940012,207.10343002644095,8493,22867,0,0,0.7777092086004423,0.6995095787070957,-0.011060114165381225,0.00046793319153074094,0.0064260024464094425,0.006604063457475795
1,original,inactive,identity,000325,87808,68163.65298912962,63263.27440818446,984.1790420448216,40.63122708735482,919.6818651464184,321.34096860036914,63246,24562,0,0,0.7762806690635207,0.7204727861719258,0.011208307239030858,0.00046272807816320635,0.010473782174134685,0.0036595864682075568
1,original,inactive,identity,000326,78400,61273.036197891866,56758.18899926962,774.8445422172181,34.530247564392155,797.6509509679483,306.0615295793391,56457,21943,0,0,0.7815438290547432,0.7239564923376227,0.00988322120175023,0.00044043683117847137,0.010174119272550361,0.0039038460405527945
1,original,inactive,identity,000328,72128,58212.7247212308,51908.08209274663,-1279.1471042351216,49.26940533697496,431.7518727030617,592.3816389892437,13210,58918,0,0,0.8070752651013587,0.7196661780826673,-0.01773440417362358,0.0006830829266994088,0.0059859121659142315,0.008212922013493286
1,original,inactive,cross_camera,000009,0,0.0,0.0,0.0,0.0,0.0,0.0,0,0,0,0,,,,,,
1,original,inactive,cross_camera,000013,0,0.0,0.0,0.0,0.0,0.0,0.0,0,0,0,0,,,,,,
1,original,inactive,cross_camera,000015,0,0.0,0.0,0.0,0.0,0.0,0.0,0,0,0,0,,,,,,
1,original,inactive,cross_camera,000018,0,0.0,0.0,0.0,0.0,0.0,0.0,0,0,0,0,,,,,,
1,original,inactive,cross_camera,000019,0,0.0,0.0,0.0,0.0,0.0,0.0,0,0,0,0,,,,,,
1,original,inactive,cross_camera,000021,0,0.0,0.0,0.0,0.0,0.0,0.0,0,0,0,0,,,,,,
1,original,inactive,cross_camera,000022,0,0.0,0.0,0.0,0.0,0.0,0.0,0,0,0,0,,,,,,
1,original,inactive,cross_camera,000024,0,0.0,0.0,0.0,0.0,0.0,0.0,0,0,0,0,,,,,,
1,original,inactive,cross_camera,000025,0,0.0,0.0,0.0,0.0,0.0,0.0,0,0,0,0,,,,,,
1,original,inactive,cross_camera,000027,0,0.0,0.0,0.0,0.0,0.0,0.0,0,0,0,0,,,,,,
1,original,inactive,cross_camera,000028,0,0.0,0.0,0.0,0.0,0.0,0.0,0,0,0,0,,,,,,
1,original,inactive,cross_camera,000030,0,0.0,0.0,0.0,0.0,0.0,0.0,0,0,0,0,,,,,,
1,original,inactive,cross_camera,000031,0,0.0,0.0,0.0,0.0,0.0,0.0,0,0,0,0,,,,,,
1,original,inactive,cross_camera,000033,0,0.0,0.0,0.0,0.0,0.0,0.0,0,0,0,0,,,,,,
1,original,inactive,cross_camera,000034,0,0.0,0.0,0.0,0.0,0.0,0.0,0,0,0,0,,,,,,
1,original,inactive,cross_camera,000036,0,0.0,0.0,0.0,0.0,0.0,0.0,0,0,0,0,,,,,,
1,original,inactive,cross_camera,000037,0,0.0,0.0,0.0,0.0,0.0,0.0,0,0,0,0,,,,,,
1,original,inactive,cross_camera,000039,0,0.0,0.0,0.0,0.0,0.0,0.0,0,0,0,0,,,,,,
1,original,inactive,cross_camera,000040,0,0.0,0.0,0.0,0.0,0.0,0.0,0,0,0,0,,,,,,
1,original,inactive,cross_camera,000042,0,0.0,0.0,0.0,0.0,0.0,0.0,0,0,0,0,,,,,,
1,original,inactive,cross_camera,000043,0,0.0,0.0,0.0,0.0,0.0,0.0,0,0,0,0,,,,,,
1,original,inactive,cross_camera,000045,0,0.0,0.0,0.0,0.0,0.0,0.0,0,0,0,0,,,,,,
1,original,inactive,cross_camera,000046,0,0.0,0.0,0.0,0.0,0.0,0.0,0,0,0,0,,,,,,
1,original,inactive,cross_camera,000048,0,0.0,0.0,0.0,0.0,0.0,0.0,0,0,0,0,,,,,,
1,original,inactive,cross_camera,000049,0,0.0,0.0,0.0,0.0,0.0,0.0,0,0,0,0,,,,,,
1,original,inactive,cross_camera,000051,0,0.0,0.0,0.0,0.0,0.0,0.0,0,0,0,0,,,,,,
1,original,inactive,cross_camera,000058,0,0.0,0.0,0.0,0.0,0.0,0.0,0,0,0,0,,,,,,
1,original,inactive,cross_camera,000114,0,0.0,0.0,0.0,0.0,0.0,0.0,0,0,0,0,,,,,,
1,original,inactive,cross_camera,000127,0,0.0,0.0,0.0,0.0,0.0,0.0,0,0,0,0,,,,,,
1,original,inactive,cross_camera,000149,0,0.0,0.0,0.0,0.0,0.0,0.0,0,0,0,0,,,,,,
1,original,inactive,cross_camera,000150,0,0.0,0.0,0.0,0.0,0.0,0.0,0,0,0,0,,,,,,
1,original,inactive,cross_camera,000152,0,0.0,0.0,0.0,0.0,0.0,0.0,0,0,0,0,,,,,,
1,original,inactive,cross_camera,000153,0,0.0,0.0,0.0,0.0,0.0,0.0,0,0,0,0,,,,,,
1,original,inactive,cross_camera,000155,0,0.0,0.0,0.0,0.0,0.0,0.0,0,0,0,0,,,,,,
1,original,inactive,cross_camera,000159,43344,35179.785074872896,31460.766206005588,-681.9534629022445,28.249108507066698,281.1803278195844,347.0688540442656,8977,34367,0,0,0.8116414053818959,0.7258390136121629,-0.015733514740269575,0.000651742075190723,0.006487179951540799,0.008007310216968107
1,original,inactive,cross_camera,000181,0,0.0,0.0,0.0,0.0,0.0,0.0,0,0,0,0,,,,,,
1,original,inactive,cross_camera,000183,0,0.0,0.0,0.0,0.0,0.0,0.0,0,0,0,0,,,,,,
1,original,inactive,cross_camera,000184,0,0.0,0.0,0.0,0.0,0.0,0.0,0,0,0,0,,,,,,
1,original,inactive,cross_camera,000186,0,0.0,0.0,0.0,0.0,0.0,0.0,0,0,0,0,,,,,,
1,original,inactive,cross_camera,000187,0,0.0,0.0,0.0,0.0,0.0,0.0,0,0,0,0,,,,,,
1,original,inactive,cross_camera,000189,0,0.0,0.0,0.0,0.0,0.0,0.0,0,0,0,0,,,,,,
1,original,inactive,cross_camera,000190,0,0.0,0.0,0.0,0.0,0.0,0.0,0,0,0,0,,,,,,
1,original,inactive,cross_camera,000195,54880,41494.08056482603,37886.07655946794,-25.82644607077623,21.097628735177683,436.16683740495654,267.85856456986056,27149,27731,0,0,0.7560874738488708,0.6903439606317044,-0.0004705985071205581,0.0003844320104806429,0.00794764645417195,0.004880804747993086
1,original,inactive,cross_camera,000197,0,0.0,0.0,0.0,0.0,0.0,0.0,0,0,0,0,,,,,,
1,original,inactive,cross_camera,000198,38640,30136.994134202367,26796.81391401263,-738.4581764092086,26.47527568826333,205.29991153895787,310.79668525523294,5058,33582,0,0,0.7799429123758377,0.6934993248968072,-0.01911123644951368,0.0006851779422428398,0.005313144708565162,0.008043392475549508
1,original,inactive,cross_camera,000201,56560,43181.490870623034,39952.55464971624,498.9152091701804,25.345750711916708,549.6489991139501,213.38699293504152,37588,18972,0,0,0.7634634170902234,0.7063747286017723,0.008820990261141803,0.0004481214765190366,0.009717980889567717,0.003772754471977396
1,original,inactive,cross_camera,000204,39984,30161.196522900835,27863.5508381112,306.165747465026,18.25579898044999,372.62404193667476,155.67854757936783,26023,13961,0,0,0.7543316457308132,0.696867517959964,0.007657206569253352,0.0004565776055534711,0.00931932877992884,0.003893521097923365
1,original,inactive,cross_camera,000212,46816,37001.41542985465,33888.63479779335,81.54584078624416,19.695888799031927,423.57911305157506,233.99786199495,25496,21320,0,0,0.7903583268509623,0.7238686516958592,0.0017418369956050102,0.00042070849280228823,0.009047742503664882,0.004998245514246198
1,original,inactive,cross_camera,000213,25312,18163.758908099728,16251.112524822354,-344.5718852475202,13.232199844117542,129.28130561188806,157.54516780711674,5572,19740,0,0,0.717594773550084,0.642031942352337,-0.013612985352699123,0.0005227639002890938,0.005107510493516437,0.006224129575186344
1,original,inactive,cross_camera,000214,0,0.0,0.0,0.0,0.0,0.0,0.0,0,0,0,0,,,,,,
1,original,inactive,cross_camera,000216,0,0.0,0.0,0.0,0.0,0.0,0.0,0,0,0,0,,,,,,
1,original,inactive,cross_camera,000218,0,0.0,0.0,0.0,0.0,0.0,0.0,0,0,0,0,,,,,,
1,original,inactive,cross_camera,000220,41328,29468.83870685249,27518.8552881442,594.0568703402733,24.074721257289507,400.98729380619426,113.4485106185516,31138,10190,0,0,0.7130477813311191,0.6658646749938105,0.014374198372538553,0.0005825280985600443,0.009702557438206404,0.002745076234479084
1,original,inactive,cross_camera,000222,0,0.0,0.0,0.0,0.0,0.0,0.0,0,0,0,0,,,,,,
1,original,inactive,cross_camera,000223,0,0.0,0.0,0.0,0.0,0.0,0.0,0,0,0,0,,,,,,
1,original,inactive,cross_camera,000225,0,0.0,0.0,0.0,0.0,0.0,0.0,0,0,0,0,,,,,,
1,original,inactive,cross_camera,000228,37072,27498.9794000932,24714.090170301497,-410.9065901132067,18.070251307442867,214.39871271538414,233.2815632660613,10807,26265,0,0,0.7417722108354877,0.6666511159446886,-0.01108401462325223,0.00048743664510797545,0.005783305802637682,0.006292661935316716
1,original,inactive,cross_camera,000229,0,0.0,0.0,0.0,0.0,0.0,0.0,0,0,0,0,,,,,,
1,original,inactive,cross_camera,000233,52080,40060.68784164806,35959.25034161424,-643.0045129052259,29.618909532646164,325.0126428712011,354.92680168924113,14505,37575,0,0,0.7692144362835649,0.6904617961139448,-0.012346476822296963,0.000568719461072315,0.006240642144224291,0.006815030754401712
1,original,inactive,cross_camera,000235,50400,38244.84833633993,34971.231382850034,28.05488991315009,20.644928130378457,411.5857459180776,244.171943695533,26191,24209,0,0,0.7588263558797604,0.6938736385486117,0.0005566446411339304,0.0004096215898884614,0.008166383847580904,0.004844681422530417
1,original,inactive,cross_camera,000237,0,0.0,0.0,0.0,0.0,0.0,0.0,0,0,0,0,,,,,,
1,original,inactive,cross_camera,000238,0,0.0,0.0,0.0,0.0,0.0,0.0,0,0,0,0,,,,,,
1,original,inactive,cross_camera,000247,0,0.0,0.0,0.0,0.0,0.0,0.0,0,0,0,0,,,,,,
1,original,inactive,cross_camera,000248,0,0.0,0.0,0.0,0.0,0.0,0.0,0,0,0,0,,,,,,
1,original,inactive,cross_camera,000250,25200,18204.580351098906,16626.892575505655,-6.089168701148617,8.129660190005747,181.17918744827236,112.6979411057426,13104,12096,0,0,0.7224039821864645,0.6597973244248276,-0.0002416336786170086,0.00032260556309546615,0.007189650295566364,0.00447214052006915
1,original,inactive,cross_camera,000251,42672,31238.695776874403,28224.331085182726,-317.5329154459559,17.33212937752073,269.08438589981733,230.89545750258628,14257,28415,0,0,0.7320654240924823,0.6614250816737609,-0.007441247549820864,0.00040617101090927846,0.006305877059894482,0.005410935918227088
1,original,inactive,cross_camera,000259,0,0.0,0.0,0.0,0.0,0.0,0.0,0,0,0,0,,,,,,
1,original,inactive,cross_camera,000261,50064,37345.79864087759,34529.514694097685,407.77307542622566,24.615188085818744,466.2658828776376,186.40849653335607,33245,16819,0,0,0.7459611425550813,0.6897074683225008,0.008145035862620359,0.0004916744184607451,0.009313396510019925,0.003723403973580938
1,original,inactive,cross_camera,000262,0,0.0,0.0,0.0,0.0,0.0,0.0,0,0,0,0,,,,,,
1,original,inactive,cross_camera,000264,0,0.0,0.0,0.0,0.0,0.0,0.0,0,0,0,0,,,,,,
1,original,inactive,cross_camera,000265,0,0.0,0.0,0.0,0.0,0.0,0.0,0,0,0,0,,,,,,
1,original,inactive,cross_camera,000267,0,0.0,0.0,0.0,0.0,0.0,0.0,0,0,0,0,,,,,,
1,original,inactive,cross_camera,000268,0,0.0,0.0,0.0,0.0,0.0,0.0,0,0,0,0,,,,,,
1,original,inactive,cross_camera,000296,0,0.0,0.0,0.0,0.0,0.0,0.0,0,0,0,0,,,,,,
1,original,inactive,cross_camera,000297,0,0.0,0.0,0.0,0.0,0.0,0.0,0,0,0,0,,,,,,
1,original,inactive,cross_camera,000301,0,0.0,0.0,0.0,0.0,0.0,0.0,0,0,0,0,,,,,,
1,original,inactive,cross_camera,000302,0,0.0,0.0,0.0,0.0,0.0,0.0,0,0,0,0,,,,,,
1,original,inactive,cross_camera,000304,0,0.0,0.0,0.0,0.0,0.0,0.0,0,0,0,0,,,,,,
1,original,inactive,cross_camera,000305,0,0.0,0.0,0.0,0.0,0.0,0.0,0,0,0,0,,,,,,
1,original,inactive,cross_camera,000307,0,0.0,0.0,0.0,0.0,0.0,0.0,0,0,0,0,,,,,,
1,original,inactive,cross_camera,000308,0,0.0,0.0,0.0,0.0,0.0,0.0,0,0,0,0,,,,,,
1,original,inactive,cross_camera,000310,0,0.0,0.0,0.0,0.0,0.0,0.0,0,0,0,0,,,,,,
1,original,inactive,cross_camera,000311,0,0.0,0.0,0.0,0.0,0.0,0.0,0,0,0,0,,,,,,
1,original,inactive,cross_camera,000313,0,0.0,0.0,0.0,0.0,0.0,0.0,0,0,0,0,,,,,,
1,original,inactive,cross_camera,000314,0,0.0,0.0,0.0,0.0,0.0,0.0,0,0,0,0,,,,,,
1,original,inactive,cross_camera,000316,0,0.0,0.0,0.0,0.0,0.0,0.0,0,0,0,0,,,,,,
1,original,inactive,cross_camera,000317,0,0.0,0.0,0.0,0.0,0.0,0.0,0,0,0,0,,,,,,
1,original,inactive,cross_camera,000319,0,0.0,0.0,0.0,0.0,0.0,0.0,0,0,0,0,,,,,,
1,original,inactive,cross_camera,000320,0,0.0,0.0,0.0,0.0,0.0,0.0,0,0,0,0,,,,,,
1,original,inactive,cross_camera,000322,0,0.0,0.0,0.0,0.0,0.0,0.0,0,0,0,0,,,,,,
1,original,inactive,cross_camera,000323,0,0.0,0.0,0.0,0.0,0.0,0.0,0,0,0,0,,,,,,
1,original,inactive,cross_camera,000325,0,0.0,0.0,0.0,0.0,0.0,0.0,0,0,0,0,,,,,,
1,original,inactive,cross_camera,000326,0,0.0,0.0,0.0,0.0,0.0,0.0,0,0,0,0,,,,,,
1,original,inactive,cross_camera,000328,0,0.0,0.0,0.0,0.0,0.0,0.0,0,0,0,0,,,,,,
1,registered_style,all,identity,000009,188160,142681.13846570457,129739.67129840888,-691.8100045915394,75.33902146052053,1390.2908785210539,997.0397319205144,81148,107012,0,0,0.7582968668457939,0.689517810897156,-0.0036767113339261233,0.0004003987109934127,0.0073888758424800905,0.005298893133080965
1,registered_style,all,identity,000013,188160,145174.2737198734,134458.8350286996,1748.2625452756733,78.4773235535873,1881.077683653931,703.6932330712522,132210,55950,0,0,0.7715469479159938,0.7145984004501467,0.009291361316303537,0.0004170776124234019,0.009997224084045126,0.003739866247189903
1,registered_style,all,identity,000015,62720,50586.6933049137,46527.51937774941,283.8643793950662,23.62439144684854,620.9131158797359,294.7140031011389,36951,25769,0,0,0.8065480437645679,0.7418290717115659,0.0045258989061713354,0.000376664404445927,0.009899762689409054,0.004698883978015608
1,registered_style,all,identity,000018,188160,143561.99041289417,135576.6183770037,4339.909238593295,169.76070287231792,2408.026813799675,438.0837671657463,165957,22203,0,0,0.7629782653746502,0.7205390007281234,0.023064993827557907,0.0009022146198571318,0.012797761552931946,0.0023282513135934645
1,registered_style,all,identity,000019,188160,144175.27426112356,135135.39262208214,3338.052123115343,135.06348575640212,2206.224970262818,535.5691757538566,152264,35896,0,0,0.7662376395680461,0.7181940509251815,0.017740498103291577,0.0007178118928380215,0.01172526025862467,0.0028463497861068057
1,registered_style,all,identity,000021,188160,141191.6481043895,132369.47651512967,3299.6078001838728,117.60525936745309,2120.965459607646,502.51663688060415,157640,30520,0,0,0.7503807828677163,0.7034942416832997,0.01753618091084116,0.0006250279515702226,0.011272137859309344,0.002670687908591646
1,registered_style,all,identity,000022,188160,144878.52371639007,133070.00604681717,629.792431177086,70.77387785947117,1689.8314215005942,837.9711588517696,108644,79516,0,0,0.7699751473022431,0.7072172940413327,0.003347111135082302,0.0003761366808007609,0.008980821755424076,0.0044535031826730955
1,registered_style,all,identity,000024,188160,146499.05629381957,135084.97672688705,1163.3587234854851,82.2123846882136,1828.3327002851956,784.6395937043704,115723,72437,0,0,0.7785876716295683,0.7179261093053095,0.006182816345054662,0.0004369280648820876,0.009716904231957885,0.004170065867901629
1,registered_style,all,identity,000025,188160,156147.99596351228,141473.59284703806,-1268.5707985880272,88.3287748009094,1567.9618504096768,1268.0216541974214,71386,116774,0,0,0.8298681758264895,0.7518792136853638,-0.006741979159162559,0.0004694343898857855,0.008333130582534421,0.006739060662188677
1,registered_style,all,identity,000027,188160,139616.940145245,128800.39080075384,1170.0360533827347,79.53332326839379,1683.1161327822342,723.7055851342967,118351,69809,0,0,0.7420117992413106,0.6845258864835982,0.0062183038551378335,0.00042268985580566425,0.008945132508408983,0.0038462244107902673
1,registered_style,all,identity,000028,188160,145218.07779090523,135137.9973029329,2387.381475776074,98.86534213889165,2040.3223751678922,633.3197565137402,138473,49687,0,0,0.7717797501642497,0.7182078938293628,0.012688039305782705,0.0005254323030340755,0.010843550038094665,0.0033658575494990447
1,registered_style,all,identity,000030,188160,146222.59800067008,136157.8754652175,2488.980877690943,98.92723758332858,2087.0215446725247,638.7028739089426,143347,44813,0,0,0.7771183992382551,0.7236281646748379,0.013228002113578566,0.0005257612541630983,0.0110917386515334,0.003394466804363003
1,registered_style,all,identity,000031,188160,144109.92594221784,130255.05189206591,-1482.5506616672849,85.60450762563792,1282.570092908989,1133.9471123275728,67272,120888,0,0,0.7658903377031135,0.6922568659229693,-0.007879202070935825,0.0004549559291328546,0.006816380170647262,0.0060265046360946685
1,registered_style,all,identity,000033,188160,138006.48218256226,125667.37219274812,-490.78784193914345,73.10400727953754,1357.4909420729878,911.8588995106115,87572,100588,0,0,0.7334528177219508,0.6678750647998943,-0.0026083537518024206,0.0003885204468512837,0.007214556452343685,0.004846188879201805
1,registered_style,all,identity,000034,188160,145179.38862258795,132896.28730396496,181.03904948288954,68.47835898770641,1623.8275706866166,908.5916794150887,98502,89658,0,0,0.7715741317101826,0.7062940439198818,0.0009621548123027718,0.0003639368568649363,0.008630035983666117,0.004828824826823388
1,registered_style,all,identity,000036,188160,136941.7376810704,127433.39125021454,2248.5638089743684,98.42967893136236,1822.895121436976,553.7549498580108,137859,50301,0,0,0.7277940990703147,0.6772607953348987,0.011950275345314457,0.0005231169160892983,0.009688005534847874,0.00294300037126919
1,registered_style,all,identity,000037,188160,151067.21667407022,139816.76776874578,1719.1813673279066,88.29498466843954,2032.5258415359774,788.604686973502,127336,60824,0,0,0.8028657348749481,0.7430738082947799,0.009136805736223993,0.0004692548079742748,0.010802114378911444,0.004191138855088765
1,registered_style,all,identity,000039,188160,148546.94181217652,137043.78049165895,1250.0948514935856,82.25212324060331,1888.2863970953192,809.6933745671619,118093,70067,0,0,0.7894714169439654,0.72833641842931,0.006643786413124924,0.000437139260419873,0.010035535698848424,0.004303217339323777
1,registered_style,all,identity,000040,188160,152016.2608599857,136672.58858330874,-2292.56335846055,106.96264038021235,1303.9810107435756,1398.9004034989493,52617,135543,0,0,0.8079095496385293,0.7263636723177548,-0.012184116488417038,0.0005684664135853123,0.0069301711880504656,0.007434632246486763
1,registered_style,all,identity,000042,188160,145514.18010259798,135724.1017648516,2702.8050085500167,103.25996887294788,2109.5246188093556,623.3238440490504,145681,42479,0,0,0.7733534231643175,0.7213228197536756,0.014364397366868712,0.0005487880998774866,0.011211334071053123,0.0033127330147164668
1,registered_style,all,identity,000043,188160,140183.04688383028,129811.48244638357,1663.62313405529,83.41608063777412,1791.8671574901314,675.0208990709266,128797,59363,0,0,0.7450204447482477,0.689899460280525,0.008841534513474117,0.00044332525849157163,0.009523103515572551,0.0035874835197221865
1,registered_style,all,identity,000045,188160,143410.26842180156,132561.49657745566,1463.4835852720819,91.22014012631416,1830.3029835412942,729.1644935317711,121503,66657,0,0,0.7621719197587243,0.7045147564703214,0.007777867693835469,0.00048480091478695877,0.009727375550283239,0.0038752364664741234
1,registered_style,all,identity,000046,188160,147538.68701158522,134349.7555096278,-522.2374065648363,65.92262713523485,1522.3596040859607,1017.9646952427107,85236,102924,0,0,0.7841129199170133,0.7140186836183451,-0.0027754964209440705,0.0003503540982952532,0.008090771705388822,0.005410101484070529
1,registered_style,all,identity,000048,188160,143015.669404828,130282.68447985552,-454.6071523920176,78.75735144449808,1445.6393340886189,1006.2682869029657,90981,97179,0,0,0.7600747736225978,0.6924037227883478,-0.0024160669238521343,0.0004185658558912526,0.007683032175215874,0.005347939449951986
1,registered_style,all,identity,000049,188160,151250.4492224898,137055.50418368017,-1209.5836336241139,77.75978462466793,1487.9178731402983,1169.3527782650785,71604,116556,0,0,0.8038395473134025,0.7283987254659873,-0.006428484447407068,0.00041326416148314163,0.007907726791774544,0.006214672503534644
1,registered_style,all,identity,000051,188160,154735.9366042763,141008.07030593988,-443.264040919545,66.05018806500544,1735.3328768330798,1093.8704476458897,82795,105365,0,0,0.8223636086536793,0.7494051355545275,-0.0023557825303972416,0.00035103203691010543,0.009222644966162201,0.005813512157981982
1,registered_style,all,identity,000058,62720,45012.079067506245,41717.927528334316,570.2873256049733,28.118441978230305,555.5722699128067,206.86588829761675,43479,19241,0,0,0.7176670769691684,0.6651455281941058,0.009092591288344599,0.00044831699582637604,0.00885797624223225,0.003298244392500267
1,registered_style,all,identity,000114,188160,144786.61183610605,130799.66219121777,-1556.5304891837739,84.7771835770754,1273.7601365089088,1157.3396911942768,64411,123749,0,0,0.7694866700473323,0.6951512658972032,-0.008272377174658662,0.0004505590113577562,0.006769558548623027,0.006150827440445774
1,registered_style,all,identity,000127,188160,150346.3002175587,137528.83785074658,90.27479557928334,77.00674756515524,1688.2145811539046,1001.5324016796458,94622,93538,0,0,0.7990343336392363,0.7309143168088147,0.00047977676221983066,0.00040926205126039136,0.008972228853921687,0.005322769991919886
1,registered_style,all,identity,000149,188160,162958.71328912006,150255.5433237817,1287.3854152309668,87.76262481621194,2222.8975426592874,964.6120692774929,117469,70691,0,0,0.8660645901845241,0.7985519947054724,0.006841971807137366,0.0004664255145419427,0.011813868742874614,0.005126552238932254
1,registered_style,all,identity,000150,188160,153694.302432095,139513.78498920065,-985.3429937735535,73.34216570740406,1593.4672519200465,1172.781932602112,75631,112529,0,0,0.8168277127556068,0.7414635681824014,-0.005236729346160467,0.0003897861697884995,0.008468682248724737,0.006232897175819047
1,registered_style,all,identity,000152,188160,140827.4304809026,129093.66016172036,356.7397583656561,69.63261550143145,1536.6840782994218,848.5429766260545,105707,82453,0,0,0.7484451024707834,0.6860845034105036,0.0018959383416542097,0.00037007129837070285,0.008166900926336212,0.004509688438701395
1,registered_style,all,identity,000153,188160,149040.79359465017,138821.73975114664,2576.6011703555737,100.92511731192444,2153.67892718063,652.5906670170474,146733,41427,0,0,0.7920960543933363,0.7377856066706348,0.01369367118598838,0.0005363792374145644,0.011445997699726988,0.003468275228619512
1,registered_style,all,identity,000155,188160,140261.36611889978,130199.19736493507,1979.7427881276774,94.74219754845855,1838.9937475895038,641.2473507033138,132147,56013,0,0,0.7454366821795269,0.6919600200092213,0.010521592198807809,0.0005035193322090696,0.00977356370955306,0.0034079897465099586
1,registered_style,all,identity,000159,163072,131817.47894064762,118120.30705521582,-2380.1965484076427,99.31507816523398,1084.0439379293218,1258.6918000783726,36762,126310,0,0,0.8083391320438066,0.7243445046066511,-0.014595985505835721,0.0006090259404755812,0.006647639925488875,0.0077186261288165504
1,registered_style,all,identity,000181,188160,143672.449365567,128576.77769550239,-2760.9071217904743,121.36696558897293,1102.7775681506962,1336.7600727774545,43139,145021,0,0,0.7635653133799267,0.683337466493954,-0.014673188359855836,0.0006450200126964973,0.005860850170868921,0.007104379638485621
1,registered_style,all,identity,000183,188160,150061.63993665343,135185.74311692175,-1992.598702938231,121.8152043914564,1350.1839286320624,1302.420217981284,60520,127640,0,0,0.797521470751772,0.7184616449666335,-0.010589916575989749,0.0006474022342233015,0.00717572240982176,0.006921876158488966
1,registered_style,all,identity,000184,188160,149295.46433639457,132791.19833644852,-3686.7466436147242,141.48859672025662,1049.214957872057,1553.2083360156676,28428,159732,0,0,0.7934495341007364,0.7057355353765333,-0.019593679015809547,0.0007519589536578265,0.0055761849376703716,0.008254721173552654
1,registered_style,all,identity,000186,62720,46855.87196189165,42994.989434830844,161.85217890522438,29.30569777458508,536.7159350025025,269.13039539037493,35907,26813,0,0,0.7470642851066909,0.6855068468563591,0.002580551321830746,0.0004672464568651958,0.008557333147361328,0.004290982069361845
1,registered_style,all,identity,000187,62720,49966.4389178718,46772.77488379553,1096.1233405335008,81.6771913981622,827.6286000428385,230.3984310129522,45328,17392,0,0,0.7966587837670887,0.7457393954686787,0.01747645632228158,0.0013022511383635554,0.01319560905680546,0.0036734443720177327
1,registered_style,all,identity,000189,62720,47731.13515393803,41564.49310991331,-2068.763039765332,94.9427562403033,213.873522720781,647.2560298068241,3421,59299,0,0,0.7610193742655935,0.6626991886146892,-0.03298410458809522,0.0015137556798517746,0.0034099732576655137,0.01031977088339962
1,registered_style,all,identity,000190,62720,48428.9419185071,44562.05202431383,290.89817529859755,28.18679735085103,580.4453280513527,275.44519805060435,37903,24817,0,0,0.7721451198741566,0.7104919008978609,0.004638044886776109,0.00044940684551739526,0.009254549235512638,0.004391664509735401
1,registered_style,all,identity,000195,178752,135379.42196337122,123584.01515740459,-172.6266419650238,67.02994552761973,1425.4777627147512,880.6209157638037,86779,91973,0,0,0.757358921653303,0.691371370151968,-0.0009657326461523439,0.00037498850657682,0.007974611544009304,0.0049264954560721205
1,registered_style,all,identity,000197,188160,151411.35326001426,142169.46021091193,3757.2825106166156,148.68602443089424,2480.220197573028,549.6563931975627,157158,31002,0,0,0.804694692070654,0.755577488365816,0.01996855075795395,0.0007902105890247355,0.013181442376557335,0.002921218076092489
1,registered_style,all,identity,000198,169344,131684.6411894057,117417.93141392636,-2961.139007611803,110.77752748585381,949.1027753462059,1306.1135119183891,28149,141195,0,0,0.7776162201755343,0.6933693039843535,-0.017485939907004696,0.0006541567902367595,0.005604584604982792,0.007712782926577789
1,registered_style,all,identity,000201,247744,187684.06493118222,173399.5153500731,1828.7606646056743,109.6595840921002,2343.12603563978,960.9463555832673,158305,89439,0,0,0.7575725948203881,0.6999140861133796,0.007381654710530525,0.00044263265343298,0.009457851797176845,0.003878787601650362
1,registered_style,all,identity,000204,181888,140266.17487575614,129787.95969974448,1564.1092140822327,85.63568773153499,1813.2043029123533,714.1744555084888,121381,60507,0,0,0.7711678333686453,0.7135597713963784,0.008599298546810305,0.0004708154893755222,0.009968795648488923,0.003926451747825523
1,registered_style,all,identity,000212,172480,137670.01735760015,126217.16348607698,366.58163585108684,72.97362953362995,1624.3296391301976,863.2447943067103,95628,76852,0,0,0.7981795997077931,0.7317785452578675,0.0021253573507136296,0.0004230845868137172,0.009417495588649105,0.005004897926175269
1,registered_style,all,identity,000213,112896,80226.32332853915,71863.8443195885,-1474.7784567499368,59.006880694503096,581.0338986462268,683.0404211332516,27110,85786,0,0,0.7106214863993334,0.6365490745428404,-0.01306315951627991,0.0005226658224782375,0.005146629629448579,0.00605017379830332
1,registered_style,all,identity,000214,62720,48605.86316308053,45289.84008359694,856.9542758110664,42.095751977484554,712.3514028390822,206.5879621699791,45492,17228,0,0,0.7749659305338095,0.7220956645981654,0.013663174040355013,0.000671169514947139,0.011357643540163938,0.003293813172352983
1,registered_style,all,identity,000216,125440,91894.76458052383,85152.67442715773,1147.3854512135417,58.156822347640755,1166.5422954855908,422.6222627164508,82839,42601,0,0,0.7325794370258596,0.6788319071042549,0.009146886568985504,0.0004636226271336157,0.009299603758654263,0.0033691188035431343
1,registered_style,all,identity,000218,62720,46832.14943588269,42802.23918573186,-9.212203085675007,26.70281529491459,499.02407173877924,293.938041567944,30642,32078,0,0,0.746686056056803,0.6824336604867962,-0.00014687823797313469,0.0004257464173296331,0.00795637869481472,0.004686512142346047
1,registered_style,all,identity,000220,175616,129526.75290875047,120902.16406596033,2495.7199351767663,99.01282141008933,1818.6326456736615,508.25608304526554,133510,42106,0,0,0.7375566742708549,0.6884461784003754,0.01421123323146391,0.0005638029644798271,0.010355734361753266,0.002894133125941062
1,registered_style,all,identity,000222,125440,99736.16743055201,91026.31373111659,-147.16720222904496,43.33617531135224,1089.6566883368387,660.2542753301605,59766,65674,0,0,0.7950906204603955,0.7256562000248453,-0.0011732079259330753,0.00034547333634687695,0.008686676405746482,0.005263506659200896
1,registered_style,all,identity,000223,125440,97640.99308705644,90440.9911691621,1182.8067925218465,49.44122872671415,1282.5585861765967,463.00645598548925,87096,38344,0,0,0.7783880188700291,0.7209900443970193,0.00942926333324176,0.0003941424483953615,0.010224478525004757,0.0036910591197822805
1,registered_style,all,identity,000225,62720,47705.119805195136,45098.32889655046,1488.8545901458344,68.54966143535117,827.9394347043973,139.44908964327615,52514,10206,0,0,0.7606045887307898,0.7190422336822458,0.02373811527655986,0.0010929474080891449,0.013200564966587967,0.002223359209873663
1,registered_style,all,identity,000228,159936,120257.01569201882,108246.43354772776,-1686.1115837253624,73.83634076146619,980.4123709830736,1001.9627319112222,46941,112995,0,0,0.7519071109194854,0.6768109340469173,-0.010542414364029126,0.0004616617944769545,0.00613002933037636,0.006264772983638594
1,registered_style,all,identity,000229,62720,53139.866909268385,47504.69033603609,-1072.9396979866688,38.79495985014885,438.8567605924489,534.2117730819072,10746,51974,0,0,0.8472555310788964,0.7574089658169019,-0.017106819164328265,0.0006185420894475263,0.006997078453323483,0.008517407096331428
1,registered_style,all,identity,000233,166208,130839.31552160223,117733.67001650855,-1872.6487980499962,88.71853180299502,1124.0450425645313,1137.7692054873446,49550,116658,0,0,0.7872022737870754,0.7083514031605491,-0.011266899295160258,0.0005337801538012311,0.006762881705841664,0.006845453922117736
1,registered_style,all,identity,000235,185024,139193.8427622188,127439.04916737444,195.46746510905277,77.16011611387486,1525.1199651315928,862.9586344190819,97248,87776,0,0,0.7523015541887473,0.6887703712349449,0.0010564438403074885,0.0004170276078447924,0.008242822364296486,0.004664036202974111
1,registered_style,all,identity,000237,125440,97202.4492956195,90561.96518009738,1704.674130693255,72.13289400594323,1400.9160296020934,407.108774310313,95088,30352,0,0,0.7748919746143136,0.7219544418056233,0.013589557802082708,0.0005750390147157464,0.011168016817618729,0.0032454462237748163
1,registered_style,all,identity,000238,125440,102233.38228650775,94706.26475837315,1249.963290395622,68.74988138409473,1434.5363541279762,516.9069627989245,82587,42853,0,0,0.8149982644013692,0.7549925443110104,0.00996463082266918,0.000548069845217592,0.011436035986351852,0.004120750660067957
1,registered_style,all,identity,000247,125440,91036.92829788418,82872.55242497567,-348.54840764891384,45.4128503645385,882.440731593284,589.2646783049854,56530,68910,0,0,0.7257408187012451,0.6606549141021657,-0.0027786065660787137,0.00036202846272750716,0.007034763485278093,0.00469758193801806
1,registered_style,all,identity,000248,125440,92863.67526688863,83712.60544218309,-1178.409968466025,56.811048888029205,767.9963269320489,739.4791165459435,39892,85548,0,0,0.7403035336964974,0.6673517653235259,-0.009394212121062062,0.0004528942035078859,0.006122419698119012,0.005895082242872636
1,registered_style,all,identity,000250,116032,82417.85812012659,75206.76714632614,-135.23976520772004,43.669484326545984,811.7498937480422,520.057533820191,58153,57879,0,0,0.7103028312890116,0.6481553980481776,-0.0011655385170273721,0.0003763572490911644,0.0069959140043095195,0.00448201818308907
1,registered_style,all,identity,000251,178752,130983.1196706616,118278.2577284947,-1459.5191637118564,76.49100802967756,1115.4568530056192,990.7922053049359,59018,119734,0,0,0.732764498694625,0.6616891432179484,-0.00816505081739984,0.00042791693536115715,0.006240248237813391,0.005542831438556973
1,registered_style,all,identity,000259,125440,89328.90637231315,81570.30593426479,-89.41241819560472,40.84216350494508,888.5955389430903,531.5372845223374,62907,62533,0,0,0.7121245724833638,0.6502734848075956,-0.0007127903236256753,0.0003255912269207994,0.0070838292326458096,0.0042373826891130215
1,registered_style,all,identity,000261,175616,134705.65849691845,124326.77917118953,1186.0559713088203,81.67166448539098,1690.009982512302,713.1063501284372,112010,63606,0,0,0.7670466158944427,0.7079467655065002,0.006753689705430145,0.00046505822069396285,0.00962332579327796,0.004060600116893889
1,registered_style,all,identity,000262,125440,92369.22500716729,84022.8569964096,-416.1583776571844,45.23691826857082,894.0925129105339,615.737901428861,53591,71849,0,0,0.7363618064984637,0.6698250717188264,-0.003317589107598728,0.00036062594282980565,0.007127650772564843,0.004908624851952017
1,registered_style,all,identity,000264,188160,145584.75957188892,133761.62466887757,675.807928868335,77.8457508209704,1709.9806949374492,843.8780280238257,107012,81148,0,0,0.7737285266363144,0.7108929882487116,0.0035916662886284812,0.00041372103965226615,0.009087907604897158,0.004484895982269482
1,registered_style,all,identity,000265,62720,47190.697372263414,43155.132269134745,15.91549406391476,23.816539384024193,506.49242153164664,294.70697861597523,30063,32657,0,0,0.7524027004506284,0.6880601445971739,0.0002537546885190491,0.00037972798762793674,0.008075453149420387,0.004698771980484299
1,registered_style,all,identity,000267,188160,146989.1359974288,132089.24950991548,-2280.3732009453806,99.95171859051275,1224.8150909662459,1280.4649344327245,49381,138779,0,0,0.7811922618910969,0.702004939997425,-0.012119330362167202,0.0005312059874070618,0.006509433944335915,0.006805192040990245
1,registered_style,all,identity,000268,62720,46723.48957333664,43669.99494467676,957.8746025726467,39.0047082456123,681.1079665424772,172.1913108533032,48745,13975,0,0,0.7449535965136582,0.6962690520516065,0.015272235372650617,0.0006218862921813185,0.010859502017577762,0.0027453971755947576
1,registered_style,all,identity,000296,125440,101362.57787494606,93028.90852478344,368.64997142339934,59.74042915840101,1217.0737180289825,645.5075683641467,69805,55635,0,0,0.8080562649469551,0.7416207631121129,0.002938855001780926,0.0004762470436734774,0.009702437165409618,0.0051459468141274445
1,registered_style,all,identity,000297,125440,96532.92703939916,88295.56360704766,50.314069108881206,48.88863699761666,1063.5013975033412,609.7687308965835,64131,61309,0,0,0.7695545841788837,0.7038868272245509,0.00040110067848279023,0.000389737220963143,0.008478168028566177,0.004861038989928121
1,registered_style,all,identity,000301,188160,157878.85206702107,145739.0760462673,1414.6561337608039,89.3832775212338,2157.879345676833,885.238551891463,117641,70519,0,0,0.8390670284174164,0.774548660960179,0.007518368057827402,0.0004750386773024755,0.011468321352449155,0.004704711691600037
1,registered_style,all,identity,000302,125440,93015.45351271729,84967.39430078608,-62.36868116700873,45.67068275518285,960.5935706686337,584.0275136126625,63513,61927,0,0,0.7415135005796978,0.6773548652805013,-0.0004971993077727099,0.00036408388676006736,0.0076577931335190825,0.004655831581733597
1,registered_style,all,identity,000304,125440,96006.79259293829,88520.73432469787,756.4488157426435,51.109449563575275,1170.8379395617958,508.86357254515076,78962,46478,0,0,0.7653602725840106,0.705681874399696,0.0060303636459075535,0.0004074414027708488,0.009333848370231154,0.0040566292454173375
1,registered_style,all,identity,000305,125440,96083.92190724949,90052.69102463126,2217.8980132431725,89.84897723184739,1465.4323730290346,363.6290342757831,99306,26134,0,0,0.7659751427554966,0.7178945394182977,0.01768094717190029,0.0007162705455344976,0.011682337157438095,0.0028988283982444444
1,registered_style,all,identity,000307,125440,101353.29442056967,92489.47872510692,-162.29338975857627,53.358691082641805,1134.2106006855074,698.0817383096057,60692,64748,0,0,0.8079822578170414,0.7373204617754059,-0.0012937929668253847,0.00042537221845218275,0.009041857467199517,0.005565064878105913
1,registered_style,all,identity,000308,125440,95663.98498549417,87057.46157178271,-393.4475195066214,50.9162727876738,973.5930725110885,658.5024105779189,52925,72515,0,0,0.762627431325687,0.6940167536015841,-0.0031365395368831424,0.00040590140934051175,0.007761424366319264,0.005249540900653053
1,registered_style,all,identity,000310,125440,97066.04130688298,88557.01195211755,-175.58219464205234,52.76863372624962,1042.0548338766398,650.2495794480093,62870,62570,0,0,0.7738045384796156,0.7059710774244065,-0.001399730505756157,0.00042066831733298483,0.008307197336389028,0.005183749836160789
1,registered_style,all,identity,000311,125440,97134.58979611302,91366.61353799049,2571.356021093095,106.4551370555821,1580.6904321971977,329.3028081406313,105658,19782,0,0,0.7743510028389112,0.7283690492505619,0.02049869277019368,0.0008486538349456481,0.012601167348510823,0.002625181825100696
1,registered_style,all,identity,000313,125440,97444.28676519397,90273.0566119058,1194.6906556824476,61.869932912653766,1280.0947383346722,487.17874642184506,87272,38168,0,0,0.7768198881153856,0.7196512803882797,0.009524000762774614,0.0004932233172245996,0.010204836880856763,0.0038837591392047598
1,registered_style,all,identity,000314,188160,156161.94121799374,141327.16172187403,-1427.749931083111,75.47769288068078,1525.9800202538738,1274.6465238981675,65690,122470,0,0,0.8299422896364463,0.7511009870422727,-0.007587956691555649,0.0004011356977076997,0.008110012862743802,0.006774269365955397
1,registered_style,all,identity,000316,125440,93534.8477060608,85534.70982821309,30.14439692115705,52.63386005873325,1001.4164513715988,578.906141814943,64406,61034,0,0,0.7456540792893878,0.6818774699315456,0.0002403092866801423,0.00041959390990699334,0.007983230639123077,0.004615004319315553
1,registered_style,all,identity,000317,125440,95001.48016598367,87931.48770329962,1086.2051573851106,61.80632476053313,1241.6224244180337,462.61129447860077,82740,42700,0,0,0.7573459834660687,0.7009844364102329,0.008659161012317527,0.0004927162369302705,0.00989813794976111,0.003687908916442927
1,registered_style,all,identity,000319,125440,98216.33812832931,88742.57187899202,-1041.5622258359797,52.031502740402345,894.2335493079224,781.2616983002575,42592,82848,0,0,0.7829746343138497,0.7074503498006379,-0.008303270295248563,0.0004147919542442789,0.007128775106089943,0.006228170426500777
1,registered_style,all,identity,000320,125440,93045.03278358665,85713.93786098249,657.1350883686296,49.05610362291156,1090.697969220744,492.9893015019038,78140,47300,0,0,0.7417493047160926,0.6833062648356385,0.0052386406917142025,0.0003910722546469352,0.008694977433201084,0.003930080528554718
1,registered_style,all,identity,000322,62720,50165.781377565116,45209.27339421911,-649.6063859631932,34.12236521764679,445.6029607648607,433.2910957648994,19163,43557,0,0,0.7998370755351581,0.7208111191680343,-0.010357244674158056,0.0005440428127813582,0.007104639042807091,0.0069083401748230135
1,registered_style,all,identity,000323,62720,46833.72628541966,42219.28467937186,-593.6081811293876,31.79880613949499,398.58905758096466,374.5513128233357,19477,43243,0,0,0.7467111971527369,0.6731391052195769,-0.0094644161532109,0.000506996271356744,0.006355055127247523,0.005971800268229205
1,registered_style,all,identity,000325,125440,95779.15349055463,88861.30630867183,1305.1163170755663,60.697657740639286,1273.836406340341,455.1337677840897,87734,37706,0,0,0.763545547596896,0.7083968934045904,0.010404307374645778,0.0004838780113252494,0.010154945841361137,0.0036282985314420417
1,registered_style,all,identity,000326,125440,95202.23845319933,88001.99321969971,973.1881629125705,53.951471071735014,1183.2521022467436,487.13813844959,84446,40994,0,0,0.7589464162404284,0.7015465020703102,0.0077581964517902625,0.00043009782423258144,0.009432813315104779,0.0038834354149361447
1,registered_style,all,identity,000328,125440,99207.92971910746,88567.07006054325,-2123.5241512306984,82.28260332648424,737.3090055010964,974.416609606634,24032,101408,0,0,0.7908795417658439,0.7060512600489736,-0.0169286045219284,0.0006559518760083246,0.005877782250487057,0.007767989553624314
1,registered_style,all,cross_camera,000009,0,0.0,0.0,0.0,0.0,0.0,0.0,0,0,0,0,,,,,,
1,registered_style,all,cross_camera,000013,0,0.0,0.0,0.0,0.0,0.0,0.0,0,0,0,0,,,,,,
1,registered_style,all,cross_camera,000015,0,0.0,0.0,0.0,0.0,0.0,0.0,0,0,0,0,,,,,,
1,registered_style,all,cross_camera,000018,0,0.0,0.0,0.0,0.0,0.0,0.0,0,0,0,0,,,,,,
1,registered_style,all,cross_camera,000019,0,0.0,0.0,0.0,0.0,0.0,0.0,0,0,0,0,,,,,,
1,registered_style,all,cross_camera,000021,0,0.0,0.0,0.0,0.0,0.0,0.0,0,0,0,0,,,,,,
1,registered_style,all,cross_camera,000022,0,0.0,0.0,0.0,0.0,0.0,0.0,0,0,0,0,,,,,,
1,registered_style,all,cross_camera,000024,0,0.0,0.0,0.0,0.0,0.0,0.0,0,0,0,0,,,,,,
1,registered_style,all,cross_camera,000025,0,0.0,0.0,0.0,0.0,0.0,0.0,0,0,0,0,,,,,,
1,registered_style,all,cross_camera,000027,0,0.0,0.0,0.0,0.0,0.0,0.0,0,0,0,0,,,,,,
1,registered_style,all,cross_camera,000028,0,0.0,0.0,0.0,0.0,0.0,0.0,0,0,0,0,,,,,,
1,registered_style,all,cross_camera,000030,0,0.0,0.0,0.0,0.0,0.0,0.0,0,0,0,0,,,,,,
1,registered_style,all,cross_camera,000031,0,0.0,0.0,0.0,0.0,0.0,0.0,0,0,0,0,,,,,,
1,registered_style,all,cross_camera,000033,0,0.0,0.0,0.0,0.0,0.0,0.0,0,0,0,0,,,,,,
1,registered_style,all,cross_camera,000034,0,0.0,0.0,0.0,0.0,0.0,0.0,0,0,0,0,,,,,,
1,registered_style,all,cross_camera,000036,0,0.0,0.0,0.0,0.0,0.0,0.0,0,0,0,0,,,,,,
1,registered_style,all,cross_camera,000037,0,0.0,0.0,0.0,0.0,0.0,0.0,0,0,0,0,,,,,,
1,registered_style,all,cross_camera,000039,0,0.0,0.0,0.0,0.0,0.0,0.0,0,0,0,0,,,,,,
1,registered_style,all,cross_camera,000040,0,0.0,0.0,0.0,0.0,0.0,0.0,0,0,0,0,,,,,,
1,registered_style,all,cross_camera,000042,0,0.0,0.0,0.0,0.0,0.0,0.0,0,0,0,0,,,,,,
1,registered_style,all,cross_camera,000043,0,0.0,0.0,0.0,0.0,0.0,0.0,0,0,0,0,,,,,,
1,registered_style,all,cross_camera,000045,0,0.0,0.0,0.0,0.0,0.0,0.0,0,0,0,0,,,,,,
1,registered_style,all,cross_camera,000046,0,0.0,0.0,0.0,0.0,0.0,0.0,0,0,0,0,,,,,,
1,registered_style,all,cross_camera,000048,0,0.0,0.0,0.0,0.0,0.0,0.0,0,0,0,0,,,,,,
1,registered_style,all,cross_camera,000049,0,0.0,0.0,0.0,0.0,0.0,0.0,0,0,0,0,,,,,,
1,registered_style,all,cross_camera,000051,0,0.0,0.0,0.0,0.0,0.0,0.0,0,0,0,0,,,,,,
1,registered_style,all,cross_camera,000058,0,0.0,0.0,0.0,0.0,0.0,0.0,0,0,0,0,,,,,,
1,registered_style,all,cross_camera,000114,0,0.0,0.0,0.0,0.0,0.0,0.0,0,0,0,0,,,,,,
1,registered_style,all,cross_camera,000127,0,0.0,0.0,0.0,0.0,0.0,0.0,0,0,0,0,,,,,,
1,registered_style,all,cross_camera,000149,0,0.0,0.0,0.0,0.0,0.0,0.0,0,0,0,0,,,,,,
1,registered_style,all,cross_camera,000150,0,0.0,0.0,0.0,0.0,0.0,0.0,0,0,0,0,,,,,,
1,registered_style,all,cross_camera,000152,0,0.0,0.0,0.0,0.0,0.0,0.0,0,0,0,0,,,,,,
1,registered_style,all,cross_camera,000153,0,0.0,0.0,0.0,0.0,0.0,0.0,0,0,0,0,,,,,,
1,registered_style,all,cross_camera,000155,0,0.0,0.0,0.0,0.0,0.0,0.0,0,0,0,0,,,,,,
1,registered_style,all,cross_camera,000159,83440,66535.22941673227,59599.06834272854,-1223.8871297308262,51.92820547014127,538.9479213625506,632.4761034916057,19006,64434,0,0,0.7974020783405114,0.7142745486904187,-0.014667870682296575,0.0006223418680505905,0.0064591073988800405,0.007580010828039378
1,registered_style,all,cross_camera,000181,0,0.0,0.0,0.0,0.0,0.0,0.0,0,0,0,0,,,,,,
1,registered_style,all,cross_camera,000183,0,0.0,0.0,0.0,0.0,0.0,0.0,0,0,0,0,,,,,,
1,registered_style,all,cross_camera,000184,0,0.0,0.0,0.0,0.0,0.0,0.0,0,0,0,0,,,,,,
1,registered_style,all,cross_camera,000186,0,0.0,0.0,0.0,0.0,0.0,0.0,0,0,0,0,,,,,,
1,registered_style,all,cross_camera,000187,0,0.0,0.0,0.0,0.0,0.0,0.0,0,0,0,0,,,,,,
1,registered_style,all,cross_camera,000189,0,0.0,0.0,0.0,0.0,0.0,0.0,0,0,0,0,,,,,,
1,registered_style,all,cross_camera,000190,0,0.0,0.0,0.0,0.0,0.0,0.0,0,0,0,0,,,,,,
1,registered_style,all,cross_camera,000195,92512,67910.88046102307,62001.87833565031,-78.62389731515425,35.408632025586996,698.4083795181351,429.9164839475259,45197,47315,0,0,0.7340764491203635,0.6702036312656771,-0.000849877824662252,0.0003827463683153212,0.007549381480436431,0.004647142899813277
1,registered_style,all,cross_camera,000197,0,0.0,0.0,0.0,0.0,0.0,0.0,0,0,0,0,,,,,,
1,registered_style,all,cross_camera,000198,88704,66947.90259673377,59778.02182710753,-1422.177440435186,53.28214441111303,482.55716179112164,632.0321963627316,16521,72183,0,0,0.7547337504141163,0.6739044668459994,-0.016032844521500566,0.0006006735255581826,0.005440083443713041,0.007125182588865571
1,registered_style,all,cross_camera,000201,124992,91774.52505917253,84794.7376701869,899.3652469816227,55.41889722447616,1116.5378255298297,457.72236879903295,79089,45903,0,0,0.7342431920376706,0.6784013190459142,0.0071953824803317225,0.0004433795540872709,0.008932874308194361,0.0036620133192446953
1,registered_style,all,cross_camera,000204,76832,56389.8760550681,52055.37683826918,506.7619095832231,34.20114827558027,674.6043784155852,291.4327296351438,48695,28137,0,0,0.7339373705626315,0.677522085046194,0.006595714150135661,0.00044514197568175075,0.008780252738645163,0.003793116535234587
1,registered_style,all,cross_camera,000212,88592,68117.97448612517,62421.796656762715,151.98011951336824,37.331539689487286,771.466750781249,418.54360991143795,48739,39853,0,0,0.7688953233488934,0.7045985716177839,0.0017155061350163472,0.00042138725493822565,0.008708085953373317,0.004724395091107977
1,registered_style,all,cross_camera,000213,56784,38986.55225009355,35000.02167159598,-639.4035219364813,27.18455918222241,285.38940411526386,311.0290283224533,15560,41224,0,0,0.686576363942194,0.6163711903281908,-0.011260276168224875,0.00047873624933471423,0.00502587708008002,0.005477406105988541
1,registered_style,all,cross_camera,000214,0,0.0,0.0,0.0,0.0,0.0,0.0,0,0,0,0,,,,,,
1,registered_style,all,cross_camera,000216,0,0.0,0.0,0.0,0.0,0.0,0.0,0,0,0,0,,,,,,
1,registered_style,all,cross_camera,000218,0,0.0,0.0,0.0,0.0,0.0,0.0,0,0,0,0,,,,,,
1,registered_style,all,cross_camera,000220,89712,62761.50768526815,58614.42985670734,1241.2093720193154,49.65579743935522,845.2660793725499,233.7289902097011,67721,21991,0,0,0.6995887694541215,0.6533622018983786,0.013835488808847373,0.0005535022899874623,0.009421995712642121,0.0026053258227405596
1,registered_style,all,cross_camera,000222,0,0.0,0.0,0.0,0.0,0.0,0.0,0,0,0,0,,,,,,
1,registered_style,all,cross_camera,000223,0,0.0,0.0,0.0,0.0,0.0,0.0,0,0,0,0,,,,,,
1,registered_style,all,cross_camera,000225,0,0.0,0.0,0.0,0.0,0.0,0.0,0,0,0,0,,,,,,
1,registered_style,all,cross_camera,000228,79520,57273.43670998019,51613.60105493665,-742.7178651842582,34.480672406810875,458.69782025697526,450.88064134055367,25350,54170,0,0,0.7202393952462297,0.6490643995842134,-0.009340013395174273,0.00043361006547800395,0.005768332749710454,0.005670028185872154
1,registered_style,all,cross_camera,000229,0,0.0,0.0,0.0,0.0,0.0,0.0,0,0,0,0,,,,,,
1,registered_style,all,cross_camera,000233,86128,65266.44357402384,58757.07372980332,-906.0254455988587,44.72881376412951,547.3817438986673,545.0550598091525,26870,59258,0,0,0.7577842696222348,0.6822064105726746,-0.010519522636063287,0.000519329530049804,0.00635544473224349,0.006328430473355383
1,registered_style,all,cross_camera,000235,99344,72767.24237379024,66603.60798249854,83.67889299767283,41.75025614145268,775.8459092927976,444.70209449142357,51896,47448,0,0,0.7324774759803334,0.6704341277027152,0.0008423145131832102,0.0004202594634950544,0.007809690663681729,0.004476386037319049
1,registered_style,all,cross_camera,000237,0,0.0,0.0,0.0,0.0,0.0,0.0,0,0,0,0,,,,,,
1,registered_style,all,cross_camera,000238,0,0.0,0.0,0.0,0.0,0.0,0.0,0,0,0,0,,,,,,
1,registered_style,all,cross_camera,000247,0,0.0,0.0,0.0,0.0,0.0,0.0,0,0,0,0,,,,,,
1,registered_style,all,cross_camera,000248,0,0.0,0.0,0.0,0.0,0.0,0.0,0,0,0,0,,,,,,
1,registered_style,all,cross_camera,000250,58800,40680.82505624462,37114.9264916759,-73.31247089439026,22.48815534643676,390.64078679471737,252.70154401051562,29460,29340,0,0,0.6918507662626636,0.6312062328516309,-0.001246810729496433,0.0003824516215380401,0.006643550795828527,0.004297645306301286
1,registered_style,all,cross_camera,000251,93744,66310.67200019336,59965.89320144057,-651.783866376787,38.91206293683986,561.6323879512063,474.6172604206309,33389,60355,0,0,0.7073591056514908,0.6396771334852425,-0.006952806220950536,0.0004150885703281262,0.005991128903729373,0.005062908137274181
1,registered_style,all,cross_camera,000259,0,0.0,0.0,0.0,0.0,0.0,0.0,0,0,0,0,,,,,,
1,registered_style,all,cross_camera,000261,79632,57979.88266122667,53495.99365555053,493.8795527416605,36.76369201151727,690.0217471500605,298.2994457445803,50011,29621,0,0,0.7280977830674437,0.6717901554092642,0.006202023718375283,0.0004616698313682599,0.00866513144401824,0.0037459745547591457
1,registered_style,all,cross_camera,000262,0,0.0,0.0,0.0,0.0,0.0,0.0,0,0,0,0,,,,,,
1,registered_style,all,cross_camera,000264,0,0.0,0.0,0.0,0.0,0.0,0.0,0,0,0,0,,,,,,
1,registered_style,all,cross_camera,000265,0,0.0,0.0,0.0,0.0,0.0,0.0,0,0,0,0,,,,,,
1,registered_style,all,cross_camera,000267,0,0.0,0.0,0.0,0.0,0.0,0.0,0,0,0,0,,,,,,
1,registered_style,all,cross_camera,000268,0,0.0,0.0,0.0,0.0,0.0,0.0,0,0,0,0,,,,,,
1,registered_style,all,cross_camera,000296,0,0.0,0.0,0.0,0.0,0.0,0.0,0,0,0,0,,,,,,
1,registered_style,all,cross_camera,000297,0,0.0,0.0,0.0,0.0,0.0,0.0,0,0,0,0,,,,,,
1,registered_style,all,cross_camera,000301,0,0.0,0.0,0.0,0.0,0.0,0.0,0,0,0,0,,,,,,
1,registered_style,all,cross_camera,000302,0,0.0,0.0,0.0,0.0,0.0,0.0,0,0,0,0,,,,,,
1,registered_style,all,cross_camera,000304,0,0.0,0.0,0.0,0.0,0.0,0.0,0,0,0,0,,,,,,
1,registered_style,all,cross_camera,000305,0,0.0,0.0,0.0,0.0,0.0,0.0,0,0,0,0,,,,,,
1,registered_style,all,cross_camera,000307,0,0.0,0.0,0.0,0.0,0.0,0.0,0,0,0,0,,,,,,
1,registered_style,all,cross_camera,000308,0,0.0,0.0,0.0,0.0,0.0,0.0,0,0,0,0,,,,,,
1,registered_style,all,cross_camera,000310,0,0.0,0.0,0.0,0.0,0.0,0.0,0,0,0,0,,,,,,
1,registered_style,all,cross_camera,000311,0,0.0,0.0,0.0,0.0,0.0,0.0,0,0,0,0,,,,,,
1,registered_style,all,cross_camera,000313,0,0.0,0.0,0.0,0.0,0.0,0.0,0,0,0,0,,,,,,
1,registered_style,all,cross_camera,000314,0,0.0,0.0,0.0,0.0,0.0,0.0,0,0,0,0,,,,,,
1,registered_style,all,cross_camera,000316,0,0.0,0.0,0.0,0.0,0.0,0.0,0,0,0,0,,,,,,
1,registered_style,all,cross_camera,000317,0,0.0,0.0,0.0,0.0,0.0,0.0,0,0,0,0,,,,,,
1,registered_style,all,cross_camera,000319,0,0.0,0.0,0.0,0.0,0.0,0.0,0,0,0,0,,,,,,
1,registered_style,all,cross_camera,000320,0,0.0,0.0,0.0,0.0,0.0,0.0,0,0,0,0,,,,,,
1,registered_style,all,cross_camera,000322,0,0.0,0.0,0.0,0.0,0.0,0.0,0,0,0,0,,,,,,
1,registered_style,all,cross_camera,000323,0,0.0,0.0,0.0,0.0,0.0,0.0,0,0,0,0,,,,,,
1,registered_style,all,cross_camera,000325,0,0.0,0.0,0.0,0.0,0.0,0.0,0,0,0,0,,,,,,
1,registered_style,all,cross_camera,000326,0,0.0,0.0,0.0,0.0,0.0,0.0,0,0,0,0,,,,,,
1,registered_style,all,cross_camera,000328,0,0.0,0.0,0.0,0.0,0.0,0.0,0,0,0,0,,,,,,
1,registered_style,active,identity,000009,97216,70899.53086650156,64477.803125754,-377.46931458557896,38.218690773497826,668.3344398922891,478.2484804213801,42193,55023,0,0,0.7292989926195437,0.6632427082553695,-0.00388279002001295,0.00039313169409868566,0.006874737079208043,0.004919442071483913
1,registered_style,active,identity,000013,84672,63860.74242800224,59148.97851702478,732.4305118065786,36.66094680596754,814.0117674809078,304.71203514614194,57088,27584,0,0,0.7542132278439417,0.6985659783284295,0.008650209181389108,0.0004329760346509772,0.009613706626522438,0.003598734353105418
1,registered_style,active,identity,000015,34496,26999.441357026924,24819.05407241732,121.34305026600522,13.507268173853886,320.3668656105846,156.33253854541726,19141,15355,0,0,0.7826832489861701,0.7194762892050475,0.0035175977001972755,0.0003915604178413116,0.00928707286672613,0.004531903366924201
1,registered_style,active,identity,000018,84672,63847.52066235512,60227.122154594865,1822.668745810608,75.57688512338382,1047.8126219825365,204.26622892223213,72079,12593,0,0,0.7540570750939521,0.7112991562097843,0.021526227629093536,0.0008925841496998278,0.012374960104669035,0.002412441290181313
1,registered_style,active,identity,000019,90944,67600.95023924444,63260.244175375905,1422.344947984681,61.36199711665999,989.9460271821627,258.8007330904665,69722,21222,0,0,0.7433250158256118,0.6955955772274796,0.015639788748951895,0.0006747228746993753,0.010885226372076912,0.002845715309316354
1,registered_style,active,identity,000021,90944,67099.17960955191,62828.908320469316,1450.0032569822913,53.42942472722453,978.8563761371068,242.84548911352053,74223,16721,0,0,0.7378076575645662,0.6908527040867931,0.0159439133640734,0.0005874980727395378,0.010763287035286626,0.00267027499465078
1,registered_style,active,identity,000022,72128,53108.673674745485,48774.73745149374,193.6332040451857,29.520948131826348,597.8941928166969,300.2675289734351,40545,31583,0,0,0.7363114695367331,0.6762247317476395,0.002684577474007122,0.0004092855497424904,0.00828934939020487,0.0041629814908694975
1,registered_style,active,identity,000024,94080,71540.08411672642,65929.83803223819,488.62016957838557,41.19497169880545,867.8675747687251,384.1570610185552,56681,37399,0,0,0.7604175607645239,0.7007848430297426,0.005193666768477738,0.00043787172298900357,0.009224782895075735,0.004083302094159813
1,registered_style,active,identity,000025,81536,65417.27614908898,59390.27755744592,-450.10805727263266,38.38634339517997,660.3865040721049,498.6185515635111,32202,49334,0,0,0.8023115697248943,0.7283933177669486,-0.0055203598076019504,0.00047079012209551573,0.008099324274824678,0.006115317792919828
1,registered_style,active,identity,000027,84672,61122.48916280776,56333.03422536625,421.30055889489404,36.35089202157795,714.9996288202045,317.28966578471625,50449,34223,0,0,0.7218736909817621,0.6653088887160602,0.004975677424590113,0.00042931420093511374,0.008444345578469913,0.0037472796885005227
1,registered_style,active,identity,000028,87808,66758.10929530158,62067.893493168056,1000.9821464472016,45.07339788993555,916.3111645028364,296.6515315569377,62930,24878,0,0,0.7602736572442326,0.706859209789177,0.011399669124079827,0.0005133176691182529,0.010435395003904387,0.003378411210333201
1,registered_style,active,identity,000030,90944,69474.01190978405,64646.43936813809,1095.1589172640522,47.617254046400895,967.9197013573579,310.0868765819452,67300,23644,0,0,0.7639207854260209,0.7108378713069371,0.012042123914321474,0.0005235887364356186,0.010643029791491005,0.0034096463382075255
1,registered_style,active,identity,000031,106624,79044.49567410635,71743.56282022828,-562.3077433743367,39.638964962441094,730.7490184728717,554.6430729592043,42703,63921,0,0,0.7413386824177142,0.6728650474586236,-0.0052737445919711955,0.00037176400212373474,0.0068535134535645985,0.005201859552813666
1,registered_style,active,identity,000033,94080,66599.7912806907,60582.2338923323,-339.8562144689929,37.92417860399512,629.5896556127085,436.65557848282054,41157,52923,0,0,0.7079059447352327,0.6439438126310831,-0.003612417245631302,0.0004031056399234175,0.006692066917652089,0.004641322050200048
1,registered_style,active,identity,000034,84672,62635.829964113305,57389.99926451314,93.9386671829827,28.12911138462414,687.5122386975678,369.60365649113135,43982,40690,0,0,0.7397466690773019,0.6777919414270732,0.0011094419310159521,0.0003322126722484899,0.008119711813794027,0.004365122549262228
1,registered_style,active,identity,000036,103488,73409.39414991712,68279.44780135574,1128.2805215930393,51.93200560298006,949.2567832929685,295.127522149074,73405,30083,0,0,0.7093517523762863,0.6597813060582458,0.010902525139079307,0.0005018166898865575,0.009172626616544608,0.0028518042879278178
1,registered_style,active,identity,000037,94080,72708.70152146358,67130.49274551589,620.2833220309585,39.926826750431005,916.895920464077,383.8164559402472,58256,35824,0,0,0.772839089301271,0.7135469041827794,0.006593147555601175,0.00042439229113978535,0.009745917521939594,0.004079681717051947
1,registered_style,active,identity,000039,68992,52469.43058211007,48407.392648647074,411.0353582205309,31.163674757963726,644.2453461072557,281.9963486096176,42442,26550,0,0,0.7605147057935713,0.7016377645038131,0.005957724927825413,0.000451699831255272,0.009337971737408043,0.0040873775018787336
1,registered_style,active,identity,000040,65856,51568.706983275944,46500.50946248835,-671.9118486462481,34.93662590167151,454.3788153805227,439.58154732610745,21311,44545,0,0,0.7830525234340978,0.7060937418380763,-0.010202743085614798,0.000530500271830532,0.0068995811373378695,0.006674889870719561
1,registered_style,active,identity,000042,97216,72948.76038190495,68081.77517269552,1351.9721552140547,54.70904861446416,1046.5804014415166,302.42702013212045,73065,24151,0,0,0.7503781309856912,0.7003145076190701,0.013906889351691643,0.0005627576593818318,0.010765515979278273,0.0031108770174880724
1,registered_style,active,identity,000043,87808,62330.10733407474,57690.218382117106,673.8172440245886,36.520065250811946,757.1428886545746,292.0146201300592,58680,29128,0,0,0.7098454279117477,0.6570041269829299,0.007673756878924342,0.00041590817751015793,0.00862270964666744,0.003325603818901002
1,registered_style,active,identity,000045,81536,59544.88088708493,54920.138785363175,451.5206554218404,35.08771935755299,708.5805859053239,305.1964412474659,49646,31890,0,0,0.7302894535798289,0.6735692060606747,0.0055376846475402326,0.0004303340776779949,0.008690401612849832,0.0037430882217359923
1,registered_style,active,identity,000046,97216,74161.28810302285,67586.86041348032,-252.10108126435685,33.436834368181806,757.3255155529442,490.4429577686654,44652,52564,0,0,0.7628506429293824,0.6952236299938315,-0.002593205658166936,0.00034394373732905907,0.0077901324427351905,0.005044879009305725
1,registered_style,active,identity,000048,75264,54773.24435911421,49853.42973776936,-250.3388194643945,31.17953588064833,530.4001831086433,375.8282841379909,34630,40634,0,0,0.7277482509448635,0.6623808160311617,-0.0033261429031727586,0.00041426891848225355,0.007047196310435843,0.004993466785421861
1,registered_style,active,identity,000049,75264,57271.33039389161,51957.50112501532,-431.38904564569435,28.863311529195304,548.6732280791858,411.9543897242542,28982,46282,0,0,0.7609392324868677,0.6903366964952078,-0.00573167843385542,0.00038349425394870463,0.007289982303348026,0.0054734586219740405
1,registered_style,active,identity,000051,84672,69022.14366370719,62992.73506624217,-145.19937446384463,29.337821867687936,791.1668820917246,467.8145363248018,38803,45869,0,0,0.8151708199133975,0.7439618181481737,-0.0017148452199528136,0.00034648788109041876,0.009343902141105968,0.005525020506481503
1,registered_style,active,identity,000058,31360,21998.079051107634,20374.16580204293,251.4457700858224,15.539957009969873,265.34024515961573,103.44126850370206,20817,10543,0,0,0.7014693574970546,0.64968640950392,0.008018041137940765,0.0004955343434301618,0.008461104756365297,0.0032985098374904995
1,registered_style,active,identity,000114,87808,65820.64635736751,59581.704083187506,-627.6640118450488,39.99846164893715,584.3502646922515,501.2190628814006,31507,56301,0,0,0.7495973756077751,0.6785452815596245,-0.007148141534314058,0.0004555218391141713,0.00665486361939973,0.005708125260584463
1,registered_style,active,identity,000127,56448,44389.836020238814,40529.58337216079,-75.9731595934982,25.002410786265642,480.12508105478594,303.6024644177312,26957,29491,0,0,0.7863845666850697,0.7179985716440049,-0.0013458963930254074,0.0004429281956183681,0.008505617223901396,0.005378445018738152
1,registered_style,active,identity,000149,94080,79693.62322868017,73511.38635494618,611.7270329992213,44.82693689664136,1069.0744860473844,462.68616181773825,57542,36538,0,0,0.8470835802368215,0.7813710284326763,0.006502200605859069,0.0004764767952449124,0.01136346179897305,0.004918007672382422
1,registered_style,active,identity,000150,65856,52595.49724958115,47815.957281412906,-295.7193625348554,30.56791377087681,554.8012970155183,386.08006091832334,28346,37510,0,0,0.7986439694117643,0.7260683503615906,-0.004490393624496711,0.0004641629277647718,0.008424460899774028,0.005862488777306902
1,registered_style,active,identity,000152,72128,53203.0871254981,48745.00011980394,77.53126604898819,29.889879127120246,572.640514237013,324.37124229381027,39106,33022,0,0,0.7376204404045322,0.6758124462040254,0.0010749121845744813,0.0004144004981022661,0.0079392262954333,0.004497161189743377
1,registered_style,active,identity,000153,62720,48054.36496802536,44628.22114343196,670.5405514816931,29.622271267263095,650.7116170125978,218.78054120703322,45648,17072,0,0,0.766172910842241,0.7115468932307392,0.01069101644581781,0.0004722938658683529,0.010374866342675348,0.0034882101595509122
1,registered_style,active,identity,000155,87808,63248.15338841133,58668.306846174295,812.1240305571694,42.935536685472904,797.9658844336336,289.0584321440245,59195,28613,0,0,0.7203005806807048,0.6681430717722109,0.009248861499603332,0.0004889706710718033,0.009087621679501112,0.0032919373194244773
1,registered_style,active,identity,000159,78400,62255.014350022015,55890.392521573696,-1057.317387118902,45.75448524997802,521.209050781316,570.1055850129446,19281,59119,0,0,0.7940690605870155,0.7128876597139502,-0.013486191162230892,0.0005836031281884951,0.006648074627312705,0.007271754910879395
1,registered_style,active,identity,000181,103488,77160.88270574802,69094.22182789608,-1488.6157234704183,69.84122130023549,586.4099286844327,704.0815004219246,25619,77869,0,0,0.7456022215691483,0.6676544317012222,-0.014384428373052125,0.0006748726548028322,0.005666453392513458,0.006803508623433873
1,registered_style,active,identity,000183,81536,63925.640238120744,57689.11166099878,-786.8015488205931,56.73742723461937,589.1455101519662,538.2490389826822,27953,53583,0,0,0.7840173694824464,0.7075293325770062,-0.009649744270268263,0.0006958573787605398,0.0072255875950741535,0.006601366745764843
1,registered_style,active,identity,000184,75264,58050.81152630906,51831.68091236334,-1270.238816987227,50.51157168563153,428.8923062737648,556.7010394849825,14218,61046,0,0,0.7712958589273631,0.6886649781085691,-0.016877110132164475,0.0006711252615544156,0.005698505344836373,0.007396644338395282
1,registered_style,active,identity,000186,28224,20686.47733302985,18925.314436849207,2.380718278597236,13.829791405364787,225.09557358418033,125.54162066674498,14894,13330,0,0,0.732939247910638,0.6705397688792945,8.435084603873426e-05,0.0004900011127184236,0.007975325027784167,0.004448044949927189
1,registered_style,active,identity,000187,47040,37115.03215186647,34600.52158829197,649.5843617303475,58.29116168197342,582.7404246553587,187.52362867197527,32037,15003,0,0,0.7890100372420593,0.7355553058735539,0.01380919136331521,0.0012391828588854893,0.01238818929964623,0.003986471697958658
1,registered_style,active,identity,000189,40768,30201.310101354902,26412.0819380302,-1214.5352023097305,52.94374007559689,144.3448902633944,377.68326626794055,2950,37818,0,0,0.7408092155944589,0.6478630773653404,-0.02979138545696945,0.0012986592443974905,0.003540641931500059,0.0092642088468392
1,registered_style,active,identity,000190,34496,25900.9563479356,23838.432248265482,145.5592506476603,14.5098225986747,303.792227226258,142.67256691322368,20634,13862,0,0,0.7508394117560181,0.691049172317529,0.0042195979431719705,0.00042062333600054213,0.008806592857904047,0.004135916248644007
1,registered_style,active,identity,000195,72128,52308.427723147324,47754.703316713916,-94.37677520247256,26.71622353059343,533.2560453856621,328.5506457873762,34819,37309,0,0,0.7252166665254454,0.662082732319126,-0.0013084623891203493,0.0003704001709543233,0.007393190513887285,0.00455510544847183
1,registered_style,active,identity,000197,90944,71766.82644648838,67264.49561652611,1615.8654425188777,67.14709684565317,1133.37536214489,269.51299543837405,71633,19311,0,0,0.78913206419872,0.7396254356145112,0.017767697072031994,0.0007383345448369674,0.012462343443711405,0.002963504963915971
1,registered_style,active,identity,000198,97216,74002.67307891557,66198.33075697412,-1495.537808721732,56.901599391726556,557.3076299765293,683.6522617532689,19314,77902,0,0,0.761219069689306,0.680940696562028,-0.015383659158181082,0.0005853110536509068,0.005732673942319466,0.0070323019024982406
1,registered_style,active,identity,000201,134848,98619.22790362037,91026.9165241844,815.0799241880314,59.72542792535606,1183.43181375075,504.9295171741871,82702,52146,0,0,0.7313362297076736,0.6750334934458383,0.006044434653743707,0.00044290926024380086,0.008776042757406488,0.003744434601730742
1,registered_style,active,identity,000204,87808,65778.32803599269,60808.04359695711,637.386142579572,40.21684311643619,819.142982262394,336.9383238195801,56783,31025,0,0,0.7491154340833716,0.6925114294478534,0.007258861864289951,0.0004580088729550404,0.009328796718549495,0.003837216698018177
1,registered_style,active,identity,000212,81536,62972.96464338747,57775.55650354596,171.1023074685416,34.87623840566357,733.2401589887845,380.3421705493544,45728,35808,0,0,0.772333259460698,0.7085895371804597,0.0020984878761349784,0.0004277403650616117,0.008992839469544552,0.004664714611329406
1,registered_style,active,identity,000213,59584,40637.50125006132,36524.77728734817,-648.334899105072,28.280840979380336,303.0787390100495,316.3050100424222,17168,42416,0,0,0.6820203620109647,0.6129963964713375,-0.010881023414088883,0.0004746381743317054,0.005086579266414633,0.0053085561567270114
1,registered_style,active,identity,000214,34496,26557.4053642964,24712.318976748677,418.95992119858823,24.723630664468992,384.2746981488764,118.63969197241315,24030,10466,0,0,0.7698691258202806,0.7163821595764343,0.012145173967955364,0.0007167100726017217,0.011139688605892753,0.0034392304027253346
1,registered_style,active,identity,000216,53312,38185.15618380922,35246.080665796995,316.2485891794176,19.450461849453347,447.1035401799737,187.53751581693535,31872,21440,0,0,0.7162581817191105,0.6611284638692414,0.005932033860658343,0.0003648420965158566,0.008386545996773217,0.0035177355157738474
1,registered_style,active,identity,000218,25088,18131.723773504957,16543.91745902598,-42.058086536484204,10.168067698638202,182.35116590192436,114.17398138077219,11476,13612,0,0,0.7227249590842219,0.6594354854522473,-0.0016764224544198105,0.00040529606579393343,0.007268461651065225,0.00455093994661879
1,registered_style,active,identity,000220,90944,65623.7155996327,61284.73112030234,1255.5052319766585,49.506493839902326,913.2621511289481,246.80869317365955,69388,21556,0,0,0.7215837834231252,0.6738732749857312,0.013805256333311252,0.0005443623970784474,0.01004202752384927,0.002713853505164272
1,registered_style,active,identity,000222,56448,43299.03504114953,39532.62123631651,-75.12622939148213,20.04658651365625,462.77032199607623,275.45477365921175,26220,30228,0,0,0.7670605697482555,0.7003369691807771,-0.0013308926692085128,0.0003551336896551915,0.00819817038683525,0.004879796868962793
1,registered_style,active,identity,000223,47040,35038.20225764834,32454.272254891694,403.1130234112446,18.296955142700988,442.94767420075834,159.62888177626567,31982,15058,0,0,0.744859741871776,0.6899292571192962,0.008569579579320677,0.00038896588313565024,0.009416404638621563,0.0033934711261961238
1,registered_style,active,identity,000225,25088,18083.16246542416,17012.43982104957,470.8856817665018,24.164303287716187,285.0992568021338,59.97181306801192,19048,6040,0,0,0.7207893202098278,0.6781106433772948,0.01876935912653467,0.0009631817318126669,0.011363969100850359,0.002390458110172669
1,registered_style,active,identity,000228,84672,61851.66823390007,55836.45629838109,-742.2931682727972,33.993087979747386,518.6163709693828,473.9222711543004,27148,57524,0,0,0.7304854997389937,0.6594441645216965,-0.008766689912518864,0.00040146787580011556,0.006125004381252159,0.005597154562952338
1,registered_style,active,identity,000229,21952,17995.250288461175,16091.632987675723,-369.50357876764207,13.850730824353148,145.27744705676193,176.49345122812213,3905,18047,0,0,0.8197544774262562,0.7330372170041783,-0.01683234232724317,0.0006309553035875159,0.00661795950513675,0.008039971356966205
1,registered_style,active,identity,000233,65856,50728.42719946813,45859.42090997612,-544.3553390694459,29.03805431600164,459.168757245428,398.847890150098,23161,42695,0,0,0.7702931729754029,0.696359039570823,-0.008265842733683278,0.00044093255460400936,0.006972314705500304,0.006056363735272382
1,registered_style,active,identity,000235,90944,65884.23040078196,60401.6615093383,134.1299764366417,38.84996832928213,716.9589850947799,385.3870245621157,48331,42613,0,0,0.7244483462436441,0.6641632379193603,0.0014748633932600468,0.00042718561234696216,0.007883521563762094,0.004237630020255494
1,registered_style,active,identity,000237,65856,49341.82046708895,45917.25247265934,781.8732961612593,36.59212570264396,680.7850415663137,209.6187988929836,46866,18990,0,0,0.7492380415920942,0.6972371913365425,0.011872468661340793,0.000555638449080478,0.010337479372666328,0.0031829871066111452
1,registered_style,active,identity,000238,53312,42572.22170016455,39401.85162723949,458.9559125481766,29.23707662819897,582.6982043965597,217.62524018522655,33526,19786,0,0,0.7985485763086088,0.7390803501508008,0.008608866907041128,0.0005484145525997706,0.0109299633177626,0.0040821060959113625
1,registered_style,active,identity,000247,47040,32219.91220650915,29320.96815547347,-152.16317019905975,18.147367906240962,296.4286311057789,201.75245419744473,20431,26609,0,0,0.6849471132336129,0.623319901264317,-0.003234761271238515,0.0003857858823605647,0.006301629062622851,0.004288955233789216
1,registered_style,active,identity,000248,56448,40168.31019331486,36236.09270230681,-507.8274508569756,26.007424589629412,327.11799190375825,307.6671392751591,18062,38386,0,0,0.7115984657262411,0.6419375833033377,-0.008996376326122725,0.00046073243674938725,0.005795032452943563,0.005450452438973199
1,registered_style,active,identity,000250,65856,45114.778244917456,41124.346426350996,-144.35025471637468,27.867345996087355,428.2615966410284,284.9419810232929,31757,34099,0,0,0.6850519048365746,0.6244586131309371,-0.002191907414910937,0.0004231557640319387,0.006503000434903857,0.004326742909124346
1,registered_style,active,identity,000251,97216,69445.90148283128,62761.9837359637,-763.5827309649546,41.83545442512463,584.8096770106663,510.3725188886266,33432,63784,0,0,0.7143464191370894,0.6455931506744127,-0.007854496491986449,0.0004303350726745045,0.0060155702457482954,0.005249881901010395
1,registered_style,active,identity,000259,59584,40725.11013572622,37099.57312686322,-153.67919702887662,20.636907406557537,376.5455325339863,247.68093088697898,26847,32737,0,0,0.6834907044798305,0.6226432117156153,-0.002579202420597419,0.0003463498154967363,0.0063195745927427886,0.004156836246089202
1,registered_style,active,identity,000261,68992,50754.1256815854,46684.74498715997,257.46107820961583,28.69105794815277,583.1551374343779,280.6419533065793,40272,28720,0,0,0.7356523318875434,0.6766689614326294,0.003731752641025276,0.0004158606497587078,0.008452503731365635,0.0040677463083629885
1,registered_style,active,identity,000262,59584,42711.181430878176,38954.22308213264,-115.78590232964434,20.05117787562665,420.5998441432489,262.6510332491913,27277,32307,0,0,0.7168229966245666,0.6537698557017427,-0.0019432381567139557,0.0003365194997923377,0.007058939382103399,0.004408079908183259
1,registered_style,active,identity,000264,72128,53168.344251369184,48942.63653405756,306.9486884341578,31.964254373520106,621.3604511305772,285.4530404358783,41299,30829,0,0,0.737138756812461,0.6785525251505318,0.004255610698122197,0.0004431601371661505,0.00861469125901976,0.0039575898463270615
1,registered_style,active,identity,000265,28224,20957.07713868143,19110.690788559616,-59.77382201197575,10.495916793897244,212.63402476193153,136.37607265908963,11923,16301,0,0,0.7425268260587241,0.6771078085515737,-0.0021178366642565106,0.0003718791381057697,0.007533801897744173,0.004831918674145749
1,registered_style,active,identity,000267,100352,75838.76051740744,68361.19027884468,-1012.2373698568709,47.51316144727316,646.9177726964856,609.7343573559074,29737,70615,0,0,0.7557274445691908,0.6812140294049414,-0.010086867923478066,0.0004734650176107418,0.006446486095907263,0.0060759562077079415
1,registered_style,active,identity,000268,31360,23334.621622892824,21834.358265973628,489.03730052859544,22.00984794570001,346.20350229975446,85.97278214864333,23889,7471,0,0,0.7440886997095926,0.6962486691955876,0.015594301675018987,0.000701844641125638,0.011039652496803394,0.002741479022597045
1,registered_style,active,identity,000296,62720,49887.817414633406,45746.5707434247,111.74142456580503,28.397167516639666,584.2658736254225,318.6366158598592,33176,29544,0,0,0.7954052521465785,0.7293777223122561,0.0017815915906537793,0.00045276096168111714,0.009315463546323701,0.005080303186541122
1,registered_style,active,identity,000297,62720,46855.00967888278,42770.0165497493,-90.55503344650245,29.29303251100297,491.7140152774666,303.63427816565354,29421,33299,0,0,0.7470505369719831,0.6819199067243192,-0.0014437983648995926,0.00046704452345349123,0.007839828049704506,0.004841107751365649
1,registered_style,active,identity,000301,97216,80027.44196845597,73860.89040614804,655.8707376761441,49.88297387540526,1070.53104252305,450.2100137121457,58556,38660,0,0,0.823192087397712,0.7597606402870726,0.006746530794068303,0.0005131148563549752,0.0110118811977766,0.004631027955399787
1,registered_style,active,identity,000302,65856,47074.59821969383,43006.34763050452,-55.09234300394673,26.173662006654776,473.646595592535,288.64271828212793,32410,33446,0,0,0.7148110759793159,0.6530361338451245,-0.0008365576865273738,0.00039743777342466556,0.007192155545319105,0.004382937291698978
1,registered_style,active,identity,000304,56448,41797.32369187684,38502.974857497495,268.9162934440952,21.058072225061643,490.09883626022474,217.73521147280758,34011,22437,0,0,0.7404571232262762,0.682096351642175,0.00476396494905214,0.0003730525833521408,0.00868230648136736,0.0038572706114088644
1,registered_style,active,identity,000305,68992,51367.911334907636,48066.49578116229,1077.75208143928,45.08881271944613,748.7366012610254,198.13435064098536,52831,16161,0,0,0.744548807614037,0.6966966573104459,0.01562140656075023,0.0006535368262906733,0.010852513353157256,0.0028718452957007387
1,registered_style,active,identity,000307,43904,34685.67203228513,31615.12099603098,-113.56157686007157,22.679034846003585,376.256835488498,245.68909042304813,20607,23297,0,0,0.7900344395108676,0.720096597030589,-0.002586588394225391,0.0005165596493714374,0.008569989875375774,0.005596052533323801
1,registered_style,active,identity,000308,65856,48755.221156176645,44357.89758513274,-240.8904791594308,28.664786831017395,483.1777557998721,331.83398562516226,27067,38789,0,0,0.7403307391304763,0.6735589404933907,-0.003657836478975808,0.0004352646202474702,0.0073368828322380964,0.005038781365785384
1,registered_style,active,identity,000310,65856,48725.849491988134,44371.59967705421,-200.3206878372573,29.69466998470203,492.9813508380571,328.28489088776655,30961,34895,0,0,0.739884740828294,0.6737670018989038,-0.0030417985883937275,0.000450903030622905,0.007485746945427252,0.004984889621109186
1,registered_style,active,identity,000311,75264,56460.911609705305,53020.750370292924,1373.1899432396337,57.000696278430524,873.2364819409361,196.45818148455712,61425,13839,0,0,0.7501715509367732,0.7044636263059753,0.018244976924421154,0.0007573434348218341,0.01160231295095844,0.002610254324571603
1,registered_style,active,identity,000313,50176,37689.80635046208,34927.6679521231,450.9566226018057,25.244733489555294,483.6358449733767,184.75543121870575,35068,15108,0,0,0.7511520717167984,0.696103076214188,0.00898749646448114,0.0005031236744570172,0.00963878836442476,0.003682147465296272
1,registered_style,active,identity,000314,62720,51192.09444582445,46432.283189916285,-395.63219258452034,26.483444950173897,514.4337178201432,399.2699817607962,24178,38542,0,0,0.816200485424497,0.7403106375943285,-0.006307911233809317,0.0004222488034147624,0.008202068205040549,0.006365911698992287
1,registered_style,active,identity,000316,59584,42552.44623930834,38863.76434253086,-61.041789820652,29.306738202159217,437.17014821211177,263.11128545733595,29108,30476,0,0,0.714158939300959,0.6522516840516055,-0.0010244661288374732,0.0004918558371737248,0.0073370392758477405,0.004415804334340359
1,registered_style,active,identity,000317,56448,40913.05727486865,37789.16922264965,363.9924478551012,29.224396134424264,510.37586874376603,202.0937823767478,33329,23119,0,0,0.7247919726982117,0.6694509853785724,0.006448278908997683,0.0005177224371886385,0.00904152261805141,0.0035801761333749257
1,registered_style,active,identity,000319,56448,42329.90093765891,38242.95931667276,-478.27373145105105,25.606267591047462,374.67838826879967,326.62103864714413,19363,37085,0,0,0.749891952552064,0.6774900672596506,-0.008472819789027973,0.0004536257722336923,0.00663758482619047,0.00578622871753019
1,registered_style,active,identity,000320,59584,42827.81429201766,39349.302430190146,172.60365677932293,22.9064654689628,472.2200105577798,233.086211470674,33863,25721,0,0,0.7187804493155489,0.6604004838579173,0.0028968121774188196,0.00038443987427770544,0.007925282132078743,0.003911892646862815
1,registered_style,active,identity,000322,34496,26868.302636703127,24283.870919136796,-293.8810943986253,19.856331878298995,245.98494782600233,219.9803078492072,12025,22471,0,0,0.7788816858970062,0.7039619352718227,-0.008519280333911911,0.0005756125892364041,0.007130825250058045,0.006376980167242788
1,registered_style,active,identity,000323,31360,22444.765503709787,20282.66429111734,-248.6617107927955,17.05530454253207,197.06962086156454,167.4478827968947,10927,20433,0,0,0.7157131857050315,0.646768631732058,-0.007929263737015163,0.0005438553744429869,0.006284107808085604,0.005339537078982611
1,registered_style,active,identity,000325,37632,27615.500501425005,25598.031900487375,336.7814139560823,20.469009269894013,354.15454119392234,133.79279918372046,24787,12845,0,0,0.7338302641747716,0.6802198102808082,0.008949336042625487,0.000543925628983153,0.009410994398222851,0.003555293345655837
1,registered_style,active,identity,000326,47040,33929.202255307464,31243.804220430087,207.10159266939118,19.765180086381278,385.60115127879556,181.07660887025082,28109,18931,0,0,0.7212840615499035,0.664196518291456,0.004402669912189438,0.0004201781480948401,0.008197303386028818,0.00384941770557506
1,registered_style,active,identity,000328,53312,40995.20499787666,36658.987967796624,-841.333351551677,32.784337237297756,305.55713279803444,382.03497061739057,10821,42491,0,0,0.7689676807825003,0.6876310768269175,-0.01578131286674064,0.0006149523041209813,0.005731488835497345,0.007166022107919241
1,registered_style,active,cross_camera,000009,0,0.0,0.0,0.0,0.0,0.0,0.0,0,0,0,0,,,,,,
1,registered_style,active,cross_camera,000013,0,0.0,0.0,0.0,0.0,0.0,0.0,0,0,0,0,,,,,,
1,registered_style,active,cross_camera,000015,0,0.0,0.0,0.0,0.0,0.0,0.0,0,0,0,0,,,,,,
1,registered_style,active,cross_camera,000018,0,0.0,0.0,0.0,0.0,0.0,0.0,0,0,0,0,,,,,,
1,registered_style,active,cross_camera,000019,0,0.0,0.0,0.0,0.0,0.0,0.0,0,0,0,0,,,,,,
1,registered_style,active,cross_camera,000021,0,0.0,0.0,0.0,0.0,0.0,0.0,0,0,0,0,,,,,,
1,registered_style,active,cross_camera,000022,0,0.0,0.0,0.0,0.0,0.0,0.0,0,0,0,0,,,,,,
1,registered_style,active,cross_camera,000024,0,0.0,0.0,0.0,0.0,0.0,0.0,0,0,0,0,,,,,,
1,registered_style,active,cross_camera,000025,0,0.0,0.0,0.0,0.0,0.0,0.0,0,0,0,0,,,,,,
1,registered_style,active,cross_camera,000027,0,0.0,0.0,0.0,0.0,0.0,0.0,0,0,0,0,,,,,,
1,registered_style,active,cross_camera,000028,0,0.0,0.0,0.0,0.0,0.0,0.0,0,0,0,0,,,,,,
1,registered_style,active,cross_camera,000030,0,0.0,0.0,0.0,0.0,0.0,0.0,0,0,0,0,,,,,,
1,registered_style,active,cross_camera,000031,0,0.0,0.0,0.0,0.0,0.0,0.0,0,0,0,0,,,,,,
1,registered_style,active,cross_camera,000033,0,0.0,0.0,0.0,0.0,0.0,0.0,0,0,0,0,,,,,,
1,registered_style,active,cross_camera,000034,0,0.0,0.0,0.0,0.0,0.0,0.0,0,0,0,0,,,,,,
1,registered_style,active,cross_camera,000036,0,0.0,0.0,0.0,0.0,0.0,0.0,0,0,0,0,,,,,,
1,registered_style,active,cross_camera,000037,0,0.0,0.0,0.0,0.0,0.0,0.0,0,0,0,0,,,,,,
1,registered_style,active,cross_camera,000039,0,0.0,0.0,0.0,0.0,0.0,0.0,0,0,0,0,,,,,,
1,registered_style,active,cross_camera,000040,0,0.0,0.0,0.0,0.0,0.0,0.0,0,0,0,0,,,,,,
1,registered_style,active,cross_camera,000042,0,0.0,0.0,0.0,0.0,0.0,0.0,0,0,0,0,,,,,,
1,registered_style,active,cross_camera,000043,0,0.0,0.0,0.0,0.0,0.0,0.0,0,0,0,0,,,,,,
1,registered_style,active,cross_camera,000045,0,0.0,0.0,0.0,0.0,0.0,0.0,0,0,0,0,,,,,,
1,registered_style,active,cross_camera,000046,0,0.0,0.0,0.0,0.0,0.0,0.0,0,0,0,0,,,,,,
1,registered_style,active,cross_camera,000048,0,0.0,0.0,0.0,0.0,0.0,0.0,0,0,0,0,,,,,,
1,registered_style,active,cross_camera,000049,0,0.0,0.0,0.0,0.0,0.0,0.0,0,0,0,0,,,,,,
1,registered_style,active,cross_camera,000051,0,0.0,0.0,0.0,0.0,0.0,0.0,0,0,0,0,,,,,,
1,registered_style,active,cross_camera,000058,0,0.0,0.0,0.0,0.0,0.0,0.0,0,0,0,0,,,,,,
1,registered_style,active,cross_camera,000114,0,0.0,0.0,0.0,0.0,0.0,0.0,0,0,0,0,,,,,,
1,registered_style,active,cross_camera,000127,0,0.0,0.0,0.0,0.0,0.0,0.0,0,0,0,0,,,,,,
1,registered_style,active,cross_camera,000149,0,0.0,0.0,0.0,0.0,0.0,0.0,0,0,0,0,,,,,,
1,registered_style,active,cross_camera,000150,0,0.0,0.0,0.0,0.0,0.0,0.0,0,0,0,0,,,,,,
1,registered_style,active,cross_camera,000152,0,0.0,0.0,0.0,0.0,0.0,0.0,0,0,0,0,,,,,,
1,registered_style,active,cross_camera,000153,0,0.0,0.0,0.0,0.0,0.0,0.0,0,0,0,0,,,,,,
1,registered_style,active,cross_camera,000155,0,0.0,0.0,0.0,0.0,0.0,0.0,0,0,0,0,,,,,,
1,registered_style,active,cross_camera,000159,40096,31355.444341859373,28138.302136722952,-544.058104958252,23.6579165080485,257.7675935429662,285.4072494473402,9951,30145,0,0,0.7820092862594616,0.701773297504064,-0.013568887294449621,0.0005900318362941066,0.006428760812623858,0.00711809780146
1,registered_style,active,cross_camera,000181,0,0.0,0.0,0.0,0.0,0.0,0.0,0,0,0,0,,,,,,
1,registered_style,active,cross_camera,000183,0,0.0,0.0,0.0,0.0,0.0,0.0,0,0,0,0,,,,,,
1,registered_style,active,cross_camera,000184,0,0.0,0.0,0.0,0.0,0.0,0.0,0,0,0,0,,,,,,
1,registered_style,active,cross_camera,000186,0,0.0,0.0,0.0,0.0,0.0,0.0,0,0,0,0,,,,,,
1,registered_style,active,cross_camera,000187,0,0.0,0.0,0.0,0.0,0.0,0.0,0,0,0,0,,,,,,
1,registered_style,active,cross_camera,000189,0,0.0,0.0,0.0,0.0,0.0,0.0,0,0,0,0,,,,,,
1,registered_style,active,cross_camera,000190,0,0.0,0.0,0.0,0.0,0.0,0.0,0,0,0,0,,,,,,
1,registered_style,active,cross_camera,000195,37632,26416.799896197044,24115.801776182372,-48.93857302739458,14.31768257912483,262.2415421131785,162.0579193776654,18133,19499,0,0,0.7019770380579572,0.640832317606887,-0.001300451026450749,0.0003804656297599072,0.0069685783937388,0.004306386037884391
1,registered_style,active,cross_camera,000197,0,0.0,0.0,0.0,0.0,0.0,0.0,0,0,0,0,,,,,,
1,registered_style,active,cross_camera,000198,50064,36810.9084625314,32981.2079130949,-691.5324835818273,26.855884797795007,277.2572502521636,321.23551110749867,11308,38756,0,0,0.735277014671848,0.6587809186859799,-0.013812969071225376,0.0005364310641937321,0.005538056292988247,0.00641649710585448
1,registered_style,active,cross_camera,000201,68432,48593.0341885495,44842.183020470664,391.75531686320386,30.07862294067447,566.8888264158794,244.33537586399132,41375,27057,0,0,0.7100922695310601,0.6552809068925454,0.005724738672889932,0.00043954031652844385,0.00828397279658463,0.0035704842159222485
1,registered_style,active,cross_camera,000204,36848,26228.67953216727,24191.826000157977,199.16855913697822,15.988633531889604,301.9803364789104,135.75418205577589,22593,14255,0,0,0.7118074124014131,0.6565302323099754,0.00540513892577557,0.0004339077706222754,0.008195297885337342,0.0036841669033808046
1,registered_style,active,cross_camera,000212,41776,31116.55905627052,28533.161858969368,69.32168490364037,17.61627471362439,347.887637729674,184.54574791648795,23201,18575,0,0,0.7448429494511327,0.6830036829512008,0.0016593662606195034,0.00042168409406416094,0.008327452071277145,0.004417506413167559
1,registered_style,active,cross_camera,000213,31472,20822.79334199382,18748.90914677363,-298.71949983514656,13.948936009855355,156.10809850337574,153.48386051533663,9890,21582,0,0,0.6616291732967025,0.5957330054262083,-0.009491595698879848,0.00044321733635788494,0.004960221736889163,0.00487683847595757
1,registered_style,active,cross_camera,000214,0,0.0,0.0,0.0,0.0,0.0,0.0,0,0,0,0,,,,,,
1,registered_style,active,cross_camera,000216,0,0.0,0.0,0.0,0.0,0.0,0.0,0,0,0,0,,,,,,
1,registered_style,active,cross_camera,000218,0,0.0,0.0,0.0,0.0,0.0,0.0,0,0,0,0,,,,,,
1,registered_style,active,cross_camera,000220,48384,33292.66897841566,31095.57456856314,641.1400966791289,25.416466434824173,444.27878556635596,120.2804795911494,36488,11896,0,0,0.6880925301425195,0.6426830061293639,0.013251076733612949,0.0005253072593176292,0.009182349238722635,0.002485955679380568
1,registered_style,active,cross_camera,000222,0,0.0,0.0,0.0,0.0,0.0,0.0,0,0,0,0,,,,,,
1,registered_style,active,cross_camera,000223,0,0.0,0.0,0.0,0.0,0.0,0.0,0,0,0,0,,,,,,
1,registered_style,active,cross_camera,000225,0,0.0,0.0,0.0,0.0,0.0,0.0,0,0,0,0,,,,,,
1,registered_style,active,cross_camera,000228,42448,29774.457309886988,26899.51088463515,-336.6431067356085,16.38361196038306,244.29910754159113,217.59907807449238,14410,28038,0,0,0.7014336908661654,0.6337050246097614,-0.007930717742546375,0.0003859689964281724,0.005755256020109101,0.005126250425803156
1,registered_style,active,cross_camera,000229,0,0.0,0.0,0.0,0.0,0.0,0.0,0,0,0,0,,,,,,
1,registered_style,active,cross_camera,000233,34048,25205.75573237578,22797.823388189077,-259.1155662582735,14.855903153700208,222.36910102746617,190.12825811991144,12436,21612,0,0,0.7403006265382924,0.6695789293993503,-0.007610302110499103,0.0004363223435649732,0.006531047375101803,0.005584124122412813
1,registered_style,active,cross_camera,000235,48944,34522.394037450314,31632.3765996485,53.05240345057194,21.05505161388228,364.2601633747201,200.5301507958906,25697,23247,0,0,0.7053447621250881,0.6462973316371465,0.0010839409008371187,0.0004301865726929201,0.0074423864697352096,0.004097134496483544
1,registered_style,active,cross_camera,000237,0,0.0,0.0,0.0,0.0,0.0,0.0,0,0,0,0,,,,,,
1,registered_style,active,cross_camera,000238,0,0.0,0.0,0.0,0.0,0.0,0.0,0,0,0,0,,,,,,
1,registered_style,active,cross_camera,000247,0,0.0,0.0,0.0,0.0,0.0,0.0,0,0,0,0,,,,,,
1,registered_style,active,cross_camera,000248,0,0.0,0.0,0.0,0.0,0.0,0.0,0,0,0,0,,,,,,
1,registered_style,active,cross_camera,000250,33600,22476.244705145713,20488.033916170243,-72.0876526552154,14.407434882323093,209.46159934644493,140.003602904773,16243,17357,0,0,0.6689358543198128,0.6097629141717334,-0.0021454658528337915,0.00042879270483104444,0.006233976171025147,0.004166773895975387
1,registered_style,active,cross_camera,000251,51072,35071.976223318954,31741.562116257846,-340.49181534526673,21.64530174990449,292.5480020513892,243.72180291804457,18964,32108,0,0,0.6867163264277677,0.6215061504593093,-0.0066668980134959805,0.00042381934817325523,0.005728148536407213,0.004772121767662214
1,registered_style,active,cross_camera,000259,0,0.0,0.0,0.0,0.0,0.0,0.0,0,0,0,0,,,,,,
1,registered_style,active,cross_camera,000261,29568,20634.08402034908,18966.47896145284,91.47197140122971,12.358567083036334,223.75586427242305,111.89094921122415,16851,12717,0,0,0.6978518675713299,0.6414528869538975,0.003093613751394403,0.000417971018771521,0.007567500820901754,0.003784190652435882
1,registered_style,active,cross_camera,000262,0,0.0,0.0,0.0,0.0,0.0,0.0,0,0,0,0,,,,,,
1,registered_style,active,cross_camera,000264,0,0.0,0.0,0.0,0.0,0.0,0.0,0,0,0,0,,,,,,
1,registered_style,active,cross_camera,000265,0,0.0,0.0,0.0,0.0,0.0,0.0,0,0,0,0,,,,,,
1,registered_style,active,cross_camera,000267,0,0.0,0.0,0.0,0.0,0.0,0.0,0,0,0,0,,,,,,
1,registered_style,active,cross_camera,000268,0,0.0,0.0,0.0,0.0,0.0,0.0,0,0,0,0,,,,,,
1,registered_style,active,cross_camera,000296,0,0.0,0.0,0.0,0.0,0.0,0.0,0,0,0,0,,,,,,
1,registered_style,active,cross_camera,000297,0,0.0,0.0,0.0,0.0,0.0,0.0,0,0,0,0,,,,,,
1,registered_style,active,cross_camera,000301,0,0.0,0.0,0.0,0.0,0.0,0.0,0,0,0,0,,,,,,
1,registered_style,active,cross_camera,000302,0,0.0,0.0,0.0,0.0,0.0,0.0,0,0,0,0,,,,,,
1,registered_style,active,cross_camera,000304,0,0.0,0.0,0.0,0.0,0.0,0.0,0,0,0,0,,,,,,
1,registered_style,active,cross_camera,000305,0,0.0,0.0,0.0,0.0,0.0,0.0,0,0,0,0,,,,,,
1,registered_style,active,cross_camera,000307,0,0.0,0.0,0.0,0.0,0.0,0.0,0,0,0,0,,,,,,
1,registered_style,active,cross_camera,000308,0,0.0,0.0,0.0,0.0,0.0,0.0,0,0,0,0,,,,,,
1,registered_style,active,cross_camera,000310,0,0.0,0.0,0.0,0.0,0.0,0.0,0,0,0,0,,,,,,
1,registered_style,active,cross_camera,000311,0,0.0,0.0,0.0,0.0,0.0,0.0,0,0,0,0,,,,,,
1,registered_style,active,cross_camera,000313,0,0.0,0.0,0.0,0.0,0.0,0.0,0,0,0,0,,,,,,
1,registered_style,active,cross_camera,000314,0,0.0,0.0,0.0,0.0,0.0,0.0,0,0,0,0,,,,,,
1,registered_style,active,cross_camera,000316,0,0.0,0.0,0.0,0.0,0.0,0.0,0,0,0,0,,,,,,
1,registered_style,active,cross_camera,000317,0,0.0,0.0,0.0,0.0,0.0,0.0,0,0,0,0,,,,,,
1,registered_style,active,cross_camera,000319,0,0.0,0.0,0.0,0.0,0.0,0.0,0,0,0,0,,,,,,
1,registered_style,active,cross_camera,000320,0,0.0,0.0,0.0,0.0,0.0,0.0,0,0,0,0,,,,,,
1,registered_style,active,cross_camera,000322,0,0.0,0.0,0.0,0.0,0.0,0.0,0,0,0,0,,,,,,
1,registered_style,active,cross_camera,000323,0,0.0,0.0,0.0,0.0,0.0,0.0,0,0,0,0,,,,,,
1,registered_style,active,cross_camera,000325,0,0.0,0.0,0.0,0.0,0.0,0.0,0,0,0,0,,,,,,
1,registered_style,active,cross_camera,000326,0,0.0,0.0,0.0,0.0,0.0,0.0,0,0,0,0,,,,,,
1,registered_style,active,cross_camera,000328,0,0.0,0.0,0.0,0.0,0.0,0.0,0,0,0,0,,,,,,
1,registered_style,inactive,identity,000009,90944,71781.60759920301,65261.86817265488,-322.8443414838238,37.19001124388435,721.9564386287648,518.7912514991347,38759,52185,0,0,0.7892945944669578,0.7176049895832037,-0.003549924585281314,0.0004089330933748719,0.007938472451495038,0.005704513233408853
1,registered_style,inactive,identity,000013,103488,81313.53129187116,75309.85651167482,1016.1098034163263,41.865479165052896,1067.0659161730237,398.9811979251104,75006,28482,0,0,0.7857290825204,0.7277158367315517,0.009818624414582621,0.00040454428692266635,0.010311011094745514,0.0038553377968953925
1,registered_style,inactive,identity,000015,28224,23587.251947886776,21708.465305332094,157.49717101173206,10.120177747985434,300.5462502691513,138.38146455572175,17712,10512,0,0,0.8357161262714986,0.7691491392195329,0.005580256909429282,0.00035856638846320274,0.010648605806021517,0.004902971391571774
1,registered_style,inactive,identity,000018,103488,79714.46975053905,75349.49622240884,2516.7643198684323,94.35043973533804,1360.2141918171385,233.81753824351412,93812,9676,0,0,0.7702774210588575,0.7280988735158553,0.024319383115611784,0.0009117041563788849,0.0131436900106016,0.0022593686054761335
1,registered_style,inactive,identity,000019,97216,76574.32402187912,71875.14844670624,1911.4739776043816,73.82169022951128,1216.2789430806545,276.76844266339003,82315,14901,0,0,0.787672029520646,0.7393345585778703,0.019662133574765282,0.0007593574126636693,0.012511098410556436,0.0028469433289107764
1,registered_style,inactive,identity,000021,97216,74092.46849483758,69540.56819466036,1844.4910486985955,64.17817198050439,1142.1090834705392,259.67114776708354,83238,13978,0,0,0.7621427387964695,0.715320196209064,0.01897312220929266,0.0006601605906487038,0.01174815959791124,0.0026710741829234236
1,registered_style,inactive,identity,000022,116032,91769.85004164459,84295.26859532343,447.89551818847616,41.39092872035574,1091.9372286838977,537.7036298783346,68362,47670,0,0,0.7909012172645873,0.7264829408725475,0.003860103404133999,0.00035671994553533284,0.009410655928398182,0.004634097747848305
1,registered_style,inactive,identity,000024,94080,74958.97217709315,69155.13869464886,667.3629953406146,41.05982666457141,960.4651255164707,400.4825326858154,59042,35038,0,0,0.7967577824946126,0.7350673755808765,0.0070935692531953086,0.00043643523240403286,0.010209025568840038,0.004256829641643446
1,registered_style,inactive,identity,000025,106624,90730.7198144233,82083.31528959214,-814.6355121657375,49.673296046439624,907.5753463375717,769.4031026339105,39446,67178,0,0,0.8509408746100624,0.7698390164465049,-0.0076402640321666555,0.0004658734998353056,0.008511923641371284,0.007216040503394269
1,registered_style,inactive,identity,000027,103488,78494.45098243724,72467.35657538759,749.3194093398154,43.306390192013154,968.1165039620299,406.4159193495806,67775,35713,0,0,0.7584884332718502,0.7002488846570384,0.007240640550979972,0.00041846774690798116,0.009354867269268223,0.003927179183572787
1,registered_style,inactive,identity,000028,100352,78459.96849560365,73070.10380976484,1383.5722627940424,53.878038504975734,1124.0112106650558,336.6682249568028,75467,24885,0,0,0.7818475814692647,0.7281379923645253,0.013787191713110276,0.0005368905303828099,0.011200685693011159,0.0033548730962691606
1,registered_style,inactive,identity,000030,97216,76748.58609088603,71511.43609707942,1388.5435764433644,51.34254637694199,1119.1018433151664,328.61599732699716,75891,21325,0,0,0.7894645540948613,0.7355932778254549,0.014283076617463837,0.0005281285629622901,0.01151149855286338,0.0033802665952826403
1,registered_style,inactive,identity,000031,81536,65065.43026811149,58511.48907183763,-936.8526617377439,45.71488338836569,551.8210744361171,579.3040393683682,24087,57449,0,0,0.7979963484609436,0.71761539776096,-0.011490049324687793,0.0005606711561563689,0.0067678212622168995,0.007104886668077514
1,registered_style,inactive,identity,000033,94080,71406.69090187157,65085.13830041583,-157.02401690190393,35.31507963470849,727.901286460279,475.2033210277913,46251,47829,0,0,0.7589996907086689,0.6918063169687056,-0.0016690477987022102,0.00037537287026688445,0.007737045987035279,0.005051055708203564
1,registered_style,inactive,identity,000034,103488,82543.55865847465,75506.28803945181,88.7020369601152,40.28182089548589,936.3153319890483,538.9880229239576,54503,48985,0,0,0.7976147829552668,0.7296139459594524,0.0008571238883746444,0.00038924146659985594,0.009047573940834186,0.0052082175993734305
1,registered_style,inactive,identity,000036,84672,63532.34353115328,59153.9434488588,1106.3373112881056,46.27623263929363,873.638338144008,258.62742770893675,64206,20466,0,0,0.7503347450296826,0.6986246155619189,0.013066153052816819,0.0005465352494247642,0.010317913101662982,0.0030544622509086445
1,registered_style,inactive,identity,000037,94080,78358.51515260665,72686.27502322989,1092.4383678420197,48.57676548529274,1115.6299210719008,404.7882310332552,68800,25280,0,0,0.8328923804486251,0.7726007124067803,0.01161180237927317,0.0005163346671480946,0.011858311235883299,0.004302595993125587
1,registered_style,inactive,identity,000039,119168,96077.51123006645,88636.38784301188,853.2333017947857,51.36408309847354,1244.0410509880635,527.6970259575444,76006,43162,0,0,0.8062358286626146,0.7437935338598607,0.007159919624352055,0.0004310224481276311,0.010439388518629696,0.004428177245213013
1,registered_style,inactive,identity,000040,122304,100447.55387670975,90172.07912082039,-1603.852961057535,71.31583203411645,849.6021953630527,959.318856172842,31458,90846,0,0,0.8212941022101464,0.7372782502683509,-0.013113659087662995,0.00058310302225697,0.0069466427538187854,0.007843724294976795
1,registered_style,inactive,identity,000042,90944,72565.41972069303,67642.32659215608,1341.46833578144,48.281864558969716,1062.9442173678387,320.8968239169301,72485,18459,0,0,0.7979132182518146,0.7437799810010125,0.014750487506393383,0.0005308966458366656,0.011687898238122787,0.0035285101152019932
1,registered_style,inactive,identity,000043,100352,77852.93954975554,72121.26406426646,989.356748108393,47.02139921232941,1034.724268835557,383.00627894086756,70000,30352,0,0,0.7757985844801851,0.7186828769159206,0.009858864278822476,0.00046856464457439227,0.010310948150864528,0.003816628257940724
1,registered_style,inactive,identity,000045,106624,83865.38753471663,77641.35779209249,1016.0561958617026,56.46319827617938,1121.7223976359703,423.968052284305,71899,34725,0,0,0.7865526291896443,0.7281790009012276,0.009529338571632115,0.0005295543055614063,0.010520355620085256,0.0039762910065679865
1,registered_style,inactive,identity,000046,90944,73377.39890856238,66762.89509614749,-279.8443103571236,32.456249312072686,765.0340885330162,527.521737474045,40274,50670,0,0,0.8068415608348256,0.7341099478376527,-0.003077105805299125,0.0003568816998600533,0.008412144710294426,0.005800511715715661
1,registered_style,inactive,identity,000048,112896,88242.42504571378,80429.25474208617,-195.215393601188,47.567927809040114,915.2391509799754,630.4400027649748,56525,56371,0,0,0.7816257887410872,0.7124189939598052,-0.001729161295361997,0.0004213428979683967,0.008106922751735893,0.005584254559638737
1,registered_style,inactive,identity,000049,112896,93979.1188285982,85098.00305866485,-767.9129726463186,48.63993516312412,939.2446450611121,757.3983885408243,42822,70074,0,0,0.8324397571977591,0.753773411446507,-0.006801950225396105,0.00043083842796134606,0.008319556450725555,0.006708815091241712
1,registered_style,inactive,identity,000051,103488,85713.79294056911,78015.33523969771,-298.79920950139376,36.54006861585162,944.1659947413548,626.055911321088,44028,59460,0,0,0.8282486176230008,0.7538587588869986,-0.0028872836415951004,0.0003530850786163769,0.009123434550299115,0.0060495507819369205
1,registered_style,inactive,identity,000058,31360,23014.00001639861,21343.761726291385,316.5567728508477,12.583512223202854,290.23202475319107,103.42461979391463,22671,8689,0,0,0.7338647964412822,0.6806046468842916,0.010094284848560195,0.0004012599560970298,0.009254847728099204,0.0032979789475100327
1,registered_style,inactive,identity,000114,100352,78965.96547873854,71217.95810803026,-930.8877807593691,44.64602797749479,689.4098718166572,656.1206283128762,32870,67482,0,0,0.786889802681945,0.7096815021925847,-0.00927622549385532,0.00044489425200788015,0.006869916611693411,0.00653819184782442
1,registered_style,inactive,identity,000127,131712,105956.46419731987,96999.25447858579,189.99545228041364,52.14801007570607,1208.0895000991186,697.9299372619145,68123,63589,0,0,0.804455662333879,0.7364496361651618,0.0014425067744807888,0.0003959245177030648,0.009172205266787525,0.005298909266140629
1,registered_style,inactive,identity,000149,94080,83265.09006043989,76744.15696883551,667.3292587460077,42.865742147906566,1153.8230566119028,501.92590745975446,59885,34195,0,0,0.8850456001322268,0.8157329609782686,0.007093210658439707,0.0004556307626265579,0.012264275686776177,0.005335096805482084
1,registered_style,inactive,identity,000150,122304,101098.80518251384,91697.82770778774,-673.1332553616148,42.47479675645367,1038.665954904528,786.7018716837885,47817,74487,0,0,0.8266189591715221,0.7497533008551457,-0.005503771384105302,0.0003472886966612185,0.00849249374431358,0.006432347851940971
1,registered_style,inactive,identity,000152,116032,87624.3433554045,80348.66004191642,288.9126997826162,39.84459154265492,964.0435640624089,524.1717343322441,66915,49117,0,0,0.7551739464579125,0.6924698362685847,0.002489939842307434,0.0003433931289873045,0.008308428399600188,0.004517475647513135
1,registered_style,inactive,identity,000153,125440,100986.42862662481,94193.51860771468,1925.2327497602746,72.10138711340153,1502.967310168032,433.81012581001426,101262,24178,0,0,0.805057626168884,0.7509049633905825,0.015347837609696066,0.0005747878436973974,0.011981563378252806,0.0034583077631538126
1,registered_style,inactive,identity,000155,100352,77013.21273048845,71530.89051876077,1166.2165354022286,51.9317717858894,1041.02786315587,352.18891855928933,72851,27501,0,0,0.7674307709909962,0.7127998497166053,0.011621258524017743,0.0005174961314760981,0.010373762985848512,0.003509535620209755
1,registered_style,inactive,identity,000159,84672,69562.4645906256,62229.91453364212,-1327.2332447226006,53.519683882096345,562.8348871480056,688.5862150654282,17320,67352,0,0,0.8215521611704649,0.734952694322115,-0.015674995804074554,0.0006320824343596035,0.006647237423800141,0.00813239577505466
1,registered_style,inactive,identity,000181,84672,66511.56665981899,59482.55586760631,-1287.077526584125,51.925664762559435,516.3676394662632,632.6785723555299,17245,67427,0,0,0.785520203370878,0.7025056201295151,-0.015200745542612967,0.0006132566227626539,0.006098446233303373,0.007472110879104425
1,registered_style,inactive,identity,000183,106624,86135.99969853269,77496.63145592296,-1203.2607071069367,64.86966162511669,761.0384184800965,764.1711789986018,32685,73939,0,0,0.8078481364283153,0.7268216485587012,-0.011285083162392488,0.000608396436309993,0.007137590209334639,0.007166971591748591
1,registered_style,inactive,identity,000184,112896,91244.6528100855,80959.51742408518,-2407.9986172844438,90.26473836427466,620.322651598292,996.5072965306845,14199,98697,0,0,0.8082186508829853,0.7171159068885096,-0.021329352831672015,0.0007995388531416052,0.005494637999559702,0.008826772396990899
1,registered_style,inactive,identity,000186,34496,26169.394628861803,24069.674997981638,159.4801610802264,15.579794896779301,311.62036141832215,143.58877472362997,20978,13518,0,0,0.7586211337216432,0.697752637928503,0.004623149381963891,0.00045164062200774875,0.00903352160883355,0.004162476076172019
1,registered_style,inactive,identity,000187,15680,12851.406766005326,12172.253295503557,430.30648850456487,23.062151929237807,244.88817538747978,42.87480234097693,13136,2544,0,0,0.8196050233421764,0.7762916642540534,0.027443015848505413,0.0014708005056911866,0.015617868328283149,0.0027343623941949572
1,registered_style,inactive,identity,000189,21952,17529.825052583124,15152.411171883112,-864.0667943971479,42.43584435119197,69.52863245738658,269.57276353888363,375,21577,0,0,0.798552526083415,0.6902519666491942,-0.03936164333077386,0.0019331197317416166,0.0031673028634013564,0.01228010037986897
1,registered_style,inactive,identity,000190,28224,22527.9855705715,20723.61977604835,140.4717164749159,13.639938653687228,276.65310082509484,132.77263113738064,17141,11083,0,0,0.7981854297963259,0.7342552358293775,0.004977030770794922,0.00048327447043959847,0.009802051474812034,0.004704245717735992
1,registered_style,inactive,identity,000195,106624,83070.9942402239,75829.31184069067,-70.17631133070554,40.31033802332225,892.2217173290885,552.0702699764275,52093,54531,0,0,0.7791022118868538,0.7111842722153612,-0.0006581661851994443,0.0003780606432259365,0.008367925770268313,0.005177729872978199
1,registered_style,inactive,identity,000197,97216,79644.52681352588,74904.96459438582,2136.1374659209137,81.6036582904428,1346.8448354281368,280.14339775918876,85355,11861,0,0,0.8192532794347215,0.7705003764234881,0.021973105928251663,0.000839405635805246,0.013854147829864804,0.0028816593745802
1,registered_style,inactive,identity,000198,72128,57681.968110490125,51219.60065695224,-1482.692065427726,54.09302729523892,391.7951453696771,622.4612501651202,8508,63620,0,0,0.7997167273526249,0.7101209052927052,-0.02055640064091235,0.0007499587857037339,0.005431942454659454,0.008629953002511095
1,registered_style,inactive,identity,000201,112896,89064.83702756185,82372.59882588871,996.7154075837116,49.915066097785605,1159.69422188903,456.0168384090799,75412,37484,0,0,0.7889104753716859,0.7296325717996095,0.008828615784294497,0.00044213316767454655,0.010272234816902547,0.0040392647959987945
1,registered_style,inactive,identity,000204,94080,74487.84683976346,68979.91610278736,922.5935632832088,45.52208463887242,994.0613206499588,377.23613168890904,64441,29639,0,0,0.7917500727015674,0.733204890548335,0.00980647920156472,0.000483865695566246,0.010566127983099052,0.004009737794312383
1,registered_style,inactive,identity,000212,90944,74697.05271421268,68441.60698253103,193.1392793711371,38.05050131210787,891.0894801414127,482.90262375735585,49932,41012,0,0,0.8213521806189819,0.7525686904307158,0.0021237165659211943,0.00041839485081047534,0.00979822176439801,0.005309889863623283
1,registered_style,inactive,identity,000213,53312,39588.822078477824,35339.06703224033,-832.0581574828271,30.65462596905632,277.95515963617737,366.7354110908296,9773,43539,0,0,0.7425874489510396,0.6628726559168729,-0.015607333386157472,0.0005750042386152521,0.005213744741074756,0.006879040574182728
1,registered_style,inactive,identity,000214,28224,22048.457798784133,20577.52110684826,432.5032606690634,17.27728743765552,328.0767046902057,87.94827019756593,21390,6834,0,0,0.7811953585170115,0.7290788374025036,0.015323953396721351,0.0006121487895994728,0.011624032904273161,0.003116081001897886
1,registered_style,inactive,identity,000216,72128,53709.60839671461,49906.59376136074,833.7275528779861,39.02726521700033,719.4387553056173,235.0847468995154,50943,21185,0,0,0.7446429735569351,0.6919170607996997,0.011559000012172612,0.0005410834241487401,0.00997447253917504,0.0032592716684160853
1,registered_style,inactive,identity,000218,37632,28700.425662377733,26258.32172670588,35.59937406032714,16.59213404357731,316.67290583685485,179.7640601871718,19247,18385,0,0,0.7626601207051906,0.6977657771764955,0.0009459867681847137,0.0004409049225015229,0.008414990057314383,0.004776893606164217
1,registered_style,inactive,identity,000220,84672,63903.03730911776,59617.43294565799,1231.134966657283,49.227664499272706,905.3704945447131,261.44738987160605,64001,20671,0,0,0.7547127422184164,0.7040985561420303,0.014540048264565418,0.0005813924851104581,0.0106926787432057,0.0030877667927013187
1,registered_style,inactive,identity,000222,68992,56437.13238940248,51493.69249480008,-71.23098181546128,23.269239299526312,626.8863663407626,384.79950167094864,33658,35334,0,0,0.8180242983157827,0.74637193435181,-0.0010324527744587962,0.000337274456451854,0.009086363148492036,0.005577451033032071
1,registered_style,inactive,identity,000223,78400,62602.7908294081,57986.7189142704,788.4173374319953,31.354802091834774,839.610911975838,303.3775742092237,55263,23137,0,0,0.7985049850689808,0.7396265167636531,0.010056343589693817,0.00039993370015095376,0.010709322856834668,0.003869611915933976
1,registered_style,inactive,identity,000225,37632,29621.957339770976,28085.88907550089,1021.190732682908,44.72860999882629,542.8401779022636,79.47727657526423,33431,4201,0,0,0.7871481010780977,0.7463299605522133,0.02713623333022183,0.0011885791347477225,0.01442496221041304,0.002111959943007659
1,registered_style,inactive,identity,000228,75264,58405.34745811875,52409.97724934667,-953.2455934310897,39.74656227223132,461.79600001369107,528.0404607569216,19516,55748,0,0,0.7760064234975387,0.6963485497627906,-0.012665359181429232,0.0005280952682853864,0.006135682398141091,0.007015843706910629
1,registered_style,inactive,identity,000229,40768,35144.61662080721,31413.057348360366,-697.5299536834748,24.738800464175636,293.57931353568694,357.7183218537851,6936,33832,0,0,0.8620637907380104,0.7705322151775993,-0.017109741799535783,0.0006068190851691433,0.007201219425424032,0.00877448787906655
1,registered_style,inactive,identity,000233,100352,80110.8883221341,71874.24910653243,-1320.6786136120277,59.15116965703621,664.8762853191033,738.9213153372467,26469,73883,0,0,0.7982988711947355,0.7162213917663068,-0.013160461312300977,0.000589436878757137,0.006625441299815682,0.007363294357235
1,registered_style,inactive,identity,000235,94080,73309.61236143683,67037.38765803614,56.58279652497871,38.180968443124165,808.1609800368133,477.5716098569662,48914,45166,0,0,0.7792263218690139,0.7125572667733433,0.0006014327861923758,0.00040583512375769735,0.008590146471479734,0.005076228846268773
1,registered_style,inactive,identity,000237,59584,47860.62882853055,44644.71270743804,915.8845653956116,35.50857869760516,720.1309880357803,197.48997541732945,47990,11594,0,0,0.803246321638872,0.7492735081135546,0.01537131722267071,0.0005959415060688299,0.012085979256776657,0.0033144799848504537
1,registered_style,inactive,identity,000238,72128,59661.160586343205,55304.41313113365,793.7913133154269,39.66897116919662,851.8381497314165,299.281722613698,49175,22953,0,0,0.8271567295134096,0.7667537312989914,0.011005314348317254,0.0005499801903448954,0.01181008969791782,0.004149314033575005
1,registered_style,inactive,identity,000247,78400,58817.01609137503,53551.5842695022,-187.76791707562336,27.24940883499103,586.0121004875052,387.51222410754076,36252,42148,0,0,0.7502170419818244,0.683055921804875,-0.0023949989422911142,0.00034756899024223254,0.00747464413887124,0.004942757960555367
1,registered_style,inactive,identity,000248,68992,52695.365073573776,47476.512739876285,-669.6696147286254,30.73553158705473,440.8783350282906,431.8119772707841,21842,47150,0,0,0.7637894983994343,0.6881451869764071,-0.009706482124429289,0.00044549413826320053,0.006390281989626197,0.006258870264244899
1,registered_style,inactive,identity,000250,50176,37303.079875209136,34082.42071997514,-0.2900374627854898,15.907489121011942,383.48829710701364,235.11555279689813,26147,24029,0,0,0.7434446722578352,0.6792574282520556,-5.78040223982561e-06,0.0003170338233620046,0.007642863064154449,0.004685816980167772
1,registered_style,inactive,identity,000251,81536,61537.21818783032,55516.273992531,-708.4456641166714,34.80996730550897,530.647175994953,480.4196864163095,25260,56276,0,0,0.7547245166286097,0.6808805189429332,-0.008688746861713493,0.00042692758174927604,0.006508133536044852,0.00589211742563174
1,registered_style,inactive,identity,000259,65856,48603.79623658693,44470.73280740157,62.89478473065559,20.373575724189557,512.0500064091038,283.85635363535823,36037,29819,0,0,0.7380314054389415,0.6752723033193873,0.0009550349965174865,0.0003093655205932574,0.007775297716367587,0.004310258042325046
1,registered_style,inactive,identity,000261,106624,83951.53281533305,77642.03418402956,938.0242159380664,53.44878359903517,1106.8548450779244,432.464396821858,71849,34775,0,0,0.7873605643694951,0.7281853446131223,0.008797496022828503,0.0005012828593847086,0.01038091653922123,0.004055976110649178
1,registered_style,inactive,identity,000262,65856,49658.043576289114,45068.63391427696,-302.43843826887985,25.03504361266679,473.492668767285,353.0868681796697,26192,39664,0,0,0.7540397773367516,0.6843512195438071,-0.004592420406172252,0.0003801482569950618,0.007189818221077579,0.0053614988486951785
1,registered_style,inactive,identity,000264,116032,92416.41532051974,84818.98813482001,380.86765936235406,45.837297315101814,1088.620243806872,558.4249875879477,66010,50022,0,0,0.7964735186889801,0.7309965193637963,0.003282436391360608,0.00039504013819551345,0.009382069117199323,0.004812680877585043
1,registered_style,inactive,identity,000265,34496,26233.620233581983,24044.44148057513,75.56562547837548,13.420898728565364,293.858396769715,158.33090595688563,18053,16443,0,0,0.7604829613167319,0.6970211468163013,0.0021905619630790667,0.0003890566653688939,0.008518622355337286,0.004589833776579477
1,registered_style,inactive,identity,000267,87808,71150.37548002135,63728.0592310708,-1279.9153351331845,52.35283412925809,577.8973182697601,670.7305770768169,19416,68392,0,0,0.8102949102589895,0.725765980674549,-0.01457629527074053,0.0005962194120041237,0.006581374342540089,0.007638604421884303
1,registered_style,inactive,identity,000268,31360,23388.86795044382,21835.63667870313,465.9260820008914,16.876103820986827,334.90446424272295,86.21852870465993,24857,6503,0,0,0.7458184933177238,0.6962894349076253,0.014857336798497814,0.0005381410657202433,0.010679351538352136,0.0027493153285924722
1,registered_style,inactive,identity,000296,62720,51474.76046031265,47282.33778135874,251.3854324837544,31.41254704625311,632.8078444035599,326.87095250428723,36503,26217,0,0,0.8207072777473319,0.7538638039119697,0.0040080585536312885,0.0005008378036711274,0.010089410784495535,0.005211590441713763
1,registered_style,inactive,identity,000297,62720,49677.91736051638,45525.54705729836,136.31662124468346,19.751118092875515,571.7873822258746,306.13445273092975,34727,27993,0,0,0.7920586313857841,0.7258537477247825,0.00217341551729406,0.00031490940836855093,0.009116508007427847,0.004880970228490589
1,registered_style,inactive,identity,000301,90944,77851.4100985651,71878.18564011925,747.6757378668306,39.454276450432836,1087.348303153783,435.0285381793175,58912,32032,0,0,0.8560367929557211,0.7903565451279826,0.008221276146494882,0.00043383045006193744,0.011956240138478437,0.004783477064779617
1,registered_style,inactive,identity,000302,59584,45940.85529302346,41961.04667028156,-13.74168873597268,19.519232055482576,486.94697507609874,295.3847953305347,31005,28579,0,0,0.7710267067169619,0.7042334631827598,-0.00023062716057956298,0.00032759183766585954,0.00817244520468748,0.004957451586508705
1,registered_style,inactive,identity,000304,68992,54209.46890106145,50017.759467200376,488.1856344218985,30.136132739503932,680.7391033015709,291.12836107234307,44878,24114,0,0,0.7857355766039752,0.7249791202922132,0.007075974524899967,0.00043680619114540715,0.009866928097483345,0.004219740855060631
1,registered_style,inactive,identity,000305,56448,44716.01057234185,41986.195243468974,1130.5109497838462,44.6203414759379,716.6957717680092,165.49468363479775,46319,10129,0,0,0.7921628857061694,0.7438030619945609,0.02002747572604603,0.000790468067530079,0.01269656625155912,0.0029318077457978625
1,registered_style,inactive,identity,000307,81536,66667.62238828454,60874.35772907594,-37.859126671171495,30.762574365189973,757.9537651970093,452.3926478865576,40424,41112,0,0,0.8176464676742119,0.7465948504841535,-0.00046432406141056094,0.0003772882452559602,0.00929594001664307,0.005548379217603974
1,registered_style,inactive,identity,000308,59584,46908.763829317526,42699.56398664997,-159.5735143827681,22.33345588797389,490.4153167112168,326.66842495275665,25855,33729,0,0,0.7872711437519725,0.7166280207211663,-0.0026781269196893146,0.0003748230378620752,0.008230654482935298,0.005482485649717318
1,registered_style,inactive,identity,000310,59584,48340.191814894846,44185.41227506334,18.42174511872815,23.239286340149764,549.0734830385826,321.96468856024256,31920,27664,0,0,0.8112948411468657,0.7415650556368042,0.00030917268257801004,0.000390025616610999,0.009215116189557308,0.005403542705428346
1,registered_style,inactive,identity,000311,50176,40673.67818640772,38345.863167697564,1183.5373301000932,49.09839537323861,707.4539502562614,132.84462665607427,43951,6225,0,0,0.8106201806921182,0.7642271836674419,0.023587717835221882,0.000978523504728129,0.014099448944839393,0.002647573075894337
1,registered_style,inactive,identity,000313,75264,59754.480414731894,55345.38865978271,749.5032999313429,36.76567455650857,796.4588933612958,302.4233152031392,52308,22956,0,0,0.7939317657144438,0.7353500831710075,0.009958324031825878,0.0004884895110080327,0.010582202558478101,0.004018166921810417
1,registered_style,inactive,identity,000314,125440,104969.84677216929,94894.87853195774,-1012.9375989580974,48.526259688019366,1011.546302433731,875.3765421373708,41862,83578,0,0,0.836813191742421,0.7564961617662448,-0.008075076522306261,0.0003868483712373993,0.008063985191595431,0.006978448199436949
1,registered_style,inactive,identity,000316,65856,50982.40146675246,46670.94548568223,89.846854582631,23.40303912208172,564.2463031594871,315.7948563576071,35278,30578,0,0,0.7741496821360614,0.7086817523943487,0.0013642926169617194,0.00035536684769924866,0.008567879967800764,0.0047952328771502534
1,registered_style,inactive,identity,000317,68992,54088.42289111501,50142.31848064996,723.3407744955564,32.734204061794266,731.2465556742678,260.5175121018531,49396,19596,0,0,0.7839810831852245,0.7267845327088642,0.010484415214743106,0.0004744637648103297,0.010599005039341776,0.0037760539207712935
1,registered_style,inactive,identity,000319,68992,55886.437190670404,50499.612562319264,-562.1571469214606,26.390909573097563,519.5551610391227,454.6406596531134,23248,45744,0,0,0.810042283028038,0.7319633082432639,-0.008148149740860687,0.00038252130063047253,0.0075306580623713286,0.006589759097476713
1,registered_style,inactive,identity,000320,65856,50217.21849156899,46364.63543079235,482.66164694232197,26.314461603446464,618.4779586629644,259.9030900312297,44194,21662,0,0,0.7625306500784892,0.7040305428631005,0.007329045902306881,0.0003995757653584558,0.009391368419930825,0.0039465362310378655
1,registered_style,inactive,identity,000322,28224,23297.47874086199,20925.402475082316,-360.80852837056125,14.270028373016084,199.6180129388584,213.31078791569234,7067,21157,0,0,0.8254492184262326,0.7414045661522929,-0.012783748879342447,0.0005055990778421232,0.007072633678389258,0.007557780184087739
1,registered_style,inactive,identity,000323,31360,24388.960781709873,21936.620388254523,-346.84518022635524,14.674384886404036,201.51943671940012,207.10343002644095,8493,22867,0,0,0.7777092086004423,0.6995095787070957,-0.011060114165381225,0.00046793319153074094,0.0064260024464094425,0.006604063457475795
1,registered_style,inactive,identity,000325,87808,68163.65298912962,63263.27440818446,984.1790420448216,40.63122708735482,919.6818651464184,321.34096860036914,63246,24562,0,0,0.7762806690635207,0.7204727861719258,0.011208307239030858,0.00046272807816320635,0.010473782174134685,0.0036595864682075568
1,registered_style,inactive,identity,000326,78400,61273.036197891866,56758.18899926962,774.8445422172181,34.530247564392155,797.6509509679483,306.0615295793391,56457,21943,0,0,0.7815438290547432,0.7239564923376227,0.00988322120175023,0.00044043683117847137,0.010174119272550361,0.0039038460405527945
1,registered_style,inactive,identity,000328,72128,58212.7247212308,51908.08209274663,-1279.1471042351216,49.26940533697496,431.7518727030617,592.3816389892437,13210,58918,0,0,0.8070752651013587,0.7196661780826673,-0.01773440417362358,0.0006830829266994088,0.0059859121659142315,0.008212922013493286
1,registered_style,inactive,cross_camera,000009,0,0.0,0.0,0.0,0.0,0.0,0.0,0,0,0,0,,,,,,
1,registered_style,inactive,cross_camera,000013,0,0.0,0.0,0.0,0.0,0.0,0.0,0,0,0,0,,,,,,
1,registered_style,inactive,cross_camera,000015,0,0.0,0.0,0.0,0.0,0.0,0.0,0,0,0,0,,,,,,
1,registered_style,inactive,cross_camera,000018,0,0.0,0.0,0.0,0.0,0.0,0.0,0,0,0,0,,,,,,
1,registered_style,inactive,cross_camera,000019,0,0.0,0.0,0.0,0.0,0.0,0.0,0,0,0,0,,,,,,
1,registered_style,inactive,cross_camera,000021,0,0.0,0.0,0.0,0.0,0.0,0.0,0,0,0,0,,,,,,
1,registered_style,inactive,cross_camera,000022,0,0.0,0.0,0.0,0.0,0.0,0.0,0,0,0,0,,,,,,
1,registered_style,inactive,cross_camera,000024,0,0.0,0.0,0.0,0.0,0.0,0.0,0,0,0,0,,,,,,
1,registered_style,inactive,cross_camera,000025,0,0.0,0.0,0.0,0.0,0.0,0.0,0,0,0,0,,,,,,
1,registered_style,inactive,cross_camera,000027,0,0.0,0.0,0.0,0.0,0.0,0.0,0,0,0,0,,,,,,
1,registered_style,inactive,cross_camera,000028,0,0.0,0.0,0.0,0.0,0.0,0.0,0,0,0,0,,,,,,
1,registered_style,inactive,cross_camera,000030,0,0.0,0.0,0.0,0.0,0.0,0.0,0,0,0,0,,,,,,
1,registered_style,inactive,cross_camera,000031,0,0.0,0.0,0.0,0.0,0.0,0.0,0,0,0,0,,,,,,
1,registered_style,inactive,cross_camera,000033,0,0.0,0.0,0.0,0.0,0.0,0.0,0,0,0,0,,,,,,
1,registered_style,inactive,cross_camera,000034,0,0.0,0.0,0.0,0.0,0.0,0.0,0,0,0,0,,,,,,
1,registered_style,inactive,cross_camera,000036,0,0.0,0.0,0.0,0.0,0.0,0.0,0,0,0,0,,,,,,
1,registered_style,inactive,cross_camera,000037,0,0.0,0.0,0.0,0.0,0.0,0.0,0,0,0,0,,,,,,
1,registered_style,inactive,cross_camera,000039,0,0.0,0.0,0.0,0.0,0.0,0.0,0,0,0,0,,,,,,
1,registered_style,inactive,cross_camera,000040,0,0.0,0.0,0.0,0.0,0.0,0.0,0,0,0,0,,,,,,
1,registered_style,inactive,cross_camera,000042,0,0.0,0.0,0.0,0.0,0.0,0.0,0,0,0,0,,,,,,
1,registered_style,inactive,cross_camera,000043,0,0.0,0.0,0.0,0.0,0.0,0.0,0,0,0,0,,,,,,
1,registered_style,inactive,cross_camera,000045,0,0.0,0.0,0.0,0.0,0.0,0.0,0,0,0,0,,,,,,
1,registered_style,inactive,cross_camera,000046,0,0.0,0.0,0.0,0.0,0.0,0.0,0,0,0,0,,,,,,
1,registered_style,inactive,cross_camera,000048,0,0.0,0.0,0.0,0.0,0.0,0.0,0,0,0,0,,,,,,
1,registered_style,inactive,cross_camera,000049,0,0.0,0.0,0.0,0.0,0.0,0.0,0,0,0,0,,,,,,
1,registered_style,inactive,cross_camera,000051,0,0.0,0.0,0.0,0.0,0.0,0.0,0,0,0,0,,,,,,
1,registered_style,inactive,cross_camera,000058,0,0.0,0.0,0.0,0.0,0.0,0.0,0,0,0,0,,,,,,
1,registered_style,inactive,cross_camera,000114,0,0.0,0.0,0.0,0.0,0.0,0.0,0,0,0,0,,,,,,
1,registered_style,inactive,cross_camera,000127,0,0.0,0.0,0.0,0.0,0.0,0.0,0,0,0,0,,,,,,
1,registered_style,inactive,cross_camera,000149,0,0.0,0.0,0.0,0.0,0.0,0.0,0,0,0,0,,,,,,
1,registered_style,inactive,cross_camera,000150,0,0.0,0.0,0.0,0.0,0.0,0.0,0,0,0,0,,,,,,
1,registered_style,inactive,cross_camera,000152,0,0.0,0.0,0.0,0.0,0.0,0.0,0,0,0,0,,,,,,
1,registered_style,inactive,cross_camera,000153,0,0.0,0.0,0.0,0.0,0.0,0.0,0,0,0,0,,,,,,
1,registered_style,inactive,cross_camera,000155,0,0.0,0.0,0.0,0.0,0.0,0.0,0,0,0,0,,,,,,
1,registered_style,inactive,cross_camera,000159,43344,35179.785074872896,31460.766206005588,-681.9534629022445,28.249108507066698,281.1803278195844,347.0688540442656,8977,34367,0,0,0.8116414053818959,0.7258390136121629,-0.015733514740269575,0.000651742075190723,0.006487179951540799,0.008007310216968107
1,registered_style,inactive,cross_camera,000181,0,0.0,0.0,0.0,0.0,0.0,0.0,0,0,0,0,,,,,,
1,registered_style,inactive,cross_camera,000183,0,0.0,0.0,0.0,0.0,0.0,0.0,0,0,0,0,,,,,,
1,registered_style,inactive,cross_camera,000184,0,0.0,0.0,0.0,0.0,0.0,0.0,0,0,0,0,,,,,,
1,registered_style,inactive,cross_camera,000186,0,0.0,0.0,0.0,0.0,0.0,0.0,0,0,0,0,,,,,,
1,registered_style,inactive,cross_camera,000187,0,0.0,0.0,0.0,0.0,0.0,0.0,0,0,0,0,,,,,,
1,registered_style,inactive,cross_camera,000189,0,0.0,0.0,0.0,0.0,0.0,0.0,0,0,0,0,,,,,,
1,registered_style,inactive,cross_camera,000190,0,0.0,0.0,0.0,0.0,0.0,0.0,0,0,0,0,,,,,,
1,registered_style,inactive,cross_camera,000195,54880,41494.08056482603,37886.07655946794,-25.82644607077623,21.097628735177683,436.16683740495654,267.85856456986056,27149,27731,0,0,0.7560874738488708,0.6903439606317044,-0.0004705985071205581,0.0003844320104806429,0.00794764645417195,0.004880804747993086
1,registered_style,inactive,cross_camera,000197,0,0.0,0.0,0.0,0.0,0.0,0.0,0,0,0,0,,,,,,
1,registered_style,inactive,cross_camera,000198,38640,30136.994134202367,26796.81391401263,-738.4581764092086,26.47527568826333,205.29991153895787,310.79668525523294,5058,33582,0,0,0.7799429123758377,0.6934993248968072,-0.01911123644951368,0.0006851779422428398,0.005313144708565162,0.008043392475549508
1,registered_style,inactive,cross_camera,000201,56560,43181.490870623034,39952.55464971624,498.9152091701804,25.345750711916708,549.6489991139501,213.38699293504152,37588,18972,0,0,0.7634634170902234,0.7063747286017723,0.008820990261141803,0.0004481214765190366,0.009717980889567717,0.003772754471977396
1,registered_style,inactive,cross_camera,000204,39984,30161.196522900835,27863.5508381112,306.165747465026,18.25579898044999,372.62404193667476,155.67854757936783,26023,13961,0,0,0.7543316457308132,0.696867517959964,0.007657206569253352,0.0004565776055534711,0.00931932877992884,0.003893521097923365
1,registered_style,inactive,cross_camera,000212,46816,37001.41542985465,33888.63479779335,81.54584078624416,19.695888799031927,423.57911305157506,233.99786199495,25496,21320,0,0,0.7903583268509623,0.7238686516958592,0.0017418369956050102,0.00042070849280228823,0.009047742503664882,0.004998245514246198
1,registered_style,inactive,cross_camera,000213,25312,18163.758908099728,16251.112524822354,-344.5718852475202,13.232199844117542,129.28130561188806,157.54516780711674,5572,19740,0,0,0.717594773550084,0.642031942352337,-0.013612985352699123,0.0005227639002890938,0.005107510493516437,0.006224129575186344
1,registered_style,inactive,cross_camera,000214,0,0.0,0.0,0.0,0.0,0.0,0.0,0,0,0,0,,,,,,
1,registered_style,inactive,cross_camera,000216,0,0.0,0.0,0.0,0.0,0.0,0.0,0,0,0,0,,,,,,
1,registered_style,inactive,cross_camera,000218,0,0.0,0.0,0.0,0.0,0.0,0.0,0,0,0,0,,,,,,
1,registered_style,inactive,cross_camera,000220,41328,29468.83870685249,27518.8552881442,594.0568703402733,24.074721257289507,400.98729380619426,113.4485106185516,31138,10190,0,0,0.7130477813311191,0.6658646749938105,0.014374198372538553,0.0005825280985600443,0.009702557438206404,0.002745076234479084
1,registered_style,inactive,cross_camera,000222,0,0.0,0.0,0.0,0.0,0.0,0.0,0,0,0,0,,,,,,
1,registered_style,inactive,cross_camera,000223,0,0.0,0.0,0.0,0.0,0.0,0.0,0,0,0,0,,,,,,
1,registered_style,inactive,cross_camera,000225,0,0.0,0.0,0.0,0.0,0.0,0.0,0,0,0,0,,,,,,
1,registered_style,inactive,cross_camera,000228,37072,27498.9794000932,24714.090170301497,-410.9065901132067,18.070251307442867,214.39871271538414,233.2815632660613,10807,26265,0,0,0.7417722108354877,0.6666511159446886,-0.01108401462325223,0.00048743664510797545,0.005783305802637682,0.006292661935316716
1,registered_style,inactive,cross_camera,000229,0,0.0,0.0,0.0,0.0,0.0,0.0,0,0,0,0,,,,,,
1,registered_style,inactive,cross_camera,000233,52080,40060.68784164806,35959.25034161424,-643.0045129052259,29.618909532646164,325.0126428712011,354.92680168924113,14505,37575,0,0,0.7692144362835649,0.6904617961139448,-0.012346476822296963,0.000568719461072315,0.006240642144224291,0.006815030754401712
1,registered_style,inactive,cross_camera,000235,50400,38244.84833633993,34971.231382850034,28.05488991315009,20.644928130378457,411.5857459180776,244.171943695533,26191,24209,0,0,0.7588263558797604,0.6938736385486117,0.0005566446411339304,0.0004096215898884614,0.008166383847580904,0.004844681422530417
1,registered_style,inactive,cross_camera,000237,0,0.0,0.0,0.0,0.0,0.0,0.0,0,0,0,0,,,,,,
1,registered_style,inactive,cross_camera,000238,0,0.0,0.0,0.0,0.0,0.0,0.0,0,0,0,0,,,,,,
1,registered_style,inactive,cross_camera,000247,0,0.0,0.0,0.0,0.0,0.0,0.0,0,0,0,0,,,,,,
1,registered_style,inactive,cross_camera,000248,0,0.0,0.0,0.0,0.0,0.0,0.0,0,0,0,0,,,,,,
1,registered_style,inactive,cross_camera,000250,25200,18204.580351098906,16626.892575505655,-6.089168701148617,8.129660190005747,181.17918744827236,112.6979411057426,13104,12096,0,0,0.7224039821864645,0.6597973244248276,-0.0002416336786170086,0.00032260556309546615,0.007189650295566364,0.00447214052006915
1,registered_style,inactive,cross_camera,000251,42672,31238.695776874403,28224.331085182726,-317.5329154459559,17.33212937752073,269.08438589981733,230.89545750258628,14257,28415,0,0,0.7320654240924823,0.6614250816737609,-0.007441247549820864,0.00040617101090927846,0.006305877059894482,0.005410935918227088
1,registered_style,inactive,cross_camera,000259,0,0.0,0.0,0.0,0.0,0.0,0.0,0,0,0,0,,,,,,
1,registered_style,inactive,cross_camera,000261,50064,37345.79864087759,34529.514694097685,407.77307542622566,24.615188085818744,466.2658828776376,186.40849653335607,33245,16819,0,0,0.7459611425550813,0.6897074683225008,0.008145035862620359,0.0004916744184607451,0.009313396510019925,0.003723403973580938
1,registered_style,inactive,cross_camera,000262,0,0.0,0.0,0.0,0.0,0.0,0.0,0,0,0,0,,,,,,
1,registered_style,inactive,cross_camera,000264,0,0.0,0.0,0.0,0.0,0.0,0.0,0,0,0,0,,,,,,
1,registered_style,inactive,cross_camera,000265,0,0.0,0.0,0.0,0.0,0.0,0.0,0,0,0,0,,,,,,
1,registered_style,inactive,cross_camera,000267,0,0.0,0.0,0.0,0.0,0.0,0.0,0,0,0,0,,,,,,
1,registered_style,inactive,cross_camera,000268,0,0.0,0.0,0.0,0.0,0.0,0.0,0,0,0,0,,,,,,
1,registered_style,inactive,cross_camera,000296,0,0.0,0.0,0.0,0.0,0.0,0.0,0,0,0,0,,,,,,
1,registered_style,inactive,cross_camera,000297,0,0.0,0.0,0.0,0.0,0.0,0.0,0,0,0,0,,,,,,
1,registered_style,inactive,cross_camera,000301,0,0.0,0.0,0.0,0.0,0.0,0.0,0,0,0,0,,,,,,
1,registered_style,inactive,cross_camera,000302,0,0.0,0.0,0.0,0.0,0.0,0.0,0,0,0,0,,,,,,
1,registered_style,inactive,cross_camera,000304,0,0.0,0.0,0.0,0.0,0.0,0.0,0,0,0,0,,,,,,
1,registered_style,inactive,cross_camera,000305,0,0.0,0.0,0.0,0.0,0.0,0.0,0,0,0,0,,,,,,
1,registered_style,inactive,cross_camera,000307,0,0.0,0.0,0.0,0.0,0.0,0.0,0,0,0,0,,,,,,
1,registered_style,inactive,cross_camera,000308,0,0.0,0.0,0.0,0.0,0.0,0.0,0,0,0,0,,,,,,
1,registered_style,inactive,cross_camera,000310,0,0.0,0.0,0.0,0.0,0.0,0.0,0,0,0,0,,,,,,
1,registered_style,inactive,cross_camera,000311,0,0.0,0.0,0.0,0.0,0.0,0.0,0,0,0,0,,,,,,
1,registered_style,inactive,cross_camera,000313,0,0.0,0.0,0.0,0.0,0.0,0.0,0,0,0,0,,,,,,
1,registered_style,inactive,cross_camera,000314,0,0.0,0.0,0.0,0.0,0.0,0.0,0,0,0,0,,,,,,
1,registered_style,inactive,cross_camera,000316,0,0.0,0.0,0.0,0.0,0.0,0.0,0,0,0,0,,,,,,
1,registered_style,inactive,cross_camera,000317,0,0.0,0.0,0.0,0.0,0.0,0.0,0,0,0,0,,,,,,
1,registered_style,inactive,cross_camera,000319,0,0.0,0.0,0.0,0.0,0.0,0.0,0,0,0,0,,,,,,
1,registered_style,inactive,cross_camera,000320,0,0.0,0.0,0.0,0.0,0.0,0.0,0,0,0,0,,,,,,
1,registered_style,inactive,cross_camera,000322,0,0.0,0.0,0.0,0.0,0.0,0.0,0,0,0,0,,,,,,
1,registered_style,inactive,cross_camera,000323,0,0.0,0.0,0.0,0.0,0.0,0.0,0,0,0,0,,,,,,
1,registered_style,inactive,cross_camera,000325,0,0.0,0.0,0.0,0.0,0.0,0.0,0,0,0,0,,,,,,
1,registered_style,inactive,cross_camera,000326,0,0.0,0.0,0.0,0.0,0.0,0.0,0,0,0,0,,,,,,
1,registered_style,inactive,cross_camera,000328,0,0.0,0.0,0.0,0.0,0.0,0.0,0,0,0,0,,,,,,
2,original,all,identity,000009,188160,150731.80945014895,142910.77731454,3158.5206336721894,133.75201020637948,2776.265051577919,424.64849530569603,150995,37165,0,0,0.8010831709723052,0.759517311408057,0.016786355408546925,0.0007108418909777821,0.0147548100105119,0.002256847870459694
2,original,all,identity,000011,188160,147101.77305858646,140211.4621934034,3824.8240863795595,139.36068999479807,2852.325908200852,311.43464911222367,164226,23934,0,0,0.7817908857280318,0.7451714614870504,0.020327508962476402,0.0007406499255675918,0.015159045005319154,0.0016551586368634336
2,original,all,identity,000015,62720,49800.936334802944,46613.30431807053,439.9500473468874,28.74993021898595,772.3007805273069,193.021377848706,40817,21903,0,0,0.7940200308482612,0.7431968162957674,0.0070145096834644035,0.0004583853670118933,0.012313469077284867,0.0030775092131490114
2,original,all,identity,000017,125440,97359.45059150667,93471.07690582238,3203.448732271906,129.95619353505538,2042.6869955127563,172.3974315518508,111450,13990,0,0,0.7761435793328019,0.7451457023742218,0.025537697164157415,0.0010360028183598164,0.01628417566575858,0.0013743417693865656
2,original,all,identity,000019,188160,149208.70578752703,139019.15564113366,679.0572484651807,70.35810185563854,2161.8246041848756,652.5272947636147,108422,79738,0,0,0.792988444874187,0.7388347982628277,0.003608935206553894,0.0003739269869028409,0.011489288925302273,0.0034679384288032245
2,original,all,identity,000020,188160,151115.24076010758,143649.36014919105,3541.601925256185,127.14076118792553,2880.6646104325373,386.5457667546389,160455,27705,0,0,0.8031209649240412,0.7634426028337109,0.018822289143580917,0.0006757055760412709,0.01530965460476476,0.002054346124333753
2,original,all,identity,000022,188160,148422.86194342712,135043.76414885838,-2567.732557063615,104.2449559365043,1517.7677324371898,1046.9604492103383,45464,142696,0,0,0.788811978866003,0.7177070798727593,-0.013646537824530265,0.0005540229375877142,0.00806636762562282,0.005564203067656985
2,original,all,identity,000023,188160,146853.40678349638,137617.25524380605,1460.8920041368747,83.24042608622813,2295.6892094802547,546.2579744618407,121464,66696,0,0,0.7804709119020854,0.7313842221715883,0.007764094409741043,0.0004423917202711954,0.012200729217050673,0.0029031567520293408
2,original,all,identity,000025,188160,159235.75325030833,147623.4620690674,-13.297166999936776,61.91129448105409,2269.279616005164,802.8514505627343,95187,92973,0,0,0.846278450522472,0.7845634676289722,-7.066946747415379e-05,0.00032903536607703065,0.012060372108870981,0.0042668550731437835
2,original,all,identity,000026,188160,156327.24795734638,142565.59998446435,-2374.5142651038896,110.39940973303837,1788.9419068606333,1097.6171526591302,50342,137818,0,0,0.8308208331066453,0.7576828230466855,-0.012619654895322543,0.0005867315568294982,0.009507556902958297,0.005833424493298949
2,original,all,identity,000028,188160,149246.94832312636,138382.10410738993,6.548828277225297,79.97391232627034,2025.9438953874626,753.351260290573,95592,92568,0,0,0.7931916896424658,0.7354491077135944,3.480457205158002e-05,0.00042503142180203197,0.010767133797765002,0.0040037800823266
2,original,all,identity,000029,188160,144143.84805227732,132726.96273271856,-917.2104876140025,79.75913760300489,1722.1068422526769,796.0836341888629,74885,113275,0,0,0.7660706210261337,0.7053941471764379,-0.004874630567676459,0.0004238899745057658,0.0091523535408837,0.004230886661292851
2,original,all,identity,000031,188160,149953.14766474284,139126.01743716444,95.70353731026825,60.55044853605479,2039.5955535202309,720.7389931231354,98744,89416,0,0,0.7969448749189139,0.7394027287264267,0.0005086284933581433,0.00032180297903940683,0.010839687252977417,0.003830458084200337
2,original,all,identity,000032,188160,146809.66149529154,136625.1099860734,509.30555590887667,60.463703910842966,2057.0177122979367,630.1866134432389,103233,84927,0,0,0.7802384220625613,0.72611134133755,0.0027067684731551696,0.000321341963811878,0.010932279508386144,0.0033492060663437443
2,original,all,identity,000034,188160,145223.41270419594,136205.2159642747,1560.1153558288897,101.78404144006787,2298.6701232790074,531.6450278969019,121381,66779,0,0,0.7718081032323338,0.7238797617148953,0.008291429399600817,0.0005409440977894763,0.01221657165858316,0.0028254944084656775
2,original,all,identity,000035,188160,150530.40052315657,136282.68870955124,-3282.830001636942,120.47831131449153,1425.4053622089536,1178.5283161218288,30949,157211,0,0,0.8000127578824222,0.7242915003696387,-0.017447013188971842,0.0006402971477173232,0.00757549618520915,0.006263437054218903
2,original,all,identity,000037,188160,149715.58314233943,139560.5812474545,750.527279689651,87.91937975016619,2227.0874556682993,649.3637190072133,107289,80871,0,0,0.795682308367025,0.7417122727862165,0.003988771682024081,0.0004672586083661043,0.011836136562862986,0.003451125207308744
2,original,all,identity,000038,188160,155835.02347838727,146305.66467096575,1821.9204602037496,84.67675147091995,2595.28791044188,578.3392057843968,132554,55606,0,0,0.828204844166599,0.7775598675115102,0.009682825575062445,0.00045002525229017833,0.01379298421790965,0.0030736564933269385
2,original,all,identity,000040,188160,155207.21073029732,144874.00019308063,972.3378178558471,68.38795299782262,2402.968497261352,647.684656295923,116993,71167,0,0,0.8248682543064271,0.7699511064683282,0.005167611702040004,0.0003634563828540743,0.012770878493098171,0.0034422016172189784
2,original,all,identity,000041,188160,148499.35874242586,137740.67756821564,58.25621587738565,60.0765688216567,2019.2864733614656,698.5437269455759,96777,91383,0,0,0.7892185307314299,0.7320401656474046,0.00030960999084494924,0.00031928448565931493,0.010731752090569013,0.0037124985488178994
2,original,all,identity,000043,188160,141116.64740535978,130470.62722281291,-366.8516217553534,67.45140431184271,1752.5861678408564,707.6784280013844,85139,103021,0,0,0.7499821822138594,0.6934025681484529,-0.001949679112220203,0.00035847897699746336,0.009314339752555571,0.0037610460671842283
2,original,all,identity,000044,188160,140488.852132691,132489.64970040042,2234.2364888866014,93.08230817882176,2305.703857804638,415.36381985021546,138542,49618,0,0,0.7466456852290126,0.7041329172002573,0.011874130999609914,0.0004946976412564932,0.012253953325917506,0.0022075032942719783
2,original,all,identity,000046,188160,151218.93130931654,140127.51809785655,-76.37768523914956,62.048553329575576,2066.3108053337555,743.4492933806,91397,96763,0,0,0.8036720413973031,0.7447253300268737,-0.0004059188203611265,0.00032976484550157085,0.010981668820863922,0.003951154833017645
2,original,all,identity,000047,188160,159574.65823165863,145763.2197679591,-2187.7580535340126,108.764234793013,1880.719706420871,1115.0556872098377,54546,133614,0,0,0.8480796036971653,0.7746769758076057,-0.011627115505601682,0.000578041213823411,0.009995321568988472,0.005926103779814188
2,original,all,identity,000049,188160,152189.45611047064,140492.108669132,-611.6172932789262,79.02443471299252,1955.970235556903,837.7590534395882,79323,108837,0,0,0.8088300175939128,0.7466629925017644,-0.0032505170773752456,0.0004199853035341864,0.010395249976386602,0.004452375921766519
2,original,all,identity,000050,188160,152003.43006797784,141728.57824968803,797.3278870500778,79.32142520290651,2275.382243940531,652.5185837027252,114459,73701,0,0,0.8078413587796441,0.7532343656977467,0.004237499399713424,0.0004215636968691885,0.012092805293051293,0.0034678921327738373
2,original,all,identity,000058,62720,46056.726893971616,44247.74019831605,1545.8609981218672,56.77253419698108,906.7629935093504,76.72029511547952,56821,5899,0,0,0.7343228139982719,0.7054805516313146,0.02464701846495324,0.0009051743334977851,0.014457318136309795,0.0012232189909993545
2,original,all,identity,000098,188160,147504.5655848097,138312.1929524755,1552.1023889381684,89.58140472027522,2308.7947716722338,541.5991612465355,124743,63417,0,0,0.7839315773002216,0.7350775560824592,0.00824884347862547,0.00047609164923615653,0.012270380376659406,0.002878396902883373
2,original,all,identity,000127,188160,150757.62964508997,141263.14038837195,1486.9442980051738,67.78238775769208,2345.9434708468702,567.8111158781384,132207,55953,0,0,0.8012203956477996,0.7507607376082692,0.007902552604194164,0.0003602380301748091,0.012467811813599438,0.0030177036345564326
2,original,all,identity,000128,188160,154325.08021300272,142511.48748629092,-572.300208541643,91.79676466574801,2069.5233240583266,858.2922322983816,85329,102831,0,0,0.8201800606558393,0.7573952353650666,-0.0030415614824704663,0.0004878654584701744,0.010998742155922229,0.00456150208491912
2,original,all,identity,000150,188160,148813.36168385367,134958.13345551852,-3015.4183478442815,123.88434207071997,1470.099795278073,1119.6123345172791,39323,148837,0,0,0.790887338881025,0.7172519847763527,-0.016025820301043162,0.0006583989268214284,0.00781303037456459,0.0059503206553851995
2,original,all,identity,000151,188160,148979.45478214172,139529.0437104518,1401.4973030996664,74.05363162782538,2337.9607326651894,558.6323152255086,120522,67638,0,0,0.7917700615547498,0.741544662576806,0.007448433796235472,0.00039356734496080666,0.01242538654690258,0.0029689217433328473
2,original,all,identity,000153,188160,155744.799701939,147172.4631782706,2772.370695772964,97.5968685534075,2871.9300162646377,449.2221766549104,149680,38480,0,0,0.8277253385519716,0.7821665772654688,0.014734112966480464,0.0005186908405261879,0.015263233504807811,0.00238744779259625
2,original,all,identity,000154,188160,147008.70042967057,136950.81791565218,650.4728742636968,98.19548426953904,2157.517402808882,647.6457873553215,105450,82710,0,0,0.7812962395284363,0.7278423571197501,0.003457019952506892,0.0005218722590855603,0.011466397761526794,0.0034419950433424826
2,original,all,identity,000159,144256,116255.31317112871,109767.20907489742,1980.1240125400147,82.79084420145423,2063.8434963327136,359.4708868060378,110940,33316,0,0,0.805895859937394,0.7609195393945306,0.01372645860511878,0.0005739161227363453,0.014306812169564618,0.0024918955662574715
2,original,all,identity,000181,188160,154662.26372852176,143987.72850685997,591.318298032048,53.0033557951982,2285.750043225088,674.3832065630428,113965,74195,0,0,0.8219720648837253,0.7652409040543153,0.0031426355125002553,0.00028169300486393604,0.012147906267140136,0.003584094422635219
2,original,all,identity,000182,188160,148117.87451722912,138008.43659965997,679.7115344815076,58.21740479663445,2138.675981618861,624.3729043455523,112506,75654,0,0,0.7871910848067024,0.7334632047175806,0.003612412491929781,0.00030940372447190925,0.011366262657413164,0.0033183083776868213
2,original,all,identity,000184,188160,159063.27837467118,144893.91976269323,-2582.927951187973,104.0121898730108,1781.4475698424524,1162.1597674649172,42766,145394,0,0,0.8453618110898766,0.770056971527919,-0.013727295658949687,0.0005527858730495897,0.009467727305710312,0.0061764443423943305
2,original,all,identity,000185,125440,105620.65134397388,97434.1620395733,-492.9074440929812,42.518446274145916,1414.0185210831942,590.06163416124,53827,71613,0,0,0.8420013659436693,0.7767391744226189,-0.003929427966302465,0.0003389544505273112,0.011272469077512708,0.004703935221310906
2,original,all,identity,000187,62720,49810.67537235387,47192.19984731381,1009.8159465432201,35.42224042303792,906.3869262564848,130.07404760713064,51800,10920,0,0,0.794175308870438,0.7524266557288554,0.01610038180075287,0.000564767863887722,0.014451322166079158,0.00207388468761369
2,original,all,identity,000188,125440,94883.39456163376,88803.96736912336,832.0352341549242,39.277522697298046,1392.400348787634,342.47365198952593,83755,41685,0,0,0.7564046122579222,0.7079397908890575,0.006632933945750352,0.0003131180061965724,0.01110013033153407,0.002730178985885889
2,original,all,identity,000190,62720,52134.07576767629,48155.33463318483,-181.20935896922478,20.967902721705677,708.0344560569497,280.56650225181335,26359,36361,0,0,0.831219320275451,0.7677827588199112,-0.002889179830504222,0.00033430967349658286,0.011288814669275346,0.004473317956821004
2,original,all,identity,000191,97216,70737.53281048249,66397.28549183684,812.3908477416072,45.1837613248699,1069.2437515352767,242.84683531307238,63553,33663,0,0,0.7276326202526588,0.6829872190980584,0.008356554967717322,0.0004647770050698434,0.010998639643014285,0.0024980130360544805
2,original,all,identity,000193,62720,48102.08846973261,44666.808437573025,68.55516090713732,24.474504348686107,652.910648882445,220.8847297942509,31242,31478,0,0,0.7669338085097674,0.7121621243235495,0.0010930350909938986,0.0003902185004573678,0.010409927437538984,0.0035217590847297655
2,original,all,identity,000198,147392,112627.93160147342,106435.29961562622,2011.3716867972466,92.40096102748149,1958.383465245363,320.4566215564771,107606,39786,0,0,0.7641387022462103,0.7221239932671123,0.01364641016335518,0.0006269062162633079,0.013286904752261743,0.0021741792061745354
2,original,all,identity,000200,219520,173543.47622454088,162973.16347305325,2070.8793228502777,93.44616857283252,2794.8432499846663,605.9854636461477,151542,67978,0,0,0.7905588384864289,0.7424069035762265,0.009433670384704253,0.00042568407695350093,0.01273161101487184,0.0027605022943064305
2,original,all,identity,000204,156800,121349.83823373081,113409.00828565727,898.4917405022659,62.80751696656334,1804.4052755785476,474.2465270633815,94415,62385,0,0,0.7739147846538955,0.7232717365156713,0.005730176916468532,0.0004005581439194091,0.011507686706495839,0.0030245314225980963
2,original,all,identity,000209,153664,113581.25206605747,107516.53862990416,2208.7316661742166,82.5225879207035,1899.9571710479822,299.58034876133496,121465,32199,0,0,0.7391532959317567,0.6996859292345907,0.01437377437899714,0.0005370326681636786,0.012364361015253945,0.0019495805703439646
2,original,all,identity,000213,87808,63116.82852609723,58237.63489627093,-281.6600902243266,22.521666517278675,729.5714578484677,300.4543418730198,37521,50287,0,0,0.718804989592033,0.6632383711765549,-0.0032076814211043025,0.00025648763799743387,0.008308712849039583,0.003421719454639894
2,original,all,identity,000214,62720,50810.75585802196,46954.1956996278,-155.42118032915758,24.393927478093342,674.4721651893209,268.28029136742765,26565,36155,0,0,0.8101204696750951,0.7486319467415147,-0.00247801626800315,0.0003889337926991923,0.010753701613350142,0.004277428114914344
2,original,all,identity,000215,125440,104013.32037323224,95568.84922449046,-867.9699184308338,54.19268242387213,1297.5790738313742,640.9875333442178,45634,79806,0,0,0.8291878218529356,0.7618690148636038,-0.006919403048715193,0.00043202074636377653,0.01034422093296695,0.00510991337168541
2,original,all,identity,000217,100352,75089.28433560734,70216.38577741038,596.7283425735984,34.87787159240209,1090.3986348878877,277.2984738704455,62214,38138,0,0,0.7482589717754239,0.6997009105689013,0.005946352265760507,0.00034755532119342005,0.010865738947782682,0.0027632580702970093
2,original,all,identity,000218,62720,46239.290073916665,42777.318342788145,-93.82583523140137,17.153614048219506,567.188400202966,214.99138086891472,28381,34339,0,0,0.7372335789846407,0.6820363256184334,-0.00149594762805168,0.0002734951219422753,0.00904318240119525,0.003427796251098768
2,original,all,identity,000219,62720,46288.996930511086,43319.59256446082,402.36225898799825,20.928190094680225,663.5315889608555,165.1712291365144,40030,22690,0,0,0.7380260990196282,0.6906822794078575,0.0064152145884566044,0.0003336765002340597,0.010579266405625886,0.00263346985230412
2,original,all,identity,000223,125440,98407.59687925887,92417.13166654878,1177.7059037609201,49.54380643467162,1564.5596875343995,329.8400267603112,88002,37438,0,0,0.7844993373665408,0.7367437154539922,0.009388599360338968,0.00039496019160293065,0.012472574039655609,0.0026294644990458482
2,original,all,identity,000224,125440,101972.0638639828,93643.33408635086,-900.9170268177775,58.287998119221385,1227.4318759270793,623.3800495294388,46605,78835,0,0,0.8129150499360873,0.7465189260710369,-0.007182055379606007,0.0004646683523534868,0.009785011766000313,0.004969547588723204
2,original,all,identity,000228,166208,129953.69725889695,122180.73562435061,1693.0792882167925,55.758528774290674,2078.2440931694673,424.3593117520739,122645,43563,0,0,0.7818739005276337,0.7351074293917899,0.010186509002074464,0.0003354743981895617,0.01250387522363224,0.0025531822280039102
2,original,all,identity,000229,62720,52531.16860105307,48250.33631817624,-454.37561264081126,25.60062090263138,659.4495393090386,323.43756743475507,21417,41303,0,0,0.8375505197871982,0.7692974540525549,-0.007244509130114976,0.0004081731649016483,0.010514182705820132,0.00515684897057964
2,original,all,identity,000230,62720,45678.61628642236,42585.59519912186,234.28440829490228,19.154665860503478,614.3714701916917,177.59752455237,37886,24834,0,0,0.7282942647707646,0.6789795152921215,0.003735401917967192,0.0003053996470105784,0.009795463491576718,0.002831593184827328
2,original,all,identity,000232,153664,123719.14047676028,114309.28684298682,-397.9480752194793,53.07109191427806,1629.9853314380487,656.8472113860837,68988,84676,0,0,0.8051276842771259,0.7438911315792042,-0.00258972872774026,0.00034537101672661166,0.010607463891594966,0.004274567962477117
2,original,all,identity,000235,166208,123396.45007960571,113820.2486886066,-587.8011314037477,59.451036236020045,1459.7168046596448,637.5751566778424,69082,97126,0,0,0.7424218453961645,0.6848060784595603,-0.0035365393446990983,0.0003576905818975022,0.008782470185909491,0.003836007633073272
2,original,all,identity,000238,125440,101154.90124055906,93397.64732818399,-388.9646302812543,41.22368808252237,1300.5883941102381,536.4122455960221,53893,71547,0,0,0.806400679532518,0.7445603262769769,-0.0031008022184411217,0.000328632717494598,0.010368211049985955,0.0042762455803254315
2,original,all,identity,000239,159936,129624.21606442856,122287.34733180354,2105.172238340628,80.68298820132013,2298.944645037127,394.5730168405855,120817,39119,0,0,0.8104755406189261,0.7646017615283834,0.013162591526239421,0.0005044704644440284,0.014374153692959227,0.00246706818252667
2,original,all,identity,000242,188160,143584.32851510996,134111.37464595772,985.9646399819457,65.12377000331993,2074.767254163226,546.9009431045293,112759,75401,0,0,0.7630969840301337,0.7127517785180576,0.005240033163169354,0.0003461084715312496,0.011026611682415104,0.0029065738897987316
2,original,all,identity,000248,125440,97064.16933438557,91194.96207472426,1201.106386150716,49.39108934521504,1518.776338213939,332.2559933309698,90276,35164,0,0,0.7737896152294769,0.7270006542946769,0.009575146573267825,0.0003937427403158087,0.0121075919819351,0.0026487244366308177
2,original,all,identity,000251,156800,119339.66457203013,111060.11625275877,413.34901551626757,52.10169746763947,1626.7688559424819,511.3580699290558,89978,66822,0,0,0.7610947995665187,0.708291557734431,0.002636154435690482,0.0003322812338497415,0.010374801377184195,0.0032612121806699984
2,original,all,identity,000256,125440,96748.57828108984,88322.56169810798,-1378.6911082520537,57.81158525105077,1012.2387307688466,624.8953426767631,34776,90664,0,0,0.7712737426745044,0.7041020543535393,-0.010990841105325683,0.00046087041813656546,0.008069505187889401,0.0049816274129206245
2,original,all,identity,000257,159936,125776.51709987133,114942.36369858816,-1672.3851476409077,69.04704919750944,1357.2428488034939,815.701231444159,45692,114244,0,0,0.7864177989937933,0.7186772440137815,-0.010456589808679145,0.00043171674418210685,0.008486162269929808,0.005100172765632247
2,original,all,identity,000262,125440,94500.28903590416,88999.42006157467,1382.6874161030257,55.31862219505649,1510.2918512305007,296.43243231133613,90736,34704,0,0,0.7533505184622462,0.7094979277867879,0.011022699426841722,0.00044099666928457023,0.012039954171161518,0.0023631412014615445
2,original,all,identity,000263,125440,95789.33727650286,89470.82413882168,658.9396454997064,43.403467175095464,1392.1464063457386,367.9494038283711,76840,48600,0,0,0.7636267321149782,0.713255932229127,0.005253026510680057,0.00034600978296472787,0.011098105917934777,0.0029332701198052542
2,original,all,identity,000265,62720,48686.70989736123,45926.92897074111,786.639052220196,31.214826620639055,806.1479116058995,152.68014040129742,47949,14771,0,0,0.7762549409655808,0.732253331803908,0.012542076725449554,0.0004976853734158013,0.012853123590655284,0.00243431346303089
2,original,all,identity,000266,125440,97795.83370104298,89959.86242227955,-712.3619977936871,46.67593520760873,1171.588556778097,548.9271657302562,48915,76525,0,0,0.7796223987646922,0.7171545154837337,-0.005678906232411409,0.00037209769776473797,0.00933983224472335,0.004376013757415946
2,original,all,identity,000268,62720,50177.38632297283,46839.109450620716,316.72642766394324,25.71708497535658,761.446231447141,206.36297944983303,37001,25719,0,0,0.8000221033637249,0.7467970256795394,0.005049847379846034,0.000410030053816272,0.012140405475879162,0.003290226075411879
2,original,all,identity,000281,125440,92574.11734802701,87033.54255298432,1202.6760834551608,48.7045379341739,1407.1595125235524,294.4671257166776,89333,36107,0,0,0.7379951956953684,0.6938260726481531,0.009587660104074943,0.00038826959450074855,0.011217789481214544,0.0023474738976138197
2,original,all,identity,000297,125440,98788.60847818834,91765.27991930058,172.59606874598018,45.163796894403944,1382.2216785368419,453.72262954564826,64010,61430,0,0,0.7875367385059657,0.7315471932342201,0.0013759252929367043,0.00036004302371176616,0.01101898659547865,0.003617049023801405
2,original,all,identity,000300,125440,94665.25681206002,87896.92808605684,127.24418841416971,36.03815873848587,1245.1224070738651,418.05959511585934,65096,60344,0,0,0.7546656314736927,0.7007089292574684,0.0010143828795772458,0.00028729399504532737,0.009926039597208747,0.0033327454967782156
2,original,all,identity,000302,125440,98436.28301650472,91010.96787924366,-255.05447539955804,36.402783736436454,1295.4590673494108,480.44413547549397,57287,68153,0,0,0.7847280214963706,0.7255338638332562,-0.0020332786623051503,0.00029020076320501,0.010327320371089053,0.003830071233063568
2,original,all,identity,000303,125440,99332.14822721755,92213.52345258347,116.8921817751062,32.825879582614604,1356.744518634897,449.0244893907173,62537,62903,0,0,0.7918698041072828,0.7351205632380697,0.0009318573164469562,0.0002616859022848741,0.010815884236566462,0.0035795957381275292
2,original,all,identity,000305,125440,102599.40907318692,94382.46136445692,-743.438101664081,49.554268846902325,1286.8348412168716,601.4121948637477,45742,79698,0,0,0.8179162075349723,0.7524112034794078,-0.005926643029847585,0.000395043597312678,0.010258568568374295,0.004794421196299009
2,original,all,identity,000306,62720,48611.26036649081,44576.70711200591,-493.6291434951095,28.7636347998449,550.2536021885073,295.3972359317011,20763,41957,0,0,0.7750519828841009,0.7107255598215229,-0.007870362619501107,0.00045860387117099653,0.008773176055301457,0.004709777358604929
2,original,all,identity,000308,125440,98923.86275230593,90328.03158436762,-1390.0543966504645,58.4888848042904,1073.3992910122195,651.5217890975495,33697,91743,0,0,0.7886149772983572,0.7200895375029307,-0.011081428544726279,0.0004662698087076722,0.008557073429625474,0.005193891813596536
2,original,all,identity,000309,125440,101767.04669327725,93236.01619970564,-1118.1515304734125,41.37715728799257,1160.2586875824754,635.6114031780628,37753,87687,0,0,0.8112806656032945,0.743271812816531,-0.008913835542677077,0.0003298561646045326,0.009249511221161315,0.005067055191151648
2,original,all,identity,000311,125440,99804.08874136116,92619.20165594947,85.00679381095371,46.41352992609929,1373.2891223067677,471.69200196833185,62470,62970,0,0,0.7956320849917184,0.7383546050378624,0.0006776689557633427,0.0003700058189261742,0.010947776804103696,0.00376029976058938
2,original,all,identity,000312,125440,100925.0645662249,96581.23311374549,3007.716148456509,118.30732291605216,2119.008669078928,191.8494020403294,112553,12887,0,0,0.8045684356363593,0.7699396772460578,0.02397732898960865,0.0009431387349812831,0.016892607374672578,0.0015294116871837485
2,original,all,identity,000314,188160,162737.79300373793,147937.9106646051,-2945.79399269239,101.10370916208096,1798.8762684792002,1242.9049339277658,33759,154401,0,0,0.8648904815249677,0.7862346442634199,-0.015655792903339658,0.0005373283862780663,0.00956035431802296,0.006605574691367803
2,original,all,identity,000315,125440,98928.96328944346,93003.1697594513,1280.3547728048989,55.47351742261226,1609.5649147211993,342.7946232534473,86569,38871,0,0,0.7886556384681398,0.7414155752507278,0.01020690985973293,0.00044223148455526355,0.012831352955366703,0.0027327377491505682
2,original,all,identity,000317,125440,98788.06795280773,91410.46584886021,-181.7168490709985,32.156004217922884,1291.3200709629652,479.34182670902226,58097,67343,0,0,0.7875324294707249,0.72871863718798,-0.0014486355952726285,0.00025634569689032913,0.01029432454530425,0.003821283695065547
2,original,all,identity,000318,188160,159868.68386476918,147380.53842292028,-843.0477212561003,65.44785077902797,2156.6367938454487,914.4688299214242,75648,112512,0,0,0.8496422399275573,0.7832724193394998,-0.004480483212458016,0.0003478308395994259,0.011461717654365692,0.004860059682830698
2,original,all,identity,000320,125440,95523.86373337498,87772.57013627421,-793.1783431796568,41.79284355350431,1095.005447096949,531.9890870532764,45851,79589,0,0,0.7615103932826449,0.6997175552955534,-0.006323169189888846,0.0003331699900630127,0.008729316383107056,0.004240984431228288
2,original,all,identity,000321,125440,98287.67431723006,90665.55324946437,-462.68530783837804,38.20336253924185,1225.7249038715713,509.19900262110383,52306,73134,0,0,0.7835433220442448,0.7227802395524902,-0.0036884989464156413,0.0003045548671814561,0.009771403889282297,0.0040593032734463
2,original,all,identity,000323,62720,49387.5276822357,46152.609371983446,362.5503880239254,25.613709830055946,753.1026667243206,195.89912250982294,37980,24740,0,0,0.7874286939131967,0.735851552486981,0.0057804589927284026,0.00040838185315777975,0.0120073767015995,0.003123391621648963
2,original,all,identity,000324,125440,97903.18626217556,89896.21463319426,-875.5426109953693,46.79517597046618,1147.408491163302,567.5577690563525,42996,82444,0,0,0.7804782068094352,0.7166471192059491,-0.006979772090205431,0.0003730482778257827,0.009147070242054384,0.004524535786482402
2,original,all,identity,000326,125440,96051.71395689083,89098.94544611592,43.7962210932265,36.311508985616975,1268.9225608343525,435.96477145790936,62427,63013,0,0,0.7657183829471527,0.7102913380589598,0.00034914079315391023,0.00028947312647972713,0.01011577296583508,0.003475484466341752
2,original,all,identity,000327,125440,98545.48182397132,92428.20425178511,1060.9373103092464,44.15313951282496,1560.3874754571577,344.205877340094,87964,37476,0,0,0.785598547703853,0.7368319854255828,0.008457727282439783,0.000351986124942801,0.012439313420417392,0.0027439881803260043
2,original,all,cross_camera,000009,0,0.0,0.0,0.0,0.0,0.0,0.0,0,0,0,0,,,,,,
2,original,all,cross_camera,000011,0,0.0,0.0,0.0,0.0,0.0,0.0,0,0,0,0,,,,,,
2,original,all,cross_camera,000015,0,0.0,0.0,0.0,0.0,0.0,0.0,0,0,0,0,,,,,,
2,original,all,cross_camera,000017,0,0.0,0.0,0.0,0.0,0.0,0.0,0,0,0,0,,,,,,
2,original,all,cross_camera,000019,0,0.0,0.0,0.0,0.0,0.0,0.0,0,0,0,0,,,,,,
2,original,all,cross_camera,000020,0,0.0,0.0,0.0,0.0,0.0,0.0,0,0,0,0,,,,,,
2,original,all,cross_camera,000022,0,0.0,0.0,0.0,0.0,0.0,0.0,0,0,0,0,,,,,,
2,original,all,cross_camera,000023,0,0.0,0.0,0.0,0.0,0.0,0.0,0,0,0,0,,,,,,
2,original,all,cross_camera,000025,0,0.0,0.0,0.0,0.0,0.0,0.0,0,0,0,0,,,,,,
2,original,all,cross_camera,000026,0,0.0,0.0,0.0,0.0,0.0,0.0,0,0,0,0,,,,,,
2,original,all,cross_camera,000028,0,0.0,0.0,0.0,0.0,0.0,0.0,0,0,0,0,,,,,,
2,original,all,cross_camera,000029,0,0.0,0.0,0.0,0.0,0.0,0.0,0,0,0,0,,,,,,
2,original,all,cross_camera,000031,0,0.0,0.0,0.0,0.0,0.0,0.0,0,0,0,0,,,,,,
2,original,all,cross_camera,000032,0,0.0,0.0,0.0,0.0,0.0,0.0,0,0,0,0,,,,,,
2,original,all,cross_camera,000034,0,0.0,0.0,0.0,0.0,0.0,0.0,0,0,0,0,,,,,,
2,original,all,cross_camera,000035,0,0.0,0.0,0.0,0.0,0.0,0.0,0,0,0,0,,,,,,
2,original,all,cross_camera,000037,0,0.0,0.0,0.0,0.0,0.0,0.0,0,0,0,0,,,,,,
2,original,all,cross_camera,000038,0,0.0,0.0,0.0,0.0,0.0,0.0,0,0,0,0,,,,,,
2,original,all,cross_camera,000040,0,0.0,0.0,0.0,0.0,0.0,0.0,0,0,0,0,,,,,,
2,original,all,cross_camera,000041,0,0.0,0.0,0.0,0.0,0.0,0.0,0,0,0,0,,,,,,
2,original,all,cross_camera,000043,0,0.0,0.0,0.0,0.0,0.0,0.0,0,0,0,0,,,,,,
2,original,all,cross_camera,000044,0,0.0,0.0,0.0,0.0,0.0,0.0,0,0,0,0,,,,,,
2,original,all,cross_camera,000046,0,0.0,0.0,0.0,0.0,0.0,0.0,0,0,0,0,,,,,,
2,original,all,cross_camera,000047,0,0.0,0.0,0.0,0.0,0.0,0.0,0,0,0,0,,,,,,
2,original,all,cross_camera,000049,0,0.0,0.0,0.0,0.0,0.0,0.0,0,0,0,0,,,,,,
2,original,all,cross_camera,000050,0,0.0,0.0,0.0,0.0,0.0,0.0,0,0,0,0,,,,,,
2,original,all,cross_camera,000058,0,0.0,0.0,0.0,0.0,0.0,0.0,0,0,0,0,,,,,,
2,original,all,cross_camera,000098,0,0.0,0.0,0.0,0.0,0.0,0.0,0,0,0,0,,,,,,
2,original,all,cross_camera,000127,0,0.0,0.0,0.0,0.0,0.0,0.0,0,0,0,0,,,,,,
2,original,all,cross_camera,000128,0,0.0,0.0,0.0,0.0,0.0,0.0,0,0,0,0,,,,,,
2,original,all,cross_camera,000150,0,0.0,0.0,0.0,0.0,0.0,0.0,0,0,0,0,,,,,,
2,original,all,cross_camera,000151,0,0.0,0.0,0.0,0.0,0.0,0.0,0,0,0,0,,,,,,
2,original,all,cross_camera,000153,0,0.0,0.0,0.0,0.0,0.0,0.0,0,0,0,0,,,,,,
2,original,all,cross_camera,000154,0,0.0,0.0,0.0,0.0,0.0,0.0,0,0,0,0,,,,,,
2,original,all,cross_camera,000159,73696,58236.0247973442,55020.840279550626,1026.8232552709037,42.571349607808145,1023.91825752422,174.30719939320318,56902,16794,0,0,0.7902196156825907,0.7465919490820482,0.0139332291477272,0.0005776616045349564,0.01389381048529391,0.00236521927096726
2,original,all,cross_camera,000181,0,0.0,0.0,0.0,0.0,0.0,0.0,0,0,0,0,,,,,,
2,original,all,cross_camera,000182,0,0.0,0.0,0.0,0.0,0.0,0.0,0,0,0,0,,,,,,
2,original,all,cross_camera,000184,0,0.0,0.0,0.0,0.0,0.0,0.0,0,0,0,0,,,,,,
2,original,all,cross_camera,000185,0,0.0,0.0,0.0,0.0,0.0,0.0,0,0,0,0,,,,,,
2,original,all,cross_camera,000187,0,0.0,0.0,0.0,0.0,0.0,0.0,0,0,0,0,,,,,,
2,original,all,cross_camera,000188,0,0.0,0.0,0.0,0.0,0.0,0.0,0,0,0,0,,,,,,
2,original,all,cross_camera,000190,0,0.0,0.0,0.0,0.0,0.0,0.0,0,0,0,0,,,,,,
2,original,all,cross_camera,000191,49840,34916.50652305223,32737.753901453456,364.6231083634611,22.86096243571604,502.8313078215518,121.18435754858272,31335,18505,0,0,0.7005719607353978,0.656857020494652,0.007315872960743601,0.00045868704726557063,0.010088910670576882,0.002431467848085528
2,original,all,cross_camera,000193,0,0.0,0.0,0.0,0.0,0.0,0.0,0,0,0,0,,,,,,
2,original,all,cross_camera,000198,77616,56993.36028318328,53887.22717178892,1045.3569357998194,48.20697766363071,961.05924652775,155.45715154838143,56408,21208,0,0,0.7342991172333447,0.6942798800735535,0.013468317560809878,0.0006210958779585486,0.01238223106740556,0.002002900839367932
2,original,all,cross_camera,000200,112448,85361.16761636271,80198.2264806322,1054.9066278583277,47.97553478844141,1332.1386264383511,286.12031657877384,77363,35085,0,0,0.7591168150288374,0.7132027824472841,0.00938128404114193,0.0004266464035682396,0.011846708046726941,0.002544467812489096
2,original,all,cross_camera,000204,64064,47586.21116635471,44458.673811087385,338.7204870359845,24.95466960773574,678.9048975343817,181.08189472929948,38103,25961,0,0,0.7427917577165758,0.6939728054927476,0.00528722038954771,0.00038952718543543553,0.010597291732242472,0.0028265780271181863
2,original,all,cross_camera,000209,76720,54747.40012694552,51804.316138457274,1044.8066290761124,40.015169304591545,881.3782640791796,143.69736020402468,59578,17142,0,0,0.7136001059299468,0.6752387400737392,0.013618438856570807,0.0005215741567334664,0.011488246403534666,0.0018730104301880172
2,original,all,cross_camera,000213,43568,29956.220531731902,27616.217992031015,-157.94219493237503,11.435783090197221,328.23251581994634,140.035814006095,18090,25478,0,0,0.6875739196596562,0.6338647170407412,-0.0036251880952161,0.0002624812497750005,0.007533798104570931,0.0032141896347340935
2,original,all,cross_camera,000214,0,0.0,0.0,0.0,0.0,0.0,0.0,0,0,0,0,,,,,,
2,original,all,cross_camera,000215,0,0.0,0.0,0.0,0.0,0.0,0.0,0,0,0,0,,,,,,
2,original,all,cross_camera,000217,44576,31672.635059001157,29589.688034334133,224.13977566424776,15.248139581577256,433.195406269028,115.60655056415169,26633,17943,0,0,0.7105311167220288,0.6638031235268784,0.0050282612990005335,0.0003420706115752256,0.00971813097337195,0.0025934707143788517
2,original,all,cross_camera,000218,0,0.0,0.0,0.0,0.0,0.0,0.0,0,0,0,0,,,,,,
2,original,all,cross_camera,000219,0,0.0,0.0,0.0,0.0,0.0,0.0,0,0,0,0,,,,,,
2,original,all,cross_camera,000223,0,0.0,0.0,0.0,0.0,0.0,0.0,0,0,0,0,,,,,,
2,original,all,cross_camera,000224,0,0.0,0.0,0.0,0.0,0.0,0.0,0,0,0,0,,,,,,
2,original,all,cross_camera,000228,83440,62838.70597771078,58957.028409147635,695.597067443928,24.86368615280477,942.2851681673691,211.08044038708073,58355,25085,0,0,0.753100503088576,0.7065799186139458,0.008336494096883126,0.00029798281582939565,0.011292967020222543,0.002529727233785723
2,original,all,cross_camera,000229,0,0.0,0.0,0.0,0.0,0.0,0.0,0,0,0,0,,,,,,
2,original,all,cross_camera,000230,0,0.0,0.0,0.0,0.0,0.0,0.0,0,0,0,0,,,,,,
2,original,all,cross_camera,000232,79072,61821.149767506344,57096.49302002741,-221.5025784549393,27.23132797767358,789.2759999531078,322.7356418990565,34915,44157,0,0,0.7818336423450316,0.7220823176349076,-0.002801277044401802,0.0003443864829228245,0.009981738162094139,0.004081541404024894
2,original,all,cross_camera,000235,87920,62858.293067485705,58038.00794666738,-241.58372899531358,31.247565559596417,728.8730824158671,309.12797710307046,38048,49872,0,0,0.7149487382562069,0.6601229293297017,-0.002747767618236051,0.0003554090714239811,0.008290185195812864,0.003516014298260583
2,original,all,cross_camera,000238,0,0.0,0.0,0.0,0.0,0.0,0.0,0,0,0,0,,,,,,
2,original,all,cross_camera,000239,49504,37172.39686685754,35068.88009418428,604.1817181041941,24.51205051081257,615.2758250412529,107.82624743775179,36227,13277,0,0,0.7508968339297337,0.7084049792781245,0.012204705036041414,0.0004951529272546173,0.01242881029899105,0.002178132018377339
2,original,all,cross_camera,000242,0,0.0,0.0,0.0,0.0,0.0,0.0,0,0,0,0,,,,,,
2,original,all,cross_camera,000248,0,0.0,0.0,0.0,0.0,0.0,0.0,0,0,0,0,,,,,,
2,original,all,cross_camera,000251,83440,61230.58797826327,56939.85832398408,169.4070232666061,27.66541422118773,797.4177193195727,260.26511724907533,46502,36938,0,0,0.7338277562112089,0.6824048217160125,0.002030285513741684,0.00033156057312065836,0.0095567799534944,0.003119188845266962
2,original,all,cross_camera,000256,0,0.0,0.0,0.0,0.0,0.0,0.0,0,0,0,0,,,,,,
2,original,all,cross_camera,000257,78848,59800.73415715998,54741.13080181932,-703.6195804796428,31.444946231952684,640.8544047308695,363.47777079930034,24941,53907,0,0,0.7584305772772928,0.69426150063184,-0.008923746708599365,0.0003988046143459908,0.008127719215844023,0.004609854033067426
2,original,all,cross_camera,000262,0,0.0,0.0,0.0,0.0,0.0,0.0,0,0,0,0,,,,,,
2,original,all,cross_camera,000263,0,0.0,0.0,0.0,0.0,0.0,0.0,0,0,0,0,,,,,,
2,original,all,cross_camera,000265,0,0.0,0.0,0.0,0.0,0.0,0.0,0,0,0,0,,,,,,
2,original,all,cross_camera,000266,0,0.0,0.0,0.0,0.0,0.0,0.0,0,0,0,0,,,,,,
2,original,all,cross_camera,000268,0,0.0,0.0,0.0,0.0,0.0,0.0,0,0,0,0,,,,,,
2,original,all,cross_camera,000281,0,0.0,0.0,0.0,0.0,0.0,0.0,0,0,0,0,,,,,,
2,original,all,cross_camera,000297,0,0.0,0.0,0.0,0.0,0.0,0.0,0,0,0,0,,,,,,
2,original,all,cross_camera,000300,0,0.0,0.0,0.0,0.0,0.0,0.0,0,0,0,0,,,,,,
2,original,all,cross_camera,000302,0,0.0,0.0,0.0,0.0,0.0,0.0,0,0,0,0,,,,,,
2,original,all,cross_camera,000303,0,0.0,0.0,0.0,0.0,0.0,0.0,0,0,0,0,,,,,,
2,original,all,cross_camera,000305,0,0.0,0.0,0.0,0.0,0.0,0.0,0,0,0,0,,,,,,
2,original,all,cross_camera,000306,0,0.0,0.0,0.0,0.0,0.0,0.0,0,0,0,0,,,,,,
2,original,all,cross_camera,000308,0,0.0,0.0,0.0,0.0,0.0,0.0,0,0,0,0,,,,,,
2,original,all,cross_camera,000309,0,0.0,0.0,0.0,0.0,0.0,0.0,0,0,0,0,,,,,,
2,original,all,cross_camera,000311,0,0.0,0.0,0.0,0.0,0.0,0.0,0,0,0,0,,,,,,
2,original,all,cross_camera,000312,0,0.0,0.0,0.0,0.0,0.0,0.0,0,0,0,0,,,,,,
2,original,all,cross_camera,000314,0,0.0,0.0,0.0,0.0,0.0,0.0,0,0,0,0,,,,,,
2,original,all,cross_camera,000315,0,0.0,0.0,0.0,0.0,0.0,0.0,0,0,0,0,,,,,,
2,original,all,cross_camera,000317,0,0.0,0.0,0.0,0.0,0.0,0.0,0,0,0,0,,,,,,
2,original,all,cross_camera,000318,0,0.0,0.0,0.0,0.0,0.0,0.0,0,0,0,0,,,,,,
2,original,all,cross_camera,000320,0,0.0,0.0,0.0,0.0,0.0,0.0,0,0,0,0,,,,,,
2,original,all,cross_camera,000321,0,0.0,0.0,0.0,0.0,0.0,0.0,0,0,0,0,,,,,,
2,original,all,cross_camera,000323,0,0.0,0.0,0.0,0.0,0.0,0.0,0,0,0,0,,,,,,
2,original,all,cross_camera,000324,0,0.0,0.0,0.0,0.0,0.0,0.0,0,0,0,0,,,,,,
2,original,all,cross_camera,000326,0,0.0,0.0,0.0,0.0,0.0,0.0,0,0,0,0,,,,,,
2,original,all,cross_camera,000327,0,0.0,0.0,0.0,0.0,0.0,0.0,0,0,0,0,,,,,,
2,original,active,identity,000009,87808,70160.72444924095,66487.27239083871,1382.7327456700123,64.48413011310458,1287.5980643082585,205.58943148044202,67858,19950,0,0,0.7990242853639868,0.7571892355006231,0.015747229701963513,0.0007343764817910052,0.01466378990875841,0.002341351943791477
2,original,active,identity,000011,97216,75449.32516632241,71818.41120829713,1806.3977912206692,64.52049035249975,1433.409533936602,164.9772873324104,82871,14345,0,0,0.7760998721025594,0.7387509382025297,0.01858128076881037,0.0006636818049755159,0.014744584573903492,0.001697017850275782
2,original,active,identity,000015,34496,27372.90709654067,25604.921986153233,204.66380382011343,15.326282097025397,422.03845936825735,107.44429668437844,22013,12483,0,0,0.7935095981140037,0.742257710637559,0.0059329720495162755,0.0004442915728497622,0.012234417305434177,0.0031146885634386143
2,original,active,identity,000017,59584,45698.39841679938,43872.711384548806,1467.6020473487229,59.39678777275728,953.024202313081,79.96342774828526,52505,7079,0,0,0.7669575459317833,0.7363169875226371,0.02463080772268936,0.0009968580117608297,0.015994632826145962,0.001342028526924766
2,original,active,identity,000019,94080,74335.68308546522,69223.55372800573,244.92694672646618,33.59221714716148,1068.61703436656,326.3791521626182,51975,42105,0,0,0.7901326858574109,0.7357945761905371,0.002603390165034717,0.00035706013124108714,0.011358599429916665,0.003469166158191095
2,original,active,identity,000020,119168,95110.309993056,90458.60842455155,2202.493679228541,78.96891364684346,1816.2458914980473,238.69340034982488,101123,18045,0,0,0.798119545457304,0.759084724293028,0.018482257646587518,0.0006626687839591456,0.015241053735046717,0.0020029991302180526
2,original,active,identity,000022,106624,84675.74764367304,77134.31819591811,-1439.208698607171,57.79828192989856,888.3744993331692,585.9370593896471,25912,80712,0,0,0.7941527952775457,0.7234236025277434,-0.013497980741738925,0.0005420757233821519,0.008331843668715947,0.005495358075007944
2,original,active,identity,000023,109760,85755.35984185385,80525.50961148378,950.1735750258051,49.90660604869835,1378.7516264589935,302.23174019454575,72081,37679,0,0,0.781298832378406,0.7336507799880082,0.008656829218529566,0.00045468846618712056,0.012561512631732812,0.002753569061539229
2,original,active,identity,000025,84672,71954.51185014844,66685.1766397187,-83.87978280846104,27.60717923768976,1023.4166115341836,366.9458222210322,40203,44469,0,0,0.8498029082831212,0.7875705857865493,-0.0009906436934105848,0.00032604850762577665,0.012086836398504625,0.004333732783222697
2,original,active,identity,000026,109760,90004.05806971513,81989.3402146456,-1528.5084510294628,70.06966198481534,1000.1443885740424,640.0305532555069,27492,82268,0,0,0.8200078176905533,0.746987429069293,-0.013925915187950645,0.0006383897775584488,0.009112102665579833,0.005831182154295799
2,original,active,identity,000028,94080,74763.80937372579,69257.9198757878,-117.97995428052016,38.200771846393344,1003.1081299419761,383.1968537619385,44718,49362,0,0,0.7946833479350105,0.7361598626252955,-0.0012540386296823996,0.0004060456191155755,0.010662288796151958,0.004073095809544414
2,original,active,identity,000029,109760,83392.26097320172,76838.57209157082,-543.9635542509296,48.77886647739139,996.2786234272053,455.5077684169724,44360,65400,0,0,0.7597691415196949,0.7000598769275768,-0.0049559361721112395,0.00044441387096748715,0.009076882502070019,0.004150034333245011
2,original,active,identity,000031,81536,64109.30573551456,59594.96459814999,105.74367510115925,24.394070445304568,884.9411847179656,288.6697397003464,44945,36591,0,0,0.7862699388676726,0.7309037063156151,0.0012968955443136683,0.00029918159396223224,0.010853379914613982,0.003540396140359429
2,original,active,identity,000032,103488,80666.31399038361,75139.85335883067,286.81729851996084,35.67448164411852,1146.8729043404728,341.08177899314614,57758,45730,0,0,0.779475050154449,0.7260731037301975,0.002771502961888923,0.0003447209497151218,0.011082182517204631,0.003295858254030865
2,original,active,identity,000034,97216,74209.98893328453,69563.49242156697,701.5015498803148,51.19013230776439,1157.372902677352,273.1116135845393,60518,36698,0,0,0.763351597816044,0.7155560033489032,0.007215906331059854,0.0005265607750551801,0.011905168929778553,0.0028093278224216108
2,original,active,identity,000035,90944,72152.25705400814,65293.10443017655,-1659.4465409800184,61.7991587683121,673.7996123187236,566.9001810326765,14412,76532,0,0,0.7933701734474856,0.7179484565246366,-0.018246905139206748,0.0006795298070055429,0.007408950698437759,0.006233508324162963
2,original,active,identity,000037,97216,77544.84956780018,72409.40478601679,452.8824924373657,46.646002829438935,1181.3573486252742,324.93475534421646,56506,40710,0,0,0.7976552169169703,0.744830118355176,0.0046585180673692165,0.0004798181660368554,0.012151881877728709,0.003342399968567072
2,original,active,identity,000038,78400,64799.11462989112,60871.159304752946,741.8410784896973,37.11098384322256,1081.411906328988,239.56521030166073,54668,23732,0,0,0.8265193192588153,0.77641784827491,0.009462258654205323,0.0004733543857553898,0.013793519213379948,0.003055678702827305
2,original,active,identity,000040,100352,83245.44065196213,77812.39658200415,566.1005417436905,36.857368789414096,1319.6113585434305,335.61959710923855,63522,36830,0,0,0.8295344452722629,0.7753945769093207,0.005641148574454824,0.00036728085926951225,0.01314982619722009,0.003344423600020314
2,original,active,identity,000041,84672,66614.9228278774,61836.949085928965,22.680230352498,26.6724054644229,911.4165368712689,308.45652332660836,42619,42053,0,0,0.786740868621001,0.7303116624849887,0.0002678598633845663,0.00031500856793772325,0.0107640841939634,0.0036429578057280846
2,original,active,identity,000043,94080,70870.50114918599,65467.628826933505,-295.5369322545858,37.37755002911535,871.704623465795,367.79992508823756,40745,53335,0,0,0.7533003948680483,0.6958719050481877,-0.0031413364397808864,0.00039729538721423624,0.009265567851464658,0.003909437979254225
2,original,active,identity,000044,125440,92682.04277625593,87296.20120599144,1293.3587939607937,56.41302551961306,1479.5641535218863,280.68559899570687,89355,36085,0,0,0.7388555706015301,0.6959199713487838,0.010310577120223164,0.00044972118558365,0.011794994846316059,0.0022376084103611837
2,original,active,identity,000046,94080,75929.26075024158,70396.88102264126,-60.481063447277016,28.742066005215893,1046.3873353694285,367.96140592650215,45703,48377,0,0,0.8070712239609011,0.7482661673324964,-0.0006428684465059207,0.00030550665396700564,0.011122314364045796,0.003911154399728977
2,original,active,identity,000047,97216,82619.00292120845,75487.12214897037,-1177.8808616465792,58.90451641463192,975.775585120474,577.3535813055246,27666,69550,0,0,0.8498498490084806,0.7764886659497446,-0.012116121437279657,0.0006059138044625568,0.010037191255765245,0.005938874067082832
2,original,active,identity,000049,90944,73339.78407594666,67684.14987874497,-370.34809604380865,41.81574406278973,938.0457262589579,408.32794216050394,36559,54385,0,0,0.8064279565001172,0.7442398605597397,-0.004072265306604159,0.00045979662278753666,0.010314542204641954,0.004489883248598081
2,original,active,identity,000050,106624,86499.5258424624,80930.01341275126,664.1402521468873,46.7106008792274,1363.126852399318,340.4326575800655,69040,37584,0,0,0.8112575577962036,0.7590224847384384,0.006228806386431641,0.00043808711808999284,0.012784428012448586,0.003192833298132367
2,original,active,identity,000058,31360,22709.476374252758,21854.41713040881,781.5160659649683,28.66962288175218,451.79628606363417,34.71239904456524,28511,2849,0,0,0.7241542211177537,0.6968883013523217,0.024920792919801288,0.0009142099133211791,0.014406769326008742,0.001106900479737412
2,original,active,identity,000098,97216,76138.97306155838,71401.5567951405,749.595471467366,47.18809858143828,1197.9061832933935,279.57582984244976,63289,33927,0,0,0.783193847325115,0.7344630183831931,0.007710618328951675,0.00048539436493414957,0.01232210935744521,0.0028758211595051202
2,original,active,identity,000127,103488,83530.00516976725,78311.22417845676,800.8709740708796,36.62260066764016,1316.8880358472954,311.257740077481,72619,30869,0,0,0.8071467722805277,0.756717920710196,0.007738781057425785,0.0003538825822089533,0.012725031267850335,0.0030076698755167846
2,original,active,identity,000128,75264,60413.346446929994,55844.12968762207,-215.4840026128117,35.9147761410094,808.4284992236143,322.1602111382648,33660,41604,0,0,0.8026858318310214,0.7419766380689582,-0.0028630421265520263,0.00047718399422046925,0.010741237500313753,0.004280402465166146
2,original,active,identity,000150,97216,77291.25609145383,70093.92020515993,-1627.2840146089682,70.41626929193544,769.8694805192329,588.5860235881956,20379,76837,0,0,0.7950466599269034,0.7210121811755259,-0.01673884972236019,0.0007243279839937401,0.007919164340429897,0.0060544151537627105
2,original,active,identity,000151,100352,79146.38683849381,74178.22726385854,735.5836744746094,39.70101994225534,1249.0146010710291,290.64879855144636,64395,35957,0,0,0.7886876877241491,0.7391803577792027,0.0073300350214705184,0.00039561762538121157,0.012446334911820683,0.0028962930340346617
2,original,active,identity,000153,78400,65555.87984330917,62066.74662709853,1235.200035523795,43.249013729178316,1250.1623719773515,178.90905558172602,63963,14437,0,0,0.8361719367769027,0.7916676865701343,0.015755102493925956,0.0005516455832803356,0.015945948622160096,0.002282003259970995
2,original,active,identity,000154,87808,68589.50168757839,63761.38207211299,114.83385136377065,44.58624286107848,977.0668031592421,317.1907256555895,45603,42205,0,0,0.7811304401373268,0.7261454773154267,0.0013077834748971694,0.0005077697118836379,0.011127309620527083,0.003612321492980019
2,original,active,identity,000159,75264,60687.13231641785,57203.40669091325,889.7377135603666,41.202007079722875,1057.476409890286,198.10480562300336,54880,20384,0,0,0.8063235054796164,0.7600367598176186,0.01182155763127613,0.0005474331297794813,0.01405022866031949,0.0026321323026015538
2,original,active,identity,000181,97216,80681.73875040322,75131.9058993957,264.55667587156444,29.245190669112507,1208.4433894241909,354.7862290308737,58630,38586,0,0,0.8299224278966757,0.7728347792482276,0.002721328545420141,0.00030082692837714477,0.012430498986012497,0.0036494633499719563
2,original,active,identity,000182,59584,46841.86259240995,43626.79098523455,160.62206892868068,19.769499319714484,671.7260549112292,199.62347974814145,34736,24848,0,0,0.7861483383527448,0.7321896983289902,0.0026957248410425733,0.00033179208041948316,0.011273597860352263,0.003350286649908389
2,original,active,identity,000184,75264,63815.30788901413,58135.56599463103,-1080.8442554475014,44.51396317612273,718.330234409081,470.30904313071323,17119,58145,0,0,0.8478862123859233,0.7724219546480526,-0.01436070705048232,0.0005914376484922769,0.009544141082178478,0.006248791495678056
2,original,active,identity,000185,72128,60563.07694200275,55871.64828856918,-326.9054572178308,23.810950479920116,808.3403469875507,334.9417952852646,29883,42245,0,0,0.8396611155446255,0.774618016423153,-0.004532296157079509,0.0003301207641958756,0.011207025662538136,0.004643713887606264
2,original,active,identity,000187,40768,31984.804374666885,30311.8802223159,632.0845702629676,22.09309287025735,580.2331653150222,80.41917073886727,33700,7068,0,0,0.7845566222200472,0.7435213947781569,0.015504429215634018,0.0005419224114564696,0.01423256390588261,0.001972605247715543
2,original,active,identity,000188,56448,43085.17093592405,40319.13134909561,338.92531022988067,17.16366000755169,632.3397021931195,158.98112592725624,37491,18957,0,0,0.7632718774079515,0.714270325770543,0.0060042040502742465,0.00030406143720861133,0.01120216309157312,0.0028164173385639216
2,original,active,identity,000190,28224,22899.182034799655,21151.27826183522,-97.65718359514514,8.541109536910799,307.17787945081545,119.11749206957894,10754,17470,0,0,0.8113372319586045,0.7494075347872456,-0.0034600759493744735,0.00030261867690301866,0.0108835699918798,0.0042204326838711365
2,original,active,identity,000191,59584,44455.566172481515,41827.15803454199,575.3153113579189,28.865411737947657,704.1244830836262,146.17046932590543,41139,18445,0,0,0.7460990563319266,0.7019864063262284,0.009655533555281936,0.0004844490423259207,0.011817341619958817,0.002453183225797285
2,original,active,identity,000193,37632,28643.36320950766,26616.250295214355,37.09236486130027,15.7261036308299,392.19227239710307,129.2601000675015,18660,18972,0,0,0.7611437927696552,0.7072770592903475,0.0009856602057105727,0.0004178917844076823,0.01042177594592642,0.0034348453461814812
2,original,active,identity,000198,75264,57277.64079987275,54122.48824006994,972.6032366035741,47.39570404810613,994.5195457015203,163.5029623618211,53445,21819,0,0,0.7610230761037515,0.7191019377135144,0.012922555758444598,0.0006297260848228387,0.01321374821563457,0.002172392675938312
2,original,active,identity,000200,112896,89459.84879596799,83949.87815452414,937.0199164147333,45.64562719137418,1430.7613807459397,317.9856422067368,75531,37365,0,0,0.7924093749642857,0.743603654288231,0.008299850450102158,0.0004043157170437764,0.012673269032967862,0.0028166245235148883
2,original,active,identity,000204,65856,50185.539721452165,47011.52688903874,442.64542355069005,25.485471488049825,756.1601932461376,182.79141084720592,41686,24170,0,0,0.7620496191911468,0.7138533601955591,0.00672141374439216,0.00038698784450998884,0.011482024314354616,0.0027756227351677285
2,original,active,identity,000209,65856,48812.19159106637,46243.41835122369,948.9136613917555,33.344768377688894,823.6137336206633,124.77969100988707,53065,12791,0,0,0.741195814976105,0.7021899045071625,0.014408917355924372,0.0005063284799819135,0.012506282398272948,0.00189473534696743
2,original,active,identity,000213,34496,25007.280560922984,23121.56220133882,-83.55008159287011,8.034454140772153,297.5138304217139,114.04011441885112,15247,19249,0,0,0.7249327620861254,0.6702679209571782,-0.002422022309626337,0.00023290973274501836,0.008624589239961558,0.0033058938549063986
2,original,active,identity,000214,43904,35547.811586497875,32807.43624680571,-178.59585162961827,16.85135893344453,463.15084334246035,192.88718031015108,16871,27033,0,0,0.809671364488381,0.7472539232599696,-0.004067871985004061,0.00038382286200447634,0.010549171905577177,0.0043933851200380625
2,original,active,identity,000215,43904,36868.46537077264,33959.913808481986,-251.5981767532923,20.69791701465181,486.22439419754784,219.79718881583116,17764,26140,0,0,0.8397518533794789,0.7735038677223485,-0.005730643603163546,0.00047143579206112906,0.0110747174334354,0.005006313520768749
2,original,active,identity,000217,47040,35438.96518246364,33192.75041750891,307.7206260239344,17.462233342258134,531.4872843320044,125.53839043924052,29516,17524,0,0,0.7533793618721012,0.7056281976511248,0.006541679974998606,0.00037122094690174605,0.011298624241751794,0.0026687583001539224
2,original,active,identity,000218,43904,32289.944598159753,29906.994497925974,-55.951220402278494,11.347075355296987,399.483393908935,146.0404799377381,20447,23457,0,0,0.7354670325747028,0.6811906545628182,-0.0012743991527486903,0.00025845197146722365,0.009099020451643016,0.003326359328027927
2,original,active,identity,000219,31360,23238.958467954537,21714.30335372314,150.07771657261856,10.627101423644907,329.36135959351486,86.90214452214072,19135,12225,0,0,0.7410382164526319,0.6924203875549471,0.0047856414723411525,0.0003388744076417381,0.010502594374793204,0.002771114302364181
2,original,active,identity,000223,50176,39111.64939178311,36779.586858697236,486.54757776047825,20.609500416337564,631.9414198661639,124.92723795795733,34748,15428,0,0,0.7794891859012897,0.7330115365652351,0.009696818753198307,0.00041074418878223783,0.012594495772205115,0.0024897807309860755
2,original,active,identity,000224,62720,50812.31431148201,46728.41632535099,-422.07075304238407,28.64339526338763,623.1561890534858,299.12653038157686,24767,37953,0,0,0.8101453174662311,0.7450321480444992,-0.006729444404374746,0.00045668678672493036,0.009935525973429301,0.004769236772665448
2,original,active,identity,000228,75264,58677.81352060789,55194.688190372195,745.5349549602743,24.308813426802434,941.8656845118772,188.45307949372938,55702,19562,0,0,0.7796265614451515,0.7333477916450387,0.009905598359910107,0.000322980620572949,0.012514159286137826,0.002503894019633947
2,original,active,identity,000229,37632,30743.89234851091,28268.016125902766,-260.2947483456491,15.029265357267505,383.5868262818082,181.7381078577791,13098,24534,0,0,0.816961425077352,0.7511696462027734,-0.006916845991327835,0.0003993746108967768,0.010193102314036145,0.004829350230064283
2,original,active,identity,000230,21952,15973.807729162741,14957.591571320081,134.94818000274682,6.901341614697558,228.08754879092896,54.43879463117145,14689,7263,0,0,0.7276698127351832,0.6813771670608637,0.006147420736276732,0.0003143832732642838,0.010390285568099898,0.002479901358927271
2,original,active,identity,000232,62720,50907.937721868686,47148.6035623668,-90.6157542039245,19.90400676391025,701.339776378719,255.17891111588864,29172,33548,0,0,0.8116699254124472,0.7517315618999808,-0.001444766489220735,0.000317347046618467,0.01118207551624233,0.004068541312434449
2,original,active,identity,000235,59584,44753.76084990139,41362.50196922221,-166.04581010913333,20.15506448395259,549.775611335308,221.79105884794228,25251,34333,0,0,0.7511036662510303,0.6941880701064416,-0.00278675164656843,0.0003382630317526952,0.009226900029123724,0.003722325772823951
2,original,active,identity,000238,59584,48311.30598128436,44642.88411999587,-186.83165416089335,19.445765641104444,630.5303711509104,252.61121496003565,25603,33981,0,0,0.8108100493636606,0.7492428188774817,-0.003135601070100922,0.00032635884870274644,0.010582209505083753,0.004239581346670846
2,original,active,identity,000239,87808,71485.28336482879,67390.29642472383,1056.6531876354284,42.3845045114585,1256.5046066951868,224.47516101863366,64093,23715,0,0,0.814109003334876,0.7674733102305465,0.012033677883967616,0.00048269524999383314,0.014309682565315084,0.0025564317718047747
2,original,active,identity,000242,97216,74490.32914442092,69675.44432975352,553.3161728073833,32.85084442426024,1098.0828945229932,274.9577938724623,59632,37584,0,0,0.7662352816863574,0.7167075823913093,0.0056916163266065595,0.00033791602641808176,0.011295289813641718,0.002828318320774999
2,original,active,identity,000248,50176,39201.17393031591,36796.26006917015,420.1479021724629,18.996289279779134,610.8085962324304,137.97249303956602,35213,14963,0,0,0.7812733962515129,0.7333438310979383,0.008373483381944812,0.0003785931377507002,0.01217332183180067,0.00274977066803982
2,original,active,identity,000251,59584,45248.9708798193,42118.62417054782,130.55404052009325,20.349083342964487,618.1605637030674,192.89832424760627,32338,27246,0,0,0.7594147905447655,0.7068780909396452,0.00219109224825613,0.0003415192558902472,0.010374606667948903,0.003237418170106174
2,original,active,identity,000256,53312,41031.06935754343,37612.369565376546,-461.76525352002216,24.652541740683045,457.99270828832596,248.56156038549872,18609,34703,0,0,0.7696404066165858,0.7055141350048122,-0.008661563128751916,0.00046242012568808235,0.00859079960024621,0.004662394214914067
2,original,active,identity,000257,81536,64286.645636319154,58819.852393803594,-833.9282981649004,35.37295521273742,708.5958112638181,407.74350649096357,23967,57569,0,0,0.7884449278394716,0.7213973262583839,-0.010227731286363085,0.00043383235886893423,0.008690588344581756,0.005000778876704322
2,original,active,identity,000262,59584,45387.20299749373,42721.47840449528,605.1379571922378,26.57380267005719,728.9367319660618,146.60939551930787,41892,17692,0,0,0.7617347441845752,0.7169958110314057,0.010156047885208071,0.00044598890088039055,0.012233766312534602,0.0024605497368304892
2,original,active,identity,000263,65856,50563.44763978926,47283.30696155492,363.75179301238853,22.236219944864978,749.9052371667618,187.56859491782845,40500,25356,0,0,0.7677880168821255,0.7179802441927071,0.005523441949289184,0.0003376491123795095,0.011387045025005494,0.002848162580749339
2,original,active,identity,000265,50176,38929.54402253835,36714.14087620564,590.083405600257,23.44653122662069,642.2674588109941,121.74421637893113,37701,12475,0,0,0.7758598537655124,0.7317072081514198,0.01176027195472451,0.00046728577859177076,0.012800292147859417,0.002426343598113264
2,original,active,identity,000266,62720,49149.28976430348,45216.49368093209,-390.81595149571643,22.239055187889754,594.4112333570579,274.3829791724195,22869,39851,0,0,0.7836302577216754,0.7209262385352694,-0.006231121675633234,0.0003545767727660994,0.009477219919595948,0.004374728622009239
2,original,active,identity,000268,28224,22689.087518883287,21142.188613824197,88.20706671917304,12.119638570572484,336.70387301782307,99.2766649750698,15947,12277,0,0,0.8038934069899124,0.7490854809319798,0.003125250379789294,0.000429408962959626,0.011929700716334434,0.0035174555334137546
2,original,active,identity,000281,62720,46401.807192550914,43711.683264003135,653.8568277826911,23.13736619231537,725.3850907768078,135.27892410975196,46399,16321,0,0,0.7398247320240898,0.6969337255102541,0.010425013198065866,0.00036889933342339556,0.011565451064681247,0.002156870601239668
2,original,active,identity,000297,53312,42115.92059837212,39095.24567710096,14.440229129863784,20.26788973576859,583.5150396685731,198.7980743871754,26015,27297,0,0,0.7899895070222861,0.7333291881208913,0.0002708626412414425,0.0003801750025466798,0.010945285107828877,0.003728955476950319
2,original,active,identity,000300,59584,45186.83656959765,41976.59130168939,46.17772659187007,16.964373452913087,598.1700967422737,196.9272639767321,30140,29444,0,0,0.7583719886143537,0.7044943491824884,0.0007750021245950267,0.00028471357164529216,0.010039106081200887,0.0033050359824236724
2,original,active,identity,000302,84672,66864.92717924644,61864.590048097074,-181.66640927427335,24.71324728311661,893.3323406647853,322.9388073153423,38567,46105,0,0,0.789693489928742,0.7306381099784708,-0.0021455310997056092,0.00029187036190377703,0.010550504779204287,0.003813997629858067
2,original,active,identity,000303,53312,42024.72789084399,38961.85208235285,-34.33252840168244,13.892286446835952,560.8626517091219,195.36200219020512,25124,28188,0,0,0.7882789595371397,0.7308270573670628,-0.000643992504533359,0.0002605846047200621,0.010520382872695114,0.0036645033424033075
2,original,active,identity,000305,56448,45470.621441730764,41850.254261690425,-343.4930176058849,19.51137161850379,566.7824543672984,256.45569200432766,20258,36190,0,0,0.8055311338175093,0.7413948104749579,-0.0060851229025985845,0.00034565213326431034,0.010040788944998909,0.004543220167310226
2,original,active,identity,000306,34496,26206.120902634226,24061.54814750352,-256.0091560270361,17.897338554860085,297.85203006930067,156.53033347586623,12340,22156,0,0,0.7596857868342481,0.6975170497305055,-0.007421415701154804,0.0005188235898324468,0.008634393264995962,0.004537637218108367
2,original,active,identity,000308,53312,42628.88271684025,38837.97589917807,-718.8246705714408,27.13690952748728,451.561319765003,295.0122940121154,12139,41173,0,0,0.7996113954989542,0.7285034494893845,-0.013483355915580747,0.0005090206619051485,0.008470162810718093,0.005533693990323292
2,original,active,identity,000309,53312,43317.732809130976,39669.83399776413,-526.1741698995841,19.87369944487115,491.018354533297,274.76203614444836,15761,37551,0,0,0.8125325031724748,0.7441070302701855,-0.00986971357104562,0.0003727809769821269,0.009210278258802839,0.005153849717595445
2,original,active,identity,000311,59584,47270.89258521743,44027.84135008324,163.56080658189074,22.917976206811048,682.5098232489189,205.5614358650979,32314,27270,0,0,0.7933487611643634,0.7389205382331371,0.0027450457603029462,0.00038463305932483633,0.011454582157104574,0.0034499435396263744
2,original,active,identity,000312,53312,43012.66488210202,41205.35894492295,1292.433757169098,49.49226537064862,914.4602215152236,77.83504507644999,48555,4757,0,0,0.8068101906156592,0.7729096440749352,0.024242830078952168,0.000928351316226152,0.017152990349550264,0.0014599910916200853
2,original,active,identity,000314,81536,70758.6574796944,64305.12291822687,-1354.259268718544,47.6687416478058,779.9636992501354,546.3521455717612,13933,67603,0,0,0.8678210542544937,0.7886715428550195,-0.0166093415021407,0.0005846342921875711,0.009565881319296206,0.00670074746825649
2,original,active,identity,000315,59584,47190.50205501192,44443.61672503431,653.9333083720268,27.65489251738754,787.3903170595632,156.0452213059543,41850,17734,0,0,0.7919995645645127,0.7458985084088734,0.010974981679176068,0.00046413286314090263,0.013214794526375591,0.002618911474656859
2,original,active,identity,000317,68992,54737.849590312515,50688.37892869103,-104.74680823024411,15.770412449499409,726.9729219567062,258.7620348356263,30936,38056,0,0,0.7933941557037413,0.7346993699079754,-0.0015182457129847536,0.00022858320456718763,0.010537061136895672,0.0037506092711564573
2,original,active,identity,000318,65856,57154.188098948216,52779.85339717963,-255.47561609796563,23.130803185087053,811.5165702824679,319.33720271455394,28072,37784,0,0,0.867866072931065,0.8014433521194672,-0.003879306609845202,0.00035123304156169604,0.012322591264007348,0.004849022150063076
2,original,active,identity,000320,65856,49903.01530958351,45962.130738901906,-344.58664664512173,22.634088438144648,592.6051207654052,264.59179049468,25936,39920,0,0,0.7577595862120917,0.6979186518905173,-0.005232425999834817,0.00034369060432070953,0.008998498553896459,0.0040177324844308795
2,original,active,identity,000321,59584,47285.27589167224,43680.67003778089,-196.95726849502637,15.861829040964965,606.1492288239643,237.93930193003877,24636,34948,0,0,0.7935901566137258,0.7330939520304257,-0.0033055395491243685,0.0002662095368045946,0.010173020086331303,0.00399334220478717
2,original,active,identity,000323,40768,32543.77155173733,30442.700134868734,244.21969120908494,15.931715497198905,503.9455404059968,127.26311405994811,25386,15382,0,0,0.7982675517988944,0.7467302819581224,0.005990475157208716,0.00039078972471543626,0.012361301520947724,0.003121642318974394
2,original,active,identity,000324,62720,49132.863045709615,45163.44050258864,-428.6262149415636,22.253635816628787,586.800785790763,278.2945120455781,22010,40710,0,0,0.7833683521318497,0.7200803651560689,-0.006833963886185644,0.00035480924452533144,0.009355879875490481,0.004437093623175671
2,original,active,identity,000326,56448,43842.7710040957,40735.4570168769,52.2479223749969,18.484444397664696,603.5288617641296,193.82563364852567,28541,27907,0,0,0.7766930804297,0.7216457096243781,0.0009255938629357443,0.0003274596867500123,0.01069176696719334,0.003433702410156705
2,original,active,identity,000327,50176,38811.785560988064,36439.73851106642,424.9531508723427,17.676315313895437,615.6252511344394,129.37429273650804,35137,15039,0,0,0.7735129456510695,0.7262384110145571,0.008469251253036167,0.00035228625864746965,0.012269317026754612,0.0025784098520509413
2,original,active,cross_camera,000009,0,0.0,0.0,0.0,0.0,0.0,0.0,0,0,0,0,,,,,,
2,original,active,cross_camera,000011,0,0.0,0.0,0.0,0.0,0.0,0.0,0,0,0,0,,,,,,
2,original,active,cross_camera,000015,0,0.0,0.0,0.0,0.0,0.0,0.0,0,0,0,0,,,,,,
2,original,active,cross_camera,000017,0,0.0,0.0,0.0,0.0,0.0,0.0,0,0,0,0,,,,,,
2,original,active,cross_camera,000019,0,0.0,0.0,0.0,0.0,0.0,0.0,0,0,0,0,,,,,,
2,original,active,cross_camera,000020,0,0.0,0.0,0.0,0.0,0.0,0.0,0,0,0,0,,,,,,
2,original,active,cross_camera,000022,0,0.0,0.0,0.0,0.0,0.0,0.0,0,0,0,0,,,,,,
2,original,active,cross_camera,000023,0,0.0,0.0,0.0,0.0,0.0,0.0,0,0,0,0,,,,,,
2,original,active,cross_camera,000025,0,0.0,0.0,0.0,0.0,0.0,0.0,0,0,0,0,,,,,,
2,original,active,cross_camera,000026,0,0.0,0.0,0.0,0.0,0.0,0.0,0,0,0,0,,,,,,
2,original,active,cross_camera,000028,0,0.0,0.0,0.0,0.0,0.0,0.0,0,0,0,0,,,,,,
2,original,active,cross_camera,000029,0,0.0,0.0,0.0,0.0,0.0,0.0,0,0,0,0,,,,,,
2,original,active,cross_camera,000031,0,0.0,0.0,0.0,0.0,0.0,0.0,0,0,0,0,,,,,,
2,original,active,cross_camera,000032,0,0.0,0.0,0.0,0.0,0.0,0.0,0,0,0,0,,,,,,
2,original,active,cross_camera,000034,0,0.0,0.0,0.0,0.0,0.0,0.0,0,0,0,0,,,,,,
2,original,active,cross_camera,000035,0,0.0,0.0,0.0,0.0,0.0,0.0,0,0,0,0,,,,,,
2,original,active,cross_camera,000037,0,0.0,0.0,0.0,0.0,0.0,0.0,0,0,0,0,,,,,,
2,original,active,cross_camera,000038,0,0.0,0.0,0.0,0.0,0.0,0.0,0,0,0,0,,,,,,
2,original,active,cross_camera,000040,0,0.0,0.0,0.0,0.0,0.0,0.0,0,0,0,0,,,,,,
2,original,active,cross_camera,000041,0,0.0,0.0,0.0,0.0,0.0,0.0,0,0,0,0,,,,,,
2,original,active,cross_camera,000043,0,0.0,0.0,0.0,0.0,0.0,0.0,0,0,0,0,,,,,,
2,original,active,cross_camera,000044,0,0.0,0.0,0.0,0.0,0.0,0.0,0,0,0,0,,,,,,
2,original,active,cross_camera,000046,0,0.0,0.0,0.0,0.0,0.0,0.0,0,0,0,0,,,,,,
2,original,active,cross_camera,000047,0,0.0,0.0,0.0,0.0,0.0,0.0,0,0,0,0,,,,,,
2,original,active,cross_camera,000049,0,0.0,0.0,0.0,0.0,0.0,0.0,0,0,0,0,,,,,,
2,original,active,cross_camera,000050,0,0.0,0.0,0.0,0.0,0.0,0.0,0,0,0,0,,,,,,
2,original,active,cross_camera,000058,0,0.0,0.0,0.0,0.0,0.0,0.0,0,0,0,0,,,,,,
2,original,active,cross_camera,000098,0,0.0,0.0,0.0,0.0,0.0,0.0,0,0,0,0,,,,,,
2,original,active,cross_camera,000127,0,0.0,0.0,0.0,0.0,0.0,0.0,0,0,0,0,,,,,,
2,original,active,cross_camera,000128,0,0.0,0.0,0.0,0.0,0.0,0.0,0,0,0,0,,,,,,
2,original,active,cross_camera,000150,0,0.0,0.0,0.0,0.0,0.0,0.0,0,0,0,0,,,,,,
2,original,active,cross_camera,000151,0,0.0,0.0,0.0,0.0,0.0,0.0,0,0,0,0,,,,,,
2,original,active,cross_camera,000153,0,0.0,0.0,0.0,0.0,0.0,0.0,0,0,0,0,,,,,,
2,original,active,cross_camera,000154,0,0.0,0.0,0.0,0.0,0.0,0.0,0,0,0,0,,,,,,
2,original,active,cross_camera,000159,39872,31596.233379801706,29790.95913161803,471.7318166047868,21.660093948433822,543.4100925517874,101.22272263700694,29131,10741,0,0,0.7924416477678999,0.7471649059896175,0.011831155111476394,0.0005432407190116829,0.013628864680773161,0.0025386918799409847
2,original,active,cross_camera,000181,0,0.0,0.0,0.0,0.0,0.0,0.0,0,0,0,0,,,,,,
2,original,active,cross_camera,000182,0,0.0,0.0,0.0,0.0,0.0,0.0,0,0,0,0,,,,,,
2,original,active,cross_camera,000184,0,0.0,0.0,0.0,0.0,0.0,0.0,0,0,0,0,,,,,,
2,original,active,cross_camera,000185,0,0.0,0.0,0.0,0.0,0.0,0.0,0,0,0,0,,,,,,
2,original,active,cross_camera,000187,0,0.0,0.0,0.0,0.0,0.0,0.0,0,0,0,0,,,,,,
2,original,active,cross_camera,000188,0,0.0,0.0,0.0,0.0,0.0,0.0,0,0,0,0,,,,,,
2,original,active,cross_camera,000190,0,0.0,0.0,0.0,0.0,0.0,0.0,0,0,0,0,,,,,,
2,original,active,cross_camera,000191,30128,21617.839105485124,20320.963869130937,261.0304215486275,14.344856462104545,326.81200815409403,71.44656903965233,20074,10054,0,0,0.7175331620248647,0.6744876483381219,0.00866404744917112,0.00047613039239592886,0.010847451146909654,0.002371434182144594
2,original,active,cross_camera,000193,0,0.0,0.0,0.0,0.0,0.0,0.0,0,0,0,0,,,,,,
2,original,active,cross_camera,000198,39648,28963.791454274557,27389.231576513965,512.7373012383217,24.960006420376843,488.89517694260667,78.51224881181177,28232,11416,0,0,0.7305233922082969,0.6908099166796299,0.012932236209602545,0.0006295401135082941,0.012330891266712234,0.0019802322642204343
2,original,active,cross_camera,000200,58240,44276.487316492596,41572.275484720245,486.6061665410863,23.810487265640816,686.8480764687723,150.6028862484546,38925,19315,0,0,0.7602418838683481,0.7138096752184108,0.008355188299125795,0.00040883391596223926,0.011793407906400624,0.0025859012061891246
2,original,active,cross_camera,000204,25424,18567.371344135725,17395.41639617877,166.11648130408292,9.435489532786278,269.19231228908217,64.97523649034828,16107,9317,0,0,0.7303088162419653,0.6842124133172895,0.006533845236944735,0.0003711252962864332,0.01058811801011179,0.0025556653748563672
2,original,active,cross_camera,000209,32480,23245.061334878206,22009.24841168057,439.3597152515137,15.729294325207038,376.36802103571307,59.38472892492799,25591,6889,0,0,0.7156730706551172,0.6776246432167664,0.01352708482917222,0.00048427630311598024,0.011587685376715303,0.0018283475654226598
2,original,active,cross_camera,000213,16576,11488.566231605131,10618.439875346608,-42.19428376624797,4.031846081497631,130.69680656425726,51.00832350223628,7344,9232,0,0,0.693084352775406,0.6405912086961033,-0.0025455045708402493,0.00024323395761930688,0.0078847011682105,0.0030772395935229416
2,original,active,cross_camera,000214,0,0.0,0.0,0.0,0.0,0.0,0.0,0,0,0,0,,,,,,
2,original,active,cross_camera,000215,0,0.0,0.0,0.0,0.0,0.0,0.0,0,0,0,0,,,,,,
2,original,active,cross_camera,000217,21616,15575.209100098815,14575.741126320936,122.9710573233666,7.803950356102293,221.58117331202266,54.53854721733262,13138,8478,0,0,0.7205407614775543,0.6743033459622935,0.005688890512739017,0.0003610265708781594,0.010250794472243831,0.0025230638053910354
2,original,active,cross_camera,000218,0,0.0,0.0,0.0,0.0,0.0,0.0,0,0,0,0,,,,,,
2,original,active,cross_camera,000219,0,0.0,0.0,0.0,0.0,0.0,0.0,0,0,0,0,,,,,,
2,original,active,cross_camera,000223,0,0.0,0.0,0.0,0.0,0.0,0.0,0,0,0,0,,,,,,
2,original,active,cross_camera,000224,0,0.0,0.0,0.0,0.0,0.0,0.0,0,0,0,0,,,,,,
2,original,active,cross_camera,000228,38976,29257.735864218324,27468.81831078278,319.562948148284,11.417764156332394,441.31686001118004,96.41277966683678,27223,11753,0,0,0.7506603002929578,0.704762374558261,0.008198967265709258,0.0002929434563919436,0.011322784790927238,0.0024736447985128484
2,original,active,cross_camera,000229,0,0.0,0.0,0.0,0.0,0.0,0.0,0,0,0,0,,,,,,
2,original,active,cross_camera,000230,0,0.0,0.0,0.0,0.0,0.0,0.0,0,0,0,0,,,,,,
2,original,active,cross_camera,000232,33152,26163.608544459275,24230.048523647478,-48.06010642741743,10.286382383943582,351.1653698282764,127.70838737239959,15463,17689,0,0,0.7892015125621161,0.7308774289227642,-0.0014496895037227747,0.0003102793914075646,0.0105925847559205,0.0038522076306829025
2,original,active,cross_camera,000235,31136,22552.27846367241,20862.949652363663,-64.08208587445809,10.64383353984992,271.6443292392213,106.82973231601605,13630,17506,0,0,0.7243152127335691,0.6700587632439511,-0.002058134823819954,0.00034184974113084276,0.00872444531215382,0.0034310679700673193
2,original,active,cross_camera,000238,0,0.0,0.0,0.0,0.0,0.0,0.0,0,0,0,0,,,,,,
2,original,active,cross_camera,000239,28112,21205.22798792133,19996.570876550017,319.5134193788908,13.595995377159543,349.3597211394449,62.898185500127646,20064,8048,0,0,0.754312321710349,0.7113179736962869,0.011365730626739142,0.0004836367166035694,0.01242742320501725,0.0022374141114160375
2,original,active,cross_camera,000242,0,0.0,0.0,0.0,0.0,0.0,0.0,0,0,0,0,,,,,,
2,original,active,cross_camera,000248,0,0.0,0.0,0.0,0.0,0.0,0.0,0,0,0,0,,,,,,
2,original,active,cross_camera,000251,32032,23401.99261041789,21769.292668658774,53.7820658120914,10.950729228136504,305.34251307771876,98.40326672014845,16917,15115,0,0,0.7305816873881709,0.6796107851104762,0.0016790105460817745,0.0003418684199593064,0.009532421112566145,0.0030720300549496892
2,original,active,cross_camera,000256,0,0.0,0.0,0.0,0.0,0.0,0.0,0,0,0,0,,,,,,
2,original,active,cross_camera,000257,39872,30278.03235337598,27745.645737577055,-350.37768866613425,16.18804295522138,330.5819948363188,180.20964528620632,12867,27005,0,0,0.759380827482343,0.6958679207859414,-0.008787562416385791,0.0004060002747597658,0.008291081331167707,0.004519704185548915
2,original,active,cross_camera,000262,0,0.0,0.0,0.0,0.0,0.0,0.0,0,0,0,0,,,,,,
2,original,active,cross_camera,000263,0,0.0,0.0,0.0,0.0,0.0,0.0,0,0,0,0,,,,,,
2,original,active,cross_camera,000265,0,0.0,0.0,0.0,0.0,0.0,0.0,0,0,0,0,,,,,,
2,original,active,cross_camera,000266,0,0.0,0.0,0.0,0.0,0.0,0.0,0,0,0,0,,,,,,
2,original,active,cross_camera,000268,0,0.0,0.0,0.0,0.0,0.0,0.0,0,0,0,0,,,,,,
2,original,active,cross_camera,000281,0,0.0,0.0,0.0,0.0,0.0,0.0,0,0,0,0,,,,,,
2,original,active,cross_camera,000297,0,0.0,0.0,0.0,0.0,0.0,0.0,0,0,0,0,,,,,,
2,original,active,cross_camera,000300,0,0.0,0.0,0.0,0.0,0.0,0.0,0,0,0,0,,,,,,
2,original,active,cross_camera,000302,0,0.0,0.0,0.0,0.0,0.0,0.0,0,0,0,0,,,,,,
2,original,active,cross_camera,000303,0,0.0,0.0,0.0,0.0,0.0,0.0,0,0,0,0,,,,,,
2,original,active,cross_camera,000305,0,0.0,0.0,0.0,0.0,0.0,0.0,0,0,0,0,,,,,,
2,original,active,cross_camera,000306,0,0.0,0.0,0.0,0.0,0.0,0.0,0,0,0,0,,,,,,
2,original,active,cross_camera,000308,0,0.0,0.0,0.0,0.0,0.0,0.0,0,0,0,0,,,,,,
2,original,active,cross_camera,000309,0,0.0,0.0,0.0,0.0,0.0,0.0,0,0,0,0,,,,,,
2,original,active,cross_camera,000311,0,0.0,0.0,0.0,0.0,0.0,0.0,0,0,0,0,,,,,,
2,original,active,cross_camera,000312,0,0.0,0.0,0.0,0.0,0.0,0.0,0,0,0,0,,,,,,
2,original,active,cross_camera,000314,0,0.0,0.0,0.0,0.0,0.0,0.0,0,0,0,0,,,,,,
2,original,active,cross_camera,000315,0,0.0,0.0,0.0,0.0,0.0,0.0,0,0,0,0,,,,,,
2,original,active,cross_camera,000317,0,0.0,0.0,0.0,0.0,0.0,0.0,0,0,0,0,,,,,,
2,original,active,cross_camera,000318,0,0.0,0.0,0.0,0.0,0.0,0.0,0,0,0,0,,,,,,
2,original,active,cross_camera,000320,0,0.0,0.0,0.0,0.0,0.0,0.0,0,0,0,0,,,,,,
2,original,active,cross_camera,000321,0,0.0,0.0,0.0,0.0,0.0,0.0,0,0,0,0,,,,,,
2,original,active,cross_camera,000323,0,0.0,0.0,0.0,0.0,0.0,0.0,0,0,0,0,,,,,,
2,original,active,cross_camera,000324,0,0.0,0.0,0.0,0.0,0.0,0.0,0,0,0,0,,,,,,
2,original,active,cross_camera,000326,0,0.0,0.0,0.0,0.0,0.0,0.0,0,0,0,0,,,,,,
2,original,active,cross_camera,000327,0,0.0,0.0,0.0,0.0,0.0,0.0,0,0,0,0,,,,,,
2,original,inactive,identity,000009,100352,80571.085000908,76423.50492370129,1781.0260180503826,69.60367334433298,1488.6669872696611,219.0590638252541,83213,17139,0,0,0.8028846958795839,0.7615543778270616,0.017747787966860478,0.0006935952780645426,0.01483445259954621,0.0021829068062943846
2,original,inactive,identity,000011,90944,71652.44789226406,68393.05098510627,2012.9553183258454,74.9141930961223,1418.9163742642493,146.4573617798132,81150,9794,0,0,0.7878743830518127,0.7520347794808483,0.02213400904211213,0.0008237398079710844,0.015602088914763473,0.0016104125811467849
2,original,inactive,identity,000015,28224,22428.029238262272,21008.382331917295,230.65916617555155,13.412802189172176,350.26232115904946,85.5770811643276,18687,9537,0,0,0.7946438930790204,0.7443446121002443,0.00817244778116325,0.00047522683493382144,0.01241008790954682,0.003032067785017276
2,original,inactive,identity,000017,65856,51661.05217470729,49598.365521273576,1738.6526087459224,70.76176257801458,1089.6627931996754,92.43400380356557,58930,6926,0,0,0.7844547524099139,0.7531335872399413,0.026400823140578268,0.0010744922646078502,0.016546142996836665,0.0014035775601853374
2,original,inactive,identity,000019,94080,74873.0227020618,69795.60191312793,431.90875226275256,36.88669311246758,1093.207569818315,326.1481426009962,56368,37712,0,0,0.795844203890963,0.7418750203351183,0.004590866839527557,0.00039207794549816734,0.011619978420687873,0.0034667106994153507
2,original,inactive,identity,000020,68992,56004.930767051585,53190.751724639515,1306.7928162423343,46.95318143878494,1064.4187189344905,147.85236640481406,58798,10194,0,0,0.8117597803665872,0.7709698475858,0.0189412224061099,0.0006805597959007557,0.015428147016095932,0.0021430363868972352
2,original,inactive,identity,000022,81536,63747.11429975409,57909.44595294027,-1147.0087834194114,46.81963769330709,629.3932331040205,461.02338982069125,19203,62333,0,0,0.7818278343278318,0.7102316271700877,-0.014067513532910756,0.000574220438742483,0.007719206646193344,0.005654231134967269
2,original,inactive,identity,000023,78400,61098.04694164253,57091.74563232227,489.4337735875109,32.660042832357824,916.937583021262,244.0262342672949,49038,29362,0,0,0.7793118232352364,0.7282110412286004,0.006242777724330496,0.0004165821789841559,0.011695632436495688,0.003112579518715496
2,original,inactive,identity,000025,103488,87281.2414001599,80938.2854293487,79.3988945944642,34.44310568540943,1245.8630044709803,435.90562834170214,55138,48350,0,0,0.843394803263759,0.7821030982273182,0.0007672280321821293,0.0003328222178939532,0.012038719508261637,0.004212136946715582
2,original,inactive,identity,000026,78400,66323.18988763125,60576.259769818746,-866.7169765810874,41.106984992605135,788.7975182865908,457.5865994036235,22641,55759,0,0,0.8459590546891741,0.772656374615035,-0.011055063476799583,0.0005243237881709838,0.010061192835288148,0.005836563767903361
2,original,inactive,identity,000028,94080,74483.13894940057,69124.18423160212,121.6862784636861,41.99622239846282,1022.8357654454871,370.15440652863487,50653,43427,0,0,0.7917000313499211,0.7347383528018933,0.0012934340823095886,0.00044638841835100784,0.010871978799378052,0.003934464355108789
2,original,inactive,identity,000029,78400,60751.5870790756,55888.39064114774,-392.9546700592677,31.173744344811258,725.8282188254725,340.5758657718904,30282,48118,0,0,0.774892692335148,0.7128621255248436,-0.005012176914021272,0.0003976242901123885,0.009258012995222864,0.004344079920559826
2,original,inactive,identity,000031,106624,85843.84192922828,79531.05283901445,3.7986099043213066,35.9165295468778,1154.654368802266,432.0692534227892,54011,52613,0,0,0.8051080613110395,0.7459019811582237,3.5626218340348386e-05,0.000336852205384133,0.010829216394078875,0.004052270158902209
2,original,inactive,identity,000032,84672,66143.34750490793,61485.25662724272,208.8890466325277,24.62228593867694,910.144807957464,289.1048344500929,45230,39442,0,0,0.7811714321724764,0.7261580761909807,0.0024670380601914178,0.0002907960829870198,0.010749064719830215,0.003414408948059487
2,original,inactive,identity,000034,90944,71013.42377091141,66641.72354270774,853.631129920105,50.66655884161327,1141.2972206016561,258.5334143123625,60770,30174,0,0,0.7808478159187128,0.7327775723819905,0.00938633807530024,0.0005571182138636223,0.01254945043765016,0.0028427759314782995
2,original,inactive,identity,000035,97216,78378.14346914843,70989.58427937469,-1621.3147856442492,58.72496033989924,751.60574989023,611.6281350891525,16650,80566,0,0,0.8062267884828468,0.7302253155794796,-0.016677448009013426,0.000604066823772828,0.007731296801866256,0.006291434898464785
2,original,inactive,identity,000037,90944,72170.73357453925,67151.17646143772,290.93176717565007,41.00199585313385,1045.7301070430253,324.4289636629971,50802,40142,0,0,0.7935733371584629,0.738379403384915,0.0031990210148624436,0.00045084882843435356,0.011498615709041007,0.003567348738377431
2,original,inactive,identity,000038,109760,91035.90884849615,85434.5053662128,1097.2284658948536,47.91159963607759,1513.8760041128921,338.7739954827362,78163,31597,0,0,0.8294087905293017,0.7783755955376531,0.009996615031840867,0.0004365123873549343,0.01379260207828801,0.00308649777225525
2,original,inactive,identity,000040,87808,71961.77007833519,67061.60361107648,394.9463974507601,31.18990241586034,1083.357138717921,312.0650591866842,53219,34589,0,0,0.8195354646311861,0.7637299973929083,0.004497840714408256,0.00035520570353339494,0.012337795402673117,0.003553947922588878
2,original,inactive,identity,000041,103488,81884.43591454846,75903.72848228668,44.5380495907978,33.38877711861087,1107.8699364901972,390.08720361896764,54244,49244,0,0,0.7912457088217809,0.733454395507563,0.00043036921759815434,0.0003226342872469356,0.010705298551428159,0.0037693955204368395
2,original,inactive,identity,000043,94080,70246.14625617379,65002.998395879404,-74.27454975152224,30.326678055186974,880.8815443750614,339.87850291314663,44372,49708,0,0,0.7466639695596703,0.6909332312487182,-0.0007894828842636293,0.00032234989429407926,0.009363111653646486,0.0036126541551142286
2,original,inactive,identity,000044,62720,47806.809356435086,45193.44849440899,904.3743322084274,36.11595946316199,826.1397042827523,134.67822085450854,48501,14219,0,0,0.7622259144839778,0.7205588089032046,0.01441923361301702,0.0005758284353182716,0.013171870285120412,0.002147293062093567
2,original,inactive,identity,000046,94080,75289.67055907496,69730.63707521529,-19.046033257509144,33.29607410917957,1019.9234699643265,375.487887454098,45458,48622,0,0,0.8002728588337049,0.741184492721251,-0.0002024450813935921,0.00035391235235097333,0.010841023277682042,0.0039911552663063135
2,original,inactive,identity,000047,90944,76955.65531045018,70276.09761898872,-1016.983243905029,50.08693612245506,904.9441213003969,537.702105904313,26758,64186,0,0,0.8461872725023111,0.7727403415177331,-0.011182521594662969,0.0005507448113394513,0.009950564317606405,0.005912452783078741
2,original,inactive,identity,000049,97216,78849.67203452397,72807.95879038703,-239.7726816183476,37.32097744480545,1017.924509297945,429.43111127908435,42794,54422,0,0,0.8110771070042377,0.7489297933507553,-0.0024663911456791845,0.00038389748029959525,0.010470750795115464,0.004417288422472477
2,original,inactive,identity,000050,81536,65503.904225515435,60798.56483693677,114.58882574476836,31.79864600703523,912.2553915412138,312.08592612265954,45140,36396,0,0,0.8033740216041434,0.7456652869522269,0.0014053770818383089,0.0003899951678649337,0.011188375583070224,0.003827584454997296
2,original,inactive,identity,000058,31360,23347.25051971886,22393.323067907244,764.0170407708026,28.031211132900946,454.9667074457164,42.00789607091427,28346,3014,0,0,0.7444914068787901,0.7140728019103075,0.02436278828988529,0.0008938523958195454,0.014507866946610855,0.0013395375022612968
2,original,inactive,identity,000098,90944,71365.59252325131,66910.63615733502,796.28838051121,42.316385623638695,1110.8885883788398,262.0233314040858,61408,29536,0,0,0.7847201852046458,0.7357344756920194,0.008755809954600744,0.00046530156605865914,0.012215083879957334,0.0028811502837359894
2,original,inactive,identity,000127,84672,67227.62447532272,62951.91620991519,671.0552568853813,30.89758642089714,1029.0554349995746,256.5533758006572,59138,25534,0,0,0.7939770464300208,0.7434797360392478,0.007925350256110417,0.0003649091366791518,0.012153432480626118,0.0030299671178271115
2,original,inactive,identity,000128,112896,93911.73376607272,86667.35779866885,-334.1341949935094,55.632242095463134,1261.0948248347127,536.1320211601169,52052,60844,0,0,0.8318428798723845,0.7676743002291387,-0.0029596637169918283,0.0004927742532548818,0.011170411926327882,0.004748901831421104
2,original,inactive,identity,000150,90944,71522.10559239984,64864.21325035859,-1395.1310033309032,53.795341636883016,700.2303147588394,531.0263109290835,18864,72080,0,0,0.7864411681078448,0.7132324644875813,-0.015340550265338046,0.0005915216137060501,0.007699576824846493,0.005839047226085102
2,original,inactive,identity,000151,87808,69833.06794364791,65350.816446593264,656.226559391389,34.153523779277464,1088.9461315941605,267.98351667406234,56105,31703,0,0,0.7952927745040077,0.7442467252026383,0.007473425649045519,0.00038895685790904543,0.012401445558424751,0.0030519259825307755
2,original,inactive,identity,000153,109760,90188.91985862982,85105.71655117208,1553.1052391195021,54.574047525825335,1621.7676442872869,270.31312107318433,86020,23740,0,0,0.8216920541055923,0.7753800706192792,0.014150011289354064,0.0004972125321230442,0.014775579849556185,0.002462765315900003
2,original,inactive,identity,000154,100352,78419.19874209218,73189.43584353919,540.5024471638543,54.05021803458694,1180.4505996496396,330.4550616997318,59836,40516,0,0,0.7814413139956571,0.7293271269485331,0.005386065521004606,0.0005386062862183807,0.011763099884901542,0.003292959399909636
2,original,inactive,identity,000159,68992,55568.18085471087,52563.80238398416,1084.4563229697565,41.71073050587103,1006.3670864424275,161.3660811830342,55812,13180,0,0,0.805429337527697,0.7618825716602529,0.015718580748054215,0.0006045734361356538,0.014586721452377487,0.002338910035700287
2,original,inactive,identity,000181,90944,73980.52497811854,68855.82260746427,318.9551314217038,23.736624737577966,1077.3066538008966,319.5969775321689,55300,35644,0,0,0.8134734009733302,0.7571233133297883,0.0035071596963153566,0.00026100264709687243,0.011845824395242089,0.0035142172934131874
2,original,inactive,identity,000182,128576,101276.01192481918,94381.64561442542,557.7560185291685,38.81651732529113,1466.9499267076312,424.7494245974109,78775,49801,0,0,0.7876743087731706,0.7340533662147323,0.004337948128182309,0.0003018955118007337,0.011409204880441382,0.003303489178364632
2,original,inactive,identity,000184,112896,95247.97048565705,86758.3537680622,-1481.0515682516232,59.01717937517687,1063.1173354333712,691.8507243342044,25875,87021,0,0,0.8436788768925121,0.7684803161144965,-0.01311872491719479,0.0005227570452024595,0.009416784788064866,0.00612821290687185
2,original,inactive,identity,000185,53312,45057.57440197113,41562.513751004124,-179.62049977609124,18.844470463910994,605.6781740956433,255.11983887597535,23543,29769,0,0,0.8451675870717874,0.7796089764218961,-0.0033692320636271615,0.00035347521128284426,0.011361010168360655,0.00478541114338189
2,original,inactive,identity,000187,21952,17825.870997686987,16880.31962499791,366.1172916830447,12.928886688917142,326.1537609414626,49.654876868263344,17974,3978,0,0,0.8120385840783066,0.7689649974944383,0.01667808362258768,0.0005889616749688931,0.014857587506444178,0.0022619750759959615
2,original,inactive,identity,000188,68992,51798.22362570971,48484.83602002775,498.04504794821366,22.268344016629218,760.0606465945143,183.4925260622696,46429,22563,0,0,0.7507859407715345,0.7027602623496602,0.007218881144889461,0.00032276704569557656,0.011016648982411212,0.0026596203336947703
2,original,inactive,identity,000190,34496,29234.893732876633,27004.05637134961,-79.66651435557736,12.399100414006394,400.8565766061341,161.44901018223447,15620,18876,0,0,0.84748648344378,0.7828170330284557,-0.0023094420905489725,0.0003594358886249535,0.011620378496235335,0.004680224089234534
2,original,inactive,identity,000191,37632,26281.966638000973,24570.127457294846,222.04848636004579,15.857833454911788,365.1192684516508,96.67636598716702,22171,15461,0,0,0.698394096460485,0.6529051726534557,0.005900523128189992,0.0004213922580493141,0.009702361512852115,0.0025689935689617084
2,original,inactive,identity,000193,25088,19458.72526022495,18050.55814235867,23.650725748495926,8.701088273235646,260.71837648534193,91.62462972674945,12415,12673,0,0,0.7756188321199359,0.7194897218733526,0.0009427106883169613,0.00034682271497272186,0.010392154674957826,0.003652129692552194
2,original,inactive,identity,000198,72128,55350.29080160067,52312.81137555628,1035.3225154576346,44.95200755339148,963.8639195438425,156.95365919465598,54206,17922,0,0,0.7673897903948629,0.725277442540432,0.014353961228061705,0.0006232254818294071,0.013363242007872705,0.0021760434116384203
2,original,inactive,identity,000200,106624,84083.62742857289,79023.28531852912,1126.7249510333688,47.87710585919513,1364.0818692387252,287.9998214394105,75870,30754,0,0,0.7885994469216395,0.7411397557635159,0.01056727332526794,0.0004490274784213229,0.012793384878064274,0.0027010787574974723
2,original,inactive,identity,000204,90944,71164.29851227865,66397.48139661853,469.6159535958849,37.31562756415108,1048.24508233241,291.45511621617567,53057,37887,0,0,0.7825068010234721,0.7300919400578216,0.005163792593198945,0.0004103143424981426,0.01152626981804638,0.0032047756445304325
2,original,inactive,identity,000209,87808,64769.0604749911,61273.120278680464,1269.9165215401974,49.44712439976336,1076.3434374273195,174.80065775144791,68483,19325,0,0,0.7376214066484956,0.697807947780162,0.014462423942467627,0.0005631277833427861,0.012257919977989699,0.001990714487876366
2,original,inactive,identity,000213,53312,38109.54796517425,35116.07269493211,-189.28691468904455,14.36364725717798,432.05762742675364,186.41422745416872,22412,30900,0,0,0.7148399603311496,0.6586898389655633,-0.0035505498703677324,0.000269426156534701,0.00810432224314889,0.0034966654309380387
2,original,inactive,identity,000214,18816,15262.944271524088,14146.759452822094,6.897791377135837,7.763318388655075,211.3213218468605,75.39311105727656,9336,9480,0,0,0.8111683817774281,0.7518473348651198,0.0003665918036317941,0.0004125913259276719,0.011230937598153726,0.0040068617696256675
2,original,inactive,identity,000215,81536,67144.8550024596,61608.93541600848,-595.2464326981408,33.005972226444754,811.3546796338263,421.1903445283868,28202,53334,0,0,0.823499497184797,0.7556040940935106,-0.007300412488939129,0.00040480244586985813,0.009950876663483937,0.005165697906794383
2,original,inactive,identity,000217,53312,39650.319153143704,37023.63535990147,290.8780567386595,17.31530911354991,558.9113505558829,151.76008343120498,32715,20597,0,0,0.7437409805136499,0.6944709513787041,0.005456146022258769,0.0003247919626641265,0.010483781335456988,0.0028466402204232626
2,original,inactive,identity,000218,18816,13949.345475756912,12870.32384486217,-52.5966471491778,5.8125989181846895,167.70500629403105,68.95090093117665,7510,11306,0,0,0.741355520607829,0.6840095580815354,-0.0027953150058023916,0.0003089178846824346,0.008912893616817127,0.003664482404930732
2,original,inactive,identity,000219,31360,23050.03846255655,21605.289210737683,251.32569272834033,10.37559898227022,334.17022936734065,78.2690846143737,20862,10498,0,0,0.7350139815866247,0.6889441712607679,0.008014212140572076,0.00033085455938361674,0.010655938436458567,0.0024958254022440594
2,original,inactive,identity,000223,75264,59295.94748747576,55637.54480785155,704.729772847193,29.10085482843239,932.6182676682354,204.91278880235393,53540,21724,0,0,0.7878394383433748,0.7392318347131637,0.009363437670695059,0.00038665038834545583,0.0123912928846226,0.0027225870110856973
2,original,inactive,identity,000224,62720,51159.74955250078,46914.91776099987,-480.3795314207009,29.52317814535188,604.2756868735937,324.25351914786216,21777,40943,0,0,0.8156847824059437,0.7480057040975745,-0.0076591124269882165,0.0004707139372664522,0.009634497558571329,0.005169858404780966
2,original,inactive,identity,000228,90944,71275.88373828906,66986.04743397841,954.8074630023339,31.596472864876077,1136.378408657589,235.90623225834457,67126,23818,0,0,0.7837337673545156,0.7365636813201356,0.010498850534420455,0.0003474277892425677,0.012495364275351745,0.0025939724694135353
2,original,inactive,identity,000229,25088,21787.276252542157,19982.320192273473,-201.79806893201462,10.625569652185966,275.86271302723037,141.69945957697598,8231,16857,0,0,0.8684341618519673,0.7964891658272271,-0.008043609252711042,0.0004235319536107289,0.010995803293496108,0.0056480970813526776
2,original,inactive,identity,000230,40768,29704.808557259617,27628.00362780178,108.94333332191671,12.178198412322612,386.28392140076284,123.15872992119857,23338,17430,0,0,0.7286305081745392,0.6776884720320295,0.0026722756407456024,0.0002987195450432352,0.00947517468114116,0.0030209657064658203
2,original,inactive,identity,000232,90944,72811.2027548916,67160.68328062003,-292.9033958634641,32.82344721522116,928.6455550593288,401.66830027019535,40077,50867,0,0,0.8006157938389734,0.7384839382545305,-0.003220700605465606,0.00036091932634611584,0.010211180012527805,0.004416655307334132
2,original,inactive,identity,000235,106624,78642.68922970432,72457.74671938439,-398.2322195328523,38.953304748728875,909.9411933243368,415.78409782990013,44300,62324,0,0,0.7375702396243278,0.6795632007745385,-0.003734921026531103,0.0003653333653654794,0.008534112332348597,0.003899535731447893
2,original,inactive,identity,000238,65856,52843.595259274705,48754.76320818812,-200.4785437966657,21.73045296028274,670.0580229593281,283.80103063598654,28285,37571,0,0,0.8024112496852938,0.7403237853527107,-0.003044195575143733,0.0003299692201209114,0.01017459340013557,0.004309417982203391
2,original,inactive,identity,000239,72128,58138.93269959977,54897.05090707971,1036.1148457367701,38.16173469170299,1042.4400383419397,170.09785582195184,56438,15690,0,0,0.8060521947038566,0.7611059631083589,0.014364946286279533,0.0005290835000513392,0.0144526402831347,0.0023582777260141947
2,original,inactive,identity,000242,90944,69093.99937068904,64435.930316204205,426.0266333185621,32.05774675288269,976.6843596402334,271.94314923206707,52957,37987,0,0,0.7597422520527911,0.7085231605845818,0.004684494120761811,0.00035249985433764397,0.010739404024897007,0.0029902263946172047
2,original,inactive,identity,000248,75264,57862.99540406966,54398.70200555411,793.3991376906408,30.727168322107893,907.9677419815083,194.28350029140384,55423,19841,0,0,0.7688004278814528,0.7227718697591692,0.010541548917020633,0.00040825850768106786,0.012063772082024717,0.0025813602823581503
2,original,inactive,identity,000251,97216,74090.69369221083,68941.49208221096,302.5623599220613,31.863358410646015,1008.6082922394141,318.4597456814495,58108,39108,0,0,0.7621244825153353,0.7091578760925255,0.0031122691729968456,0.00032775837733136536,0.010374920715102598,0.003275795606499439
2,original,inactive,identity,000256,72128,55717.50892354641,50710.192132731434,-907.4940937151878,32.648090122211016,554.2460224805209,376.3337822912643,16263,55865,0,0,0.7724809910651399,0.7030583425678161,-0.012581717137799299,0.00045264100102887945,0.007684200622234373,0.0052175823853602525
2,original,inactive,identity,000257,78400,61489.871463552176,56122.511304784566,-842.7937246519132,33.652873062330485,648.6470375396761,407.9577249531957,21616,56784,0,0,0.7843095849942879,0.715848358479395,-0.010749919957294811,0.0004292458298766644,0.008273559152291788,0.005203542410117292
2,original,inactive,identity,000262,65856,49113.08603841043,46277.941657079384,778.7096612318028,28.846589998544196,781.355119264439,149.82303679202826,48960,16896,0,0,0.745764790427758,0.7027141286607049,0.011824429987120426,0.0004380252368583606,0.011864600328966822,0.0022750096694610705
2,original,inactive,identity,000263,59584,45225.889636713604,42187.51717726677,289.45271456718405,20.997297943525282,642.2411691789764,180.38080891054273,36202,23382,0,0,0.7590274173723416,0.7080343242693805,0.004857893303020677,0.00035239826033037864,0.010778752168014508,0.0030273363471828465
2,original,inactive,identity,000265,12544,9757.16587482288,9212.78809453547,173.5769683331103,7.25695158073312,163.88045279490524,30.935924022366244,9798,2746,0,0,0.7778352897658546,0.7344378264138608,0.013837449643902287,0.0005785197369844643,0.013064449361838747,0.0024661929227013904
2,original,inactive,identity,000266,62720,48646.5439367395,44743.368741347454,-323.65039572854636,24.478045704907334,577.1773234210389,274.54418655783667,25971,36749,0,0,0.7756145398077089,0.7133827924321979,-0.005160242278835242,0.00039027496340732356,0.009202444569850747,0.004377298892822651
2,original,inactive,identity,000268,34496,27488.298804089543,25696.92083679652,231.27440031921597,13.756792986274787,424.7423584293179,107.08631447476321,21166,13330,0,0,0.7968546731241171,0.7449246532002701,0.006704383126136826,0.00039879385975982105,0.012312800279143029,0.0031043110643194346
2,original,inactive,identity,000281,62720,46172.310155476094,43321.859288981184,547.0141101374875,25.327725397751433,681.7744217467447,159.18820160692565,42843,19877,0,0,0.7361656593666469,0.6907184197860521,0.008721525990712492,0.0004038221523876185,0.010870127897747842,0.0025380771939879725
2,original,inactive,identity,000297,72128,56672.68787981622,52670.03424219962,167.45332811552038,25.05360240537529,798.7066388682691,254.92455515847283,38031,34097,0,0,0.7857238226460768,0.7302300665788545,0.0023216133556388696,0.00034734919040282957,0.011073461608089356,0.0035343355584304685
2,original,inactive,identity,000300,65856,49478.420242462365,45920.33678436745,82.65271704594025,19.068529978912572,646.9523103315914,221.13233113912716,34899,30957,0,0,0.7513122607273804,0.6972840255157837,0.0012550521903234367,0.00028954886386832744,0.009823741349787285,0.003357816009765658
2,original,inactive,identity,000302,40768,31571.355837258277,29146.377831146587,-101.88489336298151,11.712363249031702,402.1267266846254,157.50532816015163,18151,22617,0,0,0.7744151255214452,0.7149327372239646,-0.0024991388678125372,0.00028729305457789693,0.009863783523465106,0.0038634548704903756
2,original,inactive,identity,000303,72128,57307.42033637356,53251.671370230615,161.06307636406865,19.124118292540047,795.8818669257746,253.66248720051215,37682,34446,0,0,0.7945239066156494,0.7382940240992487,0.002233017363077704,0.00026514139158912,0.011034298288123539,0.0035168379436628238
2,original,inactive,identity,000305,68992,57128.78763145616,52532.20710276649,-392.91269223589984,29.912456005081278,720.0523868495734,344.95650285942025,25570,43422,0,0,0.828049449667442,0.7614246159375941,-0.005695047139319049,0.00043356412345027366,0.010436751896590523,0.004999949310926198
2,original,inactive,identity,000306,28224,22405.139463856583,20515.158964502392,-241.3587091796073,10.893241788079798,252.40157211920678,138.8669024558349,8374,19850,0,0,0.7938328891672543,0.7268692943772106,-0.008551541566737786,0.0003859566960062287,0.008942799465674844,0.004920170863656282
2,original,inactive,identity,000308,72128,56294.980035465676,51490.05568518955,-662.6099980879006,31.427571347047657,621.8379712472163,356.50949508543414,21747,50381,0,0,0.7804871899326985,0.7138705590781604,-0.009186584933561177,0.0004357194341593786,0.00862131171316571,0.0049427336829724125
2,original,inactive,identity,000309,72128,58449.31388414628,53566.18220194151,-582.2964811740267,21.417628986170104,669.2403330491787,360.84936703361427,22341,49787,0,0,0.8103553943565089,0.7426544781768732,-0.008073098951503254,0.0002969391773814622,0.00927850949768715,0.0050029027150844925
2,original,inactive,identity,000311,65856,52533.196156143735,48591.36030586623,-76.32222425223314,23.158494534894505,690.7792990578489,266.13056610323383,30312,35544,0,0,0.7976979494069445,0.7378425702421378,-0.0011589259027610717,0.0003516535248860317,0.010489238627579096,0.004041098246222574
2,original,inactive,identity,000312,72128,57912.39968412288,55375.87416882254,1724.8023016750308,69.23447284673902,1204.5484475637047,114.01435696387942,64001,8127,0,0,0.8029114863038331,0.7677444843725397,0.023913075389239,0.0009598834411981343,0.01670015039324125,0.0015807225621655866
2,original,inactive,identity,000314,106624,91979.13552404352,83632.78774637822,-1578.3110372121007,53.17434795289714,1018.9125692290653,696.5527883560045,20081,86543,0,0,0.862649455320036,0.7843711335757261,-0.014802587008666912,0.0004987089956566734,0.009556127787637541,0.006532795509041158
2,original,inactive,identity,000315,65856,51738.46123443154,48559.55303441698,628.126999154191,27.696736712480025,822.174597661636,186.7494019474929,44824,21032,0,0,0.7856301815238025,0.7373595881076437,0.009537885677146973,0.0004205651225777458,0.012484429629215804,0.002835723426073447
2,original,inactive,identity,000317,56448,44050.218362495216,40722.08692016918,-86.81486978202251,16.340273102813107,564.3471490062593,220.579791873396,26743,29705,0,0,0.7803680974081494,0.7214088527524303,-0.001537961837124832,0.0002894747927794272,0.009997646488914741,0.003907663546509991
2,original,inactive,identity,000318,122304,102714.49576582096,94600.68502574065,-555.8414554213937,41.84332148219679,1345.1202235629808,595.1316272068702,48280,74024,0,0,0.8398294067718224,0.7734880709195173,-0.00454475287334342,0.0003421255354051936,0.01099817032609711,0.004866002969705571
2,original,inactive,identity,000320,59584,45620.84842379147,41810.439397372305,-453.5218747438153,18.997853574133895,502.4003263315434,267.3972965585964,19944,39640,0,0,0.7656560221500984,0.7017058169537511,-0.007611470776446954,0.00031884152749284866,0.008431799246971391,0.004487736582951739
2,original,inactive,identity,000321,65856,51002.398425557825,46984.88321168348,-264.64121230063284,22.23881027082203,619.5756750476071,271.2597006910652,27543,38313,0,0,0.7744533288623333,0.7134487854057866,-0.004018482937023701,0.0003376884455603442,0.009408036853857007,0.004118982335566466
2,original,inactive,identity,000323,21952,16843.75613049837,15709.909237114713,105.5554959619932,9.499066038563416,249.15712631832386,68.63600844987484,12264,9688,0,0,0.7672993864111866,0.7156481977548612,0.004808468292729282,0.00043271984505117604,0.011350087751381372,0.0031266403266160185
2,original,inactive,identity,000324,62720,48770.32321646594,44732.77413060563,-448.9163215685065,24.496749289575373,560.6077053725389,289.26325701077457,20880,41840,0,0,0.7775880614870208,0.7132138732558295,-0.007157466861742769,0.00039057317107103593,0.008938260608618286,0.004611977949789135
2,original,inactive,identity,000326,68992,52208.94295279513,48363.48842923902,-3.800195413660376,17.680686184741127,665.3936990702223,242.13913780938364,34014,34978,0,0,0.7567390850068867,0.7010013976872539,-5.5081682132136715e-05,0.0002562715414068461,0.009644505146541952,0.003509669785038608
2,original,inactive,identity,000327,75264,59733.696262983256,55988.46574071869,650.1124938182843,26.675543679722722,944.7622243227181,214.83158460358598,53158,22106,0,0,0.793655615739042,0.7438943683662667,0.008637761663189364,0.0003544263350303295,0.01255264434952591,0.00285437373250938
2,original,inactive,cross_camera,000009,0,0.0,0.0,0.0,0.0,0.0,0.0,0,0,0,0,,,,,,
2,original,inactive,cross_camera,000011,0,0.0,0.0,0.0,0.0,0.0,0.0,0,0,0,0,,,,,,
2,original,inactive,cross_camera,000015,0,0.0,0.0,0.0,0.0,0.0,0.0,0,0,0,0,,,,,,
2,original,inactive,cross_camera,000017,0,0.0,0.0,0.0,0.0,0.0,0.0,0,0,0,0,,,,,,
2,original,inactive,cross_camera,000019,0,0.0,0.0,0.0,0.0,0.0,0.0,0,0,0,0,,,,,,
2,original,inactive,cross_camera,000020,0,0.0,0.0,0.0,0.0,0.0,0.0,0,0,0,0,,,,,,
2,original,inactive,cross_camera,000022,0,0.0,0.0,0.0,0.0,0.0,0.0,0,0,0,0,,,,,,
2,original,inactive,cross_camera,000023,0,0.0,0.0,0.0,0.0,0.0,0.0,0,0,0,0,,,,,,
2,original,inactive,cross_camera,000025,0,0.0,0.0,0.0,0.0,0.0,0.0,0,0,0,0,,,,,,
2,original,inactive,cross_camera,000026,0,0.0,0.0,0.0,0.0,0.0,0.0,0,0,0,0,,,,,,
2,original,inactive,cross_camera,000028,0,0.0,0.0,0.0,0.0,0.0,0.0,0,0,0,0,,,,,,
2,original,inactive,cross_camera,000029,0,0.0,0.0,0.0,0.0,0.0,0.0,0,0,0,0,,,,,,
2,original,inactive,cross_camera,000031,0,0.0,0.0,0.0,0.0,0.0,0.0,0,0,0,0,,,,,,
2,original,inactive,cross_camera,000032,0,0.0,0.0,0.0,0.0,0.0,0.0,0,0,0,0,,,,,,
2,original,inactive,cross_camera,000034,0,0.0,0.0,0.0,0.0,0.0,0.0,0,0,0,0,,,,,,
2,original,inactive,cross_camera,000035,0,0.0,0.0,0.0,0.0,0.0,0.0,0,0,0,0,,,,,,
2,original,inactive,cross_camera,000037,0,0.0,0.0,0.0,0.0,0.0,0.0,0,0,0,0,,,,,,
2,original,inactive,cross_camera,000038,0,0.0,0.0,0.0,0.0,0.0,0.0,0,0,0,0,,,,,,
2,original,inactive,cross_camera,000040,0,0.0,0.0,0.0,0.0,0.0,0.0,0,0,0,0,,,,,,
2,original,inactive,cross_camera,000041,0,0.0,0.0,0.0,0.0,0.0,0.0,0,0,0,0,,,,,,
2,original,inactive,cross_camera,000043,0,0.0,0.0,0.0,0.0,0.0,0.0,0,0,0,0,,,,,,
2,original,inactive,cross_camera,000044,0,0.0,0.0,0.0,0.0,0.0,0.0,0,0,0,0,,,,,,
2,original,inactive,cross_camera,000046,0,0.0,0.0,0.0,0.0,0.0,0.0,0,0,0,0,,,,,,
2,original,inactive,cross_camera,000047,0,0.0,0.0,0.0,0.0,0.0,0.0,0,0,0,0,,,,,,
2,original,inactive,cross_camera,000049,0,0.0,0.0,0.0,0.0,0.0,0.0,0,0,0,0,,,,,,
2,original,inactive,cross_camera,000050,0,0.0,0.0,0.0,0.0,0.0,0.0,0,0,0,0,,,,,,
2,original,inactive,cross_camera,000058,0,0.0,0.0,0.0,0.0,0.0,0.0,0,0,0,0,,,,,,
2,original,inactive,cross_camera,000098,0,0.0,0.0,0.0,0.0,0.0,0.0,0,0,0,0,,,,,,
2,original,inactive,cross_camera,000127,0,0.0,0.0,0.0,0.0,0.0,0.0,0,0,0,0,,,,,,
2,original,inactive,cross_camera,000128,0,0.0,0.0,0.0,0.0,0.0,0.0,0,0,0,0,,,,,,
2,original,inactive,cross_camera,000150,0,0.0,0.0,0.0,0.0,0.0,0.0,0,0,0,0,,,,,,
2,original,inactive,cross_camera,000151,0,0.0,0.0,0.0,0.0,0.0,0.0,0,0,0,0,,,,,,
2,original,inactive,cross_camera,000153,0,0.0,0.0,0.0,0.0,0.0,0.0,0,0,0,0,,,,,,
2,original,inactive,cross_camera,000154,0,0.0,0.0,0.0,0.0,0.0,0.0,0,0,0,0,,,,,,
2,original,inactive,cross_camera,000159,33824,26639.791417542496,25229.881147932596,550.3069692747484,20.950388718217624,480.5081649724327,73.08447675619628,27603,6221,0,0,0.787600266601895,0.7459165429261057,0.016269718817252497,0.0006193941792282884,0.014206130705192548,0.002160728380918764
2,original,inactive,cross_camera,000181,0,0.0,0.0,0.0,0.0,0.0,0.0,0,0,0,0,,,,,,
2,original,inactive,cross_camera,000182,0,0.0,0.0,0.0,0.0,0.0,0.0,0,0,0,0,,,,,,
2,original,inactive,cross_camera,000184,0,0.0,0.0,0.0,0.0,0.0,0.0,0,0,0,0,,,,,,
2,original,inactive,cross_camera,000185,0,0.0,0.0,0.0,0.0,0.0,0.0,0,0,0,0,,,,,,
2,original,inactive,cross_camera,000187,0,0.0,0.0,0.0,0.0,0.0,0.0,0,0,0,0,,,,,,
2,original,inactive,cross_camera,000188,0,0.0,0.0,0.0,0.0,0.0,0.0,0,0,0,0,,,,,,
2,original,inactive,cross_camera,000190,0,0.0,0.0,0.0,0.0,0.0,0.0,0,0,0,0,,,,,,
2,original,inactive,cross_camera,000191,19712,13298.667417567107,12416.790032322519,96.66920761433624,8.309522892731112,176.01929966745786,49.737788508930386,11138,8574,0,0,0.6746483064918378,0.6299102086202576,0.004904079120045467,0.0004215464129835182,0.008929550510727366,0.002523223848870251
2,original,inactive,cross_camera,000193,0,0.0,0.0,0.0,0.0,0.0,0.0,0,0,0,0,,,,,,
2,original,inactive,cross_camera,000198,37968,28029.568828908727,26497.99559527496,530.9070296594957,23.202858902037967,472.164069585143,76.9449027365697,28196,9772,0,0,0.7382419097373769,0.697903381670748,0.013983012791284654,0.0006111161742003257,0.012435842540695928,0.0020265724488139933
2,original,inactive,cross_camera,000200,54208,41084.68029987012,38625.95099591196,564.3761444139767,24.18124503543499,645.2905499695788,135.51743033031943,38337,15871,0,0,0.7579080633830821,0.7125507488915283,0.010411307268557716,0.0004460825899393999,0.011903972660300672,0.0024999525961171675
2,original,inactive,cross_camera,000204,38640,29018.839822218986,27063.257414908614,179.6906952593409,15.523027916248491,409.7125852452995,116.10665823895116,22183,16457,0,0,0.7510051713824789,0.7003948606342809,0.004650380312094744,0.0004017346769215448,0.01060332777549947,0.0030048306997658165
2,original,inactive,cross_camera,000209,44240,31502.338792067312,29795.067726776702,610.7436142361664,24.430357053286816,505.01024304346646,84.31263127909672,34011,10229,0,0,0.7120781824608343,0.6734870643484788,0.013805235403168319,0.0005522232606981649,0.011415240575123563,0.00190580088786385
2,original,inactive,cross_camera,000213,26992,18467.65430012677,16997.778116684407,-110.98362480797711,7.328740787003194,197.53570925568908,89.02749050385869,10838,16154,0,0,0.6841899192400256,0.6297339254847513,-0.004111722910787534,0.00027151529293876684,0.007318305766734184,0.0032982917347309827
2,original,inactive,cross_camera,000214,0,0.0,0.0,0.0,0.0,0.0,0.0,0,0,0,0,,,,,,
2,original,inactive,cross_camera,000215,0,0.0,0.0,0.0,0.0,0.0,0.0,0,0,0,0,,,,,,
2,original,inactive,cross_camera,000217,22960,16097.425958902342,15013.946908013197,101.00664465315423,7.384128645074357,211.6142329570054,61.06800334681907,13441,9519,0,0,0.701107402391217,0.6539175482584145,0.004399244105102536,0.00032160839046491103,0.009216647776873059,0.0026597562433283567
2,original,inactive,cross_camera,000218,0,0.0,0.0,0.0,0.0,0.0,0.0,0,0,0,0,,,,,,
2,original,inactive,cross_camera,000219,0,0.0,0.0,0.0,0.0,0.0,0.0,0,0,0,0,,,,,,
2,original,inactive,cross_camera,000223,0,0.0,0.0,0.0,0.0,0.0,0.0,0,0,0,0,,,,,,
2,original,inactive,cross_camera,000224,0,0.0,0.0,0.0,0.0,0.0,0.0,0,0,0,0,,,,,,
2,original,inactive,cross_camera,000228,44464,33580.970113492454,31488.210098364856,378.205146844022,13.470758052845369,500.96830815618887,114.66766072024399,31144,13320,0,0,0.7552395221638282,0.7081731310355536,0.008505873219773795,0.00030295875433711245,0.0112668295285217,0.0025788876556370093
2,original,inactive,cross_camera,000229,0,0.0,0.0,0.0,0.0,0.0,0.0,0,0,0,0,,,,,,
2,original,inactive,cross_camera,000230,0,0.0,0.0,0.0,0.0,0.0,0.0,0,0,0,0,,,,,,
2,original,inactive,cross_camera,000232,45920,35657.54122304707,32866.44449637993,-167.33267738747526,16.753986081804065,438.110630124831,195.02725452665683,19582,26338,0,0,0.7765143994566,0.715732676314894,-0.0036440042985077365,0.00036485161327970525,0.00954073671874632,0.004247109201364478
2,original,inactive,cross_camera,000235,56784,40306.014603813295,37175.058294303715,-165.14687734174737,20.453891828756397,457.22875317664597,202.29824478705453,24688,32096,0,0,0.7098128804559963,0.6546748783865828,-0.002908334695367487,0.0003602051956318047,0.008052070181330057,0.0035625923638182328
2,original,inactive,cross_camera,000238,0,0.0,0.0,0.0,0.0,0.0,0.0,0,0,0,0,,,,,,
2,original,inactive,cross_camera,000239,21392,15967.168878936209,15072.309217634262,280.0414181435369,10.838015355532864,265.91610390180796,44.928061937624115,16069,5323,0,0,0.746408418050496,0.7045769080793877,0.013090941386664962,0.0005066387133289484,0.012430633129291695,0.0021002272783107756
2,original,inactive,cross_camera,000242,0,0.0,0.0,0.0,0.0,0.0,0.0,0,0,0,0,,,,,,
2,original,inactive,cross_camera,000248,0,0.0,0.0,0.0,0.0,0.0,0.0,0,0,0,0,,,,,,
2,original,inactive,cross_camera,000251,51408,37828.59536784538,35170.56565532531,125.48550351921769,16.74863760350191,492.0752062418541,161.86185052892694,29845,21563,0,0,0.7358503611859123,0.6841457682719675,0.002440972290678838,0.0003257982727105102,0.009571957793375625,0.003148573189560515
2,original,inactive,cross_camera,000256,0,0.0,0.0,0.0,0.0,0.0,0.0,0,0,0,0,,,,,,
2,original,inactive,cross_camera,000257,38976,29522.701803784003,26995.485064242268,-354.8683113134305,15.239441585830095,310.2724098945508,183.26812551309425,12063,26913,0,0,0.7574584822399426,0.6926181512787938,-0.009104790417524388,0.0003909955250880053,0.00796060164959336,0.004702076290873724
2,original,inactive,cross_camera,000262,0,0.0,0.0,0.0,0.0,0.0,0.0,0,0,0,0,,,,,,
2,original,inactive,cross_camera,000263,0,0.0,0.0,0.0,0.0,0.0,0.0,0,0,0,0,,,,,,
2,original,inactive,cross_camera,000265,0,0.0,0.0,0.0,0.0,0.0,0.0,0,0,0,0,,,,,,
2,original,inactive,cross_camera,000266,0,0.0,0.0,0.0,0.0,0.0,0.0,0,0,0,0,,,,,,
2,original,inactive,cross_camera,000268,0,0.0,0.0,0.0,0.0,0.0,0.0,0,0,0,0,,,,,,
2,original,inactive,cross_camera,000281,0,0.0,0.0,0.0,0.0,0.0,0.0,0,0,0,0,,,,,,
2,original,inactive,cross_camera,000297,0,0.0,0.0,0.0,0.0,0.0,0.0,0,0,0,0,,,,,,
2,original,inactive,cross_camera,000300,0,0.0,0.0,0.0,0.0,0.0,0.0,0,0,0,0,,,,,,
2,original,inactive,cross_camera,000302,0,0.0,0.0,0.0,0.0,0.0,0.0,0,0,0,0,,,,,,
2,original,inactive,cross_camera,000303,0,0.0,0.0,0.0,0.0,0.0,0.0,0,0,0,0,,,,,,
2,original,inactive,cross_camera,000305,0,0.0,0.0,0.0,0.0,0.0,0.0,0,0,0,0,,,,,,
2,original,inactive,cross_camera,000306,0,0.0,0.0,0.0,0.0,0.0,0.0,0,0,0,0,,,,,,
2,original,inactive,cross_camera,000308,0,0.0,0.0,0.0,0.0,0.0,0.0,0,0,0,0,,,,,,
2,original,inactive,cross_camera,000309,0,0.0,0.0,0.0,0.0,0.0,0.0,0,0,0,0,,,,,,
2,original,inactive,cross_camera,000311,0,0.0,0.0,0.0,0.0,0.0,0.0,0,0,0,0,,,,,,
2,original,inactive,cross_camera,000312,0,0.0,0.0,0.0,0.0,0.0,0.0,0,0,0,0,,,,,,
2,original,inactive,cross_camera,000314,0,0.0,0.0,0.0,0.0,0.0,0.0,0,0,0,0,,,,,,
2,original,inactive,cross_camera,000315,0,0.0,0.0,0.0,0.0,0.0,0.0,0,0,0,0,,,,,,
2,original,inactive,cross_camera,000317,0,0.0,0.0,0.0,0.0,0.0,0.0,0,0,0,0,,,,,,
2,original,inactive,cross_camera,000318,0,0.0,0.0,0.0,0.0,0.0,0.0,0,0,0,0,,,,,,
2,original,inactive,cross_camera,000320,0,0.0,0.0,0.0,0.0,0.0,0.0,0,0,0,0,,,,,,
2,original,inactive,cross_camera,000321,0,0.0,0.0,0.0,0.0,0.0,0.0,0,0,0,0,,,,,,
2,original,inactive,cross_camera,000323,0,0.0,0.0,0.0,0.0,0.0,0.0,0,0,0,0,,,,,,
2,original,inactive,cross_camera,000324,0,0.0,0.0,0.0,0.0,0.0,0.0,0,0,0,0,,,,,,
2,original,inactive,cross_camera,000326,0,0.0,0.0,0.0,0.0,0.0,0.0,0,0,0,0,,,,,,
2,original,inactive,cross_camera,000327,0,0.0,0.0,0.0,0.0,0.0,0.0,0,0,0,0,,,,,,
2,registered_style,all,identity,000009,188160,144249.44906829705,136398.5367274396,2705.599134109088,126.2837713078544,2498.7859464268117,430.21319879423686,143784,44376,0,0,0.7666318509156943,0.724907189240219,0.014379247098794047,0.0006711509954711649,0.013280112385346576,0.002286422187469371
2,registered_style,all,identity,000011,188160,143368.1708533893,136769.85436457023,3893.7009887810727,142.08577930686573,2749.693842670477,291.934281628797,164997,23163,0,0,0.761948186933404,0.7268806035532006,0.020693563928470837,0.0007551327556699922,0.01461359397677762,0.001551521479744882
2,registered_style,all,identity,000015,62720,47798.797615926655,44730.04797779978,429.2779715538237,28.271082002433676,716.5364240293408,180.55937974962114,40569,22151,0,0,0.7620981762743408,0.7131704078093077,0.006844355413804587,0.0004507506696816594,0.011424369005569847,0.0028788166414161535
2,registered_style,all,identity,000017,125440,93099.55387568497,89124.40352800628,2838.0923728367175,119.56773374786371,1839.4148021249357,182.62611982767368,106956,18484,9,9,0.7421839435242743,0.7104942883291318,0.02262509863549679,0.0009531866529644748,0.014663702185307204,0.0014558842460752047
2,registered_style,all,identity,000019,188160,145369.70482847933,135113.4367554764,382.22633405551227,69.62903521345437,1999.4720709525686,659.6626800463619,101983,86177,0,0,0.7725855911377515,0.7180773637089519,0.0020313899556521696,0.00037005227047966823,0.010626445955317648,0.003505860331879049
2,registered_style,all,identity,000020,188160,146216.283624341,138637.2225408716,3121.387936453759,112.5920285140554,2634.092118958378,393.1941838051271,153751,34409,0,0,0.7770848406905879,0.7368049667350743,0.016589009016017002,0.0005983845052830325,0.01399921406759342,0.0020896799734541195
2,registered_style,all,identity,000022,188160,143686.66086745838,130518.75275914045,-2652.5827878809555,105.10183587711093,1390.771085481065,1018.4798751305366,43277,144883,0,0,0.7636408421952507,0.6936583373678809,-0.014097485054639432,0.0005585769338707001,0.00739142796280328,0.0054128394724199435
2,registered_style,all,identity,000023,188160,140075.8661581335,130603.92780752643,779.1405825547107,77.96511579067122,1979.3661280437295,573.2467563481147,109009,79151,0,0,0.7444508192928013,0.6941110108818369,0.004140840681094339,0.0004143554198058632,0.010519590391388868,0.0030465920299113237
2,registered_style,all,identity,000025,188160,154612.39022903086,143301.93664916744,4.442124535376341,61.3463884784259,2141.2494775977616,766.0738583572302,95300,92860,0,0,0.8217070058940841,0.7615961769194698,2.360822988614127e-05,0.00032603310203245056,0.011379939825668376,0.004071395930895143
2,registered_style,all,identity,000026,188160,151102.5559284289,137899.43403206044,-2145.0840608131866,102.15804173461838,1700.0315901120855,1018.8945473612216,53391,134769,0,0,0.8030535497896943,0.7328838968540627,-0.011400319200750355,0.0005429317694229293,0.009035031835204536,0.00541504330017656
2,registered_style,all,identity,000028,188160,144471.1057524266,134046.00154077006,147.62861697635128,77.62931556794508,1925.7766080227968,700.4134555906082,98372,89788,0,0,0.76780987325907,0.7124043449233103,0.0007845908640324792,0.00041257076726161293,0.010234782142978299,0.0037224354570079094
2,registered_style,all,identity,000029,188160,139092.4599116811,128130.3260274888,-783.0229161928308,76.51984512852403,1624.8151037827424,741.8664219420642,76777,111383,0,0,0.7392243830340195,0.6809647429182015,-0.004161473831807137,0.00040667434698407753,0.008635284352586854,0.003942742463552637
2,registered_style,all,identity,000031,188160,146398.83299410623,135822.37178646168,137.34720137245284,59.77488807688734,1951.7250269267254,692.0500623897146,99838,88322,0,0,0.7780550222901054,0.721845088150838,0.0007299489868859101,0.00031768116537461385,0.010372688280860572,0.003677987151305881
2,registered_style,all,identity,000032,188160,142010.07761514565,132133.41756779182,515.9689962093566,59.193239968059274,1928.6637242525667,597.1264991843655,103928,84232,0,0,0.7547304295022622,0.7022396766995739,0.0027421821652282986,0.00031458992329963477,0.01025012608552597,0.003173503928488337
2,registered_style,all,identity,000034,188160,140113.9477476545,131155.44845258538,1295.366537726289,95.90047265144888,2108.4065082857132,523.9355544375646,117323,70837,0,0,0.7446532086928918,0.6970421367590635,0.006884388487065736,0.0005096751310132275,0.011205391731960637,0.0027845214415261727
2,registered_style,all,identity,000035,188160,147132.58340040344,133328.66920738807,-3036.4082161125443,113.05692332192562,1387.7360201551808,1117.1958416751884,34627,153533,0,0,0.7819546311671102,0.7085919919610335,-0.016137373597536905,0.0006008552472466285,0.007375297726164864,0.005937477900059462
2,registered_style,all,identity,000037,188160,145036.6847530848,135234.44485477172,811.8833220961047,85.4509968325901,2106.2854287390574,611.7935964802825,108604,79556,0,0,0.7708157140363775,0.7187204764815673,0.004314856091071986,0.0004541400767038165,0.01119411898777135,0.0032514540629266717
2,registered_style,all,identity,000038,188160,150990.0349421897,141478.47939491796,1538.2477397976868,79.95109287668966,2393.225098522043,575.9734923351582,126988,61172,0,0,0.8024555428475217,0.7519051838590453,0.008175211202156073,0.00042491014496539995,0.012719095974288068,0.003061083611475118
2,registered_style,all,identity,000040,188160,149178.22315960482,139104.15208923887,843.1396002541596,65.35332359913977,2202.199714530873,618.8437850570975,113674,74486,0,0,0.7928264411118453,0.7392865225831147,0.0044809715149562055,0.0003473284630056323,0.011703867530457445,0.0032889231773867854
2,registered_style,all,identity,000041,188160,143862.69789688254,133530.19123572926,195.7014601064243,58.74008786756573,1921.4732691018844,650.0850831899958,99931,88229,0,0,0.7645764131424455,0.7096630061422686,0.0010400800388309114,0.0003121815894322158,0.010211911506706443,0.0034549589880420693
2,registered_style,all,identity,000043,188160,137500.5205383944,127050.4472674221,-387.4641431538265,64.42123545592568,1655.823403148307,681.5381366179517,84201,103959,0,0,0.7307638208885757,0.6752255913447178,-0.0020592269512852176,0.0003423747632649111,0.00880008186197017,0.0036221201988624135
2,registered_style,all,identity,000044,188160,135116.51441618247,126818.31345012698,1589.9410275862285,84.9130295627367,2041.4093760021292,443.3070322735498,126602,61558,0,2,0.718093720324099,0.673991886958583,0.00844994168572613,0.0004512809819448166,0.010849327040827642,0.0023560110133585767
2,registered_style,all,identity,000046,188160,147622.60666736437,136839.83428795816,20.594644274170324,60.30671841664332,1981.3851043644388,706.8921361745396,93161,94999,0,0,0.7845589214889688,0.7272525206630429,0.00010945282883806507,0.0003205076446462762,0.010530320495134134,0.0037568672203153676
2,registered_style,all,identity,000047,188160,155488.0262680141,142086.5742205811,-2022.4752532752889,102.40083553122828,1799.81250058411,1055.8347034129035,56544,131616,0,0,0.8263606838223538,0.7551369803389727,-0.010748699262730064,0.0005442221276106945,0.009565330041369632,0.005611366408444428
2,registered_style,all,identity,000049,188160,145457.5813906957,134213.8039782853,-598.8519933556823,75.26069723847142,1790.34102385484,781.3825790447584,79363,108797,0,0,0.7730526221869457,0.7132961520954788,-0.003182674284415829,0.0003999824470582027,0.009514992686303358,0.004152756053596718
2,registered_style,all,identity,000050,188160,145884.42092460144,136120.69225697382,912.4338650989531,78.25633059150117,2125.1875097499906,600.2296837354675,116874,71286,0,0,0.7753211146077883,0.7234305498351075,0.00484924460618066,0.0004159031175143557,0.01129457647613728,0.0031899961933219995
2,registered_style,all,identity,000058,62720,44728.03163186798,42886.572917319834,1431.8430708259032,53.220773133412756,843.2225264283993,79.8618252026524,55451,7269,0,0,0.7131382594366706,0.6837782671766556,0.022829130593525242,0.0008485454900097697,0.013444236709636468,0.0012733071620320854
2,registered_style,all,identity,000098,188160,142745.8908165427,133453.15731225838,1153.7440673262902,86.17510549876013,2102.4811127559005,551.1230731852402,116835,71325,0,0,0.7586410013634285,0.7092535996612371,0.0061317180448888725,0.000457988443339499,0.011173900471704403,0.002929012931469176
2,registered_style,all,identity,000127,188160,145932.11343728317,136361.0047977965,1108.5441426699224,65.15151481828696,2135.808906088771,578.286713259476,122917,65243,0,0,0.7755745824685543,0.7247077210767245,0.005891497356876714,0.0003462559248420863,0.01135102522368607,0.0030733775151970447
2,registered_style,all,identity,000128,188160,151077.65413833008,139563.8939377722,-457.54473614249343,87.48678347650578,2002.8862222737528,818.336612566327,87791,100369,0,0,0.8029212060923154,0.7417298784958132,-0.0024316790823899525,0.00046495952102734787,0.010644590892186187,0.004349152915424782
2,registered_style,all,identity,000150,188160,144875.50291720498,131584.15937308222,-2689.015986788986,112.48564351902861,1431.681628642037,1036.5309386839697,42972,145188,0,0,0.7699590928848054,0.6993205748994591,-0.014291113875366634,0.0005978191088383748,0.007608852193038036,0.005508774121407152
2,registered_style,all,identity,000151,188160,145329.64665219327,136086.43127164932,1392.3474756464411,71.22258052805238,2227.806672184874,535.9285883877908,121480,66680,0,0,0.7723726969185442,0.7232484655168437,0.007399805886726409,0.0003785213676023192,0.011839958929553964,0.0028482599297820514
2,registered_style,all,identity,000153,188160,153113.80516058207,144588.01850205974,2679.43909168619,94.47206404883859,2759.3421348018574,445.57339377713424,148619,39541,0,0,0.8137425869503724,0.7684312207805046,0.014240216261087318,0.0005020836737289466,0.014664871039550687,0.0023680558767917425
2,registered_style,all,identity,000154,188160,142875.4432123864,133075.09961327678,655.614919306449,96.22435336726342,2046.463939738768,617.4675778597896,105370,82790,0,0,0.7593295238753529,0.7072443644413094,0.003484347998014716,0.0005113964358379221,0.010876190155924574,0.003281609151040548
2,registered_style,all,identity,000159,144256,112760.2014874258,106519.40043280875,2011.2537616058967,80.57277091313236,1963.3724367353082,334.53036328160715,112289,31967,0,0,0.7816673239756114,0.7384053379603535,0.013942253782205916,0.0005585401710371309,0.01361033466015492,0.0023190048475044862
2,registered_style,all,identity,000181,188160,147412.1776895434,137444.28636765957,820.0760178921678,53.84082704247058,2133.3561529897875,597.6643985989257,118783,69377,0,0,0.7834405702037809,0.7304649573111159,0.0043583972039337145,0.0002861438512036064,0.011337989758661711,0.0031763626626218414
2,registered_style,all,identity,000182,188160,144721.96562473124,134827.17376616294,696.2994812249445,58.68267582164172,2048.394755824799,602.2893987925207,112028,76132,0,0,0.7691430996212332,0.716555983025951,0.0037005712224965166,0.0003118764658888272,0.01088645172100765,0.0032009428082085496
2,registered_style,all,identity,000184,188160,154002.9713945691,140435.38243543822,-2297.29194790289,98.48486598650962,1708.8431367589546,1078.6017851218428,47540,140620,0,0,0.8184681728027694,0.7463615137937831,-0.012209247172102944,0.000523410214639188,0.009081861908795464,0.005732364929431562
2,registered_style,all,identity,000185,125440,101393.01544977509,93589.20530052553,-383.6325472523939,42.74617544403187,1324.0943930472952,545.1132398510026,56234,69206,0,0,0.8082989114299672,0.7460874147044446,-0.0030582951789891095,0.0003407698935270398,0.010555599434369381,0.004345609373812202
2,registered_style,all,identity,000187,62720,48163.20638949663,45626.58006400964,988.0695690614649,34.828620753895414,851.1255553110717,124.15044684734009,51682,11038,0,0,0.767908265138658,0.7274646056123987,0.015753660221005498,0.0005553032645710366,0.013570241634423975,0.001979439522438458
2,registered_style,all,identity,000188,125440,92501.93569594203,86631.8170603658,899.3889912327436,39.26188629928347,1339.4966995590535,321.33244379171026,85627,39813,0,0,0.7374197679842317,0.6906235416164366,0.007169873973475315,0.00031299335378893073,0.010678385678882761,0.0025616425684925883
2,registered_style,all,identity,000190,62720,51021.99609649822,47164.72080842289,-123.36648809532788,20.203933866417557,688.0976021938095,265.7875269679046,27895,34825,0,0,0.8134884581712089,0.7519885332975589,-0.0019669401800913246,0.00032212904761507583,0.01097094391252885,0.004237683784564806
2,registered_style,all,identity,000191,97216,67490.34068955545,63262.64512043237,711.40513830053,40.87553867988976,960.7580774322062,229.50072522756986,62363,34853,0,0,0.6942307921489822,0.650743140228279,0.0073177783317615415,0.000420461021641394,0.009882715575956696,0.00236072997477339
2,registered_style,all,identity,000193,62720,46501.056372508174,43196.27084900183,98.27035202791022,23.09138226205997,615.7820612238647,206.38395608660602,32279,30441,0,0,0.7414071487963676,0.6887160530771975,0.0015668104596286707,0.0003681661712700888,0.009817953782268251,0.0032905605243400194
2,registered_style,all,identity,000198,147392,109510.04984544637,103412.82479774859,1916.9760829440763,86.79938416644355,1846.4159692147489,309.8461843884249,106578,40814,0,0,0.7429850320603992,0.7016176237363533,0.013005971036040466,0.0005889015968739385,0.012527246860173882,0.002102191329165931
2,registered_style,all,identity,000200,219520,169316.49234539378,158859.09978016454,1933.5836630332658,89.32438394841965,2642.706728950781,593.4989234127746,148807,70713,0,0,0.7713032632352121,0.7236657242172219,0.008808234616587399,0.00040690772571255307,0.012038569282756838,0.0027036211890159195
2,registered_style,all,identity,000204,156800,118840.47236585029,110972.95852015959,829.5093895700454,59.836385429123766,1719.183817163744,464.4045136239668,93620,63180,0,0,0.7579111758026167,0.7077357048479566,0.005290238453890596,0.00038160960095104445,0.010964182507421837,0.0029617634797446863
2,registered_style,all,identity,000209,153664,110394.27844237955,104281.45654232381,1966.0891437976281,75.89112642416994,1759.585975731557,302.7590319514416,117441,36223,0,0,0.7184134113545109,0.6786329689603539,0.012794728393102016,0.000493877072210602,0.011450866668390495,0.001970266503224188
2,registered_style,all,identity,000213,87808,61050.0016735816,56343.46009998908,-238.75991219599314,22.33882176510122,688.8407187178292,282.9187662877182,38465,49343,0,0,0.6952669651236972,0.6416665918821643,-0.0027191134315323563,0.0002544053134691739,0.007844851479567115,0.0032220158332693853
2,registered_style,all,identity,000214,62720,48583.50871160219,44932.31001539243,-95.74409641203074,23.54436582835818,629.9841482780284,243.66248404897576,28203,34517,0,0,0.7746095138967186,0.7163952489699048,-0.0015265321494265106,0.00037538848578377203,0.01004439011922877,0.0038849248094543327
2,registered_style,all,identity,000215,125440,102302.680580927,94027.51529994693,-788.4162608082987,52.580384243971515,1262.7325329193357,619.4229053336383,47147,78293,0,0,0.8155507061617268,0.7495815951845259,-0.0062852061607804426,0.0004191676039857423,0.010066426442277867,0.004938001477468417
2,registered_style,all,identity,000217,100352,72496.15089155434,67798.62794984109,607.9146438074571,34.002575029575134,1023.2884081481226,260.4495950352291,62936,37416,0,0,0.7224185954595258,0.6756081388496601,0.006057822901461426,0.0003388330579318313,0.010196990674307663,0.002595360282159091
2,registered_style,all,identity,000218,62720,44148.82698596141,40870.12389648054,-47.78885241538562,16.756132593895934,524.3462492190587,196.29370422286357,29530,33190,0,0,0.7039034914853541,0.6516282509005188,-0.0007619396112146942,0.00026715772630573877,0.008360112391885503,0.0031296827841655545
2,registered_style,all,identity,000219,62720,44318.32427121425,41471.18667679932,396.1808497258949,20.506645236294297,611.5480160439048,153.65593958762864,40014,22706,0,0,0.7066059354466558,0.6612115222703974,0.006316658956088886,0.0003269554406296922,0.009750446684373483,0.00244987148577214
2,registered_style,all,identity,000223,125440,95656.78576746176,89802.04649443482,1145.6476479277442,47.54481606426856,1478.9049772580966,316.3699811608002,88188,37252,0,0,0.762570039600301,0.7158964165691551,0.009133032907587246,0.00037902436275724297,0.011789739933498857,0.0025220821202232156
2,registered_style,all,identity,000224,125440,97809.50309236214,89935.66153439577,-715.9137570329365,53.82060391926119,1155.7655108669371,567.058933784539,49549,75891,0,0,0.779731370315387,0.7169615874872112,-0.005707220639612058,0.00042905455930533474,0.009213691891477496,0.00452055910223644
2,registered_style,all,identity,000228,166208,125687.97630665317,117999.56801688531,1509.7312713634924,52.680068464777,1922.1685269672828,415.60440905650313,119113,47095,0,0,0.7562089448561632,0.7099511937866126,0.009083385103987127,0.000316952664521425,0.011564837594864765,0.0025005078519475784
2,registered_style,all,identity,000229,62720,50974.68538744643,46762.67488649837,-481.5640091170368,25.419201412638312,614.0241465820574,314.2126096679986,20577,42143,0,0,0.8127341420192351,0.7455783623485072,-0.00767799759434051,0.00040528063476783025,0.009789925806474128,0.005009767373533141
2,registered_style,all,identity,000230,62720,44683.998513057944,41649.916915418,235.99774129150882,18.466918103767192,587.0005089066937,171.99049705327258,38096,24624,0,0,0.7124362007821738,0.6640611753095982,0.0037627190894692093,0.0002944342809911861,0.009359064236394989,0.002742195424956514
2,registered_style,all,identity,000232,153664,121713.6730830489,112469.25835736707,-337.12395361663346,52.327354986725396,1584.6709999602213,637.0122759840665,70726,82938,0,0,0.7920766938453307,0.7319167687771181,-0.0021939032799916276,0.000340530996113113,0.010312571584497483,0.004145488051749704
2,registered_style,all,identity,000235,166208,120124.68454632355,110800.15141319827,-533.5282521319472,57.44449308589909,1387.472742909748,609.7788700807172,70012,96196,0,0,0.7227370797213344,0.6666354893458695,-0.003210003442264796,0.00034561809952528814,0.008347809629559035,0.003668769674628882
2,registered_style,all,identity,000238,125440,98397.12100427598,90757.44408498332,-438.74586760103733,40.62901011639335,1219.3461821789938,520.820715730503,52730,72710,0,0,0.7844158243325572,0.7235127876672778,-0.0034976551945235758,0.0003238919811574725,0.00972055311048305,0.004151950858820974
2,registered_style,all,identity,000239,159936,125252.9532598363,118101.70415459457,2015.0544536361706,77.69280046553799,2148.4502073804024,375.8241312856052,119678,40258,0,0,0.783144215560201,0.7384310233755663,0.012599129987220955,0.00048577431263466627,0.013433187070955897,0.0023498407568377675
2,registered_style,all,identity,000242,188160,137821.27831047366,128730.71194655076,995.5165665583136,64.68792620565405,1925.7239329894312,511.82329301673803,113252,74908,0,0,0.7324685284357656,0.6841555694438284,0.00529079807907267,0.00034379212481746414,0.010234502194884308,0.00272014930387297
2,registered_style,all,identity,000248,125440,93819.27374352358,88056.34317636513,1102.9829336800285,47.15566273947045,1410.5604716895978,320.8317649809858,88534,36906,0,0,0.747921506246202,0.7019797765972986,0.00879291241772982,0.0003759220562776662,0.011244901719464268,0.0025576511876672973
2,registered_style,all,identity,000251,156800,116157.07302345888,108022.93358946196,366.50637221408715,50.37479390195864,1535.562029442899,494.16652530691374,89301,67499,0,0,0.7407976595883857,0.6889217703409564,0.0023374130881000455,0.00032126781825228724,0.009793125187773592,0.003151572227722664
2,registered_style,all,identity,000256,125440,94439.34785775194,86215.9560510572,-1312.0998344342884,54.7324562268952,965.0423060166671,598.398174768301,35226,90214,0,0,0.7528646991211092,0.6873083231111066,-0.010459979547467222,0.0004363237900741008,0.007693258179342053,0.004770393612629951
2,registered_style,all,identity,000257,159936,122163.56631481025,111706.39233973552,-1516.9589659030864,65.32702957892894,1296.2324803698568,767.2308616381978,48365,111571,0,0,0.7638278205958023,0.6984443298552891,-0.00948478745187504,0.0004084573177954241,0.00810469488026371,0.0047971117299307085
2,registered_style,all,identity,000262,125440,90754.45011208579,85251.71063218545,1138.8830718704328,53.280737870480884,1364.2027169493367,298.2944468255733,86238,39202,0,0,0.7234889198986431,0.6796214176672948,0.009079106121416079,0.00042475078021748155,0.010875340536904789,0.0023779850671681543
2,registered_style,all,identity,000263,125440,92170.14380119194,85900.01340665901,475.0959267538772,39.877845230212245,1260.8197405171088,360.7027173090207,73031,52409,0,0,0.7347747433130735,0.6847896476933913,0.0037874356405761898,0.00031790374067452364,0.010051177778357054,0.002875499978547678
2,registered_style,all,identity,000265,62720,45662.95848940255,42969.91906546801,648.6824917316293,27.226694915400337,696.4389711220117,145.47810936952007,45212,17508,0,0,0.728044618772362,0.6851071279570793,0.010342514217659906,0.00043409908985013294,0.011103937677327994,0.0023194851621415827
2,registered_style,all,identity,000266,125440,94372.92246441782,86775.63838207349,-690.853275457402,45.73913039171061,1091.1930835630585,519.9293938410715,49390,76050,0,0,0.7523351599523104,0.6917700763877033,-0.005507440014807095,0.00036462954712779505,0.008698924454424892,0.004144845295289154
2,registered_style,all,identity,000268,62720,48862.62941417657,45588.06327976182,301.31517008554977,24.39283327732661,721.2967987799208,198.44706649551642,36753,25967,0,0,0.7790597802005192,0.7268504987206922,0.004804132176108893,0.0003889163468961513,0.011500267837690063,0.0031640157285637185
2,registered_style,all,identity,000281,125440,89562.61025517754,84124.36072678119,1116.1513999502818,45.5168750672904,1307.2972026557095,284.40121845136275,87904,37536,0,0,0.7139876455291577,0.6706342532428348,0.008897890624603649,0.000362857741288986,0.010421693260967072,0.002267229101174767
2,registered_style,all,identity,000297,125440,96027.65441750002,89295.23565372347,295.1091908882934,43.53432983005885,1330.410069138933,420.31273148205423,66854,58586,0,0,0.7655265817721622,0.7118561515762394,0.002352592401851829,0.0003470530120380967,0.010605947617497872,0.0033507073619423967
2,registered_style,all,identity,000300,125440,91806.57543487428,85201.1159969049,113.1601014145757,35.10643823270174,1167.567702851142,400.11718905947464,64842,60598,0,0,0.7318763985560768,0.6792180803324689,0.0009021054003075232,0.0002798663762173289,0.009307778243392396,0.003189709734211373
2,registered_style,all,identity,000302,125440,94295.73613857466,87227.97885045526,-166.97515677153433,34.975922379709395,1201.6741727677381,439.2778280631677,58918,66522,0,0,0.7517198352883822,0.6953761069073282,-0.0013311157268138898,0.00027882591182804044,0.00957967293341628,0.003501895950758671
2,registered_style,all,identity,000303,125440,96668.00482089334,89744.870941028,151.25641240343256,32.3904110082587,1291.731045932913,427.90969693548385,64017,61423,0,0,0.770631415982887,0.71544061655794,0.0012058068590834867,0.0002582143734714501,0.010297600812602942,0.003411269905416804
2,registered_style,all,identity,000305,125440,100466.0477054771,92426.95573942421,-686.7520278583214,46.82171942013688,1238.529558709773,577.5665044086002,46629,78811,0,0,0.8009091813255509,0.7368220323614812,-0.005474745120044016,0.00037325988058144833,0.009873481813693982,0.004604324811930805
2,registered_style,all,identity,000306,62720,45536.6722060701,41789.885042429785,-414.3071730403518,26.98658814478911,494.28972862680473,261.8577147408576,21598,41122,0,0,0.726031125734536,0.6662928099877198,-0.006605662835464793,0.00043027085690033656,0.007880894907952882,0.004175027339618265
2,registered_style,all,identity,000308,125440,94846.2099423696,86755.43771177437,-1149.7051410450024,52.370151932817585,1019.0142246503408,585.2463027179268,37020,88420,0,0,0.7561081787497577,0.6916090378808544,-0.009165378994300083,0.00041749164487258917,0.008123519010286517,0.004665547693861024
2,registered_style,all,identity,000309,125440,98844.53321212111,90675.03182989963,-935.827660546276,37.9534269810845,1120.2260664378073,588.8777896820212,40950,84490,0,0,0.7879825670609145,0.7228558022153988,-0.007460360814303858,0.00030256239621400267,0.008930373616372826,0.004694497685602848
2,registered_style,all,identity,000311,125440,97738.97665677295,90735.92673316039,149.7165881000505,44.68944354926738,1324.4854958400847,450.4174318906093,63490,61950,0,0,0.779169137888815,0.7233412526559343,0.001193531474011882,0.00035626150788637897,0.01055871728188843,0.0035907001904544747
2,registered_style,all,identity,000312,125440,98815.71090163884,94464.92043464631,2880.7739707075434,110.91286247209385,2012.4411671286969,191.10802337416212,111883,13557,0,0,0.787752797366381,0.7530685621384432,0.022965353720563964,0.0008841905490441155,0.01604305777366627,0.0015235014618475934
2,registered_style,all,identity,000314,188160,160022.21011264296,145575.30594012595,-2736.1052182429657,93.94993162601531,1757.1481316947754,1191.1462204310565,36554,151606,0,0,0.850458174493213,0.7736782841205674,-0.014541375522124606,0.0004993087352573093,0.009338584883581927,0.0063304964946378425
2,registered_style,all,identity,000315,125440,96937.12689100631,91016.5858252187,1173.5442079155148,52.45048259729879,1524.552626397343,341.6490211353904,85547,39893,0,0,0.7727768406489661,0.7255786497546134,0.009355422575857102,0.0004181320360116294,0.0121536401976829,0.002723605079204324
2,registered_style,all,identity,000317,125440,95240.04227122598,88134.26459819078,-135.88901414352827,31.391532028591627,1206.313993915669,448.47604224873066,59594,65846,0,0,0.7592477859632173,0.7026009614013934,-0.0010832989010166475,0.0002502513714014001,0.009616661303536903,0.0035752235510900085
2,registered_style,all,identity,000318,188160,154192.10950290342,142205.57715387968,-702.3937694301188,63.81572421018402,2028.0124280292837,852.6240241204785,78079,110081,0,0,0.8194733710826074,0.7557694364045476,-0.0037329600841311586,0.0003391566975456209,0.010778127274815495,0.004531377679211726
2,registered_style,all,identity,000320,125440,91975.51683792425,84603.76302504563,-640.7707471768073,39.768554150774854,1034.8786970404753,488.3454904976113,48608,76832,0,0,0.73322318907784,0.6744560190134378,-0.005108185165631436,0.00031703247888053936,0.008249989612886442,0.0038930603515434574
2,registered_style,all,identity,000321,125440,94014.79136606288,86767.40135499556,-367.1680741188687,37.04265116207461,1134.2358928027404,466.6852745652009,54751,70689,0,0,0.7494801607626187,0.6917044113121457,-0.0029270414071976138,0.0002953017471466407,0.009042059094409602,0.0037203864362659513
2,registered_style,all,identity,000323,62720,47441.865107151214,44306.06358977873,336.10493795362754,24.01650158935945,691.5526460128094,184.95870402063326,38223,24497,0,0,0.7564072880604467,0.7064104526431557,0.005358815975025949,0.0003829161605446341,0.011026030708112394,0.002948958928900403
2,registered_style,all,identity,000324,125440,94904.24439553649,87253.00322309043,-705.9269861148182,43.93121906091451,1101.8420866736967,525.0221830238614,46645,78795,0,0,0.7565708258572743,0.6955755996738714,-0.005627606713287773,0.00035021698868713735,0.008783817655243118,0.004185444698850936
2,registered_style,all,identity,000326,125440,93692.21488438634,86879.11095640063,43.51110888536949,33.998557559101066,1203.195426996068,418.88167364375767,63111,62329,0,0,0.7469086008002738,0.6925949534151836,0.0003468678960887236,0.00027103441931681333,0.00959180027898651,0.0033392990564712825
2,registered_style,all,identity,000327,125440,96286.2921225751,90239.65647528954,999.8200185013483,42.36418764672337,1478.8771063213223,337.53083802834703,87189,38251,0,0,0.7675884257220592,0.7193850165440812,0.007970503974022228,0.00033772471019390447,0.011789517748097276,0.002690775175608634
2,registered_style,all,cross_camera,000009,0,0.0,0.0,0.0,0.0,0.0,0.0,0,0,0,0,,,,,,
2,registered_style,all,cross_camera,000011,0,0.0,0.0,0.0,0.0,0.0,0.0,0,0,0,0,,,,,,
2,registered_style,all,cross_camera,000015,0,0.0,0.0,0.0,0.0,0.0,0.0,0,0,0,0,,,,,,
2,registered_style,all,cross_camera,000017,0,0.0,0.0,0.0,0.0,0.0,0.0,0,0,0,0,,,,,,
2,registered_style,all,cross_camera,000019,0,0.0,0.0,0.0,0.0,0.0,0.0,0,0,0,0,,,,,,
2,registered_style,all,cross_camera,000020,0,0.0,0.0,0.0,0.0,0.0,0.0,0,0,0,0,,,,,,
2,registered_style,all,cross_camera,000022,0,0.0,0.0,0.0,0.0,0.0,0.0,0,0,0,0,,,,,,
2,registered_style,all,cross_camera,000023,0,0.0,0.0,0.0,0.0,0.0,0.0,0,0,0,0,,,,,,
2,registered_style,all,cross_camera,000025,0,0.0,0.0,0.0,0.0,0.0,0.0,0,0,0,0,,,,,,
2,registered_style,all,cross_camera,000026,0,0.0,0.0,0.0,0.0,0.0,0.0,0,0,0,0,,,,,,
2,registered_style,all,cross_camera,000028,0,0.0,0.0,0.0,0.0,0.0,0.0,0,0,0,0,,,,,,
2,registered_style,all,cross_camera,000029,0,0.0,0.0,0.0,0.0,0.0,0.0,0,0,0,0,,,,,,
2,registered_style,all,cross_camera,000031,0,0.0,0.0,0.0,0.0,0.0,0.0,0,0,0,0,,,,,,
2,registered_style,all,cross_camera,000032,0,0.0,0.0,0.0,0.0,0.0,0.0,0,0,0,0,,,,,,
2,registered_style,all,cross_camera,000034,0,0.0,0.0,0.0,0.0,0.0,0.0,0,0,0,0,,,,,,
2,registered_style,all,cross_camera,000035,0,0.0,0.0,0.0,0.0,0.0,0.0,0,0,0,0,,,,,,
2,registered_style,all,cross_camera,000037,0,0.0,0.0,0.0,0.0,0.0,0.0,0,0,0,0,,,,,,
2,registered_style,all,cross_camera,000038,0,0.0,0.0,0.0,0.0,0.0,0.0,0,0,0,0,,,,,,
2,registered_style,all,cross_camera,000040,0,0.0,0.0,0.0,0.0,0.0,0.0,0,0,0,0,,,,,,
2,registered_style,all,cross_camera,000041,0,0.0,0.0,0.0,0.0,0.0,0.0,0,0,0,0,,,,,,
2,registered_style,all,cross_camera,000043,0,0.0,0.0,0.0,0.0,0.0,0.0,0,0,0,0,,,,,,
2,registered_style,all,cross_camera,000044,0,0.0,0.0,0.0,0.0,0.0,0.0,0,0,0,0,,,,,,
2,registered_style,all,cross_camera,000046,0,0.0,0.0,0.0,0.0,0.0,0.0,0,0,0,0,,,,,,
2,registered_style,all,cross_camera,000047,0,0.0,0.0,0.0,0.0,0.0,0.0,0,0,0,0,,,,,,
2,registered_style,all,cross_camera,000049,0,0.0,0.0,0.0,0.0,0.0,0.0,0,0,0,0,,,,,,
2,registered_style,all,cross_camera,000050,0,0.0,0.0,0.0,0.0,0.0,0.0,0,0,0,0,,,,,,
2,registered_style,all,cross_camera,000058,0,0.0,0.0,0.0,0.0,0.0,0.0,0,0,0,0,,,,,,
2,registered_style,all,cross_camera,000098,0,0.0,0.0,0.0,0.0,0.0,0.0,0,0,0,0,,,,,,
2,registered_style,all,cross_camera,000127,0,0.0,0.0,0.0,0.0,0.0,0.0,0,0,0,0,,,,,,
2,registered_style,all,cross_camera,000128,0,0.0,0.0,0.0,0.0,0.0,0.0,0,0,0,0,,,,,,
2,registered_style,all,cross_camera,000150,0,0.0,0.0,0.0,0.0,0.0,0.0,0,0,0,0,,,,,,
2,registered_style,all,cross_camera,000151,0,0.0,0.0,0.0,0.0,0.0,0.0,0,0,0,0,,,,,,
2,registered_style,all,cross_camera,000153,0,0.0,0.0,0.0,0.0,0.0,0.0,0,0,0,0,,,,,,
2,registered_style,all,cross_camera,000154,0,0.0,0.0,0.0,0.0,0.0,0.0,0,0,0,0,,,,,,
2,registered_style,all,cross_camera,000159,73696,56425.56490300581,53337.1262064966,1040.915884928576,41.38944971496768,972.6411571732732,161.6623188406263,57566,16130,0,0,0.7656530192005783,0.723745199284854,0.014124455668266608,0.0005616241005613287,0.013198018307279543,0.0021936376308161407
2,registered_style,all,cross_camera,000181,0,0.0,0.0,0.0,0.0,0.0,0.0,0,0,0,0,,,,,,
2,registered_style,all,cross_camera,000182,0,0.0,0.0,0.0,0.0,0.0,0.0,0,0,0,0,,,,,,
2,registered_style,all,cross_camera,000184,0,0.0,0.0,0.0,0.0,0.0,0.0,0,0,0,0,,,,,,
2,registered_style,all,cross_camera,000185,0,0.0,0.0,0.0,0.0,0.0,0.0,0,0,0,0,,,,,,
2,registered_style,all,cross_camera,000187,0,0.0,0.0,0.0,0.0,0.0,0.0,0,0,0,0,,,,,,
2,registered_style,all,cross_camera,000188,0,0.0,0.0,0.0,0.0,0.0,0.0,0,0,0,0,,,,,,
2,registered_style,all,cross_camera,000190,0,0.0,0.0,0.0,0.0,0.0,0.0,0,0,0,0,,,,,,
2,registered_style,all,cross_camera,000191,49840,33326.09894709359,31204.066875671968,316.84965896401724,20.901529719094086,452.4895285118712,114.47490060009793,30713,19127,0,0,0.6686616963702566,0.6260848089019255,0.0063573366565814055,0.0004193725866591911,0.009078842867413145,0.0022968479253631206
2,registered_style,all,cross_camera,000193,0,0.0,0.0,0.0,0.0,0.0,0.0,0,0,0,0,,,,,,
2,registered_style,all,cross_camera,000198,77616,55300.520577112795,52250.06446228176,996.5650960958412,45.23943105609482,903.6304055398771,149.50074906661953,55969,21647,0,0,0.7124886695670067,0.6731867715713482,0.012839686354564023,0.0005828621812009743,0.011642321242268052,0.0019261588985082913
2,registered_style,all,cross_camera,000200,112448,83261.76096947773,78153.13499627833,984.6640932607991,45.78239492556401,1259.447394017104,280.2330334174138,76015,36433,0,0,0.7404467929129708,0.6950157850408929,0.008756617220944785,0.0004071428120159008,0.011200264958177148,0.00249211220668588
2,registered_style,all,cross_camera,000204,64064,46596.29439823993,43501.727647330845,315.4588657089971,23.96425533821549,647.4911369409842,177.23087091874086,37782,26282,0,0,0.7273397602122866,0.679035459030514,0.004924120656047032,0.00037406742223737967,0.010106942072630248,0.002766465892213113
2,registered_style,all,cross_camera,000209,76720,53100.32771954924,50129.91575903748,915.5940001106757,36.79755206636985,811.752384978034,145.503113714234,57230,19490,0,0,0.6921314874810902,0.6534139176099776,0.01193422836432059,0.00047963441170972176,0.010580714089911809,0.0018965473633242179
2,registered_style,all,cross_camera,000213,43568,28957.43121479958,26701.20802683104,-137.05076215322822,11.327873430529737,309.9658414139424,131.8154350981753,18514,25054,0,0,0.664649082234658,0.6128628357241792,-0.003145674856620185,0.00026000443973856353,0.007114529962677709,0.003025510353887608
2,registered_style,all,cross_camera,000214,0,0.0,0.0,0.0,0.0,0.0,0.0,0,0,0,0,,,,,,
2,registered_style,all,cross_camera,000215,0,0.0,0.0,0.0,0.0,0.0,0.0,0,0,0,0,,,,,,
2,registered_style,all,cross_camera,000217,44576,30559.61953758099,28551.26348231337,228.0682527818595,14.847376687491275,405.7547063008059,108.69130371705417,26941,17635,0,0,0.6855621755559268,0.6405075260748693,0.00511639116972944,0.0003330800584954073,0.009102537381120017,0.002438336856538365
2,registered_style,all,cross_camera,000218,0,0.0,0.0,0.0,0.0,0.0,0.0,0,0,0,0,,,,,,
2,registered_style,all,cross_camera,000219,0,0.0,0.0,0.0,0.0,0.0,0.0,0,0,0,0,,,,,,
2,registered_style,all,cross_camera,000223,0,0.0,0.0,0.0,0.0,0.0,0.0,0,0,0,0,,,,,,
2,registered_style,all,cross_camera,000224,0,0.0,0.0,0.0,0.0,0.0,0.0,0,0,0,0,,,,,,
2,registered_style,all,cross_camera,000228,83440,60512.29863446817,56682.53280199738,598.6654650998232,23.729710811301814,863.0118424270684,205.95704853842605,56348,27092,0,0,0.7252193029058985,0.6793208629194317,0.007174801834849272,0.0002843925073262442,0.010342903193037732,0.002468325126299449
2,registered_style,all,cross_camera,000229,0,0.0,0.0,0.0,0.0,0.0,0.0,0,0,0,0,,,,,,
2,registered_style,all,cross_camera,000230,0,0.0,0.0,0.0,0.0,0.0,0.0,0,0,0,0,,,,,,
2,registered_style,all,cross_camera,000232,79072,60809.19518156489,56156.25781649747,-202.77848498923194,27.008929000253705,764.5002956663745,314.5196158522925,35578,43494,0,0,0.7690357545220166,0.7101914434502412,-0.0025644790189856327,0.00034157386938807294,0.009668407219576772,0.00397763577312187
2,registered_style,all,cross_camera,000235,87920,61094.90843190334,56413.18447188055,-210.65591720443635,30.132761463779214,691.3966426878771,294.3605784834699,38727,49193,0,0,0.6948920431290189,0.6416422255673402,-0.0023959954186127883,0.0003427293160120475,0.007863929056959476,0.0033480502557264548
2,registered_style,all,cross_camera,000238,0,0.0,0.0,0.0,0.0,0.0,0.0,0,0,0,0,,,,,,
2,registered_style,all,cross_camera,000239,49504,35455.02264449268,33390.42629115004,530.0849838080893,22.544287066889698,553.7391863833546,103.76969770908632,34926,14578,0,0,0.7162052085587565,0.6744995614728111,0.010707922265030893,0.0004554033424953478,0.011185746331273325,0.0020961881405358418
2,registered_style,all,cross_camera,000242,0,0.0,0.0,0.0,0.0,0.0,0.0,0,0,0,0,,,,,,
2,registered_style,all,cross_camera,000248,0,0.0,0.0,0.0,0.0,0.0,0.0,0,0,0,0,,,,,,
2,registered_style,all,cross_camera,000251,83440,59503.309766551014,55291.82126410003,143.10263398848764,26.7932836680323,750.4563282802906,251.17410551018435,46193,37247,0,0,0.713126914747735,0.6626536584863378,0.001715036361319363,0.00032110838528322505,0.008993963665871171,0.0030102361638325065
2,registered_style,all,cross_camera,000256,0,0.0,0.0,0.0,0.0,0.0,0.0,0,0,0,0,,,,,,
2,registered_style,all,cross_camera,000257,78848,58084.616338035674,53197.69018208445,-636.1583169615095,29.969925817136172,611.5882095727695,342.660894335976,26137,52711,0,0,0.7366656901638047,0.6746866145252188,-0.008068160472827586,0.0003800974763739876,0.007756546894946854,0.004345841293830865
2,registered_style,all,cross_camera,000262,0,0.0,0.0,0.0,0.0,0.0,0.0,0,0,0,0,,,,,,
2,registered_style,all,cross_camera,000263,0,0.0,0.0,0.0,0.0,0.0,0.0,0,0,0,0,,,,,,
2,registered_style,all,cross_camera,000265,0,0.0,0.0,0.0,0.0,0.0,0.0,0,0,0,0,,,,,,
2,registered_style,all,cross_camera,000266,0,0.0,0.0,0.0,0.0,0.0,0.0,0,0,0,0,,,,,,
2,registered_style,all,cross_camera,000268,0,0.0,0.0,0.0,0.0,0.0,0.0,0,0,0,0,,,,,,
2,registered_style,all,cross_camera,000281,0,0.0,0.0,0.0,0.0,0.0,0.0,0,0,0,0,,,,,,
2,registered_style,all,cross_camera,000297,0,0.0,0.0,0.0,0.0,0.0,0.0,0,0,0,0,,,,,,
2,registered_style,all,cross_camera,000300,0,0.0,0.0,0.0,0.0,0.0,0.0,0,0,0,0,,,,,,
2,registered_style,all,cross_camera,000302,0,0.0,0.0,0.0,0.0,0.0,0.0,0,0,0,0,,,,,,
2,registered_style,all,cross_camera,000303,0,0.0,0.0,0.0,0.0,0.0,0.0,0,0,0,0,,,,,,
2,registered_style,all,cross_camera,000305,0,0.0,0.0,0.0,0.0,0.0,0.0,0,0,0,0,,,,,,
2,registered_style,all,cross_camera,000306,0,0.0,0.0,0.0,0.0,0.0,0.0,0,0,0,0,,,,,,
2,registered_style,all,cross_camera,000308,0,0.0,0.0,0.0,0.0,0.0,0.0,0,0,0,0,,,,,,
2,registered_style,all,cross_camera,000309,0,0.0,0.0,0.0,0.0,0.0,0.0,0,0,0,0,,,,,,
2,registered_style,all,cross_camera,000311,0,0.0,0.0,0.0,0.0,0.0,0.0,0,0,0,0,,,,,,
2,registered_style,all,cross_camera,000312,0,0.0,0.0,0.0,0.0,0.0,0.0,0,0,0,0,,,,,,
2,registered_style,all,cross_camera,000314,0,0.0,0.0,0.0,0.0,0.0,0.0,0,0,0,0,,,,,,
2,registered_style,all,cross_camera,000315,0,0.0,0.0,0.0,0.0,0.0,0.0,0,0,0,0,,,,,,
2,registered_style,all,cross_camera,000317,0,0.0,0.0,0.0,0.0,0.0,0.0,0,0,0,0,,,,,,
2,registered_style,all,cross_camera,000318,0,0.0,0.0,0.0,0.0,0.0,0.0,0,0,0,0,,,,,,
2,registered_style,all,cross_camera,000320,0,0.0,0.0,0.0,0.0,0.0,0.0,0,0,0,0,,,,,,
2,registered_style,all,cross_camera,000321,0,0.0,0.0,0.0,0.0,0.0,0.0,0,0,0,0,,,,,,
2,registered_style,all,cross_camera,000323,0,0.0,0.0,0.0,0.0,0.0,0.0,0,0,0,0,,,,,,
2,registered_style,all,cross_camera,000324,0,0.0,0.0,0.0,0.0,0.0,0.0,0,0,0,0,,,,,,
2,registered_style,all,cross_camera,000326,0,0.0,0.0,0.0,0.0,0.0,0.0,0,0,0,0,,,,,,
2,registered_style,all,cross_camera,000327,0,0.0,0.0,0.0,0.0,0.0,0.0,0,0,0,0,,,,,,
2,registered_style,active,identity,000009,87808,63678.36406738905,59975.031803738326,926.3161969944804,57.139512051211554,1010.1189591571492,211.1541349689828,60511,27297,0,0,0.7252000280998206,0.6830246879981132,0.010549337156004925,0.00065073241676398,0.011503723569118409,0.002404725480240784
2,registered_style,active,identity,000011,97216,71715.72296112526,68376.80337946396,1875.0740765247956,67.0694126518776,1330.7774684062272,145.47691984898384,83759,13457,0,0,0.7376946486290863,0.7033492776854012,0.019287710629163877,0.0006899009695099325,0.013688872905758591,0.0014964298042398766
2,registered_style,active,identity,000015,34496,25370.768377664383,23721.665645882487,195.44432097746295,14.850506989739632,366.27410287029136,94.98229858529356,21786,12710,0,0,0.7354698625250575,0.6876642406621779,0.0056657096758309065,0.0004304993909363298,0.010617871720497779,0.0027534293421061446
2,registered_style,active,identity,000017,59584,41438.50170097768,39526.038006732706,1100.265957671806,49.11825143741015,749.7520089252596,90.19211602410816,47948,11636,9,9,0.6954635758085673,0.6633666421645527,0.018465795476500506,0.0008243530383561049,0.01258310970940621,0.0015136968989008486
2,registered_style,active,identity,000019,94080,70496.68212641752,65317.83484234847,-53.48232428821391,33.021209898545045,906.2645011342526,333.51453744536576,45468,48612,0,0,0.74932697838454,0.6942797070827856,-0.0005684770863968315,0.00035099075147263013,0.009632913489947412,0.0035450099643427485
2,registered_style,active,identity,000020,119168,90211.35285728943,85446.47081623209,1793.811119566057,65.15104278348024,1569.673400023887,245.34181740031315,94579,24589,0,0,0.7570098756150093,0.717025298874128,0.01505279202106318,0.0005467159202426846,0.013171937097407754,0.0020587894183028426
2,registered_style,active,identity,000022,106624,79939.5465677043,72609.30680620018,-1518.3442435823647,58.644579319675785,761.3778523770443,557.4564853098453,23830,82794,0,0,0.7497331423291594,0.6809846451661932,-0.01424017335292584,0.000550012936296479,0.007140773675504993,0.0052282458481190475
2,registered_style,active,identity,000023,109760,78977.81921649096,73512.18217520416,276.3374034994441,45.38582712373825,1062.4285450224681,329.22052208081965,59713,50047,0,0,0.719550102191062,0.6697538463484344,0.002517651270949746,0.0004135006115500934,0.009679560359169717,0.0029994581093369136
2,registered_style,active,identity,000025,84672,67331.14882887097,62363.65121981874,-72.2784228436829,26.992856001905054,895.3864731267807,330.1682300155279,40078,44594,0,0,0.7951996979978146,0.7365321619876553,-0.0008536283877041159,0.0003187931784049633,0.010574764658054384,0.0038993791337812726
2,registered_style,active,identity,000026,109760,84779.36604079764,77323.1742622417,-1292.423798117813,61.398914674261796,911.2340718254947,561.3079479575983,30483,79277,0,0,0.7724067605757803,0.7044749841676539,-0.01177499816069436,0.000559392444189703,0.00830205969228767,0.0051139572518002765
2,registered_style,active,identity,000028,94080,69987.96680302604,64921.817309167935,22.230013354363038,35.67406743906497,902.9408425773104,330.25904906197337,47524,46556,0,0,0.743919715168219,0.6900703370447272,0.0002362884072530085,0.00037918864199686407,0.009597585486578554,0.00351040655890703
2,registered_style,active,identity,000029,109760,78340.8728326055,72241.93538634107,-403.2713181074968,45.39519456157587,898.9868849572701,401.29055617017406,46290,63470,0,0,0.7137470192474991,0.6581808981991715,-0.0036741191518540163,0.000413585956282579,0.00819047817927542,0.003656072851404647
2,registered_style,active,identity,000031,81536,60554.99106487795,56291.31894744723,138.89577629235868,23.710373811024724,797.0706581244594,259.98080896692545,45887,35649,0,0,0.7426779712627299,0.6903860742181028,0.0017034901919686847,0.000290796382101461,0.009775689978959716,0.0031885401413722213
2,registered_style,active,identity,000032,103488,75866.73011023772,70648.1609405491,297.21779207037605,34.472534670689875,1018.518916295103,308.0216647342725,58426,45062,0,0,0.7330968818629959,0.6826700771156956,0.0028720024743968003,0.0003331065888865364,0.009841903566549775,0.002976399821566486
2,registered_style,active,identity,000034,97216,69100.5239767431,64513.72490987764,437.0601221072976,45.430217976050734,967.1092876840574,265.40214012520204,56370,40846,0,0,0.7107937374171238,0.6636122131118092,0.0044957632705243744,0.00046731215001698007,0.00994804649115431,0.002730025305764504
2,registered_style,active,identity,000035,90944,68754.43993125501,62339.084928013384,-1416.657381967932,54.31182554760651,636.1302702649505,505.5677065860356,17911,73033,0,0,0.7560085319675296,0.6854667149895912,-0.015577249537824727,0.0005972007559333932,0.006994746990070268,0.005559110074177908
2,registered_style,active,identity,000037,97216,72865.95117854554,68083.268393334,514.936644053326,44.25183147287298,1060.5553216960325,287.36463281728555,57716,39500,0,0,0.7495263246641041,0.7003298674429518,0.005296830193109426,0.0004551908273625018,0.010909267216261032,0.0029559396891178976
2,registered_style,active,identity,000038,78400,59954.12609369354,56043.97402870515,448.73076192053827,32.42367848781211,879.3490944091512,237.19949685242244,48843,29557,0,0,0.7647209960930299,0.7148466075089943,0.005723606657149723,0.0004135673276506647,0.011216187428688153,0.0030255037863829394
2,registered_style,active,identity,000040,100352,77216.45308126963,72042.54847816238,440.0121232374457,34.059345615763625,1118.8425758129526,306.77872587041327,60165,40187,0,0,0.7694560455324222,0.7178984821245454,0.00438468713366396,0.0003393987724785119,0.01114918064226874,0.0030570265253349535
2,registered_style,active,identity,000041,84672,61978.26198233408,57626.46275344258,154.24563237912125,25.26105884637226,813.6033326116878,259.9978795710281,45740,38932,0,0,0.7319806073121466,0.6805846413624643,0.001821684055875865,0.0002983401696708742,0.009608882896491023,0.003070647670670683
2,registered_style,active,identity,000043,94080,67254.37428222061,62047.4488715427,-317.28801299239757,34.27647044152707,774.9418587732455,341.65963370480523,39761,54319,0,0,0.714863672217481,0.6595179514407175,-0.003372534151704906,0.00036433323173391867,0.00823705207029385,0.0036315862426106
2,registered_style,active,identity,000044,125440,87309.70505974739,81624.86495571799,662.8927177729724,48.85152440935127,1215.2696717193767,308.6288114190412,77622,47818,0,2,0.6960276232441597,0.6507084259862722,0.005284540160817701,0.0003894413616816906,0.009688055418681256,0.002460369988991081
2,registered_style,active,identity,000046,94080,72332.9361082894,67109.19721274287,35.128401253052324,26.95859949850537,961.4616344001121,331.40424872044184,47486,46594,0,0,0.7688449841442326,0.713320548604835,0.0003733886187611854,0.00028654973956744655,0.010219617712586225,0.0035225791743244243
2,registered_style,active,identity,000047,97216,78532.37095756392,71810.47660159238,-1012.3056182687307,52.40806829653008,894.868379283713,518.1325975085906,29644,67572,0,0,0.8078132298959423,0.7386693198814226,-0.010412952788313968,0.0005390889184550906,0.009204949589406198,0.005329704961205878
2,registered_style,active,identity,000049,90944,66607.90935617173,61405.84518789826,-359.4271198207987,38.02359163967329,772.4165145568951,351.95146776567424,36539,54405,0,0,0.7324057591063922,0.6752050183398384,-0.0039521806806474165,0.00041809895803652017,0.008493320225159385,0.003869980073074356
2,registered_style,active,identity,000050,106624,80380.516699086,75322.12742003705,785.5663698111715,45.916388238731166,1212.9321182087776,288.1437576128078,71583,35041,0,0,0.7538688916105755,0.706427515569075,0.007367631769687608,0.00043063839509614315,0.011375788923776801,0.0027024286990997132
2,registered_style,active,identity,000058,31360,21380.781112149125,20493.24984941259,666.9292170977085,25.18894035420584,388.25581898268297,37.85392913173811,27102,4258,0,0,0.6817851119945512,0.6534837324430035,0.02126687554520754,0.0008032187612948291,0.012380606472662084,0.0012070768218028734
2,registered_style,active,identity,000098,97216,71380.29829329139,66542.52115492336,351.82992760825056,44.0577676865999,991.592524377061,289.09974178115425,55319,41897,0,0,0.734244345511967,0.684481167245344,0.0036190537319808523,0.0004531946149460984,0.010199890186564567,0.002973787666445382
2,registered_style,active,identity,000127,103488,78704.48896196045,73409.0885878813,426.70196798165324,34.355891303480654,1106.7534710891957,321.7333374588186,63403,40085,0,0,0.7605180210455362,0.709348799743751,0.004123202380775097,0.00033197946915082576,0.01069451019528057,0.0031088951130451704
2,registered_style,active,identity,000128,75264,57165.92037225736,52896.53613910335,-113.21409391005395,31.662829946274982,741.7913974390403,282.2045914062102,35861,39403,0,0,0.759538695422212,0.7028132458958247,-0.0015042263752930213,0.000420690236318492,0.009855859340973643,0.0037495295414303018
2,registered_style,active,identity,000150,97216,73353.39732480515,66719.94612272363,-1300.3926667132032,58.733410511986364,731.4513138831973,505.50462775488614,23980,73236,0,0,0.754540377353575,0.6863062265750868,-0.01337632351375497,0.0006041537453915648,0.007523980763281736,0.005199808958966489
2,registered_style,active,identity,000151,100352,75496.57870854536,70735.61482505605,727.9117263191666,36.93245306312359,1138.8605405907135,267.94507171372845,65334,35018,0,0,0.7523176290312635,0.7048749882917734,0.00725358464524042,0.0003680290683107819,0.011348658129292028,0.0026700521336269177
2,registered_style,active,identity,000153,78400,62924.88530195225,59482.30195088766,1132.284465359889,40.023130854218394,1137.5744905145702,175.26027270394994,62626,15774,0,0,0.8026133329330645,0.7587028310062202,0.014442403894896544,0.0005104991180385,0.014509878705542987,0.0022354626620401776
2,registered_style,active,identity,000154,87808,64456.244470294216,59885.663769737585,115.62249202334267,42.413397962081696,866.0133400891284,287.0125161600579,45490,42318,0,0,0.7340589065950052,0.6820069215759109,0.0013167648964028638,0.0004830243025929493,0.009862579037093755,0.0032686374380473063
2,registered_style,active,identity,000159,75264,57192.020632714935,53955.598048824584,921.6451391313823,38.86373119827747,957.0053502928804,173.1642820985729,56256,19008,0,0,0.759885478219533,0.7168845404021124,0.012245497703169938,0.0005163654761675897,0.012715313433950898,0.002300758424991668
2,registered_style,active,identity,000181,97216,73431.65271142486,68588.4637601953,495.5590351085946,29.928198744840735,1056.0494991888902,278.06742106675676,63532,33684,0,0,0.7553453414193637,0.705526495229132,0.005097504887144036,0.000307852603942157,0.010862918647021994,0.002860305104784776
2,registered_style,active,identity,000182,59584,43445.95369991206,40445.528151737526,158.25315869676996,20.07427614073539,581.4448291171684,177.53997419510972,33795,25789,0,0,0.7291547009249473,0.6787984719343704,0.0026559673519194744,0.00033690715864553215,0.00975840542959802,0.0029796585357664764
2,registered_style,active,identity,000184,75264,58755.00090891204,53677.02866737603,-806.2701729136785,39.06576015580939,645.7258013255829,386.7510607876384,21730,53534,0,0,0.7806521166681554,0.713183310312713,-0.010712560758313118,0.0005190497469681307,0.008579477589891355,0.00513859296327113
2,registered_style,active,identity,000185,72128,56335.441047803964,52026.691549521405,-212.95822370266117,23.9219258231613,718.4162189516519,289.9934009750273,32497,39631,0,0,0.7810481511729698,0.7213106082176326,-0.0029525042106069927,0.0003316593531383277,0.00996029584837583,0.004020538500651998
2,registered_style,active,identity,000187,40768,30337.33539180964,28746.260439011734,614.5595692845568,21.663782288784933,524.9717943696091,74.49556997907673,33608,7160,0,0,0.7441457857096163,0.7051182407528388,0.015074557723816641,0.0005313918340066947,0.012877055395643867,0.0018273049935998021
2,registered_style,active,identity,000188,56448,40703.712070232315,38146.981040338054,402.57674580600104,17.02251424361416,579.436052964539,137.83991772944057,39225,17223,0,0,0.7210833345775283,0.6757897718313856,0.00713181593335461,0.00030156098078964994,0.010264952752347985,0.002441891966578808
2,registered_style,active,identity,000190,28224,21787.102363621583,20160.664437073283,-42.43641525137444,7.75946667709256,287.2410255876755,104.33851678567011,12230,15994,0,0,0.7719353161713997,0.7143092558486849,-0.00150355779660482,0.00027492441457952665,0.010177190532443151,0.00369680118996847
2,registered_style,active,identity,000191,59584,41208.37405155448,38692.51766313752,480.1421471543,24.808980165829496,595.6388089805554,132.8243592404029,40008,19576,0,0,0.6916013367943488,0.6493776460650095,0.008058239580328612,0.0004163698336101889,0.009996623405285905,0.0022291950731807685
2,registered_style,active,identity,000193,37632,27042.331112283224,25145.712706643157,69.4573320115459,14.346632600847402,355.0636847385229,114.7593263598566,19743,17889,0,0,0.7185993599139887,0.6682002738797608,0.0018456986610210964,0.0003812349224289807,0.009435153187141871,0.0030495144121985705
2,registered_style,active,identity,000198,75264,54159.7590438457,51100.01342219231,877.8656652964982,41.83199530562824,882.5520496709069,152.89252519376896,52358,22906,0,0,0.7195971386565383,0.6789436307157779,0.011663818894777026,0.0005558035090564977,0.011726084843629183,0.0020314164167964627
2,registered_style,active,identity,000200,112896,85232.8649168209,79835.81446163543,799.6885414531384,41.543186389431995,1278.624859712056,305.4991019733639,72729,40167,0,0,0.7549679786424753,0.7071624722012775,0.007083408991046081,0.00036797748715128965,0.011325687887188704,0.002706022374338895
2,registered_style,active,identity,000204,65856,47676.17385357164,44575.47712354106,365.53435368656335,22.55088835351086,670.9387348313342,172.94939740779117,40632,25224,0,0,0.7239457885928638,0.676862808605762,0.005550509500828525,0.0003424272405477232,0.010187966697511755,0.002626175252183418
2,registered_style,active,identity,000209,65856,45625.21796738845,43008.336263643345,700.2374343311194,26.720065694855855,683.2425383042379,127.95837419999376,48959,16897,0,0,0.6928027509625312,0.6530663305339429,0.010632857056777202,0.000405734719613336,0.010374795588924894,0.0019430025236879518
2,registered_style,active,identity,000213,34496,22940.453708407353,21227.387405056972,-45.21195826646003,7.893207804567795,256.7830912910754,96.50453883354947,16137,18359,0,0,0.6650177907121797,0.6153579372987295,-0.001310643502622334,0.00022881516131052282,0.007443851208577093,0.002797557364145103
2,registered_style,active,identity,000214,43904,33320.5644400781,30785.550562570337,-112.48776322842934,15.86563764128135,418.6628264311678,168.26937299169916,18647,25257,0,0,0.7589414276621288,0.7012014978719555,-0.002562130175574648,0.0003613711197449287,0.009535869771118071,0.003832666112238046
2,registered_style,active,identity,000215,43904,35157.8255784674,32418.57988393845,-183.14401929226898,19.29007659328146,451.37785328550956,198.23256080525152,19077,24827,0,0,0.8007886656903106,0.7383969543535543,-0.004171465453996651,0.00043936945593297784,0.010281018888609456,0.004515136680148768
2,registered_style,active,identity,000217,47040,32845.831738410634,30774.99258993962,317.1721733245368,16.61915146161828,464.3770575922397,108.68951160402415,30276,16764,0,0,0.6982532257315186,0.6542302846500769,0.006742605725436582,0.00035329828787453827,0.009871961258338429,0.0023105763521263636
2,registered_style,active,identity,000218,43904,30199.481510204496,27999.800051618367,-4.069414626561748,10.923674930982669,356.6412429250277,127.34280329168692,21808,22096,0,0,0.6878526218614363,0.6377505478229403,-9.268892644318851e-05,0.0002488081935810557,0.008123206152629093,0.002900482946694764
2,registered_style,active,identity,000219,31360,21268.285808657703,19865.897466061637,143.89331989155457,10.17647435004587,277.3777866765641,75.38685497325496,19130,12230,0,0,0.678197889306687,0.6334788732800267,0.004588434945521511,0.0003245049218764627,0.008844954932288396,0.0024039175693002218
2,registered_style,active,identity,000223,50176,36360.838279986,34164.50168658327,447.22847671369675,18.545715701350073,546.286709589861,111.4571923584464,34754,15422,0,0,0.7246659414856903,0.6808932893531424,0.008913195087565703,0.00036961327529795265,0.010887410506813236,0.002221324783929496
2,registered_style,active,identity,000224,62720,46649.753539861355,43020.743773395894,-237.40316933711622,24.134272684913338,551.4898239933433,242.8054146366769,27656,35064,0,0,0.7437779582248303,0.6859174708768478,-0.003785127062135144,0.0003847938884711948,0.008792886224383662,0.003871259799691915
2,registered_style,active,identity,000228,75264,54412.09256836411,51013.5205829069,557.3848656488119,21.267856666308305,785.7901183096931,179.69817679815856,52011,23253,0,0,0.7229497843373208,0.6777944380169391,0.007405730038913849,0.00028257675205022725,0.010440451189276322,0.002387571439176214
2,registered_style,active,identity,000229,37632,29187.409134904272,26780.354694224894,-285.0237360490006,14.862252907841997,338.16143355482706,172.51315009102262,12301,25331,0,0,0.7756007954640803,0.7116378266960272,-0.007573972577832711,0.00039493656749154966,0.008986007481792811,0.004584214234986783
2,registered_style,active,identity,000230,21952,14979.189955798327,14021.913287616218,131.76487263361227,6.249495817379665,200.71658750593076,48.83176713207401,14823,7129,0,0,0.6823610584820666,0.6387533385393686,0.0060024085565603255,0.00028468913162261593,0.00914343055329495,0.002224479187867803
2,registered_style,active,identity,000232,62720,48902.4703281573,45308.575076747045,-38.50795790336047,19.29555483349346,656.0254449008914,235.34397571387126,30786,31934,0,0,0.7796949988545488,0.72239437303487,-0.0006139661655510279,0.00030764596354421967,0.0104595893638535,0.003752295531152284
2,registered_style,active,identity,000235,59584,41481.99531661923,38342.40469381388,-123.69882698535024,18.302317379782746,477.5315495854109,193.99477225081705,25901,33683,0,0,0.6961935304212411,0.6435016899471986,-0.002076041000693982,0.0003071683233717566,0.008014425845619812,0.0032558198887422305
2,registered_style,active,identity,000238,59584,45553.52574500127,42002.6808767952,-238.9380152109068,18.92660039941618,549.2881592196653,237.01968509451652,24445,35139,0,0,0.7645261436795326,0.704932211278115,-0.004010103638743737,0.0003176456833951427,0.009218719106130258,0.003977908248766725
2,registered_style,active,identity,000239,87808,67114.02056023653,63204.653247514856,970.065859361533,39.46552752964364,1106.0101690384627,205.72627546365342,63113,24695,0,0,0.7643269469779124,0.7198051800236295,0.011047579484346905,0.00044945252744218794,0.012595779075237594,0.002342910389299989
2,registered_style,active,identity,000242,97216,68727.27893978462,64294.78163034655,564.2256090587516,32.50159347737103,949.0395733491981,239.88014378467082,60196,37020,0,0,0.7069543998908062,0.6613600809573172,0.00580383485289203,0.0003343235010427402,0.009762174676485333,0.002467496541563846
2,registered_style,active,identity,000248,50176,35956.278339453915,33657.641170811024,315.514923716424,16.670447682733737,502.5927297080893,126.54826468958196,33257,16919,0,0,0.7166031237933258,0.6707916368544927,0.006288164136567761,0.00033223947071774827,0.010016596175623591,0.002522087545631018
2,registered_style,active,identity,000251,59584,42066.379331248056,39081.441507251,73.44081320738962,18.610788093005123,526.9537372034845,175.70677962546418,31393,28191,0,0,0.7060012642865208,0.6559049662199752,0.0012325592979220868,0.0003123453962977498,0.008843879853710468,0.0029488919781395033
2,registered_style,active,identity,000256,53312,38721.83893420553,35505.76391832577,-400.85661885276966,21.804465853137852,410.7962835361464,222.06439247703662,18964,34348,0,0,0.7263250100203619,0.6659994732579113,-0.007519069231181904,0.00040899733367980663,0.00770551252131127,0.004165373508347775
2,registered_style,active,identity,000257,81536,60673.69485125807,55583.88103495096,-678.6157259711669,31.61640430791443,647.5854428301805,359.273136685002,26638,54898,0,0,0.7441338163664893,0.6817096869474951,-0.00832289695313931,0.00038776006068380137,0.007942325387929019,0.004406312998982069
2,registered_style,active,identity,000262,59584,41641.36407367536,38973.76897510607,359.88338499914175,24.637257236056723,582.8475976848979,148.47141003354506,37315,22269,0,0,0.6988682208927792,0.6540978949903676,0.006039933287445317,0.00041348780269966307,0.009781948135152018,0.002491799980423353
2,registered_style,active,identity,000263,65856,46944.254164478334,43712.49622939224,181.2599276013714,18.89918486040404,618.5785713381322,180.321908398478,36689,29167,0,0,0.7128318477356403,0.663758749838925,0.0027523677053172286,0.0002869774183127436,0.009392896187714592,0.002738124216449192
2,registered_style,active,identity,000265,50176,35905.79261457967,33757.13097093254,461.81995305999004,19.759549248898495,532.5585183271064,114.5421853471538,35103,15073,0,0,0.7155969510239889,0.6727744533428839,0.009204000977758092,0.0003938047921097436,0.010613809756200304,0.0022828082220016305
2,registered_style,active,identity,000266,62720,45726.37852767832,42032.26964072604,-369.63500854810684,21.296622922876647,514.0157601420198,245.3852072832348,23310,39410,0,0,0.729055780096912,0.6701573603432085,-0.005893415314861397,0.0003395507481325996,0.008195404338999039,0.0039123916977556565
2,registered_style,active,identity,000268,28224,21374.330610087025,19891.142442965298,70.80333777291844,10.733483553996031,296.5544403506029,91.36075202075321,15635,12589,0,0,0.757310466627233,0.7047598654678748,0.0025086216614554437,0.00038029632773512015,0.010507172631469773,0.003236988095973399
2,registered_style,active,identity,000281,62720,43390.300099701446,40802.501437800005,566.8338260018049,20.093532922654926,625.5227809089648,125.21301684443716,45022,17698,0,0,0.6918096316916684,0.6505500866996174,0.009037529113549186,0.0003203688284862074,0.009973258624186302,0.001996381008361562
2,registered_style,active,identity,000297,53312,39354.966537683795,36625.201411523856,131.48394828415957,18.491195147917676,531.7034302706641,165.38817632358132,28854,24458,0,0,0.7382009029427482,0.6869973253962308,0.0024663105545498117,0.0003468486484828496,0.009973428689050571,0.003102269213752651
2,registered_style,active,identity,000300,59584,42328.15519241191,39280.779212537454,30.034713671583457,16.054306597126686,520.6153925195506,178.98485792034734,29824,29760,0,0,0.710394656156215,0.6592504567088053,0.0005040734705891424,0.00026943989321171266,0.0087375032310612,0.003003908061230319
2,registered_style,active,identity,000302,84672,62724.380301316385,58081.60101930867,-82.48890771983314,23.224243511744397,799.5474460831127,281.77249990301607,40397,44275,0,0,0.7407924733243149,0.6859599515696886,-0.0009742170696314382,0.0002742848109380243,0.009442878945614994,0.003327812026443406
2,registered_style,active,identity,000303,53312,39360.584484519786,36493.199570797384,-5.727394128964285,13.364938692203154,495.8491790071378,174.24720973497176,26388,26924,0,0,0.738306281597385,0.68452130047264,-0.00010743161256310558,0.0002506928776298611,0.009300892463369181,0.0032684425595545423
2,registered_style,active,identity,000305,56448,43337.260074020945,39894.74863665772,-291.7351520625521,16.83297525356874,518.4771718601994,232.61000154917997,21091,35357,0,0,0.7677377422410173,0.7067522079906767,-0.005168210602015166,0.00029820321806917413,0.00918504060126487,0.004120783757603103
2,registered_style,active,identity,000306,34496,23131.532742213516,21274.726077927393,-175.06017910598246,16.06752613932606,241.8881565075979,122.9908122850227,13160,21336,0,0,0.6705569556532212,0.6167302318508636,-0.005074796472228155,0.0004657793987513352,0.007012063906180366,0.0035653644563144334
2,registered_style,active,identity,000308,53312,38551.22990690393,35265.38202658482,-483.03337953202856,20.85572036125244,397.1762534031244,228.73680763249263,15314,37998,0,0,0.7231248106787201,0.6614905092021462,-0.009060500066252036,0.00039120123726839063,0.007450034765214669,0.004290531355651497
2,registered_style,active,identity,000309,53312,40395.21932797483,37108.849627958116,-349.49046767226514,16.401411574461097,450.9857333886287,228.02842264840677,18777,34535,0,0,0.7577134477786396,0.6960693582675217,-0.006555568496253473,0.0003076495268318783,0.008459366247535802,0.004277243822186501
2,registered_style,active,identity,000311,59584,45205.78050062922,42144.566427294165,225.4104367657473,21.304178801370586,633.7061967822356,184.28686578737555,33183,26401,0,0,0.7586899251582508,0.7073134805869724,0.0037830698973843196,0.0003575486506674709,0.010635509478756638,0.0030928918130265766
2,registered_style,active,identity,000312,53312,40903.31121751596,39089.04626582377,1159.5544073142878,41.93122333866682,807.8927195649926,77.09366641028271,47844,5468,0,0,0.7672439829215929,0.7332129026452537,0.021750345275253,0.0007865250476190505,0.015154050111888367,0.0014460846790644265
2,registered_style,active,identity,000314,81536,68043.07458859944,61942.51819374773,-1153.577618931776,40.61152224965225,738.2355624657096,494.5934320750518,16530,65006,0,0,0.8345157303350599,0.7596953271407444,-0.01414807715526609,0.0004980808753146126,0.009054105701355347,0.0060659516296488886
2,registered_style,active,identity,000315,59584,45198.66565657477,42457.03279080172,544.4743693112405,24.736290286354112,702.3780287357065,154.89961918789749,40712,18872,0,0,0.7585705165241469,0.7125576126275799,0.009137929130492087,0.00041514987725486897,0.01178803082598863,0.0025996848010858198
2,registered_style,active,identity,000317,68992,51189.82390873076,47412.1776780216,-55.96002016277038,15.007837753567472,641.96684490941,227.89625037533472,32508,36484,0,0,0.7419675311446364,0.687212686659636,-0.0008111088265707673,0.00021753011586223724,0.00930494615186413,0.0033032271912009324
2,registered_style,active,identity,000318,65856,51477.61373708246,47604.892128139036,-130.112032111938,21.64895211014533,682.8922044663032,257.4923969136085,30185,35671,0,0,0.781669304802637,0.7228634008767468,-0.0019757050551496903,0.0003287316586210115,0.010369475893863932,0.003909930711151733
2,registered_style,active,identity,000320,65856,46354.668414132786,42793.32362767332,-191.19195024499615,20.60626116406731,532.4783707089317,220.94819393901489,28685,37171,0,0,0.7038791972505586,0.6498014399245827,-0.002903181946140005,0.00031289876646117755,0.008085495182047675,0.0033550199516978693
2,registered_style,active,identity,000321,59584,43012.39294050506,39782.518143312074,-102.7175329934885,14.7036433737091,514.6602177551334,195.42557387413584,27093,32491,0,0,0.7218782381260919,0.6676711557349636,-0.0017239113351485047,0.0002467716731624111,0.008637557360283522,0.0032798330738811735
2,registered_style,active,identity,000323,40768,30598.108976652846,28596.154352664016,222.63908530467148,14.42758134130505,442.3955196944857,116.32269557075838,25764,15004,0,0,0.7505423120254329,0.7014362821983913,0.005461123560259799,0.0003538947542510069,0.010851538454044489,0.002853284330130455
2,registered_style,active,identity,000324,62720,46133.921179070545,42520.229092484806,-259.5883765064226,19.32800294899642,541.2343813011578,235.75892601308686,25689,37031,0,0,0.7355535902275279,0.6779373260919134,-0.0041388452886865846,0.0003081633123245603,0.00862937470186795,0.003758911447912737
2,registered_style,active,identity,000326,56448,41483.27193159121,38515.62252716161,48.335205937798676,16.246489995899754,537.8017279258455,176.742535834374,29128,27320,0,0,0.7348935645477468,0.6823204104159867,0.0008562784498617963,0.00028781338569833746,0.00952738321864097,0.0031310681660001063
2,registered_style,active,identity,000327,50176,36552.59585959185,34251.190734570846,356.10141793695925,15.835987787754373,534.1148819986042,122.69925342476105,34141,16035,0,0,0.728487640696585,0.6826209888108029,0.007097046754164526,0.00031560881273426286,0.010644827845954325,0.0024453773402575148
2,registered_style,active,cross_camera,000009,0,0.0,0.0,0.0,0.0,0.0,0.0,0,0,0,0,,,,,,
2,registered_style,active,cross_camera,000011,0,0.0,0.0,0.0,0.0,0.0,0.0,0,0,0,0,,,,,,
2,registered_style,active,cross_camera,000015,0,0.0,0.0,0.0,0.0,0.0,0.0,0,0,0,0,,,,,,
2,registered_style,active,cross_camera,000017,0,0.0,0.0,0.0,0.0,0.0,0.0,0,0,0,0,,,,,,
2,registered_style,active,cross_camera,000019,0,0.0,0.0,0.0,0.0,0.0,0.0,0,0,0,0,,,,,,
2,registered_style,active,cross_camera,000020,0,0.0,0.0,0.0,0.0,0.0,0.0,0,0,0,0,,,,,,
2,registered_style,active,cross_camera,000022,0,0.0,0.0,0.0,0.0,0.0,0.0,0,0,0,0,,,,,,
2,registered_style,active,cross_camera,000023,0,0.0,0.0,0.0,0.0,0.0,0.0,0,0,0,0,,,,,,
2,registered_style,active,cross_camera,000025,0,0.0,0.0,0.0,0.0,0.0,0.0,0,0,0,0,,,,,,
2,registered_style,active,cross_camera,000026,0,0.0,0.0,0.0,0.0,0.0,0.0,0,0,0,0,,,,,,
2,registered_style,active,cross_camera,000028,0,0.0,0.0,0.0,0.0,0.0,0.0,0,0,0,0,,,,,,
2,registered_style,active,cross_camera,000029,0,0.0,0.0,0.0,0.0,0.0,0.0,0,0,0,0,,,,,,
2,registered_style,active,cross_camera,000031,0,0.0,0.0,0.0,0.0,0.0,0.0,0,0,0,0,,,,,,
2,registered_style,active,cross_camera,000032,0,0.0,0.0,0.0,0.0,0.0,0.0,0,0,0,0,,,,,,
2,registered_style,active,cross_camera,000034,0,0.0,0.0,0.0,0.0,0.0,0.0,0,0,0,0,,,,,,
2,registered_style,active,cross_camera,000035,0,0.0,0.0,0.0,0.0,0.0,0.0,0,0,0,0,,,,,,
2,registered_style,active,cross_camera,000037,0,0.0,0.0,0.0,0.0,0.0,0.0,0,0,0,0,,,,,,
2,registered_style,active,cross_camera,000038,0,0.0,0.0,0.0,0.0,0.0,0.0,0,0,0,0,,,,,,
2,registered_style,active,cross_camera,000040,0,0.0,0.0,0.0,0.0,0.0,0.0,0,0,0,0,,,,,,
2,registered_style,active,cross_camera,000041,0,0.0,0.0,0.0,0.0,0.0,0.0,0,0,0,0,,,,,,
2,registered_style,active,cross_camera,000043,0,0.0,0.0,0.0,0.0,0.0,0.0,0,0,0,0,,,,,,
2,registered_style,active,cross_camera,000044,0,0.0,0.0,0.0,0.0,0.0,0.0,0,0,0,0,,,,,,
2,registered_style,active,cross_camera,000046,0,0.0,0.0,0.0,0.0,0.0,0.0,0,0,0,0,,,,,,
2,registered_style,active,cross_camera,000047,0,0.0,0.0,0.0,0.0,0.0,0.0,0,0,0,0,,,,,,
2,registered_style,active,cross_camera,000049,0,0.0,0.0,0.0,0.0,0.0,0.0,0,0,0,0,,,,,,
2,registered_style,active,cross_camera,000050,0,0.0,0.0,0.0,0.0,0.0,0.0,0,0,0,0,,,,,,
2,registered_style,active,cross_camera,000058,0,0.0,0.0,0.0,0.0,0.0,0.0,0,0,0,0,,,,,,
2,registered_style,active,cross_camera,000098,0,0.0,0.0,0.0,0.0,0.0,0.0,0,0,0,0,,,,,,
2,registered_style,active,cross_camera,000127,0,0.0,0.0,0.0,0.0,0.0,0.0,0,0,0,0,,,,,,
2,registered_style,active,cross_camera,000128,0,0.0,0.0,0.0,0.0,0.0,0.0,0,0,0,0,,,,,,
2,registered_style,active,cross_camera,000150,0,0.0,0.0,0.0,0.0,0.0,0.0,0,0,0,0,,,,,,
2,registered_style,active,cross_camera,000151,0,0.0,0.0,0.0,0.0,0.0,0.0,0,0,0,0,,,,,,
2,registered_style,active,cross_camera,000153,0,0.0,0.0,0.0,0.0,0.0,0.0,0,0,0,0,,,,,,
2,registered_style,active,cross_camera,000154,0,0.0,0.0,0.0,0.0,0.0,0.0,0,0,0,0,,,,,,
2,registered_style,active,cross_camera,000159,39872,29785.773485463316,28107.245058564004,487.0055403390517,20.426854147496506,492.13299220084036,88.57784208443006,29823,10049,0,0,0.7470348486522702,0.7049369246228934,0.012214224025357438,0.0005123107480812727,0.012342821834892666,0.0022215550282009945
2,registered_style,active,cross_camera,000181,0,0.0,0.0,0.0,0.0,0.0,0.0,0,0,0,0,,,,,,
2,registered_style,active,cross_camera,000182,0,0.0,0.0,0.0,0.0,0.0,0.0,0,0,0,0,,,,,,
2,registered_style,active,cross_camera,000184,0,0.0,0.0,0.0,0.0,0.0,0.0,0,0,0,0,,,,,,
2,registered_style,active,cross_camera,000185,0,0.0,0.0,0.0,0.0,0.0,0.0,0,0,0,0,,,,,,
2,registered_style,active,cross_camera,000187,0,0.0,0.0,0.0,0.0,0.0,0.0,0,0,0,0,,,,,,
2,registered_style,active,cross_camera,000188,0,0.0,0.0,0.0,0.0,0.0,0.0,0,0,0,0,,,,,,
2,registered_style,active,cross_camera,000190,0,0.0,0.0,0.0,0.0,0.0,0.0,0,0,0,0,,,,,,
2,registered_style,active,cross_camera,000191,30128,20027.431529526482,18787.27684334945,215.91236123056837,12.498240798178731,276.4702288444134,64.73711209116752,19488,10640,0,0,0.6647448064765826,0.6235819451456933,0.0071665016340470115,0.00041483805092202376,0.00917652113795849,0.0021487357969718376
2,registered_style,active,cross_camera,000193,0,0.0,0.0,0.0,0.0,0.0,0.0,0,0,0,0,,,,,,
2,registered_style,active,cross_camera,000198,39648,27270.95174820407,25752.068867006805,463.8144074421003,22.01868645353061,431.4663359547335,72.55584633004987,27758,11890,0,0,0.6878266683869065,0.6495174754592111,0.011698305272450067,0.0005553542789934072,0.01088242372767185,0.0018300001596562216
2,registered_style,active,cross_camera,000200,58240,42177.08066960762,39527.18400036637,416.5303575258604,21.635006305705662,614.1568440475254,144.71560308709445,37537,20703,0,0,0.7241943796292517,0.6786947802260709,0.007151963556419306,0.0003714801906886274,0.010545275481585258,0.00248481461344599
2,registered_style,active,cross_camera,000204,25424,17577.454576020944,16438.47023242223,138.96047662023662,8.455238832460278,237.77855169568463,61.12421267978973,15655,9769,0,0,0.6913725053501001,0.6465729323639958,0.005465720446044549,0.00033256918000551755,0.00935252327311535,0.0024041933873422644
2,registered_style,active,cross_camera,000209,32480,21597.98892748193,20334.84803226078,307.11138207245415,12.515522348020143,306.7421419345674,61.19048243513731,23229,9251,0,0,0.6649627132845422,0.6260729073971915,0.009455399694348958,0.00038533012155234433,0.009444031463502691,0.001883943424727134
2,registered_style,active,cross_camera,000213,16576,10489.77691467281,9703.429910146631,-23.70210532410967,3.9506203946428613,112.43013215825337,42.787944594316606,7743,8833,0,0,0.6328292057597014,0.5853903179383827,-0.0014299050026610565,0.00023833375932932318,0.006782705849315478,0.0025813190512980577
2,registered_style,active,cross_camera,000214,0,0.0,0.0,0.0,0.0,0.0,0.0,0,0,0,0,,,,,,
2,registered_style,active,cross_camera,000215,0,0.0,0.0,0.0,0.0,0.0,0.0,0,0,0,0,,,,,,
2,registered_style,active,cross_camera,000217,21616,14462.193578678649,13537.316574300174,126.57702117133395,7.425555500299298,194.1404733438005,47.623300370235086,13490,8126,0,0,0.6690504061194785,0.6262637201286164,0.005855709713699757,0.0003435212574157706,0.008981332038480777,0.002203150461243296
2,registered_style,active,cross_camera,000218,0,0.0,0.0,0.0,0.0,0.0,0.0,0,0,0,0,,,,,,
2,registered_style,active,cross_camera,000219,0,0.0,0.0,0.0,0.0,0.0,0.0,0,0,0,0,,,,,,
2,registered_style,active,cross_camera,000223,0,0.0,0.0,0.0,0.0,0.0,0.0,0,0,0,0,,,,,,
2,registered_style,active,cross_camera,000224,0,0.0,0.0,0.0,0.0,0.0,0.0,0,0,0,0,,,,,,
2,registered_style,active,cross_camera,000228,38976,26931.328520975716,25194.322703632526,220.99962856175418,10.32857841287159,362.04353427087943,91.28938781818215,25200,13776,0,0,0.6909720987524558,0.6464060627984536,0.005670146463509703,0.00026499841987047385,0.009288883781580446,0.002342194884497695
2,registered_style,active,cross_camera,000229,0,0.0,0.0,0.0,0.0,0.0,0.0,0,0,0,0,,,,,,
2,registered_style,active,cross_camera,000230,0,0.0,0.0,0.0,0.0,0.0,0.0,0,0,0,0,,,,,,
2,registered_style,active,cross_camera,000232,33152,25151.653958517825,23289.813320117537,-33.22400012572263,10.149647466185458,326.38966554154325,119.49236132563557,16050,17102,0,0,0.7586768206599247,0.702516087117445,-0.0010021718184641238,0.00030615490667789145,0.009845248115997324,0.003604378659677714
2,registered_style,active,cross_camera,000235,31136,20788.893828090047,19238.126177576836,-39.33952701619535,9.59305148533357,234.16788951123135,92.06233369641544,14111,17025,0,0,0.6676803002341356,0.617874042188362,-0.0012634740177349482,0.00030810160217541015,0.00752080837330522,0.002956781015429581
2,registered_style,active,cross_camera,000238,0,0.0,0.0,0.0,0.0,0.0,0.0,0,0,0,0,,,,,,
2,registered_style,active,cross_camera,000239,28112,19487.853765556472,18318.11707351578,247.10109122126363,11.70094062431118,287.82308248154675,58.841635771462215,18820,9292,0,0,0.6932218897821739,0.6516120188359341,0.008789879454370505,0.00041622583324954396,0.01023844203477329,0.002093114533703124
2,registered_style,active,cross_camera,000242,0,0.0,0.0,0.0,0.0,0.0,0.0,0,0,0,0,,,,,,
2,registered_style,active,cross_camera,000248,0,0.0,0.0,0.0,0.0,0.0,0.0,0,0,0,0,,,,,,
2,registered_style,active,cross_camera,000251,32032,21674.714398705633,20121.25560877472,22.371707923873288,10.083886963105323,258.3811220384366,89.31225498125742,16475,15557,0,0,0.6766581667927583,0.6281610766975125,0.0006984174551658744,0.00031480666093610526,0.008066343719981163,0.0027882197484158785
2,registered_style,active,cross_camera,000256,0,0.0,0.0,0.0,0.0,0.0,0.0,0,0,0,0,,,,,,
2,registered_style,active,cross_camera,000257,39872,28561.91453425167,26202.205117842183,-283.1544421541668,14.702597326174542,301.3157996782188,159.392768822882,14036,25836,0,0,0.7163401518421868,0.6571580336537466,-0.00710158612946847,0.00036874491688840646,0.007557077640404765,0.003997611577620436
2,registered_style,active,cross_camera,000262,0,0.0,0.0,0.0,0.0,0.0,0.0,0,0,0,0,,,,,,
2,registered_style,active,cross_camera,000263,0,0.0,0.0,0.0,0.0,0.0,0.0,0,0,0,0,,,,,,
2,registered_style,active,cross_camera,000265,0,0.0,0.0,0.0,0.0,0.0,0.0,0,0,0,0,,,,,,
2,registered_style,active,cross_camera,000266,0,0.0,0.0,0.0,0.0,0.0,0.0,0,0,0,0,,,,,,
2,registered_style,active,cross_camera,000268,0,0.0,0.0,0.0,0.0,0.0,0.0,0,0,0,0,,,,,,
2,registered_style,active,cross_camera,000281,0,0.0,0.0,0.0,0.0,0.0,0.0,0,0,0,0,,,,,,
2,registered_style,active,cross_camera,000297,0,0.0,0.0,0.0,0.0,0.0,0.0,0,0,0,0,,,,,,
2,registered_style,active,cross_camera,000300,0,0.0,0.0,0.0,0.0,0.0,0.0,0,0,0,0,,,,,,
2,registered_style,active,cross_camera,000302,0,0.0,0.0,0.0,0.0,0.0,0.0,0,0,0,0,,,,,,
2,registered_style,active,cross_camera,000303,0,0.0,0.0,0.0,0.0,0.0,0.0,0,0,0,0,,,,,,
2,registered_style,active,cross_camera,000305,0,0.0,0.0,0.0,0.0,0.0,0.0,0,0,0,0,,,,,,
2,registered_style,active,cross_camera,000306,0,0.0,0.0,0.0,0.0,0.0,0.0,0,0,0,0,,,,,,
2,registered_style,active,cross_camera,000308,0,0.0,0.0,0.0,0.0,0.0,0.0,0,0,0,0,,,,,,
2,registered_style,active,cross_camera,000309,0,0.0,0.0,0.0,0.0,0.0,0.0,0,0,0,0,,,,,,
2,registered_style,active,cross_camera,000311,0,0.0,0.0,0.0,0.0,0.0,0.0,0,0,0,0,,,,,,
2,registered_style,active,cross_camera,000312,0,0.0,0.0,0.0,0.0,0.0,0.0,0,0,0,0,,,,,,
2,registered_style,active,cross_camera,000314,0,0.0,0.0,0.0,0.0,0.0,0.0,0,0,0,0,,,,,,
2,registered_style,active,cross_camera,000315,0,0.0,0.0,0.0,0.0,0.0,0.0,0,0,0,0,,,,,,
2,registered_style,active,cross_camera,000317,0,0.0,0.0,0.0,0.0,0.0,0.0,0,0,0,0,,,,,,
2,registered_style,active,cross_camera,000318,0,0.0,0.0,0.0,0.0,0.0,0.0,0,0,0,0,,,,,,
2,registered_style,active,cross_camera,000320,0,0.0,0.0,0.0,0.0,0.0,0.0,0,0,0,0,,,,,,
2,registered_style,active,cross_camera,000321,0,0.0,0.0,0.0,0.0,0.0,0.0,0,0,0,0,,,,,,
2,registered_style,active,cross_camera,000323,0,0.0,0.0,0.0,0.0,0.0,0.0,0,0,0,0,,,,,,
2,registered_style,active,cross_camera,000324,0,0.0,0.0,0.0,0.0,0.0,0.0,0,0,0,0,,,,,,
2,registered_style,active,cross_camera,000326,0,0.0,0.0,0.0,0.0,0.0,0.0,0,0,0,0,,,,,,
2,registered_style,active,cross_camera,000327,0,0.0,0.0,0.0,0.0,0.0,0.0,0,0,0,0,,,,,,
2,registered_style,inactive,identity,000009,100352,80571.085000908,76423.50492370129,1781.0260180503826,69.60367334433298,1488.6669872696611,219.0590638252541,83213,17139,0,0,0.8028846958795839,0.7615543778270616,0.017747787966860478,0.0006935952780645426,0.01483445259954621,0.0021829068062943846
2,registered_style,inactive,identity,000011,90944,71652.44789226406,68393.05098510627,2012.9553183258454,74.9141930961223,1418.9163742642493,146.4573617798132,81150,9794,0,0,0.7878743830518127,0.7520347794808483,0.02213400904211213,0.0008237398079710844,0.015602088914763473,0.0016104125811467849
2,registered_style,inactive,identity,000015,28224,22428.029238262272,21008.382331917295,230.65916617555155,13.412802189172176,350.26232115904946,85.5770811643276,18687,9537,0,0,0.7946438930790204,0.7443446121002443,0.00817244778116325,0.00047522683493382144,0.01241008790954682,0.003032067785017276
2,registered_style,inactive,identity,000017,65856,51661.05217470729,49598.365521273576,1738.6526087459224,70.76176257801458,1089.6627931996754,92.43400380356557,58930,6926,0,0,0.7844547524099139,0.7531335872399413,0.026400823140578268,0.0010744922646078502,0.016546142996836665,0.0014035775601853374
2,registered_style,inactive,identity,000019,94080,74873.0227020618,69795.60191312793,431.90875226275256,36.88669311246758,1093.207569818315,326.1481426009962,56368,37712,0,0,0.795844203890963,0.7418750203351183,0.004590866839527557,0.00039207794549816734,0.011619978420687873,0.0034667106994153507
2,registered_style,inactive,identity,000020,68992,56004.930767051585,53190.751724639515,1306.7928162423343,46.95318143878494,1064.4187189344905,147.85236640481406,58798,10194,0,0,0.8117597803665872,0.7709698475858,0.0189412224061099,0.0006805597959007557,0.015428147016095932,0.0021430363868972352
2,registered_style,inactive,identity,000022,81536,63747.11429975409,57909.44595294027,-1147.0087834194114,46.81963769330709,629.3932331040205,461.02338982069125,19203,62333,0,0,0.7818278343278318,0.7102316271700877,-0.014067513532910756,0.000574220438742483,0.007719206646193344,0.005654231134967269
2,registered_style,inactive,identity,000023,78400,61098.04694164253,57091.74563232227,489.4337735875109,32.660042832357824,916.937583021262,244.0262342672949,49038,29362,0,0,0.7793118232352364,0.7282110412286004,0.006242777724330496,0.0004165821789841559,0.011695632436495688,0.003112579518715496
2,registered_style,inactive,identity,000025,103488,87281.2414001599,80938.2854293487,79.3988945944642,34.44310568540943,1245.8630044709803,435.90562834170214,55138,48350,0,0,0.843394803263759,0.7821030982273182,0.0007672280321821293,0.0003328222178939532,0.012038719508261637,0.004212136946715582
2,registered_style,inactive,identity,000026,78400,66323.18988763125,60576.259769818746,-866.7169765810874,41.106984992605135,788.7975182865908,457.5865994036235,22641,55759,0,0,0.8459590546891741,0.772656374615035,-0.011055063476799583,0.0005243237881709838,0.010061192835288148,0.005836563767903361
2,registered_style,inactive,identity,000028,94080,74483.13894940057,69124.18423160212,121.6862784636861,41.99622239846282,1022.8357654454871,370.15440652863487,50653,43427,0,0,0.7917000313499211,0.7347383528018933,0.0012934340823095886,0.00044638841835100784,0.010871978799378052,0.003934464355108789
2,registered_style,inactive,identity,000029,78400,60751.5870790756,55888.39064114774,-392.9546700592677,31.173744344811258,725.8282188254725,340.5758657718904,30282,48118,0,0,0.774892692335148,0.7128621255248436,-0.005012176914021272,0.0003976242901123885,0.009258012995222864,0.004344079920559826
2,registered_style,inactive,identity,000031,106624,85843.84192922828,79531.05283901445,3.7986099043213066,35.9165295468778,1154.654368802266,432.0692534227892,54011,52613,0,0,0.8051080613110395,0.7459019811582237,3.5626218340348386e-05,0.000336852205384133,0.010829216394078875,0.004052270158902209
2,registered_style,inactive,identity,000032,84672,66143.34750490793,61485.25662724272,208.8890466325277,24.62228593867694,910.144807957464,289.1048344500929,45230,39442,0,0,0.7811714321724764,0.7261580761909807,0.0024670380601914178,0.0002907960829870198,0.010749064719830215,0.003414408948059487
2,registered_style,inactive,identity,000034,90944,71013.42377091141,66641.72354270774,853.631129920105,50.66655884161327,1141.2972206016561,258.5334143123625,60770,30174,0,0,0.7808478159187128,0.7327775723819905,0.00938633807530024,0.0005571182138636223,0.01254945043765016,0.0028427759314782995
2,registered_style,inactive,identity,000035,97216,78378.14346914843,70989.58427937469,-1621.3147856442492,58.72496033989924,751.60574989023,611.6281350891525,16650,80566,0,0,0.8062267884828468,0.7302253155794796,-0.016677448009013426,0.000604066823772828,0.007731296801866256,0.006291434898464785
2,registered_style,inactive,identity,000037,90944,72170.73357453925,67151.17646143772,290.93176717565007,41.00199585313385,1045.7301070430253,324.4289636629971,50802,40142,0,0,0.7935733371584629,0.738379403384915,0.0031990210148624436,0.00045084882843435356,0.011498615709041007,0.003567348738377431
2,registered_style,inactive,identity,000038,109760,91035.90884849615,85434.5053662128,1097.2284658948536,47.91159963607759,1513.8760041128921,338.7739954827362,78163,31597,0,0,0.8294087905293017,0.7783755955376531,0.009996615031840867,0.0004365123873549343,0.01379260207828801,0.00308649777225525
2,registered_style,inactive,identity,000040,87808,71961.77007833519,67061.60361107648,394.9463974507601,31.18990241586034,1083.357138717921,312.0650591866842,53219,34589,0,0,0.8195354646311861,0.7637299973929083,0.004497840714408256,0.00035520570353339494,0.012337795402673117,0.003553947922588878
2,registered_style,inactive,identity,000041,103488,81884.43591454846,75903.72848228668,44.5380495907978,33.38877711861087,1107.8699364901972,390.08720361896764,54244,49244,0,0,0.7912457088217809,0.733454395507563,0.00043036921759815434,0.0003226342872469356,0.010705298551428159,0.0037693955204368395
2,registered_style,inactive,identity,000043,94080,70246.14625617379,65002.998395879404,-74.27454975152224,30.326678055186974,880.8815443750614,339.87850291314663,44372,49708,0,0,0.7466639695596703,0.6909332312487182,-0.0007894828842636293,0.00032234989429407926,0.009363111653646486,0.0036126541551142286
2,registered_style,inactive,identity,000044,62720,47806.809356435086,45193.44849440899,904.3743322084274,36.11595946316199,826.1397042827523,134.67822085450854,48501,14219,0,0,0.7622259144839778,0.7205588089032046,0.01441923361301702,0.0005758284353182716,0.013171870285120412,0.002147293062093567
2,registered_style,inactive,identity,000046,94080,75289.67055907496,69730.63707521529,-19.046033257509144,33.29607410917957,1019.9234699643265,375.487887454098,45458,48622,0,0,0.8002728588337049,0.741184492721251,-0.0002024450813935921,0.00035391235235097333,0.010841023277682042,0.0039911552663063135
2,registered_style,inactive,identity,000047,90944,76955.65531045018,70276.09761898872,-1016.983243905029,50.08693612245506,904.9441213003969,537.702105904313,26758,64186,0,0,0.8461872725023111,0.7727403415177331,-0.011182521594662969,0.0005507448113394513,0.009950564317606405,0.005912452783078741
2,registered_style,inactive,identity,000049,97216,78849.67203452397,72807.95879038703,-239.7726816183476,37.32097744480545,1017.924509297945,429.43111127908435,42794,54422,0,0,0.8110771070042377,0.7489297933507553,-0.0024663911456791845,0.00038389748029959525,0.010470750795115464,0.004417288422472477
2,registered_style,inactive,identity,000050,81536,65503.904225515435,60798.56483693677,114.58882574476836,31.79864600703523,912.2553915412138,312.08592612265954,45140,36396,0,0,0.8033740216041434,0.7456652869522269,0.0014053770818383089,0.0003899951678649337,0.011188375583070224,0.003827584454997296
2,registered_style,inactive,identity,000058,31360,23347.25051971886,22393.323067907244,764.0170407708026,28.031211132900946,454.9667074457164,42.00789607091427,28346,3014,0,0,0.7444914068787901,0.7140728019103075,0.02436278828988529,0.0008938523958195454,0.014507866946610855,0.0013395375022612968
2,registered_style,inactive,identity,000098,90944,71365.59252325131,66910.63615733502,796.28838051121,42.316385623638695,1110.8885883788398,262.0233314040858,61408,29536,0,0,0.7847201852046458,0.7357344756920194,0.008755809954600744,0.00046530156605865914,0.012215083879957334,0.0028811502837359894
2,registered_style,inactive,identity,000127,84672,67227.62447532272,62951.91620991519,671.0552568853813,30.89758642089714,1029.0554349995746,256.5533758006572,59138,25534,0,0,0.7939770464300208,0.7434797360392478,0.007925350256110417,0.0003649091366791518,0.012153432480626118,0.0030299671178271115
2,registered_style,inactive,identity,000128,112896,93911.73376607272,86667.35779866885,-334.1341949935094,55.632242095463134,1261.0948248347127,536.1320211601169,52052,60844,0,0,0.8318428798723845,0.7676743002291387,-0.0029596637169918283,0.0004927742532548818,0.011170411926327882,0.004748901831421104
2,registered_style,inactive,identity,000150,90944,71522.10559239984,64864.21325035859,-1395.1310033309032,53.795341636883016,700.2303147588394,531.0263109290835,18864,72080,0,0,0.7864411681078448,0.7132324644875813,-0.015340550265338046,0.0005915216137060501,0.007699576824846493,0.005839047226085102
2,registered_style,inactive,identity,000151,87808,69833.06794364791,65350.816446593264,656.226559391389,34.153523779277464,1088.9461315941605,267.98351667406234,56105,31703,0,0,0.7952927745040077,0.7442467252026383,0.007473425649045519,0.00038895685790904543,0.012401445558424751,0.0030519259825307755
2,registered_style,inactive,identity,000153,109760,90188.91985862982,85105.71655117208,1553.1052391195021,54.574047525825335,1621.7676442872869,270.31312107318433,86020,23740,0,0,0.8216920541055923,0.7753800706192792,0.014150011289354064,0.0004972125321230442,0.014775579849556185,0.002462765315900003
2,registered_style,inactive,identity,000154,100352,78419.19874209218,73189.43584353919,540.5024471638543,54.05021803458694,1180.4505996496396,330.4550616997318,59836,40516,0,0,0.7814413139956571,0.7293271269485331,0.005386065521004606,0.0005386062862183807,0.011763099884901542,0.003292959399909636
2,registered_style,inactive,identity,000159,68992,55568.18085471087,52563.80238398416,1084.4563229697565,41.71073050587103,1006.3670864424275,161.3660811830342,55812,13180,0,0,0.805429337527697,0.7618825716602529,0.015718580748054215,0.0006045734361356538,0.014586721452377487,0.002338910035700287
2,registered_style,inactive,identity,000181,90944,73980.52497811854,68855.82260746427,318.9551314217038,23.736624737577966,1077.3066538008966,319.5969775321689,55300,35644,0,0,0.8134734009733302,0.7571233133297883,0.0035071596963153566,0.00026100264709687243,0.011845824395242089,0.0035142172934131874
2,registered_style,inactive,identity,000182,128576,101276.01192481918,94381.64561442542,557.7560185291685,38.81651732529113,1466.9499267076312,424.7494245974109,78775,49801,0,0,0.7876743087731706,0.7340533662147323,0.004337948128182309,0.0003018955118007337,0.011409204880441382,0.003303489178364632
2,registered_style,inactive,identity,000184,112896,95247.97048565705,86758.3537680622,-1481.0515682516232,59.01717937517687,1063.1173354333712,691.8507243342044,25875,87021,0,0,0.8436788768925121,0.7684803161144965,-0.01311872491719479,0.0005227570452024595,0.009416784788064866,0.00612821290687185
2,registered_style,inactive,identity,000185,53312,45057.57440197113,41562.513751004124,-179.62049977609124,18.844470463910994,605.6781740956433,255.11983887597535,23543,29769,0,0,0.8451675870717874,0.7796089764218961,-0.0033692320636271615,0.00035347521128284426,0.011361010168360655,0.00478541114338189
2,registered_style,inactive,identity,000187,21952,17825.870997686987,16880.31962499791,366.1172916830447,12.928886688917142,326.1537609414626,49.654876868263344,17974,3978,0,0,0.8120385840783066,0.7689649974944383,0.01667808362258768,0.0005889616749688931,0.014857587506444178,0.0022619750759959615
2,registered_style,inactive,identity,000188,68992,51798.22362570971,48484.83602002775,498.04504794821366,22.268344016629218,760.0606465945143,183.4925260622696,46429,22563,0,0,0.7507859407715345,0.7027602623496602,0.007218881144889461,0.00032276704569557656,0.011016648982411212,0.0026596203336947703
2,registered_style,inactive,identity,000190,34496,29234.893732876633,27004.05637134961,-79.66651435557736,12.399100414006394,400.8565766061341,161.44901018223447,15620,18876,0,0,0.84748648344378,0.7828170330284557,-0.0023094420905489725,0.0003594358886249535,0.011620378496235335,0.004680224089234534
2,registered_style,inactive,identity,000191,37632,26281.966638000973,24570.127457294846,222.04848636004579,15.857833454911788,365.1192684516508,96.67636598716702,22171,15461,0,0,0.698394096460485,0.6529051726534557,0.005900523128189992,0.0004213922580493141,0.009702361512852115,0.0025689935689617084
2,registered_style,inactive,identity,000193,25088,19458.72526022495,18050.55814235867,23.650725748495926,8.701088273235646,260.71837648534193,91.62462972674945,12415,12673,0,0,0.7756188321199359,0.7194897218733526,0.0009427106883169613,0.00034682271497272186,0.010392154674957826,0.003652129692552194
2,registered_style,inactive,identity,000198,72128,55350.29080160067,52312.81137555628,1035.3225154576346,44.95200755339148,963.8639195438425,156.95365919465598,54206,17922,0,0,0.7673897903948629,0.725277442540432,0.014353961228061705,0.0006232254818294071,0.013363242007872705,0.0021760434116384203
2,registered_style,inactive,identity,000200,106624,84083.62742857289,79023.28531852912,1126.7249510333688,47.87710585919513,1364.0818692387252,287.9998214394105,75870,30754,0,0,0.7885994469216395,0.7411397557635159,0.01056727332526794,0.0004490274784213229,0.012793384878064274,0.0027010787574974723
2,registered_style,inactive,identity,000204,90944,71164.29851227865,66397.48139661853,469.6159535958849,37.31562756415108,1048.24508233241,291.45511621617567,53057,37887,0,0,0.7825068010234721,0.7300919400578216,0.005163792593198945,0.0004103143424981426,0.01152626981804638,0.0032047756445304325
2,registered_style,inactive,identity,000209,87808,64769.0604749911,61273.120278680464,1269.9165215401974,49.44712439976336,1076.3434374273195,174.80065775144791,68483,19325,0,0,0.7376214066484956,0.697807947780162,0.014462423942467627,0.0005631277833427861,0.012257919977989699,0.001990714487876366
2,registered_style,inactive,identity,000213,53312,38109.54796517425,35116.07269493211,-189.28691468904455,14.36364725717798,432.05762742675364,186.41422745416872,22412,30900,0,0,0.7148399603311496,0.6586898389655633,-0.0035505498703677324,0.000269426156534701,0.00810432224314889,0.0034966654309380387
2,registered_style,inactive,identity,000214,18816,15262.944271524088,14146.759452822094,6.897791377135837,7.763318388655075,211.3213218468605,75.39311105727656,9336,9480,0,0,0.8111683817774281,0.7518473348651198,0.0003665918036317941,0.0004125913259276719,0.011230937598153726,0.0040068617696256675
2,registered_style,inactive,identity,000215,81536,67144.8550024596,61608.93541600848,-595.2464326981408,33.005972226444754,811.3546796338263,421.1903445283868,28202,53334,0,0,0.823499497184797,0.7556040940935106,-0.007300412488939129,0.00040480244586985813,0.009950876663483937,0.005165697906794383
2,registered_style,inactive,identity,000217,53312,39650.319153143704,37023.63535990147,290.8780567386595,17.31530911354991,558.9113505558829,151.76008343120498,32715,20597,0,0,0.7437409805136499,0.6944709513787041,0.005456146022258769,0.0003247919626641265,0.010483781335456988,0.0028466402204232626
2,registered_style,inactive,identity,000218,18816,13949.345475756912,12870.32384486217,-52.5966471491778,5.8125989181846895,167.70500629403105,68.95090093117665,7510,11306,0,0,0.741355520607829,0.6840095580815354,-0.0027953150058023916,0.0003089178846824346,0.008912893616817127,0.003664482404930732
2,registered_style,inactive,identity,000219,31360,23050.03846255655,21605.289210737683,251.32569272834033,10.37559898227022,334.17022936734065,78.2690846143737,20862,10498,0,0,0.7350139815866247,0.6889441712607679,0.008014212140572076,0.00033085455938361674,0.010655938436458567,0.0024958254022440594
2,registered_style,inactive,identity,000223,75264,59295.94748747576,55637.54480785155,704.729772847193,29.10085482843239,932.6182676682354,204.91278880235393,53540,21724,0,0,0.7878394383433748,0.7392318347131637,0.009363437670695059,0.00038665038834545583,0.0123912928846226,0.0027225870110856973
2,registered_style,inactive,identity,000224,62720,51159.74955250078,46914.91776099987,-480.3795314207009,29.52317814535188,604.2756868735937,324.25351914786216,21777,40943,0,0,0.8156847824059437,0.7480057040975745,-0.0076591124269882165,0.0004707139372664522,0.009634497558571329,0.005169858404780966
2,registered_style,inactive,identity,000228,90944,71275.88373828906,66986.04743397841,954.8074630023339,31.596472864876077,1136.378408657589,235.90623225834457,67126,23818,0,0,0.7837337673545156,0.7365636813201356,0.010498850534420455,0.0003474277892425677,0.012495364275351745,0.0025939724694135353
2,registered_style,inactive,identity,000229,25088,21787.276252542157,19982.320192273473,-201.79806893201462,10.625569652185966,275.86271302723037,141.69945957697598,8231,16857,0,0,0.8684341618519673,0.7964891658272271,-0.008043609252711042,0.0004235319536107289,0.010995803293496108,0.0056480970813526776
2,registered_style,inactive,identity,000230,40768,29704.808557259617,27628.00362780178,108.94333332191671,12.178198412322612,386.28392140076284,123.15872992119857,23338,17430,0,0,0.7286305081745392,0.6776884720320295,0.0026722756407456024,0.0002987195450432352,0.00947517468114116,0.0030209657064658203
2,registered_style,inactive,identity,000232,90944,72811.2027548916,67160.68328062003,-292.9033958634641,32.82344721522116,928.6455550593288,401.66830027019535,40077,50867,0,0,0.8006157938389734,0.7384839382545305,-0.003220700605465606,0.00036091932634611584,0.010211180012527805,0.004416655307334132
2,registered_style,inactive,identity,000235,106624,78642.68922970432,72457.74671938439,-398.2322195328523,38.953304748728875,909.9411933243368,415.78409782990013,44300,62324,0,0,0.7375702396243278,0.6795632007745385,-0.003734921026531103,0.0003653333653654794,0.008534112332348597,0.003899535731447893
2,registered_style,inactive,identity,000238,65856,52843.595259274705,48754.76320818812,-200.4785437966657,21.73045296028274,670.0580229593281,283.80103063598654,28285,37571,0,0,0.8024112496852938,0.7403237853527107,-0.003044195575143733,0.0003299692201209114,0.01017459340013557,0.004309417982203391
2,registered_style,inactive,identity,000239,72128,58138.93269959977,54897.05090707971,1036.1148457367701,38.16173469170299,1042.4400383419397,170.09785582195184,56438,15690,0,0,0.8060521947038566,0.7611059631083589,0.014364946286279533,0.0005290835000513392,0.0144526402831347,0.0023582777260141947
2,registered_style,inactive,identity,000242,90944,69093.99937068904,64435.930316204205,426.0266333185621,32.05774675288269,976.6843596402334,271.94314923206707,52957,37987,0,0,0.7597422520527911,0.7085231605845818,0.004684494120761811,0.00035249985433764397,0.010739404024897007,0.0029902263946172047
2,registered_style,inactive,identity,000248,75264,57862.99540406966,54398.70200555411,793.3991376906408,30.727168322107893,907.9677419815083,194.28350029140384,55423,19841,0,0,0.7688004278814528,0.7227718697591692,0.010541548917020633,0.00040825850768106786,0.012063772082024717,0.0025813602823581503
2,registered_style,inactive,identity,000251,97216,74090.69369221083,68941.49208221096,302.5623599220613,31.863358410646015,1008.6082922394141,318.4597456814495,58108,39108,0,0,0.7621244825153353,0.7091578760925255,0.0031122691729968456,0.00032775837733136536,0.010374920715102598,0.003275795606499439
2,registered_style,inactive,identity,000256,72128,55717.50892354641,50710.192132731434,-907.4940937151878,32.648090122211016,554.2460224805209,376.3337822912643,16263,55865,0,0,0.7724809910651399,0.7030583425678161,-0.012581717137799299,0.00045264100102887945,0.007684200622234373,0.0052175823853602525
2,registered_style,inactive,identity,000257,78400,61489.871463552176,56122.511304784566,-842.7937246519132,33.652873062330485,648.6470375396761,407.9577249531957,21616,56784,0,0,0.7843095849942879,0.715848358479395,-0.010749919957294811,0.0004292458298766644,0.008273559152291788,0.005203542410117292
2,registered_style,inactive,identity,000262,65856,49113.08603841043,46277.941657079384,778.7096612318028,28.846589998544196,781.355119264439,149.82303679202826,48960,16896,0,0,0.745764790427758,0.7027141286607049,0.011824429987120426,0.0004380252368583606,0.011864600328966822,0.0022750096694610705
2,registered_style,inactive,identity,000263,59584,45225.889636713604,42187.51717726677,289.45271456718405,20.997297943525282,642.2411691789764,180.38080891054273,36202,23382,0,0,0.7590274173723416,0.7080343242693805,0.004857893303020677,0.00035239826033037864,0.010778752168014508,0.0030273363471828465
2,registered_style,inactive,identity,000265,12544,9757.16587482288,9212.78809453547,173.5769683331103,7.25695158073312,163.88045279490524,30.935924022366244,9798,2746,0,0,0.7778352897658546,0.7344378264138608,0.013837449643902287,0.0005785197369844643,0.013064449361838747,0.0024661929227013904
2,registered_style,inactive,identity,000266,62720,48646.5439367395,44743.368741347454,-323.65039572854636,24.478045704907334,577.1773234210389,274.54418655783667,25971,36749,0,0,0.7756145398077089,0.7133827924321979,-0.005160242278835242,0.00039027496340732356,0.009202444569850747,0.004377298892822651
2,registered_style,inactive,identity,000268,34496,27488.298804089543,25696.92083679652,231.27440031921597,13.756792986274787,424.7423584293179,107.08631447476321,21166,13330,0,0,0.7968546731241171,0.7449246532002701,0.006704383126136826,0.00039879385975982105,0.012312800279143029,0.0031043110643194346
2,registered_style,inactive,identity,000281,62720,46172.310155476094,43321.859288981184,547.0141101374875,25.327725397751433,681.7744217467447,159.18820160692565,42843,19877,0,0,0.7361656593666469,0.6907184197860521,0.008721525990712492,0.0004038221523876185,0.010870127897747842,0.0025380771939879725
2,registered_style,inactive,identity,000297,72128,56672.68787981622,52670.03424219962,167.45332811552038,25.05360240537529,798.7066388682691,254.92455515847283,38031,34097,0,0,0.7857238226460768,0.7302300665788545,0.0023216133556388696,0.00034734919040282957,0.011073461608089356,0.0035343355584304685
2,registered_style,inactive,identity,000300,65856,49478.420242462365,45920.33678436745,82.65271704594025,19.068529978912572,646.9523103315914,221.13233113912716,34899,30957,0,0,0.7513122607273804,0.6972840255157837,0.0012550521903234367,0.00028954886386832744,0.009823741349787285,0.003357816009765658
2,registered_style,inactive,identity,000302,40768,31571.355837258277,29146.377831146587,-101.88489336298151,11.712363249031702,402.1267266846254,157.50532816015163,18151,22617,0,0,0.7744151255214452,0.7149327372239646,-0.0024991388678125372,0.00028729305457789693,0.009863783523465106,0.0038634548704903756
2,registered_style,inactive,identity,000303,72128,57307.42033637356,53251.671370230615,161.06307636406865,19.124118292540047,795.8818669257746,253.66248720051215,37682,34446,0,0,0.7945239066156494,0.7382940240992487,0.002233017363077704,0.00026514139158912,0.011034298288123539,0.0035168379436628238
2,registered_style,inactive,identity,000305,68992,57128.78763145616,52532.20710276649,-392.91269223589984,29.912456005081278,720.0523868495734,344.95650285942025,25570,43422,0,0,0.828049449667442,0.7614246159375941,-0.005695047139319049,0.00043356412345027366,0.010436751896590523,0.004999949310926198
2,registered_style,inactive,identity,000306,28224,22405.139463856583,20515.158964502392,-241.3587091796073,10.893241788079798,252.40157211920678,138.8669024558349,8374,19850,0,0,0.7938328891672543,0.7268692943772106,-0.008551541566737786,0.0003859566960062287,0.008942799465674844,0.004920170863656282
2,registered_style,inactive,identity,000308,72128,56294.980035465676,51490.05568518955,-662.6099980879006,31.427571347047657,621.8379712472163,356.50949508543414,21747,50381,0,0,0.7804871899326985,0.7138705590781604,-0.009186584933561177,0.0004357194341593786,0.00862131171316571,0.0049427336829724125
2,registered_style,inactive,identity,000309,72128,58449.31388414628,53566.18220194151,-582.2964811740267,21.417628986170104,669.2403330491787,360.84936703361427,22341,49787,0,0,0.8103553943565089,0.7426544781768732,-0.008073098951503254,0.0002969391773814622,0.00927850949768715,0.0050029027150844925
2,registered_style,inactive,identity,000311,65856,52533.196156143735,48591.36030586623,-76.32222425223314,23.158494534894505,690.7792990578489,266.13056610323383,30312,35544,0,0,0.7976979494069445,0.7378425702421378,-0.0011589259027610717,0.0003516535248860317,0.010489238627579096,0.004041098246222574
2,registered_style,inactive,identity,000312,72128,57912.39968412288,55375.87416882254,1724.8023016750308,69.23447284673902,1204.5484475637047,114.01435696387942,64001,8127,0,0,0.8029114863038331,0.7677444843725397,0.023913075389239,0.0009598834411981343,0.01670015039324125,0.0015807225621655866
2,registered_style,inactive,identity,000314,106624,91979.13552404352,83632.78774637822,-1578.3110372121007,53.17434795289714,1018.9125692290653,696.5527883560045,20081,86543,0,0,0.862649455320036,0.7843711335757261,-0.014802587008666912,0.0004987089956566734,0.009556127787637541,0.006532795509041158
2,registered_style,inactive,identity,000315,65856,51738.46123443154,48559.55303441698,628.126999154191,27.696736712480025,822.174597661636,186.7494019474929,44824,21032,0,0,0.7856301815238025,0.7373595881076437,0.009537885677146973,0.0004205651225777458,0.012484429629215804,0.002835723426073447
2,registered_style,inactive,identity,000317,56448,44050.218362495216,40722.08692016918,-86.81486978202251,16.340273102813107,564.3471490062593,220.579791873396,26743,29705,0,0,0.7803680974081494,0.7214088527524303,-0.001537961837124832,0.0002894747927794272,0.009997646488914741,0.003907663546509991
2,registered_style,inactive,identity,000318,122304,102714.49576582096,94600.68502574065,-555.8414554213937,41.84332148219679,1345.1202235629808,595.1316272068702,48280,74024,0,0,0.8398294067718224,0.7734880709195173,-0.00454475287334342,0.0003421255354051936,0.01099817032609711,0.004866002969705571
2,registered_style,inactive,identity,000320,59584,45620.84842379147,41810.439397372305,-453.5218747438153,18.997853574133895,502.4003263315434,267.3972965585964,19944,39640,0,0,0.7656560221500984,0.7017058169537511,-0.007611470776446954,0.00031884152749284866,0.008431799246971391,0.004487736582951739
2,registered_style,inactive,identity,000321,65856,51002.398425557825,46984.88321168348,-264.64121230063284,22.23881027082203,619.5756750476071,271.2597006910652,27543,38313,0,0,0.7744533288623333,0.7134487854057866,-0.004018482937023701,0.0003376884455603442,0.009408036853857007,0.004118982335566466
2,registered_style,inactive,identity,000323,21952,16843.75613049837,15709.909237114713,105.5554959619932,9.499066038563416,249.15712631832386,68.63600844987484,12264,9688,0,0,0.7672993864111866,0.7156481977548612,0.004808468292729282,0.00043271984505117604,0.011350087751381372,0.0031266403266160185
2,registered_style,inactive,identity,000324,62720,48770.32321646594,44732.77413060563,-448.9163215685065,24.496749289575373,560.6077053725389,289.26325701077457,20880,41840,0,0,0.7775880614870208,0.7132138732558295,-0.007157466861742769,0.00039057317107103593,0.008938260608618286,0.004611977949789135
2,registered_style,inactive,identity,000326,68992,52208.94295279513,48363.48842923902,-3.800195413660376,17.680686184741127,665.3936990702223,242.13913780938364,34014,34978,0,0,0.7567390850068867,0.7010013976872539,-5.5081682132136715e-05,0.0002562715414068461,0.009644505146541952,0.003509669785038608
2,registered_style,inactive,identity,000327,75264,59733.696262983256,55988.46574071869,650.1124938182843,26.675543679722722,944.7622243227181,214.83158460358598,53158,22106,0,0,0.793655615739042,0.7438943683662667,0.008637761663189364,0.0003544263350303295,0.01255264434952591,0.00285437373250938
2,registered_style,inactive,cross_camera,000009,0,0.0,0.0,0.0,0.0,0.0,0.0,0,0,0,0,,,,,,
2,registered_style,inactive,cross_camera,000011,0,0.0,0.0,0.0,0.0,0.0,0.0,0,0,0,0,,,,,,
2,registered_style,inactive,cross_camera,000015,0,0.0,0.0,0.0,0.0,0.0,0.0,0,0,0,0,,,,,,
2,registered_style,inactive,cross_camera,000017,0,0.0,0.0,0.0,0.0,0.0,0.0,0,0,0,0,,,,,,
2,registered_style,inactive,cross_camera,000019,0,0.0,0.0,0.0,0.0,0.0,0.0,0,0,0,0,,,,,,
2,registered_style,inactive,cross_camera,000020,0,0.0,0.0,0.0,0.0,0.0,0.0,0,0,0,0,,,,,,
2,registered_style,inactive,cross_camera,000022,0,0.0,0.0,0.0,0.0,0.0,0.0,0,0,0,0,,,,,,
2,registered_style,inactive,cross_camera,000023,0,0.0,0.0,0.0,0.0,0.0,0.0,0,0,0,0,,,,,,
2,registered_style,inactive,cross_camera,000025,0,0.0,0.0,0.0,0.0,0.0,0.0,0,0,0,0,,,,,,
2,registered_style,inactive,cross_camera,000026,0,0.0,0.0,0.0,0.0,0.0,0.0,0,0,0,0,,,,,,
2,registered_style,inactive,cross_camera,000028,0,0.0,0.0,0.0,0.0,0.0,0.0,0,0,0,0,,,,,,
2,registered_style,inactive,cross_camera,000029,0,0.0,0.0,0.0,0.0,0.0,0.0,0,0,0,0,,,,,,
2,registered_style,inactive,cross_camera,000031,0,0.0,0.0,0.0,0.0,0.0,0.0,0,0,0,0,,,,,,
2,registered_style,inactive,cross_camera,000032,0,0.0,0.0,0.0,0.0,0.0,0.0,0,0,0,0,,,,,,
2,registered_style,inactive,cross_camera,000034,0,0.0,0.0,0.0,0.0,0.0,0.0,0,0,0,0,,,,,,
2,registered_style,inactive,cross_camera,000035,0,0.0,0.0,0.0,0.0,0.0,0.0,0,0,0,0,,,,,,
2,registered_style,inactive,cross_camera,000037,0,0.0,0.0,0.0,0.0,0.0,0.0,0,0,0,0,,,,,,
2,registered_style,inactive,cross_camera,000038,0,0.0,0.0,0.0,0.0,0.0,0.0,0,0,0,0,,,,,,
2,registered_style,inactive,cross_camera,000040,0,0.0,0.0,0.0,0.0,0.0,0.0,0,0,0,0,,,,,,
2,registered_style,inactive,cross_camera,000041,0,0.0,0.0,0.0,0.0,0.0,0.0,0,0,0,0,,,,,,
2,registered_style,inactive,cross_camera,000043,0,0.0,0.0,0.0,0.0,0.0,0.0,0,0,0,0,,,,,,
2,registered_style,inactive,cross_camera,000044,0,0.0,0.0,0.0,0.0,0.0,0.0,0,0,0,0,,,,,,
2,registered_style,inactive,cross_camera,000046,0,0.0,0.0,0.0,0.0,0.0,0.0,0,0,0,0,,,,,,
2,registered_style,inactive,cross_camera,000047,0,0.0,0.0,0.0,0.0,0.0,0.0,0,0,0,0,,,,,,
2,registered_style,inactive,cross_camera,000049,0,0.0,0.0,0.0,0.0,0.0,0.0,0,0,0,0,,,,,,
2,registered_style,inactive,cross_camera,000050,0,0.0,0.0,0.0,0.0,0.0,0.0,0,0,0,0,,,,,,
2,registered_style,inactive,cross_camera,000058,0,0.0,0.0,0.0,0.0,0.0,0.0,0,0,0,0,,,,,,
2,registered_style,inactive,cross_camera,000098,0,0.0,0.0,0.0,0.0,0.0,0.0,0,0,0,0,,,,,,
2,registered_style,inactive,cross_camera,000127,0,0.0,0.0,0.0,0.0,0.0,0.0,0,0,0,0,,,,,,
2,registered_style,inactive,cross_camera,000128,0,0.0,0.0,0.0,0.0,0.0,0.0,0,0,0,0,,,,,,
2,registered_style,inactive,cross_camera,000150,0,0.0,0.0,0.0,0.0,0.0,0.0,0,0,0,0,,,,,,
2,registered_style,inactive,cross_camera,000151,0,0.0,0.0,0.0,0.0,0.0,0.0,0,0,0,0,,,,,,
2,registered_style,inactive,cross_camera,000153,0,0.0,0.0,0.0,0.0,0.0,0.0,0,0,0,0,,,,,,
2,registered_style,inactive,cross_camera,000154,0,0.0,0.0,0.0,0.0,0.0,0.0,0,0,0,0,,,,,,
2,registered_style,inactive,cross_camera,000159,33824,26639.791417542496,25229.881147932596,550.3069692747484,20.950388718217624,480.5081649724327,73.08447675619628,27603,6221,0,0,0.787600266601895,0.7459165429261057,0.016269718817252497,0.0006193941792282884,0.014206130705192548,0.002160728380918764
2,registered_style,inactive,cross_camera,000181,0,0.0,0.0,0.0,0.0,0.0,0.0,0,0,0,0,,,,,,
2,registered_style,inactive,cross_camera,000182,0,0.0,0.0,0.0,0.0,0.0,0.0,0,0,0,0,,,,,,
2,registered_style,inactive,cross_camera,000184,0,0.0,0.0,0.0,0.0,0.0,0.0,0,0,0,0,,,,,,
2,registered_style,inactive,cross_camera,000185,0,0.0,0.0,0.0,0.0,0.0,0.0,0,0,0,0,,,,,,
2,registered_style,inactive,cross_camera,000187,0,0.0,0.0,0.0,0.0,0.0,0.0,0,0,0,0,,,,,,
2,registered_style,inactive,cross_camera,000188,0,0.0,0.0,0.0,0.0,0.0,0.0,0,0,0,0,,,,,,
2,registered_style,inactive,cross_camera,000190,0,0.0,0.0,0.0,0.0,0.0,0.0,0,0,0,0,,,,,,
2,registered_style,inactive,cross_camera,000191,19712,13298.667417567107,12416.790032322519,96.66920761433624,8.309522892731112,176.01929966745786,49.737788508930386,11138,8574,0,0,0.6746483064918378,0.6299102086202576,0.004904079120045467,0.0004215464129835182,0.008929550510727366,0.002523223848870251
2,registered_style,inactive,cross_camera,000193,0,0.0,0.0,0.0,0.0,0.0,0.0,0,0,0,0,,,,,,
2,registered_style,inactive,cross_camera,000198,37968,28029.568828908727,26497.99559527496,530.9070296594957,23.202858902037967,472.164069585143,76.9449027365697,28196,9772,0,0,0.7382419097373769,0.697903381670748,0.013983012791284654,0.0006111161742003257,0.012435842540695928,0.0020265724488139933
2,registered_style,inactive,cross_camera,000200,54208,41084.68029987012,38625.95099591196,564.3761444139767,24.18124503543499,645.2905499695788,135.51743033031943,38337,15871,0,0,0.7579080633830821,0.7125507488915283,0.010411307268557716,0.0004460825899393999,0.011903972660300672,0.0024999525961171675
2,registered_style,inactive,cross_camera,000204,38640,29018.839822218986,27063.257414908614,179.6906952593409,15.523027916248491,409.7125852452995,116.10665823895116,22183,16457,0,0,0.7510051713824789,0.7003948606342809,0.004650380312094744,0.0004017346769215448,0.01060332777549947,0.0030048306997658165
2,registered_style,inactive,cross_camera,000209,44240,31502.338792067312,29795.067726776702,610.7436142361664,24.430357053286816,505.01024304346646,84.31263127909672,34011,10229,0,0,0.7120781824608343,0.6734870643484788,0.013805235403168319,0.0005522232606981649,0.011415240575123563,0.00190580088786385
2,registered_style,inactive,cross_camera,000213,26992,18467.65430012677,16997.778116684407,-110.98362480797711,7.328740787003194,197.53570925568908,89.02749050385869,10838,16154,0,0,0.6841899192400256,0.6297339254847513,-0.004111722910787534,0.00027151529293876684,0.007318305766734184,0.0032982917347309827
2,registered_style,inactive,cross_camera,000214,0,0.0,0.0,0.0,0.0,0.0,0.0,0,0,0,0,,,,,,
2,registered_style,inactive,cross_camera,000215,0,0.0,0.0,0.0,0.0,0.0,0.0,0,0,0,0,,,,,,
2,registered_style,inactive,cross_camera,000217,22960,16097.425958902342,15013.946908013197,101.00664465315423,7.384128645074357,211.6142329570054,61.06800334681907,13441,9519,0,0,0.701107402391217,0.6539175482584145,0.004399244105102536,0.00032160839046491103,0.009216647776873059,0.0026597562433283567
2,registered_style,inactive,cross_camera,000218,0,0.0,0.0,0.0,0.0,0.0,0.0,0,0,0,0,,,,,,
2,registered_style,inactive,cross_camera,000219,0,0.0,0.0,0.0,0.0,0.0,0.0,0,0,0,0,,,,,,
2,registered_style,inactive,cross_camera,000223,0,0.0,0.0,0.0,0.0,0.0,0.0,0,0,0,0,,,,,,
2,registered_style,inactive,cross_camera,000224,0,0.0,0.0,0.0,0.0,0.0,0.0,0,0,0,0,,,,,,
2,registered_style,inactive,cross_camera,000228,44464,33580.970113492454,31488.210098364856,378.205146844022,13.470758052845369,500.96830815618887,114.66766072024399,31144,13320,0,0,0.7552395221638282,0.7081731310355536,0.008505873219773795,0.00030295875433711245,0.0112668295285217,0.0025788876556370093
2,registered_style,inactive,cross_camera,000229,0,0.0,0.0,0.0,0.0,0.0,0.0,0,0,0,0,,,,,,
2,registered_style,inactive,cross_camera,000230,0,0.0,0.0,0.0,0.0,0.0,0.0,0,0,0,0,,,,,,
2,registered_style,inactive,cross_camera,000232,45920,35657.54122304707,32866.44449637993,-167.33267738747526,16.753986081804065,438.110630124831,195.02725452665683,19582,26338,0,0,0.7765143994566,0.715732676314894,-0.0036440042985077365,0.00036485161327970525,0.00954073671874632,0.004247109201364478
2,registered_style,inactive,cross_camera,000235,56784,40306.014603813295,37175.058294303715,-165.14687734174737,20.453891828756397,457.22875317664597,202.29824478705453,24688,32096,0,0,0.7098128804559963,0.6546748783865828,-0.002908334695367487,0.0003602051956318047,0.008052070181330057,0.0035625923638182328
2,registered_style,inactive,cross_camera,000238,0,0.0,0.0,0.0,0.0,0.0,0.0,0,0,0,0,,,,,,
2,registered_style,inactive,cross_camera,000239,21392,15967.168878936209,15072.309217634262,280.0414181435369,10.838015355532864,265.91610390180796,44.928061937624115,16069,5323,0,0,0.746408418050496,0.7045769080793877,0.013090941386664962,0.0005066387133289484,0.012430633129291695,0.0021002272783107756
2,registered_style,inactive,cross_camera,000242,0,0.0,0.0,0.0,0.0,0.0,0.0,0,0,0,0,,,,,,
2,registered_style,inactive,cross_camera,000248,0,0.0,0.0,0.0,0.0,0.0,0.0,0,0,0,0,,,,,,
2,registered_style,inactive,cross_camera,000251,51408,37828.59536784538,35170.56565532531,125.48550351921769,16.74863760350191,492.0752062418541,161.86185052892694,29845,21563,0,0,0.7358503611859123,0.6841457682719675,0.002440972290678838,0.0003257982727105102,0.009571957793375625,0.003148573189560515
2,registered_style,inactive,cross_camera,000256,0,0.0,0.0,0.0,0.0,0.0,0.0,0,0,0,0,,,,,,
2,registered_style,inactive,cross_camera,000257,38976,29522.701803784003,26995.485064242268,-354.8683113134305,15.239441585830095,310.2724098945508,183.26812551309425,12063,26913,0,0,0.7574584822399426,0.6926181512787938,-0.009104790417524388,0.0003909955250880053,0.00796060164959336,0.004702076290873724
2,registered_style,inactive,cross_camera,000262,0,0.0,0.0,0.0,0.0,0.0,0.0,0,0,0,0,,,,,,
2,registered_style,inactive,cross_camera,000263,0,0.0,0.0,0.0,0.0,0.0,0.0,0,0,0,0,,,,,,
2,registered_style,inactive,cross_camera,000265,0,0.0,0.0,0.0,0.0,0.0,0.0,0,0,0,0,,,,,,
2,registered_style,inactive,cross_camera,000266,0,0.0,0.0,0.0,0.0,0.0,0.0,0,0,0,0,,,,,,
2,registered_style,inactive,cross_camera,000268,0,0.0,0.0,0.0,0.0,0.0,0.0,0,0,0,0,,,,,,
2,registered_style,inactive,cross_camera,000281,0,0.0,0.0,0.0,0.0,0.0,0.0,0,0,0,0,,,,,,
2,registered_style,inactive,cross_camera,000297,0,0.0,0.0,0.0,0.0,0.0,0.0,0,0,0,0,,,,,,
2,registered_style,inactive,cross_camera,000300,0,0.0,0.0,0.0,0.0,0.0,0.0,0,0,0,0,,,,,,
2,registered_style,inactive,cross_camera,000302,0,0.0,0.0,0.0,0.0,0.0,0.0,0,0,0,0,,,,,,
2,registered_style,inactive,cross_camera,000303,0,0.0,0.0,0.0,0.0,0.0,0.0,0,0,0,0,,,,,,
2,registered_style,inactive,cross_camera,000305,0,0.0,0.0,0.0,0.0,0.0,0.0,0,0,0,0,,,,,,
2,registered_style,inactive,cross_camera,000306,0,0.0,0.0,0.0,0.0,0.0,0.0,0,0,0,0,,,,,,
2,registered_style,inactive,cross_camera,000308,0,0.0,0.0,0.0,0.0,0.0,0.0,0,0,0,0,,,,,,
2,registered_style,inactive,cross_camera,000309,0,0.0,0.0,0.0,0.0,0.0,0.0,0,0,0,0,,,,,,
2,registered_style,inactive,cross_camera,000311,0,0.0,0.0,0.0,0.0,0.0,0.0,0,0,0,0,,,,,,
2,registered_style,inactive,cross_camera,000312,0,0.0,0.0,0.0,0.0,0.0,0.0,0,0,0,0,,,,,,
2,registered_style,inactive,cross_camera,000314,0,0.0,0.0,0.0,0.0,0.0,0.0,0,0,0,0,,,,,,
2,registered_style,inactive,cross_camera,000315,0,0.0,0.0,0.0,0.0,0.0,0.0,0,0,0,0,,,,,,
2,registered_style,inactive,cross_camera,000317,0,0.0,0.0,0.0,0.0,0.0,0.0,0,0,0,0,,,,,,
2,registered_style,inactive,cross_camera,000318,0,0.0,0.0,0.0,0.0,0.0,0.0,0,0,0,0,,,,,,
2,registered_style,inactive,cross_camera,000320,0,0.0,0.0,0.0,0.0,0.0,0.0,0,0,0,0,,,,,,
2,registered_style,inactive,cross_camera,000321,0,0.0,0.0,0.0,0.0,0.0,0.0,0,0,0,0,,,,,,
2,registered_style,inactive,cross_camera,000323,0,0.0,0.0,0.0,0.0,0.0,0.0,0,0,0,0,,,,,,
2,registered_style,inactive,cross_camera,000324,0,0.0,0.0,0.0,0.0,0.0,0.0,0,0,0,0,,,,,,
2,registered_style,inactive,cross_camera,000326,0,0.0,0.0,0.0,0.0,0.0,0.0,0,0,0,0,,,,,,
2,registered_style,inactive,cross_camera,000327,0,0.0,0.0,0.0,0.0,0.0,0.0,0,0,0,0,,,,,,
