fold,state,protocol,plan_stratum,output,triplets_per_view,original_nonpositive,style_nonpositive,nonpositive_delta,original_hinge_positive,style_hinge_positive,hinge_positive_delta,mean_hinge_delta
0,initial,identity,active,baseline_only,7400960,0,0,0,39109,39109,0,0.0
0,initial,identity,active,fused,7400960,0,18,18,8068,40750,32682,0.00020130560258454155
0,initial,identity,active,cnn,7400960,0,18,18,13010,46084,33074,0.00021586521320389416
0,initial,identity,active,transformer,7400960,0,24,24,5628,50917,45289,0.00028178553628642044
0,initial,identity,active,mamba,7400960,0,36,36,13319,50319,37000,0.00024715257420612936
0,initial,identity,active,cnn_RGB_residual,7400960,10082,57203,47121,190005,558927,368922,0.007479648224809188
0,initial,identity,active,cnn_NI_residual,7400960,17867,77552,59685,300364,731269,430905,0.009094273421872552
0,initial,identity,active,cnn_TI_residual,7400960,13371,37586,24215,205714,405775,200061,0.0039891616145418035
0,initial,identity,active,transformer_RGB_residual,7400960,6114,88348,82234,112308,714936,602628,0.012631992622280985
0,initial,identity,active,transformer_NI_residual,7400960,12259,106519,94260,209200,912993,703793,0.014672531992101499
0,initial,identity,active,transformer_TI_residual,7400960,9231,33047,23816,144925,382447,237522,0.004392048191664496
0,initial,identity,active,mamba_RGB_residual,7400960,11125,72072,60947,191874,601960,410086,0.00890783518343778
0,initial,identity,active,mamba_NI_residual,7400960,19772,86850,67078,299346,752337,452991,0.009847169382019813
0,initial,identity,active,mamba_TI_residual,7400960,14111,38249,24138,201880,400538,198658,0.003944534070635353
0,initial,identity,active,pure_bank,7400960,0,348,348,3870,91396,87526,0.0007241587430621768
0,initial,identity,active,pure_cnn,7400960,9,569,560,10801,106528,95727,0.000861823156034307
0,initial,identity,active,pure_transformer,7400960,1,736,735,2824,150668,147844,0.0013089371930588949
0,initial,identity,active,pure_mamba,7400960,8,772,764,10729,116762,106033,0.0009875242150556688
0,initial,identity,inactive,baseline_only,7150080,0,0,0,36801,36801,0,0.0
0,initial,identity,inactive,fused,7150080,0,0,0,7586,7586,0,0.0
0,initial,identity,inactive,cnn,7150080,0,0,0,12361,12361,0,0.0
0,initial,identity,inactive,transformer,7150080,0,0,0,5168,5168,0,0.0
0,initial,identity,inactive,mamba,7150080,0,0,0,12476,12476,0,0.0
0,initial,identity,inactive,cnn_RGB_residual,7150080,9086,9086,0,176836,176836,0,0.0
0,initial,identity,inactive,cnn_NI_residual,7150080,17442,17442,0,287614,287614,0,0.0
0,initial,identity,inactive,cnn_TI_residual,7150080,9931,9931,0,181153,181153,0,0.0
0,initial,identity,inactive,transformer_RGB_residual,7150080,5019,5019,0,103764,103764,0,0.0
0,initial,identity,inactive,transformer_NI_residual,7150080,11221,11221,0,194340,194340,0,0.0
0,initial,identity,inactive,transformer_TI_residual,7150080,7594,7594,0,134769,134769,0,0.0
0,initial,identity,inactive,mamba_RGB_residual,7150080,9669,9669,0,176760,176760,0,0.0
0,initial,identity,inactive,mamba_NI_residual,7150080,18947,18947,0,285770,285770,0,0.0
0,initial,identity,inactive,mamba_TI_residual,7150080,11142,11142,0,176795,176795,0,0.0
0,initial,identity,inactive,pure_bank,7150080,0,0,0,3498,3498,0,0.0
0,initial,identity,inactive,pure_cnn,7150080,0,0,0,10000,10000,0,0.0
0,initial,identity,inactive,pure_transformer,7150080,0,0,0,2354,2354,0,0.0
0,initial,identity,inactive,pure_mamba,7150080,5,5,0,9549,9549,0,0.0
0,initial,identity,all,baseline_only,14551040,0,0,0,75910,75910,0,0.0
0,initial,identity,all,fused,14551040,0,18,18,15654,48336,32682,0.00010238819441799959
0,initial,identity,all,cnn,14551040,0,18,18,25371,58445,33074,0.00010979351361232546
0,initial,identity,all,transformer,14551040,0,24,24,10796,56085,45289,0.00014332195380085182
0,initial,identity,all,mamba,14551040,0,36,36,25795,62795,37000,0.0001257069127427727
0,initial,identity,all,cnn_RGB_residual,14551040,19168,66289,47121,366841,735763,368922,0.003804303838480535
0,initial,identity,all,cnn_NI_residual,14551040,35309,94994,59685,587978,1018883,430905,0.0046255356197455215
0,initial,identity,all,cnn_TI_residual,14551040,23302,47517,24215,386867,586928,200061,0.002028970131534193
0,initial,identity,all,transformer_RGB_residual,14551040,11133,93367,82234,216072,818700,602628,0.006424892799263605
0,initial,identity,all,transformer_NI_residual,14551040,23480,117740,94260,403540,1107333,703793,0.007462753340810245
0,initial,identity,all,transformer_TI_residual,14551040,16825,40641,23816,279694,517216,237522,0.002233886580243149
0,initial,identity,all,mamba_RGB_residual,14551040,20794,81741,60947,368634,778720,410086,0.004530709274334735
0,initial,identity,all,mamba_NI_residual,14551040,38719,105797,67078,585116,1038107,452991,0.005008474082234216
0,initial,identity,all,mamba_TI_residual,14551040,25253,49391,24138,378675,577333,198658,0.0020062716393748777
0,initial,identity,all,pure_bank,14551040,0,348,348,7368,94894,87526,0.00036832211931610715
0,initial,identity,all,pure_cnn,14551040,9,569,560,20801,116528,95727,0.0004383410879829665
0,initial,identity,all,pure_transformer,14551040,1,736,735,5178,153022,147844,0.0006657525378489207
0,initial,identity,all,pure_mamba,14551040,13,777,764,20278,126311,106033,0.0005022752473127971
0,initial,cross_camera,active,baseline_only,637056,0,0,0,10785,10785,0,0.0
0,initial,cross_camera,active,fused,637056,0,12,12,1915,10254,8339,0.0006318378964906197
0,initial,cross_camera,active,cnn,637056,0,12,12,3170,12114,8944,0.0007231487373957502
0,initial,cross_camera,active,transformer,637056,0,11,11,1152,9669,8517,0.0006134908169903804
0,initial,cross_camera,active,mamba,637056,0,23,23,3295,13523,10228,0.000857041254063289
0,initial,cross_camera,active,cnn_RGB_residual,637056,1586,8606,7020,28158,72174,44016,0.0113779849176733
0,initial,cross_camera,active,cnn_NI_residual,637056,3034,17259,14225,48394,112542,64148,0.01968610256188508
0,initial,cross_camera,active,cnn_TI_residual,637056,2611,4539,1928,31679,50022,18343,0.004167890651895577
0,initial,cross_camera,active,transformer_RGB_residual,637056,888,9177,8289,16235,74593,58358,0.014369450006629168
0,initial,cross_camera,active,transformer_NI_residual,637056,2371,16433,14062,35498,116445,80947,0.022227098751657536
0,initial,cross_camera,active,transformer_TI_residual,637056,1098,3005,1907,19685,37508,17823,0.003888220138054889
0,initial,cross_camera,active,mamba_RGB_residual,637056,2041,10280,8239,28980,75926,46946,0.0129248878688756
0,initial,cross_camera,active,mamba_NI_residual,637056,3573,19063,15490,48055,119054,70999,0.021513840236163102
0,initial,cross_camera,active,mamba_TI_residual,637056,2448,4643,2195,29841,47895,18054,0.004246811734008606
0,initial,cross_camera,active,pure_bank,637056,0,115,115,774,18118,17344,0.001837401303759536
0,initial,cross_camera,active,pure_cnn,637056,0,180,180,2220,21495,19275,0.0022299851661976068
0,initial,cross_camera,active,pure_transformer,637056,0,118,118,462,20792,20330,0.0021281778834350536
0,initial,cross_camera,active,pure_mamba,637056,1,287,286,2281,23748,21467,0.0026480973057819044
0,initial,cross_camera,inactive,baseline_only,561120,0,0,0,9346,9346,0,0.0
0,initial,cross_camera,inactive,fused,561120,0,0,0,2110,2110,0,0.0
0,initial,cross_camera,inactive,cnn,561120,0,0,0,3175,3175,0,0.0
0,initial,cross_camera,inactive,transformer,561120,0,0,0,1390,1390,0,0.0
0,initial,cross_camera,inactive,mamba,561120,0,0,0,3397,3397,0,0.0
0,initial,cross_camera,inactive,cnn_RGB_residual,561120,1304,1304,0,21176,21176,0,0.0
0,initial,cross_camera,inactive,cnn_NI_residual,561120,2837,2837,0,39749,39749,0,0.0
0,initial,cross_camera,inactive,cnn_TI_residual,561120,1928,1928,0,26679,26679,0,0.0
0,initial,cross_camera,inactive,transformer_RGB_residual,561120,749,749,0,13153,13153,0,0.0
0,initial,cross_camera,inactive,transformer_NI_residual,561120,1853,1853,0,27933,27933,0,0.0
0,initial,cross_camera,inactive,transformer_TI_residual,561120,920,920,0,18133,18133,0,0.0
0,initial,cross_camera,inactive,mamba_RGB_residual,561120,1504,1504,0,21865,21865,0,0.0
0,initial,cross_camera,inactive,mamba_NI_residual,561120,3273,3273,0,41499,41499,0,0.0
0,initial,cross_camera,inactive,mamba_TI_residual,561120,1916,1916,0,24257,24257,0,0.0
0,initial,cross_camera,inactive,pure_bank,561120,0,0,0,1010,1010,0,0.0
0,initial,cross_camera,inactive,pure_cnn,561120,0,0,0,2180,2180,0,0.0
0,initial,cross_camera,inactive,pure_transformer,561120,0,0,0,603,603,0,0.0
0,initial,cross_camera,inactive,pure_mamba,561120,5,5,0,2327,2327,0,0.0
0,initial,cross_camera,all,baseline_only,1198176,0,0,0,20131,20131,0,0.0
0,initial,cross_camera,all,fused,1198176,0,12,12,4025,12364,8339,0.0003359407324021915
0,initial,cross_camera,all,cnn,1198176,0,12,12,6345,15289,8944,0.00038448962594008477
0,initial,cross_camera,all,transformer,1198176,0,11,11,2542,11059,8517,0.00032618580735102663
0,initial,cross_camera,all,mamba,1198176,0,23,23,6692,16920,10228,0.00045567869256982495
0,initial,cross_camera,all,cnn_RGB_residual,1198176,2890,9910,7020,49334,93350,44016,0.006049539933793768
0,initial,cross_camera,all,cnn_NI_residual,1198176,5871,20096,14225,88143,152291,64148,0.01046686776705948
0,initial,cross_camera,all,cnn_TI_residual,1198176,4539,6467,1928,58358,76701,18343,0.0022160181368463304
0,initial,cross_camera,all,transformer_RGB_residual,1198176,1637,9926,8289,29388,87746,58358,0.0076400665206306515
0,initial,cross_camera,all,transformer_NI_residual,1198176,4224,18286,14062,63431,144378,80947,0.011817885371043937
0,initial,cross_camera,all,transformer_TI_residual,1198176,2018,3925,1907,37818,55641,17823,0.002067320634254647
0,initial,cross_camera,all,mamba_RGB_residual,1198176,3545,11784,8239,50845,97791,46946,0.006872009926917593
0,initial,cross_camera,all,mamba_NI_residual,1198176,6846,22336,15490,89554,160553,70999,0.01143865425904802
0,initial,cross_camera,all,mamba_TI_residual,1198176,4364,6559,2195,54098,72152,18054,0.0022579795422547158
0,initial,cross_camera,all,pure_bank,1198176,0,115,115,1784,19128,17344,0.0009769245294245876
0,initial,cross_camera,all,pure_cnn,1198176,0,180,180,4400,23675,19275,0.001185656723250326
0,initial,cross_camera,all,pure_transformer,1198176,0,118,118,1065,21395,20330,0.0011315269957916044
0,initial,cross_camera,all,pure_mamba,1198176,6,292,286,4608,26075,21467,0.001407961999933396
0,control_final,identity,active,baseline_only,7400960,0,0,0,39109,39109,0,0.0
0,control_final,identity,active,fused,7400960,0,2,2,2287,25388,23101,0.00012649838613275265
0,control_final,identity,active,cnn,7400960,0,1,1,3347,26495,23148,0.00012412894683123558
0,control_final,identity,active,transformer,7400960,0,4,4,2078,37377,35299,0.0002080402176423064
0,control_final,identity,active,mamba,7400960,0,9,9,4158,32410,28252,0.00017282988782577445
0,control_final,identity,active,cnn_RGB_residual,7400960,4945,40335,35390,136136,484439,348303,0.0064698717356283615
0,control_final,identity,active,cnn_NI_residual,7400960,8072,51276,43204,215082,623016,407934,0.007748907616109515
0,control_final,identity,active,cnn_TI_residual,7400960,6583,22643,16060,140950,317484,176534,0.0031512386909943067
0,control_final,identity,active,transformer_RGB_residual,7400960,5789,76131,70342,95692,609441,513749,0.010709991653643655
0,control_final,identity,active,transformer_NI_residual,7400960,10510,98855,88345,170400,769199,598799,0.01298464382936544
0,control_final,identity,active,transformer_TI_residual,7400960,6830,33134,26304,109925,346982,237057,0.0045314873678530395
0,control_final,identity,active,mamba_RGB_residual,7400960,7369,61686,54317,144769,528531,383762,0.008115131319766704
0,control_final,identity,active,mamba_NI_residual,7400960,10227,67887,57660,211955,650852,438897,0.009036750723701137
0,control_final,identity,active,mamba_TI_residual,7400960,8668,32152,23484,151074,347182,196108,0.0038672987673222894
0,control_final,identity,active,pure_bank,7400960,0,141,141,326,61185,60859,0.00046553208200890596
0,control_final,identity,active,pure_cnn,7400960,0,142,142,1147,65852,64705,0.0004913064991548688
0,control_final,identity,active,pure_transformer,7400960,0,534,534,568,111230,110662,0.0009809998420839499
0,control_final,identity,active,pure_mamba,7400960,0,520,520,1675,83637,81962,0.0007203829660190342
0,control_final,identity,inactive,baseline_only,7150080,0,0,0,36801,36801,0,0.0
0,control_final,identity,inactive,fused,7150080,0,0,0,2089,2089,0,0.0
0,control_final,identity,inactive,cnn,7150080,0,0,0,3490,3490,0,0.0
0,control_final,identity,inactive,transformer,7150080,0,0,0,1568,1568,0,0.0
0,control_final,identity,inactive,mamba,7150080,0,0,0,3849,3849,0,0.0
0,control_final,identity,inactive,cnn_RGB_residual,7150080,4103,4103,0,127378,127378,0,0.0
0,control_final,identity,inactive,cnn_NI_residual,7150080,8301,8301,0,208404,208404,0,0.0
0,control_final,identity,inactive,cnn_TI_residual,7150080,4641,4641,0,123696,123696,0,0.0
0,control_final,identity,inactive,transformer_RGB_residual,7150080,4722,4722,0,87839,87839,0,0.0
0,control_final,identity,inactive,transformer_NI_residual,7150080,9398,9398,0,160367,160367,0,0.0
0,control_final,identity,inactive,transformer_TI_residual,7150080,5328,5328,0,99592,99592,0,0.0
0,control_final,identity,inactive,mamba_RGB_residual,7150080,6030,6030,0,134181,134181,0,0.0
0,control_final,identity,inactive,mamba_NI_residual,7150080,11274,11274,0,210601,210601,0,0.0
0,control_final,identity,inactive,mamba_TI_residual,7150080,6968,6968,0,132463,132463,0,0.0
0,control_final,identity,inactive,pure_bank,7150080,0,0,0,426,426,0,0.0
0,control_final,identity,inactive,pure_cnn,7150080,0,0,0,1419,1419,0,0.0
0,control_final,identity,inactive,pure_transformer,7150080,0,0,0,408,408,0,0.0
0,control_final,identity,inactive,pure_mamba,7150080,0,0,0,1758,1758,0,0.0
0,control_final,identity,all,baseline_only,14551040,0,0,0,75910,75910,0,0.0
0,control_final,identity,all,fused,14551040,0,2,2,4376,27477,23101,6.433969639510697e-05
0,control_final,identity,all,cnn,14551040,0,1,1,6837,29985,23148,6.313455054347326e-05
0,control_final,identity,all,transformer,14551040,0,4,4,3646,38945,35299,0.00010581355897324205
0,control_final,identity,all,mamba,14551040,0,9,9,8007,36259,28252,8.790485673897148e-05
0,control_final,identity,all,cnn_RGB_residual,14551040,9048,44438,35390,263514,611817,348303,0.003290710624155805
0,control_final,identity,all,cnn_NI_residual,14551040,16373,59577,43204,423486,831420,407934,0.00394125473577984
0,control_final,identity,all,cnn_TI_residual,14551040,11224,27284,16060,264646,441180,176534,0.0016027851962815874
0,control_final,identity,all,transformer_RGB_residual,14551040,10511,80853,70342,183531,697280,513749,0.005447323341077376
0,control_final,identity,all,transformer_NI_residual,14551040,19908,108253,88345,330767,929566,598799,0.006604258499418629
0,control_final,identity,all,transformer_TI_residual,14551040,12158,38462,26304,209517,446574,237057,0.002304808230201115
0,control_final,identity,all,mamba_RGB_residual,14551040,13399,67716,54317,278950,662712,383762,0.00412752368850203
0,control_final,identity,all,mamba_NI_residual,14551040,21501,79161,57660,422556,861453,438897,0.0045962783853307505
0,control_final,identity,all,mamba_TI_residual,14551040,15636,39120,23484,283537,479645,196108,0.0019669881661380606
0,control_final,identity,all,pure_bank,14551040,0,141,141,752,61611,60859,0.000236779248607978
0,control_final,identity,all,pure_cnn,14551040,0,142,142,2566,67271,64705,0.0002498886504322177
0,control_final,identity,all,pure_transformer,14551040,0,534,534,976,111638,110662,0.0004989568162323538
0,control_final,identity,all,pure_mamba,14551040,0,520,520,3433,85395,81962,0.00036640168099243977
0,control_final,cross_camera,active,baseline_only,637056,0,0,0,10785,10785,0,0.0
0,control_final,cross_camera,active,fused,637056,0,1,1,487,6098,5611,0.0003867978760019036
0,control_final,cross_camera,active,cnn,637056,0,1,1,769,6795,6026,0.0004032875042606551
0,control_final,cross_camera,active,transformer,637056,0,0,0,438,7489,7051,0.0005089776598419791
0,control_final,cross_camera,active,mamba,637056,0,6,6,789,7793,7004,0.0005201604792547783
0,control_final,cross_camera,active,cnn_RGB_residual,637056,824,6023,5199,19800,61994,42194,0.009883739393043716
0,control_final,cross_camera,active,cnn_NI_residual,637056,1286,11685,10399,32918,96575,63657,0.016874659706663162
0,control_final,cross_camera,active,cnn_TI_residual,637056,1365,3212,1847,23428,38973,15545,0.0035416965017130817
0,control_final,cross_camera,active,transformer_RGB_residual,637056,873,8636,7763,13803,65936,52133,0.01305634413456987
0,control_final,cross_camera,active,transformer_NI_residual,637056,1839,16854,15015,26926,103482,76556,0.021997999489717444
0,control_final,cross_camera,active,transformer_TI_residual,637056,715,2693,1978,13848,30152,16304,0.003711879761039091
0,control_final,cross_camera,active,mamba_RGB_residual,637056,1410,8454,7044,19188,60424,41236,0.011007194208852173
0,control_final,cross_camera,active,mamba_NI_residual,637056,1860,14652,12792,33830,101553,67723,0.019173316365094187
0,control_final,cross_camera,active,mamba_TI_residual,637056,1443,3962,2519,22037,39772,17735,0.004375276452098796
0,control_final,cross_camera,active,pure_bank,637056,0,38,38,64,11279,11215,0.0011023024116356447
0,control_final,cross_camera,active,pure_cnn,637056,0,37,37,219,12789,12570,0.0011978970138043186
0,control_final,cross_camera,active,pure_transformer,637056,0,120,120,91,15752,15661,0.0017059941352166607
0,control_final,cross_camera,active,pure_mamba,637056,0,130,130,226,14910,14684,0.001638440110459491
0,control_final,cross_camera,inactive,baseline_only,561120,0,0,0,9346,9346,0,0.0
0,control_final,cross_camera,inactive,fused,561120,0,0,0,614,614,0,0.0
0,control_final,cross_camera,inactive,cnn,561120,0,0,0,1124,1124,0,0.0
0,control_final,cross_camera,inactive,transformer,561120,0,0,0,354,354,0,0.0
0,control_final,cross_camera,inactive,mamba,561120,0,0,0,1124,1124,0,0.0
0,control_final,cross_camera,inactive,cnn_RGB_residual,561120,671,671,0,15781,15781,0,0.0
0,control_final,cross_camera,inactive,cnn_NI_residual,561120,1318,1318,0,28590,28590,0,0.0
0,control_final,cross_camera,inactive,cnn_TI_residual,561120,932,932,0,19111,19111,0,0.0
0,control_final,cross_camera,inactive,transformer_RGB_residual,561120,614,614,0,11149,11149,0,0.0
0,control_final,cross_camera,inactive,transformer_NI_residual,561120,1520,1520,0,21794,21794,0,0.0
0,control_final,cross_camera,inactive,transformer_TI_residual,561120,545,545,0,11428,11428,0,0.0
0,control_final,cross_camera,inactive,mamba_RGB_residual,561120,834,834,0,15217,15217,0,0.0
0,control_final,cross_camera,inactive,mamba_NI_residual,561120,2191,2191,0,31727,31727,0,0.0
0,control_final,cross_camera,inactive,mamba_TI_residual,561120,1200,1200,0,18852,18852,0,0.0
0,control_final,cross_camera,inactive,pure_bank,561120,0,0,0,83,83,0,0.0
0,control_final,cross_camera,inactive,pure_cnn,561120,0,0,0,409,409,0,0.0
0,control_final,cross_camera,inactive,pure_transformer,561120,0,0,0,42,42,0,0.0
0,control_final,cross_camera,inactive,pure_mamba,561120,0,0,0,456,456,0,0.0
0,control_final,cross_camera,all,baseline_only,1198176,0,0,0,20131,20131,0,0.0
0,control_final,cross_camera,all,fused,1198176,0,1,1,1101,6712,5611,0.00020565585330892017
0,control_final,cross_camera,all,cnn,1198176,0,1,1,1893,7919,6026,0.0002144231935160409
0,control_final,cross_camera,all,transformer,1198176,0,0,0,792,7843,7051,0.00027061739850263385
0,control_final,cross_camera,all,mamba,1198176,0,6,6,1913,8917,7004,0.00027656317124707226
0,control_final,cross_camera,all,cnn_RGB_residual,1198176,1495,6694,5199,35581,77775,42194,0.005255067271231321
0,control_final,cross_camera,all,cnn_NI_residual,1198176,2604,13003,10399,61508,125165,63657,0.008972056871518048
0,control_final,cross_camera,all,cnn_TI_residual,1198176,2297,4144,1847,42539,58084,15545,0.0018830781175681436
0,control_final,cross_camera,all,transformer_RGB_residual,1198176,1487,9250,7763,24952,77085,52133,0.0069419036677354105
0,control_final,cross_camera,all,transformer_NI_residual,1198176,3359,18374,15015,48720,125276,76556,0.011696076004628232
0,control_final,cross_camera,all,transformer_TI_residual,1198176,1260,3238,1978,25276,41580,16304,0.001973562542605193
0,control_final,cross_camera,all,mamba_RGB_residual,1198176,2244,9288,7044,34405,75641,41236,0.005852394901846249
0,control_final,cross_camera,all,mamba_NI_residual,1198176,4051,16843,12792,65557,133280,67723,0.010194225414531289
0,control_final,cross_camera,all,mamba_TI_residual,1198176,2643,5162,2519,40889,58624,17735,0.0023262827126133813
0,control_final,cross_camera,all,pure_bank,1198176,0,38,38,147,11362,11215,0.0005860811476335341
0,control_final,cross_camera,all,pure_cnn,1198176,0,37,37,628,13198,12570,0.0006369076663412755
0,control_final,cross_camera,all,pure_transformer,1198176,0,120,120,133,15794,15661,0.000907056892981152
0,control_final,cross_camera,all,pure_mamba,1198176,0,130,130,682,15366,14684,0.0008711392174512607
0,style_final,identity,active,baseline_only,7400960,0,0,0,39109,39109,0,0.0
0,style_final,identity,active,fused,7400960,0,0,0,2773,6085,3312,1.501975775416517e-05
0,style_final,identity,active,cnn,7400960,0,0,0,4098,8011,3913,1.72120668891015e-05
0,style_final,identity,active,transformer,7400960,0,0,0,2157,5678,3521,1.7280233314625992e-05
0,style_final,identity,active,mamba,7400960,0,0,0,4847,9830,4983,2.557155395347625e-05
0,style_final,identity,active,cnn_RGB_residual,7400960,5494,14383,8889,138758,273306,134548,0.002144436340197028
0,style_final,identity,active,cnn_NI_residual,7400960,9372,21394,12022,210781,389305,178524,0.0029155166887430218
0,style_final,identity,active,cnn_TI_residual,7400960,6967,10639,3672,130178,195385,65207,0.0010223542767227314
0,style_final,identity,active,transformer_RGB_residual,7400960,6050,17635,11585,101253,238281,137028,0.0023290769716283284
0,style_final,identity,active,transformer_NI_residual,7400960,10199,26574,16375,168572,358585,190013,0.003325107960375945
0,style_final,identity,active,transformer_TI_residual,7400960,6496,10992,4496,99187,162932,63745,0.001023041075725544
0,style_final,identity,active,mamba_RGB_residual,7400960,6775,17310,10535,137611,269049,131438,0.0022388245678013996
0,style_final,identity,active,mamba_NI_residual,7400960,9216,22931,13715,192700,360236,167536,0.002895046484327757
0,style_final,identity,active,mamba_TI_residual,7400960,8602,13186,4584,135526,200194,64668,0.001066478070205633
0,style_final,identity,active,pure_bank,7400960,0,0,0,606,4718,4112,2.3586145210954027e-05
0,style_final,identity,active,pure_cnn,7400960,0,1,1,1665,9019,7354,4.044647622317856e-05
0,style_final,identity,active,pure_transformer,7400960,0,6,6,618,6011,5393,3.246450565229036e-05
0,style_final,identity,active,pure_mamba,7400960,0,3,3,2222,11235,9013,5.837408631684808e-05
0,style_final,identity,inactive,baseline_only,7150080,0,0,0,36801,36801,0,0.0
0,style_final,identity,inactive,fused,7150080,0,0,0,2397,2397,0,0.0
0,style_final,identity,inactive,cnn,7150080,0,0,0,3927,3927,0,0.0
0,style_final,identity,inactive,transformer,7150080,0,0,0,1781,1781,0,0.0
0,style_final,identity,inactive,mamba,7150080,0,0,0,4085,4085,0,0.0
0,style_final,identity,inactive,cnn_RGB_residual,7150080,4795,4795,0,133673,133673,0,0.0
0,style_final,identity,inactive,cnn_NI_residual,7150080,8928,8928,0,209606,209606,0,0.0
0,style_final,identity,inactive,cnn_TI_residual,7150080,5150,5150,0,118037,118037,0,0.0
0,style_final,identity,inactive,transformer_RGB_residual,7150080,4728,4728,0,94358,94358,0,0.0
0,style_final,identity,inactive,transformer_NI_residual,7150080,10255,10255,0,166314,166314,0,0.0
0,style_final,identity,inactive,transformer_TI_residual,7150080,5372,5372,0,94901,94901,0,0.0
0,style_final,identity,inactive,mamba_RGB_residual,7150080,6515,6515,0,129855,129855,0,0.0
0,style_final,identity,inactive,mamba_NI_residual,7150080,9642,9642,0,191389,191389,0,0.0
0,style_final,identity,inactive,mamba_TI_residual,7150080,6896,6896,0,118306,118306,0,0.0
0,style_final,identity,inactive,pure_bank,7150080,0,0,0,519,519,0,0.0
0,style_final,identity,inactive,pure_cnn,7150080,0,0,0,1532,1532,0,0.0
0,style_final,identity,inactive,pure_transformer,7150080,0,0,0,457,457,0,0.0
0,style_final,identity,inactive,pure_mamba,7150080,0,0,0,1704,1704,0,0.0
0,style_final,identity,all,baseline_only,14551040,0,0,0,75910,75910,0,0.0
0,style_final,identity,all,fused,14551040,0,0,0,5170,8482,3312,7.639359547377112e-06
0,style_final,identity,all,cnn,14551040,0,0,0,8025,11938,3913,8.754413331525766e-06
0,style_final,identity,all,transformer,14551040,0,0,0,3938,7459,3521,8.789084185887358e-06
0,style_final,identity,all,mamba,14551040,0,0,0,8932,13915,4983,1.3006221407371546e-05
0,style_final,identity,all,cnn_RGB_residual,14551040,10289,19178,8889,272431,406979,134548,0.0010907046902726265
0,style_final,identity,all,cnn_NI_residual,14551040,18300,30322,12022,420387,598911,178524,0.0014828921089296402
0,style_final,identity,all,cnn_TI_residual,14551040,12117,15789,3672,248215,313422,65207,0.0005199905372986307
0,style_final,identity,all,transformer_RGB_residual,14551040,10778,22363,11585,195611,332639,137028,0.0011846167355695806
0,style_final,identity,all,transformer_NI_residual,14551040,20454,36829,16375,334886,524899,190013,0.0016912187039843168
0,style_final,identity,all,transformer_TI_residual,14551040,11868,16364,4496,194088,257833,63745,0.0005203398574810959
0,style_final,identity,all,mamba_RGB_residual,14551040,13290,23825,10535,267466,398904,131438,0.001138712495692091
0,style_final,identity,all,mamba_NI_residual,14551040,18858,32573,13715,384089,551625,167536,0.0014724805394425657
0,style_final,identity,all,mamba_TI_residual,14551040,15498,20082,4584,253832,318500,64668,0.0005424328115701064
0,style_final,identity,all,pure_bank,14551040,0,0,0,1125,5237,4112,1.1996401443502479e-05
0,style_final,identity,all,pure_cnn,14551040,0,1,1,3197,10551,7354,2.057191463075461e-05
0,style_final,identity,all,pure_transformer,14551040,0,6,6,1075,6468,5393,1.6512119254182166e-05
0,style_final,identity,all,pure_mamba,14551040,0,3,3,3926,12939,9013,2.9690268040465835e-05
0,style_final,cross_camera,active,baseline_only,637056,0,0,0,10785,10785,0,0.0
0,style_final,cross_camera,active,fused,637056,0,0,0,611,1407,796,4.011959495867833e-05
0,style_final,cross_camera,active,cnn,637056,0,0,0,904,1787,883,4.496781008430649e-05
0,style_final,cross_camera,active,transformer,637056,0,0,0,482,1387,905,5.333409845200493e-05
0,style_final,cross_camera,active,mamba,637056,0,0,0,1094,2257,1163,6.298121748368826e-05
0,style_final,cross_camera,active,cnn_RGB_residual,637056,785,1952,1167,19972,34992,15020,0.0029846401786968032
0,style_final,cross_camera,active,cnn_NI_residual,637056,1386,4403,3017,33218,60477,27259,0.006147186375303753
0,style_final,cross_camera,active,cnn_TI_residual,637056,1679,1851,172,20837,25956,5119,0.0008755592472303427
0,style_final,cross_camera,active,transformer_RGB_residual,637056,814,2436,1622,14331,30717,16386,0.003472999184306197
0,style_final,cross_camera,active,transformer_NI_residual,637056,1893,5420,3527,26859,56266,29407,0.0068519972664978996
0,style_final,cross_camera,active,transformer_TI_residual,637056,748,1055,307,12686,17063,4377,0.0007635160155834844
0,style_final,cross_camera,active,mamba_RGB_residual,637056,1255,2597,1342,19516,32746,13230,0.0027897309858965938
0,style_final,cross_camera,active,mamba_NI_residual,637056,1601,4905,3304,32088,60418,28330,0.006409604920142671
0,style_final,cross_camera,active,mamba_TI_residual,637056,1554,1851,297,19810,25419,5609,0.0010224656842621157
0,style_final,cross_camera,active,pure_bank,637056,0,0,0,115,1022,907,6.095369043218328e-05
0,style_final,cross_camera,active,pure_cnn,637056,0,0,0,270,1569,1299,8.369799187310152e-05
0,style_final,cross_camera,active,pure_transformer,637056,0,3,3,104,1385,1281,0.00010012726432311536
0,style_final,cross_camera,active,pure_mamba,637056,0,2,2,432,2238,1806,0.00013683482758186543
0,style_final,cross_camera,inactive,baseline_only,561120,0,0,0,9346,9346,0,0.0
0,style_final,cross_camera,inactive,fused,561120,0,0,0,686,686,0,0.0
0,style_final,cross_camera,inactive,cnn,561120,0,0,0,1060,1060,0,0.0
0,style_final,cross_camera,inactive,transformer,561120,0,0,0,449,449,0,0.0
0,style_final,cross_camera,inactive,mamba,561120,0,0,0,1211,1211,0,0.0
0,style_final,cross_camera,inactive,cnn_RGB_residual,561120,690,690,0,16204,16204,0,0.0
0,style_final,cross_camera,inactive,cnn_NI_residual,561120,1416,1416,0,28818,28818,0,0.0
0,style_final,cross_camera,inactive,cnn_TI_residual,561120,1158,1158,0,17594,17594,0,0.0
0,style_final,cross_camera,inactive,transformer_RGB_residual,561120,816,816,0,13441,13441,0,0.0
0,style_final,cross_camera,inactive,transformer_NI_residual,561120,1800,1800,0,22675,22675,0,0.0
0,style_final,cross_camera,inactive,transformer_TI_residual,561120,576,576,0,11985,11985,0,0.0
0,style_final,cross_camera,inactive,mamba_RGB_residual,561120,1066,1066,0,16123,16123,0,0.0
0,style_final,cross_camera,inactive,mamba_NI_residual,561120,1804,1804,0,28741,28741,0,0.0
0,style_final,cross_camera,inactive,mamba_TI_residual,561120,1238,1238,0,16684,16684,0,0.0
0,style_final,cross_camera,inactive,pure_bank,561120,0,0,0,142,142,0,0.0
0,style_final,cross_camera,inactive,pure_cnn,561120,0,0,0,371,371,0,0.0
0,style_final,cross_camera,inactive,pure_transformer,561120,0,0,0,82,82,0,0.0
0,style_final,cross_camera,inactive,pure_mamba,561120,0,0,0,481,481,0,0.0
0,style_final,cross_camera,all,baseline_only,1198176,0,0,0,20131,20131,0,0.0
0,style_final,cross_camera,all,fused,1198176,0,0,0,1297,2093,796,2.133111386473755e-05
0,style_final,cross_camera,all,cnn,1198176,0,0,0,1964,2847,883,2.3908852473316068e-05
0,style_final,cross_camera,all,transformer,1198176,0,0,0,931,1836,905,2.8357108991868017e-05
0,style_final,cross_camera,all,mamba,1198176,0,0,0,2305,3468,1163,3.348636801712646e-05
0,style_final,cross_camera,all,cnn_RGB_residual,1198176,1475,2642,1167,36176,51196,15020,0.0015868978628180428
0,style_final,cross_camera,all,cnn_NI_residual,1198176,2802,5819,3017,62036,89295,27259,0.0032683862500212883
0,style_final,cross_camera,all,cnn_TI_residual,1198176,2837,3009,172,38431,43550,5119,0.00046552449039504443
0,style_final,cross_camera,all,transformer_RGB_residual,1198176,1630,3252,1622,27772,44158,16386,0.0018465525668661103
0,style_final,cross_camera,all,transformer_NI_residual,1198176,3693,7220,3527,49534,78941,29407,0.0036431258601458266
0,style_final,cross_camera,all,transformer_TI_residual,1198176,1324,1631,307,24671,29048,4377,0.0004059524300466313
0,style_final,cross_camera,all,mamba_RGB_residual,1198176,2321,3663,1342,35639,48869,13230,0.0014832669515591535
0,style_final,cross_camera,all,mamba_NI_residual,1198176,3405,6709,3304,60829,89159,28330,0.0034079110848543198
0,style_final,cross_camera,all,mamba_TI_residual,1198176,2792,3089,297,36494,42103,5609,0.0005436329044758753
0,style_final,cross_camera,all,pure_bank,1198176,0,0,0,257,1164,907,3.240835587757137e-05
0,style_final,cross_camera,all,pure_cnn,1198176,0,0,0,641,1940,1299,4.450123179792498e-05
0,style_final,cross_camera,all,pure_transformer,1198176,0,3,3,186,1467,1281,5.323648153578988e-05
0,style_final,cross_camera,all,pure_mamba,1198176,0,2,2,913,2719,1806,7.275345852361662e-05
1,initial,identity,active,baseline_only,6497792,0,0,0,31439,31439,0,0.0
1,initial,identity,active,fused,6497792,0,0,0,5892,36558,30666,0.0002164753125586928
1,initial,identity,active,cnn,6497792,0,7,7,10024,43505,33481,0.0002557429541718088
1,initial,identity,active,transformer,6497792,0,8,8,3850,44085,40235,0.00028748626719016056
1,initial,identity,active,mamba,6497792,0,3,3,10975,45266,34291,0.00025812560974342025
1,initial,identity,active,cnn_RGB_residual,6497792,7855,51582,43727,141133,496088,354955,0.008078883392429041
1,initial,identity,active,cnn_NI_residual,6497792,10952,73754,62802,211314,657281,445967,0.010780956269589767
1,initial,identity,active,cnn_TI_residual,6497792,9953,29548,19595,179957,355264,175307,0.003880853632735928
1,initial,identity,active,transformer_RGB_residual,6497792,5995,98546,92551,99440,672607,573167,0.014706322882802145
1,initial,identity,active,transformer_NI_residual,6497792,9039,87828,78789,151799,749370,597571,0.014134101182007084
1,initial,identity,active,transformer_TI_residual,6497792,6557,29272,22715,111142,326726,215584,0.004552891889143151
1,initial,identity,active,mamba_RGB_residual,6497792,8554,53364,44810,153480,516199,362719,0.008267373473800422
1,initial,identity,active,mamba_NI_residual,6497792,11558,74320,62762,220589,686492,465903,0.01109566427272511
1,initial,identity,active,mamba_TI_residual,6497792,9588,28970,19382,165608,338476,172868,0.0037481471298892602
1,initial,identity,active,pure_bank,6497792,0,305,305,2706,89473,86767,0.000833423757920144
1,initial,identity,active,pure_cnn,6497792,3,752,749,8738,106726,97988,0.0010479708193777914
1,initial,identity,active,pure_transformer,6497792,0,826,826,1819,146729,144910,0.0015120672069403288
1,initial,identity,active,pure_mamba,6497792,10,604,594,9074,108872,99798,0.001050717960960221
1,initial,identity,inactive,baseline_only,7551488,3,3,0,33269,33269,0,0.0
1,initial,identity,inactive,fused,7551488,0,0,0,6124,6124,0,0.0
1,initial,identity,inactive,cnn,7551488,0,0,0,10366,10366,0,0.0
1,initial,identity,inactive,transformer,7551488,0,0,0,3925,3925,0,0.0
1,initial,identity,inactive,mamba,7551488,0,0,0,12270,12270,0,0.0
1,initial,identity,inactive,cnn_RGB_residual,7551488,10882,10882,0,172682,172682,0,0.0
1,initial,identity,inactive,cnn_NI_residual,7551488,13782,13782,0,254506,254506,0,0.0
1,initial,identity,inactive,cnn_TI_residual,7551488,11027,11027,0,206504,206504,0,0.0
1,initial,identity,inactive,transformer_RGB_residual,7551488,7966,7966,0,116870,116870,0,0.0
1,initial,identity,inactive,transformer_NI_residual,7551488,12161,12161,0,178657,178657,0,0.0
1,initial,identity,inactive,transformer_TI_residual,7551488,6624,6624,0,125720,125720,0,0.0
1,initial,identity,inactive,mamba_RGB_residual,7551488,11739,11739,0,189185,189185,0,0.0
1,initial,identity,inactive,mamba_NI_residual,7551488,14027,14027,0,254055,254055,0,0.0
1,initial,identity,inactive,mamba_TI_residual,7551488,10417,10417,0,191105,191105,0,0.0
1,initial,identity,inactive,pure_bank,7551488,0,0,0,2675,2675,0,0.0
1,initial,identity,inactive,pure_cnn,7551488,5,5,0,9104,9104,0,0.0
1,initial,identity,inactive,pure_transformer,7551488,0,0,0,1930,1930,0,0.0
1,initial,identity,inactive,pure_mamba,7551488,33,33,0,11151,11151,0,0.0
1,initial,identity,all,baseline_only,14049280,3,3,0,64708,64708,0,0.0
1,initial,identity,all,fused,14049280,0,0,0,12016,42682,30666,0.00010011983205839543
1,initial,identity,all,cnn,14049280,0,7,7,20390,53871,33481,0.00011828111630446156
1,initial,identity,all,transformer,14049280,0,8,8,7775,48010,40235,0.00013296239857544926
1,initial,identity,all,mamba,14049280,0,3,3,23245,57536,34291,0.00011938309450633186
1,initial,identity,all,cnn_RGB_residual,14049280,18737,62464,43727,313815,668770,354955,0.0037364835689984313
1,initial,identity,all,cnn_NI_residual,14049280,24734,87536,62802,465820,911787,445967,0.004986192274685268
1,initial,identity,all,cnn_TI_residual,14049280,20980,40575,19595,386461,561768,175307,0.001794894805140367
1,initial,identity,all,transformer_RGB_residual,14049280,13961,106512,92551,216310,789477,573167,0.006801674333295992
1,initial,identity,all,transformer_NI_residual,14049280,21200,99989,78789,330456,928027,597571,0.006537021796678275
1,initial,identity,all,transformer_TI_residual,14049280,13181,35896,22715,236862,452446,215584,0.0021057124987287072
1,initial,identity,all,mamba_RGB_residual,14049280,20293,65103,44810,342665,705384,362719,0.003823660231632695
1,initial,identity,all,mamba_NI_residual,14049280,25585,88347,62762,474644,940547,465903,0.005131744726135363
1,initial,identity,all,mamba_TI_residual,14049280,20005,39387,19382,356713,529581,172868,0.0017335180475737827
1,initial,identity,all,pure_bank,14049280,0,305,305,5381,92148,86767,0.0003854584880380666
1,initial,identity,all,pure_cnn,14049280,8,757,749,17842,115830,97988,0.00048468650396222846
1,initial,identity,all,pure_transformer,14049280,0,826,826,3749,148659,144910,0.0006993310832099019
1,initial,identity,all,pure_mamba,14049280,43,637,594,20225,120023,99798,0.0004859570569441023
1,initial,cross_camera,active,baseline_only,594384,0,0,0,8391,8391,0,0.0
1,initial,cross_camera,active,fused,594384,0,0,0,1279,9197,7918,0.0006798265607292368
1,initial,cross_camera,active,cnn,594384,0,1,1,2242,11455,9213,0.0008674089695635939
1,initial,cross_camera,active,transformer,594384,0,1,1,784,9184,8400,0.0007064668433241213
1,initial,cross_camera,active,mamba,594384,0,1,1,2373,11381,9008,0.0007996403854034742
1,initial,cross_camera,active,cnn_RGB_residual,594384,1027,7080,6053,18633,61660,43027,0.011471343500013673
1,initial,cross_camera,active,cnn_NI_residual,594384,1881,14595,12714,34760,100225,65465,0.02008626818313049
1,initial,cross_camera,active,cnn_TI_residual,594384,1536,3763,2227,27289,45948,18659,0.0046900514170844535
1,initial,cross_camera,active,transformer_RGB_residual,594384,807,9545,8738,14236,74395,60159,0.016196783523916965
1,initial,cross_camera,active,transformer_NI_residual,594384,1531,12454,10923,21016,92042,71026,0.019600391632517603
1,initial,cross_camera,active,transformer_TI_residual,594384,883,3487,2604,16758,37874,21116,0.0053191629834400045
1,initial,cross_camera,active,mamba_RGB_residual,594384,1088,6992,5904,22425,65198,42773,0.011335564348281191
1,initial,cross_camera,active,mamba_NI_residual,594384,2461,14081,11620,37985,103173,65188,0.019203363044001668
1,initial,cross_camera,active,mamba_TI_residual,594384,1375,3586,2211,25937,45116,19179,0.004645009919883741
1,initial,cross_camera,active,pure_bank,594384,0,106,106,527,17260,16733,0.0020371074422607816
1,initial,cross_camera,active,pure_cnn,594384,1,300,299,1798,21290,19492,0.002707989870611457
1,initial,cross_camera,active,pure_transformer,594384,0,163,163,282,20915,20633,0.0025612565589470536
1,initial,cross_camera,active,pure_mamba,594384,2,157,155,1564,21291,19727,0.0025008247502106727
1,initial,cross_camera,inactive,baseline_only,604352,2,2,0,6613,6613,0,0.0
1,initial,cross_camera,inactive,fused,604352,0,0,0,914,914,0,0.0
1,initial,cross_camera,inactive,cnn,604352,0,0,0,1526,1526,0,0.0
1,initial,cross_camera,inactive,transformer,604352,0,0,0,666,666,0,0.0
1,initial,cross_camera,inactive,mamba,604352,0,0,0,1831,1831,0,0.0
1,initial,cross_camera,inactive,cnn_RGB_residual,604352,872,872,0,17401,17401,0,0.0
1,initial,cross_camera,inactive,cnn_NI_residual,604352,1372,1372,0,28994,28994,0,0.0
1,initial,cross_camera,inactive,cnn_TI_residual,604352,1806,1806,0,28763,28763,0,0.0
1,initial,cross_camera,inactive,transformer_RGB_residual,604352,582,582,0,12511,12511,0,0.0
1,initial,cross_camera,inactive,transformer_NI_residual,604352,1161,1161,0,18872,18872,0,0.0
1,initial,cross_camera,inactive,transformer_TI_residual,604352,1484,1484,0,18385,18385,0,0.0
1,initial,cross_camera,inactive,mamba_RGB_residual,604352,1143,1143,0,22375,22375,0,0.0
1,initial,cross_camera,inactive,mamba_NI_residual,604352,1927,1927,0,32415,32415,0,0.0
1,initial,cross_camera,inactive,mamba_TI_residual,604352,1780,1780,0,26173,26173,0,0.0
1,initial,cross_camera,inactive,pure_bank,604352,0,0,0,377,377,0,0.0
1,initial,cross_camera,inactive,pure_cnn,604352,1,1,0,1295,1295,0,0.0
1,initial,cross_camera,inactive,pure_transformer,604352,0,0,0,426,426,0,0.0
1,initial,cross_camera,inactive,pure_mamba,604352,0,0,0,1356,1356,0,0.0
1,initial,cross_camera,all,baseline_only,1198736,2,2,0,15004,15004,0,0.0
1,initial,cross_camera,all,fused,1198736,0,0,0,2193,10111,7918,0.0003370867567775446
1,initial,cross_camera,all,cnn,1198736,0,1,1,3768,12981,9213,0.00043009804741418224
1,initial,cross_camera,all,transformer,1198736,0,1,1,1450,9850,8400,0.00035029613543129134
1,initial,cross_camera,all,mamba,1198736,0,1,1,4204,13212,9008,0.00039649551764329977
1,initial,cross_camera,all,cnn_RGB_residual,1198736,1899,7952,6053,36034,79061,43027,0.005687977198409096
1,initial,cross_camera,all,cnn_NI_residual,1198736,3253,15967,12714,63754,129219,65465,0.009959621157420677
1,initial,cross_camera,all,cnn_TI_residual,1198736,3342,5569,2227,56052,74711,18659,0.002325525821775876
1,initial,cross_camera,all,transformer_RGB_residual,1198736,1389,10127,8738,26747,86906,60159,0.008031050187931172
1,initial,cross_camera,all,transformer_NI_residual,1198736,2692,13615,10923,39888,110914,71026,0.009718703017263467
1,initial,cross_camera,all,transformer_TI_residual,1198736,2367,4971,2604,35143,56259,21116,0.0026374659397473705
1,initial,cross_camera,all,mamba_RGB_residual,1198736,2231,8135,5904,44800,87573,42773,0.005620652153258739
1,initial,cross_camera,all,mamba_NI_residual,1198736,4388,16008,11620,70400,135588,65188,0.009521839453846291
1,initial,cross_camera,all,mamba_TI_residual,1198736,3155,5366,2211,52110,71289,19179,0.002303192342784547
1,initial,cross_camera,all,pure_bank,1198736,0,106,106,904,17637,16733,0.0010100840134614564
1,initial,cross_camera,all,pure_cnn,1198736,2,301,299,3093,22585,19492,0.0013427358911833134
1,initial,cross_camera,all,pure_transformer,1198736,0,163,163,708,21341,20633,0.0012699793103178561
1,initial,cross_camera,all,pure_mamba,1198736,2,157,155,2920,22647,19727,0.0012400146640538204
1,control_final,identity,active,baseline_only,6497792,0,0,0,31439,31439,0,0.0
1,control_final,identity,active,fused,6497792,0,0,0,1780,24513,22733,0.0001463657613975584
1,control_final,identity,active,cnn,6497792,0,0,0,2342,26104,23762,0.00015128889338324292
1,control_final,identity,active,transformer,6497792,0,24,24,1366,35269,33903,0.0002452959214274927
1,control_final,identity,active,mamba,6497792,0,0,0,4241,29976,25735,0.00017240180529532923
1,control_final,identity,active,cnn_RGB_residual,6497792,4657,41543,36886,98229,440154,341925,0.007393777288159373
1,control_final,identity,active,cnn_NI_residual,6497792,6100,56811,50711,158697,584985,426288,0.00965990871018109
1,control_final,identity,active,cnn_TI_residual,6497792,4406,17452,13046,121515,279145,157630,0.003084365784794361
1,control_final,identity,active,transformer_RGB_residual,6497792,5114,97608,92494,77091,612008,534917,0.014159259065334712
1,control_final,identity,active,transformer_NI_residual,6497792,8327,89673,81346,129769,667400,537631,0.013440918728353925
1,control_final,identity,active,transformer_TI_residual,6497792,4897,24117,19220,90520,272576,182056,0.003842866177182695
1,control_final,identity,active,mamba_RGB_residual,6497792,5860,43162,37302,116383,434814,318431,0.007072397493568039
1,control_final,identity,active,mamba_NI_residual,6497792,8898,64812,55914,184850,611265,426415,0.009989928006427218
1,control_final,identity,active,mamba_TI_residual,6497792,5828,23526,17698,134071,308946,174875,0.0036416795468539624
1,control_final,identity,active,pure_bank,6497792,0,201,201,393,64990,64597,0.0005922900946988229
1,control_final,identity,active,pure_cnn,6497792,0,258,258,971,71647,70676,0.0006560368564943054
1,control_final,identity,active,pure_transformer,6497792,0,1015,1015,414,119004,118590,0.0013158430793421246
1,control_final,identity,active,pure_mamba,6497792,0,273,273,1855,76845,74990,0.0007128505812470612
1,control_final,identity,inactive,baseline_only,7551488,3,3,0,33269,33269,0,0.0
1,control_final,identity,inactive,fused,7551488,0,0,0,1839,1839,0,0.0
1,control_final,identity,inactive,cnn,7551488,0,0,0,2585,2585,0,0.0
1,control_final,identity,inactive,transformer,7551488,0,0,0,1278,1278,0,0.0
1,control_final,identity,inactive,mamba,7551488,0,0,0,4820,4820,0,0.0
1,control_final,identity,inactive,cnn_RGB_residual,7551488,6461,6461,0,127457,127457,0,0.0
1,control_final,identity,inactive,cnn_NI_residual,7551488,8244,8244,0,194261,194261,0,0.0
1,control_final,identity,inactive,cnn_TI_residual,7551488,5907,5907,0,145542,145542,0,0.0
1,control_final,identity,inactive,transformer_RGB_residual,7551488,7227,7227,0,98551,98551,0,0.0
1,control_final,identity,inactive,transformer_NI_residual,7551488,10549,10549,0,151486,151486,0,0.0
1,control_final,identity,inactive,transformer_TI_residual,7551488,5304,5304,0,102785,102785,0,0.0
1,control_final,identity,inactive,mamba_RGB_residual,7551488,8560,8560,0,148836,148836,0,0.0
1,control_final,identity,inactive,mamba_NI_residual,7551488,10606,10606,0,213674,213674,0,0.0
1,control_final,identity,inactive,mamba_TI_residual,7551488,6915,6915,0,156786,156786,0,0.0
1,control_final,identity,inactive,pure_bank,7551488,0,0,0,341,341,0,0.0
1,control_final,identity,inactive,pure_cnn,7551488,0,0,0,1168,1168,0,0.0
1,control_final,identity,inactive,pure_transformer,7551488,0,0,0,363,363,0,0.0
1,control_final,identity,inactive,pure_mamba,7551488,0,0,0,2453,2453,0,0.0
1,control_final,identity,all,baseline_only,14049280,3,3,0,64708,64708,0,0.0
1,control_final,identity,all,fused,14049280,0,0,0,3619,26352,22733,6.769416464637075e-05
1,control_final,identity,all,cnn,14049280,0,0,0,4927,28689,23762,6.997111318974985e-05
1,control_final,identity,all,transformer,14049280,0,24,24,2644,36547,33903,0.00011344936366021539
1,control_final,identity,all,mamba,14049280,0,0,0,9061,34796,25735,7.973583494908977e-05
1,control_final,identity,all,cnn_RGB_residual,14049280,11118,48004,36886,225686,567611,341925,0.0034196219957737103
1,control_final,identity,all,cnn_NI_residual,14049280,14344,65055,50711,352958,779246,426288,0.004467707778458753
1,control_final,identity,all,cnn_TI_residual,14049280,10313,23359,13046,267057,424687,157630,0.001426519175467392
1,control_final,identity,all,transformer_RGB_residual,14049280,12341,104835,92494,175642,710559,534917,0.006548657317717304
1,control_final,identity,all,transformer_NI_residual,14049280,18876,100222,81346,281255,818886,537631,0.0062164249118636895
1,control_final,identity,all,transformer_TI_residual,14049280,10201,29421,19220,193305,375361,182056,0.0017773256069469965
1,control_final,identity,all,mamba_RGB_residual,14049280,14420,51722,37302,265219,583650,318431,0.003270983840775218
1,control_final,identity,all,mamba_NI_residual,14049280,19504,75418,55914,398524,824939,426415,0.004620341702972589
1,control_final,identity,all,mamba_TI_residual,14049280,12743,30441,17698,290857,465732,174875,0.0016842767904199575
1,control_final,identity,all,pure_bank,14049280,0,201,201,734,65331,64597,0.0002739341687982056
1,control_final,identity,all,pure_cnn,14049280,0,258,258,2139,72815,70676,0.00030341704612861633
1,control_final,identity,all,pure_transformer,14049280,0,1015,1015,777,119367,118590,0.0006085774241957326
1,control_final,identity,all,pure_mamba,14049280,0,273,273,4308,79298,74990,0.00032969339382676584
1,control_final,cross_camera,active,baseline_only,594384,0,0,0,8391,8391,0,0.0
1,control_final,cross_camera,active,fused,594384,0,0,0,407,7318,6911,0.0005628517252402606
1,control_final,cross_camera,active,cnn,594384,0,0,0,591,7701,7110,0.0005765376627498007
1,control_final,cross_camera,active,transformer,594384,0,5,5,238,8593,8355,0.0007618950794636579
1,control_final,cross_camera,active,mamba,594384,0,0,0,989,8859,7870,0.0006433219000915318
1,control_final,cross_camera,active,cnn_RGB_residual,594384,576,5588,5012,12946,54427,41481,0.010344062981520607
1,control_final,cross_camera,active,cnn_NI_residual,594384,899,11809,10910,25039,89430,64391,0.018569593589166745
1,control_final,cross_camera,active,cnn_TI_residual,594384,502,1811,1309,17022,34032,17010,0.0037351586018666573
1,control_final,cross_camera,active,transformer_RGB_residual,594384,486,10308,9822,10126,67655,57529,0.016599411952598186
1,control_final,cross_camera,active,transformer_NI_residual,594384,900,13971,13071,17914,87024,69110,0.020921119115586532
1,control_final,cross_camera,active,transformer_TI_residual,594384,576,2131,1555,11718,28325,16607,0.003816289758017481
1,control_final,cross_camera,active,mamba_RGB_residual,594384,697,5943,5246,17561,56867,39306,0.010216555486310489
1,control_final,cross_camera,active,mamba_NI_residual,594384,1799,14005,12206,30569,95140,64571,0.01935114558661784
1,control_final,cross_camera,active,mamba_TI_residual,594384,687,2121,1434,19394,36871,17477,0.003828111960105911
1,control_final,cross_camera,active,pure_bank,594384,0,109,109,102,14102,14000,0.0016760658105433681
1,control_final,cross_camera,active,pure_cnn,594384,0,135,135,281,15248,14967,0.0017933410072966712
1,control_final,cross_camera,active,pure_transformer,594384,0,362,362,47,18668,18621,0.002606567951792546
1,control_final,cross_camera,active,pure_mamba,594384,0,101,101,376,17011,16635,0.001987448117229241
1,control_final,cross_camera,inactive,baseline_only,604352,2,2,0,6613,6613,0,0.0
1,control_final,cross_camera,inactive,fused,604352,0,0,0,333,333,0,0.0
1,control_final,cross_camera,inactive,cnn,604352,0,0,0,413,413,0,0.0
1,control_final,cross_camera,inactive,transformer,604352,0,0,0,241,241,0,0.0
1,control_final,cross_camera,inactive,mamba,604352,0,0,0,898,898,0,0.0
1,control_final,cross_camera,inactive,cnn_RGB_residual,604352,516,516,0,12442,12442,0,0.0
1,control_final,cross_camera,inactive,cnn_NI_residual,604352,783,783,0,20791,20791,0,0.0
1,control_final,cross_camera,inactive,cnn_TI_residual,604352,891,891,0,19216,19216,0,0.0
1,control_final,cross_camera,inactive,transformer_RGB_residual,604352,471,471,0,9631,9631,0,0.0
1,control_final,cross_camera,inactive,transformer_NI_residual,604352,716,716,0,14006,14006,0,0.0
1,control_final,cross_camera,inactive,transformer_TI_residual,604352,1047,1047,0,14518,14518,0,0.0
1,control_final,cross_camera,inactive,mamba_RGB_residual,604352,714,714,0,18075,18075,0,0.0
1,control_final,cross_camera,inactive,mamba_NI_residual,604352,1204,1204,0,25239,25239,0,0.0
1,control_final,cross_camera,inactive,mamba_TI_residual,604352,1195,1195,0,21161,21161,0,0.0
1,control_final,cross_camera,inactive,pure_bank,604352,0,0,0,98,98,0,0.0
1,control_final,cross_camera,inactive,pure_cnn,604352,0,0,0,164,164,0,0.0
1,control_final,cross_camera,inactive,pure_transformer,604352,0,0,0,79,79,0,0.0
1,control_final,cross_camera,inactive,pure_mamba,604352,0,0,0,433,433,0,0.0
1,control_final,cross_camera,all,baseline_only,1198736,2,2,0,15004,15004,0,0.0
1,control_final,cross_camera,all,fused,1198736,0,0,0,740,7651,6911,0.0002790856868027715
1,control_final,cross_camera,all,cnn,1198736,0,0,0,1004,8114,7110,0.0002858717533601039
1,control_final,cross_camera,all,transformer,1198736,0,5,5,479,8834,8355,0.0003777797988146905
1,control_final,cross_camera,all,mamba,1198736,0,0,0,1887,9757,7870,0.0003189862023531495
1,control_final,cross_camera,all,cnn_RGB_residual,1198736,1092,6104,5012,25388,66869,41481,0.005129023847793129
1,control_final,cross_camera,all,cnn_NI_residual,1198736,1682,12592,10910,45830,110221,64391,0.009207589757797618
1,control_final,cross_camera,all,cnn_TI_residual,1198736,1393,2702,1309,36238,53248,17010,0.0018520495842386574
1,control_final,cross_camera,all,transformer_RGB_residual,1198736,957,10779,9822,19757,77286,57529,0.008230690388903915
1,control_final,cross_camera,all,transformer_NI_residual,1198736,1616,14687,13071,31920,101030,69110,0.010373575553248408
1,control_final,cross_camera,all,transformer_TI_residual,1198736,1623,3178,1555,26236,42843,16607,0.001892277842268408
1,control_final,cross_camera,all,mamba_RGB_residual,1198736,1411,6657,5246,35636,74942,39306,0.0050658002397318295
1,control_final,cross_camera,all,mamba_NI_residual,1198736,3003,15209,12206,55808,120379,64571,0.009595116287786682
1,control_final,cross_camera,all,mamba_TI_residual,1198736,1882,3316,1434,40555,58032,17477,0.001898139789991785
1,control_final,cross_camera,all,pure_bank,1198736,0,109,109,200,14200,14000,0.0008310643050129547
1,control_final,cross_camera,all,pure_cnn,1198736,0,135,135,445,15412,14967,0.0008892143068040207
1,control_final,cross_camera,all,pure_transformer,1198736,0,362,362,126,18747,18621,0.0012924466149829993
1,control_final,cross_camera,all,pure_mamba,1198736,0,101,101,809,17444,16635,0.0009854608201565525
1,style_final,identity,active,baseline_only,6497792,0,0,0,31439,31439,0,0.0
1,style_final,identity,active,fused,6497792,0,0,0,2127,4838,2711,1.3166883464788345e-05
1,style_final,identity,active,cnn,6497792,0,0,0,3160,6034,2874,1.4307504672071284e-05
1,style_final,identity,active,transformer,6497792,0,2,2,1487,4178,2691,1.530739500427637e-05
1,style_final,identity,active,mamba,6497792,0,0,0,4613,9483,4870,2.5939383008272464e-05
1,style_final,identity,active,cnn_RGB_residual,6497792,5142,10806,5664,107249,209646,102397,0.0017465091017071055
1,style_final,identity,active,cnn_NI_residual,6497792,7185,15536,8351,165119,313932,148813,0.00259258109870675
1,style_final,identity,active,cnn_TI_residual,6497792,4976,8684,3708,119570,183566,63996,0.0011360279668378174
1,style_final,identity,active,transformer_RGB_residual,6497792,5830,15111,9281,82775,201725,118950,0.002241572667990646
1,style_final,identity,active,transformer_NI_residual,6497792,9477,22875,13398,138531,300074,161543,0.003136971535988417
1,style_final,identity,active,transformer_TI_residual,6497792,4247,8671,4424,75330,140547,65217,0.001195908653376702
1,style_final,identity,active,mamba_RGB_residual,6497792,6362,12909,6547,112813,215466,102653,0.0018522169031282658
1,style_final,identity,active,mamba_NI_residual,6497792,9065,19589,10524,183827,342908,159081,0.0029193307266355776
1,style_final,identity,active,mamba_TI_residual,6497792,5617,10561,4944,118051,189467,71416,0.001290411351324689
1,style_final,identity,active,pure_bank,6497792,0,0,0,564,4121,3557,2.043273468034479e-05
1,style_final,identity,active,pure_cnn,6497792,0,0,0,1544,7206,5662,3.4066992637612077e-05
1,style_final,identity,active,pure_transformer,6497792,0,5,5,451,4660,4209,2.8365600318175036e-05
1,style_final,identity,active,pure_mamba,6497792,1,1,0,2475,11745,9270,6.246213868616149e-05
1,style_final,identity,inactive,baseline_only,7551488,3,3,0,33269,33269,0,0.0
1,style_final,identity,inactive,fused,7551488,0,0,0,2299,2299,0,0.0
1,style_final,identity,inactive,cnn,7551488,0,0,0,3204,3204,0,0.0
1,style_final,identity,inactive,transformer,7551488,0,0,0,1555,1555,0,0.0
1,style_final,identity,inactive,mamba,7551488,0,0,0,5108,5108,0,0.0
1,style_final,identity,inactive,cnn_RGB_residual,7551488,7611,7611,0,138933,138933,0,0.0
1,style_final,identity,inactive,cnn_NI_residual,7551488,9900,9900,0,211792,211792,0,0.0
1,style_final,identity,inactive,cnn_TI_residual,7551488,6352,6352,0,146810,146810,0,0.0
1,style_final,identity,inactive,transformer_RGB_residual,7551488,7638,7638,0,103963,103963,0,0.0
1,style_final,identity,inactive,transformer_NI_residual,7551488,12408,12408,0,167193,167193,0,0.0
1,style_final,identity,inactive,transformer_TI_residual,7551488,4654,4654,0,94987,94987,0,0.0
1,style_final,identity,inactive,mamba_RGB_residual,7551488,8873,8873,0,145321,145321,0,0.0
1,style_final,identity,inactive,mamba_NI_residual,7551488,11394,11394,0,217252,217252,0,0.0
1,style_final,identity,inactive,mamba_TI_residual,7551488,6356,6356,0,142033,142033,0,0.0
1,style_final,identity,inactive,pure_bank,7551488,0,0,0,543,543,0,0.0
1,style_final,identity,inactive,pure_cnn,7551488,0,0,0,1524,1524,0,0.0
1,style_final,identity,inactive,pure_transformer,7551488,0,0,0,524,524,0,0.0
1,style_final,identity,inactive,pure_mamba,7551488,3,3,0,2893,2893,0,0.0
1,style_final,identity,all,baseline_only,14049280,3,3,0,64708,64708,0,0.0
1,style_final,identity,all,fused,14049280,0,0,0,4426,7137,2711,6.0896836024646085e-06
1,style_final,identity,all,cnn,14049280,0,0,0,6364,9238,2874,6.617220910832969e-06
1,style_final,identity,all,transformer,14049280,0,2,2,3042,5733,2691,7.079670189477821e-06
1,style_final,identity,all,mamba,14049280,0,0,0,9721,14591,4870,1.1996964641326012e-05
1,style_final,identity,all,cnn_RGB_residual,14049280,12753,18417,5664,246182,348579,102397,0.0008077604595395362
1,style_final,identity,all,cnn_NI_residual,14049280,17085,25436,8351,376911,525724,148813,0.0011990687581518718
1,style_final,identity,all,cnn_TI_residual,14049280,11328,15036,3708,266380,330376,63996,0.0005254129346624904
1,style_final,identity,all,transformer_RGB_residual,14049280,13468,22749,9281,186738,305688,118950,0.001036727358945674
1,style_final,identity,all,transformer_NI_residual,14049280,21885,35283,13398,305724,467267,161543,0.0014508493353946434
1,style_final,identity,all,transformer_TI_residual,14049280,8901,13325,4424,170317,235534,65217,0.0005531077521867246
1,style_final,identity,all,mamba_RGB_residual,14049280,15235,21782,6547,258134,360787,102653,0.0008566503176968227
1,style_final,identity,all,mamba_NI_residual,14049280,20459,30983,10524,401079,560160,159081,0.001350190461068955
1,style_final,identity,all,mamba_TI_residual,14049280,11973,16917,4944,260084,331500,71416,0.0005968152499876689
1,style_final,identity,all,pure_bank,14049280,0,0,0,1107,4664,3557,9.450139789659463e-06
1,style_final,identity,all,pure_cnn,14049280,0,0,0,3068,8730,5662,1.5755984094895587e-05
1,style_final,identity,all,pure_transformer,14049280,0,5,5,975,5184,4209,1.3119090147155954e-05
1,style_final,identity,all,pure_mamba,14049280,4,4,0,5368,14638,9270,2.888873914234969e-05
1,style_final,cross_camera,active,baseline_only,594384,0,0,0,8391,8391,0,0.0
1,style_final,cross_camera,active,fused,594384,0,0,0,452,1082,630,2.8839948069531853e-05
1,style_final,cross_camera,active,cnn,594384,0,0,0,661,1236,575,2.4011238914242256e-05
1,style_final,cross_camera,active,transformer,594384,0,0,0,265,860,595,3.35738095315476e-05
1,style_final,cross_camera,active,mamba,594384,0,0,0,1027,2262,1235,7.203193144677343e-05
1,style_final,cross_camera,active,cnn_RGB_residual,594384,535,1407,872,14581,28123,13542,0.0026892745040309634
1,style_final,cross_camera,active,cnn_NI_residual,594384,1119,2745,1626,25689,48253,22564,0.004608646848646082
1,style_final,cross_camera,active,cnn_TI_residual,594384,544,841,297,17011,22709,5698,0.0011348803985182902
1,style_final,cross_camera,active,transformer_RGB_residual,594384,714,2100,1386,11834,27892,16058,0.0034230465312240646
1,style_final,cross_camera,active,transformer_NI_residual,594384,1452,3592,2140,18319,40787,22468,0.0049752201610451605
1,style_final,cross_camera,active,transformer_TI_residual,594384,416,811,395,9724,15095,5371,0.0011757185246989424
1,style_final,cross_camera,active,mamba_RGB_residual,594384,750,1833,1083,17196,31511,14315,0.0030481538352168367
1,style_final,cross_camera,active,mamba_NI_residual,594384,1399,3570,2171,28400,54002,25602,0.005598099851826198
1,style_final,cross_camera,active,mamba_TI_residual,594384,590,1080,490,15337,21970,6633,0.0013704746737122518
1,style_final,cross_camera,active,pure_bank,594384,0,0,0,140,760,620,3.724915997948938e-05
1,style_final,cross_camera,active,pure_cnn,594384,0,0,0,378,1225,847,5.080962976946506e-05
1,style_final,cross_camera,active,pure_transformer,594384,0,0,0,66,738,672,4.863910479750521e-05
1,style_final,cross_camera,active,pure_mamba,594384,0,0,0,432,2474,2042,0.00014184516839480522
1,style_final,cross_camera,inactive,baseline_only,604352,2,2,0,6613,6613,0,0.0
1,style_final,cross_camera,inactive,fused,604352,0,0,0,356,356,0,0.0
1,style_final,cross_camera,inactive,cnn,604352,0,0,0,382,382,0,0.0
1,style_final,cross_camera,inactive,transformer,604352,0,0,0,330,330,0,0.0
1,style_final,cross_camera,inactive,mamba,604352,0,0,0,815,815,0,0.0
1,style_final,cross_camera,inactive,cnn_RGB_residual,604352,609,609,0,14651,14651,0,0.0
1,style_final,cross_camera,inactive,cnn_NI_residual,604352,953,953,0,22526,22526,0,0.0
1,style_final,cross_camera,inactive,cnn_TI_residual,604352,950,950,0,19404,19404,0,0.0
1,style_final,cross_camera,inactive,transformer_RGB_residual,604352,608,608,0,10978,10978,0,0.0
1,style_final,cross_camera,inactive,transformer_NI_residual,604352,961,961,0,16835,16835,0,0.0
1,style_final,cross_camera,inactive,transformer_TI_residual,604352,871,871,0,13734,13734,0,0.0
1,style_final,cross_camera,inactive,mamba_RGB_residual,604352,890,890,0,18204,18204,0,0.0
1,style_final,cross_camera,inactive,mamba_NI_residual,604352,1111,1111,0,23731,23731,0,0.0
1,style_final,cross_camera,inactive,mamba_TI_residual,604352,881,881,0,17110,17110,0,0.0
1,style_final,cross_camera,inactive,pure_bank,604352,0,0,0,116,116,0,0.0
1,style_final,cross_camera,inactive,pure_cnn,604352,0,0,0,159,159,0,0.0
1,style_final,cross_camera,inactive,pure_transformer,604352,0,0,0,175,175,0,0.0
1,style_final,cross_camera,inactive,pure_mamba,604352,0,0,0,354,354,0,0.0
1,style_final,cross_camera,all,baseline_only,1198736,2,2,0,15004,15004,0,0.0
1,style_final,cross_camera,all,fused,1198736,0,0,0,808,1438,630,1.4300065813791044e-05
1,style_final,cross_camera,all,cnn,1198736,0,0,0,1043,1618,575,1.190578762196428e-05
1,style_final,cross_camera,all,transformer,1198736,0,0,0,595,1190,595,1.6647314508448393e-05
1,style_final,cross_camera,all,mamba,1198736,0,0,0,1842,3077,1235,3.571647764066399e-05
1,style_final,cross_camera,all,cnn_RGB_residual,1198736,1144,2016,872,29232,42774,13542,0.0013334560210120827
1,style_final,cross_camera,all,cnn_NI_residual,1198736,2072,3698,1626,48215,70779,22564,0.0022851619943721163
1,style_final,cross_camera,all,cnn_TI_residual,1198736,1494,1791,297,36415,42113,5698,0.0005627216925101907
1,style_final,cross_camera,all,transformer_RGB_residual,1198736,1322,2708,1386,22812,38870,16058,0.001697291221265637
1,style_final,cross_camera,all,transformer_NI_residual,1198736,2413,4553,2140,35154,57622,22468,0.002466924544021926
1,style_final,cross_camera,all,transformer_TI_residual,1198736,1287,1682,395,23458,28829,5371,0.0005829709624009425
1,style_final,cross_camera,all,mamba_RGB_residual,1198736,1640,2723,1083,35400,49715,14315,0.0015114035694193916
1,style_final,cross_camera,all,mamba_NI_residual,1198736,2510,4681,2171,52131,77733,25602,0.0027757746345549506
1,style_final,cross_camera,all,mamba_TI_residual,1198736,1471,1961,490,32447,39080,6633,0.0006795392967757564
1,style_final,cross_camera,all,pure_bank,1198736,0,0,0,256,876,620,1.8469708680851177e-05
1,style_final,cross_camera,all,pure_cnn,1198736,0,0,0,537,1384,847,2.5193563037143893e-05
1,style_final,cross_camera,all,pure_transformer,1198736,0,0,0,241,913,672,2.411732497060265e-05
1,style_final,cross_camera,all,pure_mamba,1198736,0,0,0,786,2828,2042,7.033283272645346e-05
2,initial,identity,active,baseline_only,6648320,5,5,0,30409,30409,0,0.0
2,initial,identity,active,fused,6648320,0,24,24,6989,44955,37966,0.00028277970150632144
2,initial,identity,active,cnn,6648320,1,39,38,11137,48601,37464,0.0002944882504306628
2,initial,identity,active,transformer,6648320,0,25,25,4645,55269,50624,0.00037289182880820835
2,initial,identity,active,mamba,6648320,1,64,63,12039,55404,43365,0.0003455810438285888
2,initial,identity,active,cnn_RGB_residual,6648320,8571,80789,72218,156673,620752,464079,0.011429175178413402
2,initial,identity,active,cnn_NI_residual,6648320,13265,96719,83454,243181,783016,539835,0.013296332716976153
2,initial,identity,active,cnn_TI_residual,6648320,9245,23383,14138,158233,291300,133067,0.0027552041240891524
2,initial,identity,active,transformer_RGB_residual,6648320,4346,101677,97331,92035,790735,698700,0.016520586136704308
2,initial,identity,active,transformer_NI_residual,6648320,8948,139714,130766,171919,1007287,835368,0.02086614767051541
2,initial,identity,active,transformer_TI_residual,6648320,6693,28414,21721,115878,317648,201770,0.004204687334875486
2,initial,identity,active,mamba_RGB_residual,6648320,8533,85558,77025,156206,652412,496206,0.01221109438405455
2,initial,identity,active,mamba_NI_residual,6648320,15805,121391,105586,265457,879347,613890,0.015880495826634422
2,initial,identity,active,mamba_TI_residual,6648320,8914,25595,16681,154237,313130,158893,0.0033014651298887885
2,initial,identity,active,pure_bank,6648320,0,790,790,3301,126409,123108,0.0012621040157921655
2,initial,identity,active,pure_cnn,6648320,5,1203,1198,9158,129722,120564,0.0013381488750725996
2,initial,identity,active,pure_transformer,6648320,0,1614,1614,2234,200853,198619,0.002171948287012959
2,initial,identity,active,pure_mamba,6648320,6,1518,1512,9877,152790,142913,0.001609504613159128
2,initial,identity,inactive,baseline_only,6899200,8,8,0,29449,29449,0,0.0
2,initial,identity,inactive,fused,6899200,4,4,0,6126,6126,0,0.0
2,initial,identity,inactive,cnn,6899200,4,4,0,10280,10280,0,0.0
2,initial,identity,inactive,transformer,6899200,5,5,0,3814,3814,0,0.0
2,initial,identity,inactive,mamba,6899200,3,3,0,10646,10646,0,0.0
2,initial,identity,inactive,cnn_RGB_residual,6899200,9997,9997,0,166827,166827,0,0.0
2,initial,identity,inactive,cnn_NI_residual,6899200,12246,12246,0,231191,231191,0,0.0
2,initial,identity,inactive,cnn_TI_residual,6899200,7833,7833,0,149682,149682,0,0.0
2,initial,identity,inactive,transformer_RGB_residual,6899200,5724,5724,0,100315,100315,0,0.0
2,initial,identity,inactive,transformer_NI_residual,6899200,8084,8084,0,160866,160866,0,0.0
2,initial,identity,inactive,transformer_TI_residual,6899200,6029,6029,0,109560,109560,0,0.0
2,initial,identity,inactive,mamba_RGB_residual,6899200,10199,10199,0,166434,166434,0,0.0
2,initial,identity,inactive,mamba_NI_residual,6899200,15947,15947,0,255213,255213,0,0.0
2,initial,identity,inactive,mamba_TI_residual,6899200,8158,8158,0,146805,146805,0,0.0
2,initial,identity,inactive,pure_bank,6899200,2,2,0,2546,2546,0,0.0
2,initial,identity,inactive,pure_cnn,6899200,6,6,0,8188,8188,0,0.0
2,initial,identity,inactive,pure_transformer,6899200,4,4,0,1586,1586,0,0.0
2,initial,identity,inactive,pure_mamba,6899200,3,3,0,8144,8144,0,0.0
2,initial,identity,all,baseline_only,13547520,13,13,0,59858,59858,0,0.0
2,initial,identity,all,fused,13547520,4,28,24,13115,51081,37966,0.00013877152018365778
2,initial,identity,all,cnn,13547520,5,43,38,21417,58881,37464,0.00014451738215578823
2,initial,identity,all,transformer,13547520,5,30,25,8459,59083,50624,0.00018299321228550965
2,initial,identity,all,mamba,13547520,4,67,63,22685,66050,43365,0.0001695906974344001
2,initial,identity,all,cnn_RGB_residual,13547520,18568,90786,72218,323500,787579,464079,0.0056087618931102805
2,initial,identity,all,cnn_NI_residual,13547520,25511,108965,83454,474372,1014207,539835,0.006525052166664222
2,initial,identity,all,cnn_TI_residual,13547520,17078,31216,14138,307915,440982,133067,0.0013520909127474545
2,initial,identity,all,transformer_RGB_residual,13547520,10070,107401,97331,192350,891050,698700,0.008107324678197485
2,initial,identity,all,transformer_NI_residual,13547520,17032,147798,130766,332785,1168153,835368,0.010239868764234413
2,initial,identity,all,transformer_TI_residual,13547520,12722,34443,21721,225438,427208,201770,0.002063411377300007
2,initial,identity,all,mamba_RGB_residual,13547520,18732,95757,77025,322640,818846,496206,0.005992481503286029
2,initial,identity,all,mamba_NI_residual,13547520,31752,137338,105586,520670,1134560,613890,0.0077932062852928185
2,initial,identity,all,mamba_TI_residual,13547520,17072,33753,16681,301042,459935,158893,0.00162016344337135
2,initial,identity,all,pure_bank,13547520,2,792,790,5847,128955,123108,0.0006193658596017109
2,initial,identity,all,pure_cnn,13547520,11,1209,1198,17346,137910,120564,0.0006566841701745166
2,initial,identity,all,pure_transformer,13547520,4,1618,1614,3820,202439,198619,0.0010658635112193225
2,initial,identity,all,pure_mamba,13547520,9,1521,1512,18021,160934,142913,0.0007898494860873498
2,initial,cross_camera,active,baseline_only,467264,0,0,0,5806,5806,0,0.0
2,initial,cross_camera,active,fused,467264,0,0,0,1149,6839,5690,0.0005821547060829624
2,initial,cross_camera,active,cnn,467264,0,3,3,1857,6915,5058,0.0005603507084205198
2,initial,cross_camera,active,transformer,467264,0,2,2,843,8604,7761,0.000807251010638251
2,initial,cross_camera,active,mamba,467264,0,0,0,1838,8107,6269,0.0006721192661198589
2,initial,cross_camera,active,cnn_RGB_residual,467264,699,6135,5436,16082,50686,34604,0.012267418709537854
2,initial,cross_camera,active,cnn_NI_residual,467264,1536,10282,8746,28953,74278,45325,0.017535863507175432
2,initial,cross_camera,active,cnn_TI_residual,467264,1058,2978,1920,20007,34632,14625,0.004707513483797151
2,initial,cross_camera,active,transformer_RGB_residual,467264,513,7584,7071,8765,57835,49070,0.01667581862248109
2,initial,cross_camera,active,transformer_NI_residual,467264,1156,15324,14168,20657,87529,66872,0.02754319820117253
2,initial,cross_camera,active,transformer_TI_residual,467264,738,3178,2440,14810,36009,21199,0.0067204173308662895
2,initial,cross_camera,active,mamba_RGB_residual,467264,744,6811,6067,16021,53544,37523,0.013379315873901383
2,initial,cross_camera,active,mamba_NI_residual,467264,1822,13059,11237,31371,83296,51925,0.021457552620805953
2,initial,cross_camera,active,mamba_TI_residual,467264,1094,2943,1849,19760,35424,15664,0.004873205310650536
2,initial,cross_camera,active,pure_bank,467264,0,69,69,515,14095,13580,0.0019258151214595113
2,initial,cross_camera,active,pure_cnn,467264,0,121,121,1380,13616,12236,0.0018881690161181186
2,initial,cross_camera,active,pure_transformer,467264,0,140,140,364,21458,21094,0.003267604387811987
2,initial,cross_camera,active,pure_mamba,467264,0,120,120,1289,17120,15831,0.0024147180388572518
2,initial,cross_camera,inactive,baseline_only,537488,5,5,0,7757,7757,0,0.0
2,initial,cross_camera,inactive,fused,537488,4,4,0,1697,1697,0,0.0
2,initial,cross_camera,inactive,cnn,537488,4,4,0,2573,2573,0,0.0
2,initial,cross_camera,inactive,transformer,537488,5,5,0,1095,1095,0,0.0
2,initial,cross_camera,inactive,mamba,537488,3,3,0,2625,2625,0,0.0
2,initial,cross_camera,inactive,cnn_RGB_residual,537488,1049,1049,0,20532,20532,0,0.0
2,initial,cross_camera,inactive,cnn_NI_residual,537488,1796,1796,0,34194,34194,0,0.0
2,initial,cross_camera,inactive,cnn_TI_residual,537488,1934,1934,0,24489,24489,0,0.0
2,initial,cross_camera,inactive,transformer_RGB_residual,537488,633,633,0,12187,12187,0,0.0
2,initial,cross_camera,inactive,transformer_NI_residual,537488,1512,1512,0,24564,24564,0,0.0
2,initial,cross_camera,inactive,transformer_TI_residual,537488,1442,1442,0,18439,18439,0,0.0
2,initial,cross_camera,inactive,mamba_RGB_residual,537488,985,985,0,20899,20899,0,0.0
2,initial,cross_camera,inactive,mamba_NI_residual,537488,2199,2199,0,37590,37590,0,0.0
2,initial,cross_camera,inactive,mamba_TI_residual,537488,1832,1832,0,24772,24772,0,0.0
2,initial,cross_camera,inactive,pure_bank,537488,2,2,0,677,677,0,0.0
2,initial,cross_camera,inactive,pure_cnn,537488,6,6,0,1697,1697,0,0.0
2,initial,cross_camera,inactive,pure_transformer,537488,4,4,0,485,485,0,0.0
2,initial,cross_camera,inactive,pure_mamba,537488,3,3,0,1734,1734,0,0.0
2,initial,cross_camera,all,baseline_only,1004752,5,5,0,13563,13563,0,0.0
2,initial,cross_camera,all,fused,1004752,4,4,0,2846,8536,5690,0.0002707334114121189
2,initial,cross_camera,all,cnn,1004752,4,7,3,4430,9488,5058,0.0002605933737075475
2,initial,cross_camera,all,transformer,1004752,5,7,2,1938,9699,7761,0.000375415362432592
2,initial,cross_camera,all,mamba,1004752,3,3,0,4463,10732,6269,0.0003125717955915786
2,initial,cross_camera,all,cnn_RGB_residual,1004752,1748,7184,5436,36614,71218,34604,0.005705012914523679
2,initial,cross_camera,all,cnn_NI_residual,1004752,3332,12078,8746,63147,108472,45325,0.008155124573841927
2,initial,cross_camera,all,cnn_TI_residual,1004752,2992,4912,1920,44496,59121,14625,0.0021892482727011156
2,initial,cross_camera,all,transformer_RGB_residual,1004752,1146,8217,7071,20952,70022,49070,0.0077551572057731714
2,initial,cross_camera,all,transformer_NI_residual,1004752,2668,16836,14168,45221,112093,66872,0.012809076234008674
2,initial,cross_camera,all,transformer_TI_residual,1004752,2180,4620,2440,33249,54448,21199,0.0031253573853945115
2,initial,cross_camera,all,mamba_RGB_residual,1004752,1729,7796,6067,36920,74443,37523,0.00622210520855162
2,initial,cross_camera,all,mamba_NI_residual,1004752,4021,15258,11237,68961,120886,51925,0.009978922030320189
2,initial,cross_camera,all,mamba_TI_residual,1004752,2926,4775,1849,44532,60196,15664,0.0022663039300004507
2,initial,cross_camera,all,pure_bank,1004752,2,71,69,1192,14772,13580,0.0008956081469991174
2,initial,cross_camera,all,pure_cnn,1004752,6,127,121,3077,15313,12236,0.0008781006727505062
2,initial,cross_camera,all,pure_transformer,1004752,4,144,140,849,21943,21094,0.0015196126971298192
2,initial,cross_camera,all,pure_mamba,1004752,3,123,120,3023,18854,15831,0.0011229744351925598
2,control_final,identity,active,baseline_only,6648320,5,5,0,30409,30409,0,0.0
2,control_final,identity,active,fused,6648320,0,6,6,2190,30268,28078,0.00018867313140055438
2,control_final,identity,active,cnn,6648320,0,3,3,2826,28565,25739,0.0001731677298115251
2,control_final,identity,active,transformer,6648320,0,23,23,1884,42497,40613,0.00029181260969619015
2,control_final,identity,active,mamba,6648320,0,15,15,4555,38669,34114,0.0002461310173215743
2,control_final,identity,active,cnn_RGB_residual,6648320,4326,60948,56622,116996,557022,440026,0.009980932494419366
2,control_final,identity,active,cnn_NI_residual,6648320,7187,71570,64383,195635,706907,511272,0.01152675827484147
2,control_final,identity,active,cnn_TI_residual,6648320,4313,14778,10465,105344,231196,125852,0.002403236931963885
2,control_final,identity,active,transformer_RGB_residual,6648320,4041,107585,103544,77269,709497,632228,0.015913403177035743
2,control_final,identity,active,transformer_NI_residual,6648320,8210,132314,124104,150594,889275,738681,0.018961230893855794
2,control_final,identity,active,transformer_TI_residual,6648320,4910,21992,17082,91661,261405,169744,0.003464554354702869
2,control_final,identity,active,mamba_RGB_residual,6648320,5805,71494,65689,127164,601482,474318,0.011082956679099283
2,control_final,identity,active,mamba_NI_residual,6648320,11097,104885,93788,234104,820576,586472,0.014655851625328226
2,control_final,identity,active,mamba_TI_residual,6648320,5776,20158,14382,117628,270238,152610,0.0030231062268977027
2,control_final,identity,active,pure_bank,6648320,0,473,473,390,94035,93645,0.0008941690128609374
2,control_final,identity,active,pure_cnn,6648320,0,382,382,1003,88374,87371,0.0008366395441122326
2,control_final,identity,active,pure_transformer,6648320,0,1600,1600,562,156706,156144,0.0017223721849374625
2,control_final,identity,active,pure_mamba,6648320,0,851,851,1839,118350,116511,0.0011934896165902414
2,control_final,identity,inactive,baseline_only,6899200,8,8,0,29449,29449,0,0.0
2,control_final,identity,inactive,fused,6899200,0,0,0,2035,2035,0,0.0
2,control_final,identity,inactive,cnn,6899200,0,0,0,2936,2936,0,0.0
2,control_final,identity,inactive,transformer,6899200,0,0,0,1530,1530,0,0.0
2,control_final,identity,inactive,mamba,6899200,2,2,0,4412,4412,0,0.0
2,control_final,identity,inactive,cnn_RGB_residual,6899200,5144,5144,0,127102,127102,0,0.0
2,control_final,identity,inactive,cnn_NI_residual,6899200,7073,7073,0,184133,184133,0,0.0
2,control_final,identity,inactive,cnn_TI_residual,6899200,3998,3998,0,102223,102223,0,0.0
2,control_final,identity,inactive,transformer_RGB_residual,6899200,4604,4604,0,84750,84750,0,0.0
2,control_final,identity,inactive,transformer_NI_residual,6899200,7490,7490,0,141735,141735,0,0.0
2,control_final,identity,inactive,transformer_TI_residual,6899200,4347,4347,0,89618,89618,0,0.0
2,control_final,identity,inactive,mamba_RGB_residual,6899200,6535,6535,0,136476,136476,0,0.0
2,control_final,identity,inactive,mamba_NI_residual,6899200,11233,11233,0,219621,219621,0,0.0
2,control_final,identity,inactive,mamba_TI_residual,6899200,5337,5337,0,111960,111960,0,0.0
2,control_final,identity,inactive,pure_bank,6899200,0,0,0,385,385,0,0.0
2,control_final,identity,inactive,pure_cnn,6899200,0,0,0,1098,1098,0,0.0
2,control_final,identity,inactive,pure_transformer,6899200,0,0,0,403,403,0,0.0
2,control_final,identity,inactive,pure_mamba,6899200,0,0,0,1848,1848,0,0.0
2,control_final,identity,all,baseline_only,13547520,13,13,0,59858,59858,0,0.0
2,control_final,identity,all,fused,13547520,0,6,6,4225,32303,28078,9.258959226138317e-05
2,control_final,identity,all,cnn,13547520,0,3,3,5762,31501,25739,8.498046000010027e-05
2,control_final,identity,all,transformer,13547520,0,23,23,3414,44027,40613,0.000143204336239797
2,control_final,identity,all,mamba,13547520,2,17,15,8967,43081,34114,0.00012078651775966148
2,control_final,identity,all,cnn_RGB_residual,13547520,9470,66092,56622,244098,684124,440026,0.00489805020559469
2,control_final,identity,all,cnn_NI_residual,13547520,14260,78643,64383,379768,891040,511272,0.005656649894135166
2,control_final,identity,all,cnn_TI_residual,13547520,8311,18776,10465,207567,333419,125852,0.001179366272167462
2,control_final,identity,all,transformer_RGB_residual,13547520,8645,112189,103544,162019,794247,632228,0.007809355262804579
2,control_final,identity,all,transformer_NI_residual,13547520,15700,139804,124104,292329,1031010,738681,0.00930504849420701
2,control_final,identity,all,transformer_TI_residual,13547520,9257,26339,17082,181279,351023,169744,0.0017001979703634448
2,control_final,identity,all,mamba_RGB_residual,13547520,12340,78029,65689,263640,737958,474318,0.0054388583702987235
2,control_final,identity,all,mamba_NI_residual,13547520,22330,116118,93788,453725,1040197,586472,0.0071922234827999625
2,control_final,identity,all,mamba_TI_residual,13547520,11113,25495,14382,229588,382198,152610,0.0014835613891257243
2,control_final,identity,all,pure_bank,13547520,0,473,473,775,94420,93645,0.0004388051637187933
2,control_final,identity,all,pure_cnn,13547520,0,382,382,2101,89472,87371,0.0004105731096106327
2,control_final,identity,all,pure_transformer,13547520,0,1600,1600,965,157109,156144,0.0008452382018674584
2,control_final,identity,all,pure_mamba,13547520,0,851,851,3687,120198,116511,0.0005856939785118776
2,control_final,cross_camera,active,baseline_only,467264,0,0,0,5806,5806,0,0.0
2,control_final,cross_camera,active,fused,467264,0,0,0,302,4999,4697,0.00043716178022125684
2,control_final,cross_camera,active,cnn,467264,0,0,0,453,4570,4117,0.0003895557219090801
2,control_final,cross_camera,active,transformer,467264,0,0,0,257,6859,6602,0.0006692342085452759
2,control_final,cross_camera,active,mamba,467264,0,0,0,624,6111,5487,0.0005334461998954953
2,control_final,cross_camera,active,cnn_RGB_residual,467264,337,4843,4506,12507,47865,35358,0.011519891164335239
2,control_final,cross_camera,active,cnn_NI_residual,467264,869,8450,7581,22877,69920,47043,0.01684412851747948
2,control_final,cross_camera,active,cnn_TI_residual,467264,399,1785,1386,12184,26006,13822,0.004039677572187944
2,control_final,cross_camera,active,transformer_RGB_residual,467264,249,8718,8469,6751,56877,50126,0.018169274468147242
2,control_final,cross_camera,active,transformer_NI_residual,467264,887,15333,14446,17226,82407,65181,0.02740989137721219
2,control_final,cross_camera,active,transformer_TI_residual,467264,336,1786,1450,9662,24864,15202,0.004424726878805669
2,control_final,cross_camera,active,mamba_RGB_residual,467264,524,5837,5313,12348,48357,36009,0.012222107147854433
2,control_final,cross_camera,active,mamba_NI_residual,467264,1411,12009,10598,26889,78009,51120,0.020610873207124607
2,control_final,cross_camera,active,mamba_TI_residual,467264,545,2231,1686,13524,29669,16145,0.004705143234164241
2,control_final,cross_camera,active,pure_bank,467264,0,71,71,44,11112,11068,0.0015336204458816674
2,control_final,cross_camera,active,pure_cnn,467264,0,71,71,194,10439,10245,0.001414958680264346
2,control_final,cross_camera,active,pure_transformer,467264,0,134,134,48,17289,17241,0.0027110233088625314
2,control_final,cross_camera,active,pure_mamba,467264,0,110,110,211,14077,13866,0.0020327389410475846
2,control_final,cross_camera,inactive,baseline_only,537488,5,5,0,7757,7757,0,0.0
2,control_final,cross_camera,inactive,fused,537488,0,0,0,689,689,0,0.0
2,control_final,cross_camera,inactive,cnn,537488,0,0,0,928,928,0,0.0
2,control_final,cross_camera,inactive,transformer,537488,0,0,0,480,480,0,0.0
2,control_final,cross_camera,inactive,mamba,537488,2,2,0,1325,1325,0,0.0
2,control_final,cross_camera,inactive,cnn_RGB_residual,537488,567,567,0,16206,16206,0,0.0
2,control_final,cross_camera,inactive,cnn_NI_residual,537488,1035,1035,0,26609,26609,0,0.0
2,control_final,cross_camera,inactive,cnn_TI_residual,537488,972,972,0,15990,15990,0,0.0
2,control_final,cross_camera,inactive,transformer_RGB_residual,537488,375,375,0,9094,9094,0,0.0
2,control_final,cross_camera,inactive,transformer_NI_residual,537488,1113,1113,0,20741,20741,0,0.0
2,control_final,cross_camera,inactive,transformer_TI_residual,537488,709,709,0,13302,13302,0,0.0
2,control_final,cross_camera,inactive,mamba_RGB_residual,537488,745,745,0,16582,16582,0,0.0
2,control_final,cross_camera,inactive,mamba_NI_residual,537488,1669,1669,0,32697,32697,0,0.0
2,control_final,cross_camera,inactive,mamba_TI_residual,537488,1168,1168,0,18056,18056,0,0.0
2,control_final,cross_camera,inactive,pure_bank,537488,0,0,0,182,182,0,0.0
2,control_final,cross_camera,inactive,pure_cnn,537488,0,0,0,326,326,0,0.0
2,control_final,cross_camera,inactive,pure_transformer,537488,0,0,0,91,91,0,0.0
2,control_final,cross_camera,inactive,pure_mamba,537488,0,0,0,557,557,0,0.0
2,control_final,cross_camera,all,baseline_only,1004752,5,5,0,13563,13563,0,0.0
2,control_final,cross_camera,all,fused,1004752,0,0,0,991,5688,4697,0.0002033038621205087
2,control_final,cross_camera,all,cnn,1004752,0,0,0,1381,5498,4117,0.00018116447127462736
2,control_final,cross_camera,all,transformer,1004752,0,0,0,737,7339,6602,0.00031123008784426383
2,control_final,cross_camera,all,mamba,1004752,2,2,0,1949,7436,5487,0.00024808132270248646
2,control_final,cross_camera,all,cnn_RGB_residual,1004752,904,5410,4506,28713,64071,35358,0.005357372192353875
2,control_final,cross_camera,all,cnn_NI_residual,1004752,1904,9485,7581,49486,96529,47043,0.007833430406300789
2,control_final,cross_camera,all,cnn_TI_residual,1004752,1371,2757,1386,28174,41996,13822,0.0018786684685283804
2,control_final,cross_camera,all,transformer_RGB_residual,1004752,624,9093,8469,15845,65971,50126,0.00844969491484899
2,control_final,cross_camera,all,transformer_NI_residual,1004752,2000,16446,14446,37967,103148,65181,0.012747081353888
2,control_final,cross_camera,all,transformer_TI_residual,1004752,1045,2495,1450,22964,38166,15202,0.002057737213061783
2,control_final,cross_camera,all,mamba_RGB_residual,1004752,1269,6582,5313,28930,64939,36009,0.005683940588657752
2,control_final,cross_camera,all,mamba_NI_residual,1004752,3080,13678,10598,59586,110706,51120,0.009585170328851172
2,control_final,cross_camera,all,mamba_TI_residual,1004752,1713,3399,1686,31580,47725,16145,0.0021881459784787887
2,control_final,cross_camera,all,pure_bank,1004752,0,71,71,226,11294,11068,0.0007132164195985191
2,control_final,cross_camera,all,pure_cnn,1004752,0,71,71,520,10765,10245,0.0006580322833644912
2,control_final,cross_camera,all,pure_transformer,1004752,0,134,134,139,17380,17241,0.0012607724049241422
2,control_final,cross_camera,all,pure_mamba,1004752,0,110,110,768,14634,13866,0.0009453335037398865
2,style_final,identity,active,baseline_only,6648320,5,5,0,30409,30409,0,0.0
2,style_final,identity,active,fused,6648320,0,1,1,3067,6844,3777,2.1306194887940434e-05
2,style_final,identity,active,cnn,6648320,0,1,1,4114,8015,3901,2.291473677829144e-05
2,style_final,identity,active,transformer,6648320,0,0,0,2276,5842,3566,1.966656916786247e-05
2,style_final,identity,active,mamba,6648320,1,6,5,5843,11902,6059,3.742401536614833e-05
2,style_final,identity,active,cnn_RGB_residual,6648320,5198,15095,9897,125016,265152,140136,0.002565450457490124
2,style_final,identity,active,cnn_NI_residual,6648320,8523,21849,13326,210252,395508,185256,0.0034368966980318216
2,style_final,identity,active,cnn_TI_residual,6648320,4485,8576,4091,101749,157698,55949,0.0010131680083532882
2,style_final,identity,active,transformer_RGB_residual,6648320,4498,16514,12016,82251,234426,152175,0.002864078064123409
2,style_final,identity,active,transformer_NI_residual,6648320,7907,24969,17062,153153,376266,223113,0.004174756226235984
2,style_final,identity,active,transformer_TI_residual,6648320,4205,9110,4905,75864,131966,56102,0.0010658585471861827
2,style_final,identity,active,mamba_RGB_residual,6648320,6578,18576,11998,127079,272180,145101,0.002794596537416956
2,style_final,identity,active,mamba_NI_residual,6648320,11341,28413,17072,231412,433857,202445,0.0039783505646897215
2,style_final,identity,active,mamba_TI_residual,6648320,6028,12165,6137,114126,182281,68155,0.0013262830901396
2,style_final,identity,active,pure_bank,6648320,0,8,8,949,6803,5854,3.9998765556515485e-05
2,style_final,identity,active,pure_cnn,6648320,0,20,20,2011,10237,8226,6.0167392699380475e-05
2,style_final,identity,active,pure_transformer,6648320,0,3,3,833,7493,6660,4.436466241805406e-05
2,style_final,identity,active,pure_mamba,6648320,2,36,34,3268,16013,12745,9.975290691022765e-05
2,style_final,identity,inactive,baseline_only,6899200,8,8,0,29449,29449,0,0.0
2,style_final,identity,inactive,fused,6899200,0,0,0,2599,2599,0,0.0
2,style_final,identity,inactive,cnn,6899200,0,0,0,3967,3967,0,0.0
2,style_final,identity,inactive,transformer,6899200,0,0,0,1636,1636,0,0.0
2,style_final,identity,inactive,mamba,6899200,1,1,0,5415,5415,0,0.0
2,style_final,identity,inactive,cnn_RGB_residual,6899200,6749,6749,0,138188,138188,0,0.0
2,style_final,identity,inactive,cnn_NI_residual,6899200,8772,8772,0,207158,207158,0,0.0
2,style_final,identity,inactive,cnn_TI_residual,6899200,4075,4075,0,99089,99089,0,0.0
2,style_final,identity,inactive,transformer_RGB_residual,6899200,5276,5276,0,86897,86897,0,0.0
2,style_final,identity,inactive,transformer_NI_residual,6899200,7409,7409,0,149659,149659,0,0.0
2,style_final,identity,inactive,transformer_TI_residual,6899200,3111,3111,0,69814,69814,0,0.0
2,style_final,identity,inactive,mamba_RGB_residual,6899200,7662,7662,0,141257,141257,0,0.0
2,style_final,identity,inactive,mamba_NI_residual,6899200,11440,11440,0,227174,227174,0,0.0
2,style_final,identity,inactive,mamba_TI_residual,6899200,5323,5323,0,108455,108455,0,0.0
2,style_final,identity,inactive,pure_bank,6899200,0,0,0,522,522,0,0.0
2,style_final,identity,inactive,pure_cnn,6899200,0,0,0,1852,1852,0,0.0
2,style_final,identity,inactive,pure_transformer,6899200,0,0,0,356,356,0,0.0
2,style_final,identity,inactive,pure_mamba,6899200,0,0,0,2797,2797,0,0.0
2,style_final,identity,all,baseline_only,13547520,13,13,0,59858,59858,0,0.0
2,style_final,identity,all,fused,13547520,0,1,1,5666,9443,3777,1.0455817861674476e-05
2,style_final,identity,all,cnn,13547520,0,1,1,8081,11982,3901,1.1245194900457838e-05
2,style_final,identity,all,transformer,13547520,0,0,0,3912,7478,3566,9.651186721265843e-06
2,style_final,identity,all,mamba,13547520,2,7,5,11258,17317,6059,1.836548902227649e-05
2,style_final,identity,all,cnn_RGB_residual,13547520,11947,21844,9897,263204,403340,140136,0.0012589710578423754
2,style_final,identity,all,cnn_NI_residual,13547520,17295,30621,13326,417410,602666,185256,0.0016866252314415426
2,style_final,identity,all,cnn_TI_residual,13547520,8560,12651,4091,200838,256787,55949,0.0004972028189141137
2,style_final,identity,all,transformer_RGB_residual,13547520,9774,21790,12016,169148,321323,152175,0.0014055197907272285
2,style_final,identity,all,transformer_NI_residual,13547520,15316,32378,17062,302812,525925,223113,0.002048722962875066
2,style_final,identity,all,transformer_TI_residual,13547520,7316,12221,4905,145678,201780,56102,0.0005230602129709971
2,style_final,identity,all,mamba_RGB_residual,13547520,14240,26238,11998,268336,413437,145101,0.0013714223748435065
2,style_final,identity,all,mamba_NI_residual,13547520,22781,39853,17072,458586,661031,202445,0.0019523387030421782
2,style_final,identity,all,mamba_TI_residual,13547520,11351,17488,6137,222581,290736,68155,0.0006508611460870256
2,style_final,identity,all,pure_bank,13547520,0,8,8,1471,7325,5854,1.9629023837919633e-05
2,style_final,identity,all,pure_cnn,13547520,0,20,20,3863,12089,8226,2.952659086173301e-05
2,style_final,identity,all,pure_transformer,13547520,0,3,3,1189,7849,6660,2.1771547297748752e-05
2,style_final,identity,all,pure_mamba,13547520,2,36,34,6065,18810,12745,4.8952815428167265e-05
2,style_final,cross_camera,active,baseline_only,467264,0,0,0,5806,5806,0,0.0
2,style_final,cross_camera,active,fused,467264,0,0,0,380,965,585,3.502789746509094e-05
2,style_final,cross_camera,active,cnn,467264,0,0,0,696,1266,570,4.2759860135910415e-05
2,style_final,cross_camera,active,transformer,467264,0,0,0,250,884,634,3.6486169748804324e-05
2,style_final,cross_camera,active,mamba,467264,0,0,0,736,1689,953,6.456954483527294e-05
2,style_final,cross_camera,active,cnn_RGB_residual,467264,452,1471,1019,14615,28803,14188,0.00379594213203237
2,style_final,cross_camera,active,cnn_NI_residual,467264,1133,3310,2177,26759,45623,18864,0.005887055537775995
2,style_final,cross_camera,active,cnn_TI_residual,467264,445,859,414,12249,18050,5801,0.0016261439381073993
2,style_final,cross_camera,active,transformer_RGB_residual,467264,415,2103,1688,8575,25636,17061,0.004961079422942624
2,style_final,cross_camera,active,transformer_NI_residual,467264,1017,3447,2430,18939,39812,20873,0.006492132319850762
2,style_final,cross_camera,active,transformer_TI_residual,467264,293,836,543,8347,13667,5320,0.0014992445253360668
2,style_final,cross_camera,active,mamba_RGB_residual,467264,567,1784,1217,13535,27575,14040,0.003981895061404564
2,style_final,cross_camera,active,mamba_NI_residual,467264,1457,4197,2740,28470,49528,21058,0.0068663071285703405
2,style_final,cross_camera,active,mamba_TI_residual,467264,613,1337,724,12939,19655,6716,0.002003471434835211
2,style_final,cross_camera,active,pure_bank,467264,0,0,0,75,844,769,6.461029714966766e-05
2,style_final,cross_camera,active,pure_cnn,467264,0,1,1,351,1435,1084,0.0001099974541038101
2,style_final,cross_camera,active,pure_transformer,467264,0,0,0,31,1156,1125,0.00010651461149120356
2,style_final,cross_camera,active,pure_mamba,467264,0,1,1,340,1848,1508,0.0001416099043296506
2,style_final,cross_camera,inactive,baseline_only,537488,5,5,0,7757,7757,0,0.0
2,style_final,cross_camera,inactive,fused,537488,0,0,0,777,777,0,0.0
2,style_final,cross_camera,inactive,cnn,537488,0,0,0,1234,1234,0,0.0
2,style_final,cross_camera,inactive,transformer,537488,0,0,0,462,462,0,0.0
2,style_final,cross_camera,inactive,mamba,537488,1,1,0,1477,1477,0,0.0
2,style_final,cross_camera,inactive,cnn_RGB_residual,537488,851,851,0,20326,20326,0,0.0
2,style_final,cross_camera,inactive,cnn_NI_residual,537488,1552,1552,0,32333,32333,0,0.0
2,style_final,cross_camera,inactive,cnn_TI_residual,537488,854,854,0,16249,16249,0,0.0
2,style_final,cross_camera,inactive,transformer_RGB_residual,537488,535,535,0,9604,9604,0,0.0
2,style_final,cross_camera,inactive,transformer_NI_residual,537488,1204,1204,0,24215,24215,0,0.0
2,style_final,cross_camera,inactive,transformer_TI_residual,537488,531,531,0,10274,10274,0,0.0
2,style_final,cross_camera,inactive,mamba_RGB_residual,537488,818,818,0,18121,18121,0,0.0
2,style_final,cross_camera,inactive,mamba_NI_residual,537488,1742,1742,0,35315,35315,0,0.0
2,style_final,cross_camera,inactive,mamba_TI_residual,537488,1150,1150,0,17180,17180,0,0.0
2,style_final,cross_camera,inactive,pure_bank,537488,0,0,0,192,192,0,0.0
2,style_final,cross_camera,inactive,pure_cnn,537488,0,0,0,513,513,0,0.0
2,style_final,cross_camera,inactive,pure_transformer,537488,0,0,0,123,123,0,0.0
2,style_final,cross_camera,inactive,pure_mamba,537488,0,0,0,725,725,0,0.0
2,style_final,cross_camera,all,baseline_only,1004752,5,5,0,13563,13563,0,0.0
2,style_final,cross_camera,all,fused,1004752,0,0,0,1157,1742,585,1.628986603771703e-05
2,style_final,cross_camera,all,cnn,1004752,0,0,0,1930,2500,570,1.9885646693458736e-05
2,style_final,cross_camera,all,transformer,1004752,0,0,0,712,1346,634,1.6968041488352654e-05
2,style_final,cross_camera,all,mamba,1004752,1,1,0,2213,3166,953,3.002832917765675e-05
2,style_final,cross_camera,all,cnn_RGB_residual,1004752,1303,2322,1019,34941,49129,14188,0.0017653183117644685
2,style_final,cross_camera,all,cnn_NI_residual,1004752,2685,4862,2177,59092,77956,18864,0.0027377990974920808
2,style_final,cross_camera,all,cnn_TI_residual,1004752,1299,1713,414,28498,34299,5801,0.0007562448455895742
2,style_final,cross_camera,all,transformer_RGB_residual,1004752,950,2638,1688,18179,35240,17061,0.002307170142962504
2,style_final,cross_camera,all,transformer_NI_residual,1004752,2221,4651,2430,43154,64027,20873,0.0030191925134786957
2,style_final,cross_camera,all,transformer_TI_residual,1004752,824,1367,543,18621,23941,5320,0.0006972297580762535
2,style_final,cross_camera,all,mamba_RGB_residual,1004752,1385,2602,1217,31656,45696,14040,0.0018517964771129019
2,style_final,cross_camera,all,mamba_NI_residual,1004752,3199,5939,2740,63785,84843,21058,0.003193204028580476
2,style_final,cross_camera,all,mamba_TI_residual,1004752,1763,2487,724,30119,36835,6716,0.0009317225310592467
2,style_final,cross_camera,all,pure_bank,1004752,0,0,0,267,1036,769,3.0047281207046424e-05
2,style_final,cross_camera,all,pure_cnn,1004752,0,1,1,864,1948,1084,5.115476296077313e-05
2,style_final,cross_camera,all,pure_transformer,1004752,0,0,0,154,1279,1125,4.953505285266985e-05
2,style_final,cross_camera,all,pure_mamba,1004752,0,1,1,1065,2573,1508,6.585626138259974e-05
pooled,initial,identity,active,baseline_only,20547072,5,5,0,100957,100957,0,0.0
pooled,initial,identity,active,fused,20547072,0,42,42,20949,122263,101314,0.00023246505447413476
pooled,initial,identity,active,cnn,20547072,1,64,63,34171,138190,104019,0.0002539158112207239
pooled,initial,identity,active,transformer,20547072,0,57,57,14123,150271,136148,0.0003130671685481329
pooled,initial,identity,active,mamba,20547072,1,103,102,36333,150989,114656,0.0002824707190829427
pooled,initial,identity,active,cnn_RGB_residual,20547072,26508,189574,163066,487811,1675767,1187956,0.008947079911156758
pooled,initial,identity,active,cnn_NI_residual,20547072,42084,248025,205941,754859,2171566,1416707,0.010987309527808098
pooled,initial,identity,active,cnn_TI_residual,20547072,32569,90517,57948,543904,1052339,508435,0.0035556445177680873
pooled,initial,identity,active,transformer_RGB_residual,20547072,16455,288571,272116,303783,2178278,1874495,0.014546191424231119
pooled,initial,identity,active,transformer_NI_residual,20547072,30246,334061,303815,532918,2669650,2136732,0.016506298261900317
pooled,initial,identity,active,transformer_TI_residual,20547072,22481,90733,68252,371945,1026821,654876,0.004382289816326137
pooled,initial,identity,active,mamba_RGB_residual,20547072,28212,210994,182782,501560,1770571,1269011,0.009774116142372294
pooled,initial,identity,active,mamba_NI_residual,20547072,47135,282561,235426,785392,2318176,1532784,0.012194167775811685
pooled,initial,identity,active,mamba_TI_residual,20547072,32613,92814,60201,521725,1052144,530419,0.0036743539888880045
pooled,initial,identity,active,pure_bank,20547072,0,1443,1443,9877,307278,297401,0.0009327730728810542
pooled,initial,identity,active,pure_cnn,20547072,17,2524,2507,28697,342976,314279,0.0010748128512127074
pooled,initial,identity,active,pure_transformer,20547072,1,3176,3175,6877,498250,491373,0.0016524153536121525
pooled,initial,identity,active,pure_mamba,20547072,24,2894,2870,29680,378424,348744,0.00120875985081476
pooled,initial,identity,inactive,baseline_only,21600768,11,11,0,99519,99519,0,0.0
pooled,initial,identity,inactive,fused,21600768,4,4,0,19836,19836,0,0.0
pooled,initial,identity,inactive,cnn,21600768,4,4,0,33007,33007,0,0.0
pooled,initial,identity,inactive,transformer,21600768,5,5,0,12907,12907,0,0.0
pooled,initial,identity,inactive,mamba,21600768,3,3,0,35392,35392,0,0.0
pooled,initial,identity,inactive,cnn_RGB_residual,21600768,29965,29965,0,516345,516345,0,0.0
pooled,initial,identity,inactive,cnn_NI_residual,21600768,43470,43470,0,773311,773311,0,0.0
pooled,initial,identity,inactive,cnn_TI_residual,21600768,28791,28791,0,537339,537339,0,0.0
pooled,initial,identity,inactive,transformer_RGB_residual,21600768,18709,18709,0,320949,320949,0,0.0
pooled,initial,identity,inactive,transformer_NI_residual,21600768,31466,31466,0,533863,533863,0,0.0
pooled,initial,identity,inactive,transformer_TI_residual,21600768,20247,20247,0,370049,370049,0,0.0
pooled,initial,identity,inactive,mamba_RGB_residual,21600768,31607,31607,0,532379,532379,0,0.0
pooled,initial,identity,inactive,mamba_NI_residual,21600768,48921,48921,0,795038,795038,0,0.0
pooled,initial,identity,inactive,mamba_TI_residual,21600768,29717,29717,0,514705,514705,0,0.0
pooled,initial,identity,inactive,pure_bank,21600768,2,2,0,8719,8719,0,0.0
pooled,initial,identity,inactive,pure_cnn,21600768,11,11,0,27292,27292,0,0.0
pooled,initial,identity,inactive,pure_transformer,21600768,4,4,0,5870,5870,0,0.0
pooled,initial,identity,inactive,pure_mamba,21600768,41,41,0,28844,28844,0,0.0
pooled,initial,identity,all,baseline_only,42147840,16,16,0,200476,200476,0,0.0
pooled,initial,identity,all,fused,42147840,4,46,42,40785,142099,101314,0.0001133267140561407
pooled,initial,identity,all,cnn,42147840,5,68,63,67178,171197,104019,0.0001237839579701029
pooled,initial,identity,all,transformer,42147840,5,62,57,27030,163178,136148,0.00015262024466721478
pooled,initial,identity,all,mamba,42147840,4,106,102,71725,186381,114656,0.00013770447555293454
pooled,initial,identity,all,cnn_RGB_residual,42147840,56473,219539,163066,1004156,2192112,1187956,0.004361701456688919
pooled,initial,identity,all,cnn_NI_residual,42147840,85554,291495,205941,1528170,2944877,1416707,0.005356313394806447
pooled,initial,identity,all,cnn_TI_residual,42147840,61360,119308,57948,1081243,1589678,508435,0.0017333767024119426
pooled,initial,identity,all,transformer_RGB_residual,42147840,35164,307280,272116,624732,2499227,1874495,0.0070912683193126705
pooled,initial,identity,all,transformer_NI_residual,42147840,61712,365527,303815,1066781,3203513,2136732,0.008046820402676404
pooled,initial,identity,all,transformer_TI_residual,42147840,42728,110980,68252,741994,1396870,654876,0.0021363662854589917
pooled,initial,identity,all,mamba_RGB_residual,42147840,59819,242601,182782,1033939,2302950,1269011,0.0047648816194064934
pooled,initial,identity,all,mamba_NI_residual,42147840,96056,331482,235426,1580430,3113214,1532784,0.0059446567907081955
pooled,initial,identity,all,mamba_TI_residual,42147840,62330,122531,60201,1036430,1566849,530419,0.0017912475695829023
pooled,initial,identity,all,pure_bank,42147840,2,1445,1443,18596,315997,297401,0.00045472687302951394
pooled,initial,identity,all,pure_cnn,42147840,28,2535,2507,55989,370268,314279,0.0005239712649661948
pooled,initial,identity,all,pure_transformer,42147840,5,3180,3175,12747,504120,491373,0.0008055524848859243
pooled,initial,identity,all,pure_mamba,42147840,65,2935,2870,58524,407268,348744,0.0005892704272721954
pooled,initial,cross_camera,active,baseline_only,1698704,0,0,0,24982,24982,0,0.0
pooled,initial,cross_camera,active,fused,1698704,0,12,12,4343,26290,21947,0.0006349629423621563
pooled,initial,cross_camera,active,cnn,1698704,0,16,16,7269,30484,23215,0.0007288450303495371
pooled,initial,cross_camera,active,transformer,1698704,0,14,14,2779,27457,24678,0.0006993213239892647
pooled,initial,cross_camera,active,mamba,1698704,0,24,24,7506,33011,25505,0.0007860897841827834
pooled,initial,cross_camera,active,cnn_RGB_residual,1698704,3312,21821,18509,62873,184520,121647,0.011655308829860236
pooled,initial,cross_camera,active,cnn_NI_residual,1698704,6451,42136,35685,112107,287045,174938,0.01923465412881992
pooled,initial,cross_camera,active,cnn_TI_residual,1698704,5205,11280,6075,78975,130602,51627,0.004499031525868724
pooled,initial,cross_camera,active,transformer_RGB_residual,1698704,2208,26306,24098,39236,206823,167587,0.01564325687954936
pooled,initial,cross_camera,active,transformer_NI_residual,1698704,5058,44211,39153,77171,296016,218845,0.022770306519976972
pooled,initial,cross_camera,active,transformer_TI_residual,1698704,2719,9670,6951,51253,111391,60138,0.005167968299778895
pooled,initial,cross_camera,active,mamba_RGB_residual,1698704,3873,24083,20210,67426,194668,127242,0.012493776489774462
pooled,initial,cross_camera,active,mamba_NI_residual,1698704,7856,46203,38347,117411,305523,188112,0.020689911022075225
pooled,initial,cross_camera,active,mamba_TI_residual,1698704,4917,11172,6255,75538,128435,52897,0.004558445661231491
pooled,initial,cross_camera,active,pure_bank,1698704,0,290,290,1816,49473,47657,0.0019315994262933533
pooled,initial,cross_camera,active,pure_cnn,1698704,1,601,600,5398,56401,51003,0.002303217446028337
pooled,initial,cross_camera,active,pure_transformer,1698704,0,421,421,1108,63165,62057,0.0025931370650268478
pooled,initial,cross_camera,active,pure_mamba,1698704,3,564,561,5134,62159,57025,0.002532370151168192
pooled,initial,cross_camera,inactive,baseline_only,1702960,7,7,0,23716,23716,0,0.0
pooled,initial,cross_camera,inactive,fused,1702960,4,4,0,4721,4721,0,0.0
pooled,initial,cross_camera,inactive,cnn,1702960,4,4,0,7274,7274,0,0.0
pooled,initial,cross_camera,inactive,transformer,1702960,5,5,0,3151,3151,0,0.0
pooled,initial,cross_camera,inactive,mamba,1702960,3,3,0,7853,7853,0,0.0
pooled,initial,cross_camera,inactive,cnn_RGB_residual,1702960,3225,3225,0,59109,59109,0,0.0
pooled,initial,cross_camera,inactive,cnn_NI_residual,1702960,6005,6005,0,102937,102937,0,0.0
pooled,initial,cross_camera,inactive,cnn_TI_residual,1702960,5668,5668,0,79931,79931,0,0.0
pooled,initial,cross_camera,inactive,transformer_RGB_residual,1702960,1964,1964,0,37851,37851,0,0.0
pooled,initial,cross_camera,inactive,transformer_NI_residual,1702960,4526,4526,0,71369,71369,0,0.0
pooled,initial,cross_camera,inactive,transformer_TI_residual,1702960,3846,3846,0,54957,54957,0,0.0
pooled,initial,cross_camera,inactive,mamba_RGB_residual,1702960,3632,3632,0,65139,65139,0,0.0
pooled,initial,cross_camera,inactive,mamba_NI_residual,1702960,7399,7399,0,111504,111504,0,0.0
pooled,initial,cross_camera,inactive,mamba_TI_residual,1702960,5528,5528,0,75202,75202,0,0.0
pooled,initial,cross_camera,inactive,pure_bank,1702960,2,2,0,2064,2064,0,0.0
pooled,initial,cross_camera,inactive,pure_cnn,1702960,7,7,0,5172,5172,0,0.0
pooled,initial,cross_camera,inactive,pure_transformer,1702960,4,4,0,1514,1514,0,0.0
pooled,initial,cross_camera,inactive,pure_mamba,1702960,8,8,0,5417,5417,0,0.0
pooled,initial,cross_camera,all,baseline_only,3401664,7,7,0,48698,48698,0,0.0
pooled,initial,cross_camera,all,fused,3401664,4,16,12,9064,31011,21947,0.0003170842534836963
pooled,initial,cross_camera,all,cnn,3401664,4,20,16,14543,37758,23215,0.00036396656707860626
pooled,initial,cross_camera,all,transformer,3401664,5,19,14,5930,30608,24678,0.0003492231832261681
pooled,initial,cross_camera,all,mamba,3401664,3,27,24,15359,40864,25505,0.00039255313304030937
pooled,initial,cross_camera,all,cnn_RGB_residual,3401664,6537,25046,18509,121982,243629,121647,0.005820363131255439
pooled,initial,cross_camera,all,cnn_NI_residual,3401664,12456,48141,35685,215044,389982,174938,0.009605294322791117
pooled,initial,cross_camera,all,cnn_TI_residual,3401664,10873,16948,6075,158906,210533,51627,0.0022467012759400415
pooled,initial,cross_camera,all,transformer_RGB_residual,3401664,4172,28270,24098,77087,244674,167587,0.007811842390758764
pooled,initial,cross_camera,all,transformer_NI_residual,3401664,9584,48737,39153,148540,367385,218845,0.011370908698422586
pooled,initial,cross_camera,all,transformer_TI_residual,3401664,6565,13516,6951,106210,166348,60138,0.0025807511919776933
pooled,initial,cross_camera,all,mamba_RGB_residual,3401664,7505,27715,20210,132565,259807,127242,0.006239072435809603
pooled,initial,cross_camera,all,mamba_NI_residual,3401664,15255,53602,38347,228915,417027,188112,0.010332012395358057
pooled,initial,cross_camera,all,mamba_TI_residual,3401664,10445,16700,6255,150740,203637,52897,0.0022763711755530757
pooled,initial,cross_camera,all,pure_bank,3401664,2,292,290,3880,51537,47657,0.0009645913505396842
pooled,initial,cross_camera,all,pure_cnn,3401664,8,608,600,10570,61573,51003,0.0011501678850227772
pooled,initial,cross_camera,all,pure_transformer,3401664,4,425,421,2622,64679,62057,0.0012949463277117806
pooled,initial,cross_camera,all,pure_mamba,3401664,11,572,561,10551,67576,57025,0.0012646008851168171
pooled,control_final,identity,active,baseline_only,20547072,5,5,0,100957,100957,0,0.0
pooled,control_final,identity,active,fused,20547072,0,8,8,6257,80169,73912,0.00015289882287213255
pooled,control_final,identity,active,cnn,20547072,0,4,4,8515,81164,72649,0.00014858523944020582
pooled,control_final,identity,active,transformer,20547072,0,51,51,5328,115143,109815,0.00024692777707410426
pooled,control_final,identity,active,mamba,20547072,0,24,24,12954,101055,88101,0.00019641221498206465
pooled,control_final,identity,active,cnn_RGB_residual,20547072,13928,142826,128898,351361,1481615,1130254,0.0078981045063062
pooled,control_final,identity,active,cnn_NI_residual,20547072,21359,179657,158298,569414,1914908,1345494,0.009575622766205369
pooled,control_final,identity,active,cnn_TI_residual,20547072,15302,54873,39571,367809,827825,460016,0.0028880634176745904
pooled,control_final,identity,active,transformer_RGB_residual,20547072,14944,281324,266380,250052,1930946,1680894,0.013484429154653286
pooled,control_final,identity,active,transformer_NI_residual,20547072,27047,320842,293795,450763,2325874,1875111,0.01506275221877687
pooled,control_final,identity,active,transformer_TI_residual,20547072,16637,79243,62606,292106,880963,588857,0.003968495747745086
pooled,control_final,identity,active,mamba_RGB_residual,20547072,19034,176342,157308,388316,1564827,1176511,0.008745663260227852
pooled,control_final,identity,active,mamba_NI_residual,20547072,30222,237584,207362,630909,2082693,1451784,0.011156329057226454
pooled,control_final,identity,active,mamba_TI_residual,20547072,20272,75836,55564,402773,926366,523593,0.003522797666817023
pooled,control_final,identity,active,pure_bank,20547072,0,815,815,1109,220210,219101,0.0006443099964930046
pooled,control_final,identity,active,pure_cnn,20547072,0,782,782,3121,225873,222752,0.0006551385131531784
pooled,control_final,identity,active,pure_transformer,20547072,0,3149,3149,1544,386940,385396,0.001326772820479613
pooled,control_final,identity,active,pure_mamba,20547072,0,1644,1644,5369,278832,273463,0.0008710818362820731
pooled,control_final,identity,inactive,baseline_only,21600768,11,11,0,99519,99519,0,0.0
pooled,control_final,identity,inactive,fused,21600768,0,0,0,5963,5963,0,0.0
pooled,control_final,identity,inactive,cnn,21600768,0,0,0,9011,9011,0,0.0
pooled,control_final,identity,inactive,transformer,21600768,0,0,0,4376,4376,0,0.0
pooled,control_final,identity,inactive,mamba,21600768,2,2,0,13081,13081,0,0.0
pooled,control_final,identity,inactive,cnn_RGB_residual,21600768,15708,15708,0,381937,381937,0,0.0
pooled,control_final,identity,inactive,cnn_NI_residual,21600768,23618,23618,0,586798,586798,0,0.0
pooled,control_final,identity,inactive,cnn_TI_residual,21600768,14546,14546,0,371461,371461,0,0.0
pooled,control_final,identity,inactive,transformer_RGB_residual,21600768,16553,16553,0,271140,271140,0,0.0
pooled,control_final,identity,inactive,transformer_NI_residual,21600768,27437,27437,0,453588,453588,0,0.0
pooled,control_final,identity,inactive,transformer_TI_residual,21600768,14979,14979,0,291995,291995,0,0.0
pooled,control_final,identity,inactive,mamba_RGB_residual,21600768,21125,21125,0,419493,419493,0,0.0
pooled,control_final,identity,inactive,mamba_NI_residual,21600768,33113,33113,0,643896,643896,0,0.0
pooled,control_final,identity,inactive,mamba_TI_residual,21600768,19220,19220,0,401209,401209,0,0.0
pooled,control_final,identity,inactive,pure_bank,21600768,0,0,0,1152,1152,0,0.0
pooled,control_final,identity,inactive,pure_cnn,21600768,0,0,0,3685,3685,0,0.0
pooled,control_final,identity,inactive,pure_transformer,21600768,0,0,0,1174,1174,0,0.0
pooled,control_final,identity,inactive,pure_mamba,21600768,0,0,0,6059,6059,0,0.0
pooled,control_final,identity,all,baseline_only,42147840,16,16,0,200476,200476,0,0.0
pooled,control_final,identity,all,fused,42147840,0,8,8,12220,86132,73912,7.453817615016461e-05
pooled,control_final,identity,all,cnn,42147840,0,4,4,17526,90175,72649,7.243530422710035e-05
pooled,control_final,identity,all,transformer,42147840,0,51,51,9704,119519,109815,0.00012037729132362583
pooled,control_final,identity,all,mamba,42147840,2,26,24,26035,114136,88101,9.575095480375652e-05
pooled,control_final,identity,all,cnn_RGB_residual,42147840,29636,158534,128898,733298,1863552,1130254,0.003850325946824272
pooled,control_final,identity,all,cnn_NI_residual,42147840,44977,203275,158298,1156212,2501706,1345494,0.004668116098525117
pooled,control_final,identity,all,cnn_TI_residual,42147840,29848,69419,39571,739270,1199286,460016,0.0014079309161163628
pooled,control_final,identity,all,transformer_RGB_residual,42147840,31497,297877,266380,521192,2202086,1680894,0.006573659212893477
pooled,control_final,identity,all,transformer_NI_residual,42147840,54484,348279,293795,904351,2779462,1875111,0.0073430917066537255
pooled,control_final,identity,all,transformer_TI_residual,42147840,31616,94222,62606,584101,1172958,588857,0.0019346416770257293
pooled,control_final,identity,all,mamba_RGB_residual,42147840,40159,197467,157308,807809,1984320,1176511,0.004263510839361078
pooled,control_final,identity,all,mamba_NI_residual,42147840,63335,270697,207362,1274805,2726589,1451784,0.005438710415397897
pooled,control_final,identity,all,mamba_TI_residual,42147840,39492,95056,55564,803982,1327575,523593,0.0017173638625732988
pooled,control_final,identity,all,pure_bank,42147840,0,815,815,2261,221362,219101,0.0003141011232903397
pooled,control_final,identity,all,pure_cnn,42147840,0,782,782,6806,229558,222752,0.0003193800251621744
pooled,control_final,identity,all,pure_transformer,42147840,0,3149,3149,2718,388114,385396,0.0006468017499838113
pooled,control_final,identity,all,pure_mamba,42147840,0,1644,1644,11428,284891,273463,0.0004246523951875106
pooled,control_final,cross_camera,active,baseline_only,1698704,0,0,0,24982,24982,0,0.0
pooled,control_final,cross_camera,active,fused,1698704,0,1,1,1196,18415,17219,0.00046225353541451663
pooled,control_final,cross_camera,active,cnn,1698704,0,1,1,1813,19066,17253,0.00046013128319723613
pooled,control_final,cross_camera,active,transformer,1698704,0,5,5,933,22941,22008,0.0006415564867109975
pooled,control_final,cross_camera,active,mamba,1698704,0,6,6,2402,22763,20361,0.0005669097168689224
pooled,control_final,cross_camera,active,cnn_RGB_residual,1698704,1737,16454,14717,45253,164286,119033,0.010494866344575008
pooled,control_final,cross_camera,active,cnn_NI_residual,1698704,3054,31944,28890,80834,255925,175091,0.017459326284969497
pooled,control_final,cross_camera,active,cnn_TI_residual,1698704,2266,6808,4542,52634,99011,46377,0.003746369831411516
pooled,control_final,cross_camera,active,transformer_RGB_residual,1698704,1608,27662,26054,30680,190468,159788,0.015702497379243244
pooled,control_final,cross_camera,active,transformer_NI_residual,1698704,3626,46158,42532,62066,272913,210847,0.023109848161776213
pooled,control_final,cross_camera,active,transformer_TI_residual,1698704,1627,6610,4983,35228,83341,48113,0.003944496760398653
pooled,control_final,cross_camera,active,mamba_RGB_residual,1698704,2631,20234,17603,49097,165648,116551,0.011064733411132698
pooled,control_final,cross_camera,active,mamba_NI_residual,1698704,5070,40666,35596,91288,274702,183414,0.019630969613830058
pooled,control_final,cross_camera,active,mamba_TI_residual,1698704,2675,8314,5639,54955,106312,51357,0.0042745579353038335
pooled,control_final,cross_camera,active,pure_bank,1698704,0,218,218,210,36493,36283,0.0014217077783447957
pooled,control_final,cross_camera,active,pure_cnn,1698704,0,243,243,694,38476,37782,0.00146595282879312
pooled,control_final,cross_camera,active,pure_transformer,1698704,0,616,616,186,51709,51523,0.002297563130866347
pooled,control_final,cross_camera,active,pure_mamba,1698704,0,341,341,813,45998,45185,0.0018690196722146563
pooled,control_final,cross_camera,inactive,baseline_only,1702960,7,7,0,23716,23716,0,0.0
pooled,control_final,cross_camera,inactive,fused,1702960,0,0,0,1636,1636,0,0.0
pooled,control_final,cross_camera,inactive,cnn,1702960,0,0,0,2465,2465,0,0.0
pooled,control_final,cross_camera,inactive,transformer,1702960,0,0,0,1075,1075,0,0.0
pooled,control_final,cross_camera,inactive,mamba,1702960,2,2,0,3347,3347,0,0.0
pooled,control_final,cross_camera,inactive,cnn_RGB_residual,1702960,1754,1754,0,44429,44429,0,0.0
pooled,control_final,cross_camera,inactive,cnn_NI_residual,1702960,3136,3136,0,75990,75990,0,0.0
pooled,control_final,cross_camera,inactive,cnn_TI_residual,1702960,2795,2795,0,54317,54317,0,0.0
pooled,control_final,cross_camera,inactive,transformer_RGB_residual,1702960,1460,1460,0,29874,29874,0,0.0
pooled,control_final,cross_camera,inactive,transformer_NI_residual,1702960,3349,3349,0,56541,56541,0,0.0
pooled,control_final,cross_camera,inactive,transformer_TI_residual,1702960,2301,2301,0,39248,39248,0,0.0
pooled,control_final,cross_camera,inactive,mamba_RGB_residual,1702960,2293,2293,0,49874,49874,0,0.0
pooled,control_final,cross_camera,inactive,mamba_NI_residual,1702960,5064,5064,0,89663,89663,0,0.0
pooled,control_final,cross_camera,inactive,mamba_TI_residual,1702960,3563,3563,0,58069,58069,0,0.0
pooled,control_final,cross_camera,inactive,pure_bank,1702960,0,0,0,363,363,0,0.0
pooled,control_final,cross_camera,inactive,pure_cnn,1702960,0,0,0,899,899,0,0.0
pooled,control_final,cross_camera,inactive,pure_transformer,1702960,0,0,0,212,212,0,0.0
pooled,control_final,cross_camera,inactive,pure_mamba,1702960,0,0,0,1446,1446,0,0.0
pooled,control_final,cross_camera,all,baseline_only,3401664,7,7,0,48698,48698,0,0.0
pooled,control_final,cross_camera,all,fused,3401664,0,1,1,2832,20051,17219,0.00023083759290240926
pooled,control_final,cross_camera,all,cnn,3401664,0,1,1,4278,21531,17253,0.00022977779442422233
pooled,control_final,cross_camera,all,transformer,3401664,0,5,5,2008,24016,22008,0.0003203769008937739
pooled,control_final,cross_camera,all,mamba,3401664,2,8,6,5749,26110,20361,0.00028310021321450497
pooled,control_final,cross_camera,all,cnn_RGB_residual,3401664,3491,18208,14717,89682,208715,119033,0.0052408678337998536
pooled,control_final,cross_camera,all,cnn_NI_residual,3401664,6190,35080,28890,156824,331915,175091,0.008718741003691965
pooled,control_final,cross_camera,all,cnn_TI_residual,3401664,5061,9603,4542,106951,153328,46377,0.0018708412759455568
pooled,control_final,cross_camera,all,transformer_RGB_residual,3401664,3068,29122,26054,60554,220342,159788,0.007841425581159696
pooled,control_final,cross_camera,all,transformer_NI_residual,3401664,6975,49507,42532,118607,329454,210847,0.01154046711015606
pooled,control_final,cross_camera,all,transformer_TI_residual,3401664,3928,8911,4983,74476,122589,48113,0.001969780796950032
pooled,control_final,cross_camera,all,mamba_RGB_residual,3401664,4924,22527,17603,98971,215522,116551,0.005525444871811196
pooled,control_final,cross_camera,all,mamba_NI_residual,3401664,10134,45730,35596,180951,364365,183414,0.009803204139765589
pooled,control_final,cross_camera,all,mamba_TI_residual,3401664,6238,11877,5639,113024,164381,51357,0.0021346049059908214
pooled,control_final,cross_camera,all,pure_bank,3401664,0,218,218,573,36856,36283,0.0007099645026391255
pooled,control_final,cross_camera,all,pure_cnn,3401664,0,243,243,1593,39375,37782,0.0007320593492132638
pooled,control_final,cross_camera,all,pure_transformer,3401664,0,616,616,398,51921,51523,0.0011473442646467104
pooled,control_final,cross_camera,all,pure_mamba,3401664,0,341,341,2259,47444,45185,0.0009333406219043755
pooled,style_final,identity,active,baseline_only,20547072,5,5,0,100957,100957,0,0.0
pooled,style_final,identity,active,fused,20547072,0,1,1,7967,17767,9800,1.6467879121078292e-05
pooled,style_final,identity,active,cnn,20547072,0,1,1,11372,22060,10688,1.813871634749528e-05
pooled,style_final,identity,active,transformer,20547072,0,2,2,5920,15698,9778,1.7428479808798294e-05
pooled,style_final,identity,active,mamba,20547072,1,6,5,15303,31215,15912,2.9522921474294715e-05
pooled,style_final,identity,active,cnn_RGB_residual,20547072,15834,40284,24450,371023,748104,377081,0.002154821671471485
pooled,style_final,identity,active,cnn_NI_residual,20547072,25080,58779,33699,586152,1098745,512593,0.002982092249966633
pooled,style_final,identity,active,cnn_TI_residual,20547072,16428,27899,11471,351497,536649,185152,0.0010553300088618094
pooled,style_final,identity,active,transformer_RGB_residual,20547072,16378,49260,32882,266279,674432,408153,0.002474512472078923
pooled,style_final,identity,active,transformer_NI_residual,20547072,27583,74418,46835,460256,1034925,574669,0.0035405285422276432
pooled,style_final,identity,active,transformer_TI_residual,20547072,14948,28773,13825,250381,435445,185064,0.0010915628492893037
pooled,style_final,identity,active,mamba_RGB_residual,20547072,19715,48795,29080,377503,756695,379192,0.0022963925614494837
pooled,style_final,identity,active,mamba_NI_residual,20547072,29622,70933,41311,607939,1137001,529062,0.0032532457517925268
pooled,style_final,identity,active,mamba_TI_residual,20547072,20247,35912,15665,367703,571942,204239,0.001221358473248779
pooled,style_final,identity,active,pure_bank,20547072,0,8,8,2119,15642,13523,2.789946763359871e-05
pooled,style_final,identity,active,pure_cnn,20547072,0,21,21,5220,26462,21242,4.481003741674606e-05
pooled,style_final,identity,active,pure_transformer,20547072,0,14,14,1902,18164,16262,3.5018748706492457e-05
pooled,style_final,identity,active,pure_mamba,20547072,3,40,37,7965,38993,31028,7.30556406769186e-05
pooled,style_final,identity,inactive,baseline_only,21600768,11,11,0,99519,99519,0,0.0
pooled,style_final,identity,inactive,fused,21600768,0,0,0,7295,7295,0,0.0
pooled,style_final,identity,inactive,cnn,21600768,0,0,0,11098,11098,0,0.0
pooled,style_final,identity,inactive,transformer,21600768,0,0,0,4972,4972,0,0.0
pooled,style_final,identity,inactive,mamba,21600768,1,1,0,14608,14608,0,0.0
pooled,style_final,identity,inactive,cnn_RGB_residual,21600768,19155,19155,0,410794,410794,0,0.0
pooled,style_final,identity,inactive,cnn_NI_residual,21600768,27600,27600,0,628556,628556,0,0.0
pooled,style_final,identity,inactive,cnn_TI_residual,21600768,15577,15577,0,363936,363936,0,0.0
pooled,style_final,identity,inactive,transformer_RGB_residual,21600768,17642,17642,0,285218,285218,0,0.0
pooled,style_final,identity,inactive,transformer_NI_residual,21600768,30072,30072,0,483166,483166,0,0.0
pooled,style_final,identity,inactive,transformer_TI_residual,21600768,13137,13137,0,259702,259702,0,0.0
pooled,style_final,identity,inactive,mamba_RGB_residual,21600768,23050,23050,0,416433,416433,0,0.0
pooled,style_final,identity,inactive,mamba_NI_residual,21600768,32476,32476,0,635815,635815,0,0.0
pooled,style_final,identity,inactive,mamba_TI_residual,21600768,18575,18575,0,368794,368794,0,0.0
pooled,style_final,identity,inactive,pure_bank,21600768,0,0,0,1584,1584,0,0.0
pooled,style_final,identity,inactive,pure_cnn,21600768,0,0,0,4908,4908,0,0.0
pooled,style_final,identity,inactive,pure_transformer,21600768,0,0,0,1337,1337,0,0.0
pooled,style_final,identity,inactive,pure_mamba,21600768,3,3,0,7394,7394,0,0.0
pooled,style_final,identity,all,baseline_only,42147840,16,16,0,200476,200476,0,0.0
pooled,style_final,identity,all,fused,42147840,0,1,1,15262,25062,9800,8.028091071525667e-06
pooled,style_final,identity,all,cnn,42147840,0,1,1,22470,33158,10688,8.842624219403947e-06
pooled,style_final,identity,all,transformer,42147840,0,2,2,10892,20670,9778,8.496383906789169e-06
pooled,style_final,identity,all,mamba,42147840,2,7,5,29911,45823,15912,1.4392424218718678e-05
pooled,style_final,identity,all,cnn_RGB_residual,42147840,34989,59439,24450,781817,1158898,377081,0.0010504755648423495
pooled,style_final,identity,all,cnn_NI_residual,42147840,52680,86379,33699,1214708,1727301,512593,0.0014537699718587336
pooled,style_final,identity,all,cnn_TI_residual,42147840,32005,43476,11471,715433,900585,185152,0.0005144733793201325
pooled,style_final,identity,all,transformer_RGB_residual,42147840,34020,66902,32882,551497,959650,408153,0.001206324830138475
pooled,style_final,identity,all,transformer_NI_residual,42147840,57655,104490,46835,943422,1518091,574669,0.0017260076643359757
pooled,style_final,identity,all,transformer_TI_residual,42147840,28085,41910,13825,510083,695147,185064,0.0005321368890285358
pooled,style_final,identity,all,mamba_RGB_residual,42147840,42765,71845,29080,793936,1173128,379192,0.0011194913737066236
pooled,style_final,identity,all,mamba_NI_residual,42147840,62098,103409,41311,1243754,1772816,529062,0.0015859573039988574
pooled,style_final,identity,all,mamba_TI_residual,42147840,38822,54487,15665,736497,940736,204239,0.0005954122557087797
pooled,style_final,identity,all,pure_bank,42147840,0,8,8,3703,17226,13523,1.3600990471379368e-05
pooled,style_final,identity,all,pure_cnn,42147840,0,21,21,10128,31370,21242,2.1844893240663706e-05
pooled,style_final,identity,all,pure_transformer,42147840,0,14,14,3239,19501,16262,1.7071639994415072e-05
pooled,style_final,identity,all,pure_mamba,42147840,6,43,37,15359,46387,31028,3.561462482999782e-05
pooled,style_final,cross_camera,active,baseline_only,1698704,0,0,0,24982,24982,0,0.0
pooled,style_final,cross_camera,active,fused,1698704,0,0,0,1443,3454,2011,3.4772219209753246e-05
pooled,style_final,cross_camera,active,cnn,1698704,0,0,0,2261,4289,2028,3.7027670941151e-05
pooled,style_final,cross_camera,active,transformer,1698704,0,0,0,997,3131,2134,4.178551192529432e-05
pooled,style_final,cross_camera,active,mamba,1698704,0,0,0,2857,6208,3351,6.658500470020465e-05
pooled,style_final,cross_camera,active,cnn_RGB_residual,1698704,1772,4830,3058,49168,91918,42750,0.003104455970472657
pooled,style_final,cross_camera,active,cnn_NI_residual,1698704,3638,10458,6820,85666,154353,68687,0.005537290211122434
pooled,style_final,cross_camera,active,cnn_TI_residual,1698704,2668,3551,883,50097,66715,16618,0.001172760848089064
pooled,style_final,cross_camera,active,transformer_RGB_residual,1698704,1943,6639,4696,34740,84245,49505,0.003864848068441774
pooled,style_final,cross_camera,active,transformer_NI_residual,1698704,4362,12459,8097,64117,136865,72748,0.006096316337108466
pooled,style_final,cross_camera,active,transformer_TI_residual,1698704,1457,2702,1245,30757,45825,15068,0.0011101249730941
pooled,style_final,cross_camera,active,mamba_RGB_residual,1698704,2572,6214,3642,50247,91832,41585,0.00320808389579056
pooled,style_final,cross_camera,active,mamba_NI_residual,1698704,4457,12672,8215,88958,163948,74990,0.006251281205235617
pooled,style_final,cross_camera,active,mamba_TI_residual,1698704,2757,4268,1511,48086,67044,18958,0.0014140816728163998
pooled,style_final,cross_camera,active,pure_bank,1698704,0,0,0,330,2626,2296,5.366519699992234e-05
pooled,style_final,cross_camera,active,pure_cnn,1698704,0,1,1,999,4229,3230,7.942442549494615e-05
pooled,style_final,cross_camera,active,pure_transformer,1698704,0,3,3,201,3279,3078,8.386830406616612e-05
pooled,style_final,cross_camera,active,pure_mamba,1698704,0,3,3,1204,6560,5356,0.00013990145241776121
pooled,style_final,cross_camera,inactive,baseline_only,1702960,7,7,0,23716,23716,0,0.0
pooled,style_final,cross_camera,inactive,fused,1702960,0,0,0,1819,1819,0,0.0
pooled,style_final,cross_camera,inactive,cnn,1702960,0,0,0,2676,2676,0,0.0
pooled,style_final,cross_camera,inactive,transformer,1702960,0,0,0,1241,1241,0,0.0
pooled,style_final,cross_camera,inactive,mamba,1702960,1,1,0,3503,3503,0,0.0
pooled,style_final,cross_camera,inactive,cnn_RGB_residual,1702960,2150,2150,0,51181,51181,0,0.0
pooled,style_final,cross_camera,inactive,cnn_NI_residual,1702960,3921,3921,0,83677,83677,0,0.0
pooled,style_final,cross_camera,inactive,cnn_TI_residual,1702960,2962,2962,0,53247,53247,0,0.0
pooled,style_final,cross_camera,inactive,transformer_RGB_residual,1702960,1959,1959,0,34023,34023,0,0.0
pooled,style_final,cross_camera,inactive,transformer_NI_residual,1702960,3965,3965,0,63725,63725,0,0.0
pooled,style_final,cross_camera,inactive,transformer_TI_residual,1702960,1978,1978,0,35993,35993,0,0.0
pooled,style_final,cross_camera,inactive,mamba_RGB_residual,1702960,2774,2774,0,52448,52448,0,0.0
pooled,style_final,cross_camera,inactive,mamba_NI_residual,1702960,4657,4657,0,87787,87787,0,0.0
pooled,style_final,cross_camera,inactive,mamba_TI_residual,1702960,3269,3269,0,50974,50974,0,0.0
pooled,style_final,cross_camera,inactive,pure_bank,1702960,0,0,0,450,450,0,0.0
pooled,style_final,cross_camera,inactive,pure_cnn,1702960,0,0,0,1043,1043,0,0.0
pooled,style_final,cross_camera,inactive,pure_transformer,1702960,0,0,0,380,380,0,0.0
pooled,style_final,cross_camera,inactive,pure_mamba,1702960,0,0,0,1560,1560,0,0.0
pooled,style_final,cross_camera,all,baseline_only,3401664,7,7,0,48698,48698,0,0.0
pooled,style_final,cross_camera,all,fused,3401664,0,0,0,3262,5273,2011,1.73643569325144e-05
pooled,style_final,cross_camera,all,cnn,3401664,0,0,0,4937,6965,2028,1.8490671841315593e-05
pooled,style_final,cross_camera,all,transformer,3401664,0,0,0,2238,4372,2134,2.086661594135845e-05
pooled,style_final,cross_camera,all,mamba,3401664,1,1,0,6360,9711,3351,3.325084835664441e-05
pooled,style_final,cross_camera,all,cnn_RGB_residual,3401664,3922,6980,3058,100349,143099,42750,0.0015502859115026598
pooled,style_final,cross_camera,all,cnn_NI_residual,3401664,7559,14379,6820,169343,238030,68687,0.0027651811086558
pooled,style_final,cross_camera,all,cnn_TI_residual,3401664,5630,6513,883,103344,119962,16618,0.000585646772783051
pooled,style_final,cross_camera,all,transformer_RGB_residual,3401664,3902,8598,4696,68763,118268,49505,0.0019300062772967335
pooled,style_final,cross_camera,all,transformer_NI_residual,3401664,8327,16424,8097,127842,200590,72748,0.0030443444582155975
pooled,style_final,cross_camera,all,transformer_TI_residual,3401664,3435,4680,1245,66750,81818,15068,0.0005543680187975179
pooled,style_final,cross_camera,all,mamba_RGB_residual,3401664,5346,8988,3642,102695,144280,41585,0.0016020350469990593
pooled,style_final,cross_camera,all,mamba_NI_residual,3401664,9114,17329,8215,176745,251735,74990,0.0031217299499476025
pooled,style_final,cross_camera,all,mamba_TI_residual,3401664,6026,7537,1511,99060,118018,18958,0.0007061562205849572
pooled,style_final,cross_camera,all,pure_bank,3401664,0,0,0,780,3076,2296,2.6799026830561775e-05
pooled,style_final,cross_camera,all,pure_cnn,3401664,0,1,1,2042,5272,3230,3.966252671809062e-05
pooled,style_final,cross_camera,all,pure_transformer,3401664,0,3,3,581,3659,3078,4.1881686019081434e-05
pooled,style_final,cross_camera,all,pure_mamba,3401664,0,3,3,2764,8120,5356,6.986320719149824e-05
