fold,state,view,protocol,plan_stratum,slot,slot_nonpositive,same_role_positive_and_fused_positive,bank_positive_and_fused_positive,role_nonpositive_bank_positive_fused_positive,bank_nonpositive_fused_positive,fused_nonpositive,sign_0000,sign_0001,sign_0010,sign_0011,sign_0100,sign_0101,sign_0110,sign_0111,sign_1000,sign_1001,sign_1010,sign_1011,sign_1100,sign_1101,sign_1110,sign_1111
0,initial,original,identity,inactive,cnn_RGB_residual,9086,9086,9086,0,0,0,9086,0,0,0,0,0,0,0,0,0,0,0,0,0,0,0
0,initial,original,identity,inactive,cnn_NI_residual,17442,17442,17442,0,0,0,17442,0,0,0,0,0,0,0,0,0,0,0,0,0,0,0
0,initial,original,identity,inactive,cnn_TI_residual,9931,9931,9931,0,0,0,9931,0,0,0,0,0,0,0,0,0,0,0,0,0,0,0
0,initial,original,identity,inactive,transformer_RGB_residual,5019,5019,5019,0,0,0,5019,0,0,0,0,0,0,0,0,0,0,0,0,0,0,0
0,initial,original,identity,inactive,transformer_NI_residual,11221,11221,11221,0,0,0,11221,0,0,0,0,0,0,0,0,0,0,0,0,0,0,0
0,initial,original,identity,inactive,transformer_TI_residual,7594,7594,7594,0,0,0,7594,0,0,0,0,0,0,0,0,0,0,0,0,0,0,0
0,initial,original,identity,inactive,mamba_RGB_residual,9669,9664,9669,5,0,0,9664,0,5,0,0,0,0,0,0,0,0,0,0,0,0,0
0,initial,original,identity,inactive,mamba_NI_residual,18947,18943,18947,4,0,0,18943,0,4,0,0,0,0,0,0,0,0,0,0,0,0,0
0,initial,original,identity,inactive,mamba_TI_residual,11142,11141,11142,1,0,0,11141,0,1,0,0,0,0,0,0,0,0,0,0,0,0,0
0,initial,original,cross_camera,inactive,cnn_RGB_residual,1304,1304,1304,0,0,0,1304,0,0,0,0,0,0,0,0,0,0,0,0,0,0,0
0,initial,original,cross_camera,inactive,cnn_NI_residual,2837,2837,2837,0,0,0,2837,0,0,0,0,0,0,0,0,0,0,0,0,0,0,0
0,initial,original,cross_camera,inactive,cnn_TI_residual,1928,1928,1928,0,0,0,1928,0,0,0,0,0,0,0,0,0,0,0,0,0,0,0
0,initial,original,cross_camera,inactive,transformer_RGB_residual,749,749,749,0,0,0,749,0,0,0,0,0,0,0,0,0,0,0,0,0,0,0
0,initial,original,cross_camera,inactive,transformer_NI_residual,1853,1853,1853,0,0,0,1853,0,0,0,0,0,0,0,0,0,0,0,0,0,0,0
0,initial,original,cross_camera,inactive,transformer_TI_residual,920,920,920,0,0,0,920,0,0,0,0,0,0,0,0,0,0,0,0,0,0,0
0,initial,original,cross_camera,inactive,mamba_RGB_residual,1504,1499,1504,5,0,0,1499,0,5,0,0,0,0,0,0,0,0,0,0,0,0,0
0,initial,original,cross_camera,inactive,mamba_NI_residual,3273,3269,3273,4,0,0,3269,0,4,0,0,0,0,0,0,0,0,0,0,0,0,0
0,initial,original,cross_camera,inactive,mamba_TI_residual,1916,1915,1916,1,0,0,1915,0,1,0,0,0,0,0,0,0,0,0,0,0,0,0
0,initial,registered_style,identity,inactive,cnn_RGB_residual,9086,9086,9086,0,0,0,9086,0,0,0,0,0,0,0,0,0,0,0,0,0,0,0
0,initial,registered_style,identity,inactive,cnn_NI_residual,17442,17442,17442,0,0,0,17442,0,0,0,0,0,0,0,0,0,0,0,0,0,0,0
0,initial,registered_style,identity,inactive,cnn_TI_residual,9931,9931,9931,0,0,0,9931,0,0,0,0,0,0,0,0,0,0,0,0,0,0,0
0,initial,registered_style,identity,inactive,transformer_RGB_residual,5019,5019,5019,0,0,0,5019,0,0,0,0,0,0,0,0,0,0,0,0,0,0,0
0,initial,registered_style,identity,inactive,transformer_NI_residual,11221,11221,11221,0,0,0,11221,0,0,0,0,0,0,0,0,0,0,0,0,0,0,0
0,initial,registered_style,identity,inactive,transformer_TI_residual,7594,7594,7594,0,0,0,7594,0,0,0,0,0,0,0,0,0,0,0,0,0,0,0
0,initial,registered_style,identity,inactive,mamba_RGB_residual,9669,9664,9669,5,0,0,9664,0,5,0,0,0,0,0,0,0,0,0,0,0,0,0
0,initial,registered_style,identity,inactive,mamba_NI_residual,18947,18943,18947,4,0,0,18943,0,4,0,0,0,0,0,0,0,0,0,0,0,0,0
0,initial,registered_style,identity,inactive,mamba_TI_residual,11142,11141,11142,1,0,0,11141,0,1,0,0,0,0,0,0,0,0,0,0,0,0,0
0,initial,registered_style,cross_camera,inactive,cnn_RGB_residual,1304,1304,1304,0,0,0,1304,0,0,0,0,0,0,0,0,0,0,0,0,0,0,0
0,initial,registered_style,cross_camera,inactive,cnn_NI_residual,2837,2837,2837,0,0,0,2837,0,0,0,0,0,0,0,0,0,0,0,0,0,0,0
0,initial,registered_style,cross_camera,inactive,cnn_TI_residual,1928,1928,1928,0,0,0,1928,0,0,0,0,0,0,0,0,0,0,0,0,0,0,0
0,initial,registered_style,cross_camera,inactive,transformer_RGB_residual,749,749,749,0,0,0,749,0,0,0,0,0,0,0,0,0,0,0,0,0,0,0
0,initial,registered_style,cross_camera,inactive,transformer_NI_residual,1853,1853,1853,0,0,0,1853,0,0,0,0,0,0,0,0,0,0,0,0,0,0,0
0,initial,registered_style,cross_camera,inactive,transformer_TI_residual,920,920,920,0,0,0,920,0,0,0,0,0,0,0,0,0,0,0,0,0,0,0
0,initial,registered_style,cross_camera,inactive,mamba_RGB_residual,1504,1499,1504,5,0,0,1499,0,5,0,0,0,0,0,0,0,0,0,0,0,0,0
0,initial,registered_style,cross_camera,inactive,mamba_NI_residual,3273,3269,3273,4,0,0,3269,0,4,0,0,0,0,0,0,0,0,0,0,0,0,0
0,initial,registered_style,cross_camera,inactive,mamba_TI_residual,1916,1915,1916,1,0,0,1915,0,1,0,0,0,0,0,0,0,0,0,0,0,0,0
0,control_final,original,identity,inactive,cnn_RGB_residual,4103,4103,4103,0,0,0,4103,0,0,0,0,0,0,0,0,0,0,0,0,0,0,0
0,control_final,original,identity,inactive,cnn_NI_residual,8301,8301,8301,0,0,0,8301,0,0,0,0,0,0,0,0,0,0,0,0,0,0,0
0,control_final,original,identity,inactive,cnn_TI_residual,4641,4641,4641,0,0,0,4641,0,0,0,0,0,0,0,0,0,0,0,0,0,0,0
0,control_final,original,identity,inactive,transformer_RGB_residual,4722,4722,4722,0,0,0,4722,0,0,0,0,0,0,0,0,0,0,0,0,0,0,0
0,control_final,original,identity,inactive,transformer_NI_residual,9398,9398,9398,0,0,0,9398,0,0,0,0,0,0,0,0,0,0,0,0,0,0,0
0,control_final,original,identity,inactive,transformer_TI_residual,5328,5328,5328,0,0,0,5328,0,0,0,0,0,0,0,0,0,0,0,0,0,0,0
0,control_final,original,identity,inactive,mamba_RGB_residual,6030,6030,6030,0,0,0,6030,0,0,0,0,0,0,0,0,0,0,0,0,0,0,0
0,control_final,original,identity,inactive,mamba_NI_residual,11274,11274,11274,0,0,0,11274,0,0,0,0,0,0,0,0,0,0,0,0,0,0,0
0,control_final,original,identity,inactive,mamba_TI_residual,6968,6968,6968,0,0,0,6968,0,0,0,0,0,0,0,0,0,0,0,0,0,0,0
0,control_final,original,cross_camera,inactive,cnn_RGB_residual,671,671,671,0,0,0,671,0,0,0,0,0,0,0,0,0,0,0,0,0,0,0
0,control_final,original,cross_camera,inactive,cnn_NI_residual,1318,1318,1318,0,0,0,1318,0,0,0,0,0,0,0,0,0,0,0,0,0,0,0
0,control_final,original,cross_camera,inactive,cnn_TI_residual,932,932,932,0,0,0,932,0,0,0,0,0,0,0,0,0,0,0,0,0,0,0
0,control_final,original,cross_camera,inactive,transformer_RGB_residual,614,614,614,0,0,0,614,0,0,0,0,0,0,0,0,0,0,0,0,0,0,0
0,control_final,original,cross_camera,inactive,transformer_NI_residual,1520,1520,1520,0,0,0,1520,0,0,0,0,0,0,0,0,0,0,0,0,0,0,0
0,control_final,original,cross_camera,inactive,transformer_TI_residual,545,545,545,0,0,0,545,0,0,0,0,0,0,0,0,0,0,0,0,0,0,0
0,control_final,original,cross_camera,inactive,mamba_RGB_residual,834,834,834,0,0,0,834,0,0,0,0,0,0,0,0,0,0,0,0,0,0,0
0,control_final,original,cross_camera,inactive,mamba_NI_residual,2191,2191,2191,0,0,0,2191,0,0,0,0,0,0,0,0,0,0,0,0,0,0,0
0,control_final,original,cross_camera,inactive,mamba_TI_residual,1200,1200,1200,0,0,0,1200,0,0,0,0,0,0,0,0,0,0,0,0,0,0,0
0,control_final,registered_style,identity,inactive,cnn_RGB_residual,4103,4103,4103,0,0,0,4103,0,0,0,0,0,0,0,0,0,0,0,0,0,0,0
0,control_final,registered_style,identity,inactive,cnn_NI_residual,8301,8301,8301,0,0,0,8301,0,0,0,0,0,0,0,0,0,0,0,0,0,0,0
0,control_final,registered_style,identity,inactive,cnn_TI_residual,4641,4641,4641,0,0,0,4641,0,0,0,0,0,0,0,0,0,0,0,0,0,0,0
0,control_final,registered_style,identity,inactive,transformer_RGB_residual,4722,4722,4722,0,0,0,4722,0,0,0,0,0,0,0,0,0,0,0,0,0,0,0
0,control_final,registered_style,identity,inactive,transformer_NI_residual,9398,9398,9398,0,0,0,9398,0,0,0,0,0,0,0,0,0,0,0,0,0,0,0
0,control_final,registered_style,identity,inactive,transformer_TI_residual,5328,5328,5328,0,0,0,5328,0,0,0,0,0,0,0,0,0,0,0,0,0,0,0
0,control_final,registered_style,identity,inactive,mamba_RGB_residual,6030,6030,6030,0,0,0,6030,0,0,0,0,0,0,0,0,0,0,0,0,0,0,0
0,control_final,registered_style,identity,inactive,mamba_NI_residual,11274,11274,11274,0,0,0,11274,0,0,0,0,0,0,0,0,0,0,0,0,0,0,0
0,control_final,registered_style,identity,inactive,mamba_TI_residual,6968,6968,6968,0,0,0,6968,0,0,0,0,0,0,0,0,0,0,0,0,0,0,0
0,control_final,registered_style,cross_camera,inactive,cnn_RGB_residual,671,671,671,0,0,0,671,0,0,0,0,0,0,0,0,0,0,0,0,0,0,0
0,control_final,registered_style,cross_camera,inactive,cnn_NI_residual,1318,1318,1318,0,0,0,1318,0,0,0,0,0,0,0,0,0,0,0,0,0,0,0
0,control_final,registered_style,cross_camera,inactive,cnn_TI_residual,932,932,932,0,0,0,932,0,0,0,0,0,0,0,0,0,0,0,0,0,0,0
0,control_final,registered_style,cross_camera,inactive,transformer_RGB_residual,614,614,614,0,0,0,614,0,0,0,0,0,0,0,0,0,0,0,0,0,0,0
0,control_final,registered_style,cross_camera,inactive,transformer_NI_residual,1520,1520,1520,0,0,0,1520,0,0,0,0,0,0,0,0,0,0,0,0,0,0,0
0,control_final,registered_style,cross_camera,inactive,transformer_TI_residual,545,545,545,0,0,0,545,0,0,0,0,0,0,0,0,0,0,0,0,0,0,0
0,control_final,registered_style,cross_camera,inactive,mamba_RGB_residual,834,834,834,0,0,0,834,0,0,0,0,0,0,0,0,0,0,0,0,0,0,0
0,control_final,registered_style,cross_camera,inactive,mamba_NI_residual,2191,2191,2191,0,0,0,2191,0,0,0,0,0,0,0,0,0,0,0,0,0,0,0
0,control_final,registered_style,cross_camera,inactive,mamba_TI_residual,1200,1200,1200,0,0,0,1200,0,0,0,0,0,0,0,0,0,0,0,0,0,0,0
0,style_final,original,identity,inactive,cnn_RGB_residual,4795,4795,4795,0,0,0,4795,0,0,0,0,0,0,0,0,0,0,0,0,0,0,0
0,style_final,original,identity,inactive,cnn_NI_residual,8928,8928,8928,0,0,0,8928,0,0,0,0,0,0,0,0,0,0,0,0,0,0,0
0,style_final,original,identity,inactive,cnn_TI_residual,5150,5150,5150,0,0,0,5150,0,0,0,0,0,0,0,0,0,0,0,0,0,0,0
0,style_final,original,identity,inactive,transformer_RGB_residual,4728,4728,4728,0,0,0,4728,0,0,0,0,0,0,0,0,0,0,0,0,0,0,0
0,style_final,original,identity,inactive,transformer_NI_residual,10255,10255,10255,0,0,0,10255,0,0,0,0,0,0,0,0,0,0,0,0,0,0,0
0,style_final,original,identity,inactive,transformer_TI_residual,5372,5372,5372,0,0,0,5372,0,0,0,0,0,0,0,0,0,0,0,0,0,0,0
0,style_final,original,identity,inactive,mamba_RGB_residual,6515,6515,6515,0,0,0,6515,0,0,0,0,0,0,0,0,0,0,0,0,0,0,0
0,style_final,original,identity,inactive,mamba_NI_residual,9642,9642,9642,0,0,0,9642,0,0,0,0,0,0,0,0,0,0,0,0,0,0,0
0,style_final,original,identity,inactive,mamba_TI_residual,6896,6896,6896,0,0,0,6896,0,0,0,0,0,0,0,0,0,0,0,0,0,0,0
0,style_final,original,cross_camera,inactive,cnn_RGB_residual,690,690,690,0,0,0,690,0,0,0,0,0,0,0,0,0,0,0,0,0,0,0
0,style_final,original,cross_camera,inactive,cnn_NI_residual,1416,1416,1416,0,0,0,1416,0,0,0,0,0,0,0,0,0,0,0,0,0,0,0
0,style_final,original,cross_camera,inactive,cnn_TI_residual,1158,1158,1158,0,0,0,1158,0,0,0,0,0,0,0,0,0,0,0,0,0,0,0
0,style_final,original,cross_camera,inactive,transformer_RGB_residual,816,816,816,0,0,0,816,0,0,0,0,0,0,0,0,0,0,0,0,0,0,0
0,style_final,original,cross_camera,inactive,transformer_NI_residual,1800,1800,1800,0,0,0,1800,0,0,0,0,0,0,0,0,0,0,0,0,0,0,0
0,style_final,original,cross_camera,inactive,transformer_TI_residual,576,576,576,0,0,0,576,0,0,0,0,0,0,0,0,0,0,0,0,0,0,0
0,style_final,original,cross_camera,inactive,mamba_RGB_residual,1066,1066,1066,0,0,0,1066,0,0,0,0,0,0,0,0,0,0,0,0,0,0,0
0,style_final,original,cross_camera,inactive,mamba_NI_residual,1804,1804,1804,0,0,0,1804,0,0,0,0,0,0,0,0,0,0,0,0,0,0,0
0,style_final,original,cross_camera,inactive,mamba_TI_residual,1238,1238,1238,0,0,0,1238,0,0,0,0,0,0,0,0,0,0,0,0,0,0,0
0,style_final,registered_style,identity,inactive,cnn_RGB_residual,4795,4795,4795,0,0,0,4795,0,0,0,0,0,0,0,0,0,0,0,0,0,0,0
0,style_final,registered_style,identity,inactive,cnn_NI_residual,8928,8928,8928,0,0,0,8928,0,0,0,0,0,0,0,0,0,0,0,0,0,0,0
0,style_final,registered_style,identity,inactive,cnn_TI_residual,5150,5150,5150,0,0,0,5150,0,0,0,0,0,0,0,0,0,0,0,0,0,0,0
0,style_final,registered_style,identity,inactive,transformer_RGB_residual,4728,4728,4728,0,0,0,4728,0,0,0,0,0,0,0,0,0,0,0,0,0,0,0
0,style_final,registered_style,identity,inactive,transformer_NI_residual,10255,10255,10255,0,0,0,10255,0,0,0,0,0,0,0,0,0,0,0,0,0,0,0
0,style_final,registered_style,identity,inactive,transformer_TI_residual,5372,5372,5372,0,0,0,5372,0,0,0,0,0,0,0,0,0,0,0,0,0,0,0
0,style_final,registered_style,identity,inactive,mamba_RGB_residual,6515,6515,6515,0,0,0,6515,0,0,0,0,0,0,0,0,0,0,0,0,0,0,0
0,style_final,registered_style,identity,inactive,mamba_NI_residual,9642,9642,9642,0,0,0,9642,0,0,0,0,0,0,0,0,0,0,0,0,0,0,0
0,style_final,registered_style,identity,inactive,mamba_TI_residual,6896,6896,6896,0,0,0,6896,0,0,0,0,0,0,0,0,0,0,0,0,0,0,0
0,style_final,registered_style,cross_camera,inactive,cnn_RGB_residual,690,690,690,0,0,0,690,0,0,0,0,0,0,0,0,0,0,0,0,0,0,0
0,style_final,registered_style,cross_camera,inactive,cnn_NI_residual,1416,1416,1416,0,0,0,1416,0,0,0,0,0,0,0,0,0,0,0,0,0,0,0
0,style_final,registered_style,cross_camera,inactive,cnn_TI_residual,1158,1158,1158,0,0,0,1158,0,0,0,0,0,0,0,0,0,0,0,0,0,0,0
0,style_final,registered_style,cross_camera,inactive,transformer_RGB_residual,816,816,816,0,0,0,816,0,0,0,0,0,0,0,0,0,0,0,0,0,0,0
0,style_final,registered_style,cross_camera,inactive,transformer_NI_residual,1800,1800,1800,0,0,0,1800,0,0,0,0,0,0,0,0,0,0,0,0,0,0,0
0,style_final,registered_style,cross_camera,inactive,transformer_TI_residual,576,576,576,0,0,0,576,0,0,0,0,0,0,0,0,0,0,0,0,0,0,0
0,style_final,registered_style,cross_camera,inactive,mamba_RGB_residual,1066,1066,1066,0,0,0,1066,0,0,0,0,0,0,0,0,0,0,0,0,0,0,0
0,style_final,registered_style,cross_camera,inactive,mamba_NI_residual,1804,1804,1804,0,0,0,1804,0,0,0,0,0,0,0,0,0,0,0,0,0,0,0
0,style_final,registered_style,cross_camera,inactive,mamba_TI_residual,1238,1238,1238,0,0,0,1238,0,0,0,0,0,0,0,0,0,0,0,0,0,0,0
0,initial,original,identity,active,cnn_RGB_residual,10082,10078,10082,4,0,0,10078,0,4,0,0,0,0,0,0,0,0,0,0,0,0,0
0,initial,original,identity,active,cnn_NI_residual,17867,17865,17867,2,0,0,17865,0,2,0,0,0,0,0,0,0,0,0,0,0,0,0
0,initial,original,identity,active,cnn_TI_residual,13371,13363,13371,8,0,0,13363,0,8,0,0,0,0,0,0,0,0,0,0,0,0,0
0,initial,original,identity,active,transformer_RGB_residual,6114,6113,6114,1,0,0,6113,0,1,0,0,0,0,0,0,0,0,0,0,0,0,0
0,initial,original,identity,active,transformer_NI_residual,12259,12259,12259,0,0,0,12259,0,0,0,0,0,0,0,0,0,0,0,0,0,0,0
0,initial,original,identity,active,transformer_TI_residual,9231,9230,9231,1,0,0,9230,0,1,0,0,0,0,0,0,0,0,0,0,0,0,0
0,initial,original,identity,active,mamba_RGB_residual,11125,11125,11125,0,0,0,11125,0,0,0,0,0,0,0,0,0,0,0,0,0,0,0
0,initial,original,identity,active,mamba_NI_residual,19772,19769,19772,3,0,0,19769,0,3,0,0,0,0,0,0,0,0,0,0,0,0,0
0,initial,original,identity,active,mamba_TI_residual,14111,14103,14111,8,0,0,14103,0,8,0,0,0,0,0,0,0,0,0,0,0,0,0
0,initial,original,cross_camera,active,cnn_RGB_residual,1586,1586,1586,0,0,0,1586,0,0,0,0,0,0,0,0,0,0,0,0,0,0,0
0,initial,original,cross_camera,active,cnn_NI_residual,3034,3034,3034,0,0,0,3034,0,0,0,0,0,0,0,0,0,0,0,0,0,0,0
0,initial,original,cross_camera,active,cnn_TI_residual,2611,2611,2611,0,0,0,2611,0,0,0,0,0,0,0,0,0,0,0,0,0,0,0
0,initial,original,cross_camera,active,transformer_RGB_residual,888,888,888,0,0,0,888,0,0,0,0,0,0,0,0,0,0,0,0,0,0,0
0,initial,original,cross_camera,active,transformer_NI_residual,2371,2371,2371,0,0,0,2371,0,0,0,0,0,0,0,0,0,0,0,0,0,0,0
0,initial,original,cross_camera,active,transformer_TI_residual,1098,1098,1098,0,0,0,1098,0,0,0,0,0,0,0,0,0,0,0,0,0,0,0
0,initial,original,cross_camera,active,mamba_RGB_residual,2041,2041,2041,0,0,0,2041,0,0,0,0,0,0,0,0,0,0,0,0,0,0,0
0,initial,original,cross_camera,active,mamba_NI_residual,3573,3572,3573,1,0,0,3572,0,1,0,0,0,0,0,0,0,0,0,0,0,0,0
0,initial,original,cross_camera,active,mamba_TI_residual,2448,2447,2448,1,0,0,2447,0,1,0,0,0,0,0,0,0,0,0,0,0,0,0
0,initial,registered_style,identity,active,cnn_RGB_residual,57203,56868,56951,150,236,16,56801,0,150,0,67,0,169,16,0,0,0,0,0,0,0,0
0,initial,registered_style,identity,active,cnn_NI_residual,77552,77186,77315,185,221,16,77130,0,185,0,56,0,165,16,0,0,0,0,0,0,0,0
0,initial,registered_style,identity,active,cnn_TI_residual,37586,37348,37493,161,90,3,37332,0,161,0,16,0,74,3,0,0,0,0,0,0,0,0
0,initial,registered_style,identity,active,transformer_RGB_residual,88348,87749,88085,390,246,17,87695,0,390,0,54,0,192,17,0,0,0,0,0,0,0,0
0,initial,registered_style,identity,active,transformer_NI_residual,106519,106017,106285,324,220,14,105961,0,324,0,56,0,164,14,0,0,0,0,0,0,0,0
0,initial,registered_style,identity,active,transformer_TI_residual,33047,32885,32986,128,58,3,32858,0,128,0,27,0,31,3,0,0,0,0,0,0,0,0
0,initial,registered_style,identity,active,mamba_RGB_residual,72072,71529,71820,317,241,11,71503,0,317,0,26,0,215,11,0,0,0,0,0,0,0,0
0,initial,registered_style,identity,active,mamba_NI_residual,86850,86315,86596,314,238,16,86282,0,314,0,33,0,205,16,0,0,0,0,0,0,0,0
0,initial,registered_style,identity,active,mamba_TI_residual,38249,38045,38169,137,77,3,38032,0,137,0,13,0,64,3,0,0,0,0,0,0,0,0
0,initial,registered_style,cross_camera,active,cnn_RGB_residual,8606,8480,8511,49,84,11,8462,0,49,0,18,0,66,11,0,0,0,0,0,0,0,0
0,initial,registered_style,cross_camera,active,cnn_NI_residual,17259,17113,17167,67,80,12,17100,0,67,0,13,0,67,12,0,0,0,0,0,0,0,0
0,initial,registered_style,cross_camera,active,cnn_TI_residual,4539,4499,4524,28,14,1,4496,0,28,0,3,0,11,1,0,0,0,0,0,0,0,0
0,initial,registered_style,cross_camera,active,transformer_RGB_residual,9177,9092,9095,21,71,11,9074,0,21,0,18,0,53,11,0,0,0,0,0,0,0,0
0,initial,registered_style,cross_camera,active,transformer_NI_residual,16433,16342,16350,30,71,12,16320,0,30,0,22,0,49,12,0,0,0,0,0,0,0,0
0,initial,registered_style,cross_camera,active,transformer_TI_residual,3005,2989,2991,10,13,1,2981,0,10,0,8,0,5,1,0,0,0,0,0,0,0,0
0,initial,registered_style,cross_camera,active,mamba_RGB_residual,10280,10091,10193,104,79,8,10089,0,104,0,2,0,77,8,0,0,0,0,0,0,0,0
0,initial,registered_style,cross_camera,active,mamba_NI_residual,19063,18830,18967,140,84,12,18827,0,140,0,3,0,81,12,0,0,0,0,0,0,0,0
0,initial,registered_style,cross_camera,active,mamba_TI_residual,4643,4585,4627,45,15,1,4582,0,45,0,3,0,12,1,0,0,0,0,0,0,0,0
0,control_final,original,identity,active,cnn_RGB_residual,4945,4945,4945,0,0,0,4945,0,0,0,0,0,0,0,0,0,0,0,0,0,0,0
0,control_final,original,identity,active,cnn_NI_residual,8072,8072,8072,0,0,0,8072,0,0,0,0,0,0,0,0,0,0,0,0,0,0,0
0,control_final,original,identity,active,cnn_TI_residual,6583,6583,6583,0,0,0,6583,0,0,0,0,0,0,0,0,0,0,0,0,0,0,0
0,control_final,original,identity,active,transformer_RGB_residual,5789,5789,5789,0,0,0,5789,0,0,0,0,0,0,0,0,0,0,0,0,0,0,0
0,control_final,original,identity,active,transformer_NI_residual,10510,10510,10510,0,0,0,10510,0,0,0,0,0,0,0,0,0,0,0,0,0,0,0
0,control_final,original,identity,active,transformer_TI_residual,6830,6830,6830,0,0,0,6830,0,0,0,0,0,0,0,0,0,0,0,0,0,0,0
0,control_final,original,identity,active,mamba_RGB_residual,7369,7369,7369,0,0,0,7369,0,0,0,0,0,0,0,0,0,0,0,0,0,0,0
0,control_final,original,identity,active,mamba_NI_residual,10227,10227,10227,0,0,0,10227,0,0,0,0,0,0,0,0,0,0,0,0,0,0,0
0,control_final,original,identity,active,mamba_TI_residual,8668,8668,8668,0,0,0,8668,0,0,0,0,0,0,0,0,0,0,0,0,0,0,0
0,control_final,original,cross_camera,active,cnn_RGB_residual,824,824,824,0,0,0,824,0,0,0,0,0,0,0,0,0,0,0,0,0,0,0
0,control_final,original,cross_camera,active,cnn_NI_residual,1286,1286,1286,0,0,0,1286,0,0,0,0,0,0,0,0,0,0,0,0,0,0,0
0,control_final,original,cross_camera,active,cnn_TI_residual,1365,1365,1365,0,0,0,1365,0,0,0,0,0,0,0,0,0,0,0,0,0,0,0
0,control_final,original,cross_camera,active,transformer_RGB_residual,873,873,873,0,0,0,873,0,0,0,0,0,0,0,0,0,0,0,0,0,0,0
0,control_final,original,cross_camera,active,transformer_NI_residual,1839,1839,1839,0,0,0,1839,0,0,0,0,0,0,0,0,0,0,0,0,0,0,0
0,control_final,original,cross_camera,active,transformer_TI_residual,715,715,715,0,0,0,715,0,0,0,0,0,0,0,0,0,0,0,0,0,0,0
0,control_final,original,cross_camera,active,mamba_RGB_residual,1410,1410,1410,0,0,0,1410,0,0,0,0,0,0,0,0,0,0,0,0,0,0,0
0,control_final,original,cross_camera,active,mamba_NI_residual,1860,1860,1860,0,0,0,1860,0,0,0,0,0,0,0,0,0,0,0,0,0,0,0
0,control_final,original,cross_camera,active,mamba_TI_residual,1443,1443,1443,0,0,0,1443,0,0,0,0,0,0,0,0,0,0,0,0,0,0,0
0,control_final,registered_style,identity,active,cnn_RGB_residual,40335,40233,40228,42,105,2,40186,0,42,0,47,1,58,1,0,0,0,0,0,0,0,0
0,control_final,registered_style,identity,active,cnn_NI_residual,51276,51200,51196,27,79,1,51169,0,27,0,31,0,48,1,0,0,0,0,0,0,0,0
0,control_final,registered_style,identity,active,cnn_TI_residual,22643,22582,22618,40,24,1,22578,0,40,0,4,1,20,0,0,0,0,0,0,0,0,0
0,control_final,registered_style,identity,active,transformer_RGB_residual,76131,75700,76008,317,121,2,75691,0,317,0,9,1,112,1,0,0,0,0,0,0,0,0
0,control_final,registered_style,identity,active,transformer_NI_residual,98855,98462,98757,303,97,1,98454,0,303,0,8,1,89,0,0,0,0,0,0,0,0,0
0,control_final,registered_style,identity,active,transformer_TI_residual,33134,33031,33113,85,20,1,33028,0,85,0,3,0,17,1,0,0,0,0,0,0,0,0
0,control_final,registered_style,identity,active,mamba_RGB_residual,61686,61282,61561,289,123,2,61272,0,289,0,10,0,113,2,0,0,0,0,0,0,0,0
0,control_final,registered_style,identity,active,mamba_NI_residual,67887,67552,67788,242,98,1,67546,0,242,0,6,0,92,1,0,0,0,0,0,0,0,0
0,control_final,registered_style,identity,active,mamba_TI_residual,32152,32026,32130,107,21,1,32023,0,107,0,3,0,18,1,0,0,0,0,0,0,0,0
0,control_final,registered_style,cross_camera,active,cnn_RGB_residual,6023,5995,5995,11,27,1,5984,0,11,0,11,0,16,1,0,0,0,0,0,0,0,0
0,control_final,registered_style,cross_camera,active,cnn_NI_residual,11685,11661,11660,11,24,1,11649,0,11,0,12,0,12,1,0,0,0,0,0,0,0,0
0,control_final,registered_style,cross_camera,active,cnn_TI_residual,3212,3204,3210,6,2,0,3204,0,6,0,0,0,2,0,0,0,0,0,0,0,0,0
0,control_final,registered_style,cross_camera,active,transformer_RGB_residual,8636,8543,8604,64,31,1,8540,0,64,0,3,1,28,0,0,0,0,0,0,0,0,0
0,control_final,registered_style,cross_camera,active,transformer_NI_residual,16854,16758,16827,72,26,1,16755,0,72,0,3,1,23,0,0,0,0,0,0,0,0,0
0,control_final,registered_style,cross_camera,active,transformer_TI_residual,2693,2672,2687,16,6,0,2671,0,16,0,1,0,5,0,0,0,0,0,0,0,0,0
0,control_final,registered_style,cross_camera,active,mamba_RGB_residual,8454,8360,8420,62,33,1,8358,0,62,0,2,0,31,1,0,0,0,0,0,0,0,0
0,control_final,registered_style,cross_camera,active,mamba_NI_residual,14652,14550,14627,80,24,1,14547,0,80,0,3,0,21,1,0,0,0,0,0,0,0,0
0,control_final,registered_style,cross_camera,active,mamba_TI_residual,3962,3933,3956,25,6,0,3931,0,25,0,2,0,4,0,0,0,0,0,0,0,0,0
0,style_final,original,identity,active,cnn_RGB_residual,5494,5494,5494,0,0,0,5494,0,0,0,0,0,0,0,0,0,0,0,0,0,0,0
0,style_final,original,identity,active,cnn_NI_residual,9372,9372,9372,0,0,0,9372,0,0,0,0,0,0,0,0,0,0,0,0,0,0,0
0,style_final,original,identity,active,cnn_TI_residual,6967,6967,6967,0,0,0,6967,0,0,0,0,0,0,0,0,0,0,0,0,0,0,0
0,style_final,original,identity,active,transformer_RGB_residual,6050,6050,6050,0,0,0,6050,0,0,0,0,0,0,0,0,0,0,0,0,0,0,0
0,style_final,original,identity,active,transformer_NI_residual,10199,10199,10199,0,0,0,10199,0,0,0,0,0,0,0,0,0,0,0,0,0,0,0
0,style_final,original,identity,active,transformer_TI_residual,6496,6496,6496,0,0,0,6496,0,0,0,0,0,0,0,0,0,0,0,0,0,0,0
0,style_final,original,identity,active,mamba_RGB_residual,6775,6775,6775,0,0,0,6775,0,0,0,0,0,0,0,0,0,0,0,0,0,0,0
0,style_final,original,identity,active,mamba_NI_residual,9216,9216,9216,0,0,0,9216,0,0,0,0,0,0,0,0,0,0,0,0,0,0,0
0,style_final,original,identity,active,mamba_TI_residual,8602,8602,8602,0,0,0,8602,0,0,0,0,0,0,0,0,0,0,0,0,0,0,0
0,style_final,original,cross_camera,active,cnn_RGB_residual,785,785,785,0,0,0,785,0,0,0,0,0,0,0,0,0,0,0,0,0,0,0
0,style_final,original,cross_camera,active,cnn_NI_residual,1386,1386,1386,0,0,0,1386,0,0,0,0,0,0,0,0,0,0,0,0,0,0,0
0,style_final,original,cross_camera,active,cnn_TI_residual,1679,1679,1679,0,0,0,1679,0,0,0,0,0,0,0,0,0,0,0,0,0,0,0
0,style_final,original,cross_camera,active,transformer_RGB_residual,814,814,814,0,0,0,814,0,0,0,0,0,0,0,0,0,0,0,0,0,0,0
0,style_final,original,cross_camera,active,transformer_NI_residual,1893,1893,1893,0,0,0,1893,0,0,0,0,0,0,0,0,0,0,0,0,0,0,0
0,style_final,original,cross_camera,active,transformer_TI_residual,748,748,748,0,0,0,748,0,0,0,0,0,0,0,0,0,0,0,0,0,0,0
0,style_final,original,cross_camera,active,mamba_RGB_residual,1255,1255,1255,0,0,0,1255,0,0,0,0,0,0,0,0,0,0,0,0,0,0,0
0,style_final,original,cross_camera,active,mamba_NI_residual,1601,1601,1601,0,0,0,1601,0,0,0,0,0,0,0,0,0,0,0,0,0,0,0
0,style_final,original,cross_camera,active,mamba_TI_residual,1554,1554,1554,0,0,0,1554,0,0,0,0,0,0,0,0,0,0,0,0,0,0,0
0,style_final,registered_style,identity,active,cnn_RGB_residual,14383,14383,14383,0,0,0,14383,0,0,0,0,0,0,0,0,0,0,0,0,0,0,0
0,style_final,registered_style,identity,active,cnn_NI_residual,21394,21393,21394,1,0,0,21393,0,1,0,0,0,0,0,0,0,0,0,0,0,0,0
0,style_final,registered_style,identity,active,cnn_TI_residual,10639,10638,10639,1,0,0,10638,0,1,0,0,0,0,0,0,0,0,0,0,0,0,0
0,style_final,registered_style,identity,active,transformer_RGB_residual,17635,17632,17635,3,0,0,17632,0,3,0,0,0,0,0,0,0,0,0,0,0,0,0
0,style_final,registered_style,identity,active,transformer_NI_residual,26574,26571,26574,3,0,0,26571,0,3,0,0,0,0,0,0,0,0,0,0,0,0,0
0,style_final,registered_style,identity,active,transformer_TI_residual,10992,10988,10992,4,0,0,10988,0,4,0,0,0,0,0,0,0,0,0,0,0,0,0
0,style_final,registered_style,identity,active,mamba_RGB_residual,17310,17307,17310,3,0,0,17307,0,3,0,0,0,0,0,0,0,0,0,0,0,0,0
0,style_final,registered_style,identity,active,mamba_NI_residual,22931,22928,22931,3,0,0,22928,0,3,0,0,0,0,0,0,0,0,0,0,0,0,0
0,style_final,registered_style,identity,active,mamba_TI_residual,13186,13186,13186,0,0,0,13186,0,0,0,0,0,0,0,0,0,0,0,0,0,0,0
0,style_final,registered_style,cross_camera,active,cnn_RGB_residual,1952,1952,1952,0,0,0,1952,0,0,0,0,0,0,0,0,0,0,0,0,0,0,0
0,style_final,registered_style,cross_camera,active,cnn_NI_residual,4403,4403,4403,0,0,0,4403,0,0,0,0,0,0,0,0,0,0,0,0,0,0,0
0,style_final,registered_style,cross_camera,active,cnn_TI_residual,1851,1851,1851,0,0,0,1851,0,0,0,0,0,0,0,0,0,0,0,0,0,0,0
0,style_final,registered_style,cross_camera,active,transformer_RGB_residual,2436,2434,2436,2,0,0,2434,0,2,0,0,0,0,0,0,0,0,0,0,0,0,0
0,style_final,registered_style,cross_camera,active,transformer_NI_residual,5420,5420,5420,0,0,0,5420,0,0,0,0,0,0,0,0,0,0,0,0,0,0,0
0,style_final,registered_style,cross_camera,active,transformer_TI_residual,1055,1052,1055,3,0,0,1052,0,3,0,0,0,0,0,0,0,0,0,0,0,0,0
0,style_final,registered_style,cross_camera,active,mamba_RGB_residual,2597,2595,2597,2,0,0,2595,0,2,0,0,0,0,0,0,0,0,0,0,0,0,0
0,style_final,registered_style,cross_camera,active,mamba_NI_residual,4905,4903,4905,2,0,0,4903,0,2,0,0,0,0,0,0,0,0,0,0,0,0,0
0,style_final,registered_style,cross_camera,active,mamba_TI_residual,1851,1851,1851,0,0,0,1851,0,0,0,0,0,0,0,0,0,0,0,0,0,0,0
1,initial,original,identity,inactive,cnn_RGB_residual,10882,10878,10882,4,0,0,10876,0,4,0,0,0,0,0,2,0,0,0,0,0,0,0
1,initial,original,identity,inactive,cnn_NI_residual,13782,13779,13782,3,0,0,13779,0,3,0,0,0,0,0,0,0,0,0,0,0,0,0
1,initial,original,identity,inactive,cnn_TI_residual,11027,11025,11027,2,0,0,11025,0,2,0,0,0,0,0,0,0,0,0,0,0,0,0
1,initial,original,identity,inactive,transformer_RGB_residual,7966,7966,7966,0,0,0,7964,0,0,0,0,0,0,0,2,0,0,0,0,0,0,0
1,initial,original,identity,inactive,transformer_NI_residual,12161,12161,12161,0,0,0,12161,0,0,0,0,0,0,0,0,0,0,0,0,0,0,0
1,initial,original,identity,inactive,transformer_TI_residual,6624,6624,6624,0,0,0,6621,0,0,0,0,0,0,0,3,0,0,0,0,0,0,0
1,initial,original,identity,inactive,mamba_RGB_residual,11739,11706,11739,33,0,0,11705,0,33,0,0,0,0,0,1,0,0,0,0,0,0,0
1,initial,original,identity,inactive,mamba_NI_residual,14027,13996,14027,31,0,0,13996,0,31,0,0,0,0,0,0,0,0,0,0,0,0,0
1,initial,original,identity,inactive,mamba_TI_residual,10417,10413,10417,4,0,0,10411,0,4,0,0,0,0,0,2,0,0,0,0,0,0,0
1,initial,original,cross_camera,inactive,cnn_RGB_residual,872,871,872,1,0,0,870,0,1,0,0,0,0,0,1,0,0,0,0,0,0,0
1,initial,original,cross_camera,inactive,cnn_NI_residual,1372,1371,1372,1,0,0,1371,0,1,0,0,0,0,0,0,0,0,0,0,0,0,0
1,initial,original,cross_camera,inactive,cnn_TI_residual,1806,1806,1806,0,0,0,1806,0,0,0,0,0,0,0,0,0,0,0,0,0,0,0
1,initial,original,cross_camera,inactive,transformer_RGB_residual,582,582,582,0,0,0,581,0,0,0,0,0,0,0,1,0,0,0,0,0,0,0
1,initial,original,cross_camera,inactive,transformer_NI_residual,1161,1161,1161,0,0,0,1161,0,0,0,0,0,0,0,0,0,0,0,0,0,0,0
1,initial,original,cross_camera,inactive,transformer_TI_residual,1484,1484,1484,0,0,0,1482,0,0,0,0,0,0,0,2,0,0,0,0,0,0,0
1,initial,original,cross_camera,inactive,mamba_RGB_residual,1143,1143,1143,0,0,0,1142,0,0,0,0,0,0,0,1,0,0,0,0,0,0,0
1,initial,original,cross_camera,inactive,mamba_NI_residual,1927,1927,1927,0,0,0,1927,0,0,0,0,0,0,0,0,0,0,0,0,0,0,0
1,initial,original,cross_camera,inactive,mamba_TI_residual,1780,1780,1780,0,0,0,1779,0,0,0,0,0,0,0,1,0,0,0,0,0,0,0
1,initial,registered_style,identity,inactive,cnn_RGB_residual,10882,10878,10882,4,0,0,10876,0,4,0,0,0,0,0,2,0,0,0,0,0,0,0
1,initial,registered_style,identity,inactive,cnn_NI_residual,13782,13779,13782,3,0,0,13779,0,3,0,0,0,0,0,0,0,0,0,0,0,0,0
1,initial,registered_style,identity,inactive,cnn_TI_residual,11027,11025,11027,2,0,0,11025,0,2,0,0,0,0,0,0,0,0,0,0,0,0,0
1,initial,registered_style,identity,inactive,transformer_RGB_residual,7966,7966,7966,0,0,0,7964,0,0,0,0,0,0,0,2,0,0,0,0,0,0,0
1,initial,registered_style,identity,inactive,transformer_NI_residual,12161,12161,12161,0,0,0,12161,0,0,0,0,0,0,0,0,0,0,0,0,0,0,0
1,initial,registered_style,identity,inactive,transformer_TI_residual,6624,6624,6624,0,0,0,6621,0,0,0,0,0,0,0,3,0,0,0,0,0,0,0
1,initial,registered_style,identity,inactive,mamba_RGB_residual,11739,11706,11739,33,0,0,11705,0,33,0,0,0,0,0,1,0,0,0,0,0,0,0
1,initial,registered_style,identity,inactive,mamba_NI_residual,14027,13996,14027,31,0,0,13996,0,31,0,0,0,0,0,0,0,0,0,0,0,0,0
1,initial,registered_style,identity,inactive,mamba_TI_residual,10417,10413,10417,4,0,0,10411,0,4,0,0,0,0,0,2,0,0,0,0,0,0,0
1,initial,registered_style,cross_camera,inactive,cnn_RGB_residual,872,871,872,1,0,0,870,0,1,0,0,0,0,0,1,0,0,0,0,0,0,0
1,initial,registered_style,cross_camera,inactive,cnn_NI_residual,1372,1371,1372,1,0,0,1371,0,1,0,0,0,0,0,0,0,0,0,0,0,0,0
1,initial,registered_style,cross_camera,inactive,cnn_TI_residual,1806,1806,1806,0,0,0,1806,0,0,0,0,0,0,0,0,0,0,0,0,0,0,0
1,initial,registered_style,cross_camera,inactive,transformer_RGB_residual,582,582,582,0,0,0,581,0,0,0,0,0,0,0,1,0,0,0,0,0,0,0
1,initial,registered_style,cross_camera,inactive,transformer_NI_residual,1161,1161,1161,0,0,0,1161,0,0,0,0,0,0,0,0,0,0,0,0,0,0,0
1,initial,registered_style,cross_camera,inactive,transformer_TI_residual,1484,1484,1484,0,0,0,1482,0,0,0,0,0,0,0,2,0,0,0,0,0,0,0
1,initial,registered_style,cross_camera,inactive,mamba_RGB_residual,1143,1143,1143,0,0,0,1142,0,0,0,0,0,0,0,1,0,0,0,0,0,0,0
1,initial,registered_style,cross_camera,inactive,mamba_NI_residual,1927,1927,1927,0,0,0,1927,0,0,0,0,0,0,0,0,0,0,0,0,0,0,0
1,initial,registered_style,cross_camera,inactive,mamba_TI_residual,1780,1780,1780,0,0,0,1779,0,0,0,0,0,0,0,1,0,0,0,0,0,0,0
1,control_final,original,identity,inactive,cnn_RGB_residual,6461,6461,6461,0,0,0,6461,0,0,0,0,0,0,0,0,0,0,0,0,0,0,0
1,control_final,original,identity,inactive,cnn_NI_residual,8244,8244,8244,0,0,0,8243,0,0,0,0,0,0,0,1,0,0,0,0,0,0,0
1,control_final,original,identity,inactive,cnn_TI_residual,5907,5907,5907,0,0,0,5907,0,0,0,0,0,0,0,0,0,0,0,0,0,0,0
1,control_final,original,identity,inactive,transformer_RGB_residual,7227,7227,7227,0,0,0,7227,0,0,0,0,0,0,0,0,0,0,0,0,0,0,0
1,control_final,original,identity,inactive,transformer_NI_residual,10549,10549,10549,0,0,0,10549,0,0,0,0,0,0,0,0,0,0,0,0,0,0,0
1,control_final,original,identity,inactive,transformer_TI_residual,5304,5304,5304,0,0,0,5304,0,0,0,0,0,0,0,0,0,0,0,0,0,0,0
1,control_final,original,identity,inactive,mamba_RGB_residual,8560,8560,8560,0,0,0,8560,0,0,0,0,0,0,0,0,0,0,0,0,0,0,0
1,control_final,original,identity,inactive,mamba_NI_residual,10606,10606,10606,0,0,0,10606,0,0,0,0,0,0,0,0,0,0,0,0,0,0,0
1,control_final,original,identity,inactive,mamba_TI_residual,6915,6915,6915,0,0,0,6915,0,0,0,0,0,0,0,0,0,0,0,0,0,0,0
1,control_final,original,cross_camera,inactive,cnn_RGB_residual,516,516,516,0,0,0,516,0,0,0,0,0,0,0,0,0,0,0,0,0,0,0
1,control_final,original,cross_camera,inactive,cnn_NI_residual,783,783,783,0,0,0,782,0,0,0,0,0,0,0,1,0,0,0,0,0,0,0
1,control_final,original,cross_camera,inactive,cnn_TI_residual,891,891,891,0,0,0,891,0,0,0,0,0,0,0,0,0,0,0,0,0,0,0
1,control_final,original,cross_camera,inactive,transformer_RGB_residual,471,471,471,0,0,0,471,0,0,0,0,0,0,0,0,0,0,0,0,0,0,0
1,control_final,original,cross_camera,inactive,transformer_NI_residual,716,716,716,0,0,0,716,0,0,0,0,0,0,0,0,0,0,0,0,0,0,0
1,control_final,original,cross_camera,inactive,transformer_TI_residual,1047,1047,1047,0,0,0,1047,0,0,0,0,0,0,0,0,0,0,0,0,0,0,0
1,control_final,original,cross_camera,inactive,mamba_RGB_residual,714,714,714,0,0,0,714,0,0,0,0,0,0,0,0,0,0,0,0,0,0,0
1,control_final,original,cross_camera,inactive,mamba_NI_residual,1204,1204,1204,0,0,0,1204,0,0,0,0,0,0,0,0,0,0,0,0,0,0,0
1,control_final,original,cross_camera,inactive,mamba_TI_residual,1195,1195,1195,0,0,0,1195,0,0,0,0,0,0,0,0,0,0,0,0,0,0,0
1,control_final,registered_style,identity,inactive,cnn_RGB_residual,6461,6461,6461,0,0,0,6461,0,0,0,0,0,0,0,0,0,0,0,0,0,0,0
1,control_final,registered_style,identity,inactive,cnn_NI_residual,8244,8244,8244,0,0,0,8243,0,0,0,0,0,0,0,1,0,0,0,0,0,0,0
1,control_final,registered_style,identity,inactive,cnn_TI_residual,5907,5907,5907,0,0,0,5907,0,0,0,0,0,0,0,0,0,0,0,0,0,0,0
1,control_final,registered_style,identity,inactive,transformer_RGB_residual,7227,7227,7227,0,0,0,7227,0,0,0,0,0,0,0,0,0,0,0,0,0,0,0
1,control_final,registered_style,identity,inactive,transformer_NI_residual,10549,10549,10549,0,0,0,10549,0,0,0,0,0,0,0,0,0,0,0,0,0,0,0
1,control_final,registered_style,identity,inactive,transformer_TI_residual,5304,5304,5304,0,0,0,5304,0,0,0,0,0,0,0,0,0,0,0,0,0,0,0
1,control_final,registered_style,identity,inactive,mamba_RGB_residual,8560,8560,8560,0,0,0,8560,0,0,0,0,0,0,0,0,0,0,0,0,0,0,0
1,control_final,registered_style,identity,inactive,mamba_NI_residual,10606,10606,10606,0,0,0,10606,0,0,0,0,0,0,0,0,0,0,0,0,0,0,0
1,control_final,registered_style,identity,inactive,mamba_TI_residual,6915,6915,6915,0,0,0,6915,0,0,0,0,0,0,0,0,0,0,0,0,0,0,0
1,control_final,registered_style,cross_camera,inactive,cnn_RGB_residual,516,516,516,0,0,0,516,0,0,0,0,0,0,0,0,0,0,0,0,0,0,0
1,control_final,registered_style,cross_camera,inactive,cnn_NI_residual,783,783,783,0,0,0,782,0,0,0,0,0,0,0,1,0,0,0,0,0,0,0
1,control_final,registered_style,cross_camera,inactive,cnn_TI_residual,891,891,891,0,0,0,891,0,0,0,0,0,0,0,0,0,0,0,0,0,0,0
1,control_final,registered_style,cross_camera,inactive,transformer_RGB_residual,471,471,471,0,0,0,471,0,0,0,0,0,0,0,0,0,0,0,0,0,0,0
1,control_final,registered_style,cross_camera,inactive,transformer_NI_residual,716,716,716,0,0,0,716,0,0,0,0,0,0,0,0,0,0,0,0,0,0,0
1,control_final,registered_style,cross_camera,inactive,transformer_TI_residual,1047,1047,1047,0,0,0,1047,0,0,0,0,0,0,0,0,0,0,0,0,0,0,0
1,control_final,registered_style,cross_camera,inactive,mamba_RGB_residual,714,714,714,0,0,0,714,0,0,0,0,0,0,0,0,0,0,0,0,0,0,0
1,control_final,registered_style,cross_camera,inactive,mamba_NI_residual,1204,1204,1204,0,0,0,1204,0,0,0,0,0,0,0,0,0,0,0,0,0,0,0
1,control_final,registered_style,cross_camera,inactive,mamba_TI_residual,1195,1195,1195,0,0,0,1195,0,0,0,0,0,0,0,0,0,0,0,0,0,0,0
1,style_final,original,identity,inactive,cnn_RGB_residual,7611,7611,7611,0,0,0,7611,0,0,0,0,0,0,0,0,0,0,0,0,0,0,0
1,style_final,original,identity,inactive,cnn_NI_residual,9900,9900,9900,0,0,0,9900,0,0,0,0,0,0,0,0,0,0,0,0,0,0,0
1,style_final,original,identity,inactive,cnn_TI_residual,6352,6352,6352,0,0,0,6352,0,0,0,0,0,0,0,0,0,0,0,0,0,0,0
1,style_final,original,identity,inactive,transformer_RGB_residual,7638,7638,7638,0,0,0,7638,0,0,0,0,0,0,0,0,0,0,0,0,0,0,0
1,style_final,original,identity,inactive,transformer_NI_residual,12408,12408,12408,0,0,0,12408,0,0,0,0,0,0,0,0,0,0,0,0,0,0,0
1,style_final,original,identity,inactive,transformer_TI_residual,4654,4654,4654,0,0,0,4654,0,0,0,0,0,0,0,0,0,0,0,0,0,0,0
1,style_final,original,identity,inactive,mamba_RGB_residual,8873,8870,8873,3,0,0,8870,0,3,0,0,0,0,0,0,0,0,0,0,0,0,0
1,style_final,original,identity,inactive,mamba_NI_residual,11394,11391,11394,3,0,0,11391,0,3,0,0,0,0,0,0,0,0,0,0,0,0,0
1,style_final,original,identity,inactive,mamba_TI_residual,6356,6356,6356,0,0,0,6355,0,0,0,0,0,0,0,1,0,0,0,0,0,0,0
1,style_final,original,cross_camera,inactive,cnn_RGB_residual,609,609,609,0,0,0,609,0,0,0,0,0,0,0,0,0,0,0,0,0,0,0
1,style_final,original,cross_camera,inactive,cnn_NI_residual,953,953,953,0,0,0,953,0,0,0,0,0,0,0,0,0,0,0,0,0,0,0
1,style_final,original,cross_camera,inactive,cnn_TI_residual,950,950,950,0,0,0,950,0,0,0,0,0,0,0,0,0,0,0,0,0,0,0
1,style_final,original,cross_camera,inactive,transformer_RGB_residual,608,608,608,0,0,0,608,0,0,0,0,0,0,0,0,0,0,0,0,0,0,0
1,style_final,original,cross_camera,inactive,transformer_NI_residual,961,961,961,0,0,0,961,0,0,0,0,0,0,0,0,0,0,0,0,0,0,0
1,style_final,original,cross_camera,inactive,transformer_TI_residual,871,871,871,0,0,0,871,0,0,0,0,0,0,0,0,0,0,0,0,0,0,0
1,style_final,original,cross_camera,inactive,mamba_RGB_residual,890,890,890,0,0,0,890,0,0,0,0,0,0,0,0,0,0,0,0,0,0,0
1,style_final,original,cross_camera,inactive,mamba_NI_residual,1111,1111,1111,0,0,0,1111,0,0,0,0,0,0,0,0,0,0,0,0,0,0,0
1,style_final,original,cross_camera,inactive,mamba_TI_residual,881,881,881,0,0,0,880,0,0,0,0,0,0,0,1,0,0,0,0,0,0,0
1,style_final,registered_style,identity,inactive,cnn_RGB_residual,7611,7611,7611,0,0,0,7611,0,0,0,0,0,0,0,0,0,0,0,0,0,0,0
1,style_final,registered_style,identity,inactive,cnn_NI_residual,9900,9900,9900,0,0,0,9900,0,0,0,0,0,0,0,0,0,0,0,0,0,0,0
1,style_final,registered_style,identity,inactive,cnn_TI_residual,6352,6352,6352,0,0,0,6352,0,0,0,0,0,0,0,0,0,0,0,0,0,0,0
1,style_final,registered_style,identity,inactive,transformer_RGB_residual,7638,7638,7638,0,0,0,7638,0,0,0,0,0,0,0,0,0,0,0,0,0,0,0
1,style_final,registered_style,identity,inactive,transformer_NI_residual,12408,12408,12408,0,0,0,12408,0,0,0,0,0,0,0,0,0,0,0,0,0,0,0
1,style_final,registered_style,identity,inactive,transformer_TI_residual,4654,4654,4654,0,0,0,4654,0,0,0,0,0,0,0,0,0,0,0,0,0,0,0
1,style_final,registered_style,identity,inactive,mamba_RGB_residual,8873,8870,8873,3,0,0,8870,0,3,0,0,0,0,0,0,0,0,0,0,0,0,0
1,style_final,registered_style,identity,inactive,mamba_NI_residual,11394,11391,11394,3,0,0,11391,0,3,0,0,0,0,0,0,0,0,0,0,0,0,0
1,style_final,registered_style,identity,inactive,mamba_TI_residual,6356,6356,6356,0,0,0,6355,0,0,0,0,0,0,0,1,0,0,0,0,0,0,0
1,style_final,registered_style,cross_camera,inactive,cnn_RGB_residual,609,609,609,0,0,0,609,0,0,0,0,0,0,0,0,0,0,0,0,0,0,0
1,style_final,registered_style,cross_camera,inactive,cnn_NI_residual,953,953,953,0,0,0,953,0,0,0,0,0,0,0,0,0,0,0,0,0,0,0
1,style_final,registered_style,cross_camera,inactive,cnn_TI_residual,950,950,950,0,0,0,950,0,0,0,0,0,0,0,0,0,0,0,0,0,0,0
1,style_final,registered_style,cross_camera,inactive,transformer_RGB_residual,608,608,608,0,0,0,608,0,0,0,0,0,0,0,0,0,0,0,0,0,0,0
1,style_final,registered_style,cross_camera,inactive,transformer_NI_residual,961,961,961,0,0,0,961,0,0,0,0,0,0,0,0,0,0,0,0,0,0,0
1,style_final,registered_style,cross_camera,inactive,transformer_TI_residual,871,871,871,0,0,0,871,0,0,0,0,0,0,0,0,0,0,0,0,0,0,0
1,style_final,registered_style,cross_camera,inactive,mamba_RGB_residual,890,890,890,0,0,0,890,0,0,0,0,0,0,0,0,0,0,0,0,0,0,0
1,style_final,registered_style,cross_camera,inactive,mamba_NI_residual,1111,1111,1111,0,0,0,1111,0,0,0,0,0,0,0,0,0,0,0,0,0,0,0
1,style_final,registered_style,cross_camera,inactive,mamba_TI_residual,881,881,881,0,0,0,880,0,0,0,0,0,0,0,1,0,0,0,0,0,0,0
1,initial,original,identity,active,cnn_RGB_residual,7855,7853,7855,2,0,0,7853,0,2,0,0,0,0,0,0,0,0,0,0,0,0,0
1,initial,original,identity,active,cnn_NI_residual,10952,10952,10952,0,0,0,10952,0,0,0,0,0,0,0,0,0,0,0,0,0,0,0
1,initial,original,identity,active,cnn_TI_residual,9953,9951,9953,2,0,0,9951,0,2,0,0,0,0,0,0,0,0,0,0,0,0,0
1,initial,original,identity,active,transformer_RGB_residual,5995,5995,5995,0,0,0,5995,0,0,0,0,0,0,0,0,0,0,0,0,0,0,0
1,initial,original,identity,active,transformer_NI_residual,9039,9039,9039,0,0,0,9039,0,0,0,0,0,0,0,0,0,0,0,0,0,0,0
1,initial,original,identity,active,transformer_TI_residual,6557,6557,6557,0,0,0,6557,0,0,0,0,0,0,0,0,0,0,0,0,0,0,0
1,initial,original,identity,active,mamba_RGB_residual,8554,8545,8554,9,0,0,8545,0,9,0,0,0,0,0,0,0,0,0,0,0,0,0
1,initial,original,identity,active,mamba_NI_residual,11558,11551,11558,7,0,0,11551,0,7,0,0,0,0,0,0,0,0,0,0,0,0,0
1,initial,original,identity,active,mamba_TI_residual,9588,9588,9588,0,0,0,9588,0,0,0,0,0,0,0,0,0,0,0,0,0,0,0
1,initial,original,cross_camera,active,cnn_RGB_residual,1027,1026,1027,1,0,0,1026,0,1,0,0,0,0,0,0,0,0,0,0,0,0,0
1,initial,original,cross_camera,active,cnn_NI_residual,1881,1881,1881,0,0,0,1881,0,0,0,0,0,0,0,0,0,0,0,0,0,0,0
1,initial,original,cross_camera,active,cnn_TI_residual,1536,1536,1536,0,0,0,1536,0,0,0,0,0,0,0,0,0,0,0,0,0,0,0
1,initial,original,cross_camera,active,transformer_RGB_residual,807,807,807,0,0,0,807,0,0,0,0,0,0,0,0,0,0,0,0,0,0,0
1,initial,original,cross_camera,active,transformer_NI_residual,1531,1531,1531,0,0,0,1531,0,0,0,0,0,0,0,0,0,0,0,0,0,0,0
1,initial,original,cross_camera,active,transformer_TI_residual,883,883,883,0,0,0,883,0,0,0,0,0,0,0,0,0,0,0,0,0,0,0
1,initial,original,cross_camera,active,mamba_RGB_residual,1088,1087,1088,1,0,0,1087,0,1,0,0,0,0,0,0,0,0,0,0,0,0,0
1,initial,original,cross_camera,active,mamba_NI_residual,2461,2459,2461,2,0,0,2459,0,2,0,0,0,0,0,0,0,0,0,0,0,0,0
1,initial,original,cross_camera,active,mamba_TI_residual,1375,1375,1375,0,0,0,1375,0,0,0,0,0,0,0,0,0,0,0,0,0,0,0
1,initial,registered_style,identity,active,cnn_RGB_residual,51582,51026,51370,381,212,0,50989,0,381,0,37,0,175,0,0,0,0,0,0,0,0,0
1,initial,registered_style,identity,active,cnn_NI_residual,73754,73154,73530,413,224,0,73117,0,413,0,37,0,187,0,0,0,0,0,0,0,0,0
1,initial,registered_style,identity,active,cnn_TI_residual,29548,29415,29472,75,76,0,29397,0,75,0,18,0,58,0,0,0,0,0,0,0,0,0
1,initial,registered_style,identity,active,transformer_RGB_residual,98546,97883,98312,500,234,0,97812,0,500,0,71,0,163,0,0,0,0,0,0,0,0,0
1,initial,registered_style,identity,active,transformer_NI_residual,87828,87283,87614,400,214,0,87214,0,400,0,69,0,145,0,0,0,0,0,0,0,0,0
1,initial,registered_style,identity,active,transformer_TI_residual,29272,29101,29200,114,72,0,29086,0,114,0,15,0,57,0,0,0,0,0,0,0,0,0
1,initial,registered_style,identity,active,mamba_RGB_residual,53364,52931,53153,285,211,0,52868,0,285,0,63,0,148,0,0,0,0,0,0,0,0,0
1,initial,registered_style,identity,active,mamba_NI_residual,74320,73852,74090,312,230,0,73778,0,312,0,74,0,156,0,0,0,0,0,0,0,0,0
1,initial,registered_style,identity,active,mamba_TI_residual,28970,28834,28913,93,57,0,28820,0,93,0,14,0,43,0,0,0,0,0,0,0,0,0
1,initial,registered_style,cross_camera,active,cnn_RGB_residual,7080,6865,7017,156,63,0,6861,0,156,0,4,0,59,0,0,0,0,0,0,0,0,0
1,initial,registered_style,cross_camera,active,cnn_NI_residual,14595,14353,14513,169,82,0,14344,0,169,0,9,0,73,0,0,0,0,0,0,0,0,0
1,initial,registered_style,cross_camera,active,cnn_TI_residual,3763,3713,3732,26,31,0,3706,0,26,0,7,0,24,0,0,0,0,0,0,0,0,0
1,initial,registered_style,cross_camera,active,transformer_RGB_residual,9545,9429,9472,64,73,0,9408,0,64,0,21,0,52,0,0,0,0,0,0,0,0,0
1,initial,registered_style,cross_camera,active,transformer_NI_residual,12454,12319,12364,69,90,0,12295,0,69,0,24,0,66,0,0,0,0,0,0,0,0,0
1,initial,registered_style,cross_camera,active,transformer_TI_residual,3487,3455,3471,20,16,0,3451,0,20,0,4,0,12,0,0,0,0,0,0,0,0,0
1,initial,registered_style,cross_camera,active,mamba_RGB_residual,6992,6886,6928,57,64,0,6871,0,57,0,15,0,49,0,0,0,0,0,0,0,0,0
1,initial,registered_style,cross_camera,active,mamba_NI_residual,14081,13965,13994,58,87,0,13936,0,58,0,29,0,58,0,0,0,0,0,0,0,0,0
1,initial,registered_style,cross_camera,active,mamba_TI_residual,3586,3543,3562,23,24,0,3539,0,23,0,4,0,20,0,0,0,0,0,0,0,0,0
1,control_final,original,identity,active,cnn_RGB_residual,4657,4657,4657,0,0,0,4657,0,0,0,0,0,0,0,0,0,0,0,0,0,0,0
1,control_final,original,identity,active,cnn_NI_residual,6100,6100,6100,0,0,0,6100,0,0,0,0,0,0,0,0,0,0,0,0,0,0,0
1,control_final,original,identity,active,cnn_TI_residual,4406,4406,4406,0,0,0,4406,0,0,0,0,0,0,0,0,0,0,0,0,0,0,0
1,control_final,original,identity,active,transformer_RGB_residual,5114,5114,5114,0,0,0,5114,0,0,0,0,0,0,0,0,0,0,0,0,0,0,0
1,control_final,original,identity,active,transformer_NI_residual,8327,8327,8327,0,0,0,8327,0,0,0,0,0,0,0,0,0,0,0,0,0,0,0
1,control_final,original,identity,active,transformer_TI_residual,4897,4897,4897,0,0,0,4897,0,0,0,0,0,0,0,0,0,0,0,0,0,0,0
1,control_final,original,identity,active,mamba_RGB_residual,5860,5860,5860,0,0,0,5860,0,0,0,0,0,0,0,0,0,0,0,0,0,0,0
1,control_final,original,identity,active,mamba_NI_residual,8898,8898,8898,0,0,0,8898,0,0,0,0,0,0,0,0,0,0,0,0,0,0,0
1,control_final,original,identity,active,mamba_TI_residual,5828,5828,5828,0,0,0,5828,0,0,0,0,0,0,0,0,0,0,0,0,0,0,0
1,control_final,original,cross_camera,active,cnn_RGB_residual,576,576,576,0,0,0,576,0,0,0,0,0,0,0,0,0,0,0,0,0,0,0
1,control_final,original,cross_camera,active,cnn_NI_residual,899,899,899,0,0,0,899,0,0,0,0,0,0,0,0,0,0,0,0,0,0,0
1,control_final,original,cross_camera,active,cnn_TI_residual,502,502,502,0,0,0,502,0,0,0,0,0,0,0,0,0,0,0,0,0,0,0
1,control_final,original,cross_camera,active,transformer_RGB_residual,486,486,486,0,0,0,486,0,0,0,0,0,0,0,0,0,0,0,0,0,0,0
1,control_final,original,cross_camera,active,transformer_NI_residual,900,900,900,0,0,0,900,0,0,0,0,0,0,0,0,0,0,0,0,0,0,0
1,control_final,original,cross_camera,active,transformer_TI_residual,576,576,576,0,0,0,576,0,0,0,0,0,0,0,0,0,0,0,0,0,0,0
1,control_final,original,cross_camera,active,mamba_RGB_residual,697,697,697,0,0,0,697,0,0,0,0,0,0,0,0,0,0,0,0,0,0,0
1,control_final,original,cross_camera,active,mamba_NI_residual,1799,1799,1799,0,0,0,1799,0,0,0,0,0,0,0,0,0,0,0,0,0,0,0
1,control_final,original,cross_camera,active,mamba_TI_residual,687,687,687,0,0,0,687,0,0,0,0,0,0,0,0,0,0,0,0,0,0,0
1,control_final,registered_style,identity,active,cnn_RGB_residual,41543,41338,41408,107,135,0,41301,0,107,0,37,0,98,0,0,0,0,0,0,0,0,0
1,control_final,registered_style,identity,active,cnn_NI_residual,56811,56601,56655,106,156,0,56549,0,106,0,52,0,104,0,0,0,0,0,0,0,0,0
1,control_final,registered_style,identity,active,cnn_TI_residual,17452,17437,17430,8,22,0,17422,0,8,0,15,0,7,0,0,0,0,0,0,0,0,0
1,control_final,registered_style,identity,active,transformer_RGB_residual,97608,96834,97449,634,159,0,96815,0,634,0,19,0,140,0,0,0,0,0,0,0,0,0
1,control_final,registered_style,identity,active,transformer_NI_residual,89673,88888,89516,649,157,0,88867,0,649,0,21,0,136,0,0,0,0,0,0,0,0,0
1,control_final,registered_style,identity,active,transformer_TI_residual,24117,23937,24072,136,45,0,23936,0,136,0,1,0,44,0,0,0,0,0,0,0,0,0
1,control_final,registered_style,identity,active,mamba_RGB_residual,43162,42953,43029,125,133,0,42904,0,125,0,49,0,84,0,0,0,0,0,0,0,0,0
1,control_final,registered_style,identity,active,mamba_NI_residual,64812,64602,64653,119,159,0,64534,0,119,0,68,0,91,0,0,0,0,0,0,0,0,0
1,control_final,registered_style,identity,active,mamba_TI_residual,23526,23489,23506,21,20,0,23485,0,21,0,4,0,16,0,0,0,0,0,0,0,0,0
1,control_final,registered_style,cross_camera,active,cnn_RGB_residual,5588,5483,5520,51,68,0,5469,0,51,0,14,0,54,0,0,0,0,0,0,0,0,0
1,control_final,registered_style,cross_camera,active,cnn_NI_residual,11809,11682,11713,56,96,0,11657,0,56,0,25,0,71,0,0,0,0,0,0,0,0,0
1,control_final,registered_style,cross_camera,active,cnn_TI_residual,1811,1804,1801,2,10,0,1799,0,2,0,5,0,5,0,0,0,0,0,0,0,0,0
1,control_final,registered_style,cross_camera,active,transformer_RGB_residual,10308,10049,10221,181,87,0,10040,0,181,0,9,0,78,0,0,0,0,0,0,0,0,0
1,control_final,registered_style,cross_camera,active,transformer_NI_residual,13971,13654,13869,228,102,0,13641,0,228,0,13,0,89,0,0,0,0,0,0,0,0,0
1,control_final,registered_style,cross_camera,active,transformer_TI_residual,2131,2091,2123,32,8,0,2091,0,32,0,0,0,8,0,0,0,0,0,0,0,0,0
1,control_final,registered_style,cross_camera,active,mamba_RGB_residual,5943,5867,5880,37,63,0,5843,0,37,0,24,0,39,0,0,0,0,0,0,0,0,0
1,control_final,registered_style,cross_camera,active,mamba_NI_residual,14005,13910,13907,48,98,0,13859,0,48,0,51,0,47,0,0,0,0,0,0,0,0,0
1,control_final,registered_style,cross_camera,active,mamba_TI_residual,2121,2117,2116,2,5,0,2114,0,2,0,3,0,2,0,0,0,0,0,0,0,0,0
1,style_final,original,identity,active,cnn_RGB_residual,5142,5142,5142,0,0,0,5142,0,0,0,0,0,0,0,0,0,0,0,0,0,0,0
1,style_final,original,identity,active,cnn_NI_residual,7185,7185,7185,0,0,0,7185,0,0,0,0,0,0,0,0,0,0,0,0,0,0,0
1,style_final,original,identity,active,cnn_TI_residual,4976,4976,4976,0,0,0,4976,0,0,0,0,0,0,0,0,0,0,0,0,0,0,0
1,style_final,original,identity,active,transformer_RGB_residual,5830,5830,5830,0,0,0,5830,0,0,0,0,0,0,0,0,0,0,0,0,0,0,0
1,style_final,original,identity,active,transformer_NI_residual,9477,9477,9477,0,0,0,9477,0,0,0,0,0,0,0,0,0,0,0,0,0,0,0
1,style_final,original,identity,active,transformer_TI_residual,4247,4247,4247,0,0,0,4247,0,0,0,0,0,0,0,0,0,0,0,0,0,0,0
1,style_final,original,identity,active,mamba_RGB_residual,6362,6362,6362,0,0,0,6362,0,0,0,0,0,0,0,0,0,0,0,0,0,0,0
1,style_final,original,identity,active,mamba_NI_residual,9065,9064,9065,1,0,0,9064,0,1,0,0,0,0,0,0,0,0,0,0,0,0,0
1,style_final,original,identity,active,mamba_TI_residual,5617,5616,5617,1,0,0,5616,0,1,0,0,0,0,0,0,0,0,0,0,0,0,0
1,style_final,original,cross_camera,active,cnn_RGB_residual,535,535,535,0,0,0,535,0,0,0,0,0,0,0,0,0,0,0,0,0,0,0
1,style_final,original,cross_camera,active,cnn_NI_residual,1119,1119,1119,0,0,0,1119,0,0,0,0,0,0,0,0,0,0,0,0,0,0,0
1,style_final,original,cross_camera,active,cnn_TI_residual,544,544,544,0,0,0,544,0,0,0,0,0,0,0,0,0,0,0,0,0,0,0
1,style_final,original,cross_camera,active,transformer_RGB_residual,714,714,714,0,0,0,714,0,0,0,0,0,0,0,0,0,0,0,0,0,0,0
1,style_final,original,cross_camera,active,transformer_NI_residual,1452,1452,1452,0,0,0,1452,0,0,0,0,0,0,0,0,0,0,0,0,0,0,0
1,style_final,original,cross_camera,active,transformer_TI_residual,416,416,416,0,0,0,416,0,0,0,0,0,0,0,0,0,0,0,0,0,0,0
1,style_final,original,cross_camera,active,mamba_RGB_residual,750,750,750,0,0,0,750,0,0,0,0,0,0,0,0,0,0,0,0,0,0,0
1,style_final,original,cross_camera,active,mamba_NI_residual,1399,1399,1399,0,0,0,1399,0,0,0,0,0,0,0,0,0,0,0,0,0,0,0
1,style_final,original,cross_camera,active,mamba_TI_residual,590,590,590,0,0,0,590,0,0,0,0,0,0,0,0,0,0,0,0,0,0,0
1,style_final,registered_style,identity,active,cnn_RGB_residual,10806,10806,10806,0,0,0,10806,0,0,0,0,0,0,0,0,0,0,0,0,0,0,0
1,style_final,registered_style,identity,active,cnn_NI_residual,15536,15536,15536,0,0,0,15536,0,0,0,0,0,0,0,0,0,0,0,0,0,0,0
1,style_final,registered_style,identity,active,cnn_TI_residual,8684,8684,8684,0,0,0,8684,0,0,0,0,0,0,0,0,0,0,0,0,0,0,0
1,style_final,registered_style,identity,active,transformer_RGB_residual,15111,15110,15111,1,0,0,15110,0,1,0,0,0,0,0,0,0,0,0,0,0,0,0
1,style_final,registered_style,identity,active,transformer_NI_residual,22875,22871,22875,4,0,0,22871,0,4,0,0,0,0,0,0,0,0,0,0,0,0,0
1,style_final,registered_style,identity,active,transformer_TI_residual,8671,8666,8671,5,0,0,8666,0,5,0,0,0,0,0,0,0,0,0,0,0,0,0
1,style_final,registered_style,identity,active,mamba_RGB_residual,12909,12909,12909,0,0,0,12909,0,0,0,0,0,0,0,0,0,0,0,0,0,0,0
1,style_final,registered_style,identity,active,mamba_NI_residual,19589,19589,19589,0,0,0,19589,0,0,0,0,0,0,0,0,0,0,0,0,0,0,0
1,style_final,registered_style,identity,active,mamba_TI_residual,10561,10560,10561,1,0,0,10560,0,1,0,0,0,0,0,0,0,0,0,0,0,0,0
1,style_final,registered_style,cross_camera,active,cnn_RGB_residual,1407,1407,1407,0,0,0,1407,0,0,0,0,0,0,0,0,0,0,0,0,0,0,0
1,style_final,registered_style,cross_camera,active,cnn_NI_residual,2745,2745,2745,0,0,0,2745,0,0,0,0,0,0,0,0,0,0,0,0,0,0,0
1,style_final,registered_style,cross_camera,active,cnn_TI_residual,841,841,841,0,0,0,841,0,0,0,0,0,0,0,0,0,0,0,0,0,0,0
1,style_final,registered_style,cross_camera,active,transformer_RGB_residual,2100,2100,2100,0,0,0,2100,0,0,0,0,0,0,0,0,0,0,0,0,0,0,0
1,style_final,registered_style,cross_camera,active,transformer_NI_residual,3592,3592,3592,0,0,0,3592,0,0,0,0,0,0,0,0,0,0,0,0,0,0,0
1,style_final,registered_style,cross_camera,active,transformer_TI_residual,811,811,811,0,0,0,811,0,0,0,0,0,0,0,0,0,0,0,0,0,0,0
1,style_final,registered_style,cross_camera,active,mamba_RGB_residual,1833,1833,1833,0,0,0,1833,0,0,0,0,0,0,0,0,0,0,0,0,0,0,0
1,style_final,registered_style,cross_camera,active,mamba_NI_residual,3570,3570,3570,0,0,0,3570,0,0,0,0,0,0,0,0,0,0,0,0,0,0,0
1,style_final,registered_style,cross_camera,active,mamba_TI_residual,1080,1080,1080,0,0,0,1080,0,0,0,0,0,0,0,0,0,0,0,0,0,0,0
2,initial,original,identity,active,cnn_RGB_residual,8571,8566,8571,5,0,0,8564,0,4,0,0,0,0,0,2,0,1,0,0,0,0,0
2,initial,original,identity,active,cnn_NI_residual,13265,13261,13265,4,0,0,13259,0,3,0,0,0,0,0,2,0,1,0,0,0,0,0
2,initial,original,identity,active,cnn_TI_residual,9245,9245,9245,0,0,0,9244,0,0,0,0,0,0,0,1,0,0,0,0,0,0,0
2,initial,original,identity,active,transformer_RGB_residual,4346,4346,4346,0,0,0,4346,0,0,0,0,0,0,0,0,0,0,0,0,0,0,0
2,initial,original,identity,active,transformer_NI_residual,8948,8948,8948,0,0,0,8944,0,0,0,0,0,0,0,4,0,0,0,0,0,0,0
2,initial,original,identity,active,transformer_TI_residual,6693,6693,6693,0,0,0,6693,0,0,0,0,0,0,0,0,0,0,0,0,0,0,0
2,initial,original,identity,active,mamba_RGB_residual,8533,8529,8533,4,0,0,8529,0,4,0,0,0,0,0,0,0,0,0,0,0,0,0
2,initial,original,identity,active,mamba_NI_residual,15805,15799,15805,6,0,0,15797,0,6,0,0,0,0,0,2,0,0,0,0,0,0,0
2,initial,original,identity,active,mamba_TI_residual,8914,8913,8914,1,0,0,8913,0,1,0,0,0,0,0,0,0,0,0,0,0,0,0
2,initial,original,cross_camera,active,cnn_RGB_residual,699,699,699,0,0,0,699,0,0,0,0,0,0,0,0,0,0,0,0,0,0,0
2,initial,original,cross_camera,active,cnn_NI_residual,1536,1536,1536,0,0,0,1536,0,0,0,0,0,0,0,0,0,0,0,0,0,0,0
2,initial,original,cross_camera,active,cnn_TI_residual,1058,1058,1058,0,0,0,1058,0,0,0,0,0,0,0,0,0,0,0,0,0,0,0
2,initial,original,cross_camera,active,transformer_RGB_residual,513,513,513,0,0,0,513,0,0,0,0,0,0,0,0,0,0,0,0,0,0,0
2,initial,original,cross_camera,active,transformer_NI_residual,1156,1156,1156,0,0,0,1156,0,0,0,0,0,0,0,0,0,0,0,0,0,0,0
2,initial,original,cross_camera,active,transformer_TI_residual,738,738,738,0,0,0,738,0,0,0,0,0,0,0,0,0,0,0,0,0,0,0
2,initial,original,cross_camera,active,mamba_RGB_residual,744,744,744,0,0,0,744,0,0,0,0,0,0,0,0,0,0,0,0,0,0,0
2,initial,original,cross_camera,active,mamba_NI_residual,1822,1822,1822,0,0,0,1822,0,0,0,0,0,0,0,0,0,0,0,0,0,0,0
2,initial,original,cross_camera,active,mamba_TI_residual,1094,1094,1094,0,0,0,1094,0,0,0,0,0,0,0,0,0,0,0,0,0,0,0
2,initial,registered_style,identity,active,cnn_RGB_residual,80789,79894,80231,468,539,19,79763,0,466,0,131,0,408,17,0,1,2,0,0,0,0,1
2,initial,registered_style,identity,active,cnn_NI_residual,96719,95813,96100,446,598,21,95654,0,444,0,159,0,439,19,0,1,2,0,0,0,0,1
2,initial,registered_style,identity,active,cnn_TI_residual,23383,23159,23229,94,137,17,23135,0,94,0,24,0,113,17,0,0,0,0,0,0,0,0
2,initial,registered_style,identity,active,transformer_RGB_residual,101677,100561,101187,742,477,13,100443,0,742,0,116,1,361,10,2,1,0,0,0,1,0,0
2,initial,registered_style,identity,active,transformer_NI_residual,139714,138350,139045,875,645,24,138168,0,875,0,180,2,465,20,2,1,0,0,0,1,0,0
2,initial,registered_style,identity,active,transformer_TI_residual,28414,28023,28197,225,199,18,27972,0,225,0,51,1,148,17,0,0,0,0,0,0,0,0
2,initial,registered_style,identity,active,mamba_RGB_residual,85558,84536,84982,553,555,21,84427,0,553,0,107,0,448,19,2,0,0,1,0,0,0,1
2,initial,registered_style,identity,active,mamba_NI_residual,121391,120145,120741,700,629,21,120040,0,700,0,104,0,525,19,1,0,0,1,0,0,0,1
2,initial,registered_style,identity,active,mamba_TI_residual,25595,25197,25405,234,176,14,25171,0,234,0,26,0,150,14,0,0,0,0,0,0,0,0
2,initial,registered_style,cross_camera,active,cnn_RGB_residual,6135,6047,6077,41,58,0,6036,0,41,0,11,0,47,0,0,0,0,0,0,0,0,0
2,initial,registered_style,cross_camera,active,cnn_NI_residual,10282,10190,10228,46,54,0,10182,0,46,0,8,0,46,0,0,0,0,0,0,0,0,0
2,initial,registered_style,cross_camera,active,cnn_TI_residual,2978,2957,2969,13,9,0,2956,0,13,0,1,0,8,0,0,0,0,0,0,0,0,0
2,initial,registered_style,cross_camera,active,transformer_RGB_residual,7584,7478,7546,80,38,0,7466,0,80,0,12,0,26,0,0,0,0,0,0,0,0,0
2,initial,registered_style,cross_camera,active,transformer_NI_residual,15324,15222,15266,69,58,0,15197,0,69,0,25,0,33,0,0,0,0,0,0,0,0,0
2,initial,registered_style,cross_camera,active,transformer_TI_residual,3178,3138,3164,29,14,0,3135,0,29,0,3,0,11,0,0,0,0,0,0,0,0,0
2,initial,registered_style,cross_camera,active,mamba_RGB_residual,6811,6738,6765,30,46,0,6735,0,30,0,3,0,43,0,0,0,0,0,0,0,0,0
2,initial,registered_style,cross_camera,active,mamba_NI_residual,13059,12952,13000,51,59,0,12949,0,51,0,3,0,56,0,0,0,0,0,0,0,0,0
2,initial,registered_style,cross_camera,active,mamba_TI_residual,2943,2917,2931,14,12,0,2917,0,14,0,0,0,12,0,0,0,0,0,0,0,0,0
2,control_final,original,identity,active,cnn_RGB_residual,4326,4326,4326,0,0,0,4326,0,0,0,0,0,0,0,0,0,0,0,0,0,0,0
2,control_final,original,identity,active,cnn_NI_residual,7187,7187,7187,0,0,0,7187,0,0,0,0,0,0,0,0,0,0,0,0,0,0,0
2,control_final,original,identity,active,cnn_TI_residual,4313,4313,4313,0,0,0,4313,0,0,0,0,0,0,0,0,0,0,0,0,0,0,0
2,control_final,original,identity,active,transformer_RGB_residual,4041,4041,4041,0,0,0,4041,0,0,0,0,0,0,0,0,0,0,0,0,0,0,0
2,control_final,original,identity,active,transformer_NI_residual,8210,8210,8210,0,0,0,8208,0,0,0,0,0,0,0,2,0,0,0,0,0,0,0
2,control_final,original,identity,active,transformer_TI_residual,4910,4910,4910,0,0,0,4910,0,0,0,0,0,0,0,0,0,0,0,0,0,0,0
2,control_final,original,identity,active,mamba_RGB_residual,5805,5805,5805,0,0,0,5805,0,0,0,0,0,0,0,0,0,0,0,0,0,0,0
2,control_final,original,identity,active,mamba_NI_residual,11097,11097,11097,0,0,0,11096,0,0,0,0,0,0,0,1,0,0,0,0,0,0,0
2,control_final,original,identity,active,mamba_TI_residual,5776,5776,5776,0,0,0,5776,0,0,0,0,0,0,0,0,0,0,0,0,0,0,0
2,control_final,original,cross_camera,active,cnn_RGB_residual,337,337,337,0,0,0,337,0,0,0,0,0,0,0,0,0,0,0,0,0,0,0
2,control_final,original,cross_camera,active,cnn_NI_residual,869,869,869,0,0,0,869,0,0,0,0,0,0,0,0,0,0,0,0,0,0,0
2,control_final,original,cross_camera,active,cnn_TI_residual,399,399,399,0,0,0,399,0,0,0,0,0,0,0,0,0,0,0,0,0,0,0
2,control_final,original,cross_camera,active,transformer_RGB_residual,249,249,249,0,0,0,249,0,0,0,0,0,0,0,0,0,0,0,0,0,0,0
2,control_final,original,cross_camera,active,transformer_NI_residual,887,887,887,0,0,0,887,0,0,0,0,0,0,0,0,0,0,0,0,0,0,0
2,control_final,original,cross_camera,active,transformer_TI_residual,336,336,336,0,0,0,336,0,0,0,0,0,0,0,0,0,0,0,0,0,0,0
2,control_final,original,cross_camera,active,mamba_RGB_residual,524,524,524,0,0,0,524,0,0,0,0,0,0,0,0,0,0,0,0,0,0,0
2,control_final,original,cross_camera,active,mamba_NI_residual,1411,1411,1411,0,0,0,1411,0,0,0,0,0,0,0,0,0,0,0,0,0,0,0
2,control_final,original,cross_camera,active,mamba_TI_residual,545,545,545,0,0,0,545,0,0,0,0,0,0,0,0,0,0,0,0,0,0,0
2,control_final,registered_style,identity,active,cnn_RGB_residual,60948,60677,60642,111,304,2,60530,0,111,0,146,0,158,2,1,0,0,0,0,0,0,0
2,control_final,registered_style,identity,active,cnn_NI_residual,71570,71268,71215,110,350,5,71102,0,110,0,163,0,187,5,3,0,0,0,0,0,0,0
2,control_final,registered_style,identity,active,cnn_TI_residual,14778,14708,14714,20,59,5,14694,0,20,0,14,0,45,5,0,0,0,0,0,0,0,0
2,control_final,registered_style,identity,active,transformer_RGB_residual,107585,106452,107290,881,292,3,106405,0,881,0,43,0,249,3,4,0,0,0,0,0,0,0
2,control_final,registered_style,identity,active,transformer_NI_residual,132314,130911,131889,1049,419,6,130836,0,1049,0,71,0,348,6,4,0,0,0,0,0,0,0
2,control_final,registered_style,identity,active,transformer_TI_residual,21992,21699,21858,177,130,4,21681,0,177,0,18,0,112,4,0,0,0,0,0,0,0,0
2,control_final,registered_style,identity,active,mamba_RGB_residual,71494,70945,71166,273,322,6,70893,0,273,0,52,0,270,6,0,0,0,0,0,0,0,0
2,control_final,registered_style,identity,active,mamba_NI_residual,104885,104188,104497,375,383,5,104121,0,375,0,66,0,317,5,1,0,0,0,0,0,0,0
2,control_final,registered_style,identity,active,mamba_TI_residual,20158,19927,20048,133,107,3,19915,0,133,0,12,0,95,3,0,0,0,0,0,0,0,0
2,control_final,registered_style,cross_camera,active,cnn_RGB_residual,4843,4783,4784,15,59,0,4769,0,15,0,14,0,45,0,0,0,0,0,0,0,0,0
2,control_final,registered_style,cross_camera,active,cnn_NI_residual,8450,8384,8391,22,59,0,8369,0,22,0,15,0,44,0,0,0,0,0,0,0,0,0
2,control_final,registered_style,cross_camera,active,cnn_TI_residual,1785,1779,1777,0,8,0,1777,0,0,0,2,0,6,0,0,0,0,0,0,0,0,0
2,control_final,registered_style,cross_camera,active,transformer_RGB_residual,8718,8609,8668,65,50,0,8603,0,65,0,6,0,44,0,0,0,0,0,0,0,0,0
2,control_final,registered_style,cross_camera,active,transformer_NI_residual,15333,15224,15268,60,65,0,15208,0,60,0,16,0,49,0,0,0,0,0,0,0,0,0
2,control_final,registered_style,cross_camera,active,transformer_TI_residual,1786,1769,1776,12,10,0,1764,0,12,0,5,0,5,0,0,0,0,0,0,0,0,0
2,control_final,registered_style,cross_camera,active,mamba_RGB_residual,5837,5770,5790,24,47,0,5766,0,24,0,4,0,43,0,0,0,0,0,0,0,0,0
2,control_final,registered_style,cross_camera,active,mamba_NI_residual,12009,11910,11949,49,60,0,11900,0,49,0,10,0,50,0,0,0,0,0,0,0,0,0
2,control_final,registered_style,cross_camera,active,mamba_TI_residual,2231,2215,2218,5,13,0,2213,0,5,0,2,0,11,0,0,0,0,0,0,0,0,0
2,style_final,original,identity,active,cnn_RGB_residual,5198,5198,5198,0,0,0,5198,0,0,0,0,0,0,0,0,0,0,0,0,0,0,0
2,style_final,original,identity,active,cnn_NI_residual,8523,8523,8523,0,0,0,8523,0,0,0,0,0,0,0,0,0,0,0,0,0,0,0
2,style_final,original,identity,active,cnn_TI_residual,4485,4485,4485,0,0,0,4485,0,0,0,0,0,0,0,0,0,0,0,0,0,0,0
2,style_final,original,identity,active,transformer_RGB_residual,4498,4498,4498,0,0,0,4498,0,0,0,0,0,0,0,0,0,0,0,0,0,0,0
2,style_final,original,identity,active,transformer_NI_residual,7907,7907,7907,0,0,0,7906,0,0,0,0,0,0,0,1,0,0,0,0,0,0,0
2,style_final,original,identity,active,transformer_TI_residual,4205,4205,4205,0,0,0,4205,0,0,0,0,0,0,0,0,0,0,0,0,0,0,0
2,style_final,original,identity,active,mamba_RGB_residual,6578,6577,6578,1,0,0,6576,0,1,0,0,0,0,0,1,0,0,0,0,0,0,0
2,style_final,original,identity,active,mamba_NI_residual,11341,11339,11341,2,0,0,11339,0,2,0,0,0,0,0,0,0,0,0,0,0,0,0
2,style_final,original,identity,active,mamba_TI_residual,6028,6027,6028,1,0,0,6027,0,1,0,0,0,0,0,0,0,0,0,0,0,0,0
2,style_final,original,cross_camera,active,cnn_RGB_residual,452,452,452,0,0,0,452,0,0,0,0,0,0,0,0,0,0,0,0,0,0,0
2,style_final,original,cross_camera,active,cnn_NI_residual,1133,1133,1133,0,0,0,1133,0,0,0,0,0,0,0,0,0,0,0,0,0,0,0
2,style_final,original,cross_camera,active,cnn_TI_residual,445,445,445,0,0,0,445,0,0,0,0,0,0,0,0,0,0,0,0,0,0,0
2,style_final,original,cross_camera,active,transformer_RGB_residual,415,415,415,0,0,0,415,0,0,0,0,0,0,0,0,0,0,0,0,0,0,0
2,style_final,original,cross_camera,active,transformer_NI_residual,1017,1017,1017,0,0,0,1017,0,0,0,0,0,0,0,0,0,0,0,0,0,0,0
2,style_final,original,cross_camera,active,transformer_TI_residual,293,293,293,0,0,0,293,0,0,0,0,0,0,0,0,0,0,0,0,0,0,0
2,style_final,original,cross_camera,active,mamba_RGB_residual,567,567,567,0,0,0,567,0,0,0,0,0,0,0,0,0,0,0,0,0,0,0
2,style_final,original,cross_camera,active,mamba_NI_residual,1457,1457,1457,0,0,0,1457,0,0,0,0,0,0,0,0,0,0,0,0,0,0,0
2,style_final,original,cross_camera,active,mamba_TI_residual,613,613,613,0,0,0,613,0,0,0,0,0,0,0,0,0,0,0,0,0,0,0
2,style_final,registered_style,identity,active,cnn_RGB_residual,15095,15076,15087,11,7,1,15076,0,11,0,0,0,7,1,0,0,0,0,0,0,0,0
2,style_final,registered_style,identity,active,cnn_NI_residual,21849,21846,21847,1,2,0,21843,0,1,0,0,0,2,0,3,0,0,0,0,0,0,0
2,style_final,registered_style,identity,active,cnn_TI_residual,8576,8565,8572,7,3,1,8565,0,7,0,0,0,3,1,0,0,0,0,0,0,0,0
2,style_final,registered_style,identity,active,transformer_RGB_residual,16514,16511,16512,2,2,0,16510,0,2,0,1,0,1,0,0,0,0,0,0,0,0,0
2,style_final,registered_style,identity,active,transformer_NI_residual,24969,24965,24962,2,6,1,24956,0,2,0,5,1,1,0,4,0,0,0,0,0,0,0
2,style_final,registered_style,identity,active,transformer_TI_residual,9110,9109,9106,0,3,1,9106,0,0,0,3,1,0,0,0,0,0,0,0,0,0,0
2,style_final,registered_style,identity,active,mamba_RGB_residual,18576,18546,18568,22,7,1,18545,0,22,0,0,0,7,1,1,0,0,0,0,0,0,0
2,style_final,registered_style,identity,active,mamba_NI_residual,28413,28399,28408,9,4,1,28397,0,9,0,0,0,4,1,2,0,0,0,0,0,0,0
2,style_final,registered_style,identity,active,mamba_TI_residual,12165,12140,12159,19,5,1,12140,0,19,0,0,0,5,1,0,0,0,0,0,0,0,0
2,style_final,registered_style,cross_camera,active,cnn_RGB_residual,1471,1471,1471,0,0,0,1471,0,0,0,0,0,0,0,0,0,0,0,0,0,0,0
2,style_final,registered_style,cross_camera,active,cnn_NI_residual,3310,3310,3310,0,0,0,3310,0,0,0,0,0,0,0,0,0,0,0,0,0,0,0
2,style_final,registered_style,cross_camera,active,cnn_TI_residual,859,858,859,1,0,0,858,0,1,0,0,0,0,0,0,0,0,0,0,0,0,0
2,style_final,registered_style,cross_camera,active,transformer_RGB_residual,2103,2103,2103,0,0,0,2103,0,0,0,0,0,0,0,0,0,0,0,0,0,0,0
2,style_final,registered_style,cross_camera,active,transformer_NI_residual,3447,3447,3447,0,0,0,3447,0,0,0,0,0,0,0,0,0,0,0,0,0,0,0
2,style_final,registered_style,cross_camera,active,transformer_TI_residual,836,836,836,0,0,0,836,0,0,0,0,0,0,0,0,0,0,0,0,0,0,0
2,style_final,registered_style,cross_camera,active,mamba_RGB_residual,1784,1784,1784,0,0,0,1784,0,0,0,0,0,0,0,0,0,0,0,0,0,0,0
2,style_final,registered_style,cross_camera,active,mamba_NI_residual,4197,4197,4197,0,0,0,4197,0,0,0,0,0,0,0,0,0,0,0,0,0,0,0
2,style_final,registered_style,cross_camera,active,mamba_TI_residual,1337,1336,1337,1,0,0,1336,0,1,0,0,0,0,0,0,0,0,0,0,0,0,0
2,initial,original,identity,inactive,cnn_RGB_residual,9997,9995,9995,0,0,2,9994,0,0,0,0,0,0,0,1,0,0,0,0,0,0,2
2,initial,original,identity,inactive,cnn_NI_residual,12246,12246,12246,0,0,0,12245,0,0,0,0,0,0,0,1,0,0,0,0,0,0,0
2,initial,original,identity,inactive,cnn_TI_residual,7833,7827,7829,2,0,4,7826,0,2,0,0,0,0,0,1,0,0,2,0,0,0,2
2,initial,original,identity,inactive,transformer_RGB_residual,5724,5721,5722,1,0,2,5718,0,1,0,0,0,0,0,3,0,0,0,0,0,0,2
2,initial,original,identity,inactive,transformer_NI_residual,8084,8084,8084,0,0,0,8083,0,0,0,0,0,0,0,1,0,0,0,0,0,0,0
2,initial,original,identity,inactive,transformer_TI_residual,6029,6024,6025,1,0,4,6024,0,1,0,0,0,0,0,0,1,0,1,0,0,0,2
2,initial,original,identity,inactive,mamba_RGB_residual,10199,10194,10195,1,0,4,10191,0,1,0,0,0,0,0,3,2,0,0,0,0,0,2
2,initial,original,identity,inactive,mamba_NI_residual,15947,15947,15947,0,0,0,15946,0,0,0,0,0,0,0,1,0,0,0,0,0,0,0
2,initial,original,identity,inactive,mamba_TI_residual,8158,8154,8154,0,0,4,8152,0,0,0,0,0,0,0,2,2,0,0,0,0,0,2
2,initial,original,cross_camera,inactive,cnn_RGB_residual,1049,1047,1047,0,0,2,1046,0,0,0,0,0,0,0,1,0,0,0,0,0,0,2
2,initial,original,cross_camera,inactive,cnn_NI_residual,1796,1796,1796,0,0,0,1796,0,0,0,0,0,0,0,0,0,0,0,0,0,0,0
2,initial,original,cross_camera,inactive,cnn_TI_residual,1934,1928,1930,2,0,4,1927,0,2,0,0,0,0,0,1,0,0,2,0,0,0,2
2,initial,original,cross_camera,inactive,transformer_RGB_residual,633,630,631,1,0,2,629,0,1,0,0,0,0,0,1,0,0,0,0,0,0,2
2,initial,original,cross_camera,inactive,transformer_NI_residual,1512,1512,1512,0,0,0,1512,0,0,0,0,0,0,0,0,0,0,0,0,0,0,0
2,initial,original,cross_camera,inactive,transformer_TI_residual,1442,1437,1438,1,0,4,1437,0,1,0,0,0,0,0,0,1,0,1,0,0,0,2
2,initial,original,cross_camera,inactive,mamba_RGB_residual,985,980,981,1,0,4,979,0,1,0,0,0,0,0,1,2,0,0,0,0,0,2
2,initial,original,cross_camera,inactive,mamba_NI_residual,2199,2199,2199,0,0,0,2199,0,0,0,0,0,0,0,0,0,0,0,0,0,0,0
2,initial,original,cross_camera,inactive,mamba_TI_residual,1832,1828,1828,0,0,4,1827,0,0,0,0,0,0,0,1,2,0,0,0,0,0,2
2,initial,registered_style,identity,inactive,cnn_RGB_residual,9997,9995,9995,0,0,2,9994,0,0,0,0,0,0,0,1,0,0,0,0,0,0,2
2,initial,registered_style,identity,inactive,cnn_NI_residual,12246,12246,12246,0,0,0,12245,0,0,0,0,0,0,0,1,0,0,0,0,0,0,0
2,initial,registered_style,identity,inactive,cnn_TI_residual,7833,7827,7829,2,0,4,7826,0,2,0,0,0,0,0,1,0,0,2,0,0,0,2
2,initial,registered_style,identity,inactive,transformer_RGB_residual,5724,5721,5722,1,0,2,5718,0,1,0,0,0,0,0,3,0,0,0,0,0,0,2
2,initial,registered_style,identity,inactive,transformer_NI_residual,8084,8084,8084,0,0,0,8083,0,0,0,0,0,0,0,1,0,0,0,0,0,0,0
2,initial,registered_style,identity,inactive,transformer_TI_residual,6029,6024,6025,1,0,4,6024,0,1,0,0,0,0,0,0,1,0,1,0,0,0,2
2,initial,registered_style,identity,inactive,mamba_RGB_residual,10199,10194,10195,1,0,4,10191,0,1,0,0,0,0,0,3,2,0,0,0,0,0,2
2,initial,registered_style,identity,inactive,mamba_NI_residual,15947,15947,15947,0,0,0,15946,0,0,0,0,0,0,0,1,0,0,0,0,0,0,0
2,initial,registered_style,identity,inactive,mamba_TI_residual,8158,8154,8154,0,0,4,8152,0,0,0,0,0,0,0,2,2,0,0,0,0,0,2
2,initial,registered_style,cross_camera,inactive,cnn_RGB_residual,1049,1047,1047,0,0,2,1046,0,0,0,0,0,0,0,1,0,0,0,0,0,0,2
2,initial,registered_style,cross_camera,inactive,cnn_NI_residual,1796,1796,1796,0,0,0,1796,0,0,0,0,0,0,0,0,0,0,0,0,0,0,0
2,initial,registered_style,cross_camera,inactive,cnn_TI_residual,1934,1928,1930,2,0,4,1927,0,2,0,0,0,0,0,1,0,0,2,0,0,0,2
2,initial,registered_style,cross_camera,inactive,transformer_RGB_residual,633,630,631,1,0,2,629,0,1,0,0,0,0,0,1,0,0,0,0,0,0,2
2,initial,registered_style,cross_camera,inactive,transformer_NI_residual,1512,1512,1512,0,0,0,1512,0,0,0,0,0,0,0,0,0,0,0,0,0,0,0
2,initial,registered_style,cross_camera,inactive,transformer_TI_residual,1442,1437,1438,1,0,4,1437,0,1,0,0,0,0,0,0,1,0,1,0,0,0,2
2,initial,registered_style,cross_camera,inactive,mamba_RGB_residual,985,980,981,1,0,4,979,0,1,0,0,0,0,0,1,2,0,0,0,0,0,2
2,initial,registered_style,cross_camera,inactive,mamba_NI_residual,2199,2199,2199,0,0,0,2199,0,0,0,0,0,0,0,0,0,0,0,0,0,0,0
2,initial,registered_style,cross_camera,inactive,mamba_TI_residual,1832,1828,1828,0,0,4,1827,0,0,0,0,0,0,0,1,2,0,0,0,0,0,2
2,control_final,original,identity,inactive,cnn_RGB_residual,5144,5144,5144,0,0,0,5142,0,0,0,0,0,0,0,2,0,0,0,0,0,0,0
2,control_final,original,identity,inactive,cnn_NI_residual,7073,7073,7073,0,0,0,7073,0,0,0,0,0,0,0,0,0,0,0,0,0,0,0
2,control_final,original,identity,inactive,cnn_TI_residual,3998,3998,3998,0,0,0,3995,0,0,0,0,0,0,0,3,0,0,0,0,0,0,0
2,control_final,original,identity,inactive,transformer_RGB_residual,4604,4604,4604,0,0,0,4601,0,0,0,0,0,0,0,3,0,0,0,0,0,0,0
2,control_final,original,identity,inactive,transformer_NI_residual,7490,7490,7490,0,0,0,7490,0,0,0,0,0,0,0,0,0,0,0,0,0,0,0
2,control_final,original,identity,inactive,transformer_TI_residual,4347,4347,4347,0,0,0,4345,0,0,0,0,0,0,0,2,0,0,0,0,0,0,0
2,control_final,original,identity,inactive,mamba_RGB_residual,6535,6535,6535,0,0,0,6529,0,0,0,0,0,0,0,6,0,0,0,0,0,0,0
2,control_final,original,identity,inactive,mamba_NI_residual,11233,11233,11233,0,0,0,11233,0,0,0,0,0,0,0,0,0,0,0,0,0,0,0
2,control_final,original,identity,inactive,mamba_TI_residual,5337,5337,5337,0,0,0,5333,0,0,0,0,0,0,0,4,0,0,0,0,0,0,0
2,control_final,original,cross_camera,inactive,cnn_RGB_residual,567,567,567,0,0,0,565,0,0,0,0,0,0,0,2,0,0,0,0,0,0,0
2,control_final,original,cross_camera,inactive,cnn_NI_residual,1035,1035,1035,0,0,0,1035,0,0,0,0,0,0,0,0,0,0,0,0,0,0,0
2,control_final,original,cross_camera,inactive,cnn_TI_residual,972,972,972,0,0,0,969,0,0,0,0,0,0,0,3,0,0,0,0,0,0,0
2,control_final,original,cross_camera,inactive,transformer_RGB_residual,375,375,375,0,0,0,373,0,0,0,0,0,0,0,2,0,0,0,0,0,0,0
2,control_final,original,cross_camera,inactive,transformer_NI_residual,1113,1113,1113,0,0,0,1113,0,0,0,0,0,0,0,0,0,0,0,0,0,0,0
2,control_final,original,cross_camera,inactive,transformer_TI_residual,709,709,709,0,0,0,707,0,0,0,0,0,0,0,2,0,0,0,0,0,0,0
2,control_final,original,cross_camera,inactive,mamba_RGB_residual,745,745,745,0,0,0,741,0,0,0,0,0,0,0,4,0,0,0,0,0,0,0
2,control_final,original,cross_camera,inactive,mamba_NI_residual,1669,1669,1669,0,0,0,1669,0,0,0,0,0,0,0,0,0,0,0,0,0,0,0
2,control_final,original,cross_camera,inactive,mamba_TI_residual,1168,1168,1168,0,0,0,1164,0,0,0,0,0,0,0,4,0,0,0,0,0,0,0
2,control_final,registered_style,identity,inactive,cnn_RGB_residual,5144,5144,5144,0,0,0,5142,0,0,0,0,0,0,0,2,0,0,0,0,0,0,0
2,control_final,registered_style,identity,inactive,cnn_NI_residual,7073,7073,7073,0,0,0,7073,0,0,0,0,0,0,0,0,0,0,0,0,0,0,0
2,control_final,registered_style,identity,inactive,cnn_TI_residual,3998,3998,3998,0,0,0,3995,0,0,0,0,0,0,0,3,0,0,0,0,0,0,0
2,control_final,registered_style,identity,inactive,transformer_RGB_residual,4604,4604,4604,0,0,0,4601,0,0,0,0,0,0,0,3,0,0,0,0,0,0,0
2,control_final,registered_style,identity,inactive,transformer_NI_residual,7490,7490,7490,0,0,0,7490,0,0,0,0,0,0,0,0,0,0,0,0,0,0,0
2,control_final,registered_style,identity,inactive,transformer_TI_residual,4347,4347,4347,0,0,0,4345,0,0,0,0,0,0,0,2,0,0,0,0,0,0,0
2,control_final,registered_style,identity,inactive,mamba_RGB_residual,6535,6535,6535,0,0,0,6529,0,0,0,0,0,0,0,6,0,0,0,0,0,0,0
2,control_final,registered_style,identity,inactive,mamba_NI_residual,11233,11233,11233,0,0,0,11233,0,0,0,0,0,0,0,0,0,0,0,0,0,0,0
2,control_final,registered_style,identity,inactive,mamba_TI_residual,5337,5337,5337,0,0,0,5333,0,0,0,0,0,0,0,4,0,0,0,0,0,0,0
2,control_final,registered_style,cross_camera,inactive,cnn_RGB_residual,567,567,567,0,0,0,565,0,0,0,0,0,0,0,2,0,0,0,0,0,0,0
2,control_final,registered_style,cross_camera,inactive,cnn_NI_residual,1035,1035,1035,0,0,0,1035,0,0,0,0,0,0,0,0,0,0,0,0,0,0,0
2,control_final,registered_style,cross_camera,inactive,cnn_TI_residual,972,972,972,0,0,0,969,0,0,0,0,0,0,0,3,0,0,0,0,0,0,0
2,control_final,registered_style,cross_camera,inactive,transformer_RGB_residual,375,375,375,0,0,0,373,0,0,0,0,0,0,0,2,0,0,0,0,0,0,0
2,control_final,registered_style,cross_camera,inactive,transformer_NI_residual,1113,1113,1113,0,0,0,1113,0,0,0,0,0,0,0,0,0,0,0,0,0,0,0
2,control_final,registered_style,cross_camera,inactive,transformer_TI_residual,709,709,709,0,0,0,707,0,0,0,0,0,0,0,2,0,0,0,0,0,0,0
2,control_final,registered_style,cross_camera,inactive,mamba_RGB_residual,745,745,745,0,0,0,741,0,0,0,0,0,0,0,4,0,0,0,0,0,0,0
2,control_final,registered_style,cross_camera,inactive,mamba_NI_residual,1669,1669,1669,0,0,0,1669,0,0,0,0,0,0,0,0,0,0,0,0,0,0,0
2,control_final,registered_style,cross_camera,inactive,mamba_TI_residual,1168,1168,1168,0,0,0,1164,0,0,0,0,0,0,0,4,0,0,0,0,0,0,0
2,style_final,original,identity,inactive,cnn_RGB_residual,6749,6749,6749,0,0,0,6745,0,0,0,0,0,0,0,4,0,0,0,0,0,0,0
2,style_final,original,identity,inactive,cnn_NI_residual,8772,8772,8772,0,0,0,8772,0,0,0,0,0,0,0,0,0,0,0,0,0,0,0
2,style_final,original,identity,inactive,cnn_TI_residual,4075,4075,4075,0,0,0,4071,0,0,0,0,0,0,0,4,0,0,0,0,0,0,0
2,style_final,original,identity,inactive,transformer_RGB_residual,5276,5276,5276,0,0,0,5274,0,0,0,0,0,0,0,2,0,0,0,0,0,0,0
2,style_final,original,identity,inactive,transformer_NI_residual,7409,7409,7409,0,0,0,7409,0,0,0,0,0,0,0,0,0,0,0,0,0,0,0
2,style_final,original,identity,inactive,transformer_TI_residual,3111,3111,3111,0,0,0,3111,0,0,0,0,0,0,0,0,0,0,0,0,0,0,0
2,style_final,original,identity,inactive,mamba_RGB_residual,7662,7662,7662,0,0,0,7656,0,0,0,0,0,0,0,6,0,0,0,0,0,0,0
2,style_final,original,identity,inactive,mamba_NI_residual,11440,11440,11440,0,0,0,11439,0,0,0,0,0,0,0,1,0,0,0,0,0,0,0
2,style_final,original,identity,inactive,mamba_TI_residual,5323,5323,5323,0,0,0,5319,0,0,0,0,0,0,0,4,0,0,0,0,0,0,0
2,style_final,original,cross_camera,inactive,cnn_RGB_residual,851,851,851,0,0,0,847,0,0,0,0,0,0,0,4,0,0,0,0,0,0,0
2,style_final,original,cross_camera,inactive,cnn_NI_residual,1552,1552,1552,0,0,0,1552,0,0,0,0,0,0,0,0,0,0,0,0,0,0,0
2,style_final,original,cross_camera,inactive,cnn_TI_residual,854,854,854,0,0,0,850,0,0,0,0,0,0,0,4,0,0,0,0,0,0,0
2,style_final,original,cross_camera,inactive,transformer_RGB_residual,535,535,535,0,0,0,534,0,0,0,0,0,0,0,1,0,0,0,0,0,0,0
2,style_final,original,cross_camera,inactive,transformer_NI_residual,1204,1204,1204,0,0,0,1204,0,0,0,0,0,0,0,0,0,0,0,0,0,0,0
2,style_final,original,cross_camera,inactive,transformer_TI_residual,531,531,531,0,0,0,531,0,0,0,0,0,0,0,0,0,0,0,0,0,0,0
2,style_final,original,cross_camera,inactive,mamba_RGB_residual,818,818,818,0,0,0,814,0,0,0,0,0,0,0,4,0,0,0,0,0,0,0
2,style_final,original,cross_camera,inactive,mamba_NI_residual,1742,1742,1742,0,0,0,1742,0,0,0,0,0,0,0,0,0,0,0,0,0,0,0
2,style_final,original,cross_camera,inactive,mamba_TI_residual,1150,1150,1150,0,0,0,1146,0,0,0,0,0,0,0,4,0,0,0,0,0,0,0
2,style_final,registered_style,identity,inactive,cnn_RGB_residual,6749,6749,6749,0,0,0,6745,0,0,0,0,0,0,0,4,0,0,0,0,0,0,0
2,style_final,registered_style,identity,inactive,cnn_NI_residual,8772,8772,8772,0,0,0,8772,0,0,0,0,0,0,0,0,0,0,0,0,0,0,0
2,style_final,registered_style,identity,inactive,cnn_TI_residual,4075,4075,4075,0,0,0,4071,0,0,0,0,0,0,0,4,0,0,0,0,0,0,0
2,style_final,registered_style,identity,inactive,transformer_RGB_residual,5276,5276,5276,0,0,0,5274,0,0,0,0,0,0,0,2,0,0,0,0,0,0,0
2,style_final,registered_style,identity,inactive,transformer_NI_residual,7409,7409,7409,0,0,0,7409,0,0,0,0,0,0,0,0,0,0,0,0,0,0,0
2,style_final,registered_style,identity,inactive,transformer_TI_residual,3111,3111,3111,0,0,0,3111,0,0,0,0,0,0,0,0,0,0,0,0,0,0,0
2,style_final,registered_style,identity,inactive,mamba_RGB_residual,7662,7662,7662,0,0,0,7656,0,0,0,0,0,0,0,6,0,0,0,0,0,0,0
2,style_final,registered_style,identity,inactive,mamba_NI_residual,11440,11440,11440,0,0,0,11439,0,0,0,0,0,0,0,1,0,0,0,0,0,0,0
2,style_final,registered_style,identity,inactive,mamba_TI_residual,5323,5323,5323,0,0,0,5319,0,0,0,0,0,0,0,4,0,0,0,0,0,0,0
2,style_final,registered_style,cross_camera,inactive,cnn_RGB_residual,851,851,851,0,0,0,847,0,0,0,0,0,0,0,4,0,0,0,0,0,0,0
2,style_final,registered_style,cross_camera,inactive,cnn_NI_residual,1552,1552,1552,0,0,0,1552,0,0,0,0,0,0,0,0,0,0,0,0,0,0,0
2,style_final,registered_style,cross_camera,inactive,cnn_TI_residual,854,854,854,0,0,0,850,0,0,0,0,0,0,0,4,0,0,0,0,0,0,0
2,style_final,registered_style,cross_camera,inactive,transformer_RGB_residual,535,535,535,0,0,0,534,0,0,0,0,0,0,0,1,0,0,0,0,0,0,0
2,style_final,registered_style,cross_camera,inactive,transformer_NI_residual,1204,1204,1204,0,0,0,1204,0,0,0,0,0,0,0,0,0,0,0,0,0,0,0
2,style_final,registered_style,cross_camera,inactive,transformer_TI_residual,531,531,531,0,0,0,531,0,0,0,0,0,0,0,0,0,0,0,0,0,0,0
2,style_final,registered_style,cross_camera,inactive,mamba_RGB_residual,818,818,818,0,0,0,814,0,0,0,0,0,0,0,4,0,0,0,0,0,0,0
2,style_final,registered_style,cross_camera,inactive,mamba_NI_residual,1742,1742,1742,0,0,0,1742,0,0,0,0,0,0,0,0,0,0,0,0,0,0,0
2,style_final,registered_style,cross_camera,inactive,mamba_TI_residual,1150,1150,1150,0,0,0,1146,0,0,0,0,0,0,0,4,0,0,0,0,0,0,0
pooled,initial,original,identity,active,cnn_RGB_residual,26508,26497,26508,11,0,0,26495,0,10,0,0,0,0,0,2,0,1,0,0,0,0,0
pooled,initial,original,identity,active,cnn_NI_residual,42084,42078,42084,6,0,0,42076,0,5,0,0,0,0,0,2,0,1,0,0,0,0,0
pooled,initial,original,identity,active,cnn_TI_residual,32569,32559,32569,10,0,0,32558,0,10,0,0,0,0,0,1,0,0,0,0,0,0,0
pooled,initial,original,identity,active,transformer_RGB_residual,16455,16454,16455,1,0,0,16454,0,1,0,0,0,0,0,0,0,0,0,0,0,0,0
pooled,initial,original,identity,active,transformer_NI_residual,30246,30246,30246,0,0,0,30242,0,0,0,0,0,0,0,4,0,0,0,0,0,0,0
pooled,initial,original,identity,active,transformer_TI_residual,22481,22480,22481,1,0,0,22480,0,1,0,0,0,0,0,0,0,0,0,0,0,0,0
pooled,initial,original,identity,active,mamba_RGB_residual,28212,28199,28212,13,0,0,28199,0,13,0,0,0,0,0,0,0,0,0,0,0,0,0
pooled,initial,original,identity,active,mamba_NI_residual,47135,47119,47135,16,0,0,47117,0,16,0,0,0,0,0,2,0,0,0,0,0,0,0
pooled,initial,original,identity,active,mamba_TI_residual,32613,32604,32613,9,0,0,32604,0,9,0,0,0,0,0,0,0,0,0,0,0,0,0
pooled,initial,original,identity,inactive,cnn_RGB_residual,29965,29959,29963,4,0,2,29956,0,4,0,0,0,0,0,3,0,0,0,0,0,0,2
pooled,initial,original,identity,inactive,cnn_NI_residual,43470,43467,43470,3,0,0,43466,0,3,0,0,0,0,0,1,0,0,0,0,0,0,0
pooled,initial,original,identity,inactive,cnn_TI_residual,28791,28783,28787,4,0,4,28782,0,4,0,0,0,0,0,1,0,0,2,0,0,0,2
pooled,initial,original,identity,inactive,transformer_RGB_residual,18709,18706,18707,1,0,2,18701,0,1,0,0,0,0,0,5,0,0,0,0,0,0,2
pooled,initial,original,identity,inactive,transformer_NI_residual,31466,31466,31466,0,0,0,31465,0,0,0,0,0,0,0,1,0,0,0,0,0,0,0
pooled,initial,original,identity,inactive,transformer_TI_residual,20247,20242,20243,1,0,4,20239,0,1,0,0,0,0,0,3,1,0,1,0,0,0,2
pooled,initial,original,identity,inactive,mamba_RGB_residual,31607,31564,31603,39,0,4,31560,0,39,0,0,0,0,0,4,2,0,0,0,0,0,2
pooled,initial,original,identity,inactive,mamba_NI_residual,48921,48886,48921,35,0,0,48885,0,35,0,0,0,0,0,1,0,0,0,0,0,0,0
pooled,initial,original,identity,inactive,mamba_TI_residual,29717,29708,29713,5,0,4,29704,0,5,0,0,0,0,0,4,2,0,0,0,0,0,2
pooled,initial,original,cross_camera,active,cnn_RGB_residual,3312,3311,3312,1,0,0,3311,0,1,0,0,0,0,0,0,0,0,0,0,0,0,0
pooled,initial,original,cross_camera,active,cnn_NI_residual,6451,6451,6451,0,0,0,6451,0,0,0,0,0,0,0,0,0,0,0,0,0,0,0
pooled,initial,original,cross_camera,active,cnn_TI_residual,5205,5205,5205,0,0,0,5205,0,0,0,0,0,0,0,0,0,0,0,0,0,0,0
pooled,initial,original,cross_camera,active,transformer_RGB_residual,2208,2208,2208,0,0,0,2208,0,0,0,0,0,0,0,0,0,0,0,0,0,0,0
pooled,initial,original,cross_camera,active,transformer_NI_residual,5058,5058,5058,0,0,0,5058,0,0,0,0,0,0,0,0,0,0,0,0,0,0,0
pooled,initial,original,cross_camera,active,transformer_TI_residual,2719,2719,2719,0,0,0,2719,0,0,0,0,0,0,0,0,0,0,0,0,0,0,0
pooled,initial,original,cross_camera,active,mamba_RGB_residual,3873,3872,3873,1,0,0,3872,0,1,0,0,0,0,0,0,0,0,0,0,0,0,0
pooled,initial,original,cross_camera,active,mamba_NI_residual,7856,7853,7856,3,0,0,7853,0,3,0,0,0,0,0,0,0,0,0,0,0,0,0
pooled,initial,original,cross_camera,active,mamba_TI_residual,4917,4916,4917,1,0,0,4916,0,1,0,0,0,0,0,0,0,0,0,0,0,0,0
pooled,initial,original,cross_camera,inactive,cnn_RGB_residual,3225,3222,3223,1,0,2,3220,0,1,0,0,0,0,0,2,0,0,0,0,0,0,2
pooled,initial,original,cross_camera,inactive,cnn_NI_residual,6005,6004,6005,1,0,0,6004,0,1,0,0,0,0,0,0,0,0,0,0,0,0,0
pooled,initial,original,cross_camera,inactive,cnn_TI_residual,5668,5662,5664,2,0,4,5661,0,2,0,0,0,0,0,1,0,0,2,0,0,0,2
pooled,initial,original,cross_camera,inactive,transformer_RGB_residual,1964,1961,1962,1,0,2,1959,0,1,0,0,0,0,0,2,0,0,0,0,0,0,2
pooled,initial,original,cross_camera,inactive,transformer_NI_residual,4526,4526,4526,0,0,0,4526,0,0,0,0,0,0,0,0,0,0,0,0,0,0,0
pooled,initial,original,cross_camera,inactive,transformer_TI_residual,3846,3841,3842,1,0,4,3839,0,1,0,0,0,0,0,2,1,0,1,0,0,0,2
pooled,initial,original,cross_camera,inactive,mamba_RGB_residual,3632,3622,3628,6,0,4,3620,0,6,0,0,0,0,0,2,2,0,0,0,0,0,2
pooled,initial,original,cross_camera,inactive,mamba_NI_residual,7399,7395,7399,4,0,0,7395,0,4,0,0,0,0,0,0,0,0,0,0,0,0,0
pooled,initial,original,cross_camera,inactive,mamba_TI_residual,5528,5523,5524,1,0,4,5521,0,1,0,0,0,0,0,2,2,0,0,0,0,0,2
pooled,initial,registered_style,identity,active,cnn_RGB_residual,189574,187788,188552,999,987,35,187553,0,997,0,235,0,752,33,0,1,2,0,0,0,0,1
pooled,initial,registered_style,identity,active,cnn_NI_residual,248025,246153,246945,1044,1043,37,245901,0,1042,0,252,0,791,35,0,1,2,0,0,0,0,1
pooled,initial,registered_style,identity,active,cnn_TI_residual,90517,89922,90194,330,303,20,89864,0,330,0,58,0,245,20,0,0,0,0,0,0,0,0
pooled,initial,registered_style,identity,active,transformer_RGB_residual,288571,286193,287584,1632,957,30,285950,0,1632,0,241,1,716,27,2,1,0,0,0,1,0,0
pooled,initial,registered_style,identity,active,transformer_NI_residual,334061,331650,332944,1599,1079,38,331343,0,1599,0,305,2,774,34,2,1,0,0,0,1,0,0
pooled,initial,registered_style,identity,active,transformer_TI_residual,90733,90009,90383,467,329,21,89916,0,467,0,93,1,236,20,0,0,0,0,0,0,0,0
pooled,initial,registered_style,identity,active,mamba_RGB_residual,210994,208996,209955,1155,1007,32,208798,0,1155,0,196,0,811,30,2,0,0,1,0,0,0,1
pooled,initial,registered_style,identity,active,mamba_NI_residual,282561,280312,281427,1326,1097,37,280100,0,1326,0,211,0,886,35,1,0,0,1,0,0,0,1
pooled,initial,registered_style,identity,active,mamba_TI_residual,92814,92076,92487,464,310,17,92023,0,464,0,53,0,257,17,0,0,0,0,0,0,0,0
pooled,initial,registered_style,identity,inactive,cnn_RGB_residual,29965,29959,29963,4,0,2,29956,0,4,0,0,0,0,0,3,0,0,0,0,0,0,2
pooled,initial,registered_style,identity,inactive,cnn_NI_residual,43470,43467,43470,3,0,0,43466,0,3,0,0,0,0,0,1,0,0,0,0,0,0,0
pooled,initial,registered_style,identity,inactive,cnn_TI_residual,28791,28783,28787,4,0,4,28782,0,4,0,0,0,0,0,1,0,0,2,0,0,0,2
pooled,initial,registered_style,identity,inactive,transformer_RGB_residual,18709,18706,18707,1,0,2,18701,0,1,0,0,0,0,0,5,0,0,0,0,0,0,2
pooled,initial,registered_style,identity,inactive,transformer_NI_residual,31466,31466,31466,0,0,0,31465,0,0,0,0,0,0,0,1,0,0,0,0,0,0,0
pooled,initial,registered_style,identity,inactive,transformer_TI_residual,20247,20242,20243,1,0,4,20239,0,1,0,0,0,0,0,3,1,0,1,0,0,0,2
pooled,initial,registered_style,identity,inactive,mamba_RGB_residual,31607,31564,31603,39,0,4,31560,0,39,0,0,0,0,0,4,2,0,0,0,0,0,2
pooled,initial,registered_style,identity,inactive,mamba_NI_residual,48921,48886,48921,35,0,0,48885,0,35,0,0,0,0,0,1,0,0,0,0,0,0,0
pooled,initial,registered_style,identity,inactive,mamba_TI_residual,29717,29708,29713,5,0,4,29704,0,5,0,0,0,0,0,4,2,0,0,0,0,0,2
pooled,initial,registered_style,cross_camera,active,cnn_RGB_residual,21821,21392,21605,246,205,11,21359,0,246,0,33,0,172,11,0,0,0,0,0,0,0,0
pooled,initial,registered_style,cross_camera,active,cnn_NI_residual,42136,41656,41908,282,216,12,41626,0,282,0,30,0,186,12,0,0,0,0,0,0,0,0
pooled,initial,registered_style,cross_camera,active,cnn_TI_residual,11280,11169,11225,67,54,1,11158,0,67,0,11,0,43,1,0,0,0,0,0,0,0,0
pooled,initial,registered_style,cross_camera,active,transformer_RGB_residual,26306,25999,26113,165,182,11,25948,0,165,0,51,0,131,11,0,0,0,0,0,0,0,0
pooled,initial,registered_style,cross_camera,active,transformer_NI_residual,44211,43883,43980,168,219,12,43812,0,168,0,71,0,148,12,0,0,0,0,0,0,0,0
pooled,initial,registered_style,cross_camera,active,transformer_TI_residual,9670,9582,9626,59,43,1,9567,0,59,0,15,0,28,1,0,0,0,0,0,0,0,0
pooled,initial,registered_style,cross_camera,active,mamba_RGB_residual,24083,23715,23886,191,189,8,23695,0,191,0,20,0,169,8,0,0,0,0,0,0,0,0
pooled,initial,registered_style,cross_camera,active,mamba_NI_residual,46203,45747,45961,249,230,12,45712,0,249,0,35,0,195,12,0,0,0,0,0,0,0,0
pooled,initial,registered_style,cross_camera,active,mamba_TI_residual,11172,11045,11120,82,51,1,11038,0,82,0,7,0,44,1,0,0,0,0,0,0,0,0
pooled,initial,registered_style,cross_camera,inactive,cnn_RGB_residual,3225,3222,3223,1,0,2,3220,0,1,0,0,0,0,0,2,0,0,0,0,0,0,2
pooled,initial,registered_style,cross_camera,inactive,cnn_NI_residual,6005,6004,6005,1,0,0,6004,0,1,0,0,0,0,0,0,0,0,0,0,0,0,0
pooled,initial,registered_style,cross_camera,inactive,cnn_TI_residual,5668,5662,5664,2,0,4,5661,0,2,0,0,0,0,0,1,0,0,2,0,0,0,2
pooled,initial,registered_style,cross_camera,inactive,transformer_RGB_residual,1964,1961,1962,1,0,2,1959,0,1,0,0,0,0,0,2,0,0,0,0,0,0,2
pooled,initial,registered_style,cross_camera,inactive,transformer_NI_residual,4526,4526,4526,0,0,0,4526,0,0,0,0,0,0,0,0,0,0,0,0,0,0,0
pooled,initial,registered_style,cross_camera,inactive,transformer_TI_residual,3846,3841,3842,1,0,4,3839,0,1,0,0,0,0,0,2,1,0,1,0,0,0,2
pooled,initial,registered_style,cross_camera,inactive,mamba_RGB_residual,3632,3622,3628,6,0,4,3620,0,6,0,0,0,0,0,2,2,0,0,0,0,0,2
pooled,initial,registered_style,cross_camera,inactive,mamba_NI_residual,7399,7395,7399,4,0,0,7395,0,4,0,0,0,0,0,0,0,0,0,0,0,0,0
pooled,initial,registered_style,cross_camera,inactive,mamba_TI_residual,5528,5523,5524,1,0,4,5521,0,1,0,0,0,0,0,2,2,0,0,0,0,0,2
pooled,control_final,original,identity,active,cnn_RGB_residual,13928,13928,13928,0,0,0,13928,0,0,0,0,0,0,0,0,0,0,0,0,0,0,0
pooled,control_final,original,identity,active,cnn_NI_residual,21359,21359,21359,0,0,0,21359,0,0,0,0,0,0,0,0,0,0,0,0,0,0,0
pooled,control_final,original,identity,active,cnn_TI_residual,15302,15302,15302,0,0,0,15302,0,0,0,0,0,0,0,0,0,0,0,0,0,0,0
pooled,control_final,original,identity,active,transformer_RGB_residual,14944,14944,14944,0,0,0,14944,0,0,0,0,0,0,0,0,0,0,0,0,0,0,0
pooled,control_final,original,identity,active,transformer_NI_residual,27047,27047,27047,0,0,0,27045,0,0,0,0,0,0,0,2,0,0,0,0,0,0,0
pooled,control_final,original,identity,active,transformer_TI_residual,16637,16637,16637,0,0,0,16637,0,0,0,0,0,0,0,0,0,0,0,0,0,0,0
pooled,control_final,original,identity,active,mamba_RGB_residual,19034,19034,19034,0,0,0,19034,0,0,0,0,0,0,0,0,0,0,0,0,0,0,0
pooled,control_final,original,identity,active,mamba_NI_residual,30222,30222,30222,0,0,0,30221,0,0,0,0,0,0,0,1,0,0,0,0,0,0,0
pooled,control_final,original,identity,active,mamba_TI_residual,20272,20272,20272,0,0,0,20272,0,0,0,0,0,0,0,0,0,0,0,0,0,0,0
pooled,control_final,original,identity,inactive,cnn_RGB_residual,15708,15708,15708,0,0,0,15706,0,0,0,0,0,0,0,2,0,0,0,0,0,0,0
pooled,control_final,original,identity,inactive,cnn_NI_residual,23618,23618,23618,0,0,0,23617,0,0,0,0,0,0,0,1,0,0,0,0,0,0,0
pooled,control_final,original,identity,inactive,cnn_TI_residual,14546,14546,14546,0,0,0,14543,0,0,0,0,0,0,0,3,0,0,0,0,0,0,0
pooled,control_final,original,identity,inactive,transformer_RGB_residual,16553,16553,16553,0,0,0,16550,0,0,0,0,0,0,0,3,0,0,0,0,0,0,0
pooled,control_final,original,identity,inactive,transformer_NI_residual,27437,27437,27437,0,0,0,27437,0,0,0,0,0,0,0,0,0,0,0,0,0,0,0
pooled,control_final,original,identity,inactive,transformer_TI_residual,14979,14979,14979,0,0,0,14977,0,0,0,0,0,0,0,2,0,0,0,0,0,0,0
pooled,control_final,original,identity,inactive,mamba_RGB_residual,21125,21125,21125,0,0,0,21119,0,0,0,0,0,0,0,6,0,0,0,0,0,0,0
pooled,control_final,original,identity,inactive,mamba_NI_residual,33113,33113,33113,0,0,0,33113,0,0,0,0,0,0,0,0,0,0,0,0,0,0,0
pooled,control_final,original,identity,inactive,mamba_TI_residual,19220,19220,19220,0,0,0,19216,0,0,0,0,0,0,0,4,0,0,0,0,0,0,0
pooled,control_final,original,cross_camera,active,cnn_RGB_residual,1737,1737,1737,0,0,0,1737,0,0,0,0,0,0,0,0,0,0,0,0,0,0,0
pooled,control_final,original,cross_camera,active,cnn_NI_residual,3054,3054,3054,0,0,0,3054,0,0,0,0,0,0,0,0,0,0,0,0,0,0,0
pooled,control_final,original,cross_camera,active,cnn_TI_residual,2266,2266,2266,0,0,0,2266,0,0,0,0,0,0,0,0,0,0,0,0,0,0,0
pooled,control_final,original,cross_camera,active,transformer_RGB_residual,1608,1608,1608,0,0,0,1608,0,0,0,0,0,0,0,0,0,0,0,0,0,0,0
pooled,control_final,original,cross_camera,active,transformer_NI_residual,3626,3626,3626,0,0,0,3626,0,0,0,0,0,0,0,0,0,0,0,0,0,0,0
pooled,control_final,original,cross_camera,active,transformer_TI_residual,1627,1627,1627,0,0,0,1627,0,0,0,0,0,0,0,0,0,0,0,0,0,0,0
pooled,control_final,original,cross_camera,active,mamba_RGB_residual,2631,2631,2631,0,0,0,2631,0,0,0,0,0,0,0,0,0,0,0,0,0,0,0
pooled,control_final,original,cross_camera,active,mamba_NI_residual,5070,5070,5070,0,0,0,5070,0,0,0,0,0,0,0,0,0,0,0,0,0,0,0
pooled,control_final,original,cross_camera,active,mamba_TI_residual,2675,2675,2675,0,0,0,2675,0,0,0,0,0,0,0,0,0,0,0,0,0,0,0
pooled,control_final,original,cross_camera,inactive,cnn_RGB_residual,1754,1754,1754,0,0,0,1752,0,0,0,0,0,0,0,2,0,0,0,0,0,0,0
pooled,control_final,original,cross_camera,inactive,cnn_NI_residual,3136,3136,3136,0,0,0,3135,0,0,0,0,0,0,0,1,0,0,0,0,0,0,0
pooled,control_final,original,cross_camera,inactive,cnn_TI_residual,2795,2795,2795,0,0,0,2792,0,0,0,0,0,0,0,3,0,0,0,0,0,0,0
pooled,control_final,original,cross_camera,inactive,transformer_RGB_residual,1460,1460,1460,0,0,0,1458,0,0,0,0,0,0,0,2,0,0,0,0,0,0,0
pooled,control_final,original,cross_camera,inactive,transformer_NI_residual,3349,3349,3349,0,0,0,3349,0,0,0,0,0,0,0,0,0,0,0,0,0,0,0
pooled,control_final,original,cross_camera,inactive,transformer_TI_residual,2301,2301,2301,0,0,0,2299,0,0,0,0,0,0,0,2,0,0,0,0,0,0,0
pooled,control_final,original,cross_camera,inactive,mamba_RGB_residual,2293,2293,2293,0,0,0,2289,0,0,0,0,0,0,0,4,0,0,0,0,0,0,0
pooled,control_final,original,cross_camera,inactive,mamba_NI_residual,5064,5064,5064,0,0,0,5064,0,0,0,0,0,0,0,0,0,0,0,0,0,0,0
pooled,control_final,original,cross_camera,inactive,mamba_TI_residual,3563,3563,3563,0,0,0,3559,0,0,0,0,0,0,0,4,0,0,0,0,0,0,0
pooled,control_final,registered_style,identity,active,cnn_RGB_residual,142826,142248,142278,260,544,4,142017,0,260,0,230,1,314,3,1,0,0,0,0,0,0,0
pooled,control_final,registered_style,identity,active,cnn_NI_residual,179657,179069,179066,243,585,6,178820,0,243,0,246,0,339,6,3,0,0,0,0,0,0,0
pooled,control_final,registered_style,identity,active,cnn_TI_residual,54873,54727,54762,68,105,6,54694,0,68,0,33,1,72,5,0,0,0,0,0,0,0,0
pooled,control_final,registered_style,identity,active,transformer_RGB_residual,281324,278986,280747,1832,572,5,278911,0,1832,0,71,1,501,4,4,0,0,0,0,0,0,0
pooled,control_final,registered_style,identity,active,transformer_NI_residual,320842,318261,320162,2001,673,7,318157,0,2001,0,100,1,573,6,4,0,0,0,0,0,0,0
pooled,control_final,registered_style,identity,active,transformer_TI_residual,79243,78667,79043,398,195,5,78645,0,398,0,22,0,173,5,0,0,0,0,0,0,0,0
pooled,control_final,registered_style,identity,active,mamba_RGB_residual,176342,175180,175756,687,578,8,175069,0,687,0,111,0,467,8,0,0,0,0,0,0,0,0
pooled,control_final,registered_style,identity,active,mamba_NI_residual,237584,236342,236938,736,640,6,236201,0,736,0,140,0,500,6,1,0,0,0,0,0,0,0
pooled,control_final,registered_style,identity,active,mamba_TI_residual,75836,75442,75684,261,148,4,75423,0,261,0,19,0,129,4,0,0,0,0,0,0,0,0
pooled,control_final,registered_style,identity,inactive,cnn_RGB_residual,15708,15708,15708,0,0,0,15706,0,0,0,0,0,0,0,2,0,0,0,0,0,0,0
pooled,control_final,registered_style,identity,inactive,cnn_NI_residual,23618,23618,23618,0,0,0,23617,0,0,0,0,0,0,0,1,0,0,0,0,0,0,0
pooled,control_final,registered_style,identity,inactive,cnn_TI_residual,14546,14546,14546,0,0,0,14543,0,0,0,0,0,0,0,3,0,0,0,0,0,0,0
pooled,control_final,registered_style,identity,inactive,transformer_RGB_residual,16553,16553,16553,0,0,0,16550,0,0,0,0,0,0,0,3,0,0,0,0,0,0,0
pooled,control_final,registered_style,identity,inactive,transformer_NI_residual,27437,27437,27437,0,0,0,27437,0,0,0,0,0,0,0,0,0,0,0,0,0,0,0
pooled,control_final,registered_style,identity,inactive,transformer_TI_residual,14979,14979,14979,0,0,0,14977,0,0,0,0,0,0,0,2,0,0,0,0,0,0,0
pooled,control_final,registered_style,identity,inactive,mamba_RGB_residual,21125,21125,21125,0,0,0,21119,0,0,0,0,0,0,0,6,0,0,0,0,0,0,0
pooled,control_final,registered_style,identity,inactive,mamba_NI_residual,33113,33113,33113,0,0,0,33113,0,0,0,0,0,0,0,0,0,0,0,0,0,0,0
pooled,control_final,registered_style,identity,inactive,mamba_TI_residual,19220,19220,19220,0,0,0,19216,0,0,0,0,0,0,0,4,0,0,0,0,0,0,0
pooled,control_final,registered_style,cross_camera,active,cnn_RGB_residual,16454,16261,16299,77,154,1,16222,0,77,0,39,0,115,1,0,0,0,0,0,0,0,0
pooled,control_final,registered_style,cross_camera,active,cnn_NI_residual,31944,31727,31764,89,179,1,31675,0,89,0,52,0,127,1,0,0,0,0,0,0,0,0
pooled,control_final,registered_style,cross_camera,active,cnn_TI_residual,6808,6787,6788,8,20,0,6780,0,8,0,7,0,13,0,0,0,0,0,0,0,0,0
pooled,control_final,registered_style,cross_camera,active,transformer_RGB_residual,27662,27201,27493,310,168,1,27183,0,310,0,18,1,150,0,0,0,0,0,0,0,0,0
pooled,control_final,registered_style,cross_camera,active,transformer_NI_residual,46158,45636,45964,360,193,1,45604,0,360,0,32,1,161,0,0,0,0,0,0,0,0,0
pooled,control_final,registered_style,cross_camera,active,transformer_TI_residual,6610,6532,6586,60,24,0,6526,0,60,0,6,0,18,0,0,0,0,0,0,0,0,0
pooled,control_final,registered_style,cross_camera,active,mamba_RGB_residual,20234,19997,20090,123,143,1,19967,0,123,0,30,0,113,1,0,0,0,0,0,0,0,0
pooled,control_final,registered_style,cross_camera,active,mamba_NI_residual,40666,40370,40483,177,182,1,40306,0,177,0,64,0,118,1,0,0,0,0,0,0,0,0
pooled,control_final,registered_style,cross_camera,active,mamba_TI_residual,8314,8265,8290,32,24,0,8258,0,32,0,7,0,17,0,0,0,0,0,0,0,0,0
pooled,control_final,registered_style,cross_camera,inactive,cnn_RGB_residual,1754,1754,1754,0,0,0,1752,0,0,0,0,0,0,0,2,0,0,0,0,0,0,0
pooled,control_final,registered_style,cross_camera,inactive,cnn_NI_residual,3136,3136,3136,0,0,0,3135,0,0,0,0,0,0,0,1,0,0,0,0,0,0,0
pooled,control_final,registered_style,cross_camera,inactive,cnn_TI_residual,2795,2795,2795,0,0,0,2792,0,0,0,0,0,0,0,3,0,0,0,0,0,0,0
pooled,control_final,registered_style,cross_camera,inactive,transformer_RGB_residual,1460,1460,1460,0,0,0,1458,0,0,0,0,0,0,0,2,0,0,0,0,0,0,0
pooled,control_final,registered_style,cross_camera,inactive,transformer_NI_residual,3349,3349,3349,0,0,0,3349,0,0,0,0,0,0,0,0,0,0,0,0,0,0,0
pooled,control_final,registered_style,cross_camera,inactive,transformer_TI_residual,2301,2301,2301,0,0,0,2299,0,0,0,0,0,0,0,2,0,0,0,0,0,0,0
pooled,control_final,registered_style,cross_camera,inactive,mamba_RGB_residual,2293,2293,2293,0,0,0,2289,0,0,0,0,0,0,0,4,0,0,0,0,0,0,0
pooled,control_final,registered_style,cross_camera,inactive,mamba_NI_residual,5064,5064,5064,0,0,0,5064,0,0,0,0,0,0,0,0,0,0,0,0,0,0,0
pooled,control_final,registered_style,cross_camera,inactive,mamba_TI_residual,3563,3563,3563,0,0,0,3559,0,0,0,0,0,0,0,4,0,0,0,0,0,0,0
pooled,style_final,original,identity,active,cnn_RGB_residual,15834,15834,15834,0,0,0,15834,0,0,0,0,0,0,0,0,0,0,0,0,0,0,0
pooled,style_final,original,identity,active,cnn_NI_residual,25080,25080,25080,0,0,0,25080,0,0,0,0,0,0,0,0,0,0,0,0,0,0,0
pooled,style_final,original,identity,active,cnn_TI_residual,16428,16428,16428,0,0,0,16428,0,0,0,0,0,0,0,0,0,0,0,0,0,0,0
pooled,style_final,original,identity,active,transformer_RGB_residual,16378,16378,16378,0,0,0,16378,0,0,0,0,0,0,0,0,0,0,0,0,0,0,0
pooled,style_final,original,identity,active,transformer_NI_residual,27583,27583,27583,0,0,0,27582,0,0,0,0,0,0,0,1,0,0,0,0,0,0,0
pooled,style_final,original,identity,active,transformer_TI_residual,14948,14948,14948,0,0,0,14948,0,0,0,0,0,0,0,0,0,0,0,0,0,0,0
pooled,style_final,original,identity,active,mamba_RGB_residual,19715,19714,19715,1,0,0,19713,0,1,0,0,0,0,0,1,0,0,0,0,0,0,0
pooled,style_final,original,identity,active,mamba_NI_residual,29622,29619,29622,3,0,0,29619,0,3,0,0,0,0,0,0,0,0,0,0,0,0,0
pooled,style_final,original,identity,active,mamba_TI_residual,20247,20245,20247,2,0,0,20245,0,2,0,0,0,0,0,0,0,0,0,0,0,0,0
pooled,style_final,original,identity,inactive,cnn_RGB_residual,19155,19155,19155,0,0,0,19151,0,0,0,0,0,0,0,4,0,0,0,0,0,0,0
pooled,style_final,original,identity,inactive,cnn_NI_residual,27600,27600,27600,0,0,0,27600,0,0,0,0,0,0,0,0,0,0,0,0,0,0,0
pooled,style_final,original,identity,inactive,cnn_TI_residual,15577,15577,15577,0,0,0,15573,0,0,0,0,0,0,0,4,0,0,0,0,0,0,0
pooled,style_final,original,identity,inactive,transformer_RGB_residual,17642,17642,17642,0,0,0,17640,0,0,0,0,0,0,0,2,0,0,0,0,0,0,0
pooled,style_final,original,identity,inactive,transformer_NI_residual,30072,30072,30072,0,0,0,30072,0,0,0,0,0,0,0,0,0,0,0,0,0,0,0
pooled,style_final,original,identity,inactive,transformer_TI_residual,13137,13137,13137,0,0,0,13137,0,0,0,0,0,0,0,0,0,0,0,0,0,0,0
pooled,style_final,original,identity,inactive,mamba_RGB_residual,23050,23047,23050,3,0,0,23041,0,3,0,0,0,0,0,6,0,0,0,0,0,0,0
pooled,style_final,original,identity,inactive,mamba_NI_residual,32476,32473,32476,3,0,0,32472,0,3,0,0,0,0,0,1,0,0,0,0,0,0,0
pooled,style_final,original,identity,inactive,mamba_TI_residual,18575,18575,18575,0,0,0,18570,0,0,0,0,0,0,0,5,0,0,0,0,0,0,0
pooled,style_final,original,cross_camera,active,cnn_RGB_residual,1772,1772,1772,0,0,0,1772,0,0,0,0,0,0,0,0,0,0,0,0,0,0,0
pooled,style_final,original,cross_camera,active,cnn_NI_residual,3638,3638,3638,0,0,0,3638,0,0,0,0,0,0,0,0,0,0,0,0,0,0,0
pooled,style_final,original,cross_camera,active,cnn_TI_residual,2668,2668,2668,0,0,0,2668,0,0,0,0,0,0,0,0,0,0,0,0,0,0,0
pooled,style_final,original,cross_camera,active,transformer_RGB_residual,1943,1943,1943,0,0,0,1943,0,0,0,0,0,0,0,0,0,0,0,0,0,0,0
pooled,style_final,original,cross_camera,active,transformer_NI_residual,4362,4362,4362,0,0,0,4362,0,0,0,0,0,0,0,0,0,0,0,0,0,0,0
pooled,style_final,original,cross_camera,active,transformer_TI_residual,1457,1457,1457,0,0,0,1457,0,0,0,0,0,0,0,0,0,0,0,0,0,0,0
pooled,style_final,original,cross_camera,active,mamba_RGB_residual,2572,2572,2572,0,0,0,2572,0,0,0,0,0,0,0,0,0,0,0,0,0,0,0
pooled,style_final,original,cross_camera,active,mamba_NI_residual,4457,4457,4457,0,0,0,4457,0,0,0,0,0,0,0,0,0,0,0,0,0,0,0
pooled,style_final,original,cross_camera,active,mamba_TI_residual,2757,2757,2757,0,0,0,2757,0,0,0,0,0,0,0,0,0,0,0,0,0,0,0
pooled,style_final,original,cross_camera,inactive,cnn_RGB_residual,2150,2150,2150,0,0,0,2146,0,0,0,0,0,0,0,4,0,0,0,0,0,0,0
pooled,style_final,original,cross_camera,inactive,cnn_NI_residual,3921,3921,3921,0,0,0,3921,0,0,0,0,0,0,0,0,0,0,0,0,0,0,0
pooled,style_final,original,cross_camera,inactive,cnn_TI_residual,2962,2962,2962,0,0,0,2958,0,0,0,0,0,0,0,4,0,0,0,0,0,0,0
pooled,style_final,original,cross_camera,inactive,transformer_RGB_residual,1959,1959,1959,0,0,0,1958,0,0,0,0,0,0,0,1,0,0,0,0,0,0,0
pooled,style_final,original,cross_camera,inactive,transformer_NI_residual,3965,3965,3965,0,0,0,3965,0,0,0,0,0,0,0,0,0,0,0,0,0,0,0
pooled,style_final,original,cross_camera,inactive,transformer_TI_residual,1978,1978,1978,0,0,0,1978,0,0,0,0,0,0,0,0,0,0,0,0,0,0,0
pooled,style_final,original,cross_camera,inactive,mamba_RGB_residual,2774,2774,2774,0,0,0,2770,0,0,0,0,0,0,0,4,0,0,0,0,0,0,0
pooled,style_final,original,cross_camera,inactive,mamba_NI_residual,4657,4657,4657,0,0,0,4657,0,0,0,0,0,0,0,0,0,0,0,0,0,0,0
pooled,style_final,original,cross_camera,inactive,mamba_TI_residual,3269,3269,3269,0,0,0,3264,0,0,0,0,0,0,0,5,0,0,0,0,0,0,0
pooled,style_final,registered_style,identity,active,cnn_RGB_residual,40284,40265,40276,11,7,1,40265,0,11,0,0,0,7,1,0,0,0,0,0,0,0,0
pooled,style_final,registered_style,identity,active,cnn_NI_residual,58779,58775,58777,2,2,0,58772,0,2,0,0,0,2,0,3,0,0,0,0,0,0,0
pooled,style_final,registered_style,identity,active,cnn_TI_residual,27899,27887,27895,8,3,1,27887,0,8,0,0,0,3,1,0,0,0,0,0,0,0,0
pooled,style_final,registered_style,identity,active,transformer_RGB_residual,49260,49253,49258,6,2,0,49252,0,6,0,1,0,1,0,0,0,0,0,0,0,0,0
pooled,style_final,registered_style,identity,active,transformer_NI_residual,74418,74407,74411,9,6,1,74398,0,9,0,5,1,1,0,4,0,0,0,0,0,0,0
pooled,style_final,registered_style,identity,active,transformer_TI_residual,28773,28763,28769,9,3,1,28760,0,9,0,3,1,0,0,0,0,0,0,0,0,0,0
pooled,style_final,registered_style,identity,active,mamba_RGB_residual,48795,48762,48787,25,7,1,48761,0,25,0,0,0,7,1,1,0,0,0,0,0,0,0
pooled,style_final,registered_style,identity,active,mamba_NI_residual,70933,70916,70928,12,4,1,70914,0,12,0,0,0,4,1,2,0,0,0,0,0,0,0
pooled,style_final,registered_style,identity,active,mamba_TI_residual,35912,35886,35906,20,5,1,35886,0,20,0,0,0,5,1,0,0,0,0,0,0,0,0
pooled,style_final,registered_style,identity,inactive,cnn_RGB_residual,19155,19155,19155,0,0,0,19151,0,0,0,0,0,0,0,4,0,0,0,0,0,0,0
pooled,style_final,registered_style,identity,inactive,cnn_NI_residual,27600,27600,27600,0,0,0,27600,0,0,0,0,0,0,0,0,0,0,0,0,0,0,0
pooled,style_final,registered_style,identity,inactive,cnn_TI_residual,15577,15577,15577,0,0,0,15573,0,0,0,0,0,0,0,4,0,0,0,0,0,0,0
pooled,style_final,registered_style,identity,inactive,transformer_RGB_residual,17642,17642,17642,0,0,0,17640,0,0,0,0,0,0,0,2,0,0,0,0,0,0,0
pooled,style_final,registered_style,identity,inactive,transformer_NI_residual,30072,30072,30072,0,0,0,30072,0,0,0,0,0,0,0,0,0,0,0,0,0,0,0
pooled,style_final,registered_style,identity,inactive,transformer_TI_residual,13137,13137,13137,0,0,0,13137,0,0,0,0,0,0,0,0,0,0,0,0,0,0,0
pooled,style_final,registered_style,identity,inactive,mamba_RGB_residual,23050,23047,23050,3,0,0,23041,0,3,0,0,0,0,0,6,0,0,0,0,0,0,0
pooled,style_final,registered_style,identity,inactive,mamba_NI_residual,32476,32473,32476,3,0,0,32472,0,3,0,0,0,0,0,1,0,0,0,0,0,0,0
pooled,style_final,registered_style,identity,inactive,mamba_TI_residual,18575,18575,18575,0,0,0,18570,0,0,0,0,0,0,0,5,0,0,0,0,0,0,0
pooled,style_final,registered_style,cross_camera,active,cnn_RGB_residual,4830,4830,4830,0,0,0,4830,0,0,0,0,0,0,0,0,0,0,0,0,0,0,0
pooled,style_final,registered_style,cross_camera,active,cnn_NI_residual,10458,10458,10458,0,0,0,10458,0,0,0,0,0,0,0,0,0,0,0,0,0,0,0
pooled,style_final,registered_style,cross_camera,active,cnn_TI_residual,3551,3550,3551,1,0,0,3550,0,1,0,0,0,0,0,0,0,0,0,0,0,0,0
pooled,style_final,registered_style,cross_camera,active,transformer_RGB_residual,6639,6637,6639,2,0,0,6637,0,2,0,0,0,0,0,0,0,0,0,0,0,0,0
pooled,style_final,registered_style,cross_camera,active,transformer_NI_residual,12459,12459,12459,0,0,0,12459,0,0,0,0,0,0,0,0,0,0,0,0,0,0,0
pooled,style_final,registered_style,cross_camera,active,transformer_TI_residual,2702,2699,2702,3,0,0,2699,0,3,0,0,0,0,0,0,0,0,0,0,0,0,0
pooled,style_final,registered_style,cross_camera,active,mamba_RGB_residual,6214,6212,6214,2,0,0,6212,0,2,0,0,0,0,0,0,0,0,0,0,0,0,0
pooled,style_final,registered_style,cross_camera,active,mamba_NI_residual,12672,12670,12672,2,0,0,12670,0,2,0,0,0,0,0,0,0,0,0,0,0,0,0
pooled,style_final,registered_style,cross_camera,active,mamba_TI_residual,4268,4267,4268,1,0,0,4267,0,1,0,0,0,0,0,0,0,0,0,0,0,0,0
pooled,style_final,registered_style,cross_camera,inactive,cnn_RGB_residual,2150,2150,2150,0,0,0,2146,0,0,0,0,0,0,0,4,0,0,0,0,0,0,0
pooled,style_final,registered_style,cross_camera,inactive,cnn_NI_residual,3921,3921,3921,0,0,0,3921,0,0,0,0,0,0,0,0,0,0,0,0,0,0,0
pooled,style_final,registered_style,cross_camera,inactive,cnn_TI_residual,2962,2962,2962,0,0,0,2958,0,0,0,0,0,0,0,4,0,0,0,0,0,0,0
pooled,style_final,registered_style,cross_camera,inactive,transformer_RGB_residual,1959,1959,1959,0,0,0,1958,0,0,0,0,0,0,0,1,0,0,0,0,0,0,0
pooled,style_final,registered_style,cross_camera,inactive,transformer_NI_residual,3965,3965,3965,0,0,0,3965,0,0,0,0,0,0,0,0,0,0,0,0,0,0,0
pooled,style_final,registered_style,cross_camera,inactive,transformer_TI_residual,1978,1978,1978,0,0,0,1978,0,0,0,0,0,0,0,0,0,0,0,0,0,0,0
pooled,style_final,registered_style,cross_camera,inactive,mamba_RGB_residual,2774,2774,2774,0,0,0,2770,0,0,0,0,0,0,0,4,0,0,0,0,0,0,0
pooled,style_final,registered_style,cross_camera,inactive,mamba_NI_residual,4657,4657,4657,0,0,0,4657,0,0,0,0,0,0,0,0,0,0,0,0,0,0,0
pooled,style_final,registered_style,cross_camera,inactive,mamba_TI_residual,3269,3269,3269,0,0,0,3264,0,0,0,0,0,0,0,5,0,0,0,0,0,0,0
0,initial,original,identity,all,cnn_RGB_residual,19168,19164,19168,4,0,0,19164,0,4,0,0,0,0,0,0,0,0,0,0,0,0,0
0,initial,original,identity,all,cnn_NI_residual,35309,35307,35309,2,0,0,35307,0,2,0,0,0,0,0,0,0,0,0,0,0,0,0
0,initial,original,identity,all,cnn_TI_residual,23302,23294,23302,8,0,0,23294,0,8,0,0,0,0,0,0,0,0,0,0,0,0,0
0,initial,original,identity,all,transformer_RGB_residual,11133,11132,11133,1,0,0,11132,0,1,0,0,0,0,0,0,0,0,0,0,0,0,0
0,initial,original,identity,all,transformer_NI_residual,23480,23480,23480,0,0,0,23480,0,0,0,0,0,0,0,0,0,0,0,0,0,0,0
0,initial,original,identity,all,transformer_TI_residual,16825,16824,16825,1,0,0,16824,0,1,0,0,0,0,0,0,0,0,0,0,0,0,0
0,initial,original,identity,all,mamba_RGB_residual,20794,20789,20794,5,0,0,20789,0,5,0,0,0,0,0,0,0,0,0,0,0,0,0
0,initial,original,identity,all,mamba_NI_residual,38719,38712,38719,7,0,0,38712,0,7,0,0,0,0,0,0,0,0,0,0,0,0,0
0,initial,original,identity,all,mamba_TI_residual,25253,25244,25253,9,0,0,25244,0,9,0,0,0,0,0,0,0,0,0,0,0,0,0
0,initial,original,cross_camera,all,cnn_RGB_residual,2890,2890,2890,0,0,0,2890,0,0,0,0,0,0,0,0,0,0,0,0,0,0,0
0,initial,original,cross_camera,all,cnn_NI_residual,5871,5871,5871,0,0,0,5871,0,0,0,0,0,0,0,0,0,0,0,0,0,0,0
0,initial,original,cross_camera,all,cnn_TI_residual,4539,4539,4539,0,0,0,4539,0,0,0,0,0,0,0,0,0,0,0,0,0,0,0
0,initial,original,cross_camera,all,transformer_RGB_residual,1637,1637,1637,0,0,0,1637,0,0,0,0,0,0,0,0,0,0,0,0,0,0,0
0,initial,original,cross_camera,all,transformer_NI_residual,4224,4224,4224,0,0,0,4224,0,0,0,0,0,0,0,0,0,0,0,0,0,0,0
0,initial,original,cross_camera,all,transformer_TI_residual,2018,2018,2018,0,0,0,2018,0,0,0,0,0,0,0,0,0,0,0,0,0,0,0
0,initial,original,cross_camera,all,mamba_RGB_residual,3545,3540,3545,5,0,0,3540,0,5,0,0,0,0,0,0,0,0,0,0,0,0,0
0,initial,original,cross_camera,all,mamba_NI_residual,6846,6841,6846,5,0,0,6841,0,5,0,0,0,0,0,0,0,0,0,0,0,0,0
0,initial,original,cross_camera,all,mamba_TI_residual,4364,4362,4364,2,0,0,4362,0,2,0,0,0,0,0,0,0,0,0,0,0,0,0
0,initial,registered_style,identity,all,cnn_RGB_residual,66289,65954,66037,150,236,16,65887,0,150,0,67,0,169,16,0,0,0,0,0,0,0,0
0,initial,registered_style,identity,all,cnn_NI_residual,94994,94628,94757,185,221,16,94572,0,185,0,56,0,165,16,0,0,0,0,0,0,0,0
0,initial,registered_style,identity,all,cnn_TI_residual,47517,47279,47424,161,90,3,47263,0,161,0,16,0,74,3,0,0,0,0,0,0,0,0
0,initial,registered_style,identity,all,transformer_RGB_residual,93367,92768,93104,390,246,17,92714,0,390,0,54,0,192,17,0,0,0,0,0,0,0,0
0,initial,registered_style,identity,all,transformer_NI_residual,117740,117238,117506,324,220,14,117182,0,324,0,56,0,164,14,0,0,0,0,0,0,0,0
0,initial,registered_style,identity,all,transformer_TI_residual,40641,40479,40580,128,58,3,40452,0,128,0,27,0,31,3,0,0,0,0,0,0,0,0
0,initial,registered_style,identity,all,mamba_RGB_residual,81741,81193,81489,322,241,11,81167,0,322,0,26,0,215,11,0,0,0,0,0,0,0,0
0,initial,registered_style,identity,all,mamba_NI_residual,105797,105258,105543,318,238,16,105225,0,318,0,33,0,205,16,0,0,0,0,0,0,0,0
0,initial,registered_style,identity,all,mamba_TI_residual,49391,49186,49311,138,77,3,49173,0,138,0,13,0,64,3,0,0,0,0,0,0,0,0
0,initial,registered_style,cross_camera,all,cnn_RGB_residual,9910,9784,9815,49,84,11,9766,0,49,0,18,0,66,11,0,0,0,0,0,0,0,0
0,initial,registered_style,cross_camera,all,cnn_NI_residual,20096,19950,20004,67,80,12,19937,0,67,0,13,0,67,12,0,0,0,0,0,0,0,0
0,initial,registered_style,cross_camera,all,cnn_TI_residual,6467,6427,6452,28,14,1,6424,0,28,0,3,0,11,1,0,0,0,0,0,0,0,0
0,initial,registered_style,cross_camera,all,transformer_RGB_residual,9926,9841,9844,21,71,11,9823,0,21,0,18,0,53,11,0,0,0,0,0,0,0,0
0,initial,registered_style,cross_camera,all,transformer_NI_residual,18286,18195,18203,30,71,12,18173,0,30,0,22,0,49,12,0,0,0,0,0,0,0,0
0,initial,registered_style,cross_camera,all,transformer_TI_residual,3925,3909,3911,10,13,1,3901,0,10,0,8,0,5,1,0,0,0,0,0,0,0,0
0,initial,registered_style,cross_camera,all,mamba_RGB_residual,11784,11590,11697,109,79,8,11588,0,109,0,2,0,77,8,0,0,0,0,0,0,0,0
0,initial,registered_style,cross_camera,all,mamba_NI_residual,22336,22099,22240,144,84,12,22096,0,144,0,3,0,81,12,0,0,0,0,0,0,0,0
0,initial,registered_style,cross_camera,all,mamba_TI_residual,6559,6500,6543,46,15,1,6497,0,46,0,3,0,12,1,0,0,0,0,0,0,0,0
0,control_final,original,identity,all,cnn_RGB_residual,9048,9048,9048,0,0,0,9048,0,0,0,0,0,0,0,0,0,0,0,0,0,0,0
0,control_final,original,identity,all,cnn_NI_residual,16373,16373,16373,0,0,0,16373,0,0,0,0,0,0,0,0,0,0,0,0,0,0,0
0,control_final,original,identity,all,cnn_TI_residual,11224,11224,11224,0,0,0,11224,0,0,0,0,0,0,0,0,0,0,0,0,0,0,0
0,control_final,original,identity,all,transformer_RGB_residual,10511,10511,10511,0,0,0,10511,0,0,0,0,0,0,0,0,0,0,0,0,0,0,0
0,control_final,original,identity,all,transformer_NI_residual,19908,19908,19908,0,0,0,19908,0,0,0,0,0,0,0,0,0,0,0,0,0,0,0
0,control_final,original,identity,all,transformer_TI_residual,12158,12158,12158,0,0,0,12158,0,0,0,0,0,0,0,0,0,0,0,0,0,0,0
0,control_final,original,identity,all,mamba_RGB_residual,13399,13399,13399,0,0,0,13399,0,0,0,0,0,0,0,0,0,0,0,0,0,0,0
0,control_final,original,identity,all,mamba_NI_residual,21501,21501,21501,0,0,0,21501,0,0,0,0,0,0,0,0,0,0,0,0,0,0,0
0,control_final,original,identity,all,mamba_TI_residual,15636,15636,15636,0,0,0,15636,0,0,0,0,0,0,0,0,0,0,0,0,0,0,0
0,control_final,original,cross_camera,all,cnn_RGB_residual,1495,1495,1495,0,0,0,1495,0,0,0,0,0,0,0,0,0,0,0,0,0,0,0
0,control_final,original,cross_camera,all,cnn_NI_residual,2604,2604,2604,0,0,0,2604,0,0,0,0,0,0,0,0,0,0,0,0,0,0,0
0,control_final,original,cross_camera,all,cnn_TI_residual,2297,2297,2297,0,0,0,2297,0,0,0,0,0,0,0,0,0,0,0,0,0,0,0
0,control_final,original,cross_camera,all,transformer_RGB_residual,1487,1487,1487,0,0,0,1487,0,0,0,0,0,0,0,0,0,0,0,0,0,0,0
0,control_final,original,cross_camera,all,transformer_NI_residual,3359,3359,3359,0,0,0,3359,0,0,0,0,0,0,0,0,0,0,0,0,0,0,0
0,control_final,original,cross_camera,all,transformer_TI_residual,1260,1260,1260,0,0,0,1260,0,0,0,0,0,0,0,0,0,0,0,0,0,0,0
0,control_final,original,cross_camera,all,mamba_RGB_residual,2244,2244,2244,0,0,0,2244,0,0,0,0,0,0,0,0,0,0,0,0,0,0,0
0,control_final,original,cross_camera,all,mamba_NI_residual,4051,4051,4051,0,0,0,4051,0,0,0,0,0,0,0,0,0,0,0,0,0,0,0
0,control_final,original,cross_camera,all,mamba_TI_residual,2643,2643,2643,0,0,0,2643,0,0,0,0,0,0,0,0,0,0,0,0,0,0,0
0,control_final,registered_style,identity,all,cnn_RGB_residual,44438,44336,44331,42,105,2,44289,0,42,0,47,1,58,1,0,0,0,0,0,0,0,0
0,control_final,registered_style,identity,all,cnn_NI_residual,59577,59501,59497,27,79,1,59470,0,27,0,31,0,48,1,0,0,0,0,0,0,0,0
0,control_final,registered_style,identity,all,cnn_TI_residual,27284,27223,27259,40,24,1,27219,0,40,0,4,1,20,0,0,0,0,0,0,0,0,0
0,control_final,registered_style,identity,all,transformer_RGB_residual,80853,80422,80730,317,121,2,80413,0,317,0,9,1,112,1,0,0,0,0,0,0,0,0
0,control_final,registered_style,identity,all,transformer_NI_residual,108253,107860,108155,303,97,1,107852,0,303,0,8,1,89,0,0,0,0,0,0,0,0,0
0,control_final,registered_style,identity,all,transformer_TI_residual,38462,38359,38441,85,20,1,38356,0,85,0,3,0,17,1,0,0,0,0,0,0,0,0
0,control_final,registered_style,identity,all,mamba_RGB_residual,67716,67312,67591,289,123,2,67302,0,289,0,10,0,113,2,0,0,0,0,0,0,0,0
0,control_final,registered_style,identity,all,mamba_NI_residual,79161,78826,79062,242,98,1,78820,0,242,0,6,0,92,1,0,0,0,0,0,0,0,0
0,control_final,registered_style,identity,all,mamba_TI_residual,39120,38994,39098,107,21,1,38991,0,107,0,3,0,18,1,0,0,0,0,0,0,0,0
0,control_final,registered_style,cross_camera,all,cnn_RGB_residual,6694,6666,6666,11,27,1,6655,0,11,0,11,0,16,1,0,0,0,0,0,0,0,0
0,control_final,registered_style,cross_camera,all,cnn_NI_residual,13003,12979,12978,11,24,1,12967,0,11,0,12,0,12,1,0,0,0,0,0,0,0,0
0,control_final,registered_style,cross_camera,all,cnn_TI_residual,4144,4136,4142,6,2,0,4136,0,6,0,0,0,2,0,0,0,0,0,0,0,0,0
0,control_final,registered_style,cross_camera,all,transformer_RGB_residual,9250,9157,9218,64,31,1,9154,0,64,0,3,1,28,0,0,0,0,0,0,0,0,0
0,control_final,registered_style,cross_camera,all,transformer_NI_residual,18374,18278,18347,72,26,1,18275,0,72,0,3,1,23,0,0,0,0,0,0,0,0,0
0,control_final,registered_style,cross_camera,all,transformer_TI_residual,3238,3217,3232,16,6,0,3216,0,16,0,1,0,5,0,0,0,0,0,0,0,0,0
0,control_final,registered_style,cross_camera,all,mamba_RGB_residual,9288,9194,9254,62,33,1,9192,0,62,0,2,0,31,1,0,0,0,0,0,0,0,0
0,control_final,registered_style,cross_camera,all,mamba_NI_residual,16843,16741,16818,80,24,1,16738,0,80,0,3,0,21,1,0,0,0,0,0,0,0,0
0,control_final,registered_style,cross_camera,all,mamba_TI_residual,5162,5133,5156,25,6,0,5131,0,25,0,2,0,4,0,0,0,0,0,0,0,0,0
0,style_final,original,identity,all,cnn_RGB_residual,10289,10289,10289,0,0,0,10289,0,0,0,0,0,0,0,0,0,0,0,0,0,0,0
0,style_final,original,identity,all,cnn_NI_residual,18300,18300,18300,0,0,0,18300,0,0,0,0,0,0,0,0,0,0,0,0,0,0,0
0,style_final,original,identity,all,cnn_TI_residual,12117,12117,12117,0,0,0,12117,0,0,0,0,0,0,0,0,0,0,0,0,0,0,0
0,style_final,original,identity,all,transformer_RGB_residual,10778,10778,10778,0,0,0,10778,0,0,0,0,0,0,0,0,0,0,0,0,0,0,0
0,style_final,original,identity,all,transformer_NI_residual,20454,20454,20454,0,0,0,20454,0,0,0,0,0,0,0,0,0,0,0,0,0,0,0
0,style_final,original,identity,all,transformer_TI_residual,11868,11868,11868,0,0,0,11868,0,0,0,0,0,0,0,0,0,0,0,0,0,0,0
0,style_final,original,identity,all,mamba_RGB_residual,13290,13290,13290,0,0,0,13290,0,0,0,0,0,0,0,0,0,0,0,0,0,0,0
0,style_final,original,identity,all,mamba_NI_residual,18858,18858,18858,0,0,0,18858,0,0,0,0,0,0,0,0,0,0,0,0,0,0,0
0,style_final,original,identity,all,mamba_TI_residual,15498,15498,15498,0,0,0,15498,0,0,0,0,0,0,0,0,0,0,0,0,0,0,0
0,style_final,original,cross_camera,all,cnn_RGB_residual,1475,1475,1475,0,0,0,1475,0,0,0,0,0,0,0,0,0,0,0,0,0,0,0
0,style_final,original,cross_camera,all,cnn_NI_residual,2802,2802,2802,0,0,0,2802,0,0,0,0,0,0,0,0,0,0,0,0,0,0,0
0,style_final,original,cross_camera,all,cnn_TI_residual,2837,2837,2837,0,0,0,2837,0,0,0,0,0,0,0,0,0,0,0,0,0,0,0
0,style_final,original,cross_camera,all,transformer_RGB_residual,1630,1630,1630,0,0,0,1630,0,0,0,0,0,0,0,0,0,0,0,0,0,0,0
0,style_final,original,cross_camera,all,transformer_NI_residual,3693,3693,3693,0,0,0,3693,0,0,0,0,0,0,0,0,0,0,0,0,0,0,0
0,style_final,original,cross_camera,all,transformer_TI_residual,1324,1324,1324,0,0,0,1324,0,0,0,0,0,0,0,0,0,0,0,0,0,0,0
0,style_final,original,cross_camera,all,mamba_RGB_residual,2321,2321,2321,0,0,0,2321,0,0,0,0,0,0,0,0,0,0,0,0,0,0,0
0,style_final,original,cross_camera,all,mamba_NI_residual,3405,3405,3405,0,0,0,3405,0,0,0,0,0,0,0,0,0,0,0,0,0,0,0
0,style_final,original,cross_camera,all,mamba_TI_residual,2792,2792,2792,0,0,0,2792,0,0,0,0,0,0,0,0,0,0,0,0,0,0,0
0,style_final,registered_style,identity,all,cnn_RGB_residual,19178,19178,19178,0,0,0,19178,0,0,0,0,0,0,0,0,0,0,0,0,0,0,0
0,style_final,registered_style,identity,all,cnn_NI_residual,30322,30321,30322,1,0,0,30321,0,1,0,0,0,0,0,0,0,0,0,0,0,0,0
0,style_final,registered_style,identity,all,cnn_TI_residual,15789,15788,15789,1,0,0,15788,0,1,0,0,0,0,0,0,0,0,0,0,0,0,0
0,style_final,registered_style,identity,all,transformer_RGB_residual,22363,22360,22363,3,0,0,22360,0,3,0,0,0,0,0,0,0,0,0,0,0,0,0
0,style_final,registered_style,identity,all,transformer_NI_residual,36829,36826,36829,3,0,0,36826,0,3,0,0,0,0,0,0,0,0,0,0,0,0,0
0,style_final,registered_style,identity,all,transformer_TI_residual,16364,16360,16364,4,0,0,16360,0,4,0,0,0,0,0,0,0,0,0,0,0,0,0
0,style_final,registered_style,identity,all,mamba_RGB_residual,23825,23822,23825,3,0,0,23822,0,3,0,0,0,0,0,0,0,0,0,0,0,0,0
0,style_final,registered_style,identity,all,mamba_NI_residual,32573,32570,32573,3,0,0,32570,0,3,0,0,0,0,0,0,0,0,0,0,0,0,0
0,style_final,registered_style,identity,all,mamba_TI_residual,20082,20082,20082,0,0,0,20082,0,0,0,0,0,0,0,0,0,0,0,0,0,0,0
0,style_final,registered_style,cross_camera,all,cnn_RGB_residual,2642,2642,2642,0,0,0,2642,0,0,0,0,0,0,0,0,0,0,0,0,0,0,0
0,style_final,registered_style,cross_camera,all,cnn_NI_residual,5819,5819,5819,0,0,0,5819,0,0,0,0,0,0,0,0,0,0,0,0,0,0,0
0,style_final,registered_style,cross_camera,all,cnn_TI_residual,3009,3009,3009,0,0,0,3009,0,0,0,0,0,0,0,0,0,0,0,0,0,0,0
0,style_final,registered_style,cross_camera,all,transformer_RGB_residual,3252,3250,3252,2,0,0,3250,0,2,0,0,0,0,0,0,0,0,0,0,0,0,0
0,style_final,registered_style,cross_camera,all,transformer_NI_residual,7220,7220,7220,0,0,0,7220,0,0,0,0,0,0,0,0,0,0,0,0,0,0,0
0,style_final,registered_style,cross_camera,all,transformer_TI_residual,1631,1628,1631,3,0,0,1628,0,3,0,0,0,0,0,0,0,0,0,0,0,0,0
0,style_final,registered_style,cross_camera,all,mamba_RGB_residual,3663,3661,3663,2,0,0,3661,0,2,0,0,0,0,0,0,0,0,0,0,0,0,0
0,style_final,registered_style,cross_camera,all,mamba_NI_residual,6709,6707,6709,2,0,0,6707,0,2,0,0,0,0,0,0,0,0,0,0,0,0,0
0,style_final,registered_style,cross_camera,all,mamba_TI_residual,3089,3089,3089,0,0,0,3089,0,0,0,0,0,0,0,0,0,0,0,0,0,0,0
1,initial,original,identity,all,cnn_RGB_residual,18737,18731,18737,6,0,0,18729,0,6,0,0,0,0,0,2,0,0,0,0,0,0,0
1,initial,original,identity,all,cnn_NI_residual,24734,24731,24734,3,0,0,24731,0,3,0,0,0,0,0,0,0,0,0,0,0,0,0
1,initial,original,identity,all,cnn_TI_residual,20980,20976,20980,4,0,0,20976,0,4,0,0,0,0,0,0,0,0,0,0,0,0,0
1,initial,original,identity,all,transformer_RGB_residual,13961,13961,13961,0,0,0,13959,0,0,0,0,0,0,0,2,0,0,0,0,0,0,0
1,initial,original,identity,all,transformer_NI_residual,21200,21200,21200,0,0,0,21200,0,0,0,0,0,0,0,0,0,0,0,0,0,0,0
1,initial,original,identity,all,transformer_TI_residual,13181,13181,13181,0,0,0,13178,0,0,0,0,0,0,0,3,0,0,0,0,0,0,0
1,initial,original,identity,all,mamba_RGB_residual,20293,20251,20293,42,0,0,20250,0,42,0,0,0,0,0,1,0,0,0,0,0,0,0
1,initial,original,identity,all,mamba_NI_residual,25585,25547,25585,38,0,0,25547,0,38,0,0,0,0,0,0,0,0,0,0,0,0,0
1,initial,original,identity,all,mamba_TI_residual,20005,20001,20005,4,0,0,19999,0,4,0,0,0,0,0,2,0,0,0,0,0,0,0
1,initial,original,cross_camera,all,cnn_RGB_residual,1899,1897,1899,2,0,0,1896,0,2,0,0,0,0,0,1,0,0,0,0,0,0,0
1,initial,original,cross_camera,all,cnn_NI_residual,3253,3252,3253,1,0,0,3252,0,1,0,0,0,0,0,0,0,0,0,0,0,0,0
1,initial,original,cross_camera,all,cnn_TI_residual,3342,3342,3342,0,0,0,3342,0,0,0,0,0,0,0,0,0,0,0,0,0,0,0
1,initial,original,cross_camera,all,transformer_RGB_residual,1389,1389,1389,0,0,0,1388,0,0,0,0,0,0,0,1,0,0,0,0,0,0,0
1,initial,original,cross_camera,all,transformer_NI_residual,2692,2692,2692,0,0,0,2692,0,0,0,0,0,0,0,0,0,0,0,0,0,0,0
1,initial,original,cross_camera,all,transformer_TI_residual,2367,2367,2367,0,0,0,2365,0,0,0,0,0,0,0,2,0,0,0,0,0,0,0
1,initial,original,cross_camera,all,mamba_RGB_residual,2231,2230,2231,1,0,0,2229,0,1,0,0,0,0,0,1,0,0,0,0,0,0,0
1,initial,original,cross_camera,all,mamba_NI_residual,4388,4386,4388,2,0,0,4386,0,2,0,0,0,0,0,0,0,0,0,0,0,0,0
1,initial,original,cross_camera,all,mamba_TI_residual,3155,3155,3155,0,0,0,3154,0,0,0,0,0,0,0,1,0,0,0,0,0,0,0
1,initial,registered_style,identity,all,cnn_RGB_residual,62464,61904,62252,385,212,0,61865,0,385,0,37,0,175,0,2,0,0,0,0,0,0,0
1,initial,registered_style,identity,all,cnn_NI_residual,87536,86933,87312,416,224,0,86896,0,416,0,37,0,187,0,0,0,0,0,0,0,0,0
1,initial,registered_style,identity,all,cnn_TI_residual,40575,40440,40499,77,76,0,40422,0,77,0,18,0,58,0,0,0,0,0,0,0,0,0
1,initial,registered_style,identity,all,transformer_RGB_residual,106512,105849,106278,500,234,0,105776,0,500,0,71,0,163,0,2,0,0,0,0,0,0,0
1,initial,registered_style,identity,all,transformer_NI_residual,99989,99444,99775,400,214,0,99375,0,400,0,69,0,145,0,0,0,0,0,0,0,0,0
1,initial,registered_style,identity,all,transformer_TI_residual,35896,35725,35824,114,72,0,35707,0,114,0,15,0,57,0,3,0,0,0,0,0,0,0
1,initial,registered_style,identity,all,mamba_RGB_residual,65103,64637,64892,318,211,0,64573,0,318,0,63,0,148,0,1,0,0,0,0,0,0,0
1,initial,registered_style,identity,all,mamba_NI_residual,88347,87848,88117,343,230,0,87774,0,343,0,74,0,156,0,0,0,0,0,0,0,0,0
1,initial,registered_style,identity,all,mamba_TI_residual,39387,39247,39330,97,57,0,39231,0,97,0,14,0,43,0,2,0,0,0,0,0,0,0
1,initial,registered_style,cross_camera,all,cnn_RGB_residual,7952,7736,7889,157,63,0,7731,0,157,0,4,0,59,0,1,0,0,0,0,0,0,0
1,initial,registered_style,cross_camera,all,cnn_NI_residual,15967,15724,15885,170,82,0,15715,0,170,0,9,0,73,0,0,0,0,0,0,0,0,0
1,initial,registered_style,cross_camera,all,cnn_TI_residual,5569,5519,5538,26,31,0,5512,0,26,0,7,0,24,0,0,0,0,0,0,0,0,0
1,initial,registered_style,cross_camera,all,transformer_RGB_residual,10127,10011,10054,64,73,0,9989,0,64,0,21,0,52,0,1,0,0,0,0,0,0,0
1,initial,registered_style,cross_camera,all,transformer_NI_residual,13615,13480,13525,69,90,0,13456,0,69,0,24,0,66,0,0,0,0,0,0,0,0,0
1,initial,registered_style,cross_camera,all,transformer_TI_residual,4971,4939,4955,20,16,0,4933,0,20,0,4,0,12,0,2,0,0,0,0,0,0,0
1,initial,registered_style,cross_camera,all,mamba_RGB_residual,8135,8029,8071,57,64,0,8013,0,57,0,15,0,49,0,1,0,0,0,0,0,0,0
1,initial,registered_style,cross_camera,all,mamba_NI_residual,16008,15892,15921,58,87,0,15863,0,58,0,29,0,58,0,0,0,0,0,0,0,0,0
1,initial,registered_style,cross_camera,all,mamba_TI_residual,5366,5323,5342,23,24,0,5318,0,23,0,4,0,20,0,1,0,0,0,0,0,0,0
1,control_final,original,identity,all,cnn_RGB_residual,11118,11118,11118,0,0,0,11118,0,0,0,0,0,0,0,0,0,0,0,0,0,0,0
1,control_final,original,identity,all,cnn_NI_residual,14344,14344,14344,0,0,0,14343,0,0,0,0,0,0,0,1,0,0,0,0,0,0,0
1,control_final,original,identity,all,cnn_TI_residual,10313,10313,10313,0,0,0,10313,0,0,0,0,0,0,0,0,0,0,0,0,0,0,0
1,control_final,original,identity,all,transformer_RGB_residual,12341,12341,12341,0,0,0,12341,0,0,0,0,0,0,0,0,0,0,0,0,0,0,0
1,control_final,original,identity,all,transformer_NI_residual,18876,18876,18876,0,0,0,18876,0,0,0,0,0,0,0,0,0,0,0,0,0,0,0
1,control_final,original,identity,all,transformer_TI_residual,10201,10201,10201,0,0,0,10201,0,0,0,0,0,0,0,0,0,0,0,0,0,0,0
1,control_final,original,identity,all,mamba_RGB_residual,14420,14420,14420,0,0,0,14420,0,0,0,0,0,0,0,0,0,0,0,0,0,0,0
1,control_final,original,identity,all,mamba_NI_residual,19504,19504,19504,0,0,0,19504,0,0,0,0,0,0,0,0,0,0,0,0,0,0,0
1,control_final,original,identity,all,mamba_TI_residual,12743,12743,12743,0,0,0,12743,0,0,0,0,0,0,0,0,0,0,0,0,0,0,0
1,control_final,original,cross_camera,all,cnn_RGB_residual,1092,1092,1092,0,0,0,1092,0,0,0,0,0,0,0,0,0,0,0,0,0,0,0
1,control_final,original,cross_camera,all,cnn_NI_residual,1682,1682,1682,0,0,0,1681,0,0,0,0,0,0,0,1,0,0,0,0,0,0,0
1,control_final,original,cross_camera,all,cnn_TI_residual,1393,1393,1393,0,0,0,1393,0,0,0,0,0,0,0,0,0,0,0,0,0,0,0
1,control_final,original,cross_camera,all,transformer_RGB_residual,957,957,957,0,0,0,957,0,0,0,0,0,0,0,0,0,0,0,0,0,0,0
1,control_final,original,cross_camera,all,transformer_NI_residual,1616,1616,1616,0,0,0,1616,0,0,0,0,0,0,0,0,0,0,0,0,0,0,0
1,control_final,original,cross_camera,all,transformer_TI_residual,1623,1623,1623,0,0,0,1623,0,0,0,0,0,0,0,0,0,0,0,0,0,0,0
1,control_final,original,cross_camera,all,mamba_RGB_residual,1411,1411,1411,0,0,0,1411,0,0,0,0,0,0,0,0,0,0,0,0,0,0,0
1,control_final,original,cross_camera,all,mamba_NI_residual,3003,3003,3003,0,0,0,3003,0,0,0,0,0,0,0,0,0,0,0,0,0,0,0
1,control_final,original,cross_camera,all,mamba_TI_residual,1882,1882,1882,0,0,0,1882,0,0,0,0,0,0,0,0,0,0,0,0,0,0,0
1,control_final,registered_style,identity,all,cnn_RGB_residual,48004,47799,47869,107,135,0,47762,0,107,0,37,0,98,0,0,0,0,0,0,0,0,0
1,control_final,registered_style,identity,all,cnn_NI_residual,65055,64845,64899,106,156,0,64792,0,106,0,52,0,104,0,1,0,0,0,0,0,0,0
1,control_final,registered_style,identity,all,cnn_TI_residual,23359,23344,23337,8,22,0,23329,0,8,0,15,0,7,0,0,0,0,0,0,0,0,0
1,control_final,registered_style,identity,all,transformer_RGB_residual,104835,104061,104676,634,159,0,104042,0,634,0,19,0,140,0,0,0,0,0,0,0,0,0
1,control_final,registered_style,identity,all,transformer_NI_residual,100222,99437,100065,649,157,0,99416,0,649,0,21,0,136,0,0,0,0,0,0,0,0,0
1,control_final,registered_style,identity,all,transformer_TI_residual,29421,29241,29376,136,45,0,29240,0,136,0,1,0,44,0,0,0,0,0,0,0,0,0
1,control_final,registered_style,identity,all,mamba_RGB_residual,51722,51513,51589,125,133,0,51464,0,125,0,49,0,84,0,0,0,0,0,0,0,0,0
1,control_final,registered_style,identity,all,mamba_NI_residual,75418,75208,75259,119,159,0,75140,0,119,0,68,0,91,0,0,0,0,0,0,0,0,0
1,control_final,registered_style,identity,all,mamba_TI_residual,30441,30404,30421,21,20,0,30400,0,21,0,4,0,16,0,0,0,0,0,0,0,0,0
1,control_final,registered_style,cross_camera,all,cnn_RGB_residual,6104,5999,6036,51,68,0,5985,0,51,0,14,0,54,0,0,0,0,0,0,0,0,0
1,control_final,registered_style,cross_camera,all,cnn_NI_residual,12592,12465,12496,56,96,0,12439,0,56,0,25,0,71,0,1,0,0,0,0,0,0,0
1,control_final,registered_style,cross_camera,all,cnn_TI_residual,2702,2695,2692,2,10,0,2690,0,2,0,5,0,5,0,0,0,0,0,0,0,0,0
1,control_final,registered_style,cross_camera,all,transformer_RGB_residual,10779,10520,10692,181,87,0,10511,0,181,0,9,0,78,0,0,0,0,0,0,0,0,0
1,control_final,registered_style,cross_camera,all,transformer_NI_residual,14687,14370,14585,228,102,0,14357,0,228,0,13,0,89,0,0,0,0,0,0,0,0,0
1,control_final,registered_style,cross_camera,all,transformer_TI_residual,3178,3138,3170,32,8,0,3138,0,32,0,0,0,8,0,0,0,0,0,0,0,0,0
1,control_final,registered_style,cross_camera,all,mamba_RGB_residual,6657,6581,6594,37,63,0,6557,0,37,0,24,0,39,0,0,0,0,0,0,0,0,0
1,control_final,registered_style,cross_camera,all,mamba_NI_residual,15209,15114,15111,48,98,0,15063,0,48,0,51,0,47,0,0,0,0,0,0,0,0,0
1,control_final,registered_style,cross_camera,all,mamba_TI_residual,3316,3312,3311,2,5,0,3309,0,2,0,3,0,2,0,0,0,0,0,0,0,0,0
1,style_final,original,identity,all,cnn_RGB_residual,12753,12753,12753,0,0,0,12753,0,0,0,0,0,0,0,0,0,0,0,0,0,0,0
1,style_final,original,identity,all,cnn_NI_residual,17085,17085,17085,0,0,0,17085,0,0,0,0,0,0,0,0,0,0,0,0,0,0,0
1,style_final,original,identity,all,cnn_TI_residual,11328,11328,11328,0,0,0,11328,0,0,0,0,0,0,0,0,0,0,0,0,0,0,0
1,style_final,original,identity,all,transformer_RGB_residual,13468,13468,13468,0,0,0,13468,0,0,0,0,0,0,0,0,0,0,0,0,0,0,0
1,style_final,original,identity,all,transformer_NI_residual,21885,21885,21885,0,0,0,21885,0,0,0,0,0,0,0,0,0,0,0,0,0,0,0
1,style_final,original,identity,all,transformer_TI_residual,8901,8901,8901,0,0,0,8901,0,0,0,0,0,0,0,0,0,0,0,0,0,0,0
1,style_final,original,identity,all,mamba_RGB_residual,15235,15232,15235,3,0,0,15232,0,3,0,0,0,0,0,0,0,0,0,0,0,0,0
1,style_final,original,identity,all,mamba_NI_residual,20459,20455,20459,4,0,0,20455,0,4,0,0,0,0,0,0,0,0,0,0,0,0,0
1,style_final,original,identity,all,mamba_TI_residual,11973,11972,11973,1,0,0,11971,0,1,0,0,0,0,0,1,0,0,0,0,0,0,0
1,style_final,original,cross_camera,all,cnn_RGB_residual,1144,1144,1144,0,0,0,1144,0,0,0,0,0,0,0,0,0,0,0,0,0,0,0
1,style_final,original,cross_camera,all,cnn_NI_residual,2072,2072,2072,0,0,0,2072,0,0,0,0,0,0,0,0,0,0,0,0,0,0,0
1,style_final,original,cross_camera,all,cnn_TI_residual,1494,1494,1494,0,0,0,1494,0,0,0,0,0,0,0,0,0,0,0,0,0,0,0
1,style_final,original,cross_camera,all,transformer_RGB_residual,1322,1322,1322,0,0,0,1322,0,0,0,0,0,0,0,0,0,0,0,0,0,0,0
1,style_final,original,cross_camera,all,transformer_NI_residual,2413,2413,2413,0,0,0,2413,0,0,0,0,0,0,0,0,0,0,0,0,0,0,0
1,style_final,original,cross_camera,all,transformer_TI_residual,1287,1287,1287,0,0,0,1287,0,0,0,0,0,0,0,0,0,0,0,0,0,0,0
1,style_final,original,cross_camera,all,mamba_RGB_residual,1640,1640,1640,0,0,0,1640,0,0,0,0,0,0,0,0,0,0,0,0,0,0,0
1,style_final,original,cross_camera,all,mamba_NI_residual,2510,2510,2510,0,0,0,2510,0,0,0,0,0,0,0,0,0,0,0,0,0,0,0
1,style_final,original,cross_camera,all,mamba_TI_residual,1471,1471,1471,0,0,0,1470,0,0,0,0,0,0,0,1,0,0,0,0,0,0,0
1,style_final,registered_style,identity,all,cnn_RGB_residual,18417,18417,18417,0,0,0,18417,0,0,0,0,0,0,0,0,0,0,0,0,0,0,0
1,style_final,registered_style,identity,all,cnn_NI_residual,25436,25436,25436,0,0,0,25436,0,0,0,0,0,0,0,0,0,0,0,0,0,0,0
1,style_final,registered_style,identity,all,cnn_TI_residual,15036,15036,15036,0,0,0,15036,0,0,0,0,0,0,0,0,0,0,0,0,0,0,0
1,style_final,registered_style,identity,all,transformer_RGB_residual,22749,22748,22749,1,0,0,22748,0,1,0,0,0,0,0,0,0,0,0,0,0,0,0
1,style_final,registered_style,identity,all,transformer_NI_residual,35283,35279,35283,4,0,0,35279,0,4,0,0,0,0,0,0,0,0,0,0,0,0,0
1,style_final,registered_style,identity,all,transformer_TI_residual,13325,13320,13325,5,0,0,13320,0,5,0,0,0,0,0,0,0,0,0,0,0,0,0
1,style_final,registered_style,identity,all,mamba_RGB_residual,21782,21779,21782,3,0,0,21779,0,3,0,0,0,0,0,0,0,0,0,0,0,0,0
1,style_final,registered_style,identity,all,mamba_NI_residual,30983,30980,30983,3,0,0,30980,0,3,0,0,0,0,0,0,0,0,0,0,0,0,0
1,style_final,registered_style,identity,all,mamba_TI_residual,16917,16916,16917,1,0,0,16915,0,1,0,0,0,0,0,1,0,0,0,0,0,0,0
1,style_final,registered_style,cross_camera,all,cnn_RGB_residual,2016,2016,2016,0,0,0,2016,0,0,0,0,0,0,0,0,0,0,0,0,0,0,0
1,style_final,registered_style,cross_camera,all,cnn_NI_residual,3698,3698,3698,0,0,0,3698,0,0,0,0,0,0,0,0,0,0,0,0,0,0,0
1,style_final,registered_style,cross_camera,all,cnn_TI_residual,1791,1791,1791,0,0,0,1791,0,0,0,0,0,0,0,0,0,0,0,0,0,0,0
1,style_final,registered_style,cross_camera,all,transformer_RGB_residual,2708,2708,2708,0,0,0,2708,0,0,0,0,0,0,0,0,0,0,0,0,0,0,0
1,style_final,registered_style,cross_camera,all,transformer_NI_residual,4553,4553,4553,0,0,0,4553,0,0,0,0,0,0,0,0,0,0,0,0,0,0,0
1,style_final,registered_style,cross_camera,all,transformer_TI_residual,1682,1682,1682,0,0,0,1682,0,0,0,0,0,0,0,0,0,0,0,0,0,0,0
1,style_final,registered_style,cross_camera,all,mamba_RGB_residual,2723,2723,2723,0,0,0,2723,0,0,0,0,0,0,0,0,0,0,0,0,0,0,0
1,style_final,registered_style,cross_camera,all,mamba_NI_residual,4681,4681,4681,0,0,0,4681,0,0,0,0,0,0,0,0,0,0,0,0,0,0,0
1,style_final,registered_style,cross_camera,all,mamba_TI_residual,1961,1961,1961,0,0,0,1960,0,0,0,0,0,0,0,1,0,0,0,0,0,0,0
2,initial,original,identity,all,cnn_RGB_residual,18568,18561,18566,5,0,2,18558,0,4,0,0,0,0,0,3,0,1,0,0,0,0,2
2,initial,original,identity,all,cnn_NI_residual,25511,25507,25511,4,0,0,25504,0,3,0,0,0,0,0,3,0,1,0,0,0,0,0
2,initial,original,identity,all,cnn_TI_residual,17078,17072,17074,2,0,4,17070,0,2,0,0,0,0,0,2,0,0,2,0,0,0,2
2,initial,original,identity,all,transformer_RGB_residual,10070,10067,10068,1,0,2,10064,0,1,0,0,0,0,0,3,0,0,0,0,0,0,2
2,initial,original,identity,all,transformer_NI_residual,17032,17032,17032,0,0,0,17027,0,0,0,0,0,0,0,5,0,0,0,0,0,0,0
2,initial,original,identity,all,transformer_TI_residual,12722,12717,12718,1,0,4,12717,0,1,0,0,0,0,0,0,1,0,1,0,0,0,2
2,initial,original,identity,all,mamba_RGB_residual,18732,18723,18728,5,0,4,18720,0,5,0,0,0,0,0,3,2,0,0,0,0,0,2
2,initial,original,identity,all,mamba_NI_residual,31752,31746,31752,6,0,0,31743,0,6,0,0,0,0,0,3,0,0,0,0,0,0,0
2,initial,original,identity,all,mamba_TI_residual,17072,17067,17068,1,0,4,17065,0,1,0,0,0,0,0,2,2,0,0,0,0,0,2
2,initial,original,cross_camera,all,cnn_RGB_residual,1748,1746,1746,0,0,2,1745,0,0,0,0,0,0,0,1,0,0,0,0,0,0,2
2,initial,original,cross_camera,all,cnn_NI_residual,3332,3332,3332,0,0,0,3332,0,0,0,0,0,0,0,0,0,0,0,0,0,0,0
2,initial,original,cross_camera,all,cnn_TI_residual,2992,2986,2988,2,0,4,2985,0,2,0,0,0,0,0,1,0,0,2,0,0,0,2
2,initial,original,cross_camera,all,transformer_RGB_residual,1146,1143,1144,1,0,2,1142,0,1,0,0,0,0,0,1,0,0,0,0,0,0,2
2,initial,original,cross_camera,all,transformer_NI_residual,2668,2668,2668,0,0,0,2668,0,0,0,0,0,0,0,0,0,0,0,0,0,0,0
2,initial,original,cross_camera,all,transformer_TI_residual,2180,2175,2176,1,0,4,2175,0,1,0,0,0,0,0,0,1,0,1,0,0,0,2
2,initial,original,cross_camera,all,mamba_RGB_residual,1729,1724,1725,1,0,4,1723,0,1,0,0,0,0,0,1,2,0,0,0,0,0,2
2,initial,original,cross_camera,all,mamba_NI_residual,4021,4021,4021,0,0,0,4021,0,0,0,0,0,0,0,0,0,0,0,0,0,0,0
2,initial,original,cross_camera,all,mamba_TI_residual,2926,2922,2922,0,0,4,2921,0,0,0,0,0,0,0,1,2,0,0,0,0,0,2
2,initial,registered_style,identity,all,cnn_RGB_residual,90786,89889,90226,468,539,21,89757,0,466,0,131,0,408,17,1,1,2,0,0,0,0,3
2,initial,registered_style,identity,all,cnn_NI_residual,108965,108059,108346,446,598,21,107899,0,444,0,159,0,439,19,1,1,2,0,0,0,0,1
2,initial,registered_style,identity,all,cnn_TI_residual,31216,30986,31058,96,137,21,30961,0,96,0,24,0,113,17,1,0,0,2,0,0,0,2
2,initial,registered_style,identity,all,transformer_RGB_residual,107401,106282,106909,743,477,15,106161,0,743,0,116,1,361,10,5,1,0,0,0,1,0,2
2,initial,registered_style,identity,all,transformer_NI_residual,147798,146434,147129,875,645,24,146251,0,875,0,180,2,465,20,3,1,0,0,0,1,0,0
2,initial,registered_style,identity,all,transformer_TI_residual,34443,34047,34222,226,199,22,33996,0,226,0,51,1,148,17,0,1,0,1,0,0,0,2
2,initial,registered_style,identity,all,mamba_RGB_residual,95757,94730,95177,554,555,25,94618,0,554,0,107,0,448,19,5,2,0,1,0,0,0,3
2,initial,registered_style,identity,all,mamba_NI_residual,137338,136092,136688,700,629,21,135986,0,700,0,104,0,525,19,2,0,0,1,0,0,0,1
2,initial,registered_style,identity,all,mamba_TI_residual,33753,33351,33559,234,176,18,33323,0,234,0,26,0,150,14,2,2,0,0,0,0,0,2
2,initial,registered_style,cross_camera,all,cnn_RGB_residual,7184,7094,7124,41,58,2,7082,0,41,0,11,0,47,0,1,0,0,0,0,0,0,2
2,initial,registered_style,cross_camera,all,cnn_NI_residual,12078,11986,12024,46,54,0,11978,0,46,0,8,0,46,0,0,0,0,0,0,0,0,0
2,initial,registered_style,cross_camera,all,cnn_TI_residual,4912,4885,4899,15,9,4,4883,0,15,0,1,0,8,0,1,0,0,2,0,0,0,2
2,initial,registered_style,cross_camera,all,transformer_RGB_residual,8217,8108,8177,81,38,2,8095,0,81,0,12,0,26,0,1,0,0,0,0,0,0,2
2,initial,registered_style,cross_camera,all,transformer_NI_residual,16836,16734,16778,69,58,0,16709,0,69,0,25,0,33,0,0,0,0,0,0,0,0,0
2,initial,registered_style,cross_camera,all,transformer_TI_residual,4620,4575,4602,30,14,4,4572,0,30,0,3,0,11,0,0,1,0,1,0,0,0,2
2,initial,registered_style,cross_camera,all,mamba_RGB_residual,7796,7718,7746,31,46,4,7714,0,31,0,3,0,43,0,1,2,0,0,0,0,0,2
2,initial,registered_style,cross_camera,all,mamba_NI_residual,15258,15151,15199,51,59,0,15148,0,51,0,3,0,56,0,0,0,0,0,0,0,0,0
2,initial,registered_style,cross_camera,all,mamba_TI_residual,4775,4745,4759,14,12,4,4744,0,14,0,0,0,12,0,1,2,0,0,0,0,0,2
2,control_final,original,identity,all,cnn_RGB_residual,9470,9470,9470,0,0,0,9468,0,0,0,0,0,0,0,2,0,0,0,0,0,0,0
2,control_final,original,identity,all,cnn_NI_residual,14260,14260,14260,0,0,0,14260,0,0,0,0,0,0,0,0,0,0,0,0,0,0,0
2,control_final,original,identity,all,cnn_TI_residual,8311,8311,8311,0,0,0,8308,0,0,0,0,0,0,0,3,0,0,0,0,0,0,0
2,control_final,original,identity,all,transformer_RGB_residual,8645,8645,8645,0,0,0,8642,0,0,0,0,0,0,0,3,0,0,0,0,0,0,0
2,control_final,original,identity,all,transformer_NI_residual,15700,15700,15700,0,0,0,15698,0,0,0,0,0,0,0,2,0,0,0,0,0,0,0
2,control_final,original,identity,all,transformer_TI_residual,9257,9257,9257,0,0,0,9255,0,0,0,0,0,0,0,2,0,0,0,0,0,0,0
2,control_final,original,identity,all,mamba_RGB_residual,12340,12340,12340,0,0,0,12334,0,0,0,0,0,0,0,6,0,0,0,0,0,0,0
2,control_final,original,identity,all,mamba_NI_residual,22330,22330,22330,0,0,0,22329,0,0,0,0,0,0,0,1,0,0,0,0,0,0,0
2,control_final,original,identity,all,mamba_TI_residual,11113,11113,11113,0,0,0,11109,0,0,0,0,0,0,0,4,0,0,0,0,0,0,0
2,control_final,original,cross_camera,all,cnn_RGB_residual,904,904,904,0,0,0,902,0,0,0,0,0,0,0,2,0,0,0,0,0,0,0
2,control_final,original,cross_camera,all,cnn_NI_residual,1904,1904,1904,0,0,0,1904,0,0,0,0,0,0,0,0,0,0,0,0,0,0,0
2,control_final,original,cross_camera,all,cnn_TI_residual,1371,1371,1371,0,0,0,1368,0,0,0,0,0,0,0,3,0,0,0,0,0,0,0
2,control_final,original,cross_camera,all,transformer_RGB_residual,624,624,624,0,0,0,622,0,0,0,0,0,0,0,2,0,0,0,0,0,0,0
2,control_final,original,cross_camera,all,transformer_NI_residual,2000,2000,2000,0,0,0,2000,0,0,0,0,0,0,0,0,0,0,0,0,0,0,0
2,control_final,original,cross_camera,all,transformer_TI_residual,1045,1045,1045,0,0,0,1043,0,0,0,0,0,0,0,2,0,0,0,0,0,0,0
2,control_final,original,cross_camera,all,mamba_RGB_residual,1269,1269,1269,0,0,0,1265,0,0,0,0,0,0,0,4,0,0,0,0,0,0,0
2,control_final,original,cross_camera,all,mamba_NI_residual,3080,3080,3080,0,0,0,3080,0,0,0,0,0,0,0,0,0,0,0,0,0,0,0
2,control_final,original,cross_camera,all,mamba_TI_residual,1713,1713,1713,0,0,0,1709,0,0,0,0,0,0,0,4,0,0,0,0,0,0,0
2,control_final,registered_style,identity,all,cnn_RGB_residual,66092,65821,65786,111,304,2,65672,0,111,0,146,0,158,2,3,0,0,0,0,0,0,0
2,control_final,registered_style,identity,all,cnn_NI_residual,78643,78341,78288,110,350,5,78175,0,110,0,163,0,187,5,3,0,0,0,0,0,0,0
2,control_final,registered_style,identity,all,cnn_TI_residual,18776,18706,18712,20,59,5,18689,0,20,0,14,0,45,5,3,0,0,0,0,0,0,0
2,control_final,registered_style,identity,all,transformer_RGB_residual,112189,111056,111894,881,292,3,111006,0,881,0,43,0,249,3,7,0,0,0,0,0,0,0
2,control_final,registered_style,identity,all,transformer_NI_residual,139804,138401,139379,1049,419,6,138326,0,1049,0,71,0,348,6,4,0,0,0,0,0,0,0
2,control_final,registered_style,identity,all,transformer_TI_residual,26339,26046,26205,177,130,4,26026,0,177,0,18,0,112,4,2,0,0,0,0,0,0,0
2,control_final,registered_style,identity,all,mamba_RGB_residual,78029,77480,77701,273,322,6,77422,0,273,0,52,0,270,6,6,0,0,0,0,0,0,0
2,control_final,registered_style,identity,all,mamba_NI_residual,116118,115421,115730,375,383,5,115354,0,375,0,66,0,317,5,1,0,0,0,0,0,0,0
2,control_final,registered_style,identity,all,mamba_TI_residual,25495,25264,25385,133,107,3,25248,0,133,0,12,0,95,3,4,0,0,0,0,0,0,0
2,control_final,registered_style,cross_camera,all,cnn_RGB_residual,5410,5350,5351,15,59,0,5334,0,15,0,14,0,45,0,2,0,0,0,0,0,0,0
2,control_final,registered_style,cross_camera,all,cnn_NI_residual,9485,9419,9426,22,59,0,9404,0,22,0,15,0,44,0,0,0,0,0,0,0,0,0
2,control_final,registered_style,cross_camera,all,cnn_TI_residual,2757,2751,2749,0,8,0,2746,0,0,0,2,0,6,0,3,0,0,0,0,0,0,0
2,control_final,registered_style,cross_camera,all,transformer_RGB_residual,9093,8984,9043,65,50,0,8976,0,65,0,6,0,44,0,2,0,0,0,0,0,0,0
2,control_final,registered_style,cross_camera,all,transformer_NI_residual,16446,16337,16381,60,65,0,16321,0,60,0,16,0,49,0,0,0,0,0,0,0,0,0
2,control_final,registered_style,cross_camera,all,transformer_TI_residual,2495,2478,2485,12,10,0,2471,0,12,0,5,0,5,0,2,0,0,0,0,0,0,0
2,control_final,registered_style,cross_camera,all,mamba_RGB_residual,6582,6515,6535,24,47,0,6507,0,24,0,4,0,43,0,4,0,0,0,0,0,0,0
2,control_final,registered_style,cross_camera,all,mamba_NI_residual,13678,13579,13618,49,60,0,13569,0,49,0,10,0,50,0,0,0,0,0,0,0,0,0
2,control_final,registered_style,cross_camera,all,mamba_TI_residual,3399,3383,3386,5,13,0,3377,0,5,0,2,0,11,0,4,0,0,0,0,0,0,0
2,style_final,original,identity,all,cnn_RGB_residual,11947,11947,11947,0,0,0,11943,0,0,0,0,0,0,0,4,0,0,0,0,0,0,0
2,style_final,original,identity,all,cnn_NI_residual,17295,17295,17295,0,0,0,17295,0,0,0,0,0,0,0,0,0,0,0,0,0,0,0
2,style_final,original,identity,all,cnn_TI_residual,8560,8560,8560,0,0,0,8556,0,0,0,0,0,0,0,4,0,0,0,0,0,0,0
2,style_final,original,identity,all,transformer_RGB_residual,9774,9774,9774,0,0,0,9772,0,0,0,0,0,0,0,2,0,0,0,0,0,0,0
2,style_final,original,identity,all,transformer_NI_residual,15316,15316,15316,0,0,0,15315,0,0,0,0,0,0,0,1,0,0,0,0,0,0,0
2,style_final,original,identity,all,transformer_TI_residual,7316,7316,7316,0,0,0,7316,0,0,0,0,0,0,0,0,0,0,0,0,0,0,0
2,style_final,original,identity,all,mamba_RGB_residual,14240,14239,14240,1,0,0,14232,0,1,0,0,0,0,0,7,0,0,0,0,0,0,0
2,style_final,original,identity,all,mamba_NI_residual,22781,22779,22781,2,0,0,22778,0,2,0,0,0,0,0,1,0,0,0,0,0,0,0
2,style_final,original,identity,all,mamba_TI_residual,11351,11350,11351,1,0,0,11346,0,1,0,0,0,0,0,4,0,0,0,0,0,0,0
2,style_final,original,cross_camera,all,cnn_RGB_residual,1303,1303,1303,0,0,0,1299,0,0,0,0,0,0,0,4,0,0,0,0,0,0,0
2,style_final,original,cross_camera,all,cnn_NI_residual,2685,2685,2685,0,0,0,2685,0,0,0,0,0,0,0,0,0,0,0,0,0,0,0
2,style_final,original,cross_camera,all,cnn_TI_residual,1299,1299,1299,0,0,0,1295,0,0,0,0,0,0,0,4,0,0,0,0,0,0,0
2,style_final,original,cross_camera,all,transformer_RGB_residual,950,950,950,0,0,0,949,0,0,0,0,0,0,0,1,0,0,0,0,0,0,0
2,style_final,original,cross_camera,all,transformer_NI_residual,2221,2221,2221,0,0,0,2221,0,0,0,0,0,0,0,0,0,0,0,0,0,0,0
2,style_final,original,cross_camera,all,transformer_TI_residual,824,824,824,0,0,0,824,0,0,0,0,0,0,0,0,0,0,0,0,0,0,0
2,style_final,original,cross_camera,all,mamba_RGB_residual,1385,1385,1385,0,0,0,1381,0,0,0,0,0,0,0,4,0,0,0,0,0,0,0
2,style_final,original,cross_camera,all,mamba_NI_residual,3199,3199,3199,0,0,0,3199,0,0,0,0,0,0,0,0,0,0,0,0,0,0,0
2,style_final,original,cross_camera,all,mamba_TI_residual,1763,1763,1763,0,0,0,1759,0,0,0,0,0,0,0,4,0,0,0,0,0,0,0
2,style_final,registered_style,identity,all,cnn_RGB_residual,21844,21825,21836,11,7,1,21821,0,11,0,0,0,7,1,4,0,0,0,0,0,0,0
2,style_final,registered_style,identity,all,cnn_NI_residual,30621,30618,30619,1,2,0,30615,0,1,0,0,0,2,0,3,0,0,0,0,0,0,0
2,style_final,registered_style,identity,all,cnn_TI_residual,12651,12640,12647,7,3,1,12636,0,7,0,0,0,3,1,4,0,0,0,0,0,0,0
2,style_final,registered_style,identity,all,transformer_RGB_residual,21790,21787,21788,2,2,0,21784,0,2,0,1,0,1,0,2,0,0,0,0,0,0,0
2,style_final,registered_style,identity,all,transformer_NI_residual,32378,32374,32371,2,6,1,32365,0,2,0,5,1,1,0,4,0,0,0,0,0,0,0
2,style_final,registered_style,identity,all,transformer_TI_residual,12221,12220,12217,0,3,1,12217,0,0,0,3,1,0,0,0,0,0,0,0,0,0,0
2,style_final,registered_style,identity,all,mamba_RGB_residual,26238,26208,26230,22,7,1,26201,0,22,0,0,0,7,1,7,0,0,0,0,0,0,0
2,style_final,registered_style,identity,all,mamba_NI_residual,39853,39839,39848,9,4,1,39836,0,9,0,0,0,4,1,3,0,0,0,0,0,0,0
2,style_final,registered_style,identity,all,mamba_TI_residual,17488,17463,17482,19,5,1,17459,0,19,0,0,0,5,1,4,0,0,0,0,0,0,0
2,style_final,registered_style,cross_camera,all,cnn_RGB_residual,2322,2322,2322,0,0,0,2318,0,0,0,0,0,0,0,4,0,0,0,0,0,0,0
2,style_final,registered_style,cross_camera,all,cnn_NI_residual,4862,4862,4862,0,0,0,4862,0,0,0,0,0,0,0,0,0,0,0,0,0,0,0
2,style_final,registered_style,cross_camera,all,cnn_TI_residual,1713,1712,1713,1,0,0,1708,0,1,0,0,0,0,0,4,0,0,0,0,0,0,0
2,style_final,registered_style,cross_camera,all,transformer_RGB_residual,2638,2638,2638,0,0,0,2637,0,0,0,0,0,0,0,1,0,0,0,0,0,0,0
2,style_final,registered_style,cross_camera,all,transformer_NI_residual,4651,4651,4651,0,0,0,4651,0,0,0,0,0,0,0,0,0,0,0,0,0,0,0
2,style_final,registered_style,cross_camera,all,transformer_TI_residual,1367,1367,1367,0,0,0,1367,0,0,0,0,0,0,0,0,0,0,0,0,0,0,0
2,style_final,registered_style,cross_camera,all,mamba_RGB_residual,2602,2602,2602,0,0,0,2598,0,0,0,0,0,0,0,4,0,0,0,0,0,0,0
2,style_final,registered_style,cross_camera,all,mamba_NI_residual,5939,5939,5939,0,0,0,5939,0,0,0,0,0,0,0,0,0,0,0,0,0,0,0
2,style_final,registered_style,cross_camera,all,mamba_TI_residual,2487,2486,2487,1,0,0,2482,0,1,0,0,0,0,0,4,0,0,0,0,0,0,0
pooled,initial,original,identity,all,cnn_RGB_residual,56473,56456,56471,15,0,2,56451,0,14,0,0,0,0,0,5,0,1,0,0,0,0,2
pooled,initial,original,identity,all,cnn_NI_residual,85554,85545,85554,9,0,0,85542,0,8,0,0,0,0,0,3,0,1,0,0,0,0,0
pooled,initial,original,identity,all,cnn_TI_residual,61360,61342,61356,14,0,4,61340,0,14,0,0,0,0,0,2,0,0,2,0,0,0,2
pooled,initial,original,identity,all,transformer_RGB_residual,35164,35160,35162,2,0,2,35155,0,2,0,0,0,0,0,5,0,0,0,0,0,0,2
pooled,initial,original,identity,all,transformer_NI_residual,61712,61712,61712,0,0,0,61707,0,0,0,0,0,0,0,5,0,0,0,0,0,0,0
pooled,initial,original,identity,all,transformer_TI_residual,42728,42722,42724,2,0,4,42719,0,2,0,0,0,0,0,3,1,0,1,0,0,0,2
pooled,initial,original,identity,all,mamba_RGB_residual,59819,59763,59815,52,0,4,59759,0,52,0,0,0,0,0,4,2,0,0,0,0,0,2
pooled,initial,original,identity,all,mamba_NI_residual,96056,96005,96056,51,0,0,96002,0,51,0,0,0,0,0,3,0,0,0,0,0,0,0
pooled,initial,original,identity,all,mamba_TI_residual,62330,62312,62326,14,0,4,62308,0,14,0,0,0,0,0,4,2,0,0,0,0,0,2
pooled,initial,original,cross_camera,all,cnn_RGB_residual,6537,6533,6535,2,0,2,6531,0,2,0,0,0,0,0,2,0,0,0,0,0,0,2
pooled,initial,original,cross_camera,all,cnn_NI_residual,12456,12455,12456,1,0,0,12455,0,1,0,0,0,0,0,0,0,0,0,0,0,0,0
pooled,initial,original,cross_camera,all,cnn_TI_residual,10873,10867,10869,2,0,4,10866,0,2,0,0,0,0,0,1,0,0,2,0,0,0,2
pooled,initial,original,cross_camera,all,transformer_RGB_residual,4172,4169,4170,1,0,2,4167,0,1,0,0,0,0,0,2,0,0,0,0,0,0,2
pooled,initial,original,cross_camera,all,transformer_NI_residual,9584,9584,9584,0,0,0,9584,0,0,0,0,0,0,0,0,0,0,0,0,0,0,0
pooled,initial,original,cross_camera,all,transformer_TI_residual,6565,6560,6561,1,0,4,6558,0,1,0,0,0,0,0,2,1,0,1,0,0,0,2
pooled,initial,original,cross_camera,all,mamba_RGB_residual,7505,7494,7501,7,0,4,7492,0,7,0,0,0,0,0,2,2,0,0,0,0,0,2
pooled,initial,original,cross_camera,all,mamba_NI_residual,15255,15248,15255,7,0,0,15248,0,7,0,0,0,0,0,0,0,0,0,0,0,0,0
pooled,initial,original,cross_camera,all,mamba_TI_residual,10445,10439,10441,2,0,4,10437,0,2,0,0,0,0,0,2,2,0,0,0,0,0,2
pooled,initial,registered_style,identity,all,cnn_RGB_residual,219539,217747,218515,1003,987,37,217509,0,1001,0,235,0,752,33,3,1,2,0,0,0,0,3
pooled,initial,registered_style,identity,all,cnn_NI_residual,291495,289620,290415,1047,1043,37,289367,0,1045,0,252,0,791,35,1,1,2,0,0,0,0,1
pooled,initial,registered_style,identity,all,cnn_TI_residual,119308,118705,118981,334,303,24,118646,0,334,0,58,0,245,20,1,0,0,2,0,0,0,2
pooled,initial,registered_style,identity,all,transformer_RGB_residual,307280,304899,306291,1633,957,32,304651,0,1633,0,241,1,716,27,7,1,0,0,0,1,0,2
pooled,initial,registered_style,identity,all,transformer_NI_residual,365527,363116,364410,1599,1079,38,362808,0,1599,0,305,2,774,34,3,1,0,0,0,1,0,0
pooled,initial,registered_style,identity,all,transformer_TI_residual,110980,110251,110626,468,329,25,110155,0,468,0,93,1,236,20,3,1,0,1,0,0,0,2
pooled,initial,registered_style,identity,all,mamba_RGB_residual,242601,240560,241558,1194,1007,36,240358,0,1194,0,196,0,811,30,6,2,0,1,0,0,0,3
pooled,initial,registered_style,identity,all,mamba_NI_residual,331482,329198,330348,1361,1097,37,328985,0,1361,0,211,0,886,35,2,0,0,1,0,0,0,1
pooled,initial,registered_style,identity,all,mamba_TI_residual,122531,121784,122200,469,310,21,121727,0,469,0,53,0,257,17,4,2,0,0,0,0,0,2
pooled,initial,registered_style,cross_camera,all,cnn_RGB_residual,25046,24614,24828,247,205,13,24579,0,247,0,33,0,172,11,2,0,0,0,0,0,0,2
pooled,initial,registered_style,cross_camera,all,cnn_NI_residual,48141,47660,47913,283,216,12,47630,0,283,0,30,0,186,12,0,0,0,0,0,0,0,0
pooled,initial,registered_style,cross_camera,all,cnn_TI_residual,16948,16831,16889,69,54,5,16819,0,69,0,11,0,43,1,1,0,0,2,0,0,0,2
pooled,initial,registered_style,cross_camera,all,transformer_RGB_residual,28270,27960,28075,166,182,13,27907,0,166,0,51,0,131,11,2,0,0,0,0,0,0,2
pooled,initial,registered_style,cross_camera,all,transformer_NI_residual,48737,48409,48506,168,219,12,48338,0,168,0,71,0,148,12,0,0,0,0,0,0,0,0
pooled,initial,registered_style,cross_camera,all,transformer_TI_residual,13516,13423,13468,60,43,5,13406,0,60,0,15,0,28,1,2,1,0,1,0,0,0,2
pooled,initial,registered_style,cross_camera,all,mamba_RGB_residual,27715,27337,27514,197,189,12,27315,0,197,0,20,0,169,8,2,2,0,0,0,0,0,2
pooled,initial,registered_style,cross_camera,all,mamba_NI_residual,53602,53142,53360,253,230,12,53107,0,253,0,35,0,195,12,0,0,0,0,0,0,0,0
pooled,initial,registered_style,cross_camera,all,mamba_TI_residual,16700,16568,16644,83,51,5,16559,0,83,0,7,0,44,1,2,2,0,0,0,0,0,2
pooled,control_final,original,identity,all,cnn_RGB_residual,29636,29636,29636,0,0,0,29634,0,0,0,0,0,0,0,2,0,0,0,0,0,0,0
pooled,control_final,original,identity,all,cnn_NI_residual,44977,44977,44977,0,0,0,44976,0,0,0,0,0,0,0,1,0,0,0,0,0,0,0
pooled,control_final,original,identity,all,cnn_TI_residual,29848,29848,29848,0,0,0,29845,0,0,0,0,0,0,0,3,0,0,0,0,0,0,0
pooled,control_final,original,identity,all,transformer_RGB_residual,31497,31497,31497,0,0,0,31494,0,0,0,0,0,0,0,3,0,0,0,0,0,0,0
pooled,control_final,original,identity,all,transformer_NI_residual,54484,54484,54484,0,0,0,54482,0,0,0,0,0,0,0,2,0,0,0,0,0,0,0
pooled,control_final,original,identity,all,transformer_TI_residual,31616,31616,31616,0,0,0,31614,0,0,0,0,0,0,0,2,0,0,0,0,0,0,0
pooled,control_final,original,identity,all,mamba_RGB_residual,40159,40159,40159,0,0,0,40153,0,0,0,0,0,0,0,6,0,0,0,0,0,0,0
pooled,control_final,original,identity,all,mamba_NI_residual,63335,63335,63335,0,0,0,63334,0,0,0,0,0,0,0,1,0,0,0,0,0,0,0
pooled,control_final,original,identity,all,mamba_TI_residual,39492,39492,39492,0,0,0,39488,0,0,0,0,0,0,0,4,0,0,0,0,0,0,0
pooled,control_final,original,cross_camera,all,cnn_RGB_residual,3491,3491,3491,0,0,0,3489,0,0,0,0,0,0,0,2,0,0,0,0,0,0,0
pooled,control_final,original,cross_camera,all,cnn_NI_residual,6190,6190,6190,0,0,0,6189,0,0,0,0,0,0,0,1,0,0,0,0,0,0,0
pooled,control_final,original,cross_camera,all,cnn_TI_residual,5061,5061,5061,0,0,0,5058,0,0,0,0,0,0,0,3,0,0,0,0,0,0,0
pooled,control_final,original,cross_camera,all,transformer_RGB_residual,3068,3068,3068,0,0,0,3066,0,0,0,0,0,0,0,2,0,0,0,0,0,0,0
pooled,control_final,original,cross_camera,all,transformer_NI_residual,6975,6975,6975,0,0,0,6975,0,0,0,0,0,0,0,0,0,0,0,0,0,0,0
pooled,control_final,original,cross_camera,all,transformer_TI_residual,3928,3928,3928,0,0,0,3926,0,0,0,0,0,0,0,2,0,0,0,0,0,0,0
pooled,control_final,original,cross_camera,all,mamba_RGB_residual,4924,4924,4924,0,0,0,4920,0,0,0,0,0,0,0,4,0,0,0,0,0,0,0
pooled,control_final,original,cross_camera,all,mamba_NI_residual,10134,10134,10134,0,0,0,10134,0,0,0,0,0,0,0,0,0,0,0,0,0,0,0
pooled,control_final,original,cross_camera,all,mamba_TI_residual,6238,6238,6238,0,0,0,6234,0,0,0,0,0,0,0,4,0,0,0,0,0,0,0
pooled,control_final,registered_style,identity,all,cnn_RGB_residual,158534,157956,157986,260,544,4,157723,0,260,0,230,1,314,3,3,0,0,0,0,0,0,0
pooled,control_final,registered_style,identity,all,cnn_NI_residual,203275,202687,202684,243,585,6,202437,0,243,0,246,0,339,6,4,0,0,0,0,0,0,0
pooled,control_final,registered_style,identity,all,cnn_TI_residual,69419,69273,69308,68,105,6,69237,0,68,0,33,1,72,5,3,0,0,0,0,0,0,0
pooled,control_final,registered_style,identity,all,transformer_RGB_residual,297877,295539,297300,1832,572,5,295461,0,1832,0,71,1,501,4,7,0,0,0,0,0,0,0
pooled,control_final,registered_style,identity,all,transformer_NI_residual,348279,345698,347599,2001,673,7,345594,0,2001,0,100,1,573,6,4,0,0,0,0,0,0,0
pooled,control_final,registered_style,identity,all,transformer_TI_residual,94222,93646,94022,398,195,5,93622,0,398,0,22,0,173,5,2,0,0,0,0,0,0,0
pooled,control_final,registered_style,identity,all,mamba_RGB_residual,197467,196305,196881,687,578,8,196188,0,687,0,111,0,467,8,6,0,0,0,0,0,0,0
pooled,control_final,registered_style,identity,all,mamba_NI_residual,270697,269455,270051,736,640,6,269314,0,736,0,140,0,500,6,1,0,0,0,0,0,0,0
pooled,control_final,registered_style,identity,all,mamba_TI_residual,95056,94662,94904,261,148,4,94639,0,261,0,19,0,129,4,4,0,0,0,0,0,0,0
pooled,control_final,registered_style,cross_camera,all,cnn_RGB_residual,18208,18015,18053,77,154,1,17974,0,77,0,39,0,115,1,2,0,0,0,0,0,0,0
pooled,control_final,registered_style,cross_camera,all,cnn_NI_residual,35080,34863,34900,89,179,1,34810,0,89,0,52,0,127,1,1,0,0,0,0,0,0,0
pooled,control_final,registered_style,cross_camera,all,cnn_TI_residual,9603,9582,9583,8,20,0,9572,0,8,0,7,0,13,0,3,0,0,0,0,0,0,0
pooled,control_final,registered_style,cross_camera,all,transformer_RGB_residual,29122,28661,28953,310,168,1,28641,0,310,0,18,1,150,0,2,0,0,0,0,0,0,0
pooled,control_final,registered_style,cross_camera,all,transformer_NI_residual,49507,48985,49313,360,193,1,48953,0,360,0,32,1,161,0,0,0,0,0,0,0,0,0
pooled,control_final,registered_style,cross_camera,all,transformer_TI_residual,8911,8833,8887,60,24,0,8825,0,60,0,6,0,18,0,2,0,0,0,0,0,0,0
pooled,control_final,registered_style,cross_camera,all,mamba_RGB_residual,22527,22290,22383,123,143,1,22256,0,123,0,30,0,113,1,4,0,0,0,0,0,0,0
pooled,control_final,registered_style,cross_camera,all,mamba_NI_residual,45730,45434,45547,177,182,1,45370,0,177,0,64,0,118,1,0,0,0,0,0,0,0,0
pooled,control_final,registered_style,cross_camera,all,mamba_TI_residual,11877,11828,11853,32,24,0,11817,0,32,0,7,0,17,0,4,0,0,0,0,0,0,0
pooled,style_final,original,identity,all,cnn_RGB_residual,34989,34989,34989,0,0,0,34985,0,0,0,0,0,0,0,4,0,0,0,0,0,0,0
pooled,style_final,original,identity,all,cnn_NI_residual,52680,52680,52680,0,0,0,52680,0,0,0,0,0,0,0,0,0,0,0,0,0,0,0
pooled,style_final,original,identity,all,cnn_TI_residual,32005,32005,32005,0,0,0,32001,0,0,0,0,0,0,0,4,0,0,0,0,0,0,0
pooled,style_final,original,identity,all,transformer_RGB_residual,34020,34020,34020,0,0,0,34018,0,0,0,0,0,0,0,2,0,0,0,0,0,0,0
pooled,style_final,original,identity,all,transformer_NI_residual,57655,57655,57655,0,0,0,57654,0,0,0,0,0,0,0,1,0,0,0,0,0,0,0
pooled,style_final,original,identity,all,transformer_TI_residual,28085,28085,28085,0,0,0,28085,0,0,0,0,0,0,0,0,0,0,0,0,0,0,0
pooled,style_final,original,identity,all,mamba_RGB_residual,42765,42761,42765,4,0,0,42754,0,4,0,0,0,0,0,7,0,0,0,0,0,0,0
pooled,style_final,original,identity,all,mamba_NI_residual,62098,62092,62098,6,0,0,62091,0,6,0,0,0,0,0,1,0,0,0,0,0,0,0
pooled,style_final,original,identity,all,mamba_TI_residual,38822,38820,38822,2,0,0,38815,0,2,0,0,0,0,0,5,0,0,0,0,0,0,0
pooled,style_final,original,cross_camera,all,cnn_RGB_residual,3922,3922,3922,0,0,0,3918,0,0,0,0,0,0,0,4,0,0,0,0,0,0,0
pooled,style_final,original,cross_camera,all,cnn_NI_residual,7559,7559,7559,0,0,0,7559,0,0,0,0,0,0,0,0,0,0,0,0,0,0,0
pooled,style_final,original,cross_camera,all,cnn_TI_residual,5630,5630,5630,0,0,0,5626,0,0,0,0,0,0,0,4,0,0,0,0,0,0,0
pooled,style_final,original,cross_camera,all,transformer_RGB_residual,3902,3902,3902,0,0,0,3901,0,0,0,0,0,0,0,1,0,0,0,0,0,0,0
pooled,style_final,original,cross_camera,all,transformer_NI_residual,8327,8327,8327,0,0,0,8327,0,0,0,0,0,0,0,0,0,0,0,0,0,0,0
pooled,style_final,original,cross_camera,all,transformer_TI_residual,3435,3435,3435,0,0,0,3435,0,0,0,0,0,0,0,0,0,0,0,0,0,0,0
pooled,style_final,original,cross_camera,all,mamba_RGB_residual,5346,5346,5346,0,0,0,5342,0,0,0,0,0,0,0,4,0,0,0,0,0,0,0
pooled,style_final,original,cross_camera,all,mamba_NI_residual,9114,9114,9114,0,0,0,9114,0,0,0,0,0,0,0,0,0,0,0,0,0,0,0
pooled,style_final,original,cross_camera,all,mamba_TI_residual,6026,6026,6026,0,0,0,6021,0,0,0,0,0,0,0,5,0,0,0,0,0,0,0
pooled,style_final,registered_style,identity,all,cnn_RGB_residual,59439,59420,59431,11,7,1,59416,0,11,0,0,0,7,1,4,0,0,0,0,0,0,0
pooled,style_final,registered_style,identity,all,cnn_NI_residual,86379,86375,86377,2,2,0,86372,0,2,0,0,0,2,0,3,0,0,0,0,0,0,0
pooled,style_final,registered_style,identity,all,cnn_TI_residual,43476,43464,43472,8,3,1,43460,0,8,0,0,0,3,1,4,0,0,0,0,0,0,0
pooled,style_final,registered_style,identity,all,transformer_RGB_residual,66902,66895,66900,6,2,0,66892,0,6,0,1,0,1,0,2,0,0,0,0,0,0,0
pooled,style_final,registered_style,identity,all,transformer_NI_residual,104490,104479,104483,9,6,1,104470,0,9,0,5,1,1,0,4,0,0,0,0,0,0,0
pooled,style_final,registered_style,identity,all,transformer_TI_residual,41910,41900,41906,9,3,1,41897,0,9,0,3,1,0,0,0,0,0,0,0,0,0,0
pooled,style_final,registered_style,identity,all,mamba_RGB_residual,71845,71809,71837,28,7,1,71802,0,28,0,0,0,7,1,7,0,0,0,0,0,0,0
pooled,style_final,registered_style,identity,all,mamba_NI_residual,103409,103389,103404,15,4,1,103386,0,15,0,0,0,4,1,3,0,0,0,0,0,0,0
pooled,style_final,registered_style,identity,all,mamba_TI_residual,54487,54461,54481,20,5,1,54456,0,20,0,0,0,5,1,5,0,0,0,0,0,0,0
pooled,style_final,registered_style,cross_camera,all,cnn_RGB_residual,6980,6980,6980,0,0,0,6976,0,0,0,0,0,0,0,4,0,0,0,0,0,0,0
pooled,style_final,registered_style,cross_camera,all,cnn_NI_residual,14379,14379,14379,0,0,0,14379,0,0,0,0,0,0,0,0,0,0,0,0,0,0,0
pooled,style_final,registered_style,cross_camera,all,cnn_TI_residual,6513,6512,6513,1,0,0,6508,0,1,0,0,0,0,0,4,0,0,0,0,0,0,0
pooled,style_final,registered_style,cross_camera,all,transformer_RGB_residual,8598,8596,8598,2,0,0,8595,0,2,0,0,0,0,0,1,0,0,0,0,0,0,0
pooled,style_final,registered_style,cross_camera,all,transformer_NI_residual,16424,16424,16424,0,0,0,16424,0,0,0,0,0,0,0,0,0,0,0,0,0,0,0
pooled,style_final,registered_style,cross_camera,all,transformer_TI_residual,4680,4677,4680,3,0,0,4677,0,3,0,0,0,0,0,0,0,0,0,0,0,0,0
pooled,style_final,registered_style,cross_camera,all,mamba_RGB_residual,8988,8986,8988,2,0,0,8982,0,2,0,0,0,0,0,4,0,0,0,0,0,0,0
pooled,style_final,registered_style,cross_camera,all,mamba_NI_residual,17329,17327,17329,2,0,0,17327,0,2,0,0,0,0,0,0,0,0,0,0,0,0,0
pooled,style_final,registered_style,cross_camera,all,mamba_TI_residual,7537,7536,7537,1,0,0,7531,0,1,0,0,0,0,0,5,0,0,0,0,0,0,0
